customer_id,first_name,last_name,email,phone,gender,birth_date,signup_date
C000001,Marilyn,Brown,rachel57@example.com,7093462408,Female,1971-08-18,2023-04-16
C000002,Chad,Aguilar,andrewlopez@example.net,(474)841-6894x4096,Male,1955-12-09,2022-12-28
C000003,Julie,Brooks,davisandrew@example.net,755-392-5799,Male,1946-11-30,2025-03-04
C000004,Tiffany,Murphy,thomaspitts@example.com,(582)246-4650x770,Male,1986-11-28,2024-10-18
C000005,Linda,Fox,james17@example.com,(339)839-5875x3305,Female,1993-05-17,2026-03-06
C000006,Alexa,Mills,yperkins@example.net,903.465.3781,Male,1997-02-04,2024-01-14
C000007,John,Russell,stacy01@example.com,969-749-5290x7996,Male,1950-04-22,2022-10-16
C000008,Tony,Martin,jonathan96@example.com,(423)837-4100x63382,Male,1981-01-22,2024-06-07
C000009,Jason,Martin,georgewhite@example.com,8273775781,Male,1992-11-07,2021-12-04
C000010,Thomas,Campos,carlosmcdonald@example.org,+1-814-506-7731,Male,1965-01-08,2022-11-20
C000011,Luis,Guerrero,stephanie57@example.com,001-829-247-4176,Female,2006-02-22,2021-10-10
C000012,Eric,Lopez,evanslori@example.net,496-244-6250x45919,Male,1948-06-11,2022-04-21
C000013,Christian,Lopez,uwhitaker@example.com,6749129220,Female,1988-11-16,2022-12-17
C000014,Sierra,Parker,danielle09@example.org,+1-491-987-0383x6962,Male,1954-07-19,2022-03-04
C000015,Emily,James,vbrooks@example.com,535-954-5503,Male,2007-10-13,2024-08-10
C000016,Gina,Allen,tiffanywells@example.org,001-269-298-6469x04655,Male,1954-11-06,2026-01-27
C000017,Edward,Perez,pthompson@example.org,6018211819,Female,1937-07-06,2026-03-12
C000018,Rebecca,Vargas,lmoon@example.org,001-229-287-5929x81644,Female,2004-10-22,2022-04-02
C000019,Donald,Pratt,smithmark@example.org,854.711.8170x852,Male,1965-05-23,2022-07-16
C000020,Andrea,Cole,alexander41@example.org,9545953059,Female,1936-08-19,2025-03-22
C000021,Jeffery,Ellis,david95@example.net,(935)380-9403x44214,Female,2000-09-26,2024-10-05
C000022,Louis,Thomas,tanyawalls@example.org,393.209.4202x03740,Male,1977-07-28,2024-05-11
C000023,Mary,Porter,dnorris@example.net,001-602-445-1612x06877,Female,1987-09-25,2022-06-03
C000024,Richard,Jones,torreschristopher@example.org,458-946-5061,Male,1972-07-17,2026-05-27
C000025,Betty,Jones,waltermarshall@example.net,669-841-4332x88046,Female,1946-04-17,2022-04-19
C000026,Donald,Shepherd,dreid@example.org,509.842.2887x887,Female,1971-02-17,2023-06-24
C000027,Brett,Lozano,lyonsbrian@example.net,(296)509-1504,Female,1987-01-21,2022-03-25
C000028,Anthony,Stephenson,jonathanhuynh@example.org,828-243-1423x64452,Male,1975-01-19,2024-07-01
C000029,Matthew,Arias,hthomas@example.net,(777)208-1268,Male,1984-07-16,2025-11-01
C000030,Alicia,Wise,darrylmartinez@example.com,425.623.4108x13502,Male,2006-05-02,2024-09-12
C000031,Jennifer,Holden,matthewsrobert@example.org,(827)604-3130,Female,2006-06-03,2023-06-12
C000032,Hannah,Oliver,monica24@example.org,372.773.9379,Male,1941-02-18,2023-05-28
C000033,Lisa,Reyes,kimberly68@example.net,391-287-1179,Female,1951-11-20,2025-10-21
C000034,Frederick,Williams,amyshaffer@example.com,+1-648-784-5911x42306,Male,1958-07-19,2021-12-23
C000035,Deanna,Mann,xcollier@example.org,001-868-885-4207,Male,1947-06-02,2023-05-08
C000036,Brett,Weber,ecooley@example.net,408.889.1430x423,Male,1940-04-17,2026-01-03
C000037,Crystal,Phillips,aburton@example.com,+1-578-637-5306x5185,Female,1952-03-27,2023-04-23
C000038,Edward,Wallace,kevinhill@example.net,776-473-4048,Male,1974-11-13,2024-08-03
C000039,Mitchell,Gutierrez,rodriguezjustin@example.com,+1-465-437-8318,Female,1996-04-26,2023-06-02
C000040,Matthew,Parker,brittany12@example.net,(564)850-1194x362,Female,1976-05-31,2023-03-10
C000041,Danny,Anderson,david18@example.org,630.619.8179x8604,Male,1970-01-15,2022-08-05
C000042,Ian,Moreno,josephjohnston@example.net,+1-573-536-7471,Male,1961-02-01,2022-03-02
C000043,Luis,Elliott,chartman@example.org,570-273-2346x129,Female,1993-05-29,2022-07-03
C000044,Julia,Collins,armstronglance@example.com,(285)440-8277,Male,1948-06-13,2024-01-14
C000045,Lindsay,Wu,cynthiagonzales@example.org,001-270-928-1535x0353,Female,1987-03-11,2024-10-20
C000046,Patrick,Parker,leroymorgan@example.net,764-200-1644x09271,Male,1960-08-11,2023-01-14
C000047,Eduardo,Lucas,dharvey@example.org,518.702.8633x3927,Male,1963-10-31,2024-09-14
C000048,Phillip,Robinson,jasonwright@example.org,(212)814-0446x512,Female,1943-07-07,2022-11-20
C000049,Donald,Carson,robertabbott@example.net,+1-839-449-8587x5482,Male,1947-02-21,2022-01-22
C000050,Andrew,Winters,gregory81@example.org,+1-346-882-7741,Male,1987-03-03,2022-03-26
C000051,Ruth,Taylor,thompsonsamantha@example.org,950-367-4876x9024,Female,1937-07-07,2025-02-24
C000052,Erica,Molina,smithscott@example.net,4723763620,Female,1955-06-25,2024-12-20
C000053,Steven,Fields,jasmine48@example.com,+1-492-216-4170x314,Male,1946-08-11,2022-11-17
C000054,Kelly,Mathews,haysyvette@example.net,794.509.2025,Male,2004-06-24,2023-01-16
C000055,Jeremy,Barrett,shari60@example.net,485.833.3301x55528,Male,1996-10-10,2022-09-20
C000056,Donna,Mckenzie,madison44@example.org,484.431.7578x56801,Female,1976-08-09,2021-12-08
C000057,Theresa,Chan,debra35@example.org,+1-866-531-9345,Female,1997-04-08,2023-08-24
C000058,Cheryl,Watkins,barbara32@example.com,+1-604-521-7337,Female,1968-06-17,2024-09-29
C000059,Shannon,Gould,sbrock@example.net,001-272-614-8112x170,Male,1983-02-25,2023-03-03
C000060,Brian,Jordan,jimmyvasquez@example.org,435.596.2653,Female,1940-09-26,2024-02-11
C000061,Jake,Wilson,ywells@example.net,+1-893-429-6048,Male,1998-03-10,2021-07-29
C000062,Jonathan,Barnes,deborah00@example.net,6072806399,Male,2006-01-29,2023-08-17
C000063,Jonathan,Torres,aaronsmith@example.com,001-300-643-9575x4344,Female,1944-07-26,2024-09-10
C000064,Barbara,Pierce,pamelarodgers@example.org,2926315216,Female,1951-12-13,2024-04-23
C000065,Patricia,Cunningham,jonessierra@example.net,(295)683-1024x361,Male,1983-03-20,2021-08-23
C000066,Justin,Green,bturner@example.org,5162962707,Male,1998-04-03,2026-05-09
C000067,Joshua,Graham,mccarthysean@example.org,272-209-2724,Female,1983-08-28,2025-10-26
C000068,Eduardo,Alvarado,susan29@example.com,914.662.4548x02167,Male,2007-04-19,2021-11-23
C000069,Karen,Vargas,pwhite@example.com,260.900.6044x57594,Male,1952-08-20,2021-09-13
C000070,John,Schwartz,huntjames@example.com,(708)425-0026x651,Female,2005-05-29,2023-07-22
C000071,Morgan,Ford,baldwinchristopher@example.net,5969649218,Male,1971-03-13,2024-07-09
C000072,Carolyn,Rocha,william77@example.org,(718)606-7164,Male,1938-03-05,2025-11-17
C000073,Kyle,Moore,xyoung@example.com,954.834.7224x0515,Male,1974-06-13,2022-01-03
C000074,Samantha,Hansen,angela60@example.org,518.933.6485x571,Female,1960-08-17,2022-05-30
C000075,Daniel,Gomez,markmcpherson@example.com,446.417.6692x4607,Male,1993-11-02,2022-09-02
C000076,Dennis,Juarez,leonardjulie@example.com,(812)381-7007,Male,1998-02-01,2024-05-04
C000077,Michelle,Lawrence,dnelson@example.net,4494657748,Female,1998-09-22,2022-06-12
C000078,Karen,Andersen,destinylarsen@example.com,(911)915-2972x83029,Female,1940-09-11,2024-06-01
C000079,Angela,Simmons,williamsmichelle@example.org,359.943.2450x2726,Male,1949-05-06,2023-07-24
C000080,Christopher,Stewart,jeffreythompson@example.com,001-569-761-4038x8793,Male,2005-11-04,2024-10-12
C000081,Joshua,Hays,jareddunn@example.net,001-317-542-0044x443,Female,1991-01-01,2022-10-31
C000082,Diane,Kennedy,flogan@example.com,+1-404-815-5755x1985,Male,1965-02-01,2026-03-12
C000083,Michael,Guzman,kcurtis@example.org,217.675.0176x0949,Male,1941-04-02,2021-07-30
C000084,Nicole,Rose,mariebarnett@example.com,995-374-7883,Female,1956-02-26,2024-02-14
C000085,Timothy,Powell,leebrian@example.org,7947279328,Male,1968-08-27,2023-10-20
C000086,Adrienne,Ho,barberchad@example.org,(712)652-7462x321,Female,1961-11-16,2025-11-04
C000087,Shannon,Armstrong,xwright@example.net,(943)969-4221,Male,1972-08-06,2024-04-21
C000088,Stephanie,Baldwin,jmoore@example.com,272-629-6023,Female,2007-06-27,2024-11-12
C000089,Robert,Brown,cartersamuel@example.org,+1-846-621-9486x4150,Male,1983-05-31,2026-02-21
C000090,Dawn,Martinez,teresafigueroa@example.com,869-278-4848,Male,1966-06-20,2025-03-05
C000091,Dwayne,Smith,katrinawheeler@example.com,777.629.0090x471,Male,1976-03-06,2022-11-14
C000092,Christopher,Hughes,jramos@example.net,555.484.9669x548,Female,1998-06-06,2025-08-20
C000093,Teresa,Torres,yvonnerojas@example.org,001-605-392-9146x1134,Female,1967-01-19,2024-06-27
C000094,Michelle,Kelley,edwardhayes@example.org,+1-497-777-1120x4790,Male,1962-09-19,2024-01-08
C000095,Nancy,Rosales,xjones@example.org,423.315.8247x9351,Female,1996-06-16,2025-03-12
C000096,Michael,Knight,hernandezanthony@example.org,(910)940-8327x662,Female,2005-04-25,2025-09-11
C000097,Curtis,Peters,nbass@example.com,556.886.9175,Male,2000-03-19,2025-03-25
C000098,Keith,Cole,wproctor@example.net,7858808639,Male,1985-03-01,2024-11-01
C000099,Denise,Hart,bwatts@example.com,249-901-6926x108,Female,2000-06-19,2024-01-31
C000100,Jose,Navarro,kimberly07@example.net,001-518-420-5686,Female,1960-08-30,2025-01-03
C000101,Carlos,Friedman,ramirezrebecca@example.org,+1-436-811-9281,Female,1945-02-07,2022-06-24
C000102,Angela,Chavez,carlsonmichael@example.net,696.670.4922x015,Male,1997-09-08,2026-06-04
C000103,Sarah,Saunders,sheilaferguson@example.net,529.847.3864x15687,Female,1957-02-28,2026-03-24
C000104,Megan,Herrera,vazquezdebra@example.net,320-844-2018x3058,Female,1945-08-11,2025-07-06
C000105,Nathan,Meyers,martinezjohn@example.com,(730)350-8718x708,Male,1961-02-25,2022-08-11
C000106,Jean,Sanchez,olsonstephen@example.org,+1-808-287-5577x98746,Female,1941-06-05,2023-12-25
C000107,Jessica,Murphy,brandyjohnson@example.net,(875)866-4744,Male,1940-12-07,2024-01-11
C000108,Roberta,Baker,ebuck@example.net,+1-891-619-8951x958,Female,1956-09-20,2022-10-18
C000109,Patricia,Bird,anna88@example.net,(225)584-9246,Male,1956-12-13,2025-12-28
C000110,Jesse,Johnson,kaguilar@example.org,297.720.2450,Female,1973-10-13,2022-04-17
C000111,Cole,Patton,chrisjones@example.com,498.279.8652x071,Female,1955-09-08,2021-09-19
C000112,Diane,Wright,joseph83@example.com,+1-350-553-1629x30647,Male,1962-03-29,2023-08-26
C000113,Anna,Pitts,matthew78@example.com,001-605-351-3811,Female,1965-06-15,2021-12-30
C000114,Philip,Mendoza,shahamanda@example.org,+1-800-966-4535,Female,2002-05-27,2021-07-29
C000115,Angela,Novak,dhicks@example.org,767.617.9868x5709,Female,1944-01-02,2024-06-18
C000116,Bryce,King,leebrittany@example.com,543.353.6794x735,Male,1999-06-27,2023-10-12
C000117,Angela,Simmons,michellearroyo@example.org,(550)930-9303x1488,Female,1993-08-25,2021-12-28
C000118,Melinda,Cole,elizabethadams@example.org,+1-480-297-2036x272,Female,1960-12-16,2022-11-20
C000119,Michael,Garcia,andrea09@example.net,334-614-0520x4758,Female,1952-01-30,2023-09-24
C000120,David,Hernandez,michael12@example.net,(542)321-6049x43461,Female,1955-12-14,2025-12-31
C000121,Mallory,Olson,davepeterson@example.org,591-673-4978x746,Female,1964-02-16,2023-07-18
C000122,Justin,Smith,nicholas10@example.net,613.681.9430,Male,1936-05-13,2021-09-03
C000123,Emily,Castillo,thomas04@example.org,941-376-4818x7599,Female,1975-05-18,2023-03-09
C000124,Ronald,Marshall,jacqueline41@example.net,642-751-4288,Female,1988-07-16,2023-10-31
C000125,James,Hayes,jdillon@example.net,876-684-3359,Female,1971-06-01,2021-10-20
C000126,Peter,Evans,smoody@example.net,001-290-864-2563x1160,Male,1964-03-05,2026-07-06
C000127,Andrea,Garcia,fquinn@example.com,3726365838,Female,1999-07-29,2024-08-18
C000128,Peter,Price,caseyvickie@example.com,001-645-728-7148x64498,Male,1968-03-13,2023-09-24
C000129,Jonathan,Hill,troy16@example.org,+1-860-380-4111x279,Male,2004-05-09,2026-02-21
C000130,Teresa,White,william24@example.net,421.947.4878x036,Male,1962-04-22,2021-10-18
C000131,Todd,Hughes,juliecole@example.com,+1-372-509-2787x79849,Female,1986-04-19,2024-10-05
C000132,Sarah,Powell,elizabeth05@example.org,001-421-457-6279x1773,Male,1951-05-27,2021-12-16
C000133,Diana,Johnson,xblackburn@example.org,6887347380,Male,1961-11-14,2026-02-18
C000134,Andrew,Henderson,iadams@example.org,373.920.5076x063,Male,1967-08-09,2021-07-27
C000135,Nicole,Larson,longwesley@example.net,5965966538,Female,1940-10-08,2026-02-17
C000136,Andrea,Hernandez,meltonevan@example.org,001-647-989-8710x0726,Male,1943-11-09,2023-12-02
C000137,Victor,Benson,zacharystewart@example.org,972-459-0990,Male,1958-03-23,2024-06-19
C000138,Whitney,Herman,kevin75@example.com,675-568-6793,Male,1992-04-23,2021-11-20
C000139,Scott,Vincent,davisemily@example.com,+1-219-819-0093x2612,Female,1948-10-06,2025-01-17
C000140,Steve,Davidson,danielmccoy@example.net,959.288.0105,Female,1984-06-05,2021-12-08
C000141,Stephanie,Donaldson,dickersonthomas@example.com,+1-309-292-8360x7055,Male,1942-03-03,2023-09-24
C000142,Angela,Mills,william33@example.net,866.620.9085x53319,Female,1999-04-14,2026-03-12
C000143,Samantha,Knight,laceysalazar@example.com,237-417-4765x9934,Female,1994-06-04,2024-12-29
C000144,Pamela,Winters,shannonflores@example.org,9864413628,Female,1938-02-19,2024-05-03
C000145,Calvin,Mccann,johnswilliam@example.com,001-652-881-4456x6856,Male,1954-02-17,2022-07-23
C000146,Michael,Cline,rparsons@example.org,+1-969-475-8352x1299,Male,1975-05-21,2024-09-19
C000147,Ashley,Jackson,jillbenitez@example.net,(239)696-2947,Male,1957-08-18,2026-03-01
C000148,Heather,Jones,myerssteven@example.org,+1-426-590-1729x971,Male,1967-11-21,2026-01-16
C000149,Kayla,Anthony,manuelmckinney@example.org,001-573-320-4430x2102,Female,1989-12-28,2022-03-14
C000150,Patrick,Anderson,mayandrew@example.com,(281)272-9101x9754,Female,1951-04-03,2022-04-11
C000151,Helen,Thompson,barbaragardner@example.org,+1-427-350-7774x7923,Male,1947-02-06,2023-04-15
C000152,Summer,Cole,sandrawilcox@example.net,552.779.9227x59131,Female,1941-02-20,2022-01-28
C000153,Chad,Nelson,mpetersen@example.com,379.578.1867x5802,Male,2007-08-22,2025-04-18
C000154,Emily,Benton,ericthompson@example.org,+1-386-947-3192x515,Female,2002-12-14,2024-12-19
C000155,Marc,Gonzales,christopher38@example.com,821-471-0811x6222,Female,1955-07-13,2022-02-18
C000156,Jacob,Navarro,matthew82@example.net,414.460.2844x247,Male,1976-01-23,2026-05-15
C000157,Catherine,Benson,jeffreyrosario@example.org,001-395-414-0572,Female,1994-07-10,2023-02-21
C000158,Tina,Richards,sanchezkenneth@example.net,263-372-1334x3360,Male,1986-05-08,2023-11-05
C000159,Matthew,Barr,donnaorr@example.net,603.731.5623x09662,Male,1950-11-24,2022-02-16
C000160,Rodney,Hayes,jasonrubio@example.net,(928)399-3251,Male,1987-06-09,2025-12-16
C000161,David,Simmons,moorejames@example.net,(964)504-8088,Female,1956-01-13,2026-04-21
C000162,Gary,Fisher,kristen94@example.net,(850)501-4207,Female,1995-10-21,2024-08-19
C000163,Todd,Payne,reyesevelyn@example.org,587.788.0683,Male,1983-05-21,2022-04-07
C000164,Paul,Williams,nicholas84@example.com,403.759.9669x4882,Female,1976-05-24,2026-01-28
C000165,Ralph,Roberts,usnyder@example.com,286-772-0523x1116,Male,1936-07-28,2022-11-08
C000166,Kelsey,Williams,tiffany89@example.com,9566127769,Female,1955-09-03,2022-04-26
C000167,Jamie,Simmons,justinbrown@example.net,+1-312-797-6260x7157,Male,1966-03-04,2025-10-25
C000168,Dustin,Williams,romankara@example.com,414.802.7817x2435,Male,1987-01-29,2024-10-17
C000169,Joanna,Taylor,nfoster@example.net,+1-654-722-3592x43838,Male,1938-12-18,2025-04-12
C000170,Shawn,Gonzales,brandonrobinson@example.net,001-250-725-6362,Male,1944-01-07,2026-06-22
C000171,Megan,Frederick,piercewanda@example.org,(601)471-9822x93933,Male,2004-08-06,2021-08-24
C000172,Matthew,Fisher,jenniferking@example.net,720-242-6805x5281,Female,1952-11-15,2023-01-26
C000173,Jessica,Knight,francisdawn@example.org,772-531-9489,Male,2003-10-06,2025-12-15
C000174,John,Cline,smithcurtis@example.net,+1-302-895-6218x2088,Female,1955-09-06,2023-05-13
C000175,Angela,Johnson,ycherry@example.com,(316)370-9443,Male,1998-06-04,2022-03-27
C000176,Joseph,Choi,parkerjose@example.com,001-494-295-8713x910,Male,1942-05-10,2026-04-08
C000177,Stephen,Lee,jennifermiller@example.com,(857)207-1752x1843,Male,1974-11-28,2021-08-03
C000178,Ashley,Taylor,xyu@example.org,351-937-6119,Male,2007-06-02,2024-11-06
C000179,Michael,Thompson,thomasjake@example.net,+1-594-245-8962,Male,1986-08-07,2024-12-10
C000180,Carmen,Rojas,ksnyder@example.org,+1-983-702-7429x18827,Female,1975-11-12,2023-11-19
C000181,Brandon,Roth,petersvicki@example.com,+1-997-379-4411x75981,Male,2007-03-24,2022-03-16
C000182,Gerald,Goodwin,sean36@example.org,353.754.2520,Male,1961-03-21,2025-06-15
C000183,David,Jimenez,johnvega@example.net,4252952685,Male,1991-12-05,2023-12-30
C000184,Timothy,Velasquez,qpeterson@example.org,(902)717-8691x99221,Female,1942-01-30,2021-08-25
C000185,Donald,Arias,gregory53@example.com,+1-208-478-7839x6175,Female,1999-06-23,2025-08-14
C000186,Adrienne,Lucas,mckeeshannon@example.com,321-767-1274x805,Female,1976-04-17,2021-09-14
C000187,Jason,Nichols,rebecca91@example.org,+1-405-808-0946x7573,Female,1983-03-04,2026-03-08
C000188,Ronald,Vaughan,holtmatthew@example.com,6052531669,Female,1987-03-01,2025-07-04
C000189,Colleen,Mercado,bradleykristin@example.com,+1-335-448-7384x75082,Male,1976-06-17,2022-06-25
C000190,Christopher,Bates,hahnshirley@example.com,(507)871-8159,Male,1942-12-21,2025-12-30
C000191,Kelly,Smith,robert59@example.org,(410)809-4238x2104,Female,1966-12-02,2023-04-12
C000192,David,Hall,srivera@example.net,868-215-2226,Male,1982-03-31,2026-06-01
C000193,Albert,Floyd,riverasarah@example.com,668.952.5062,Female,2002-11-16,2025-02-28
C000194,Debbie,Bailey,garciachristopher@example.com,982.818.8896,Male,1980-07-21,2024-04-25
C000195,Sarah,Brennan,baileyjose@example.net,784-845-3974,Male,1994-09-09,2025-01-15
C000196,Teresa,Bailey,bshields@example.net,359.813.8574x7602,Male,1972-06-29,2025-04-26
C000197,Erica,Sims,tracy80@example.org,771.930.8998x3801,Male,1984-03-16,2023-05-04
C000198,Carrie,Hurley,matthewgutierrez@example.net,001-355-946-3609,Female,1961-01-04,2026-06-09
C000199,Cody,Grant,anthonywatson@example.com,+1-333-288-3735x1349,Male,1988-06-18,2023-02-01
C000200,Lynn,Martinez,gtaylor@example.com,(787)910-3446,Male,1965-07-31,2025-03-29
C000201,Heather,Prince,alexacallahan@example.com,(718)550-4589,Male,1946-02-21,2024-05-23
C000202,Stephanie,Lane,nvang@example.net,+1-941-250-0865x71537,Male,1946-08-18,2024-06-06
C000203,Donald,Ward,ujackson@example.com,001-506-439-5041,Male,1951-07-18,2025-01-09
C000204,Erik,Scott,brendabrandt@example.org,(218)264-1969,Female,1999-01-13,2022-07-14
C000205,Kaitlin,Allen,mwhite@example.org,001-250-470-1982x73361,Male,1946-11-07,2025-05-29
C000206,Jessica,Combs,marshallregina@example.net,820.811.7010x91788,Female,1941-03-25,2024-10-07
C000207,Eric,Leon,perkinsrhonda@example.net,844-344-1584,Male,2002-05-17,2024-04-06
C000208,Brent,Gregory,brendapayne@example.net,913-598-1915x36567,Male,1999-04-24,2024-12-24
C000209,Joshua,Ward,jessica43@example.com,802-311-9219x8341,Female,1960-03-05,2024-06-25
C000210,Brian,Knight,ronald63@example.org,+1-621-925-2963x6825,Male,1982-12-28,2022-07-24
C000211,Robert,Bennett,jose04@example.org,520-471-6449x33994,Female,1973-11-14,2025-01-31
C000212,Carrie,Nguyen,joseph70@example.org,294-873-7765x95559,Female,1978-04-30,2022-05-01
C000213,Alexander,Zamora,heathernelson@example.net,(317)664-3387,Female,2006-06-10,2022-08-06
C000214,Shelly,Walker,richardlamb@example.com,409-984-7150,Female,1998-06-18,2023-12-23
C000215,Colton,Bridges,pmorris@example.org,+1-644-637-0794x7053,Female,1977-06-20,2024-12-02
C000216,John,Mendez,rgonzalez@example.com,001-635-806-7663x91181,Female,1993-07-29,2022-03-25
C000217,Catherine,Miles,abigailgonzalez@example.com,(885)717-0547x27271,Male,1947-06-09,2024-04-24
C000218,Richard,Freeman,crystal58@example.net,001-351-915-6461,Male,1974-10-03,2024-03-21
C000219,Donald,Anderson,chad97@example.net,237-897-9307x73291,Male,1968-09-01,2024-08-05
C000220,April,Bishop,katrina36@example.org,847-693-7912x5500,Female,1943-05-13,2025-11-28
C000221,Kayla,Reynolds,lcox@example.net,489-451-1375,Female,2007-06-13,2021-11-09
C000222,Lisa,Patterson,christy71@example.org,(903)411-3868x857,Male,1956-07-12,2023-01-04
C000223,Olivia,Horne,brandonerickson@example.org,001-333-439-6049x57612,Male,1995-08-19,2022-03-18
C000224,John,Johnson,shelly55@example.com,(571)488-2701x609,Female,1998-12-07,2023-07-26
C000225,Amanda,Ward,huntdominique@example.net,+1-949-696-5708,Male,1958-12-17,2023-12-18
C000226,James,Thornton,susangreen@example.com,6615108835,Male,1965-06-15,2024-12-20
C000227,Gary,Watkins,jschultz@example.org,(277)526-1989x68598,Male,1942-01-06,2023-05-06
C000228,Angel,Fleming,kimjefferson@example.com,220.592.4809,Female,1957-07-31,2024-04-24
C000229,Steven,Brown,miguelvega@example.com,876-887-1115,Female,1947-03-06,2023-08-10
C000230,Lacey,Davis,udiaz@example.org,476-463-8089x768,Male,1952-10-26,2023-11-13
C000231,Jared,Green,cynthiarobinson@example.org,+1-694-861-6066,Female,1978-07-14,2024-01-10
C000232,Julie,Flores,michael71@example.org,539.541.7981,Female,1951-04-09,2024-07-14
C000233,Laura,Haney,martinezjamie@example.org,001-567-863-2143x004,Male,1968-09-30,2022-07-14
C000234,Robert,Weber,karen74@example.org,(883)694-5985x4192,Male,1941-11-20,2024-09-02
C000235,Travis,Cobb,fdickerson@example.org,(578)358-3403,Female,1939-10-03,2022-12-15
C000236,Scott,Walls,justin24@example.com,723.333.7127x68825,Male,1943-09-27,2023-11-07
C000237,William,Johnson,jsmith@example.com,466.941.5469,Female,1940-06-15,2021-12-24
C000238,Mark,Johnson,wwilliams@example.net,339-922-3485,Male,1983-08-31,2024-08-21
C000239,Alexander,Perez,jeremygray@example.org,001-579-367-9739x886,Male,1936-01-29,2024-07-24
C000240,John,Davis,david75@example.net,001-478-571-5404x342,Female,1955-07-29,2025-06-17
C000241,Emily,Brown,anthony98@example.org,591.707.7216x1094,Male,1974-11-18,2025-10-15
C000242,Robin,Hart,christopherpacheco@example.com,748.617.9567,Male,1964-02-29,2022-03-21
C000243,Margaret,Goodwin,kfuller@example.com,483-531-7713x9125,Male,1993-05-07,2023-06-26
C000244,Anthony,Hunter,kalexander@example.net,815.424.5978,Male,1939-10-15,2021-11-21
C000245,Lisa,Potter,qtucker@example.com,467.589.0469x2253,Female,1976-08-25,2025-12-21
C000246,Lisa,Moore,rosenatalie@example.net,599-929-1792,Male,1957-06-06,2022-09-13
C000247,Sean,Davis,christina94@example.org,+1-907-619-7079,Male,2008-04-26,2022-12-23
C000248,Christine,Carson,richard75@example.net,+1-683-860-4822x2046,Male,1950-11-29,2025-06-22
C000249,Robert,Curry,erica61@example.net,225.815.7075,Female,1959-01-06,2024-09-14
C000250,Kayla,Lewis,ohanson@example.com,637.488.9618,Male,1976-03-02,2025-10-18
C000251,Jacqueline,Nelson,matthew87@example.org,235.709.6166,Female,2005-05-09,2023-05-17
C000252,Stephanie,Santiago,melissaanderson@example.net,360.758.9771,Female,1985-08-28,2024-07-26
C000253,Emily,Ballard,timothycollins@example.net,+1-550-493-6539x6989,Male,2001-04-20,2026-04-17
C000254,Shelley,Walter,karen44@example.net,497-831-0681x400,Female,1962-07-03,2023-05-27
C000255,Chad,Brown,brianweaver@example.org,(888)428-3695x5048,Female,1965-07-21,2021-11-07
C000256,Candice,White,hornjoanna@example.com,9779254021,Male,1961-04-27,2021-07-07
C000257,William,Phillips,tuckernancy@example.org,376-261-7270x9071,Male,1938-10-18,2023-10-19
C000258,Andrew,Washington,kristinewarren@example.org,001-879-273-8735x99979,Female,1965-04-07,2023-03-02
C000259,Thomas,Smith,urobles@example.net,773-353-9520x515,Male,1954-10-05,2025-04-27
C000260,Paul,Holt,hughesdavid@example.net,001-514-866-1449x65449,Male,1938-01-29,2022-03-30
C000261,Eric,Huff,glennle@example.net,(399)897-7708,Male,1983-10-05,2022-02-22
C000262,Christopher,Mccullough,bmartinez@example.net,(823)551-5831x608,Female,1973-12-21,2025-09-19
C000263,Amanda,Malone,omar04@example.com,001-647-312-0134x3105,Female,1990-11-29,2021-12-08
C000264,Denise,Garcia,marie11@example.org,277.233.5542,Male,1987-01-11,2022-07-31
C000265,Kristin,Thomas,curtis98@example.net,001-319-576-2526x6992,Male,1988-07-24,2025-11-07
C000266,Samantha,Davis,richard82@example.org,001-737-250-8551x882,Male,1989-04-24,2026-05-01
C000267,Tammy,Reid,dnoble@example.net,(530)429-3691,Male,1938-09-22,2023-03-29
C000268,Lisa,Waters,catherine65@example.org,460.753.6468x6605,Male,1951-09-25,2023-05-03
C000269,Robert,Frye,seanalvarez@example.org,469-631-2609,Male,2008-01-10,2021-11-28
C000270,Jessica,Friedman,vmills@example.com,001-800-368-9711,Female,2007-10-15,2026-06-24
C000271,Michael,Davis,johnsonpaul@example.net,927-641-6988x3001,Male,1983-04-07,2024-02-11
C000272,Patty,Mcbride,devin43@example.com,+1-693-364-8862x19225,Female,1977-11-15,2023-12-03
C000273,Gloria,Harrison,alexis69@example.net,(374)791-2210,Female,1961-04-07,2022-01-16
C000274,Michael,Strong,kristenreyes@example.net,356-309-0614x490,Male,1964-02-06,2023-03-27
C000275,Austin,Compton,ccox@example.com,695.710.3643,Female,1999-08-19,2022-08-31
C000276,Scott,Smith,lucasgina@example.net,001-313-354-6077x3809,Female,1950-12-18,2026-04-01
C000277,Ronald,Short,kevin04@example.org,(343)602-9469,Male,1988-01-12,2026-07-02
C000278,Mark,Chavez,cdixon@example.com,936-936-1427x19876,Female,1964-07-12,2025-04-13
C000279,Andrew,George,hansondustin@example.org,2703506400,Male,1957-06-19,2021-11-14
C000280,Alejandro,Flores,briana79@example.org,001-707-606-3552,Male,1997-04-09,2022-01-14
C000281,Kimberly,Baker,bowersrachel@example.com,+1-675-393-3538,Male,1988-06-27,2022-09-16
C000282,Chad,Chapman,jasonsmith@example.org,(625)848-4233x6019,Female,1996-07-13,2024-12-31
C000283,John,Miller,jamesanderson@example.com,001-972-499-3266x135,Female,1984-12-26,2025-05-19
C000284,Gloria,Gonzalez,garrettgutierrez@example.org,(322)310-8776x65243,Male,2005-08-02,2023-07-05
C000285,Preston,Anderson,lcooper@example.org,7692224810,Female,1939-05-06,2024-06-07
C000286,Ronald,Kim,emiller@example.com,752.653.3792x01953,Male,1942-10-21,2022-12-26
C000287,Jason,Cooper,benjamin69@example.net,(939)931-6315x8889,Male,1988-06-02,2025-02-20
C000288,Melissa,Douglas,richardcannon@example.com,921-283-9707x9410,Female,1976-11-21,2024-08-08
C000289,Andrea,Mitchell,xrojas@example.net,(259)694-8178x77375,Female,1994-04-08,2021-08-01
C000290,Brad,Long,andrew36@example.net,+1-599-234-0055,Male,1981-11-20,2025-03-12
C000291,Janet,Ellis,michael85@example.net,001-627-729-1154x739,Male,1988-11-20,2026-06-24
C000292,Eric,Davis,hernandezjohn@example.net,763.345.9407,Male,1953-06-25,2023-09-09
C000293,Amy,Meyer,kristen00@example.org,(882)278-5013x2227,Male,2005-04-25,2025-06-28
C000294,Travis,Murphy,chaneykimberly@example.org,447-468-2359x979,Male,1985-08-27,2024-04-10
C000295,Nicholas,Hendrix,leonjoshua@example.com,665.814.2675,Male,1994-09-15,2023-05-04
C000296,Jason,Williams,wpetersen@example.net,605.898.7513,Female,2002-03-05,2024-11-22
C000297,Kelly,Pittman,lewisdavid@example.com,566-769-6493x9727,Male,1943-11-03,2024-10-20
C000298,Elizabeth,Lane,vegamargaret@example.net,264.693.7794,Female,1997-05-27,2024-05-17
C000299,Nicholas,Best,milesstacy@example.net,(670)764-1399x195,Male,1968-06-14,2023-07-10
C000300,Miranda,Johnson,ryan19@example.com,+1-475-444-7627x6945,Male,1950-08-03,2022-09-21
C000301,Laura,Morrison,jacob73@example.com,(266)527-3322x89026,Female,1996-12-14,2023-10-10
C000302,Erica,Joseph,mchristian@example.net,+1-481-473-5953,Female,1979-05-07,2025-04-21
C000303,Jason,Gordon,fuenteslee@example.org,(988)216-9008x87972,Male,1968-10-11,2024-02-07
C000304,Brianna,Gonzalez,jasondavis@example.com,506-550-2617x51332,Female,1979-10-22,2023-12-06
C000305,Phillip,Gibson,williamslisa@example.org,(703)676-4690,Male,1941-06-06,2026-02-18
C000306,Barbara,Rodriguez,peterclarke@example.com,+1-661-402-0853x84409,Male,1985-02-20,2025-03-21
C000307,Lori,Morrow,renee54@example.net,771.363.4725x122,Male,1960-11-22,2022-06-28
C000308,Vickie,Henderson,linda82@example.org,(651)652-7163,Female,1958-11-23,2023-07-03
C000309,Erika,Powell,allenangela@example.net,(827)557-6859,Male,1973-02-02,2024-03-05
C000310,Marcia,White,iprice@example.org,858-375-4798,Female,1966-09-15,2021-09-29
C000311,Pamela,Ellis,cassandra15@example.net,831-422-5516,Female,1994-01-07,2024-04-18
C000312,Victor,Mclean,alice92@example.org,001-752-789-3115x858,Female,1986-01-29,2023-06-14
C000313,Steven,Caldwell,phumphrey@example.org,(388)253-3198x58348,Male,1997-08-26,2026-06-05
C000314,Hannah,Rodriguez,mariahall@example.org,(351)291-0646x95800,Male,1981-04-27,2025-06-12
C000315,Douglas,Schaefer,langchristina@example.org,001-703-210-6226,Male,1966-12-18,2022-09-13
C000316,Leslie,Harrison,robert66@example.net,001-275-217-4191x51016,Female,1961-03-14,2023-04-26
C000317,Brian,Floyd,nicholsondavid@example.org,633.777.4309,Male,1959-07-31,2024-07-26
C000318,Deborah,Ortiz,matthewgray@example.org,245-775-3867,Female,1953-06-15,2025-07-13
C000319,Cindy,Ramos,iwhite@example.org,971.460.8993,Female,1954-02-17,2022-08-22
C000320,Jeffrey,Gould,christopherhodges@example.com,(320)262-6208,Female,1992-11-02,2021-11-23
C000321,Sandra,Griffin,heathermitchell@example.org,001-261-202-1469x620,Male,1940-01-28,2022-11-12
C000322,Joe,Hooper,robertking@example.org,924.216.3391,Female,1991-07-22,2025-01-08
C000323,Nicole,Harris,christinagilmore@example.net,(947)260-1482,Male,1947-03-28,2024-12-19
C000324,Heather,Rogers,rebeccabell@example.net,+1-843-350-5475x7625,Male,1950-11-26,2026-06-08
C000325,Amanda,Farmer,smithmolly@example.org,001-728-316-1552x57175,Female,1954-04-20,2021-09-25
C000326,Julie,Ryan,gonzalezcarolyn@example.net,(563)515-2596x3997,Female,1979-08-26,2025-06-24
C000327,Rebecca,Thompson,brettsalas@example.org,566-241-9165,Female,1983-04-13,2024-09-27
C000328,Mary,King,olewis@example.net,001-598-393-3230x9761,Female,1965-03-06,2022-06-24
C000329,Claudia,Vargas,nicole35@example.org,+1-266-580-2261x0598,Female,1984-11-28,2024-04-01
C000330,Allen,Simmons,wagnerwilliam@example.net,001-566-209-4493x58831,Female,1978-04-24,2026-06-20
C000331,Daniel,Nelson,michelle58@example.org,2455959830,Male,1960-04-09,2021-08-01
C000332,Lori,Rivera,travis57@example.net,001-362-313-7103x112,Male,1954-10-26,2023-02-12
C000333,Heather,Ramsey,kenneth03@example.org,+1-851-804-6285,Male,1983-08-17,2023-05-20
C000334,Brittany,Donovan,abigailmeyers@example.com,+1-392-675-9210x283,Male,1969-04-19,2025-03-10
C000335,Rachel,Scott,rodneyparker@example.net,+1-851-945-6127x490,Female,2003-10-25,2023-10-16
C000336,Brent,Baker,michael60@example.net,312.836.0613,Female,1947-04-25,2024-06-12
C000337,Amanda,Harris,wsmith@example.org,6263131545,Female,1973-11-27,2025-11-18
C000338,Rose,Wood,dianemontgomery@example.org,5319039792,Female,1938-12-01,2024-08-07
C000339,Michele,Torres,hwallace@example.com,278.688.5823x724,Male,1982-09-05,2023-07-22
C000340,Janet,White,vsullivan@example.com,211.769.5729x116,Female,1991-04-20,2022-12-20
C000341,Jennifer,Coffey,yolandaramirez@example.net,892-504-5050x02565,Female,1982-08-16,2025-01-28
C000342,Lisa,Malone,frobinson@example.net,5357884350,Female,1993-08-31,2022-11-12
C000343,Kevin,Hansen,melissasexton@example.net,5649847420,Female,1945-01-11,2023-11-13
C000344,Jennifer,Gonzalez,pyates@example.com,+1-531-982-0694x967,Male,1936-07-22,2026-05-06
C000345,Dylan,Carter,nicholas65@example.org,+1-713-890-2982,Female,1939-08-10,2026-02-12
C000346,Alice,Foley,mackenziewilcox@example.net,001-457-480-6306x62510,Female,1994-12-15,2023-06-23
C000347,Bradley,Valenzuela,levinesarah@example.com,633-490-3406x1752,Male,1955-07-29,2026-03-11
C000348,Jennifer,Werner,bhill@example.net,335.942.8597x034,Male,1970-12-11,2021-11-01
C000349,Eric,Dean,lindsay04@example.org,377-535-7407,Female,1949-06-18,2024-04-24
C000350,Melanie,Swanson,andrea41@example.com,(692)779-2425,Male,1943-06-23,2022-09-16
C000351,Gregory,White,coleholt@example.org,(423)510-2699,Male,1997-07-27,2023-01-27
C000352,Kenneth,Roberson,yfreeman@example.com,(489)378-6098,Female,1979-11-13,2024-03-15
C000353,Hannah,Duncan,katie20@example.com,001-572-463-4035x1782,Female,1961-05-25,2022-03-22
C000354,Michelle,Jones,johnjohnson@example.com,+1-367-982-7244x695,Male,1953-10-29,2025-07-13
C000355,Melissa,Leach,fwest@example.com,(939)343-4220,Female,1983-01-10,2023-10-25
C000356,Brooke,Evans,ktaylor@example.net,653-622-1793x3795,Female,1954-12-13,2024-03-12
C000357,Tony,Santos,brianweaver@example.org,(432)893-9276,Male,2003-01-10,2026-03-04
C000358,Vanessa,Cooper,calebfarmer@example.net,508.223.7290,Male,1939-06-09,2022-01-09
C000359,Bryan,Chavez,mcphersonsandra@example.com,250.559.6694,Female,2006-03-02,2025-11-17
C000360,Lori,Murray,mathisbrandon@example.com,789-206-8629x1715,Male,1967-04-29,2023-11-04
C000361,Tina,Powell,nfreeman@example.com,001-979-597-0719x122,Female,1959-12-23,2022-04-09
C000362,Paul,Jenkins,sharonpierce@example.org,575.942.4297,Female,1992-08-26,2025-11-17
C000363,Donald,Floyd,briancobb@example.com,5888838193,Male,1963-02-09,2022-01-07
C000364,Michael,Rodriguez,jose01@example.net,+1-628-459-6087x084,Male,1941-08-18,2022-03-01
C000365,Daniel,Holmes,john59@example.org,+1-748-902-3516x4745,Female,1990-04-10,2026-05-22
C000366,Anthony,Smith,jessebarnes@example.net,216-628-7940,Female,1983-07-21,2025-01-09
C000367,Alejandro,Buchanan,frederickdana@example.com,863.599.8497,Male,2006-06-13,2025-09-20
C000368,Sean,Morse,shanewebster@example.net,249.265.0411,Male,1964-09-27,2025-10-21
C000369,Pamela,Lee,xcarpenter@example.net,509.688.1187,Male,1980-06-26,2025-12-02
C000370,Steven,Carney,lsmith@example.com,(924)954-6654,Male,1977-08-29,2025-10-07
C000371,Michael,Riddle,wiseamy@example.com,629-261-7397x89037,Female,1970-12-17,2022-11-07
C000372,Luis,Anderson,sheila45@example.net,990-207-3455x2936,Male,1996-05-08,2024-08-25
C000373,Lucas,Vaughn,josephpowell@example.org,306.705.0759,Male,1975-08-31,2024-04-29
C000374,Bianca,Manning,davisdominic@example.net,(610)593-5341,Male,2003-11-21,2024-10-22
C000375,Jonathan,Carter,youngkristine@example.net,(819)316-7502,Female,1984-02-06,2022-05-21
C000376,Samuel,Goodman,joel87@example.com,+1-804-643-6434x34320,Male,1954-07-01,2023-06-03
C000377,Seth,Woodard,tinagibson@example.org,(451)828-3145x05386,Female,1980-03-13,2022-05-17
C000378,Melissa,Allen,kspencer@example.net,327.543.6637x52966,Female,1972-11-11,2026-04-17
C000379,Michael,Parker,andrew17@example.net,001-587-688-7225x7846,Male,1957-03-16,2025-04-14
C000380,Melissa,Miller,ochapman@example.net,+1-310-635-7866,Female,1953-10-27,2026-05-12
C000381,Mary,Smith,daniellee@example.com,+1-469-418-7277,Male,1948-12-10,2023-06-15
C000382,Lauren,Harris,williamberry@example.org,569-828-7580,Female,1976-03-09,2023-01-11
C000383,Christopher,Whitaker,gravesjessica@example.org,9245632950,Male,1963-07-26,2024-10-01
C000384,Michael,Bailey,julian61@example.net,(980)261-5300,Female,1967-10-30,2021-08-11
C000385,John,Douglas,alvaradonathan@example.net,279.937.1170x05620,Female,1995-10-02,2025-07-23
C000386,Brett,Horton,davisnatasha@example.org,570-660-6497x5460,Male,1968-04-08,2022-01-25
C000387,Jeffrey,Smith,kathy22@example.com,001-709-670-4687,Male,1965-04-02,2025-03-28
C000388,Mary,Leonard,anna10@example.org,599.869.4497x8962,Male,1953-11-29,2023-01-12
C000389,Samantha,Moyer,hamptoncrystal@example.org,+1-975-763-7002x853,Male,1998-04-26,2021-11-10
C000390,Kaitlyn,Shelton,mcdonaldcharles@example.org,618.930.3252x699,Female,2004-04-06,2022-05-01
C000391,Scott,Holt,charlenesandoval@example.net,+1-716-861-5937x546,Male,1959-04-05,2025-02-20
C000392,James,Fry,kennethgeorge@example.com,820-658-9216x853,Male,1956-03-15,2023-04-21
C000393,Charlene,Cortez,gary23@example.org,+1-441-644-6944x848,Male,1978-08-30,2023-02-11
C000394,Danny,Patton,gbrown@example.net,745.464.5955x3828,Female,1971-01-25,2022-05-10
C000395,Nicholas,Dean,dawn94@example.org,+1-653-382-5589,Female,1966-03-02,2022-05-19
C000396,Richard,Willis,zgreene@example.org,001-535-228-8675x83303,Male,2004-05-28,2025-02-24
C000397,Michael,Lindsey,sandrasingh@example.com,984-350-7922,Female,1973-03-28,2025-06-26
C000398,Reginald,Miller,jennifer97@example.net,794-631-3923x80400,Male,1938-07-04,2026-02-22
C000399,Sherri,Hatfield,stacyparker@example.org,(886)257-1406,Female,1996-03-13,2022-01-16
C000400,Angela,Townsend,johnsonbridget@example.net,001-896-798-2440x70860,Female,1965-02-21,2022-04-09
C000401,Justin,Walsh,david47@example.net,798-754-3130x05235,Male,1988-03-31,2023-05-05
C000402,Erin,Barnes,nharrison@example.org,001-690-679-5383x83001,Male,1972-04-25,2025-04-28
C000403,Amanda,Johnson,daniel52@example.org,413-486-4685x012,Male,1954-02-23,2022-05-16
C000404,Diana,Franklin,stevenpatel@example.org,001-512-394-7085x060,Female,2000-11-11,2024-12-21
C000405,Eric,Lewis,rjackson@example.net,260-512-4136x93695,Male,1990-03-13,2023-06-05
C000406,Austin,Dickerson,stoutkristen@example.com,228.623.8632,Male,2002-06-04,2026-03-17
C000407,Melissa,Davis,smullen@example.net,001-541-610-8906x080,Female,1958-06-30,2025-06-17
C000408,Michael,Jones,yedwards@example.com,001-249-279-1106,Male,1959-10-01,2022-10-04
C000409,Amanda,Thomas,kennethrussell@example.net,7038093354,Male,1993-06-28,2022-07-25
C000410,Kenneth,Adams,griffinkatie@example.com,(571)876-9581x59047,Female,2008-01-09,2021-12-09
C000411,Margaret,Garcia,traceyparrish@example.org,001-840-540-1768x60139,Female,1964-06-22,2022-11-16
C000412,Ricardo,Wilcox,mccoynathaniel@example.org,819.910.2859x595,Male,2002-07-27,2025-02-16
C000413,Tina,Hayes,tsuarez@example.com,6512599178,Male,1982-05-16,2025-11-17
C000414,Renee,Maldonado,chavezjuan@example.com,(389)282-0176,Female,1999-10-21,2025-10-16
C000415,Ashley,Gordon,walkerjohn@example.com,+1-864-835-3690x48501,Female,1962-03-03,2021-11-27
C000416,Gregory,Duncan,timothy53@example.org,6623601918,Male,1943-06-19,2023-08-22
C000417,Michael,Thomas,penatasha@example.net,6306194617,Female,1975-04-12,2024-04-23
C000418,Matthew,Austin,justinhaynes@example.com,9852362790,Male,1950-07-20,2022-03-20
C000419,Daniel,Burch,marcuscampbell@example.com,961.727.8325x4313,Female,1938-09-04,2021-11-21
C000420,Gabriela,Ward,hessjessica@example.org,563-229-7547,Female,1959-10-20,2023-07-27
C000421,Kimberly,Taylor,oallen@example.net,001-406-739-3870x86649,Female,1978-05-08,2023-10-13
C000422,Margaret,Parker,tortiz@example.com,001-568-737-3463,Male,1974-08-03,2024-11-30
C000423,Elizabeth,Gomez,terrystephanie@example.com,(854)316-6173,Male,1972-12-11,2024-06-16
C000424,Matthew,Walker,lmoreno@example.com,5588501601,Female,1953-01-26,2023-02-22
C000425,David,Cruz,michelle77@example.net,556-450-5795x936,Female,1991-02-23,2024-06-23
C000426,Paula,Harris,hansensusan@example.org,987.832.6177,Male,1993-12-04,2021-08-12
C000427,Victor,Beck,ajones@example.com,+1-952-664-3753x2059,Male,1958-11-13,2024-05-08
C000428,Joshua,Wu,xhowell@example.org,001-680-901-6265x422,Male,1976-08-20,2023-09-13
C000429,Carl,Perry,caitlinvalencia@example.com,536.600.0918,Male,1967-08-08,2025-10-10
C000430,Patrick,Rodriguez,lopezlisa@example.com,001-866-652-7677,Male,1944-07-03,2024-08-10
C000431,Sonya,Rivera,ashleywells@example.com,484-699-8860,Male,1946-04-19,2022-08-20
C000432,Rebecca,Mckenzie,apowers@example.com,621.665.3951,Female,1965-12-22,2024-06-27
C000433,Brandon,Sullivan,allenreed@example.net,+1-289-688-8138,Female,2001-01-27,2023-02-20
C000434,Destiny,Watson,halesylvia@example.com,927-617-8732x645,Male,1998-06-21,2025-07-25
C000435,Mckenzie,Alvarez,jonathan90@example.com,4297783968,Female,1986-09-14,2024-07-06
C000436,Samantha,Hill,onguyen@example.net,944-823-3729,Female,1983-08-14,2024-10-13
C000437,Katherine,Nelson,brandon34@example.com,5515457652,Female,1991-11-11,2022-02-11
C000438,Dustin,Sanchez,jillianliu@example.org,984-481-2071x005,Male,1984-04-21,2025-11-08
C000439,Charles,Bailey,qromero@example.net,001-911-819-8857,Female,1935-12-18,2024-03-04
C000440,Kelly,Church,qwells@example.net,618.637.3471x972,Male,1964-07-12,2022-08-26
C000441,Samuel,Sullivan,williamsaaron@example.com,620.208.1007x86387,Female,1978-11-01,2025-02-06
C000442,Sheri,Reyes,robertphillips@example.org,001-593-637-3871x12495,Male,2005-09-23,2024-10-31
C000443,Elizabeth,Diaz,eblack@example.com,+1-832-491-7548,Female,1948-05-22,2021-12-15
C000444,Travis,Cardenas,elizabeth75@example.com,+1-343-701-2272x997,Male,1960-03-23,2026-01-04
C000445,Allison,King,walshchelsea@example.com,(892)668-2452x9438,Male,1993-05-17,2021-12-15
C000446,Kevin,Vega,zaguilar@example.org,+1-908-554-3487x309,Male,1972-09-04,2025-01-03
C000447,Melissa,Blevins,pamela28@example.com,001-351-978-4030x36023,Male,1945-05-23,2023-06-10
C000448,Danielle,Williams,debra05@example.net,(649)750-9828,Female,1995-02-02,2025-10-02
C000449,Michael,Sloan,hughescalvin@example.net,+1-605-213-8501x21389,Female,1937-11-03,2023-12-23
C000450,Joe,Shaffer,kathryngonzales@example.net,(741)444-1399,Female,1978-05-27,2022-03-14
C000451,Barbara,Green,elizabeth71@example.net,228.419.1999x02606,Female,1972-07-10,2024-08-10
C000452,Samantha,Montoya,bruce69@example.com,001-446-712-8218x8762,Female,2001-03-25,2024-11-13
C000453,Savannah,Williamson,charlenelarson@example.org,+1-236-975-2158x1493,Female,1988-12-15,2024-03-15
C000454,Jeffery,Alexander,wjackson@example.org,783-946-5409x61880,Female,1983-06-07,2022-09-29
C000455,Brooke,Little,kelly31@example.org,+1-375-472-0604x7142,Female,1975-07-11,2023-03-25
C000456,Robert,Santos,pamelahernandez@example.com,001-293-503-9634x42630,Female,1944-01-31,2026-01-27
C000457,Ronald,Arnold,carolmueller@example.net,749.798.1702,Female,1944-08-22,2025-11-26
C000458,Ryan,Mccoy,wilsonrick@example.com,5967377850,Male,2008-02-03,2024-07-13
C000459,Christopher,Raymond,itravis@example.com,4835391332,Male,1965-08-04,2024-03-06
C000460,Tara,Roman,kthomas@example.org,+1-545-333-0067x49493,Male,1953-03-14,2022-01-10
C000461,Kimberly,Warren,ztyler@example.net,(704)991-3973x50803,Male,1977-04-24,2023-01-10
C000462,Christopher,Nguyen,camachowesley@example.com,(307)409-3420,Male,1962-09-18,2021-09-11
C000463,Matthew,Wright,edwardhooper@example.com,(788)983-5018x9799,Male,1943-07-28,2026-03-08
C000464,Hailey,Neal,iwalker@example.org,001-430-703-0606x2379,Female,1999-08-08,2023-10-13
C000465,Adam,Perez,ginahill@example.org,880.725.3887,Female,1936-12-10,2026-04-05
C000466,Jeffrey,Hancock,ashley89@example.org,508-245-0223x4614,Male,1962-02-17,2023-05-26
C000467,Elizabeth,Whitaker,jonathanmcclain@example.net,001-481-936-3135x81500,Male,1977-01-29,2022-01-20
C000468,Tara,Kemp,taylorsamantha@example.net,001-764-313-9523x1539,Female,1971-04-21,2021-12-12
C000469,Katherine,Santos,iberger@example.net,(444)986-2001x077,Male,1979-08-10,2021-11-15
C000470,Martin,Stewart,sharpteresa@example.com,+1-318-390-1484,Male,1984-07-14,2025-09-17
C000471,Daniel,Smith,callen@example.net,451.429.9518x913,Male,1972-07-04,2023-11-07
C000472,Dana,Adkins,jillrobinson@example.com,747.290.7112x947,Male,2002-01-06,2021-09-14
C000473,Susan,Murphy,carl22@example.net,+1-766-475-1585,Male,1979-03-01,2021-08-30
C000474,Sarah,Smith,dsmith@example.org,(997)759-9565,Female,1963-09-11,2021-12-12
C000475,Ashley,Collins,martinezangela@example.net,001-332-625-5499,Female,1991-05-06,2024-08-19
C000476,Stephanie,Allen,michael18@example.com,368.936.4889x0792,Male,1985-11-16,2025-06-07
C000477,Carrie,Gregory,cynthiafitzgerald@example.net,508.285.9629,Female,1989-07-12,2023-06-27
C000478,Tiffany,Jones,cruzcheryl@example.org,001-531-235-6906,Female,1971-09-01,2021-11-22
C000479,Jacob,Johnson,brandi30@example.com,9317994088,Male,1956-06-29,2023-10-18
C000480,Marc,Solomon,eric69@example.com,920.468.8176x19993,Male,1944-01-26,2024-06-14
C000481,Jasmine,Macias,irobinson@example.org,+1-486-358-3490x41865,Female,1977-10-24,2022-07-11
C000482,Adam,Smith,carolinegreen@example.com,689-984-2512x418,Female,1936-06-21,2026-01-11
C000483,Cynthia,Fisher,joseph31@example.org,001-798-905-4841x59664,Female,2000-03-04,2022-09-28
C000484,Marcus,Johnston,ygutierrez@example.net,001-270-237-9564,Female,1946-10-23,2022-09-19
C000485,Christina,Gibson,paularhodes@example.org,655-756-5286,Male,1967-11-11,2024-02-01
C000486,Hannah,Byrd,megandonovan@example.org,001-412-521-4865,Female,1976-05-07,2025-04-30
C000487,Mark,Brown,jerrybullock@example.com,(940)825-2812,Female,1971-11-25,2026-01-26
C000488,Emily,Lowe,david13@example.org,+1-367-373-4379x2668,Male,1969-12-26,2024-11-14
C000489,Shawn,Crawford,barnescraig@example.org,(274)575-0444x990,Female,1953-02-21,2026-03-05
C000490,Leslie,Hull,todd62@example.net,779.350.4645x9162,Female,1956-08-25,2024-10-31
C000491,Ronald,Walker,sharpcarlos@example.net,+1-982-600-6843x7577,Male,1947-06-13,2026-06-09
C000492,Hannah,Wilson,ellen12@example.com,309-761-0728,Male,1936-06-04,2023-10-04
C000493,Cindy,Tucker,taylor79@example.net,001-631-713-4289,Female,1980-06-26,2024-01-03
C000494,Linda,Mcfarland,hughesmadeline@example.net,220.778.5863x7438,Female,1981-01-03,2022-11-16
C000495,Jamie,Stafford,ubrown@example.org,954.813.1188x18707,Male,1990-01-09,2023-07-03
C000496,Laura,Brown,lhodges@example.org,349-857-9050x583,Male,1938-12-27,2026-03-19
C000497,Gregory,Hill,bradshawsara@example.net,281-488-7599x03428,Male,1940-06-17,2021-07-28
C000498,Aaron,Rodriguez,gonzalezamy@example.net,(660)554-5868,Male,1969-10-14,2024-07-19
C000499,Amy,Hines,xwatkins@example.com,(950)804-4071x81554,Male,1981-11-03,2024-11-20
C000500,Lisa,Vazquez,lopezmaria@example.org,615-775-1638,Female,1980-09-04,2023-12-08
C000501,Maria,Yu,laura55@example.org,(409)714-8813x95751,Male,1998-05-04,2022-01-25
C000502,Patricia,Mcdaniel,pgray@example.org,746-572-2366,Male,1953-09-24,2024-10-27
C000503,Misty,Maxwell,andrewssusan@example.com,001-307-237-6903,Female,1985-06-08,2024-07-02
C000504,Sarah,Gonzalez,angelamoon@example.com,339-332-2997,Female,1963-01-11,2022-01-09
C000505,Sarah,Arias,ryan19@example.net,260-452-9298x284,Female,1945-06-30,2024-10-24
C000506,Sarah,Rodriguez,wthompson@example.org,276-388-5580x77618,Male,1986-02-05,2025-11-17
C000507,Daniel,Allen,jimmyreyes@example.org,001-609-973-9644x2157,Male,1961-06-28,2026-05-06
C000508,Linda,Sanchez,kmiller@example.com,+1-846-284-7362x7998,Male,1968-05-04,2024-12-05
C000509,Melinda,Mcdonald,marquezmelissa@example.org,+1-625-694-1719x69231,Female,1962-09-20,2025-12-28
C000510,Karen,Orozco,corey63@example.net,001-963-519-1176x389,Male,1958-01-10,2026-05-18
C000511,Anna,Jones,zmartin@example.net,001-894-929-0959,Female,1966-08-15,2022-03-22
C000512,Taylor,Nguyen,thomasanderson@example.com,2836618523,Female,2003-07-05,2022-09-03
C000513,Jason,Wilson,leslie46@example.org,(254)639-9576x2689,Male,1952-07-31,2026-03-11
C000514,Matthew,Butler,aadams@example.org,333-934-8322,Female,1947-07-16,2025-05-15
C000515,Brian,Tyler,alan35@example.com,643-533-1039,Male,1982-09-12,2024-09-03
C000516,William,Lewis,briandavis@example.com,3794791470,Male,1980-07-23,2023-10-12
C000517,Heather,Mckinney,espinozapaul@example.com,6705091491,Female,1991-11-05,2021-10-14
C000518,Erin,Alvarado,jenniferramirez@example.net,+1-724-647-2554x4880,Male,1961-08-09,2024-10-01
C000519,David,Perry,kimberlycox@example.com,+1-696-554-0978,Male,1986-05-28,2024-11-09
C000520,Angela,Gray,jenniferrios@example.org,001-687-984-9648x527,Female,1964-03-06,2021-08-15
C000521,Sharon,White,flemingrebekah@example.org,+1-702-861-8848x751,Male,1991-03-07,2021-09-09
C000522,Peter,Flowers,madeline01@example.com,(292)835-9576,Female,1953-02-26,2022-01-29
C000523,Anthony,Park,emilyclark@example.org,+1-643-254-0528x538,Male,1980-10-14,2021-07-19
C000524,Michael,Miles,seth36@example.org,551-642-8888x924,Male,1942-10-04,2023-09-29
C000525,Brandy,Shah,michaelerin@example.com,705-205-9258,Male,1987-02-05,2023-03-29
C000526,Stephanie,Murphy,nromero@example.org,8609408242,Male,1944-04-12,2025-10-29
C000527,Jennifer,Payne,smithkaren@example.com,6375946961,Female,1994-01-24,2024-08-14
C000528,Rebecca,Petty,andrewgutierrez@example.net,674.700.8298x478,Male,1955-09-08,2023-09-26
C000529,Sarah,Martinez,fdorsey@example.net,209-597-6454x380,Male,1953-05-09,2025-01-08
C000530,Brianna,Clark,boydtimothy@example.net,+1-849-936-8798,Male,1937-02-24,2025-01-22
C000531,Raymond,Alvarado,batesrodney@example.org,+1-782-244-6837,Male,1986-01-30,2021-10-06
C000532,Summer,Blackburn,cartersteven@example.org,+1-669-802-5122x566,Female,1990-08-18,2024-11-03
C000533,Sandra,Scott,steven92@example.com,533.446.8342x553,Female,1975-12-12,2023-03-22
C000534,Joshua,Wilkins,pjones@example.org,323.282.7809x172,Female,2004-08-20,2024-08-06
C000535,Alison,Jacobs,benjaminrichard@example.net,900-820-5557,Female,1970-10-05,2022-01-30
C000536,Dylan,Harris,jsaunders@example.com,+1-965-492-7635x485,Female,1964-10-19,2026-06-28
C000537,Lori,Pineda,olivia11@example.org,001-997-654-4056x752,Female,2000-07-08,2023-08-27
C000538,Daniel,Reed,pearsonchristine@example.net,324.435.9979x382,Male,2001-11-24,2022-07-04
C000539,Kevin,Morris,walterssarah@example.org,4416427775,Female,2001-01-25,2025-02-22
C000540,David,Payne,robertselizabeth@example.org,001-281-307-5360,Male,1967-01-24,2026-04-26
C000541,Jacob,Smith,kanenathan@example.net,+1-468-905-0183x06850,Male,1977-12-16,2025-07-11
C000542,Dawn,Scott,laura32@example.com,+1-682-422-7871,Male,1990-07-27,2021-11-23
C000543,Rachel,Taylor,kgray@example.com,703.775.5314x42651,Male,1982-09-05,2022-05-09
C000544,Deborah,Miller,leonemily@example.com,001-346-615-1158x2076,Female,1997-06-04,2023-07-26
C000545,William,Meyers,rebecca53@example.com,+1-990-609-1404x1620,Female,1948-01-03,2024-08-13
C000546,Calvin,Stewart,ashley78@example.net,326-618-5884,Female,1982-08-23,2021-11-06
C000547,Denise,Porter,frank34@example.net,001-947-458-6466x6712,Male,1947-01-25,2022-01-04
C000548,Jacob,Smith,ijohnson@example.org,9998955986,Male,1943-08-23,2025-05-10
C000549,Greg,Andersen,qgriffin@example.org,326.267.9872x912,Male,1954-11-30,2026-03-14
C000550,Mark,Powell,benjamin50@example.org,618.412.5897x412,Female,1941-07-07,2023-09-22
C000551,Aaron,Jackson,rachel55@example.org,426.966.9508x11492,Female,1999-09-15,2025-08-20
C000552,Jackie,Hall,nlopez@example.org,+1-692-409-1316x2922,Male,1961-03-18,2024-10-17
C000553,Richard,Coleman,gonzaleznicole@example.com,344.248.2596x5093,Male,1941-03-26,2026-07-02
C000554,Todd,Guerrero,tracy78@example.net,998.758.0213,Female,1961-06-18,2023-09-25
C000555,Scott,Hanson,jeffjames@example.net,2078330564,Female,1984-05-18,2024-01-13
C000556,Nicholas,Burton,simmonsangela@example.com,001-515-831-6786,Female,1960-12-11,2025-01-08
C000557,Troy,Bell,jeremygilmore@example.com,477.651.7473,Male,1949-03-19,2026-05-17
C000558,Cory,Jensen,derekhayes@example.com,+1-743-823-9365x36484,Female,2007-08-16,2026-03-28
C000559,James,Diaz,tony04@example.net,391.228.3371x1329,Male,1951-03-06,2022-08-05
C000560,Richard,Bates,jorge83@example.com,737.800.6889x6927,Male,1987-01-16,2023-10-28
C000561,Michael,Smith,haydenmatthew@example.org,364-530-8597x717,Male,1963-10-18,2023-12-08
C000562,Steven,Welch,corybrown@example.org,867-613-7580x641,Male,2000-05-29,2023-02-06
C000563,Debra,Villarreal,erica39@example.net,001-468-249-0575x149,Female,2001-10-17,2021-12-18
C000564,Douglas,Watts,kristinjames@example.net,356-870-3699x1262,Female,1972-02-23,2023-01-03
C000565,Brent,Kelley,campbellmichelle@example.net,001-772-798-4161x5457,Male,1980-07-14,2026-05-21
C000566,Samantha,Harding,brownjohn@example.com,381-378-4071x174,Male,1979-12-17,2024-04-09
C000567,Jessica,Anderson,robert91@example.net,421.242.6227x431,Female,1944-12-25,2026-05-14
C000568,Joel,Rich,oconnelltina@example.net,991-861-3873x29459,Female,1977-01-16,2024-03-05
C000569,Matthew,Baldwin,cobbjames@example.net,001-265-952-0529x215,Female,2001-11-21,2024-04-29
C000570,Lindsay,Willis,eatkinson@example.org,001-211-232-8301,Female,1951-12-01,2025-12-29
C000571,Nicholas,Bates,bradgutierrez@example.org,+1-220-639-0575x453,Female,1997-10-23,2025-07-16
C000572,James,Mcdonald,cgonzalez@example.org,409.732.3603x09127,Male,2005-05-20,2025-04-20
C000573,Stephanie,Perez,paula83@example.org,+1-672-265-9617x9398,Female,1980-07-21,2024-11-24
C000574,Robert,Richards,timothy28@example.com,360.365.4918x3078,Female,1950-08-29,2022-01-01
C000575,Karl,Boyer,lewisnicholas@example.com,272-538-7615,Female,1985-02-08,2021-12-28
C000576,Jacqueline,Johns,aprilroberts@example.org,8606349451,Male,1977-06-03,2023-09-01
C000577,Daniel,Keller,williamstyler@example.org,+1-532-935-4397,Female,1982-08-06,2024-04-01
C000578,Jay,Fisher,jenniferarmstrong@example.org,970-649-5204,Female,1966-06-02,2026-03-09
C000579,Michael,Holt,tcooper@example.org,9303084031,Male,1975-05-06,2026-04-29
C000580,Marc,Guerrero,pbell@example.com,871-445-8853x99413,Female,1986-08-16,2023-12-21
C000581,Christopher,Willis,jennifertrujillo@example.org,+1-306-414-0663,Male,1939-08-16,2024-06-07
C000582,Mark,Robinson,ugomez@example.com,643.429.2417x589,Male,1986-03-21,2024-03-31
C000583,Dustin,Peterson,kwilliams@example.net,415.923.4636,Male,1959-10-11,2022-04-25
C000584,Darius,Bell,dgrimes@example.net,564.740.4588,Female,1993-07-31,2022-04-02
C000585,David,Compton,maurice13@example.org,001-344-428-4327x48914,Male,2001-05-15,2021-09-13
C000586,Kimberly,Young,usmith@example.com,001-416-232-8674x3566,Female,1989-03-20,2022-03-11
C000587,Kevin,Hopkins,dhill@example.net,9084940365,Male,1971-12-17,2022-07-14
C000588,Mark,Shaffer,mhenry@example.com,001-938-980-3359,Female,1995-06-15,2026-03-19
C000589,Nichole,Ramirez,ularson@example.net,(926)514-0377x626,Male,1994-12-21,2025-04-11
C000590,Lauren,Koch,ldavidson@example.org,+1-480-304-7624,Female,1958-08-10,2025-04-08
C000591,Kelly,Jennings,thompsonadam@example.com,+1-306-783-4072,Male,1944-11-18,2022-02-01
C000592,Evelyn,Curtis,tinaoliver@example.com,+1-869-579-9157,Male,1936-02-12,2025-12-27
C000593,Jesus,Robles,kaylaestrada@example.org,+1-810-323-1334x2651,Female,1973-06-02,2023-06-02
C000594,Robert,Simmons,rebeccarodriguez@example.org,367.646.8198,Female,1953-04-06,2022-09-26
C000595,Katrina,Wright,myersnatalie@example.com,403.416.6438x501,Female,1951-01-14,2022-03-13
C000596,Sheena,Hudson,gwilliams@example.org,+1-405-693-7341x30826,Female,1970-06-09,2023-01-20
C000597,Samuel,Schultz,christina87@example.net,605.523.9322x91264,Male,1967-12-19,2024-05-14
C000598,Melissa,Green,gbrown@example.com,001-519-354-4263x61546,Male,1942-06-18,2025-08-21
C000599,Jennifer,Jones,carol39@example.org,325-201-6286x38606,Female,1950-02-15,2023-06-11
C000600,William,Cohen,larry81@example.com,+1-794-790-1678x9268,Male,1957-07-05,2021-09-30
C000601,Shawn,Blackburn,jefferythomas@example.com,(617)634-9308x1404,Male,1964-08-19,2023-09-04
C000602,Katrina,Haas,debrajones@example.net,+1-956-388-6045x41135,Male,1970-12-08,2021-09-18
C000603,Elizabeth,Green,agreen@example.com,334.427.4987,Male,1980-08-18,2022-05-03
C000604,Lisa,Duncan,glawrence@example.net,874-769-2918x56146,Female,1976-10-16,2022-03-25
C000605,Dana,Wilson,oliverroger@example.org,(494)449-8266,Female,2000-08-28,2025-11-01
C000606,Raymond,Meyer,yvonnesmith@example.com,001-593-665-3984x599,Male,1937-04-28,2026-02-25
C000607,Hannah,Hart,jesse37@example.org,+1-697-745-3527x5007,Female,1978-01-06,2026-01-29
C000608,Zachary,Robles,nkirk@example.com,318-290-7382,Male,1990-12-13,2023-01-11
C000609,Marissa,Andrews,davilasara@example.org,(836)395-3743,Female,2002-01-31,2025-07-13
C000610,Jeffrey,Saunders,erikgreene@example.net,205-469-4822,Male,1956-06-06,2021-07-27
C000611,Mary,Rodriguez,thompsoncindy@example.org,362.759.8317x93877,Male,1957-03-28,2024-05-12
C000612,Connie,Miller,evansjuan@example.net,+1-276-782-7229x9918,Male,1991-07-02,2023-12-31
C000613,Darren,Sexton,josephjackson@example.org,465-715-9796x1636,Female,1973-06-10,2023-03-19
C000614,Justin,Anderson,wallacechristopher@example.net,001-679-677-3387x749,Female,1982-06-21,2025-02-07
C000615,Lisa,Michael,nhull@example.org,+1-318-543-7218x4339,Male,2006-01-17,2025-12-16
C000616,Jacqueline,Sanchez,zwilliams@example.com,457-637-3348x69998,Male,1969-01-04,2023-07-22
C000617,Oscar,Harmon,cmartinez@example.net,+1-300-793-6130x56465,Female,1985-06-23,2025-11-11
C000618,Karen,Glover,cooperwalter@example.com,(580)584-3028,Male,1953-03-24,2023-08-05
C000619,Nicole,Lutz,atkinsonjohnathan@example.org,+1-528-723-3812,Female,1989-05-10,2024-11-09
C000620,Melissa,Castillo,troy11@example.com,(205)746-5676x1867,Female,1947-03-29,2026-07-01
C000621,Zachary,Lee,qjimenez@example.net,2918363642,Female,1948-02-17,2025-04-02
C000622,Christina,Wagner,ejohnson@example.org,(663)467-3543x2032,Male,1988-12-08,2026-04-06
C000623,Rhonda,Garrison,theresajones@example.net,5476011270,Male,1980-06-06,2025-03-21
C000624,Lisa,Robertson,garciashawn@example.net,(634)450-9701x267,Male,1959-11-22,2026-01-06
C000625,Lee,Bentley,jenkinsmegan@example.org,301-970-5179,Female,1986-11-16,2024-09-24
C000626,Timothy,Norris,knoxjustin@example.net,598.312.7618x4376,Female,1976-04-08,2023-08-19
C000627,Shane,Hamilton,michellebrown@example.net,+1-265-654-4945x229,Male,2000-11-28,2025-11-26
C000628,James,Reed,hallkimberly@example.net,(613)623-6725x14693,Female,1945-04-11,2022-04-22
C000629,Spencer,Weber,egrant@example.com,001-673-796-7470x46887,Male,1937-08-12,2024-11-10
C000630,Lauren,Rivera,catherinecardenas@example.net,001-675-258-0860,Male,1972-11-19,2025-05-04
C000631,Jodi,Allen,kathryn89@example.org,356.925.6432x5912,Male,2004-04-04,2021-09-24
C000632,Vernon,Sellers,johnsonreginald@example.org,001-359-593-0554,Male,1974-03-22,2023-07-16
C000633,Evelyn,Smith,hannah82@example.com,487.660.2468,Female,1943-01-06,2023-05-28
C000634,Brian,Shelton,scottrobinson@example.com,228.601.0608x970,Female,1984-11-12,2021-07-09
C000635,Brenda,Webster,ojohnson@example.com,001-267-948-9325,Male,1977-08-09,2026-01-30
C000636,Daniel,Kirby,rebecca12@example.net,+1-802-285-6618,Female,1982-08-28,2024-01-15
C000637,Cynthia,Campbell,perezmark@example.org,+1-813-440-7118x0825,Female,1946-08-10,2022-11-02
C000638,Calvin,Moses,qwilliams@example.com,(290)249-7707x6686,Male,1957-07-21,2024-07-02
C000639,Calvin,Simmons,ilucas@example.org,+1-294-663-0580x38087,Female,2000-03-10,2025-09-28
C000640,Charles,Smith,mark20@example.net,7195516610,Male,1974-02-16,2022-05-20
C000641,Edward,Martinez,xhawkins@example.net,001-578-740-4889x871,Male,1958-07-07,2021-08-07
C000642,Shawn,Hooper,josephnavarro@example.com,001-837-621-0434x781,Male,1995-12-15,2022-12-11
C000643,Teresa,Perry,tyler44@example.org,+1-330-383-2434x4030,Female,2007-09-20,2023-07-22
C000644,Danielle,Bryant,timothymarsh@example.org,001-991-694-5273x05970,Female,1971-04-16,2023-11-11
C000645,Shawn,Robertson,afrazier@example.org,672.484.2532x90268,Male,1997-07-10,2022-02-03
C000646,David,Stout,kdominguez@example.org,410.321.1431x93911,Female,1963-02-13,2026-06-29
C000647,Eric,Smith,huynhjonathan@example.net,+1-421-760-7351x911,Male,1958-10-01,2026-01-27
C000648,Jamie,Winters,gonzalezmadison@example.org,(912)544-6967x66577,Female,1992-08-24,2023-06-08
C000649,Travis,Farmer,johnhutchinson@example.com,001-301-684-0303x58612,Female,1939-05-04,2025-05-14
C000650,Justin,Noble,kevin11@example.com,9866999461,Male,1950-02-27,2022-08-25
C000651,Robert,Villarreal,wmcbride@example.com,314-240-6014,Male,1954-11-04,2022-02-02
C000652,Joel,Schaefer,donnaflores@example.com,930-999-5340x90184,Female,1937-01-09,2022-04-04
C000653,Allison,Carter,rthomas@example.com,482.478.6754,Male,1980-06-03,2024-05-08
C000654,Lee,Williams,david25@example.net,(247)881-0190x05469,Female,1949-01-28,2023-11-17
C000655,Gloria,Hines,jennifer46@example.net,+1-226-655-2083,Female,2000-03-29,2025-06-16
C000656,Rachel,Key,murphydonald@example.net,229-956-9159x9856,Female,1966-08-09,2024-05-15
C000657,Clinton,Brooks,croberts@example.org,653-625-9413,Male,1970-11-01,2022-10-11
C000658,Jose,Davis,teresathompson@example.net,245.889.1714x977,Male,1956-02-04,2021-10-15
C000659,Kimberly,Gates,ballardrobert@example.com,832-530-1749,Female,1957-01-22,2023-11-18
C000660,Sierra,Hogan,livingstoncynthia@example.net,+1-972-846-0876x205,Female,2001-05-06,2023-05-25
C000661,Cassidy,Smith,kathleen32@example.com,001-838-445-5818x0724,Male,1976-08-02,2024-01-20
C000662,Sarah,Alvarado,billyterry@example.org,963-632-3993x3353,Male,1980-11-24,2024-04-10
C000663,Kurt,Williams,chavezjoshua@example.net,+1-274-931-3847x6061,Male,2002-09-09,2023-01-21
C000664,Shawn,Mcdonald,sabrinacain@example.com,7505812472,Female,1973-09-30,2024-05-27
C000665,Brandy,Williams,hernandeznichole@example.org,681-691-5939x3850,Female,1997-10-17,2024-02-04
C000666,Joseph,Walker,victoriaware@example.net,+1-315-676-5970,Female,2006-05-12,2021-08-17
C000667,Hailey,Hawkins,kevincooper@example.net,4466347456,Female,1957-03-28,2024-10-13
C000668,Mark,Drake,hday@example.com,+1-733-307-1323x3724,Male,2005-02-01,2025-07-27
C000669,Gerald,Jackson,alexander87@example.org,753-386-7421x64134,Female,1975-10-06,2026-02-26
C000670,William,Farley,xmorris@example.org,317-665-8254x518,Female,1939-11-15,2023-06-11
C000671,Amy,Green,brauntyler@example.net,+1-262-746-4416x6975,Male,1936-06-21,2026-04-22
C000672,Ivan,Delacruz,katelynortiz@example.com,+1-815-919-4320x827,Male,1951-11-27,2021-09-19
C000673,Nancy,West,christiannelson@example.org,(795)301-9413x623,Male,1949-03-23,2026-03-24
C000674,Scott,Castillo,jamesorozco@example.com,+1-349-931-4476x390,Male,1951-06-18,2022-08-23
C000675,Richard,Cruz,bridget94@example.com,+1-405-259-0238,Female,2001-10-31,2023-01-02
C000676,Billy,Knight,sjackson@example.org,889-243-3270x54825,Male,1937-05-12,2021-07-23
C000677,Victor,Espinoza,whitesusan@example.com,+1-351-953-0841,Male,2002-09-23,2022-03-15
C000678,Justin,Carter,heatherrichardson@example.net,354-384-1446,Female,1958-06-21,2026-04-07
C000679,Sean,Fletcher,suzannemason@example.org,805-244-8686x6506,Female,1963-01-06,2022-05-18
C000680,Samantha,Cooke,ramirezmegan@example.net,+1-783-405-4844x9622,Female,1970-11-27,2024-09-27
C000681,Jesus,Small,gordoncynthia@example.org,954-504-9482x855,Female,1949-08-26,2023-11-25
C000682,Jeremy,Stokes,maddoxangela@example.com,774.742.0057x08590,Female,1996-04-08,2025-12-11
C000683,Willie,Jones,mcleanchristopher@example.com,+1-955-232-4467,Male,1971-07-05,2022-11-09
C000684,Michael,Alvarez,ashleypeterson@example.org,+1-785-848-5814x79881,Female,1963-03-26,2022-02-17
C000685,Darlene,Hernandez,gentrybryan@example.net,584-824-0247x421,Male,1985-06-12,2024-02-05
C000686,Robyn,Ramirez,justin80@example.com,403.852.0214x683,Female,1955-05-20,2022-12-17
C000687,Richard,Roberts,dbrown@example.net,6953866373,Female,2007-10-01,2022-05-17
C000688,Tami,Austin,ualexander@example.net,953.869.9132x2634,Female,1994-09-16,2025-02-22
C000689,Barbara,Palmer,zjohnson@example.com,+1-809-922-0368x8979,Female,1985-07-01,2025-07-05
C000690,Mason,Rivas,james78@example.com,+1-947-328-7910,Male,1936-03-26,2024-09-15
C000691,Danielle,Johnson,thompsonjudy@example.org,+1-631-613-9034,Female,1939-09-21,2023-08-02
C000692,Joshua,Smith,ksmith@example.org,779-792-3591,Female,1993-12-22,2023-12-12
C000693,Thomas,Aguilar,vjones@example.com,846.261.5264x0103,Female,1973-01-09,2025-03-06
C000694,Mark,Anderson,nperez@example.org,617.678.3593,Female,2007-05-05,2025-05-06
C000695,Joseph,Vasquez,patrick66@example.org,253.911.0896x06175,Male,2002-08-11,2025-10-04
C000696,Matthew,Summers,sjoyce@example.net,(266)672-1487,Male,2000-07-19,2025-01-28
C000697,Donald,Marshall,uolson@example.org,547-677-7702x615,Male,1973-12-26,2021-12-17
C000698,George,Hernandez,victor24@example.org,383-540-6571,Female,1999-07-28,2025-09-08
C000699,Nathan,Martinez,nrivera@example.net,001-631-469-3754x17982,Male,1960-05-13,2025-05-22
C000700,Teresa,Davis,elizabeth21@example.org,+1-623-786-1490x9866,Male,1991-09-11,2022-05-17
C000701,Maria,Price,michael63@example.com,001-511-396-0673,Male,1955-03-11,2022-04-28
C000702,Lisa,Webb,hubbardronnie@example.org,4309438416,Female,1975-06-14,2023-03-21
C000703,Shelly,Campos,acostasamuel@example.org,3608424877,Female,1984-11-19,2022-03-18
C000704,Christopher,Jones,jeremybaker@example.net,(515)920-1113,Male,1952-03-19,2021-09-21
C000705,Wendy,Miller,wayne62@example.org,783-990-6775x96528,Female,1994-11-12,2024-09-18
C000706,Seth,Fritz,jasonsimmons@example.org,+1-253-767-8423,Male,1940-06-10,2022-05-02
C000707,Jill,Navarro,joshua52@example.com,(339)298-0367x0079,Female,1969-03-06,2025-07-11
C000708,Shelley,Kelley,debra72@example.com,6817139359,Female,1946-05-09,2025-12-12
C000709,Katrina,Carr,rachelalexander@example.net,(236)821-4973x834,Female,1956-07-11,2024-11-19
C000710,Debra,Ellis,qwilkins@example.com,274-507-1609x20605,Male,1943-12-07,2023-05-13
C000711,Lisa,Park,travisbowers@example.org,+1-787-426-4130x81413,Male,1935-11-01,2023-03-09
C000712,Grace,Gonzalez,berryjessica@example.com,(991)731-6781,Female,1989-05-27,2025-06-11
C000713,Mackenzie,Abbott,crystalmarquez@example.net,878-314-1427,Male,2000-06-10,2025-08-17
C000714,Shaun,Fitzgerald,mbailey@example.com,7265308347,Female,1957-02-01,2021-08-18
C000715,Susan,Brown,lmartinez@example.com,653-906-6873x2448,Female,1951-04-16,2024-03-22
C000716,Stacey,Garcia,jasonday@example.net,(979)940-6616,Male,1986-02-03,2022-09-07
C000717,Laura,Smith,mhuffman@example.net,+1-625-923-4981x905,Male,1973-07-24,2025-03-24
C000718,Robert,Taylor,mooredavid@example.com,5895926520,Female,1955-11-12,2022-03-21
C000719,Erika,Allen,davistimothy@example.net,001-235-344-4566x2710,Male,1938-01-28,2023-12-24
C000720,Bradley,Berry,rroberts@example.net,378-775-0638,Male,1952-01-05,2023-12-20
C000721,Garrett,Webb,jsmith@example.net,(350)651-1344x56699,Female,1970-04-13,2024-01-14
C000722,Jennifer,Smith,watsonwesley@example.net,+1-785-855-9846x823,Male,1978-09-29,2026-02-08
C000723,David,Barrett,cynthiawilcox@example.net,001-233-561-9827,Male,1999-03-05,2024-07-21
C000724,Lauren,Harris,matthew93@example.net,(485)522-0294x708,Female,1941-03-15,2022-09-03
C000725,Andrew,Wilson,petersenjames@example.net,255-798-4643x5070,Male,1954-09-08,2025-02-21
C000726,Kellie,Christian,athomas@example.org,(629)924-3486x545,Female,1994-03-30,2025-02-25
C000727,Erin,Livingston,john18@example.org,747.401.4302x3679,Male,1941-06-07,2023-06-12
C000728,Scott,Fox,manningdestiny@example.org,001-387-792-3582x20530,Male,2003-01-01,2026-01-13
C000729,Robert,Jimenez,timothyblevins@example.org,4608208598,Male,1989-08-03,2022-07-12
C000730,Jennifer,Case,sandrathompson@example.org,483.291.2630x4926,Female,1971-10-11,2024-11-07
C000731,Terrance,Tate,susan15@example.com,668.547.6795x530,Male,1947-03-24,2024-06-02
C000732,Kristi,Ross,rhunter@example.org,(913)563-3608x8695,Female,1950-12-19,2023-11-07
C000733,Brooke,Newman,xibarra@example.org,821-993-4309,Male,1966-07-30,2021-07-23
C000734,Henry,Weaver,latashahall@example.org,001-755-768-5159x4611,Male,1949-09-17,2021-12-16
C000735,Thomas,Reilly,michael67@example.org,383-423-1777,Male,1997-07-06,2023-04-09
C000736,Sarah,Ford,william23@example.net,715-916-3980x57213,Female,1996-09-01,2025-05-04
C000737,Janice,King,kylelivingston@example.com,(948)245-5510x26423,Female,1957-11-13,2023-09-15
C000738,Ronald,Walker,gjohnson@example.net,774.986.4961x93712,Male,1973-12-04,2022-03-02
C000739,Adam,Matthews,reginald62@example.org,333.795.9530,Female,1991-11-05,2026-06-09
C000740,Natasha,Cooley,mossjeremy@example.net,424.828.8365x035,Female,2001-12-04,2025-04-27
C000741,Annette,Hendrix,kimberlyharris@example.com,588.633.6612,Female,1994-03-16,2024-01-27
C000742,Lisa,Hall,stephanie57@example.com,708-743-3920,Male,1965-03-14,2026-04-16
C000743,Julie,Gomez,james98@example.net,832-538-0707,Male,1962-10-16,2023-12-30
C000744,Brian,Shields,hawkinsvanessa@example.net,001-718-840-8876x7284,Male,1996-02-10,2024-06-22
C000745,Jill,Ochoa,erika00@example.com,951.327.0875,Female,1997-09-26,2024-11-30
C000746,Jill,Weaver,fitzpatrickjoyce@example.net,+1-828-328-5529x4599,Male,1959-11-25,2022-11-21
C000747,Melissa,Houston,johnsonnathan@example.org,001-970-478-9882x16162,Male,1956-10-07,2024-05-07
C000748,Christy,Ferrell,zroberts@example.net,+1-826-815-4015x4768,Female,1949-02-11,2025-10-29
C000749,Nathaniel,Colon,kristiclayton@example.net,001-803-751-1565,Male,1947-04-23,2025-05-16
C000750,Keith,Francis,zferguson@example.net,+1-771-875-3830,Female,1963-08-25,2025-08-25
C000751,Michael,Bullock,michaelcamacho@example.com,787.615.8735x4798,Male,1999-07-21,2024-03-09
C000752,Emily,Fisher,david56@example.net,599-606-5767,Female,2001-02-17,2023-06-06
C000753,David,Cline,elliottjeffery@example.net,825-220-4293x7688,Female,1999-03-02,2024-06-02
C000754,Jeffrey,Warren,anthonydavenport@example.com,(952)444-2968,Female,1961-12-16,2024-03-02
C000755,David,Williams,campbelljoseph@example.com,340.408.9409,Female,1968-07-06,2023-03-30
C000756,Kimberly,Hernandez,veronicaanderson@example.com,319-876-1316,Male,1990-06-03,2025-03-12
C000757,Geoffrey,Alvarez,nicole71@example.org,+1-680-376-1348x7382,Female,1972-07-27,2025-05-18
C000758,Shawn,Santos,christopher20@example.com,001-645-296-0701x3017,Female,1990-10-09,2025-02-12
C000759,Rachel,Thompson,alan48@example.net,297-689-2020x026,Male,1955-10-08,2022-08-01
C000760,Tiffany,Smith,eshort@example.net,+1-620-991-9120x25899,Female,1963-05-14,2024-04-07
C000761,Tina,White,heidi28@example.org,001-555-264-8665x215,Male,2001-11-05,2023-03-04
C000762,Peter,Park,angelarichardson@example.com,346-512-2593x160,Female,1952-07-24,2022-08-15
C000763,Jerry,Castro,melissaparrish@example.org,(436)873-5560,Female,1963-02-10,2021-12-20
C000764,Gregory,Lopez,mtaylor@example.net,940.928.8787x669,Male,1983-07-11,2023-03-03
C000765,Elizabeth,Ellison,tracy75@example.org,921-438-5219,Female,1992-03-31,2024-05-02
C000766,Ashley,Wong,wpeterson@example.com,(418)545-6159x097,Male,1980-06-22,2024-03-13
C000767,April,Evans,lewisstacy@example.net,(470)941-3662,Male,1941-06-06,2021-08-22
C000768,Brittany,Waller,aphillips@example.org,499.664.7731x0782,Male,1972-05-20,2025-04-12
C000769,Jennifer,Brown,christopherlopez@example.com,+1-240-647-7522,Female,1983-04-26,2023-06-04
C000770,Timothy,Scott,ashleyochoa@example.com,001-962-480-2343x13820,Female,1983-07-06,2025-02-16
C000771,Lisa,Wood,davisjustin@example.org,+1-669-207-9737x10366,Male,1986-05-19,2023-04-26
C000772,Cody,Solomon,bspence@example.org,789.875.1746x778,Female,1983-02-28,2022-08-04
C000773,Michael,Richardson,ian35@example.org,500-858-9497,Male,1986-09-04,2023-02-23
C000774,Shawn,Smith,mullinsalbert@example.org,217.443.6641x67439,Female,1942-09-29,2026-03-25
C000775,Jessica,Byrd,dortiz@example.com,449-776-9127x4967,Male,1998-08-13,2024-06-09
C000776,Shane,Abbott,gforbes@example.com,767.530.6293x1620,Female,2000-03-13,2025-10-08
C000777,Jonathan,Smith,eric44@example.org,+1-995-202-0035x83590,Female,1982-10-13,2022-12-15
C000778,Noah,Hunt,dsparks@example.org,702-349-9155,Female,1994-11-17,2022-05-17
C000779,Victoria,Maxwell,burkeeric@example.com,240.986.1797x471,Female,1992-04-05,2021-10-13
C000780,Lisa,Porter,fisherlisa@example.com,001-971-737-0166,Male,1980-10-21,2025-10-27
C000781,Robin,Tucker,courtneywise@example.net,(321)915-9757,Female,1994-03-24,2023-04-18
C000782,Megan,Williams,yatesvanessa@example.com,(566)217-1530x6106,Male,1967-07-10,2025-01-14
C000783,Scott,Duran,cweber@example.com,+1-500-543-4639,Female,1978-03-12,2021-11-26
C000784,Shannon,Mccarthy,daviestammy@example.net,(440)709-8660x395,Female,1970-12-23,2021-10-05
C000785,Brent,Lewis,cookabigail@example.com,+1-841-946-2274x124,Female,1990-05-15,2021-11-28
C000786,Angela,Collins,bradleyjackson@example.net,(836)992-3300x17806,Male,1940-08-06,2025-07-25
C000787,Clinton,Wagner,lgonzales@example.com,571.534.1661x85049,Female,1984-12-06,2024-11-15
C000788,Zachary,Garcia,westpaul@example.org,001-756-875-2839x89131,Male,1971-08-31,2023-03-06
C000789,Henry,Andrews,nbaker@example.com,(801)238-8564x43564,Male,1967-07-27,2025-04-18
C000790,Alexis,Cruz,james18@example.net,973.586.7842x36905,Female,1980-11-28,2025-10-09
C000791,Stanley,Rios,matajeremy@example.net,730.586.5509,Female,1969-04-30,2026-01-07
C000792,Eddie,Williams,fitzgeraldmonique@example.org,(666)626-3046,Male,1990-03-09,2021-09-02
C000793,Julie,Ryan,davidsonvictoria@example.com,001-388-338-4745x55013,Female,1986-06-05,2024-09-22
C000794,Karen,Herrera,watkinsscott@example.net,640-422-4370x717,Female,1960-03-13,2021-08-02
C000795,Christina,Lester,cterry@example.org,(867)364-0754x44491,Male,1997-10-27,2022-12-11
C000796,Vicki,Zuniga,ltaylor@example.net,493-300-9983x696,Female,1953-04-21,2025-01-07
C000797,David,Long,goodwinlaura@example.org,001-367-682-1509x013,Male,1961-07-22,2025-07-17
C000798,Kyle,Miller,vturner@example.com,+1-312-628-3736x8151,Female,1937-05-29,2024-05-22
C000799,Joseph,Cortez,jeffrey36@example.net,(297)856-0835,Female,1975-07-06,2024-07-13
C000800,Jennifer,Duke,kevinwright@example.org,964.572.7639,Male,1982-06-24,2022-02-26
C000801,Erin,Strong,georgegonzales@example.org,4863516187,Male,1952-12-29,2022-08-22
C000802,Betty,Huff,ydavis@example.net,001-560-241-4278,Male,1995-06-09,2024-09-11
C000803,Amber,Braun,monica65@example.net,+1-741-767-4087x04615,Female,2000-10-01,2023-02-21
C000804,Christopher,Vaughan,owensvictoria@example.com,414-617-8135x561,Male,2005-11-14,2024-11-19
C000805,Johnny,Richardson,michaelwright@example.org,319.212.7508x98470,Female,1938-07-25,2021-11-22
C000806,Barbara,Hernandez,blankenshipkevin@example.net,+1-322-856-2129,Male,1988-06-05,2025-02-06
C000807,Ronald,Patel,moralestiffany@example.com,001-572-439-7589,Male,1955-11-29,2023-01-10
C000808,Rebecca,Schultz,maria13@example.net,+1-345-415-3481x16852,Male,2007-12-13,2025-11-18
C000809,Cynthia,Chandler,james48@example.net,245-600-0719,Male,1990-08-04,2022-12-15
C000810,Mary,Hudson,snydersheila@example.com,(644)760-5420x34014,Male,2006-03-10,2025-06-22
C000811,Mary,Alexander,whitneycynthia@example.org,+1-955-202-2328,Male,1945-05-02,2023-02-09
C000812,Holly,Roberson,paulthompson@example.org,779.582.9702,Male,1963-10-24,2023-04-23
C000813,William,Jacobs,krichmond@example.org,+1-434-734-5574x27558,Male,1959-06-10,2023-11-09
C000814,Henry,Patel,simsjames@example.com,312-505-4179x605,Female,1964-11-13,2026-05-26
C000815,Donna,Williams,eburke@example.org,295.465.9107,Female,2006-10-27,2024-01-12
C000816,Jeffrey,Miller,austin73@example.net,2867096260,Female,1993-02-23,2022-05-22
C000817,Crystal,Mayo,roy12@example.com,233.200.4452x26879,Female,1969-05-05,2023-08-28
C000818,Alicia,Hill,shelly98@example.org,253.646.3642x24604,Male,1947-02-20,2024-10-17
C000819,Shane,Horn,ssmith@example.net,(581)551-4944x07001,Female,1961-10-21,2023-12-31
C000820,Brian,Castillo,laurieprice@example.net,+1-341-468-4912x431,Male,1954-01-29,2023-07-10
C000821,Kenneth,Smith,elliottstacy@example.net,580.677.0024,Female,1959-06-18,2023-12-20
C000822,John,Logan,scottjeffrey@example.org,451-611-5100x20902,Female,1991-09-28,2023-07-19
C000823,Frederick,Sanchez,murphymelissa@example.org,001-926-688-9949x1444,Male,1939-08-03,2021-11-05
C000824,Savannah,Gilmore,nancy23@example.net,+1-519-298-8780x852,Male,1938-05-25,2024-06-28
C000825,Robert,Wright,omartinez@example.org,639.882.8425,Female,1970-02-19,2023-09-18
C000826,Kimberly,Garcia,linda05@example.com,445-309-5819x363,Female,1993-01-31,2022-04-22
C000827,Jacob,Silva,katherine71@example.org,001-876-417-5584x496,Female,1972-07-06,2022-05-27
C000828,Jean,Vaughn,haleyramirez@example.org,001-805-509-2189x6218,Female,1949-11-16,2025-12-28
C000829,Jennifer,Morris,qdavis@example.net,(679)603-3719,Male,1971-06-30,2022-05-30
C000830,Henry,Espinoza,larry11@example.com,(507)584-6952,Female,1950-12-26,2022-02-11
C000831,Cory,Hernandez,susanjohnson@example.org,001-365-636-8447x595,Female,2004-01-16,2023-06-11
C000832,Diane,Sanchez,stuart60@example.com,310-811-7361,Female,1989-02-03,2024-11-19
C000833,Jennifer,Freeman,davisrobert@example.org,608-480-0083x761,Male,1976-02-17,2023-05-14
C000834,Kirk,Perry,zevans@example.com,+1-215-277-1905,Female,1954-11-11,2023-05-08
C000835,Michaela,Evans,nlogan@example.net,(686)995-6852,Female,1940-06-10,2022-04-02
C000836,Sarah,Bennett,leslie03@example.com,(975)811-8476,Male,1991-04-20,2025-06-04
C000837,Drew,Ayala,alexanderjoseph@example.net,001-486-257-0271,Male,1947-08-19,2026-02-12
C000838,James,Sanchez,spencermiller@example.org,(942)393-3946,Male,1999-01-29,2026-06-08
C000839,Ashley,Lee,patrick60@example.org,459-421-8598x508,Female,2006-11-03,2024-12-26
C000840,Holly,Lopez,johnathanobrien@example.com,(692)361-7068,Female,1978-06-28,2024-12-05
C000841,Aaron,Martinez,benjaminking@example.net,992-739-0328,Male,1955-09-06,2025-06-21
C000842,Mark,Prince,bpadilla@example.net,001-637-882-1945,Male,1974-07-06,2021-08-09
C000843,Cynthia,Cuevas,davidrobertson@example.com,301-314-1187x831,Male,2005-10-18,2021-10-13
C000844,Brandi,Peterson,robertallen@example.net,959-805-5276,Male,1937-10-22,2026-01-07
C000845,Michael,Ferguson,keithhill@example.org,806.978.7890,Male,1990-08-02,2023-02-10
C000846,Andrew,Mendoza,hopkinsshannon@example.com,497-567-1321x6978,Male,1993-02-11,2021-12-18
C000847,Katherine,Moyer,moonsusan@example.net,880.799.0496,Female,1951-06-25,2026-06-26
C000848,Rachel,Wise,mark51@example.com,390.234.3607,Male,1950-01-09,2026-06-03
C000849,Alan,Proctor,kevinrichardson@example.net,(471)637-9148,Male,1942-01-02,2024-09-10
C000850,Don,Gallagher,juliewilliams@example.org,721.725.5361x242,Female,1970-12-13,2021-08-19
C000851,Cory,Haney,alecthomas@example.net,935.509.2664x758,Male,1957-12-30,2023-05-24
C000852,Brian,Boyer,esmith@example.net,+1-857-442-3086x829,Female,1959-12-19,2023-10-01
C000853,Whitney,Bailey,steve25@example.com,001-775-617-8925x618,Male,1942-08-08,2023-01-07
C000854,Alyssa,Campbell,emiller@example.org,+1-642-306-9196x63369,Male,1947-11-10,2026-05-19
C000855,Jason,Nixon,kenneth68@example.org,842-471-7197x5920,Female,1994-07-02,2023-02-08
C000856,Michael,Aguilar,david51@example.com,972.243.5588x72631,Male,1950-10-11,2025-06-09
C000857,Sandra,Pineda,guy71@example.net,965.355.6200x150,Female,1963-11-21,2021-11-16
C000858,Regina,Banks,qramirez@example.com,240.739.7034x88695,Male,1998-01-01,2024-07-23
C000859,Lauren,Clark,williamskenneth@example.net,(296)412-0926x598,Male,2002-01-13,2026-03-17
C000860,Maria,Lee,mccormickwhitney@example.org,(944)874-0912,Female,1936-01-03,2024-10-02
C000861,Aaron,Walker,tinacollins@example.com,+1-821-751-5049x79192,Female,2007-08-15,2026-06-16
C000862,Erin,Reese,fvasquez@example.org,(781)527-3994,Female,1964-12-12,2026-05-01
C000863,Michael,Warren,mbrooks@example.com,960-503-5994x747,Female,1941-05-18,2022-03-31
C000864,Amy,Phillips,brianvazquez@example.com,8849303670,Male,1947-10-05,2024-09-14
C000865,Brandi,Williamson,troy35@example.com,458-288-1667x9605,Male,1999-08-20,2025-04-13
C000866,Chelsey,Smith,tammy28@example.net,(915)777-5680x043,Male,1937-05-21,2026-01-09
C000867,Michael,Whitney,ynichols@example.com,696-200-2710x235,Male,1978-12-22,2025-04-08
C000868,Richard,Thomas,jacobpowell@example.com,659-578-4841,Female,1969-05-21,2022-08-27
C000869,Jennifer,Wilson,jeremiahwall@example.com,5922537522,Female,1970-10-09,2025-05-06
C000870,Heidi,Moreno,hernandezcatherine@example.org,755-510-9805x02128,Female,1993-07-16,2022-01-25
C000871,Patricia,Jarvis,ulee@example.com,(308)707-7453x05684,Female,1953-02-09,2023-09-07
C000872,Jeffrey,Robles,sheltonamanda@example.net,773-352-3990,Female,1944-09-15,2024-08-20
C000873,Troy,Robertson,harrisalejandro@example.net,+1-284-911-1972,Male,1971-05-16,2023-07-25
C000874,Seth,Arnold,emily94@example.net,866.354.4720x574,Female,1962-04-12,2025-02-21
C000875,Robert,Jackson,fieldslance@example.org,818.252.6099x57629,Male,2007-05-23,2023-03-28
C000876,Joseph,Barnett,stephen38@example.net,996-460-9879,Male,1953-02-22,2025-08-04
C000877,Terrance,Robertson,wileymiguel@example.net,467-501-4880,Female,1969-02-11,2024-05-31
C000878,Ronald,Nelson,jason67@example.com,+1-780-918-7720x02553,Female,1974-05-07,2026-04-11
C000879,Mitchell,Gordon,lauren14@example.com,001-533-238-1816x0915,Female,1961-08-15,2025-07-28
C000880,Jennifer,Warren,jstone@example.com,539.880.5652,Female,1965-06-23,2021-07-19
C000881,Andrea,Nixon,williamsmichael@example.com,+1-383-491-3933,Male,1973-10-20,2026-02-05
C000882,Robert,Boyd,newmanterry@example.org,(314)565-3209,Male,1960-03-18,2026-04-04
C000883,Seth,Davis,grobinson@example.org,2037720244,Male,1949-08-04,2022-03-10
C000884,Karen,Frey,bensongeorge@example.com,(929)489-6579x021,Female,1944-12-12,2024-06-16
C000885,Angelica,Thompson,albertbeck@example.net,(845)872-0653,Female,1951-01-28,2022-02-01
C000886,Jennifer,Howell,tmejia@example.org,001-918-445-9330x706,Female,1940-05-24,2025-03-14
C000887,Stephen,Combs,brownalexandra@example.com,(276)828-9598,Female,2003-11-05,2025-04-14
C000888,John,Gomez,ellisholly@example.com,001-543-779-5058x3729,Female,1944-01-12,2022-04-09
C000889,James,Anderson,andrewsaaron@example.com,713.440.4815,Male,2005-05-14,2024-10-14
C000890,Eric,Caldwell,briansmith@example.com,910.494.3696x3729,Female,1961-02-20,2023-11-22
C000891,Gina,Davis,ncook@example.org,233.399.8820x05170,Female,1997-02-26,2026-02-06
C000892,Anthony,Sloan,millermargaret@example.com,(986)366-1427x9894,Male,2002-11-15,2022-10-29
C000893,Joshua,Phillips,ytate@example.com,+1-758-494-2259x92725,Male,1977-04-19,2023-06-24
C000894,Shannon,Smith,tarapena@example.net,458.939.3304x205,Male,1937-07-25,2022-08-16
C000895,Daniel,Sanchez,mary66@example.net,+1-972-491-2937x06947,Female,1997-04-10,2024-11-16
C000896,Bobby,Johnson,robert23@example.org,001-274-605-0960x5437,Female,1964-08-03,2026-02-27
C000897,Jason,Meyer,melvin35@example.com,+1-557-209-6340x050,Male,1997-01-13,2024-04-17
C000898,Timothy,Adams,johnjames@example.org,001-337-251-3934x73537,Female,1988-08-22,2025-07-27
C000899,Timothy,Gray,jennifertorres@example.org,(456)266-6394x60975,Female,1942-05-08,2023-04-05
C000900,Timothy,Rice,jennahays@example.org,501.721.4670x275,Male,1967-09-16,2021-08-29
C000901,Joseph,Mckee,brian67@example.net,702.825.4881x37216,Male,1953-12-11,2023-10-03
C000902,Corey,Frank,laura17@example.com,6057729455,Female,1971-08-01,2022-07-26
C000903,Joshua,Smith,foxcrystal@example.org,(850)738-8982,Female,2006-04-30,2022-01-15
C000904,Kimberly,Brown,alvaradoelizabeth@example.net,208-315-9753,Female,1989-04-15,2025-10-01
C000905,Jenna,Palmer,lcrawford@example.org,+1-422-848-9922x753,Male,1935-09-09,2023-11-23
C000906,Robert,Baker,armstrongnancy@example.net,+1-736-807-6228x71384,Female,2007-07-10,2022-12-02
C000907,Marcus,Thompson,feliciaprice@example.net,597.291.6071x8200,Male,1967-12-30,2026-03-07
C000908,Morgan,Branch,heather52@example.com,507-249-4561,Female,2003-05-07,2022-08-25
C000909,Kristina,Lee,garciarenee@example.net,+1-375-604-6561x463,Male,1988-02-06,2021-08-20
C000910,Ryan,Munoz,andrew12@example.org,+1-212-968-4090x93908,Female,1950-07-31,2024-10-16
C000911,Caroline,Sharp,gpineda@example.org,783.809.5463x616,Male,1989-09-12,2022-10-02
C000912,Martin,Hess,barbernorman@example.org,001-515-607-2691,Male,1939-07-17,2021-10-22
C000913,Stephanie,Cox,joycemoore@example.org,001-758-883-2374x188,Male,1999-06-26,2022-07-06
C000914,Kevin,Schmidt,stephanietran@example.net,001-754-767-4852x39682,Female,1991-05-07,2025-03-22
C000915,Lynn,Kennedy,hramirez@example.org,+1-422-597-8304,Female,1991-02-22,2024-12-28
C000916,Justin,Pineda,collierkevin@example.net,(386)397-9510,Male,2005-11-24,2022-09-27
C000917,Bianca,Kelley,nicoleschneider@example.org,818-272-2205,Female,1946-11-09,2022-12-15
C000918,William,Cain,ebarker@example.net,(524)937-4327x04202,Female,1984-01-13,2024-06-14
C000919,Amber,Smith,xgomez@example.com,(655)864-0956,Male,1948-05-06,2025-01-10
C000920,Whitney,Leonard,dberg@example.org,(997)604-7815,Female,1942-11-08,2022-05-27
C000921,Jane,Daniels,jonesariana@example.org,+1-573-992-3944x05733,Male,1997-03-08,2023-05-29
C000922,William,Barber,james21@example.com,648-547-4558x8187,Male,1963-12-13,2026-06-21
C000923,Jesse,Powers,evanrichmond@example.org,250-857-2865x066,Male,1993-02-03,2025-07-11
C000924,Barbara,Holland,tyronerios@example.com,993-309-5618x20166,Female,1944-11-20,2024-03-12
C000925,Carol,Rubio,grace57@example.com,533-725-8879,Female,2003-02-17,2022-06-17
C000926,Sarah,Ramirez,kmcneil@example.org,+1-893-600-7877,Male,1965-02-04,2023-04-26
C000927,Cynthia,Brown,jerry06@example.org,625.233.5875x6023,Female,1990-10-30,2022-02-11
C000928,Caroline,Pineda,julie18@example.net,671.674.2212,Male,2004-03-19,2026-05-28
C000929,Michael,Miller,patrickscott@example.net,001-483-282-8020x145,Male,1936-02-21,2022-10-29
C000930,Steven,Anderson,sanchezamanda@example.org,+1-877-558-6842x37693,Female,1937-11-29,2022-04-15
C000931,Gene,Sexton,xwilliams@example.com,+1-809-926-4318x1957,Female,1945-07-08,2023-03-15
C000932,James,Thompson,antonioreeves@example.org,+1-537-785-4365,Female,1967-07-06,2021-09-21
C000933,Rhonda,Roberts,olsonchelsea@example.net,731-907-3156x27839,Female,1996-12-19,2025-07-25
C000934,Harold,Guerra,tyler06@example.org,691.279.1999x2897,Male,1952-12-19,2024-12-06
C000935,Mariah,Brown,uscott@example.com,470-218-3314x50192,Male,1952-09-11,2026-02-27
C000936,Douglas,Durham,michellebailey@example.net,001-895-628-2095x05883,Female,1955-02-18,2022-02-17
C000937,William,Ross,kaitlynpatel@example.net,(482)670-1447x95568,Female,1971-08-09,2024-12-05
C000938,Vincent,Gonzalez,shanekennedy@example.net,+1-597-604-8484,Male,2007-03-01,2023-09-03
C000939,Jonathan,Baker,smithrachel@example.net,2983601438,Male,2006-05-24,2024-09-15
C000940,Amy,Huynh,john94@example.net,+1-212-286-3259,Male,1969-02-19,2023-09-11
C000941,Erin,Mooney,racheldavis@example.net,660-532-1806x319,Male,1966-06-06,2025-04-15
C000942,Sara,Le,morgan92@example.net,713.824.3936x9092,Male,1942-02-13,2023-04-01
C000943,Connor,Reynolds,lindsayrichardson@example.net,992-396-4981,Female,1994-12-17,2024-11-04
C000944,Mark,Curtis,orivera@example.net,(992)667-6012x17390,Female,1947-07-02,2023-02-11
C000945,Nicholas,Schmidt,mlopez@example.net,638.721.1743x904,Male,1952-11-18,2025-05-28
C000946,Danny,Garrison,michaelwright@example.org,512-340-8954x06716,Male,1945-01-04,2023-03-29
C000947,Tony,Smith,chad41@example.org,+1-247-285-8205,Female,1937-11-14,2026-05-03
C000948,Gilbert,Campbell,rebeccaporter@example.com,+1-320-956-4923,Male,1962-05-28,2025-07-22
C000949,Brent,Santos,ygates@example.com,(637)280-7224x268,Male,1965-08-20,2023-01-12
C000950,Joseph,Gaines,nwashington@example.net,+1-435-834-0473x1466,Female,1948-06-02,2024-01-08
C000951,Albert,Mclean,isaacsawyer@example.org,913.457.7746x131,Male,1968-08-26,2023-05-20
C000952,Holly,Johnson,juliagentry@example.com,339.577.4870,Male,1974-12-08,2024-07-31
C000953,Dana,Mcdaniel,angelavang@example.com,507-957-9319,Male,2002-03-20,2024-04-13
C000954,Sarah,Garcia,reedcynthia@example.com,(559)470-6932,Male,1987-12-10,2025-01-04
C000955,Lisa,Massey,luiscook@example.org,(255)621-4835,Male,1960-10-31,2023-06-29
C000956,Lacey,Warren,jessica29@example.com,9516167571,Female,1980-02-17,2022-03-09
C000957,Eric,Mason,washingtongabriel@example.com,739.274.3770,Female,1959-12-06,2025-03-12
C000958,Kyle,Bishop,sarahmartin@example.org,739.469.3830x3078,Female,1984-06-13,2024-03-01
C000959,Daniel,Kennedy,sandra45@example.org,(897)629-7800x7087,Female,1935-09-27,2024-05-21
C000960,Anthony,Miller,sonya68@example.org,706.986.2730x66257,Female,1999-02-13,2023-02-04
C000961,Karen,Lopez,flynntimothy@example.net,001-726-438-6265,Male,1947-05-29,2024-01-23
C000962,Kristina,Stewart,ashley95@example.org,(710)719-4586,Male,1985-07-12,2024-04-28
C000963,Andrew,Thomas,michaeljennings@example.org,001-802-356-8794x2299,Male,1939-06-12,2024-03-23
C000964,Shane,Duke,lboone@example.com,606-603-2413,Male,2002-10-03,2025-12-26
C000965,Danielle,Hill,tuckermiguel@example.com,001-883-208-8381x8332,Male,1964-08-16,2023-05-26
C000966,Sandra,Knapp,saramoore@example.com,3758080623,Female,1949-03-21,2026-02-23
C000967,Tracey,Taylor,pwilson@example.net,(636)608-5843x3204,Female,1988-05-20,2022-02-07
C000968,Amber,Mayer,uthompson@example.net,001-871-787-1188x872,Male,1954-08-07,2024-08-29
C000969,Nathan,Mercado,chelsealong@example.com,9232550882,Male,1976-08-18,2021-10-27
C000970,Carly,Lang,dcook@example.com,+1-847-790-5259x3091,Female,1936-06-06,2023-10-28
C000971,Mindy,Brewer,whitesean@example.net,(675)562-6827x121,Male,1978-02-05,2024-01-24
C000972,Aimee,Morgan,cthomas@example.com,488-644-7187x6046,Male,1936-02-10,2023-07-22
C000973,Sophia,Cummings,price@example.com,001-586-566-2044x972,Male,2001-02-20,2023-11-27
C000974,Kenneth,Huynh,karen66@example.com,(967)408-0245x674,Male,1958-08-22,2024-10-02
C000975,Stacey,Trujillo,tyler00@example.net,001-336-566-7595x4493,Male,1968-09-08,2024-03-11
C000976,Willie,Scott,anne72@example.net,(972)546-8816x12338,Female,1937-10-17,2024-06-09
C000977,Maria,Kaufman,tinabarrett@example.net,9143597823,Male,1939-04-25,2022-04-10
C000978,Jason,Nash,nelsonnicholas@example.org,279-945-9548x4892,Female,1996-07-02,2022-01-12
C000979,Danielle,Gibson,schneiderkenneth@example.com,001-277-372-1273x12367,Male,1990-11-11,2022-03-23
C000980,Jason,Chavez,jennifer39@example.org,496-578-2057,Female,1945-06-04,2023-08-18
C000981,Anthony,Thompson,christopherwarren@example.org,801-954-6530x8220,Male,2007-08-05,2022-04-13
C000982,Frank,Cooper,andrewwyatt@example.com,+1-369-368-2846x436,Male,1985-08-24,2024-05-04
C000983,Paul,Graham,stephen17@example.net,684-580-0493,Male,1978-03-28,2024-02-29
C000984,Rebecca,Graham,bobby08@example.org,(878)440-3879,Female,1940-09-08,2025-05-12
C000985,Tim,Erickson,kgillespie@example.net,001-477-857-9229,Female,1941-09-24,2026-03-03
C000986,Crystal,Salinas,yjohnson@example.net,3119521127,Male,1987-03-21,2023-10-30
C000987,Phyllis,Thomas,larrynelson@example.com,246-885-7935,Male,1973-10-25,2022-02-02
C000988,Tracy,Larson,marissawhitney@example.net,804-466-7659x48793,Female,1999-10-21,2023-08-24
C000989,Julie,Robbins,barbara37@example.net,767.828.6588x918,Male,2004-08-19,2025-04-25
C000990,Allen,Ramirez,morrisdavid@example.net,+1-682-751-6981x801,Female,1955-12-18,2023-12-17
C000991,Angela,Kelly,brianyoder@example.org,249.910.0209,Female,1962-12-29,2026-04-15
C000992,Mario,Jensen,john64@example.org,001-575-694-9573,Male,2003-12-19,2025-04-28
C000993,Sarah,James,fhernandez@example.com,509-333-5733,Female,2006-10-20,2023-03-20
C000994,Alejandra,Hansen,warnerautumn@example.net,001-567-781-2895x6964,Male,1967-05-05,2024-01-28
C000995,John,Walters,danielhamilton@example.net,5803178285,Male,1959-01-23,2025-01-24
C000996,John,Villarreal,eglover@example.net,(215)994-6546,Female,1974-01-28,2023-09-18
C000997,Amy,Chase,zchurch@example.com,240-552-1118,Female,1974-11-11,2022-12-12
C000998,Jose,Howell,abentley@example.org,553.788.5305x170,Female,1946-09-14,2024-08-20
C000999,Luke,Martinez,linda83@example.net,9075366590,Male,1967-01-13,2026-04-09
C001000,Kevin,Watts,plarson@example.net,746-346-9175,Male,1966-09-12,2023-06-21
C001001,Melissa,Klein,hcline@example.org,001-485-683-6663x005,Female,1942-09-21,2021-12-21
C001002,Kayla,Bryant,nicholasdaniel@example.net,595-272-5057x532,Male,1985-04-05,2022-04-28
C001003,Dakota,Hawkins,mccormickjulie@example.net,(464)453-9367,Female,2000-04-27,2022-07-09
C001004,Jonathan,Nguyen,kenneth93@example.org,385-485-8901,Male,1961-03-01,2024-08-01
C001005,Sean,Johnson,brianna15@example.net,577-594-9261x699,Male,1943-01-23,2025-01-16
C001006,Laura,Blackwell,curtiscarter@example.net,851-504-5250,Female,1951-09-26,2024-03-26
C001007,Adam,Lane,moorejustin@example.com,4656463824,Male,1966-02-02,2023-11-09
C001008,Joshua,Phillips,friedmanjose@example.net,623.625.1051x506,Male,1979-03-09,2023-04-04
C001009,Drew,Davis,brittany23@example.net,001-761-295-3740,Male,1953-03-12,2023-03-29
C001010,Amy,Mcintosh,whitneymiller@example.org,(977)385-3497,Female,1964-12-18,2021-12-09
C001011,Frank,Cowan,tadams@example.org,001-769-849-9871,Female,1962-09-25,2023-05-28
C001012,Victor,Johnson,melissaclark@example.net,+1-854-315-3099x438,Male,1977-10-11,2025-02-27
C001013,James,Bauer,elizabeth10@example.net,001-936-385-5636x1816,Female,1978-10-14,2022-12-03
C001014,Kathy,Reed,kaitlyn71@example.org,807.479.1532,Male,1959-07-22,2022-08-24
C001015,Patrick,Jefferson,cheryl07@example.org,(890)462-7530x7230,Female,1968-03-24,2025-08-23
C001016,Misty,Wilkinson,lwarren@example.org,752.602.0059,Male,1946-10-21,2022-07-09
C001017,Stephanie,Miles,ysmith@example.net,691.576.7511,Female,1990-07-17,2025-03-23
C001018,Natalie,Austin,curtisaustin@example.org,603.343.2554,Male,1947-09-30,2026-03-23
C001019,Kimberly,Lynch,donald14@example.org,(815)515-4381x98802,Male,1982-01-31,2025-03-31
C001020,Savannah,Brooks,madison91@example.org,277.778.7532x6547,Male,1941-01-29,2023-05-22
C001021,Sarah,Munoz,johncaldwell@example.net,487-335-2040x7914,Male,2006-02-07,2023-09-28
C001022,Laurie,Krueger,james35@example.org,681-716-0831x017,Female,1965-05-13,2026-04-19
C001023,James,Thompson,allentracy@example.com,4252681331,Female,1937-12-14,2023-03-03
C001024,Jonathan,Thomas,brooksbrian@example.org,(624)865-4831x26802,Female,1989-09-03,2022-09-14
C001025,Tracy,Jimenez,bmanning@example.com,(625)559-1236x717,Male,1979-06-27,2024-05-30
C001026,Sarah,Newman,maria83@example.net,+1-721-215-2081,Female,1981-02-20,2025-08-29
C001027,Laura,Cantrell,elizabeth84@example.net,001-532-649-4985x109,Male,1956-09-26,2024-06-19
C001028,Julie,Bradford,katie53@example.com,+1-417-549-9853x136,Female,1979-11-19,2023-12-07
C001029,Audrey,Vasquez,victoria21@example.net,001-792-746-4934x962,Male,1974-07-20,2021-10-26
C001030,Sheena,Rogers,mooreevan@example.com,001-534-209-4779x702,Female,1973-08-11,2025-01-16
C001031,Garrett,Miller,nichole27@example.net,362.428.5395x2568,Male,1963-12-28,2026-06-15
C001032,Michael,Owens,dianacarroll@example.com,376-522-4013x8284,Female,1963-01-31,2022-10-12
C001033,Joshua,Rodriguez,colehaas@example.net,304.839.7154x71545,Male,1958-03-18,2026-06-17
C001034,Joshua,Campbell,hernandezmakayla@example.org,+1-860-227-1144x1178,Female,1970-09-24,2026-05-19
C001035,Lori,Brooks,alexandermelinda@example.org,(965)835-6666x393,Female,1944-01-13,2026-05-01
C001036,Terri,Smith,blane@example.net,420.733.3477,Male,1950-10-29,2021-12-20
C001037,Vanessa,Day,perkinsmark@example.com,9078941896,Female,1978-03-19,2026-01-03
C001038,Danielle,Wells,jackdillon@example.net,001-787-676-8045x55133,Male,1986-06-11,2026-05-15
C001039,Charles,Bell,ooliver@example.org,925-696-0128x606,Female,1948-03-12,2026-04-29
C001040,Tammy,Foster,joan64@example.net,001-338-301-1654x56238,Male,1968-05-10,2021-09-20
C001041,Erin,Murray,adavenport@example.net,+1-658-349-1748x2124,Female,1963-07-28,2022-06-09
C001042,Matthew,Haney,davidmartin@example.com,315-688-8978,Male,2005-11-26,2023-07-19
C001043,Mark,Adams,cbennett@example.net,+1-312-699-9736,Female,1999-05-25,2024-11-17
C001044,Walter,Brown,cynthiasexton@example.com,613-653-7065,Male,1990-07-28,2024-05-16
C001045,Megan,Baldwin,nmolina@example.com,269.934.5245x66499,Male,2007-05-08,2023-07-22
C001046,Suzanne,Ryan,jowen@example.com,(857)968-7058x25571,Female,1965-06-27,2023-12-25
C001047,Ashley,Garcia,kathleen58@example.org,530.517.7689x656,Male,1980-10-30,2023-10-13
C001048,Sarah,Lamb,stricklandcaroline@example.com,(495)335-5345,Female,1984-02-12,2024-05-05
C001049,Nicholas,Tucker,carterernest@example.org,+1-247-723-3518,Female,1938-01-25,2022-01-14
C001050,Caleb,Edwards,mccartyvickie@example.net,537.981.0785x474,Male,1936-04-01,2025-06-08
C001051,Mary,Jacobs,huffmanjoseph@example.net,001-585-733-2723x86319,Female,1937-07-25,2024-05-21
C001052,Bobby,Fuller,rschmidt@example.net,+1-275-423-2033x5457,Female,1990-05-24,2021-08-02
C001053,Eric,Hull,christopher88@example.org,(700)826-1049x0356,Female,2002-10-29,2023-03-02
C001054,Nicole,Thompson,glenn86@example.org,+1-303-928-6029x103,Female,2002-07-22,2025-09-21
C001055,Luis,Garcia,dcrane@example.net,752.574.7780,Female,1977-04-01,2023-11-03
C001056,Robert,Boone,daniellecarlson@example.org,+1-771-563-5033x1973,Male,2000-03-01,2024-02-11
C001057,Connie,Vaughn,dmitchell@example.net,3303147000,Female,1992-05-25,2025-08-19
C001058,Joseph,Thompson,mmcmahon@example.com,+1-371-710-8705x2049,Male,1951-06-04,2023-11-19
C001059,Shane,Torres,lisaosborne@example.com,2605619830,Male,1954-09-03,2026-01-16
C001060,Cassidy,Lam,qharvey@example.org,001-809-525-0285x67577,Female,1962-04-10,2026-03-20
C001061,Martha,Smith,yvette51@example.net,001-418-520-5607,Male,2003-09-06,2024-04-22
C001062,John,Lopez,burtondeborah@example.com,904.864.0223x72939,Male,1938-04-23,2024-02-07
C001063,Laura,Phillips,nicholas01@example.com,486-600-0751x2620,Male,2003-01-11,2025-11-16
C001064,Stacey,Ryan,robert60@example.org,001-279-521-9538x76629,Male,1950-12-16,2022-10-10
C001065,Sandra,Anderson,ashley04@example.com,(501)718-0852x21533,Male,1945-10-13,2023-04-21
C001066,Steven,Nelson,mike59@example.net,+1-665-841-7250x2116,Female,1994-02-21,2024-08-15
C001067,Devin,Ponce,brockchristopher@example.org,653.549.6240,Male,1943-03-23,2022-04-30
C001068,Brian,Williams,ritterrobert@example.net,(431)339-9213x22629,Female,1982-02-13,2021-12-29
C001069,Lori,Webb,rrangel@example.net,(323)276-1545,Female,2000-11-03,2022-09-06
C001070,Allison,Huff,sarah15@example.net,517.745.7501,Female,1938-11-07,2021-12-15
C001071,Kevin,Jones,james75@example.net,831.591.3144x279,Female,1955-03-18,2023-06-10
C001072,Gregory,Duke,jjones@example.net,913.996.8850,Female,1948-07-24,2025-01-10
C001073,Amy,Bean,mariarichmond@example.com,001-373-527-2860x52453,Female,1951-06-25,2024-09-14
C001074,Christopher,Hurst,rachel30@example.net,254-366-5326,Female,1984-06-09,2025-02-01
C001075,Seth,Vargas,gomezmichelle@example.net,504-840-2086x153,Female,1996-03-07,2023-05-17
C001076,Joshua,Chen,jwilson@example.com,+1-982-770-4068x656,Male,1982-03-13,2023-06-14
C001077,Erica,Harmon,qsnyder@example.org,(316)739-4302x73359,Female,1958-05-16,2025-12-07
C001078,Joshua,Anderson,crystal95@example.org,(973)619-8600,Female,1976-02-15,2026-06-27
C001079,Tina,Moran,arogers@example.com,(976)801-0986x01337,Female,1997-12-06,2024-08-17
C001080,Kevin,Landry,currydebra@example.com,001-639-208-9500x098,Female,1969-10-01,2023-09-26
C001081,Tracy,Wright,hsmith@example.net,(972)410-3541x99606,Female,1958-06-01,2023-04-24
C001082,Caroline,Quinn,nathanpeterson@example.org,6677366983,Male,1970-08-30,2022-03-08
C001083,Erika,Morris,colleen20@example.net,001-644-747-2446x023,Male,1986-09-16,2024-07-31
C001084,Richard,Williams,uyoung@example.com,(667)822-9237,Female,1987-05-16,2025-07-09
C001085,Veronica,Sandoval,aguirretimothy@example.net,462.482.9441,Female,1985-09-28,2022-01-08
C001086,Johnny,Murphy,staciesmith@example.net,001-791-240-0680x682,Female,1998-05-22,2022-10-02
C001087,David,Tyler,hannahconway@example.net,+1-903-668-5174x7309,Male,1957-02-04,2026-02-09
C001088,Brittany,Walters,mortiz@example.org,001-344-613-2783x1797,Female,1936-04-24,2021-08-14
C001089,Maria,Miller,jacquelinedawson@example.com,325.252.1261x97320,Female,1988-09-21,2023-11-10
C001090,Amanda,Norton,qstephens@example.org,001-706-510-8637x20601,Female,1961-03-16,2023-09-05
C001091,Aaron,Lane,dmcdonald@example.net,+1-411-235-6740x945,Female,1936-05-06,2025-10-08
C001092,Jennifer,Jordan,fraziertaylor@example.org,001-250-506-6760x784,Male,1981-12-14,2025-09-28
C001093,Stephanie,Mills,ruizdavid@example.com,+1-996-986-3562x6083,Male,1952-01-05,2023-02-20
C001094,Rachael,Watson,brownterri@example.com,001-616-903-5590x946,Female,1976-11-22,2022-07-18
C001095,Brandon,Ward,justinmcclain@example.com,838-718-7593x7776,Female,1954-08-20,2024-09-30
C001096,Michelle,Galloway,johnsonkristin@example.com,2254762147,Female,1936-12-12,2023-03-31
C001097,Kristen,Thomas,theodore98@example.net,(740)534-4473,Male,1980-12-29,2023-02-23
C001098,Daniel,Jackson,katie98@example.org,880.273.9393,Female,2005-01-17,2024-05-14
C001099,Amber,Adams,evan24@example.org,962-643-0393,Male,1977-08-22,2022-05-31
C001100,Jorge,Howell,lwebster@example.net,(692)954-6156,Female,1956-02-06,2021-07-17
C001101,Jesus,Pierce,lmullen@example.org,888-958-5661,Male,1988-08-04,2023-11-10
C001102,David,Barnes,omorrison@example.net,001-302-706-5717x10218,Male,1994-11-28,2023-04-27
C001103,Mikayla,Hawkins,adam94@example.org,217.420.0661x9993,Male,1956-03-17,2022-06-28
C001104,Sandra,Good,diane58@example.org,944-454-5012,Male,1976-11-10,2024-04-11
C001105,Kimberly,Hicks,jacksonthomas@example.org,001-373-243-0301,Male,1968-07-28,2024-11-28
C001106,Samantha,Graves,sharongarcia@example.org,(852)799-0150x830,Male,1997-05-25,2024-03-23
C001107,Thomas,Woods,iclark@example.com,428-860-5721x8676,Female,1999-11-11,2021-09-05
C001108,Louis,Johnson,randykelly@example.net,988.748.9951x89158,Female,1988-04-29,2025-08-04
C001109,Natalie,Hodges,jennifermartin@example.org,535.369.5858x8389,Male,1950-05-17,2022-08-24
C001110,Hannah,Reeves,echapman@example.org,7358028057,Male,1944-02-09,2022-05-03
C001111,Kristen,Horton,lisa86@example.com,686-982-6442x201,Female,1984-11-01,2024-01-18
C001112,David,Rivera,kimberly38@example.com,757-581-1659x14306,Female,1994-08-24,2022-04-05
C001113,Joseph,Heath,derekbrown@example.net,001-428-570-9957x85897,Female,1976-04-16,2025-03-23
C001114,Tyler,Le,hcampbell@example.com,+1-727-523-5092x1259,Male,1953-07-10,2026-03-11
C001115,Kevin,Parker,ryan01@example.org,+1-943-475-8083x05787,Female,1999-10-01,2022-01-09
C001116,Preston,Morales,turnersherry@example.com,209-303-9115x76410,Male,1986-12-10,2023-05-31
C001117,Wendy,Shields,ocastaneda@example.net,(466)764-9200,Male,1947-01-14,2022-05-11
C001118,Sarah,Kirk,bmedina@example.com,(813)551-8237x655,Male,1963-11-05,2024-08-19
C001119,Jason,Gould,awilson@example.org,587-586-2244x826,Male,1975-02-04,2024-05-03
C001120,Melissa,Kelly,spencercurtis@example.com,852-394-4929,Female,1996-10-29,2023-03-06
C001121,Adam,Mason,msmith@example.com,+1-919-655-8207x8289,Female,1971-12-02,2023-05-23
C001122,William,Baker,shelbymullen@example.org,797.645.5037,Male,1960-03-14,2023-08-11
C001123,Erin,Grant,jessemcgrath@example.com,379.367.0133x53331,Male,1939-11-29,2022-09-05
C001124,Keith,Grant,robert69@example.com,(248)471-8495,Female,1987-04-12,2024-04-10
C001125,Jeffrey,Thompson,angela49@example.com,(746)435-4441,Female,1976-12-27,2022-08-08
C001126,Elizabeth,Christian,morriserin@example.net,674.385.3286,Female,1967-07-07,2025-11-27
C001127,Jeffery,King,johnburnett@example.net,468.608.1717x29098,Female,1951-03-16,2025-12-19
C001128,Jack,Robinson,gkim@example.com,798.949.0648x728,Female,2000-02-27,2026-01-17
C001129,Robert,Chung,hendrixtyler@example.net,001-462-825-4115,Female,1973-06-17,2021-09-24
C001130,Mary,Orr,riverakenneth@example.org,877.385.9319,Male,1977-07-23,2022-07-10
C001131,Paula,Hill,andreaflores@example.org,5174634433,Female,1986-06-29,2026-01-26
C001132,Elizabeth,Taylor,qjackson@example.net,(903)827-2413x17658,Female,1972-08-30,2026-03-15
C001133,Chad,Barnes,kfisher@example.org,325.541.5265x5649,Male,2002-01-19,2024-02-26
C001134,Joshua,Dominguez,dennis76@example.org,709.227.5787x4201,Male,1955-08-22,2025-08-18
C001135,Katelyn,Mejia,jeanette23@example.net,(670)664-7343,Female,1994-06-09,2023-09-13
C001136,John,Parker,gabrielle77@example.org,(477)956-1378,Male,1990-08-12,2021-10-18
C001137,Linda,Douglas,jaguilar@example.com,599.645.7424,Male,1979-07-11,2021-08-26
C001138,Laura,Pope,ebecker@example.org,760-691-5500x1782,Male,1982-12-05,2021-11-14
C001139,Mary,Collins,bmoody@example.com,+1-447-879-6743x088,Male,2007-02-06,2024-11-19
C001140,David,Gaines,aramirez@example.com,694-232-0204x592,Male,1980-08-31,2024-09-03
C001141,Micheal,Miller,wileymark@example.com,(460)329-6713x8263,Female,1973-11-03,2024-04-03
C001142,Stephen,Pitts,barnesstephanie@example.net,(948)282-4585x859,Male,2007-10-27,2022-04-15
C001143,Scott,Lewis,kfox@example.net,725.632.2800x6544,Female,1986-01-29,2024-05-15
C001144,Travis,Parker,melindawright@example.net,+1-418-947-9260,Female,1940-01-13,2021-10-31
C001145,George,Gonzales,rcunningham@example.com,001-205-874-5718x426,Male,1982-11-05,2021-09-09
C001146,Amber,Cabrera,yjones@example.net,001-515-551-8288x541,Female,1984-07-12,2022-05-13
C001147,Rachel,Martinez,dhartman@example.net,373.742.8902,Female,1986-04-29,2021-11-18
C001148,Sandra,Mason,vsampson@example.net,001-546-517-5424x430,Female,2002-10-05,2024-03-02
C001149,Edward,James,hunterdenise@example.net,936.906.5135x29442,Male,1956-12-20,2025-11-05
C001150,James,Barnes,robbinseric@example.com,572.647.9249,Male,1949-11-14,2021-09-06
C001151,Madison,Clarke,igolden@example.net,+1-391-823-4322x454,Female,1962-07-19,2025-06-11
C001152,Kathleen,Wallace,lawrencejessica@example.org,226-641-8338x00151,Male,1988-08-03,2022-11-12
C001153,Richard,Lopez,daniellemurray@example.net,+1-960-293-8007x54638,Male,1986-04-27,2026-06-17
C001154,Dawn,Baird,gvasquez@example.org,2244162725,Female,1977-11-28,2026-05-13
C001155,Maria,Cross,rojasbrittany@example.com,(243)205-8274,Female,1968-04-17,2024-08-15
C001156,Donald,Roberts,kristen94@example.org,001-966-348-8787x626,Female,1957-08-12,2024-11-04
C001157,Tiffany,Henderson,zcaldwell@example.org,001-765-580-5831x37245,Male,1981-04-26,2024-03-12
C001158,Susan,Baird,stephanie18@example.org,+1-408-419-0022x411,Female,1965-06-27,2023-09-08
C001159,Bruce,Adams,mharris@example.net,6079537275,Female,1958-04-05,2022-05-05
C001160,Kevin,Morris,angelahawkins@example.com,6329116055,Female,2005-08-06,2022-03-05
C001161,Patrick,Abbott,steelekristy@example.net,+1-546-432-5213x6153,Male,1961-05-30,2023-12-21
C001162,Krystal,Orr,tuckertimothy@example.net,2286206281,Female,1995-11-30,2024-04-28
C001163,Rebekah,Sullivan,emily81@example.com,(664)696-9269,Female,2002-05-31,2026-01-27
C001164,Edward,Liu,gordonstephen@example.org,686.918.9931x2157,Female,1948-04-02,2026-03-23
C001165,Eric,Bryant,juliajames@example.com,001-936-666-6199x08304,Male,1962-12-14,2024-08-08
C001166,Blake,Friedman,tdecker@example.net,(510)883-8079x27064,Female,1949-02-26,2024-11-01
C001167,Vickie,Anderson,herrerakimberly@example.org,(426)624-5041x075,Male,1958-12-25,2021-07-07
C001168,Andre,Goodman,ksmith@example.net,471.623.5951x84581,Male,1957-11-17,2022-11-19
C001169,Darren,Mason,daviswilliam@example.com,001-983-980-7674x742,Male,1957-02-25,2021-11-07
C001170,Michael,Brown,wernerbrian@example.net,881.804.2645,Female,1994-09-20,2026-04-22
C001171,James,Gonzalez,kim33@example.org,+1-509-829-6339x0766,Male,2004-04-01,2023-02-21
C001172,Alexander,Rivera,alexisharris@example.org,792.325.1141x9690,Male,1947-11-19,2024-03-03
C001173,Kelsey,Petersen,weissbrenda@example.org,613.809.7323,Female,1967-09-02,2023-06-11
C001174,Olivia,Brock,rachelsalazar@example.net,907-862-6510x7373,Female,1994-02-01,2026-03-17
C001175,Maria,Murphy,sara38@example.net,001-953-755-6708x644,Male,1959-08-07,2021-08-27
C001176,Justin,Jefferson,thompsontimothy@example.org,969.356.2578x053,Female,1986-07-07,2021-11-10
C001177,Daniel,Day,stephen55@example.com,001-776-963-5260,Male,1962-12-05,2024-01-29
C001178,Billy,Whitaker,kurt12@example.com,453-487-8147x0544,Male,1941-11-08,2025-04-19
C001179,Brian,Stevens,pevans@example.com,392.309.8523x335,Female,1978-12-11,2023-02-12
C001180,Frederick,Garner,cookchristopher@example.net,6435816700,Female,1995-03-11,2025-11-03
C001181,James,Stewart,nedwards@example.com,001-521-363-1036,Female,1957-02-23,2025-09-22
C001182,Tristan,Smith,susan76@example.net,+1-381-711-2537,Female,1977-04-29,2022-09-18
C001183,Brandon,Hammond,lmyers@example.org,616-877-4799x306,Female,1976-06-10,2023-11-04
C001184,John,Nguyen,bcurtis@example.net,666.282.3227x879,Female,1935-11-05,2024-09-06
C001185,Vanessa,Rivers,jeffrey93@example.org,894-714-5926,Female,1995-03-10,2024-09-13
C001186,Nathan,Washington,znelson@example.com,+1-998-548-8793x629,Female,1939-09-27,2025-04-11
C001187,Eric,Buchanan,zlang@example.net,423-340-9832x031,Female,1962-09-26,2024-08-13
C001188,Valerie,Roy,paul57@example.org,704.408.3021,Female,2008-06-13,2024-05-19
C001189,Amanda,Miles,catherine29@example.net,+1-209-770-9240,Male,1959-12-07,2025-12-09
C001190,Tiffany,Skinner,psantiago@example.net,001-860-466-5431x3304,Male,1970-03-09,2025-07-28
C001191,Andre,Hanson,stephanie21@example.org,533.558.4728x23506,Male,1966-01-24,2024-03-12
C001192,Heather,Johnson,whart@example.com,565.294.5098,Male,1940-11-04,2026-04-20
C001193,Christine,Cruz,carolynpeters@example.org,(540)932-2564x9882,Male,1976-01-24,2025-03-29
C001194,Emily,Massey,michellemoody@example.com,+1-259-761-1756x922,Male,1939-03-25,2023-07-11
C001195,Jake,Palmer,ashleyhicks@example.net,319-509-4008,Female,1981-09-17,2022-08-07
C001196,Daniel,Henderson,michael36@example.net,(768)976-9286x985,Female,1944-05-28,2023-05-29
C001197,Sarah,Hill,brettperez@example.com,+1-762-957-3137x565,Male,1960-01-20,2024-04-16
C001198,Christopher,Hatfield,rodney60@example.com,952-233-6125x27717,Male,1997-07-04,2024-09-08
C001199,Charles,Evans,sean28@example.org,8642340100,Female,1958-03-22,2024-03-01
C001200,Jonathon,Patterson,zimmermantimothy@example.net,001-775-837-9187x3948,Female,1937-02-02,2023-07-19
C001201,Kevin,Wu,crosbyjonathan@example.net,(574)349-9134x17162,Female,1986-12-20,2022-12-09
C001202,Amber,Nelson,jeffreyhicks@example.org,(441)327-7672,Female,1960-07-03,2026-06-06
C001203,Michael,Thompson,tiffanyjimenez@example.net,+1-858-931-6919x9708,Female,1945-07-18,2026-03-26
C001204,Joseph,Diaz,osmith@example.net,970.566.7313,Female,1949-04-20,2021-09-25
C001205,John,Johnson,laura60@example.org,(355)685-8474x182,Female,1976-07-07,2023-10-08
C001206,Olivia,Moses,carlsonkristen@example.org,(403)864-7305x307,Male,1970-07-26,2023-06-01
C001207,Stephen,Randall,ssmith@example.net,+1-707-506-3412x2804,Male,1982-09-10,2026-01-06
C001208,Rebecca,Jones,gjames@example.com,221-980-0844,Female,1958-10-14,2026-03-28
C001209,Jose,Myers,howellamy@example.org,+1-807-866-1992x112,Female,1988-03-14,2024-04-04
C001210,Thomas,Elliott,robert14@example.org,9998190293,Male,1948-06-08,2025-09-22
C001211,Rebecca,Compton,blackkim@example.com,(534)503-7314x425,Female,1943-12-07,2026-05-11
C001212,Laura,Martinez,heather86@example.org,(951)938-2851x493,Male,1962-04-17,2022-11-11
C001213,Gregory,Garza,troy79@example.net,640.462.7868x01440,Female,1941-07-28,2026-05-15
C001214,Dawn,Chandler,matthew81@example.com,8555265960,Female,1992-05-17,2022-08-24
C001215,Austin,Chandler,williscameron@example.com,(776)539-1269,Female,1971-09-07,2022-09-24
C001216,Sandra,King,marydixon@example.com,+1-723-554-6694x0059,Male,1952-12-21,2023-08-11
C001217,Karina,Williams,michaeljohnson@example.net,+1-760-915-8131x61990,Male,1957-02-22,2024-10-22
C001218,Emily,Harris,tcampbell@example.org,001-319-948-0894x29457,Male,1947-02-18,2024-06-23
C001219,Ronald,Miller,kennethtaylor@example.com,+1-805-940-8710x340,Female,1940-12-22,2023-05-12
C001220,William,Franco,charlesgarcia@example.org,250-377-8374,Female,1935-07-24,2025-04-26
C001221,Robert,Ellis,kurt69@example.org,482-828-0558x65627,Male,1987-07-18,2025-09-12
C001222,Michele,Perez,lucerojacqueline@example.org,6488416761,Male,1938-10-09,2026-06-11
C001223,Linda,Ford,gibbsnancy@example.org,001-764-457-7484x12156,Female,1942-06-23,2024-09-12
C001224,Hunter,Sullivan,jdavis@example.net,507.445.3748x997,Male,1937-10-14,2022-05-11
C001225,Tammy,Skinner,taylorkatherine@example.org,6477280418,Male,1969-10-26,2024-07-25
C001226,Michelle,Wu,millerglen@example.net,626-948-1513,Female,2004-05-11,2022-07-10
C001227,Cindy,Solomon,aguilaralan@example.com,001-931-806-9751,Male,1993-03-24,2021-09-08
C001228,James,Carey,emilyblevins@example.com,284.887.8967x13528,Male,2007-08-07,2021-12-02
C001229,Steven,Lopez,hhines@example.org,940.347.7219x28857,Male,1999-01-21,2022-09-22
C001230,Sean,Williams,mjones@example.net,(250)398-2661,Female,1991-01-21,2023-04-13
C001231,Robert,Jones,gbaker@example.org,6772734399,Male,1996-02-13,2021-11-16
C001232,Jessica,Turner,jerrygilbert@example.org,001-920-210-7995x387,Male,2006-07-14,2024-03-03
C001233,Carrie,Liu,millererik@example.com,894-684-0866x61309,Female,1994-06-17,2023-05-21
C001234,Daniel,Reed,opreston@example.org,001-551-806-2231,Male,1952-08-22,2024-02-14
C001235,Christopher,Huang,qbrown@example.net,001-603-563-8012x183,Male,1964-04-18,2022-03-26
C001236,James,Gonzalez,catherine37@example.net,(543)826-0919,Female,1938-08-07,2021-07-22
C001237,Emma,Hensley,staciedavis@example.com,+1-283-754-6311x0649,Male,1975-08-25,2025-05-27
C001238,Andrea,Campbell,louis82@example.org,938-533-0011x7004,Male,1992-07-08,2023-02-13
C001239,Patricia,Hansen,williamanderson@example.org,718-988-8338x325,Female,1966-07-04,2025-02-24
C001240,Amanda,Flores,stephaniewatkins@example.org,(567)536-4826,Male,1962-11-29,2024-06-08
C001241,Emily,Pena,rpalmer@example.net,519-515-3263,Male,1943-05-30,2023-06-17
C001242,Travis,Tucker,heidi45@example.com,891-749-6826x6285,Male,1971-12-10,2021-12-14
C001243,Dakota,Aguirre,paulhenry@example.com,396.710.3395x981,Female,2004-11-18,2022-05-30
C001244,Lawrence,Norton,christopherfitzgerald@example.org,2927023337,Female,1986-05-05,2025-10-26
C001245,Frank,Francis,morrisjason@example.com,(692)758-3384,Female,1992-07-10,2022-07-30
C001246,Anthony,Young,caroline61@example.org,497-614-8623x70980,Female,1980-01-03,2025-09-06
C001247,Amy,Tran,bowenmadison@example.org,(685)540-7664x77985,Male,1988-03-26,2023-05-29
C001248,Thomas,Hancock,derrick47@example.net,717-708-8434x941,Male,1950-08-20,2025-02-19
C001249,Andrea,Lawson,amanda09@example.com,001-376-665-7439x854,Female,1958-03-19,2023-03-14
C001250,Keith,Burns,imurphy@example.org,348.527.2620x016,Male,1941-11-19,2024-06-13
C001251,Jonathan,Whitaker,philiphawkins@example.org,(794)993-5291x8512,Male,1985-02-17,2023-11-19
C001252,Evan,Gordon,isingleton@example.net,792.618.9526x098,Female,1966-05-25,2025-04-16
C001253,Jared,Mills,jacksmith@example.net,001-731-327-4942x5347,Female,1974-06-24,2023-02-27
C001254,Edward,Smith,joerobinson@example.net,889.343.7122x511,Male,1995-09-04,2022-10-25
C001255,Nancy,Miller,kgeorge@example.net,001-371-848-5291x61449,Female,1940-01-20,2025-06-05
C001256,Katherine,Mckee,torresthomas@example.net,001-423-259-7091x46645,Female,1968-03-26,2025-11-24
C001257,David,Williamson,olynn@example.net,001-209-305-2009x67478,Female,1984-10-02,2022-06-21
C001258,Mario,Smith,arnoldjonathan@example.com,(515)895-8471x773,Female,1972-07-05,2021-11-19
C001259,James,York,elizabethmurray@example.org,001-388-703-5483x996,Male,1952-02-12,2024-04-01
C001260,Lisa,Brooks,bryanmeyers@example.org,904.446.8124x841,Male,2000-07-13,2022-02-09
C001261,Becky,Murphy,qchristian@example.com,(721)406-6191x7752,Male,1954-11-26,2026-05-03
C001262,Janice,Long,brett05@example.com,001-442-341-1759x502,Female,1985-06-20,2022-04-24
C001263,John,Holt,jeffrey17@example.org,(635)643-8039x717,Male,1975-10-20,2022-05-13
C001264,Harry,Fuller,reyestara@example.net,+1-893-321-6613,Male,1942-09-07,2026-01-13
C001265,Jason,Torres,james92@example.com,+1-279-862-2492x603,Female,1954-02-06,2022-10-16
C001266,Kyle,Smith,kristinabyrd@example.org,+1-498-877-3177,Male,1945-10-16,2025-08-01
C001267,Patricia,Moore,pricesarah@example.com,677.438.4298,Female,1954-03-26,2023-10-14
C001268,Bradley,Marquez,owilson@example.net,6219916912,Female,2002-01-20,2026-05-06
C001269,Sherri,Mcdonald,ericlopez@example.com,377-302-3085x586,Male,1953-02-15,2023-01-20
C001270,Jennifer,Lewis,karen70@example.net,409.425.9248,Male,1978-12-09,2024-08-22
C001271,Elizabeth,Johnson,glendarobertson@example.org,(227)209-7508,Male,1992-03-22,2023-07-19
C001272,Susan,Johnson,kenneth28@example.net,516.830.8416,Female,1936-02-22,2022-02-11
C001273,Laura,Johnson,ambermaldonado@example.net,(200)597-8304,Female,1989-09-04,2023-07-27
C001274,Carmen,Hill,sandramoore@example.org,001-488-532-2771x305,Female,1987-02-03,2024-05-04
C001275,Tiffany,Weaver,qdurham@example.org,918.365.7270,Female,1951-02-24,2026-03-10
C001276,Ryan,Nelson,newtonnicole@example.org,841.678.9773x39638,Female,2006-10-28,2026-02-16
C001277,Jessica,Arias,agreene@example.net,721.302.6754x95689,Male,1994-11-10,2025-12-18
C001278,Alexander,Arnold,ybrown@example.net,(278)631-4308x776,Female,2002-02-27,2021-12-06
C001279,Shane,Klein,jamesheath@example.com,789-213-8225x3439,Female,1981-03-01,2022-05-21
C001280,Robert,Reynolds,patricia22@example.net,854.273.1695x4595,Male,1955-05-06,2024-07-20
C001281,Anthony,Henry,esantana@example.net,(574)967-5344x532,Female,1988-10-13,2023-11-20
C001282,Deborah,Walsh,jasonsmith@example.com,+1-783-276-9828x61473,Male,1949-11-23,2025-07-06
C001283,Daniel,Mathis,nancyfarley@example.net,+1-346-760-4097x32288,Male,1977-05-26,2021-09-25
C001284,Ryan,Griffin,gregoryedwards@example.org,871.672.0349,Male,1949-01-12,2022-03-27
C001285,Joseph,Ramirez,vjohnson@example.org,(727)665-0066x2078,Female,1960-08-06,2022-08-25
C001286,Gary,Daniel,khebert@example.com,389.806.2614x93711,Male,1946-08-09,2025-01-24
C001287,Roy,Baxter,william63@example.org,001-554-368-0103x9813,Female,2000-09-11,2023-11-24
C001288,Brandon,Caldwell,josephanderson@example.net,001-626-342-4696,Female,1956-11-10,2022-04-17
C001289,Marissa,Anderson,ylewis@example.org,001-746-835-2507x4525,Male,2006-11-02,2024-12-03
C001290,Tonya,Nicholson,mmorgan@example.net,507-563-5375,Male,2008-06-08,2025-12-30
C001291,Joshua,Scott,karenhenderson@example.com,4784326022,Female,1979-03-31,2025-12-29
C001292,Kara,Fisher,ophillips@example.org,769-477-6313,Male,1959-04-15,2022-11-21
C001293,Isabel,Ferguson,cameronclark@example.org,509-998-4354x796,Male,1987-05-13,2026-03-07
C001294,Danielle,Bowman,christian19@example.org,697.389.6073x85935,Female,1937-10-06,2024-06-21
C001295,Ebony,Wilson,amy24@example.com,(503)925-3030,Male,1948-04-29,2024-10-14
C001296,Michelle,Lewis,todd07@example.net,7768601812,Male,1986-10-28,2024-08-08
C001297,Julia,Miller,bking@example.com,+1-947-417-5242x80862,Male,1937-07-22,2026-02-23
C001298,Tara,Brown,amanda46@example.com,585.487.4591,Male,1944-01-02,2025-11-14
C001299,David,Watson,wadebrian@example.com,001-337-798-2689,Female,1986-01-26,2023-01-17
C001300,Kathryn,Kerr,valdezsharon@example.org,001-572-798-9345x4864,Female,1946-03-24,2026-03-27
C001301,William,Smith,murillorebecca@example.org,605.422.8712x6732,Male,1941-08-08,2022-02-20
C001302,Linda,Torres,qwilliams@example.net,001-624-232-2576x9292,Male,1991-04-11,2026-03-10
C001303,Allison,Harvey,stefanieward@example.net,712.651.4707,Male,1952-04-28,2026-04-06
C001304,Traci,Dixon,zmartinez@example.net,718.870.6509x3912,Female,1951-03-26,2022-09-25
C001305,Benjamin,Robles,ericholmes@example.com,(668)542-7093,Male,1961-06-05,2022-05-20
C001306,Adam,Ray,joshuagrant@example.com,001-327-612-9703x13691,Male,1970-11-07,2021-08-08
C001307,Elizabeth,Sanders,ofoster@example.net,(455)782-7658,Female,1970-05-15,2024-04-23
C001308,Steven,Hunter,hallashley@example.org,211-631-8705,Male,1994-07-22,2023-06-22
C001309,Melissa,Hartman,sarahbrown@example.com,987-634-2505x197,Male,1936-12-06,2025-08-13
C001310,Jonathon,Mccullough,davishenry@example.com,001-475-852-1138x92682,Female,1954-07-01,2023-08-10
C001311,Amanda,Moore,doyledanielle@example.org,(205)909-7807,Male,1969-10-16,2023-04-23
C001312,Timothy,Phillips,vbrown@example.net,001-395-384-7041x5701,Female,1969-04-15,2021-08-31
C001313,Samantha,Andrews,skinnermax@example.com,521-449-3360x201,Female,1948-07-28,2022-03-14
C001314,Colton,Vargas,josephmoore@example.org,422-975-6564x33695,Female,1957-02-13,2025-11-25
C001315,Brian,Parker,joshua27@example.org,+1-915-720-8695x171,Female,1970-09-27,2021-07-23
C001316,Cheryl,Young,robert29@example.net,+1-451-370-8102x9914,Male,1943-06-26,2025-05-17
C001317,John,Ross,joeavila@example.com,369.721.0054,Female,1967-07-07,2023-07-08
C001318,Brandi,Chang,wwatkins@example.com,5307340614,Male,1960-03-01,2022-12-16
C001319,Scott,Robinson,michelle67@example.com,402.552.5504x243,Female,1964-01-13,2024-06-20
C001320,Lance,Ruiz,alexandriayu@example.net,365.701.9147x90820,Female,1970-06-16,2025-11-05
C001321,Ashley,Holloway,leelisa@example.com,949-600-8413,Female,1948-05-31,2024-06-06
C001322,Mario,Hale,linda50@example.org,767-455-4970,Female,1954-02-24,2021-08-11
C001323,Ashley,Schroeder,afarmer@example.net,447-756-6811,Female,1979-01-19,2024-09-30
C001324,Jessica,Porter,rstone@example.net,(627)919-1549x808,Male,1958-03-09,2025-01-27
C001325,Michael,Sullivan,quinndalton@example.net,001-296-763-1916x5923,Female,1972-02-06,2024-02-15
C001326,Gary,Burton,yray@example.org,(885)659-5112x746,Female,1998-12-07,2022-08-27
C001327,Billy,Gutierrez,brightwhitney@example.net,733-358-0287,Female,1965-01-15,2025-10-26
C001328,David,Nelson,asimpson@example.com,781-390-7490,Female,1944-06-25,2023-09-19
C001329,James,Shaffer,qpowell@example.net,773.496.0245x09229,Male,1958-08-15,2026-03-27
C001330,Jason,Salazar,caitlin09@example.net,+1-782-798-6798,Female,2007-07-02,2024-04-22
C001331,Joseph,Bell,christophergill@example.com,001-445-834-6974x4801,Female,1980-09-13,2023-06-15
C001332,Alan,Potter,gcox@example.com,836.532.9126x5494,Male,2008-05-31,2025-12-06
C001333,Heather,Mayo,kathrynfriedman@example.org,+1-217-843-9994x98012,Male,1981-10-06,2021-08-14
C001334,Matthew,Mcknight,pattykim@example.org,959.546.2628x4267,Male,1968-11-10,2021-09-09
C001335,Jill,Powell,briggstammy@example.net,567-538-3113x74826,Female,2005-07-02,2021-09-19
C001336,Jason,King,freemanjoshua@example.org,(865)907-6209x211,Female,1969-07-02,2024-01-10
C001337,Crystal,Young,robertbyrd@example.com,295.483.3535x84126,Male,1951-08-03,2022-11-19
C001338,David,Arnold,elizabeth23@example.org,(365)392-9719,Male,1953-01-19,2022-07-30
C001339,Edward,Richardson,davidvance@example.org,486.258.5382x6781,Male,1979-12-11,2025-01-10
C001340,Jennifer,Moore,qrobertson@example.net,+1-960-448-0372x2158,Male,1942-12-15,2025-11-16
C001341,Arthur,Leonard,scottwalker@example.com,001-900-539-7704,Female,1939-03-08,2023-09-05
C001342,Abigail,Cooper,michaeldixon@example.net,(847)621-3408,Male,1959-07-08,2023-10-04
C001343,William,Sutton,christina89@example.org,001-939-700-5600,Male,1946-01-13,2025-12-03
C001344,Paul,Taylor,forderic@example.net,520-214-6220,Female,2007-07-21,2025-08-01
C001345,Sierra,Kelley,paula07@example.net,644-706-1582x156,Female,2001-04-23,2026-04-09
C001346,Matthew,Foster,campbellcynthia@example.net,+1-371-932-0363x23125,Female,1949-12-23,2022-10-25
C001347,Brandi,Hernandez,tadams@example.com,(700)575-7966x2839,Male,1958-10-14,2021-11-23
C001348,Mark,Fuller,phudson@example.org,234-892-5078x5598,Female,1952-04-09,2022-04-24
C001349,Laura,Morse,lawrencelopez@example.org,903.341.0791,Male,1942-10-02,2024-06-30
C001350,Russell,Graves,catherineporter@example.org,354.450.6260x45508,Female,1964-06-07,2024-11-15
C001351,William,Lee,aherrera@example.net,322-246-0571x836,Male,1952-07-03,2025-02-10
C001352,Lisa,Douglas,jamesdixon@example.net,001-885-339-5729x697,Female,1963-05-10,2025-03-14
C001353,Carlos,Pham,stevenslee@example.com,8088745004,Female,1970-09-22,2025-12-19
C001354,Tracy,Walsh,elizabethmoyer@example.net,001-658-500-2370x5828,Male,1997-09-03,2025-06-22
C001355,Kristine,Moore,michael72@example.org,(624)985-5172,Female,1959-04-27,2021-10-07
C001356,Donna,Campbell,brettdaugherty@example.net,464-896-9101x295,Male,1973-03-20,2026-07-04
C001357,Nicole,Carroll,egreene@example.org,+1-668-203-0645x195,Male,2000-09-25,2025-07-16
C001358,Eric,Spence,yjones@example.com,270.270.7944,Female,1984-05-31,2022-04-30
C001359,Alexandra,Lewis,michael22@example.net,001-363-792-5419,Male,1942-07-19,2024-01-06
C001360,Keith,Wright,savagejames@example.org,(818)337-0409x138,Male,1997-05-19,2022-07-05
C001361,Christopher,Crawford,lauren15@example.com,+1-459-332-6467x44654,Male,2003-06-23,2025-08-24
C001362,Stephanie,Wilson,jenniferstewart@example.org,(605)319-5724,Male,1967-03-27,2024-05-21
C001363,Susan,Robinson,jake46@example.net,001-502-780-8674x4175,Female,1968-09-30,2023-02-23
C001364,Joshua,Francis,lindseysmith@example.net,(818)871-6680x8343,Male,1948-12-17,2023-07-02
C001365,Clayton,Chung,robert75@example.net,+1-884-786-2678,Female,1989-11-28,2026-02-05
C001366,Amy,White,mcculloughandrea@example.com,990-728-0771x0801,Female,1943-09-03,2021-11-24
C001367,Brenda,Krueger,angela97@example.org,3275897209,Male,1971-03-05,2022-07-08
C001368,Jack,Chan,mistyorozco@example.com,001-952-758-4890x481,Male,1938-01-24,2024-06-19
C001369,Devin,Ponce,kaylagardner@example.net,642-561-8676x1953,Male,1951-04-09,2026-04-16
C001370,Carol,Leonard,carol28@example.org,665.941.3558x87717,Male,2005-10-21,2026-05-06
C001371,Sara,Chan,dcollins@example.org,983.733.6488x152,Female,1936-06-28,2026-04-30
C001372,Kirk,Hernandez,dpeters@example.com,001-415-920-4234x3307,Male,1956-09-22,2022-10-24
C001373,Christina,King,candice77@example.net,001-539-504-6306x931,Female,1994-09-07,2022-12-11
C001374,Michael,Chandler,shawn78@example.net,001-730-706-5067x0277,Female,1939-11-30,2025-06-18
C001375,Ashley,Smith,marcwhitney@example.org,(235)317-1342,Female,1997-09-21,2024-03-04
C001376,Suzanne,Odonnell,elijah02@example.org,805-273-2222,Male,1959-08-31,2022-10-24
C001377,Samuel,White,chriscampos@example.com,+1-650-263-9015x143,Female,1945-08-24,2026-02-01
C001378,Samantha,Fisher,brownalexander@example.org,001-515-272-3916x41274,Female,1949-04-21,2026-05-28
C001379,Jeffrey,Garcia,bkim@example.com,+1-298-665-6850x8260,Female,1982-09-15,2024-09-30
C001380,Jimmy,Walter,vangkelly@example.net,(516)658-3545x979,Male,1958-06-26,2022-07-07
C001381,Donna,Medina,holly94@example.com,(623)293-4863x477,Male,1994-03-27,2023-05-15
C001382,Jason,Huerta,katie83@example.net,(321)245-3244x12614,Female,1959-11-01,2022-04-03
C001383,Rachel,Solis,daviscandace@example.net,+1-343-229-9838x241,Female,1939-12-19,2025-11-27
C001384,Karen,Yang,kennedyashley@example.com,541.502.8234x7821,Male,1968-07-01,2025-07-19
C001385,Jimmy,Zavala,matthewharris@example.net,710-380-1199,Female,1967-05-08,2021-08-12
C001386,Corey,Hanna,gwhite@example.net,805-987-3401x00535,Female,1975-05-31,2021-12-03
C001387,Ann,Watson,asantos@example.org,662.813.5307x8428,Male,1947-10-16,2025-02-09
C001388,Allen,Park,lindsey58@example.org,701-698-7697x986,Male,1955-10-16,2021-12-28
C001389,Angel,Williams,garciakylie@example.org,(682)306-5719,Male,1997-07-31,2022-04-18
C001390,Brian,Peck,terrypamela@example.net,(907)556-3760x81487,Male,1944-11-06,2026-03-11
C001391,Sandra,Hull,brian42@example.org,(616)572-9449,Female,1937-11-07,2023-12-14
C001392,Robert,Estrada,rgomez@example.org,769-664-1937,Female,1935-10-09,2025-12-14
C001393,Alicia,Williams,flyons@example.net,678-233-8617x32504,Male,1963-11-06,2022-01-24
C001394,Krista,King,michaelcarlson@example.net,401-793-7728x211,Male,1964-03-14,2024-07-22
C001395,Angela,Dixon,donald64@example.org,(594)531-8462x188,Female,1960-06-08,2021-07-25
C001396,Kimberly,Rosales,thomasdebra@example.org,001-605-858-4681x6879,Male,1947-05-11,2023-05-26
C001397,Jonathan,Williams,mbrown@example.org,331.387.4890x629,Female,1948-05-02,2023-08-13
C001398,Andrew,Velasquez,melissa43@example.com,2668612177,Male,2002-04-28,2023-06-20
C001399,Ryan,Lopez,donna24@example.org,(660)499-7591,Female,1983-09-10,2022-10-07
C001400,James,Smith,stephaniegrimes@example.net,973.360.1214,Female,1986-05-15,2025-01-27
C001401,Hailey,Giles,zacharywilliams@example.com,+1-362-404-0350x15571,Female,1971-01-30,2023-09-29
C001402,Kaitlin,Lynch,astephens@example.com,+1-750-726-7978x5708,Male,1971-04-08,2021-07-14
C001403,Ethan,Spencer,william28@example.org,(957)454-5246,Female,1977-09-09,2021-07-27
C001404,Kelly,Gutierrez,travis70@example.net,414-888-7841x22878,Female,1990-03-20,2023-07-07
C001405,Bradley,Henry,michaelsanchez@example.org,001-900-480-4273x1585,Female,1949-06-03,2021-08-11
C001406,Sandy,Stephenson,kimberlystevenson@example.net,(634)528-2238,Male,1979-01-17,2022-10-19
C001407,Jessica,Blankenship,tlyons@example.org,001-517-722-2920x61396,Female,1985-12-16,2022-09-24
C001408,Tara,Walker,wbell@example.net,001-552-236-1647x5197,Female,1951-02-07,2021-11-02
C001409,David,Sanchez,loribryan@example.org,947.229.5355x206,Female,1978-04-23,2023-07-04
C001410,Valerie,Ramirez,jessica59@example.net,939-786-3818,Male,1966-10-12,2021-11-17
C001411,Kimberly,White,rcox@example.net,+1-399-278-4371x764,Female,1973-07-16,2025-07-03
C001412,Michael,Lee,ubradley@example.net,+1-223-536-2875x532,Male,1946-01-16,2026-01-04
C001413,Amber,Bowen,michelle99@example.com,001-600-906-9541x6917,Female,1988-02-12,2025-09-26
C001414,Christine,Allen,jamescross@example.net,476-227-4844x45368,Female,1987-12-21,2024-04-14
C001415,Steven,Garcia,melissa97@example.com,339-869-7441,Female,1965-05-14,2023-08-08
C001416,Rebecca,Stevens,ibarrett@example.net,246-756-9647x945,Male,1967-04-23,2021-12-05
C001417,Christina,Petty,kimberlymolina@example.net,500.664.6300,Male,1969-08-31,2024-12-19
C001418,Christina,Macias,lewisbarbara@example.com,+1-702-764-1724x30932,Male,1968-09-21,2026-02-01
C001419,Heather,Branch,pamelaking@example.org,363.800.2423,Female,1962-03-26,2022-05-14
C001420,Sarah,Wright,jeffreyfisher@example.net,461.496.4636,Male,1949-07-05,2022-11-26
C001421,Madeline,Fields,berrytracy@example.org,+1-456-604-4169x41548,Female,2004-12-19,2024-01-24
C001422,Lawrence,Chan,michellewhite@example.org,(327)946-2677,Male,1957-01-20,2021-08-20
C001423,Glenn,Edwards,nicholas81@example.org,001-611-814-5816x411,Female,1992-07-19,2021-09-20
C001424,Heather,Moore,denise20@example.net,661.240.4887,Female,1964-07-31,2023-02-12
C001425,Daniel,Ramirez,francisco98@example.com,2723388303,Female,1975-01-12,2026-06-21
C001426,Jessica,Cunningham,brian16@example.net,(928)520-7658,Male,1955-12-11,2025-07-21
C001427,Robert,Nguyen,fullerjoseph@example.org,332-500-9947x8539,Female,1996-06-10,2022-05-26
C001428,Jonathan,Noble,peterskimberly@example.org,868.336.0721x060,Female,1944-11-20,2026-01-25
C001429,Jamie,Carey,dwatkins@example.com,+1-893-902-5435x281,Female,1954-03-21,2026-03-11
C001430,James,Thomas,jamessmith@example.net,284.501.6914x426,Female,1997-07-03,2025-07-20
C001431,Brittney,Roberts,christopher20@example.net,001-693-216-3844x6557,Female,1937-11-07,2025-02-11
C001432,Bailey,Martinez,wilsonrobert@example.org,001-411-629-6349x132,Male,1948-03-11,2023-07-27
C001433,Melissa,Grant,younggregory@example.net,001-529-443-2056x4587,Male,1956-09-03,2024-04-21
C001434,Ashley,Smith,richard20@example.net,001-261-474-6741x3143,Female,1971-05-19,2025-06-02
C001435,James,Steele,mark80@example.net,(718)975-8908,Female,1948-03-10,2023-11-29
C001436,Kelly,Cooper,qbailey@example.com,471-414-4861x29520,Male,1939-09-07,2021-11-27
C001437,Christopher,Lee,ejohnson@example.org,(399)281-9015,Male,1970-11-26,2022-01-23
C001438,Katelyn,Robertson,frazierandrew@example.net,+1-907-206-3823x74194,Female,1971-10-18,2024-04-19
C001439,Danielle,Powers,kathy31@example.com,+1-974-520-3965x5802,Female,1991-03-10,2023-10-23
C001440,Charles,Johnson,bryanchapman@example.com,932-654-2577x973,Female,1993-04-24,2025-01-18
C001441,Justin,Love,uaguilar@example.net,+1-931-440-7080x279,Female,1946-03-14,2025-06-26
C001442,Connor,Brown,ojohnson@example.com,001-641-480-9679x053,Female,1991-09-19,2024-02-15
C001443,Mark,Williams,qhammond@example.com,763.746.5861,Male,1970-01-26,2023-01-27
C001444,James,Huang,jeffrey43@example.com,+1-309-442-3456x398,Male,1982-11-04,2024-05-19
C001445,Michael,Brown,bergerwilliam@example.org,+1-705-936-7479,Female,1998-02-06,2024-07-24
C001446,Anthony,Ellis,paulhudson@example.com,6103359296,Female,1986-05-26,2026-01-21
C001447,Brianna,Lee,mary37@example.org,994-828-9058x97427,Male,1999-01-30,2023-11-23
C001448,Stephen,Livingston,gbarber@example.org,(953)569-6734,Female,1995-02-04,2024-04-16
C001449,Thomas,Smith,qturner@example.net,233.388.1538,Female,1985-01-12,2025-09-02
C001450,David,Wang,mberger@example.net,267.243.1264,Female,2004-06-12,2023-01-12
C001451,Joshua,Anderson,jeannejackson@example.net,(820)320-7301,Male,1975-06-21,2023-03-09
C001452,Frank,Smith,mcdanielethan@example.org,817.615.2329x34470,Male,1986-04-21,2025-10-13
C001453,Courtney,Torres,vochoa@example.net,3186617270,Male,1961-07-31,2024-09-13
C001454,Tiffany,Lindsey,vanessawilkinson@example.net,001-280-510-7575,Male,1974-05-27,2023-09-26
C001455,Michelle,Rivas,allenharry@example.net,265-570-2697,Male,1967-04-07,2022-07-29
C001456,Sydney,Ward,fhuffman@example.org,951-734-9502x2469,Male,1958-08-02,2025-12-12
C001457,Tara,Hill,joanna56@example.org,+1-402-591-6441x8243,Female,1994-03-01,2025-08-16
C001458,James,Carroll,villegasralph@example.org,001-461-348-6418x19744,Male,1989-07-09,2021-12-09
C001459,Anne,Cox,johnsonkatherine@example.org,911.719.6360,Female,1955-02-28,2023-11-30
C001460,Joann,Contreras,corey83@example.com,3105781604,Male,1944-01-13,2022-08-16
C001461,Jessica,Woodard,guzmanlaura@example.org,001-305-281-9372x702,Female,1948-12-22,2022-06-12
C001462,Michael,Smith,collinsdaniel@example.org,624.850.0386x639,Male,1973-04-17,2022-05-21
C001463,Donna,King,qhuff@example.net,(693)475-9967x41307,Male,2004-06-25,2023-08-13
C001464,Natalie,Hines,daviskathleen@example.org,823.851.3367x0178,Female,1982-12-26,2024-02-17
C001465,Kimberly,Humphrey,ojordan@example.net,(794)749-3039,Female,1956-08-07,2023-12-06
C001466,Daisy,Smith,carolynrodriguez@example.com,499.889.6046,Female,1985-10-05,2025-02-28
C001467,Kevin,Simpson,pwatkins@example.org,(203)832-9844x139,Male,1962-01-26,2024-01-28
C001468,Adam,Potter,kylebooker@example.org,+1-872-959-6126x515,Male,1998-02-05,2025-06-13
C001469,Raymond,Rodgers,robertrobertson@example.org,001-368-691-0713x660,Female,1978-07-12,2023-05-26
C001470,John,Rodriguez,briggsdouglas@example.net,+1-820-752-8727x873,Male,2005-04-08,2026-07-02
C001471,Thomas,Davis,victoriarobinson@example.org,376.914.4742x49867,Male,1974-07-19,2023-08-17
C001472,Ann,Davidson,christianwalters@example.net,001-254-599-7954x38342,Female,1991-02-07,2026-01-28
C001473,Kylie,Wolfe,jeremybrock@example.org,+1-761-879-1819,Female,1968-11-20,2024-10-14
C001474,Sabrina,Lopez,snyderconnie@example.net,830.274.4250x04666,Male,1991-08-15,2022-10-22
C001475,Mary,Clark,ebyrd@example.org,(225)912-6147,Male,1991-06-15,2025-07-21
C001476,Sarah,Carr,andrewsanthony@example.net,676.779.3373,Male,1951-07-22,2023-05-25
C001477,Barbara,Mitchell,jamesbauer@example.org,(323)482-7680,Female,1943-04-13,2025-08-19
C001478,Beth,Howard,bsmith@example.com,304-956-0619x76416,Female,2007-01-30,2022-08-07
C001479,Danielle,Cameron,chanson@example.net,(773)978-6371,Male,1981-02-03,2022-07-28
C001480,Christopher,Nelson,mary26@example.org,+1-330-397-9231x5924,Female,1939-09-08,2026-05-13
C001481,Kathleen,Martin,darryl55@example.com,610-835-0951x34205,Female,1972-08-01,2024-05-01
C001482,Tracy,Turner,clarksarah@example.org,001-930-615-3391x0953,Female,1948-05-13,2025-04-26
C001483,Andrew,Hart,uharris@example.com,581-312-1916x2135,Female,1980-06-21,2023-10-26
C001484,Christopher,Richardson,benjamin00@example.org,697.422.2531,Male,1977-12-07,2025-12-29
C001485,Jessica,Ross,dperez@example.org,(872)390-9753x5804,Female,1976-07-01,2025-02-11
C001486,Anthony,Hodges,andrew36@example.net,556-262-4845,Female,1954-07-12,2023-05-25
C001487,Benjamin,Padilla,barbarawhitehead@example.net,001-944-442-3255x522,Female,1955-11-28,2024-08-17
C001488,Nicole,Rice,rubenfrank@example.org,969-452-0022x9897,Female,2002-12-30,2021-11-10
C001489,Robert,Simpson,xmunoz@example.net,001-633-919-0118x143,Female,1938-06-16,2022-10-16
C001490,Phillip,Medina,sandra67@example.org,735.417.4332x3100,Female,1993-04-29,2026-07-06
C001491,Tyler,Downs,wfitzgerald@example.com,880.817.7792x65372,Female,1977-11-08,2026-04-25
C001492,Jose,Davis,ywright@example.com,681-355-4479x550,Female,1985-03-22,2023-07-18
C001493,Vincent,Boyle,ifox@example.net,909-879-4534x51482,Male,1997-07-29,2026-06-20
C001494,Brian,Long,schaeferpatrick@example.com,690.632.9657x1796,Female,1960-08-01,2025-11-21
C001495,Jeffery,Lang,jwhitney@example.org,+1-609-285-2728x600,Female,1942-02-08,2022-11-04
C001496,Steven,Wilson,laracassandra@example.net,291.745.6212,Male,1995-04-16,2023-06-22
C001497,Brandi,Lane,johnnylove@example.org,875-837-3577x15871,Male,1997-04-27,2022-04-15
C001498,Brian,Gibson,horneblake@example.net,734.206.4065,Female,1939-01-12,2021-11-27
C001499,Julian,Wright,kimberlyjuarez@example.net,+1-654-636-5013x1893,Female,1989-05-23,2022-09-25
C001500,Tyler,Davis,josejohnson@example.net,001-236-339-3482x9388,Male,1951-01-18,2023-05-28
C001501,Katie,Carrillo,kgarcia@example.net,(281)962-4129x44831,Male,1973-01-28,2022-12-19
C001502,Suzanne,Delacruz,hjohnson@example.com,(627)883-8159,Male,2008-02-17,2023-05-21
C001503,Amy,Johnson,uvaughn@example.net,544.279.2166x282,Male,2003-03-17,2021-09-06
C001504,Alexis,Rasmussen,millerwanda@example.com,+1-860-975-8588x081,Female,1942-10-27,2023-02-25
C001505,Keith,Vazquez,lucas99@example.com,4376211658,Male,1975-05-14,2023-07-23
C001506,Deborah,Garcia,wellsalbert@example.net,3463790470,Male,1950-09-12,2022-02-24
C001507,Alan,Kim,zjones@example.com,(923)351-9363x0578,Female,1959-12-11,2025-10-20
C001508,Alejandro,Wilson,mary59@example.org,791.815.9774,Male,1998-08-02,2024-11-03
C001509,Jennifer,Williams,kathyday@example.org,798-382-6535,Female,1968-06-22,2023-03-29
C001510,Teresa,Fields,mcervantes@example.net,781-559-0068x438,Female,1974-06-30,2025-05-25
C001511,Tara,Rodriguez,emmapayne@example.org,457-279-2384x91598,Female,1963-01-18,2025-09-30
C001512,Margaret,Salinas,simmonsrachel@example.com,+1-411-778-3796x1012,Male,1995-08-08,2023-08-10
C001513,Martin,Allen,shepardjames@example.com,001-383-520-4707x09692,Male,1955-07-02,2023-05-14
C001514,Rachael,Flores,christinaoconnell@example.net,434-913-5487x6544,Female,1938-02-28,2023-02-13
C001515,Melissa,Hicks,sharon82@example.org,318-819-1955x855,Male,1976-06-01,2026-03-17
C001516,Thomas,Harvey,wmckenzie@example.net,964.624.9353x07085,Female,1986-07-15,2024-09-26
C001517,Jeffrey,Meyer,wellskelly@example.net,776.422.9777x049,Female,1979-10-15,2022-07-31
C001518,Megan,Hunter,colin97@example.net,2347846471,Male,2002-08-22,2022-06-22
C001519,Tina,Adams,joseph15@example.org,+1-754-801-9327x70017,Female,1965-01-17,2023-07-12
C001520,Valerie,Leonard,isandoval@example.org,001-302-957-3130x95562,Female,1952-03-10,2025-05-24
C001521,Katherine,Green,maykara@example.org,+1-298-810-0519x9819,Male,1990-08-12,2023-04-16
C001522,John,Rice,joford@example.org,751.257.4833,Male,1995-02-05,2026-06-16
C001523,Ryan,Murphy,deborah85@example.org,+1-246-260-2628,Male,1962-04-12,2025-07-01
C001524,Kathleen,Glenn,dholder@example.com,226.925.3402,Female,1939-04-24,2025-09-23
C001525,Margaret,Herman,gherrera@example.net,+1-351-502-7972,Female,1987-05-15,2021-12-05
C001526,Daniel,Lopez,mary16@example.net,311-919-3003x2659,Male,1991-05-22,2025-04-30
C001527,Gregory,Campbell,morenocandice@example.com,784.666.7076,Female,1984-08-06,2023-08-26
C001528,Joshua,Jones,wileyjason@example.net,001-278-536-1865x1243,Female,1960-12-02,2024-05-21
C001529,Kyle,Cook,mark48@example.org,4454551947,Female,1980-03-19,2024-11-23
C001530,Brandi,Perez,cmarks@example.org,2763484784,Female,1962-09-21,2024-01-31
C001531,Jasmine,Leon,itaylor@example.org,962-549-0286,Male,1974-12-01,2026-05-31
C001532,Austin,Rodriguez,amandasimpson@example.org,603.561.4011,Male,1974-09-14,2025-07-10
C001533,Fernando,Diaz,melissa37@example.com,(801)711-2150x6399,Male,1942-09-15,2026-04-06
C001534,Tiffany,Larson,tony01@example.org,001-881-543-6414,Male,1963-06-18,2026-03-26
C001535,Stephanie,Pace,pamela55@example.com,6202336277,Male,2004-12-02,2024-08-19
C001536,Janice,Schwartz,gibsonsteven@example.com,001-361-887-5934x3241,Female,1958-12-16,2024-01-06
C001537,Shawn,Savage,lewisrobin@example.com,499.595.5120,Female,1982-08-16,2023-12-01
C001538,Anthony,Martin,staceyrodgers@example.org,496.386.4625x62982,Male,1941-10-16,2023-09-11
C001539,Mark,Bridges,martinezkristin@example.net,3015614946,Female,1973-05-30,2022-09-21
C001540,James,Gray,mmiller@example.com,865.878.0524x3257,Female,1996-10-30,2021-08-01
C001541,Neil,Hall,ithomas@example.org,001-631-341-7202x46735,Female,1992-11-03,2026-03-16
C001542,Michelle,Wilson,christopher32@example.net,924-943-4817,Male,1939-06-07,2022-12-25
C001543,Danielle,Ward,lisa21@example.com,334-527-2957,Female,1995-07-27,2022-07-05
C001544,Barry,Moreno,melindarobinson@example.net,+1-777-751-0232x4496,Male,1969-10-20,2021-08-16
C001545,Nicole,Owens,johnburton@example.org,704-723-2423x319,Male,1961-03-13,2024-02-06
C001546,Alexa,Taylor,linda48@example.net,+1-701-454-7679x53803,Female,1957-11-22,2023-09-12
C001547,Audrey,Gill,johnsoncorey@example.net,298.780.5107x863,Female,1964-05-30,2023-07-24
C001548,Marcus,Cooper,umunoz@example.org,785.850.1128,Female,1979-12-10,2021-10-05
C001549,Alexis,Phillips,mcbridedouglas@example.com,+1-948-436-9878x73852,Female,1939-12-22,2025-11-09
C001550,Ronald,Foster,kimberlywilson@example.net,+1-464-772-7701x19458,Female,2005-05-18,2024-09-20
C001551,Paula,Mcdonald,juan10@example.org,(217)628-8891x87834,Female,1939-04-23,2022-06-04
C001552,Elizabeth,Rich,adrienne28@example.com,(316)625-1028x803,Female,1951-06-10,2026-03-15
C001553,Carol,Cruz,carlsonana@example.net,506-323-0458x99951,Female,1959-09-01,2021-09-28
C001554,Donna,Walls,jessica03@example.org,779.886.3171,Female,1967-07-11,2022-07-19
C001555,Daniel,Powers,rebeccaanderson@example.com,356-802-6133x3569,Female,1979-01-16,2022-08-18
C001556,Amber,Kramer,tgonzales@example.net,328-533-5806x460,Male,1954-08-10,2024-12-01
C001557,Kelly,Banks,shari14@example.org,001-812-595-7129x545,Male,1979-08-28,2021-09-16
C001558,Michael,Bryant,fordalfred@example.org,350-859-0707,Female,2003-07-05,2022-01-27
C001559,Steven,White,jimenezkristina@example.net,+1-645-561-0396x7491,Female,2003-12-30,2021-08-19
C001560,Crystal,Gaines,darren09@example.org,+1-410-442-6144x879,Female,1952-11-23,2024-03-06
C001561,Denise,James,stephenmcfarland@example.net,497.452.9077x29592,Male,1999-09-12,2021-12-18
C001562,Edgar,Lee,amy57@example.net,893-855-7282x22251,Male,1999-03-08,2021-08-25
C001563,Joseph,Rivers,asullivan@example.net,224.252.1799x647,Male,1991-06-14,2025-07-18
C001564,Stacy,Goodman,rebeccabarber@example.org,974-606-5174,Male,1950-02-14,2023-05-18
C001565,Michael,Ramirez,linda25@example.com,9605021849,Male,1995-05-26,2023-10-28
C001566,Michael,Molina,ashley40@example.com,001-721-368-2942x066,Male,1969-01-25,2025-05-23
C001567,Tammy,Gonzalez,sabrina35@example.com,001-835-673-4277x34228,Male,1955-06-26,2021-10-19
C001568,Christy,Allison,gary07@example.com,677-288-8240x8977,Male,1985-07-31,2026-05-06
C001569,Joseph,Edwards,ygiles@example.org,703-539-6124x519,Female,2008-05-21,2023-02-21
C001570,Cynthia,Hood,sarah15@example.com,(402)589-7138x56555,Female,1991-08-16,2024-08-05
C001571,Thomas,Beck,crystal95@example.com,+1-345-821-1694x3907,Male,1966-09-10,2023-08-19
C001572,Amy,Bradford,srichards@example.org,+1-213-766-3527x39917,Male,1985-05-19,2024-01-01
C001573,Debra,Coleman,nataliehall@example.net,(675)304-0225,Female,1936-03-13,2022-10-04
C001574,Rebecca,Collins,elijahdavis@example.org,001-380-339-4510x0737,Male,1965-06-04,2025-04-22
C001575,Patrick,Olsen,rowlandscott@example.com,(930)853-8010,Female,1940-05-05,2025-09-26
C001576,Daniel,Peterson,hartmanjennifer@example.net,001-620-408-5108x616,Female,1940-08-17,2021-08-16
C001577,Jacqueline,Decker,erica73@example.org,3617459686,Female,1958-05-09,2023-10-09
C001578,Joshua,Evans,jacqueline86@example.org,616-615-1142x477,Female,2002-03-02,2022-04-10
C001579,Robert,Scott,iwhite@example.org,662.846.3754,Female,1955-06-24,2022-03-17
C001580,Daniel,Vargas,allison24@example.com,629-497-0265x02647,Male,2001-02-22,2021-07-29
C001581,Briana,Franklin,meganpayne@example.net,001-214-504-0902,Female,1996-05-25,2021-09-24
C001582,Tiffany,Duarte,tammyweber@example.com,8266298862,Female,1974-05-02,2025-10-07
C001583,Jodi,Moore,martinezmelanie@example.net,506.424.7391x0912,Male,1943-01-09,2021-12-26
C001584,Derrick,Wall,dgallegos@example.com,+1-276-748-8552x69679,Female,1999-07-18,2026-05-30
C001585,Douglas,Sanders,ann94@example.net,330.513.8845x08313,Male,1992-06-17,2024-09-25
C001586,Christopher,Williams,fmyers@example.org,001-478-212-7388x49943,Female,1981-07-05,2022-08-11
C001587,Monique,Smith,egoodman@example.net,(987)874-0885,Female,1952-10-06,2025-06-26
C001588,Larry,Barajas,lisa05@example.com,760-522-9620x632,Female,1977-05-12,2026-06-09
C001589,Anna,Perry,cohenrobert@example.net,(762)220-2667x4248,Male,2002-05-26,2023-10-06
C001590,Paul,Howard,joshuahernandez@example.org,921-854-6073x79017,Female,1981-01-26,2024-11-08
C001591,Joseph,Cooper,joseashley@example.com,972-369-8559x195,Female,1981-02-06,2025-11-27
C001592,Robert,Sawyer,ioneill@example.net,720-678-6455x133,Male,1940-08-21,2022-12-20
C001593,Robert,Sanchez,brendaellis@example.net,+1-430-775-8638x835,Male,1971-10-05,2025-12-19
C001594,Eric,Fowler,kathy96@example.net,(317)645-1058x9002,Male,2006-06-25,2022-10-13
C001595,Hunter,Ballard,hcurtis@example.com,3975651274,Male,1946-04-15,2023-12-03
C001596,Jenna,Shannon,jpayne@example.com,634.837.9579x9269,Female,1961-12-31,2023-08-31
C001597,Albert,Michael,tfernandez@example.net,001-240-700-9670,Male,1950-03-01,2025-09-06
C001598,Manuel,Gardner,imiller@example.net,001-983-219-7192x7831,Female,1976-03-06,2025-05-09
C001599,Patrick,Nelson,illoyd@example.net,(844)850-2148x3733,Male,1971-12-28,2021-11-23
C001600,Miranda,Goodman,jacquelinewood@example.com,603.976.4915,Female,1968-04-28,2022-02-06
C001601,Jason,Stuart,johnklein@example.net,541.468.4048,Female,1982-03-05,2026-04-17
C001602,Reginald,Patton,jriley@example.com,291.555.0579,Male,1940-09-29,2024-11-13
C001603,Amanda,Mclaughlin,brittney03@example.org,+1-510-830-8127x180,Female,1990-10-01,2022-03-07
C001604,Joseph,Harrison,molly87@example.org,001-318-229-4633,Male,1951-09-18,2024-03-29
C001605,Karina,Evans,rodrigueztracy@example.com,(413)639-7794,Female,1988-11-11,2024-06-26
C001606,Jay,Francis,wwhite@example.org,001-365-772-2051x22296,Male,1993-01-10,2023-03-23
C001607,Edgar,Alvarez,patrick81@example.org,(915)399-2746,Female,1983-09-24,2024-10-30
C001608,Monique,Miranda,hernandezkimberly@example.net,933-944-9216x268,Male,1957-01-28,2022-09-09
C001609,Harold,Watson,cameron52@example.org,(904)689-0581,Female,1974-12-15,2025-11-21
C001610,Brianna,Goodwin,ramirezfernando@example.org,(472)990-3978,Female,1963-01-30,2024-10-18
C001611,Frank,Yates,robertnguyen@example.net,001-706-396-6188x70393,Female,1938-05-31,2024-03-27
C001612,Benjamin,Frazier,rebecca59@example.net,001-798-815-7854x5714,Female,1969-07-09,2024-04-12
C001613,Denise,Gordon,colleenbooth@example.com,9698451409,Female,2001-02-10,2023-11-17
C001614,Victoria,Stone,vgonzalez@example.net,795.236.8137,Male,1977-03-20,2023-03-03
C001615,Christina,Brown,shannon65@example.org,584.317.9477,Female,1977-02-19,2022-06-16
C001616,Billy,Farmer,johnstonstephanie@example.com,224.845.3330x01794,Female,1987-06-22,2023-12-13
C001617,Douglas,Galvan,jsmith@example.com,001-207-459-0749x79290,Male,1995-07-19,2023-10-17
C001618,Joe,Rodriguez,cody96@example.com,575-712-7517x68515,Male,1946-04-11,2024-08-10
C001619,Brandon,Golden,bowmanchristopher@example.org,(326)973-4487,Male,1968-04-27,2023-03-22
C001620,Matthew,Brown,douglas69@example.net,834-461-0384x903,Female,1973-10-20,2025-10-05
C001621,Megan,Jones,kimberlycardenas@example.org,5123920171,Female,1982-06-08,2024-06-07
C001622,Deborah,Molina,christopher86@example.com,629-827-7760,Male,1965-12-04,2023-10-28
C001623,Joel,Miller,vmorris@example.com,001-614-642-8505x9015,Male,1996-05-23,2023-12-20
C001624,Jennifer,Pollard,markgreen@example.com,(535)679-8315,Male,1971-09-07,2024-03-31
C001625,Mike,Morrison,qroberts@example.net,905-358-4258x00348,Female,1956-11-19,2021-09-04
C001626,Kyle,Reyes,wschmidt@example.net,(738)904-3447x723,Male,1955-05-19,2025-11-19
C001627,Steven,Mills,sampsonmary@example.net,253.872.4164,Male,1988-02-18,2024-01-12
C001628,Patricia,Preston,robinsonbetty@example.org,4738055609,Female,1988-10-27,2025-09-03
C001629,David,Ward,robertsmichael@example.net,(863)556-2286,Female,2006-01-01,2024-08-02
C001630,Shawna,Conley,lisaatkinson@example.org,275-510-6686x592,Male,1938-12-13,2025-02-02
C001631,Derek,Evans,carrie00@example.com,001-655-377-0474x09428,Male,1937-05-02,2026-03-08
C001632,Katherine,Pierce,swilliams@example.com,331-782-9219x4076,Male,1970-12-19,2026-04-15
C001633,Deanna,Jones,denise65@example.com,+1-825-672-9443x12330,Male,1945-09-25,2023-12-19
C001634,Brian,Callahan,esmith@example.net,(457)275-3388x43400,Female,1995-06-08,2023-05-10
C001635,Wayne,Scott,dustin46@example.com,934-962-3433,Female,1989-05-09,2021-12-07
C001636,Kirsten,Gibson,ocole@example.org,+1-889-798-8494x060,Female,1957-12-18,2022-06-29
C001637,Ashley,Thompson,shernandez@example.com,+1-510-469-0431x726,Male,1937-01-20,2026-04-17
C001638,Lisa,Simmons,reedandrew@example.org,854-203-5319,Male,1960-03-26,2024-03-25
C001639,Courtney,Brady,amandamiller@example.net,499.417.3475x61741,Female,1945-05-01,2026-02-09
C001640,Jerry,Moreno,csaunders@example.com,001-907-636-5439x5938,Female,1982-02-06,2026-02-11
C001641,Travis,Lambert,melissabrown@example.org,330.522.1589x679,Male,1958-11-26,2024-09-15
C001642,Michelle,Glass,ucollins@example.net,283-526-8032x81634,Male,2003-07-03,2022-04-20
C001643,John,Kerr,guerrerodonna@example.com,8074049795,Female,1955-11-07,2021-10-08
C001644,Kimberly,Grant,jenniferellis@example.com,001-734-930-8614x447,Female,1984-05-05,2022-11-03
C001645,Kimberly,Young,james10@example.net,539.246.1200x952,Female,1937-02-22,2023-08-30
C001646,Chase,Sullivan,hughesamanda@example.org,816-205-0284x913,Female,1956-07-23,2021-08-20
C001647,Laura,Hayden,zcruz@example.com,8947203069,Female,1943-10-14,2024-12-08
C001648,Carol,Miller,myersjonathan@example.net,476-913-1729x38326,Female,1961-01-18,2023-01-18
C001649,Darren,Ramirez,rogerspatrick@example.org,6425830400,Female,2002-06-24,2021-08-09
C001650,Jason,Cruz,crosssteven@example.org,(937)684-3914x981,Female,2004-02-19,2022-03-20
C001651,Ian,Reid,staceywashington@example.com,+1-916-277-5376x374,Female,1992-08-29,2024-08-19
C001652,James,Hall,christophergarcia@example.com,524.696.9725x443,Male,2006-05-25,2023-08-30
C001653,Nathan,Henderson,travismartin@example.com,(753)515-5891,Female,2002-01-17,2023-08-20
C001654,Shari,Smith,mary03@example.com,(749)242-8938,Male,2001-01-06,2021-07-11
C001655,Mario,Guzman,stacyhill@example.org,432.427.6141,Female,2004-05-25,2024-11-25
C001656,Matthew,Hall,matthewhernandez@example.net,(865)350-1960,Male,1984-11-30,2022-01-19
C001657,Eric,Blackwell,bortega@example.org,(309)211-9446x1300,Female,1944-12-08,2023-04-14
C001658,John,Smith,ewhite@example.com,001-868-804-3483x3997,Male,1944-11-19,2023-04-12
C001659,Rebecca,Reynolds,tonymaxwell@example.net,316.565.1578,Male,2006-08-10,2025-07-13
C001660,Daniel,Mcguire,ielliott@example.org,982.399.2167x857,Male,1995-04-04,2022-11-17
C001661,Stephanie,Rivers,nancytravis@example.com,(318)314-5307x5732,Female,1994-03-10,2021-09-28
C001662,Anthony,Solomon,vcollins@example.net,463.328.9256,Female,1975-10-06,2022-07-06
C001663,Charles,Lee,scott79@example.net,(821)822-9919,Female,1951-09-08,2025-11-17
C001664,Patricia,Simmons,christophercampos@example.com,001-512-647-9901,Male,1977-11-15,2024-11-19
C001665,John,Gordon,davismonica@example.com,(868)202-8822x5964,Female,1981-03-23,2022-04-19
C001666,Lawrence,Smith,armstrongalvin@example.net,392-799-6305x568,Male,1961-12-15,2026-06-27
C001667,Shawn,Friedman,ndavis@example.com,821-892-5673,Female,1959-07-27,2024-12-05
C001668,Tom,Hawkins,amandabaker@example.net,+1-951-632-9973x6239,Male,1966-11-06,2023-01-05
C001669,Mary,Zimmerman,angela95@example.org,948-759-7347x746,Male,1997-09-26,2022-12-01
C001670,Monica,Johnson,nthompson@example.net,(241)488-7243x274,Male,1979-12-24,2021-08-01
C001671,William,Reilly,fishernancy@example.com,001-502-365-6669x039,Female,1965-05-24,2022-05-25
C001672,Lisa,Porter,jjohnson@example.net,321.401.1657,Female,1973-02-09,2025-12-24
C001673,Rachel,Newman,katherineroberts@example.net,(990)231-6382x36436,Female,1953-01-22,2023-07-15
C001674,Jason,Warren,hgutierrez@example.org,287.981.5383x8581,Female,1985-01-20,2023-01-26
C001675,David,Williams,hollowayjulie@example.org,(411)741-4502x3797,Female,1987-01-06,2023-12-29
C001676,Tammy,Hanson,michaelwhite@example.org,(686)647-3097x5748,Male,1969-05-15,2023-03-25
C001677,Rachel,Scott,kaylaacosta@example.org,(681)531-7219x1440,Female,1935-12-08,2024-11-13
C001678,Sharon,Roberts,russellwood@example.org,224-811-4815,Female,1965-03-12,2025-02-26
C001679,Nathan,Green,aaron83@example.com,(291)805-0705x7345,Female,1944-05-25,2025-11-08
C001680,Tony,Bryan,evelynpoole@example.org,(605)480-1618,Male,1956-08-24,2024-05-16
C001681,Taylor,Benson,halecarolyn@example.org,904-701-2163x314,Female,1955-10-01,2021-12-09
C001682,Scott,Patterson,mary28@example.com,514.606.6191x538,Male,1967-11-13,2022-10-27
C001683,Amy,Lopez,brendarasmussen@example.com,(882)412-7070,Male,1990-03-05,2021-07-12
C001684,Noah,Molina,joshuaporter@example.com,354-919-2201,Female,1970-11-17,2022-03-18
C001685,Jason,Houston,angeladavis@example.net,924-621-0782x86789,Female,1962-05-24,2025-09-16
C001686,Mark,Ford,mackenzie71@example.net,001-252-918-1207x72884,Male,1965-10-15,2021-12-27
C001687,Lance,Jones,hmatthews@example.com,785.873.2888x3245,Female,1958-05-21,2025-02-17
C001688,Charles,Davis,joshuapeterson@example.org,+1-930-782-2549,Female,1977-02-09,2026-06-09
C001689,Jennifer,Davis,mark65@example.com,001-555-429-7043x612,Male,1945-06-16,2024-11-13
C001690,Ryan,Butler,billymiller@example.com,+1-856-511-8184x26056,Female,1961-02-03,2026-06-01
C001691,Carla,Anderson,wardmary@example.com,001-755-285-3327x50187,Female,1995-04-06,2024-04-06
C001692,Gabriel,Becker,dbryant@example.com,965-470-9688,Male,1959-07-09,2025-11-14
C001693,Jason,Wood,timothy78@example.org,+1-619-707-9324,Male,1988-02-02,2024-07-14
C001694,Jessica,Byrd,qcrawford@example.com,(535)595-9340x1749,Male,1943-07-11,2021-12-11
C001695,Darren,Parsons,mjohnson@example.net,(732)217-6277,Female,1958-04-14,2025-05-29
C001696,Frank,Bautista,rodriguezchristine@example.org,+1-739-351-4549x41342,Female,1983-12-13,2025-11-08
C001697,Zoe,Douglas,annamartin@example.net,255.775.2648x028,Female,1962-09-29,2024-07-22
C001698,Zachary,Li,bwilcox@example.net,+1-955-959-8941x11516,Male,1958-07-27,2026-01-02
C001699,Crystal,Reynolds,carol10@example.com,(294)684-0277x84036,Female,1993-07-31,2024-09-21
C001700,Troy,Brewer,mbell@example.com,+1-344-366-5487x0625,Male,1969-02-17,2022-08-21
C001701,Kevin,Baker,frederickcisneros@example.com,398-644-0004,Female,1982-07-07,2024-12-20
C001702,Richard,Anderson,jbarnes@example.com,471-219-5881,Female,1968-09-26,2022-12-04
C001703,Bobby,Clark,qbarker@example.org,+1-624-989-9501x9605,Male,1981-08-22,2023-09-17
C001704,Katherine,Martinez,wprice@example.com,414.374.1765,Female,1968-02-05,2026-05-21
C001705,Caitlyn,White,smccarthy@example.net,+1-234-674-1261,Male,2003-01-18,2023-03-20
C001706,Paul,Cox,cnash@example.net,670-947-3841x420,Female,1939-03-21,2021-10-31
C001707,Benjamin,Dean,gordon47@example.com,685-624-7065x690,Male,1989-01-21,2023-06-14
C001708,Christopher,Graham,petersonalec@example.org,453.862.5927,Male,1985-12-06,2024-08-05
C001709,Tony,Davis,jessicamunoz@example.org,462.818.2007x4724,Male,2007-12-10,2025-11-27
C001710,Kimberly,Gomez,bob59@example.net,718-603-9949x7737,Male,1976-05-07,2021-07-14
C001711,Andrew,Stewart,lromero@example.com,673-847-7597,Female,1949-03-22,2023-12-26
C001712,Mary,Lawson,cheryl45@example.net,+1-682-665-9295x08723,Female,1954-12-21,2024-07-22
C001713,Robert,Clements,brockkimberly@example.net,001-277-839-6745x20869,Female,1953-06-12,2022-06-15
C001714,Emily,Jensen,swansonsamuel@example.org,487.891.7392x6135,Male,1981-09-01,2023-03-17
C001715,Brian,Duncan,kleinrobert@example.org,+1-836-469-2473,Male,1976-03-05,2021-09-02
C001716,Hannah,Vance,ochapman@example.org,200-416-5709x071,Female,1965-03-17,2026-05-30
C001717,James,Gibson,laura62@example.net,993.266.0367x5560,Female,1960-01-08,2025-04-22
C001718,Stephen,York,lisatodd@example.org,001-204-677-4038x910,Female,2006-08-26,2023-03-10
C001719,Judith,Carrillo,burgesskelly@example.net,001-254-805-1978x91092,Male,1961-03-11,2026-07-03
C001720,Brandy,Haas,pamelafloyd@example.net,+1-868-727-6713x2011,Female,1950-12-17,2024-04-03
C001721,Kimberly,Yang,angelica50@example.net,(998)927-9438x4336,Female,1971-05-25,2023-10-01
C001722,Austin,Cooke,bavery@example.com,743.673.2438,Female,1953-06-14,2026-01-02
C001723,Brett,Lawson,james38@example.org,(390)464-9954x2024,Female,1970-09-27,2021-11-15
C001724,Courtney,Lee,jacobsjames@example.com,+1-626-850-4195x9812,Female,1994-01-02,2021-12-29
C001725,Michael,Padilla,hharris@example.net,(710)990-8238x10478,Male,1969-01-10,2023-09-10
C001726,Christina,Rogers,cfry@example.org,(891)206-9906,Male,1949-03-30,2025-02-21
C001727,Elizabeth,Tanner,amanda65@example.org,+1-987-844-9381x51887,Male,1988-09-27,2023-06-13
C001728,Holly,Gentry,baileycollins@example.org,+1-955-675-1505x1477,Male,1976-03-19,2022-02-13
C001729,Brandon,Mcgee,eoliver@example.net,784-362-1731x984,Male,1983-02-04,2022-06-15
C001730,James,Robinson,mark82@example.com,630-372-3066x42194,Female,1954-01-25,2022-04-26
C001731,Sarah,Medina,jonathan69@example.com,471-709-8006x09747,Male,1964-01-12,2022-09-09
C001732,Walter,Weaver,nicholasrivera@example.net,(474)437-0461,Female,1992-05-15,2022-05-22
C001733,Ricardo,York,mullenstacey@example.net,9889611075,Female,1965-02-07,2023-07-08
C001734,Jodi,Long,mreese@example.net,+1-203-425-7331x6467,Female,1949-07-02,2024-11-19
C001735,Sandra,Lewis,larrymccullough@example.org,001-526-794-9521x269,Female,1970-11-09,2023-11-28
C001736,Melissa,Oconnor,lhancock@example.net,+1-495-227-4555x9094,Male,1980-04-26,2022-03-08
C001737,Joseph,Jones,jacqueline79@example.org,271-322-0831x45935,Male,1980-05-27,2025-02-05
C001738,Raymond,Hoffman,vharvey@example.com,649-876-2634x86389,Female,1946-01-27,2023-12-07
C001739,Jesse,Paul,michael39@example.net,001-387-527-1619x92256,Male,1958-08-08,2025-07-15
C001740,Robert,Hernandez,ameyers@example.org,(306)508-4049x81220,Female,2005-01-25,2025-04-11
C001741,Jimmy,Mendoza,wwilliams@example.net,680-653-4629,Female,1985-11-09,2022-12-18
C001742,James,Jackson,davidhubbard@example.com,406.493.4657,Male,2004-09-30,2021-12-08
C001743,Joseph,Lee,gutierrezmichael@example.org,001-692-325-9890x3856,Male,1965-11-27,2021-07-14
C001744,Amber,Anderson,karenfreeman@example.net,+1-240-831-0145x542,Male,1951-08-09,2021-09-30
C001745,Allen,Roberts,jamessantiago@example.com,874-982-4796x2165,Male,1935-08-29,2021-07-31
C001746,Shannon,Mendez,mcphersondaniel@example.com,435-447-0107,Female,2007-08-11,2024-03-07
C001747,Tammy,Walls,hubbardjodi@example.net,391.976.8625,Female,1989-02-11,2022-10-27
C001748,Erin,Robinson,taylorjimenez@example.net,001-724-603-8888x8059,Female,1981-09-06,2024-04-08
C001749,April,Long,rebecca50@example.org,001-355-286-2724x53614,Male,1974-11-09,2023-01-28
C001750,Kenneth,Phillips,patrick57@example.net,+1-203-698-7287x947,Female,1945-04-16,2022-04-20
C001751,Susan,Yang,yclark@example.com,(503)492-9307,Male,1981-04-14,2026-06-24
C001752,Shirley,Reid,lisa49@example.net,+1-381-602-5653x3868,Male,1944-08-03,2022-04-20
C001753,Michael,Carpenter,bakerlisa@example.org,+1-498-286-0396x565,Male,1936-12-02,2021-07-18
C001754,Joanna,Norman,quinnashlee@example.net,+1-951-879-9213,Male,2001-05-14,2023-06-27
C001755,Nathaniel,Morgan,chad24@example.com,202.874.8936x337,Female,1939-09-20,2024-11-18
C001756,Megan,Riley,melissa48@example.net,001-434-938-3023x0271,Female,1961-05-25,2022-07-30
C001757,Kevin,White,jeremiahstewart@example.org,523.921.5949,Male,2000-05-15,2026-06-13
C001758,Jessica,Mcmahon,francismeyer@example.net,001-298-464-7396x893,Male,1973-03-03,2023-10-14
C001759,Courtney,Alvarez,john76@example.net,001-902-857-0403x0532,Male,1955-09-14,2026-06-14
C001760,Anna,Jackson,wmarshall@example.org,001-761-666-8709,Female,1963-03-29,2023-01-03
C001761,Robert,Cunningham,amy88@example.net,(232)292-9061,Female,2005-04-04,2023-05-18
C001762,Andrew,Murphy,maria11@example.org,+1-385-300-2543x12109,Male,1989-08-12,2023-07-17
C001763,Julia,King,dmorrison@example.com,591.700.6115,Female,1949-06-28,2025-09-24
C001764,Jack,Boyd,molly42@example.org,+1-580-485-9046,Female,1983-07-11,2024-03-03
C001765,Laura,Mays,christinahouse@example.net,7658477762,Male,2002-03-02,2024-11-11
C001766,Hayley,Adkins,nwells@example.org,(284)273-4451x4282,Female,1960-07-06,2022-04-22
C001767,Thomas,Jenkins,timothymartinez@example.com,9734427893,Female,1990-12-13,2025-03-28
C001768,Kristen,Barber,xwaters@example.org,001-307-528-8191x614,Female,1945-01-26,2022-04-24
C001769,John,Gonzales,umejia@example.net,550-411-0294,Male,1991-05-31,2022-05-06
C001770,Megan,Jimenez,stephenturner@example.com,+1-854-567-7336x215,Male,1952-03-06,2022-11-27
C001771,Sue,Todd,kingrichard@example.net,001-413-595-4062x53201,Male,1958-03-08,2023-01-23
C001772,Tammy,Oconnor,robinsondouglas@example.net,001-781-582-5598x61955,Male,1950-08-05,2024-07-14
C001773,Brandon,Perez,robin56@example.com,454-383-3329,Female,2000-03-07,2024-09-01
C001774,Timothy,Taylor,amandalynch@example.net,485-890-3745x493,Male,1957-11-10,2022-03-31
C001775,Brittney,Nelson,bradleydavis@example.net,+1-231-497-3280,Female,1952-09-20,2025-01-01
C001776,Elizabeth,Diaz,kari59@example.com,298.791.4212x433,Male,1965-08-30,2025-12-01
C001777,Tricia,Hopkins,alan55@example.com,709-597-7869x262,Female,1965-04-26,2024-09-21
C001778,Megan,Williams,cynthia71@example.com,277.365.0129x68695,Male,2004-09-29,2026-05-05
C001779,Scott,Terrell,davidmiller@example.com,4425807834,Female,1943-11-03,2023-09-03
C001780,William,Chapman,michellecunningham@example.org,8652495856,Male,2002-11-12,2022-06-29
C001781,Heather,Peterson,jingram@example.net,708.502.4562x0554,Female,1998-03-15,2023-12-12
C001782,Troy,Lopez,idavis@example.net,623-392-6338x3639,Male,1964-04-30,2022-02-27
C001783,Maria,Smith,evansgarrett@example.org,271.308.0872,Male,1959-02-27,2024-10-17
C001784,William,Anderson,jessica34@example.com,(814)811-3133,Female,1966-12-02,2023-09-14
C001785,Julie,Wilcox,darren52@example.net,786-418-7688x4458,Female,1995-09-12,2024-12-03
C001786,Kimberly,Nichols,hcarlson@example.org,607.373.7949,Female,1974-12-18,2024-04-22
C001787,Thomas,Collins,bowenmaureen@example.org,927.538.5384,Male,1979-08-04,2026-01-06
C001788,Tara,Fox,vaughnmatthew@example.net,801.548.5488x014,Male,1964-05-07,2024-09-25
C001789,Sarah,Sullivan,phillip37@example.org,+1-507-518-9082x853,Male,1937-09-13,2023-07-07
C001790,Kevin,Carey,mrich@example.net,(555)231-4417x6732,Female,1969-10-16,2025-07-06
C001791,Rebecca,Leonard,michelle79@example.org,467-348-4638x859,Male,1950-09-06,2021-11-18
C001792,Crystal,Valencia,jonestyler@example.com,(480)852-4024x0939,Female,1947-06-03,2022-05-25
C001793,Michael,Ortega,jamesthompson@example.com,001-421-501-7433,Female,2003-07-19,2025-08-30
C001794,Stephanie,Fowler,benjaminbowman@example.org,001-388-494-3810,Male,1941-02-20,2024-07-16
C001795,Sierra,Ortega,taylor52@example.org,7947272863,Female,1941-04-13,2024-08-27
C001796,Chad,Gray,toddgill@example.org,(395)282-0786x838,Female,1997-12-16,2025-05-27
C001797,Christopher,Pineda,john37@example.com,001-536-201-9485x53920,Female,1942-09-20,2025-09-21
C001798,Lauren,Morrison,gerald34@example.org,556.792.8340x905,Female,1948-03-20,2021-07-09
C001799,Garrett,Lopez,emma14@example.com,809.975.2409,Female,1946-10-26,2025-05-30
C001800,Linda,Hayes,gregoryhudson@example.com,382.532.5326x591,Female,2000-10-18,2022-07-31
C001801,Sara,Holt,zgraham@example.net,+1-949-525-8000x351,Female,1955-12-22,2026-03-20
C001802,John,Walker,perezwilliam@example.com,(549)345-5209x11734,Male,1980-06-04,2026-01-07
C001803,Tammy,Roberts,oreynolds@example.net,+1-441-257-9835x030,Female,1950-07-31,2026-04-11
C001804,Melissa,Gonzalez,qmoore@example.org,657-531-9017x0357,Female,2004-10-15,2022-10-08
C001805,Mark,Ramirez,clarkmichael@example.org,(822)488-7293x4610,Female,2001-02-21,2024-06-10
C001806,Jennifer,Kane,beverly06@example.net,9296253053,Female,1965-01-22,2024-09-01
C001807,Catherine,Higgins,wphillips@example.com,+1-878-870-5517x40113,Male,1972-07-15,2024-05-23
C001808,Jack,Morales,phughes@example.org,+1-947-275-6165,Male,1964-02-29,2024-06-20
C001809,Linda,Williams,xfuentes@example.net,(732)382-1091x02617,Female,1943-10-27,2022-12-13
C001810,Regina,Gomez,johnsonjudith@example.net,953.342.4797,Male,1953-10-11,2024-04-18
C001811,Bryan,Mcguire,kristen52@example.org,227.626.8917x2517,Female,1985-02-04,2024-08-13
C001812,John,Marshall,tjefferson@example.net,+1-717-898-7388x60398,Female,1996-05-20,2022-12-28
C001813,Carmen,Miranda,smithkimberly@example.net,(208)742-1971x6343,Male,1997-02-09,2021-08-07
C001814,Kevin,Smith,jamesdillon@example.com,911.910.3659,Female,1963-06-24,2024-09-12
C001815,Jennifer,Stephens,lucascosta@example.com,001-205-935-5777,Female,1981-11-02,2024-01-14
C001816,Cynthia,Carr,jacksonmegan@example.com,001-696-790-9840x587,Female,1949-01-12,2025-02-17
C001817,Howard,Jones,pbrewer@example.com,947-757-1797x588,Female,1986-06-28,2025-03-29
C001818,Steven,Graham,jamessmith@example.org,+1-450-290-8828,Female,1939-04-26,2021-10-24
C001819,Tony,Scott,hughesdaniel@example.com,942-846-2844x6360,Female,2008-02-02,2025-09-09
C001820,Jose,Murray,russellbrittany@example.net,439-326-6301x31416,Female,1982-07-16,2024-07-30
C001821,Taylor,Reyes,jacquelinealexander@example.com,001-533-638-2973x7475,Male,1979-06-18,2021-10-15
C001822,April,Mcdaniel,sandovalraymond@example.net,(893)897-4270x24324,Female,1962-05-14,2022-11-03
C001823,Lisa,Burgess,gabriel65@example.net,+1-480-534-2067x254,Male,1966-07-10,2022-03-15
C001824,Kimberly,Brown,robert89@example.net,897.947.2351,Male,1941-01-26,2025-06-20
C001825,Tracy,Ponce,dannyhaynes@example.net,+1-991-497-9465,Male,1972-04-23,2024-05-26
C001826,Dustin,Jensen,ltyler@example.org,(516)588-4223x236,Female,1986-06-04,2023-08-05
C001827,Chris,Wilson,scott15@example.net,+1-987-619-9709x62091,Male,1954-11-09,2022-06-09
C001828,Karen,Harris,andradechristopher@example.net,001-930-365-7735,Female,1957-03-31,2025-06-24
C001829,Kimberly,Fields,jamesmorrison@example.org,+1-612-252-9107x4785,Male,1963-05-06,2024-04-23
C001830,Kevin,Hall,eallen@example.net,001-995-911-8125x201,Male,2004-11-04,2023-01-16
C001831,Logan,Moon,nreynolds@example.net,573.861.9710,Female,1949-08-31,2023-08-02
C001832,Noah,Mcintosh,wgonzalez@example.net,285-556-0148,Female,1943-10-30,2024-03-11
C001833,Stephanie,Allison,theresahancock@example.net,747-661-8231x95186,Male,1976-08-06,2024-12-25
C001834,Joan,Ali,stephanie34@example.com,+1-423-946-9874x700,Male,2006-07-06,2022-02-08
C001835,Kimberly,Reyes,christopher11@example.com,596.465.8499x895,Male,1993-06-04,2022-05-25
C001836,Shannon,Watkins,rjones@example.com,763.756.8013x380,Male,1992-09-17,2024-09-29
C001837,Albert,Willis,bakersteven@example.net,001-598-236-0390,Female,1979-12-30,2022-12-02
C001838,Kimberly,Wilkinson,gerald94@example.net,881.215.8695x5662,Male,1977-01-24,2021-08-08
C001839,Trevor,Castillo,crystalswanson@example.org,764-925-2036x793,Male,1940-06-01,2023-04-26
C001840,Luis,Montgomery,qblack@example.net,(819)570-7973,Female,1936-03-22,2024-01-29
C001841,James,Adams,hammondmary@example.com,998-553-1596,Male,1981-04-23,2023-11-21
C001842,Sarah,Taylor,slee@example.com,9905600274,Male,1980-03-31,2026-05-31
C001843,Chelsea,Hicks,andreaallen@example.org,+1-309-912-3501x51838,Female,1991-07-19,2025-09-18
C001844,Rodney,Burke,ztucker@example.net,564-341-1797x87648,Male,1991-06-23,2023-06-01
C001845,Craig,Valentine,curtisbaxter@example.com,(943)522-9939,Male,1940-01-10,2025-10-14
C001846,Kayla,Vargas,igibbs@example.com,001-933-623-6098x41751,Male,1982-09-24,2023-01-18
C001847,John,Ward,laurenmorales@example.net,(430)542-5129,Male,2005-06-10,2025-07-23
C001848,Kyle,Dunn,earnold@example.org,001-267-750-6383x70693,Male,1994-09-18,2022-07-25
C001849,Zachary,Bryan,efitzgerald@example.org,600.913.4270,Female,1999-03-13,2025-03-29
C001850,James,Rodriguez,wbarnett@example.net,(344)833-1847,Male,1938-07-14,2024-08-19
C001851,James,Franklin,bjohnson@example.net,+1-615-559-3224,Male,1978-11-30,2021-10-05
C001852,Marcus,Walsh,oross@example.org,344-220-6676,Female,1974-07-26,2026-04-30
C001853,Danielle,Castillo,jeffreyjones@example.com,(851)837-9791x588,Male,1996-12-12,2022-12-16
C001854,Christopher,Weber,lisamendez@example.com,8952753946,Male,1971-08-02,2026-02-25
C001855,Kimberly,Parker,evanross@example.com,001-717-811-8085x01287,Male,2007-09-23,2022-06-30
C001856,Patrick,Reed,hrios@example.com,+1-705-729-6871x843,Female,2008-02-19,2022-11-16
C001857,Hannah,Parker,patriciaali@example.org,+1-259-892-0646,Male,1997-01-15,2022-02-24
C001858,Charles,Spencer,elizabeth93@example.com,+1-207-620-0846x982,Male,1983-12-09,2025-05-18
C001859,Renee,Weber,harrisonjasmine@example.net,(900)257-4596,Male,1951-05-19,2023-01-30
C001860,Elizabeth,Green,gmckee@example.net,739-640-8969,Male,1936-04-12,2026-03-15
C001861,Renee,Diaz,lucaslisa@example.net,+1-335-236-6281x676,Male,1952-07-05,2022-10-12
C001862,Heather,Moreno,opark@example.net,417.599.8653x5943,Female,1991-05-06,2025-04-28
C001863,Jennifer,Gardner,kellywalters@example.net,6499929547,Female,1953-04-15,2025-02-26
C001864,Joseph,Mitchell,robertproctor@example.com,757-550-1156,Male,1943-04-29,2024-06-13
C001865,Clayton,Hurst,laurafoley@example.net,576-615-0707x62707,Female,1986-02-18,2022-10-30
C001866,Richard,Garcia,opayne@example.net,919-298-6584,Male,1953-09-14,2022-06-25
C001867,Connie,Mendoza,fischersabrina@example.org,+1-370-335-6824x447,Female,1981-08-31,2025-10-02
C001868,Joseph,Stuart,terri57@example.com,+1-520-776-4178,Female,1956-04-22,2024-10-10
C001869,Cheyenne,Pacheco,adamsjustin@example.org,001-554-502-9277x97704,Female,1955-09-16,2022-04-12
C001870,Tracy,Guzman,martinezcurtis@example.net,(702)762-8876x550,Female,1960-05-14,2024-06-06
C001871,Joyce,Williams,joshua34@example.com,586.208.8319x465,Female,2000-03-13,2022-04-07
C001872,Jessica,Ortega,umarquez@example.com,(492)763-2938x53145,Male,2002-06-07,2023-01-30
C001873,Margaret,Brooks,aprilsingleton@example.com,458.788.0020x577,Male,1982-04-03,2022-11-20
C001874,Christopher,Bradley,merceryolanda@example.com,499-895-2079x159,Male,1993-11-23,2024-04-06
C001875,Melvin,Marsh,benjamin93@example.net,+1-976-761-1490x875,Female,1972-04-05,2023-08-26
C001876,Toni,Baker,jerryjohnson@example.net,650.820.6917,Male,1991-09-12,2025-01-16
C001877,Laurie,Perez,tracy33@example.com,001-540-881-2429x807,Male,2005-07-04,2026-04-09
C001878,Lisa,Reed,nandrews@example.org,(576)832-0250x86804,Male,1953-02-28,2024-11-29
C001879,Brianna,Solis,elliottsteven@example.com,414-349-8229,Female,1967-09-08,2024-08-03
C001880,John,Pratt,ramirezjoann@example.org,+1-263-960-2666,Female,1974-11-29,2024-08-03
C001881,Danielle,Cruz,thompsonandrew@example.com,(845)863-9974,Female,1998-03-15,2022-08-27
C001882,Jamie,Lee,uchen@example.org,(422)977-0237x99025,Female,1977-12-27,2024-12-16
C001883,Joshua,Kelly,jonathancarter@example.com,+1-622-262-5893x42126,Female,1959-10-23,2024-05-21
C001884,April,Sullivan,perezjames@example.org,528.236.8585x0324,Male,1993-01-06,2023-10-15
C001885,Hannah,Berger,moorebrian@example.org,+1-453-824-8511x57787,Male,1959-08-25,2022-01-12
C001886,Jeremy,Johnson,joelnunez@example.net,(376)625-2356,Male,1979-07-23,2021-09-24
C001887,Amy,Aguirre,matthewmitchell@example.org,663.645.1303x2119,Female,1987-04-02,2023-06-21
C001888,Alan,Rodriguez,william39@example.com,282.975.0755,Female,1945-09-17,2023-02-01
C001889,Gabrielle,Miller,glenfernandez@example.com,(820)965-6355x6450,Female,1959-01-07,2024-02-03
C001890,Donna,Jordan,alexander88@example.net,+1-212-310-5810x5432,Female,1965-12-31,2021-07-25
C001891,Michelle,Pearson,brittany44@example.com,583.886.7081,Female,1979-02-14,2022-12-08
C001892,Tina,Washington,jeffrey29@example.org,5947867980,Female,1975-08-20,2021-10-31
C001893,Kelsey,King,cobblauren@example.org,298.234.6320x29514,Female,1984-02-08,2024-10-04
C001894,Samuel,Carter,johnclark@example.net,576.462.4703x13497,Male,1995-02-13,2026-05-10
C001895,Kelly,Stone,john28@example.org,+1-237-985-3737x392,Female,1943-09-20,2024-01-01
C001896,Bailey,Fox,lopezkenneth@example.com,7417542413,Male,1954-04-16,2025-01-04
C001897,Amber,Perez,johnsonkelly@example.com,001-723-695-4663x11451,Female,1961-03-30,2025-07-04
C001898,Jonathon,Adams,bkaufman@example.com,001-943-236-5216,Female,1943-02-05,2022-11-27
C001899,Michele,Griffith,sherrirobinson@example.org,(633)909-5759x1687,Male,1941-12-24,2023-08-23
C001900,Jorge,Lane,joshuarichardson@example.org,289.250.5783x1337,Female,1946-05-06,2024-11-06
C001901,Ryan,Harper,rodriguezfrank@example.net,(274)978-4040,Female,1947-12-04,2022-02-17
C001902,Kelly,Frye,wperry@example.com,483.815.3652,Female,1974-10-21,2023-11-05
C001903,Jeffrey,Hurst,cramirez@example.org,+1-222-346-4010x98407,Male,1999-02-06,2024-11-06
C001904,Monica,Williams,theresa07@example.com,849-320-5684x346,Female,1969-04-13,2021-09-06
C001905,Amber,Compton,jameskevin@example.org,(729)548-0974x0144,Male,1951-11-15,2023-05-30
C001906,Kyle,Roach,omiller@example.net,372-588-5422x8079,Male,1962-10-30,2026-01-31
C001907,Benjamin,Warren,umiller@example.net,001-737-936-9767,Male,1987-06-29,2026-02-05
C001908,Carla,Bird,christine84@example.com,+1-541-588-8157x26144,Male,1983-10-01,2024-03-17
C001909,Adam,Kim,michelletaylor@example.org,(268)631-8996,Male,1994-06-28,2024-11-03
C001910,Christina,Zamora,emilyhernandez@example.org,855-483-3399x819,Male,1997-04-01,2023-01-16
C001911,Katie,Moss,ariasmadison@example.net,+1-999-632-8920x12534,Male,1972-06-20,2024-07-22
C001912,Sheila,Kerr,jennifer05@example.org,5199925081,Female,1959-06-11,2026-02-06
C001913,Erin,Rodriguez,patriciaknight@example.net,+1-460-924-2693x341,Female,1967-02-21,2026-04-18
C001914,Jeremy,Crawford,jmora@example.org,(768)286-5468x999,Female,1989-02-14,2025-07-22
C001915,Kyle,Reese,rthomas@example.net,835.282.1836x6044,Female,1939-10-07,2024-01-14
C001916,Shaun,Miller,garnerisaiah@example.com,001-550-626-6105x8178,Female,1998-09-21,2024-12-06
C001917,Tamara,Leach,kristine75@example.com,(592)760-2760,Male,1964-03-12,2022-08-29
C001918,Shawn,Maldonado,murphymatthew@example.org,648.919.8950x572,Female,1991-04-07,2024-02-24
C001919,Laura,Deleon,aromero@example.org,+1-691-771-8572x180,Female,1984-09-04,2022-03-20
C001920,Joshua,Smith,adkinsandrew@example.org,733.664.6260,Female,1967-06-20,2022-06-03
C001921,Cynthia,Larson,william70@example.com,5047989313,Female,1975-02-01,2022-07-29
C001922,Robert,Fritz,kathleenbarrett@example.com,(442)253-3732x4112,Female,1991-12-24,2023-09-06
C001923,Tammy,Beck,john15@example.net,809-511-5994x6665,Male,1981-05-11,2024-07-10
C001924,Randy,Taylor,ryanbenson@example.net,564-708-9485,Female,1961-06-10,2023-12-28
C001925,Benjamin,Beck,dhayes@example.com,001-206-816-8169x671,Female,1949-12-26,2023-11-29
C001926,Timothy,Martinez,jillwise@example.net,+1-956-491-6157x0686,Female,1937-01-16,2022-09-18
C001927,Roger,Kirby,jeremystevens@example.org,432-649-7709,Female,2001-12-28,2026-05-06
C001928,Jennifer,Morris,imanning@example.org,209.484.9316x351,Female,1993-05-01,2023-05-05
C001929,Daniel,Kerr,montgomerykaren@example.org,937.879.1917x57471,Male,1978-08-10,2025-04-20
C001930,Haley,Powell,rcarroll@example.net,919-370-2802,Male,2007-03-09,2023-12-23
C001931,Alexandra,Lowe,brownjames@example.com,739-451-5832,Male,1946-08-04,2025-08-17
C001932,Aaron,Walker,scottsandra@example.com,805-957-8309x5702,Female,1948-10-15,2023-03-31
C001933,Dennis,Elliott,glenngibson@example.com,(844)831-0829,Female,2004-09-17,2022-07-09
C001934,Cynthia,Campbell,danielle90@example.org,267-775-3230x1012,Female,1958-08-25,2022-06-16
C001935,Carolyn,Little,mistymendoza@example.org,908-832-6969x49666,Female,1989-02-09,2022-01-18
C001936,Gabriel,Johnson,rachael15@example.net,+1-289-729-3401x06132,Male,1967-02-17,2024-01-24
C001937,John,Diaz,charles34@example.net,413.713.9081x18833,Female,1999-04-08,2023-10-12
C001938,Lindsey,Rosario,brittney25@example.org,308.674.5259x214,Female,1959-04-11,2025-06-16
C001939,John,Mcdaniel,williamjacobs@example.com,001-959-754-5993x40796,Female,1951-04-17,2021-11-23
C001940,Wendy,Woods,amy42@example.com,654.591.8907x574,Female,1994-09-19,2023-06-02
C001941,Samantha,Cooper,vstrong@example.org,+1-652-574-2504x817,Female,1995-04-20,2022-12-19
C001942,Nicole,Hill,samuelparks@example.net,+1-507-976-7168x53291,Male,2005-09-28,2024-07-19
C001943,Mark,Martinez,emily40@example.com,338.686.1804x70226,Male,2005-04-14,2023-02-27
C001944,Ashley,Lee,awilliams@example.net,+1-449-271-1614x65951,Male,1990-11-24,2022-08-22
C001945,Kimberly,Fisher,leachandrew@example.net,603.510.6160x2780,Male,2005-02-24,2021-11-19
C001946,Leslie,Wallace,gwalsh@example.org,739.257.9861x8978,Female,1964-12-17,2023-04-23
C001947,Amanda,King,rebecca39@example.com,(253)988-8550,Female,2000-02-04,2026-07-04
C001948,Nicolas,Hernandez,brownsarah@example.org,707.298.7306,Male,1984-12-22,2023-01-16
C001949,Rachel,Davis,jennifer77@example.net,909-643-7476,Female,1999-03-24,2025-05-02
C001950,Kathryn,Bell,brandon58@example.com,746.699.5211,Female,1943-09-09,2022-03-15
C001951,Danielle,Young,cindyfreeman@example.com,644-710-0921x9328,Male,1993-01-21,2023-10-21
C001952,Kim,Craig,vcampbell@example.org,275.471.1119x19405,Female,1987-07-05,2025-10-24
C001953,Michael,Miller,gentrychristy@example.net,001-235-455-7774x0216,Male,1998-08-18,2021-12-18
C001954,Crystal,Stafford,stacymullins@example.org,639-342-7989,Female,1988-02-24,2024-12-24
C001955,Colleen,Sherman,gregory82@example.org,(221)567-9619,Female,1937-06-24,2024-05-30
C001956,Jacob,Evans,samuelhansen@example.net,(891)576-2687x97986,Female,1960-08-01,2024-09-26
C001957,Tanya,Brock,blove@example.org,+1-541-285-0328,Male,1999-07-06,2025-01-17
C001958,Jeffrey,Lowery,sharonmiller@example.org,892.641.4146x75748,Female,1948-07-04,2025-12-07
C001959,Caleb,Sharp,barrettjody@example.com,+1-562-937-6250,Male,1948-10-10,2023-08-23
C001960,Robert,Myers,victor27@example.net,660.985.6715,Female,2000-07-18,2021-12-10
C001961,Jessica,Gibson,huertaashley@example.org,409.504.7797x59260,Female,1936-01-23,2024-11-27
C001962,Frank,Martin,garciaamy@example.org,490.700.7872,Female,2001-02-12,2021-12-27
C001963,Susan,Murphy,nwoodard@example.com,552.658.4536,Female,1977-06-01,2021-12-21
C001964,Daniel,Miller,christineharper@example.com,(745)421-6227x4903,Female,1981-10-19,2026-04-25
C001965,Mary,Campos,bhess@example.net,001-417-742-5510,Female,1979-01-14,2024-11-09
C001966,Megan,Weaver,weissdeborah@example.com,001-290-827-2364,Male,1957-01-21,2026-01-20
C001967,Gordon,Lee,nsmith@example.org,(966)507-0468,Female,1957-12-16,2024-11-11
C001968,Joshua,Stone,monica40@example.org,001-285-423-7528x0342,Female,1953-02-02,2025-04-19
C001969,Alexander,Reyes,lbrown@example.com,(421)596-0961x5710,Female,1965-02-05,2022-05-23
C001970,Brian,Ward,llawson@example.com,413-925-7699x696,Female,1983-01-16,2024-09-04
C001971,Cathy,Welch,hutchinsonbeverly@example.com,604-926-0979x9065,Female,1940-12-22,2025-04-19
C001972,Michele,White,chelsearogers@example.com,(434)623-1496x306,Female,1937-11-04,2022-07-12
C001973,Martin,Lopez,greyes@example.com,+1-309-464-6401x84370,Male,1965-01-25,2026-05-27
C001974,Ryan,Cruz,emilymiller@example.com,457-545-1487x3010,Female,1968-04-09,2022-02-05
C001975,Mark,Coleman,martinscott@example.net,885.891.4497x134,Female,1960-04-13,2025-01-17
C001976,Leslie,Smith,joshua89@example.net,844.636.9621,Male,1962-03-07,2026-01-26
C001977,Brett,Williams,eanderson@example.net,+1-805-898-5034x03587,Male,1976-10-16,2022-07-04
C001978,Wanda,Russo,kathryn54@example.org,(761)649-3596,Female,1961-08-24,2022-05-10
C001979,Shane,Ramirez,apeterson@example.com,224.304.2181,Male,2003-05-25,2025-02-02
C001980,David,Stewart,debra21@example.net,228-745-1442x18393,Female,1993-09-12,2026-02-14
C001981,Holly,Rodriguez,coxmelissa@example.com,362-322-0245,Female,1943-11-09,2026-06-23
C001982,Erica,Cisneros,daniel98@example.com,965.888.1438x77592,Male,1986-12-19,2026-02-15
C001983,Patricia,Wilson,davidpaul@example.org,596.811.4014x28094,Female,1987-03-30,2025-09-01
C001984,Erik,Ford,joshua79@example.com,452-686-7264x93531,Female,1995-07-07,2023-08-02
C001985,Cheryl,Flores,bridget23@example.net,714.442.1787x377,Male,1936-08-26,2022-04-19
C001986,Christopher,Banks,thompsonleah@example.org,+1-984-393-2365x301,Male,1937-04-08,2022-03-08
C001987,Angelica,Salazar,jonathanjackson@example.org,001-821-720-8577x2096,Female,1959-02-20,2024-06-06
C001988,Sean,Massey,paigeperry@example.com,(617)376-7142x6178,Female,1983-06-03,2023-05-07
C001989,Ariel,Carter,brittanygoodwin@example.com,890-208-4660x219,Male,1959-01-19,2021-08-09
C001990,Michelle,Fields,todd59@example.org,(553)498-4290x266,Male,1968-12-29,2024-05-23
C001991,Tina,Chavez,csmith@example.org,+1-909-808-3851x67428,Female,2006-02-16,2025-10-24
C001992,Jennifer,Johnson,nancy06@example.net,001-212-732-2012x865,Male,1990-12-05,2021-09-04
C001993,Elizabeth,Schwartz,victoriaallen@example.org,(245)314-6369x313,Female,1957-03-29,2026-06-01
C001994,Haley,Ray,brittanyhawkins@example.org,267-741-8643x370,Male,1974-07-26,2025-10-06
C001995,Christopher,Harris,kelseyfoster@example.com,658.383.6642x6599,Female,1944-07-22,2022-09-16
C001996,Tracy,Watkins,uparker@example.org,318-810-8051x073,Male,1997-01-19,2022-11-13
C001997,Aaron,Brown,bcunningham@example.net,001-898-338-3950,Male,1995-04-14,2025-03-26
C001998,Robert,Davis,fischerkyle@example.net,828-687-0858,Female,2000-02-28,2024-05-15
C001999,Matthew,Mcintosh,beckerica@example.org,834.381.1435x51711,Female,1988-07-20,2023-01-07
C002000,Brittany,Sutton,frankmatthew@example.com,887.680.9392,Male,1960-07-05,2022-03-31
C002001,Isaac,Rodgers,erica11@example.net,(817)333-5112,Female,1951-12-20,2025-06-27
C002002,Charles,Fields,washingtongina@example.com,6036758946,Female,1977-12-08,2022-10-03
C002003,Grace,Porter,vstevens@example.com,+1-849-447-1666x5603,Male,1957-04-07,2025-12-12
C002004,Maria,Smith,vjones@example.org,851.749.9662,Female,2001-04-05,2024-04-23
C002005,Xavier,Williams,jamesbaker@example.org,001-335-433-5300,Female,1967-10-13,2025-03-13
C002006,David,Thomas,baileygregory@example.org,475-419-0426x732,Male,1971-10-03,2023-02-28
C002007,Lisa,Arroyo,youngcaleb@example.net,291-395-6834x983,Male,1958-08-16,2022-08-25
C002008,Justin,Lewis,jennifergarcia@example.com,346-200-8592,Male,1988-10-23,2021-09-03
C002009,Crystal,Padilla,katrina62@example.org,+1-249-473-5810,Male,1959-11-29,2025-03-07
C002010,Tara,Wood,ashleythomas@example.net,+1-889-593-9524x784,Male,1946-10-09,2022-08-25
C002011,Bryan,Ross,lgarcia@example.com,367.856.1924,Female,1981-09-17,2021-10-08
C002012,Michael,Perry,ostokes@example.net,635-983-3502x5042,Female,1973-08-09,2022-11-20
C002013,Seth,Robbins,jadeclark@example.org,001-909-750-4583x1361,Female,1942-09-15,2022-01-10
C002014,Jessica,Davis,vvasquez@example.net,001-871-819-9891x7761,Male,1973-04-30,2021-08-23
C002015,Chelsea,Glover,josephstephens@example.net,531.237.0248,Female,1964-01-13,2024-08-02
C002016,Brian,Austin,thompsonjill@example.com,831-985-5361,Male,1990-09-22,2026-04-19
C002017,Amber,Smith,donaldsonsteven@example.org,(897)821-5168,Male,1978-03-16,2023-10-22
C002018,Scott,Stewart,patriciadeleon@example.com,692-665-7712x1747,Male,1980-12-05,2023-05-13
C002019,James,Franklin,dustin38@example.net,(387)397-6940x70192,Male,1966-03-26,2023-05-04
C002020,Jennifer,Harris,jzimmerman@example.net,001-940-358-3868x5585,Male,1973-01-14,2025-09-21
C002021,Alexander,Ellis,wilsonheather@example.net,(711)276-8696x4841,Male,1939-05-28,2023-10-29
C002022,Taylor,Porter,christine56@example.com,995.794.1669,Female,1958-02-11,2024-09-25
C002023,Marissa,Middleton,david15@example.org,224.866.8190x808,Female,1991-09-20,2022-03-10
C002024,Louis,Ryan,susan01@example.net,636.465.4148,Male,1969-10-04,2023-02-09
C002025,Jordan,Hicks,acevedoanthony@example.com,001-485-899-1228x5611,Male,1987-11-27,2023-08-10
C002026,Catherine,Wheeler,ilewis@example.net,284-332-0740,Female,1971-01-12,2021-08-14
C002027,Christopher,Obrien,changtracy@example.org,001-832-522-6655x39315,Female,1980-03-04,2024-10-01
C002028,David,Campos,brandonarnold@example.net,751.228.5688x2497,Female,1971-01-09,2026-07-07
C002029,Benjamin,Anderson,joshua31@example.org,+1-805-705-6171x855,Male,1960-02-16,2024-06-25
C002030,David,Oliver,bridgetjohnson@example.com,001-621-210-9567x7113,Female,1940-08-22,2024-03-02
C002031,Julie,Harper,alicia92@example.org,+1-805-381-0353x4004,Female,1982-11-26,2025-08-09
C002032,Jason,Lee,schwartzamy@example.com,001-367-351-9386x11977,Female,1952-05-28,2023-06-28
C002033,Katie,Lee,brittney08@example.org,6363461352,Female,1967-03-17,2023-03-22
C002034,Samantha,Rodriguez,jacksonlisa@example.org,382.614.0463x724,Male,1978-05-01,2025-08-12
C002035,Jerry,Ortega,robertjohnson@example.com,+1-960-784-3727,Female,1996-03-27,2023-12-14
C002036,Tonya,Dawson,tdorsey@example.com,+1-209-245-9528x0808,Female,1945-05-02,2021-09-30
C002037,Tiffany,Lucas,chodges@example.net,9107325235,Female,1949-04-30,2024-08-17
C002038,Jonathan,Mccarthy,cgonzalez@example.net,348.537.3449x51737,Male,1947-06-20,2024-08-09
C002039,Brandy,Webb,ecombs@example.net,+1-499-402-9618x7848,Female,1980-02-09,2024-12-04
C002040,Christopher,Garcia,clarson@example.org,371.837.9222x45024,Female,1993-11-27,2021-08-03
C002041,Scott,Miller,davidmeyer@example.net,462.437.4174,Male,1990-11-27,2026-01-15
C002042,David,Jones,kgordon@example.org,001-392-439-3984x873,Female,1972-08-24,2024-08-16
C002043,Jessica,Sparks,johnpollard@example.org,001-439-515-6400x23675,Male,1987-03-24,2024-10-31
C002044,Peter,Baker,gregoryrandall@example.com,6574315927,Male,1995-05-08,2026-02-04
C002045,Justin,Perez,hharris@example.com,948.813.6412x0722,Female,2001-05-21,2023-04-23
C002046,Krista,Knight,woodardzachary@example.com,(289)596-1557x35653,Male,1981-01-29,2024-08-18
C002047,Ashley,Mckay,norriskristen@example.net,294-415-9953x3300,Male,2005-01-28,2024-01-07
C002048,Timothy,Carrillo,ethanrobertson@example.net,001-269-300-5679x157,Male,1939-09-23,2022-03-19
C002049,Kelly,Sims,ana08@example.com,(941)284-2144,Male,1970-08-03,2022-10-24
C002050,Steven,Fox,mary68@example.org,+1-332-376-3064x50042,Female,1944-04-22,2025-08-15
C002051,Tommy,Holmes,farrelldeanna@example.org,+1-566-263-4312x629,Male,1997-01-16,2024-05-30
C002052,Cody,Lutz,wmitchell@example.com,5083250397,Female,1970-05-04,2023-02-04
C002053,Ariel,Thompson,kevinpalmer@example.net,678-376-2151x201,Male,1955-04-24,2026-02-14
C002054,Michael,Brooks,gnguyen@example.org,213.445.4353,Male,1954-05-11,2021-08-27
C002055,Jennifer,Turner,stephaniewilliams@example.com,001-842-926-6681,Female,1960-02-22,2024-08-16
C002056,James,Mooney,victoria44@example.net,420-532-5275x521,Female,1999-02-22,2022-01-17
C002057,Mary,Jackson,zroberts@example.net,845-453-7179,Male,1950-07-16,2022-04-19
C002058,Daniel,Mckay,scottgarrison@example.net,(875)288-1102x8148,Female,2003-03-25,2023-03-03
C002059,Erica,Snyder,zjones@example.com,399.488.7642,Female,1982-07-26,2021-12-07
C002060,Denise,Park,kramirez@example.net,7615751598,Female,1946-04-20,2021-09-05
C002061,Frank,Reyes,nancy00@example.org,(485)594-0245,Male,1964-04-04,2022-02-04
C002062,Melissa,Brown,diazmichael@example.net,(347)266-3544x24670,Male,1967-11-05,2026-06-19
C002063,Morgan,Garner,margaretboyd@example.com,7588846206,Male,1977-04-16,2023-06-25
C002064,Bryan,Davis,nwall@example.net,001-612-345-4861,Male,1962-01-02,2023-01-01
C002065,Zachary,Smith,davispatricia@example.com,+1-308-819-3960x78520,Female,1995-07-13,2023-10-28
C002066,Elizabeth,Bowers,schultzryan@example.com,676.363.0646x9895,Male,1965-02-02,2023-06-15
C002067,Colin,Campbell,xmayo@example.net,(781)239-4411x78701,Male,1998-06-26,2022-04-25
C002068,Anthony,Arnold,bankskayla@example.org,894.907.2194,Male,1961-06-27,2025-04-14
C002069,Madison,Williams,robert30@example.net,001-393-710-7502x795,Female,1966-06-24,2023-03-09
C002070,Michael,Brown,kimberly44@example.com,(640)473-6091x141,Male,1992-09-02,2021-09-27
C002071,Margaret,Escobar,lgood@example.net,297-342-5146,Male,1990-02-06,2022-08-04
C002072,Tracy,Fields,adamberg@example.org,(749)246-8388,Female,1986-01-22,2025-04-12
C002073,Tina,Sutton,christine67@example.com,626.803.2472x125,Male,1937-09-14,2025-01-02
C002074,George,Stokes,deniseward@example.net,841-573-9834,Female,1955-11-24,2024-11-22
C002075,Reginald,Larson,steven68@example.com,+1-801-235-1163x0147,Male,1947-08-13,2024-12-21
C002076,Daniel,Cooper,shannonterry@example.com,+1-628-646-6218x26687,Male,1970-04-16,2024-02-25
C002077,Jennifer,Navarro,jeanette15@example.org,2872193658,Male,1973-08-11,2025-03-10
C002078,Walter,Compton,barberjeffrey@example.net,911.566.8718,Male,1990-06-11,2024-06-17
C002079,James,Escobar,markadams@example.org,(701)724-8854x17390,Male,1945-01-18,2023-10-04
C002080,Matthew,Stephenson,clarkmichael@example.org,+1-374-478-2425x576,Female,1970-02-10,2025-09-19
C002081,Tracy,Daniels,swalker@example.com,347.578.7430,Female,2007-07-19,2026-02-12
C002082,Chase,Schultz,jacob69@example.com,(937)429-0980x170,Male,2003-05-20,2021-10-28
C002083,Marcus,Lawson,marystafford@example.com,(255)798-7398x659,Female,1964-04-03,2022-10-07
C002084,Jeffrey,Gibbs,stewartmichael@example.com,+1-976-553-6651,Female,1962-06-12,2024-05-01
C002085,Tara,Rowe,jeffreyvalencia@example.org,+1-695-986-5989x51618,Male,1952-11-29,2023-04-26
C002086,Donna,Griffin,clee@example.org,344.204.6644,Male,1999-02-10,2023-02-26
C002087,Christopher,Lopez,jmills@example.net,880-345-8525x760,Male,1990-06-08,2022-05-20
C002088,Taylor,Garcia,freemanjennifer@example.com,001-987-204-0109x4558,Male,1936-11-11,2024-06-30
C002089,Andre,Lee,dannywelch@example.com,(343)252-0849,Female,1962-07-20,2026-04-09
C002090,Lisa,Rice,dannyrhodes@example.net,(577)403-1647,Male,1965-06-22,2024-05-14
C002091,Natalie,Braun,amy88@example.net,546.913.9015,Male,1957-05-28,2021-12-31
C002092,Andrew,Mendez,hannah97@example.com,249.550.4758x09989,Female,2007-11-04,2024-10-03
C002093,Albert,Clark,kyle16@example.org,519-297-2246x8403,Male,1961-03-07,2024-03-15
C002094,Joshua,Harris,stephanie76@example.net,(808)460-8765x681,Male,1947-10-07,2024-04-14
C002095,Brandon,Orr,kevin02@example.org,+1-415-979-7885x7331,Female,1944-03-14,2024-01-27
C002096,Matthew,Hurley,melissakennedy@example.net,001-692-308-2405,Male,1961-08-10,2024-03-02
C002097,Sheila,White,jeffreyjohnston@example.net,001-730-487-3965,Female,1947-03-03,2025-06-09
C002098,Elizabeth,Ramos,joseph80@example.com,(673)650-3117,Male,1966-09-20,2025-11-12
C002099,Anita,Ferrell,chase92@example.net,+1-944-757-2325x5960,Female,1937-05-27,2023-08-15
C002100,Kathleen,Adams,michellemartinez@example.com,9423790493,Male,1974-04-01,2021-10-12
C002101,Eric,Fields,gillpeter@example.com,001-645-360-1514,Female,1947-05-19,2024-02-08
C002102,Joshua,Hoffman,lisataylor@example.net,656.704.2892,Female,1936-11-22,2021-08-10
C002103,Matthew,Johnson,evanburns@example.net,6226559321,Female,1965-08-05,2023-04-08
C002104,Peter,Morton,scain@example.com,(311)893-7317x37097,Male,1954-11-09,2026-04-06
C002105,Tiffany,Ellis,huntercrystal@example.com,278.523.8422x7966,Male,2006-06-17,2022-02-03
C002106,Ray,Hill,zmooney@example.net,527-385-1365,Male,1959-12-24,2023-09-05
C002107,William,Davis,shernandez@example.org,480-694-2305x251,Male,1979-10-09,2025-02-01
C002108,Rachel,Payne,spencer05@example.org,662-447-6587,Male,1967-03-22,2022-06-02
C002109,Logan,Mercer,josephingram@example.org,001-617-864-5995x297,Female,1958-08-25,2022-05-14
C002110,Charles,Chase,ortizpatricia@example.org,3329972469,Male,1953-12-03,2025-10-02
C002111,Desiree,Goodman,cody34@example.org,465.230.8810x306,Female,2002-01-01,2025-09-01
C002112,Casey,Hernandez,sgallegos@example.com,(627)831-6709,Female,1941-05-17,2025-09-24
C002113,Frank,Collins,breanna76@example.net,965.983.7144,Male,1964-11-25,2025-05-12
C002114,Mary,Anderson,nicholas62@example.net,(598)464-2071x5208,Female,1983-08-23,2022-05-30
C002115,Brenda,Benjamin,elizabeth08@example.net,8938325185,Female,1970-07-29,2024-12-22
C002116,Olivia,Williams,stevenharris@example.com,(311)374-3421,Male,1987-09-28,2025-02-27
C002117,Michael,Young,michaelathomas@example.com,647.270.4937x616,Female,1994-11-18,2022-03-29
C002118,Michelle,Reed,igregory@example.net,+1-322-206-8825x063,Female,1982-02-07,2024-12-04
C002119,Kenneth,Santos,peterhoward@example.net,(588)538-6892x37870,Male,1961-12-23,2025-05-03
C002120,Mandy,Kim,judyjacobs@example.com,912.777.9589,Male,1969-09-12,2024-09-04
C002121,Thomas,Pearson,johnavery@example.org,001-503-996-7214x2349,Male,1967-06-29,2023-01-07
C002122,Jennifer,Phillips,traceytucker@example.net,+1-364-266-9483x181,Female,1964-07-05,2022-04-02
C002123,Julie,Harvey,jamesrobinson@example.net,(466)287-6581,Female,1949-06-16,2021-11-03
C002124,Ryan,Bowman,morganjoe@example.net,+1-926-593-6175x938,Male,1998-11-25,2024-07-11
C002125,Brandon,Garcia,eric93@example.net,957.845.0792,Female,1948-04-20,2023-11-21
C002126,Matthew,Richards,lisa84@example.org,+1-855-286-1078x35320,Male,1949-08-01,2022-09-22
C002127,Victoria,Johnson,ujones@example.net,+1-979-435-4907x1203,Male,1964-01-09,2021-11-12
C002128,Amanda,Valencia,santosamanda@example.org,001-627-784-1190x9921,Male,1987-02-13,2021-10-29
C002129,Craig,Aguirre,michaelgraham@example.org,586.604.2827,Male,2004-10-01,2025-09-07
C002130,Rhonda,Williams,xwilkins@example.org,(921)635-0853x9120,Female,1990-12-28,2026-04-15
C002131,Katie,Boyd,chelsea93@example.org,001-380-713-6592,Female,1996-10-27,2026-03-06
C002132,Lisa,Jones,victoria78@example.net,6069921397,Male,1951-06-08,2021-09-24
C002133,Mary,Swanson,zacharywise@example.org,+1-372-959-2970,Male,1996-06-02,2023-09-05
C002134,Carl,Green,andrea22@example.com,(874)874-3852x767,Female,1970-01-15,2024-09-06
C002135,Luke,Mclean,toddjackson@example.org,686-781-0558,Male,2007-07-25,2021-08-13
C002136,Amber,Wade,jacquelinethompson@example.net,412-731-6952,Female,1987-06-16,2026-05-28
C002137,Alicia,Hubbard,hmorris@example.net,(376)678-7335x562,Male,1976-05-31,2024-05-17
C002138,Mary,Schneider,christopher85@example.com,(343)857-0491,Male,1966-03-06,2026-01-27
C002139,Kimberly,Peters,tiffany66@example.org,001-849-478-4344x0206,Female,2006-03-15,2022-05-19
C002140,Brian,Osborne,nmoore@example.org,267.346.2223,Male,1995-09-02,2022-04-07
C002141,Michael,Sanders,walkerjeffrey@example.net,+1-653-215-3183x7566,Male,1978-11-25,2025-09-20
C002142,Evelyn,Thompson,gshaw@example.org,(570)242-1594,Female,1981-10-19,2023-06-14
C002143,Brittney,Ortiz,tsoto@example.org,359-773-2204x14526,Male,1980-02-24,2021-12-19
C002144,Todd,Vazquez,nelsonkimberly@example.org,996.465.1056x5755,Male,1979-10-15,2021-10-02
C002145,Austin,Mclean,melissa01@example.org,382.325.9151,Male,1942-07-01,2021-10-23
C002146,Corey,Barnes,carlos38@example.org,842.201.9131,Female,1950-04-28,2024-03-24
C002147,Frank,Kelly,mreed@example.com,359-956-9215x277,Male,1949-12-11,2023-05-13
C002148,Andrew,Castillo,oliviamcguire@example.com,879.801.5675x2552,Female,1992-03-12,2024-02-23
C002149,Angela,Dalton,jesusthomas@example.net,+1-298-519-1090x476,Male,1945-04-28,2024-12-05
C002150,Christopher,Greene,courtney01@example.org,378-233-7528x97111,Male,1952-02-02,2024-09-16
C002151,April,Fisher,michael04@example.com,568-384-5713,Male,1948-07-05,2025-03-18
C002152,George,Reid,cole75@example.net,+1-990-544-1704x790,Female,1994-06-17,2025-03-12
C002153,Shawn,Murray,tracieaguilar@example.com,3418383878,Female,1994-09-02,2025-12-12
C002154,Timothy,Hill,nathanliu@example.org,001-620-429-5742x150,Male,1959-10-20,2023-07-09
C002155,Katherine,Hancock,samanthaadams@example.net,485-913-0477x88318,Female,1987-05-30,2022-08-25
C002156,Felicia,Camacho,ramoscatherine@example.com,(995)979-7110,Female,1949-07-26,2025-03-08
C002157,Steven,Perez,schmidtemily@example.org,747.806.9954x5302,Female,1964-04-13,2021-07-12
C002158,Elizabeth,Johnson,ruth45@example.net,834-241-5010x178,Female,1970-09-17,2024-11-04
C002159,Andrew,Stanley,ssimpson@example.com,+1-547-625-8191x773,Female,1986-05-07,2024-08-24
C002160,Erik,Stokes,abailey@example.org,(730)552-8709x289,Male,2006-11-06,2025-07-01
C002161,Eric,Anderson,andrewmcdonald@example.org,001-825-339-1389x77463,Male,1952-07-04,2026-01-05
C002162,Linda,King,vcampbell@example.com,+1-290-896-2280,Male,2001-10-18,2023-07-16
C002163,Brandon,Duncan,taylorjuan@example.net,001-228-658-9309x054,Male,1971-09-15,2025-01-23
C002164,Pamela,Morgan,erica49@example.org,244-929-4916,Female,2004-12-20,2025-01-12
C002165,Kyle,Flores,fcarlson@example.com,(769)255-8881x2002,Female,1959-10-30,2023-05-03
C002166,Devin,Flores,michellesolis@example.org,001-735-363-2698,Female,1982-06-08,2026-03-21
C002167,Micheal,Hawkins,stevenwilliams@example.net,515.699.2682x1584,Male,2008-06-23,2022-08-22
C002168,Anthony,Diaz,james27@example.com,+1-490-817-9040,Male,1936-11-28,2022-06-05
C002169,Cheryl,Williams,idavis@example.com,552-358-2903x4730,Male,1943-10-25,2023-11-13
C002170,Cynthia,Benjamin,jacqueline98@example.com,(314)258-8446x66428,Female,1980-03-27,2022-05-04
C002171,Kyle,Hinton,millersamantha@example.net,001-260-936-3410x6301,Male,1975-05-17,2021-08-15
C002172,Desiree,Henderson,caldwellrichard@example.org,506.393.6803x1421,Female,1990-06-09,2024-10-16
C002173,Jason,Schultz,charleswolfe@example.com,(466)798-0583x3429,Male,1944-02-21,2025-07-06
C002174,Ashley,Brennan,fmoon@example.org,6313812446,Male,1973-12-31,2024-01-25
C002175,Megan,Clark,scotttaylor@example.net,001-373-915-4847x897,Male,1994-02-27,2025-02-26
C002176,Michael,Sanders,hendersonrandall@example.net,(336)552-7736,Male,1954-04-18,2022-03-10
C002177,Preston,Martin,powellmichael@example.org,670.860.2800x329,Female,1938-04-13,2024-03-18
C002178,Andre,Brown,claytoncraig@example.net,299.873.0942x23908,Male,1936-02-26,2023-12-28
C002179,James,Johnson,blackburnamanda@example.com,363-667-0431x999,Female,1962-09-02,2023-04-08
C002180,Cynthia,Cooke,clarkjamie@example.com,750.503.2310,Male,1953-11-27,2021-10-03
C002181,Martha,Martin,kevinsnyder@example.org,+1-754-982-2725x58135,Male,1972-12-22,2026-03-19
C002182,Sandra,Ortiz,robert72@example.org,639.988.8648x2402,Male,1972-07-02,2021-09-09
C002183,David,Johnson,watsonmelanie@example.org,820-943-2112x40582,Male,1959-03-29,2023-10-13
C002184,Melanie,Pham,bdavid@example.net,(588)597-6195,Male,1968-08-31,2025-12-04
C002185,Angela,Nunez,kathychang@example.com,+1-865-562-6087x099,Female,2004-02-17,2021-12-08
C002186,Joshua,Turner,morgan48@example.org,450-737-9089x203,Male,1942-05-07,2023-12-24
C002187,Katherine,Preston,huntrebecca@example.net,(337)677-8182,Female,2004-10-13,2022-05-12
C002188,Eric,Cruz,piercejason@example.org,471.215.6226x632,Male,1975-09-23,2026-04-20
C002189,Katherine,Marshall,andrea99@example.com,(498)730-0849,Male,1956-06-12,2022-05-01
C002190,Juan,Pacheco,suzanne85@example.org,001-708-966-4938x8115,Male,1991-07-30,2026-06-05
C002191,Janet,Becker,teresa92@example.net,+1-588-607-6371x41564,Male,1987-04-27,2023-07-20
C002192,Danielle,May,thomasgregory@example.net,001-639-397-6220x09473,Male,1982-07-07,2026-01-19
C002193,Craig,Brewer,jbartlett@example.org,001-697-564-8822x672,Female,1939-10-06,2025-04-18
C002194,Megan,Lewis,stevenjohnson@example.org,001-389-472-3758x3545,Female,1992-12-13,2021-09-27
C002195,Steven,Evans,jonesamanda@example.net,001-606-429-7925x4733,Male,1999-05-27,2022-09-11
C002196,Thomas,Rodriguez,gregory40@example.net,(550)978-4514x529,Male,1947-10-31,2024-10-26
C002197,Shawn,Miller,jessicasanchez@example.com,(931)406-4242x418,Male,1997-10-06,2025-08-13
C002198,Michael,Gonzalez,stephenharper@example.com,627.912.2818x1551,Male,2004-04-25,2023-09-22
C002199,Janet,Gonzales,rtaylor@example.org,(665)325-4298x6449,Female,1968-05-27,2022-02-07
C002200,Janet,Hernandez,fperry@example.com,838.503.1717x63687,Female,1997-02-09,2022-07-30
C002201,Amy,Rhodes,sheri03@example.org,001-908-601-5467x145,Female,1945-05-02,2021-09-18
C002202,Ariana,Gray,maryware@example.org,001-354-626-1818,Male,1998-03-25,2022-04-14
C002203,James,Evans,kyledavis@example.com,+1-690-553-3035x482,Male,1975-11-18,2023-07-05
C002204,Richard,Galloway,watersamanda@example.net,695.404.7719x9021,Male,1991-09-04,2026-04-08
C002205,Amanda,Howard,hrodriguez@example.org,989.400.4019,Male,1948-06-22,2023-05-27
C002206,Stephanie,Webb,zgregory@example.net,6322011270,Male,1951-09-29,2021-12-13
C002207,Lisa,Watts,campostina@example.org,266.673.7794x4208,Male,1945-09-25,2023-09-13
C002208,Michael,Arias,michellewhite@example.com,001-639-640-3240x8997,Female,1950-01-03,2021-09-25
C002209,Tommy,Baker,jasonshort@example.com,890-846-4722x87793,Female,1947-05-17,2023-07-23
C002210,Daniel,Jimenez,sextondonna@example.org,317.748.9771x70430,Male,1997-11-22,2023-12-22
C002211,Nicholas,Patel,michael97@example.com,804.412.5166x07153,Female,2002-11-17,2022-04-25
C002212,Eric,Stephens,nicoleswanson@example.net,(587)608-2592,Female,2005-10-04,2023-05-23
C002213,Suzanne,Jackson,jarviskevin@example.net,(260)995-1592x717,Male,1964-01-01,2021-08-01
C002214,Caleb,Murphy,nicholschad@example.net,(592)837-2463x31405,Male,1997-07-25,2023-01-20
C002215,Andrew,Walsh,bnovak@example.org,(315)578-2022,Female,2004-07-29,2025-08-06
C002216,Darius,Turner,abaker@example.org,458.864.3337x87198,Female,1945-03-20,2022-03-04
C002217,Elizabeth,Brooks,jessica67@example.net,(843)537-1967,Female,1957-02-06,2023-03-29
C002218,Maria,Welch,davidgonzalez@example.net,670.662.5812x5873,Male,1975-12-03,2025-11-12
C002219,Rachel,Olson,browningsarah@example.org,6985501057,Male,1984-08-15,2023-10-16
C002220,Savannah,Hunt,hhawkins@example.com,299.534.8811x444,Female,1993-11-10,2022-12-09
C002221,Kyle,Frederick,lisa00@example.org,848.925.5978x985,Female,1990-11-08,2026-05-11
C002222,Tom,Lee,kevin74@example.net,+1-650-617-6478x2762,Male,2007-10-15,2026-04-11
C002223,Daniel,Bean,kristenandrews@example.net,769-853-4464,Male,1995-09-13,2023-12-25
C002224,Nicole,Osborne,ronaldgonzalez@example.org,(401)987-5662x28974,Female,1994-09-14,2022-11-05
C002225,Lisa,Taylor,lstevens@example.org,001-931-933-8333x44636,Male,2004-04-17,2025-07-09
C002226,Kim,Williams,murphyryan@example.net,(249)665-2815x339,Male,1944-09-24,2025-03-22
C002227,Keith,Marquez,yangzachary@example.com,001-384-864-9672,Female,1997-08-30,2025-06-07
C002228,Denise,Pierce,mmiller@example.net,306.924.7706x38038,Female,1961-12-26,2026-03-26
C002229,Travis,Booker,christopher52@example.net,+1-340-903-8471x49011,Male,1951-07-16,2021-11-07
C002230,Joseph,Cobb,jason03@example.net,922.957.1333x33650,Female,1983-03-20,2022-08-20
C002231,Madison,Harrison,charlespalmer@example.net,(928)263-4270x70160,Male,2002-03-27,2022-08-13
C002232,Timothy,Riley,blackwellgary@example.org,001-778-453-4535x601,Male,2007-08-20,2024-09-08
C002233,Sean,Atkinson,hbryant@example.org,547-292-7641x290,Female,2007-05-12,2025-03-22
C002234,Scott,White,christianpeterson@example.com,(617)758-7600,Male,1975-08-19,2024-04-21
C002235,Edward,Edwards,hopkinsashley@example.net,551-298-4167,Male,1978-05-25,2026-05-19
C002236,Tamara,York,eflores@example.com,(211)609-4604x4768,Female,1991-07-31,2021-09-16
C002237,Sabrina,Schmidt,umiller@example.org,+1-872-945-2633,Male,1951-08-31,2024-10-29
C002238,Tony,Ballard,vallen@example.org,2143163551,Female,1993-01-23,2025-09-17
C002239,Erika,Rogers,benjamincortez@example.org,3079803840,Female,1945-02-05,2024-04-24
C002240,James,Garcia,davidbradley@example.org,(665)246-4040x335,Female,1967-06-26,2023-03-07
C002241,Lindsey,Thompson,cbrown@example.net,616.753.4493x4787,Female,1974-10-20,2022-01-09
C002242,Audrey,Cooper,adam09@example.net,001-576-957-4162x52503,Female,1935-07-16,2025-03-15
C002243,Michelle,Sanchez,jodihuffman@example.org,(607)988-0760,Male,1969-06-28,2024-07-18
C002244,Joann,Anderson,hatfieldlisa@example.net,2696720143,Male,1941-04-08,2023-09-25
C002245,Jade,Edwards,william29@example.net,001-315-881-7025x382,Male,2005-11-30,2025-03-11
C002246,Susan,Luna,fdavis@example.net,875.374.4528x14981,Female,1974-02-01,2021-11-13
C002247,Jennifer,Stanley,cdavis@example.org,+1-509-857-2727x06926,Male,1941-08-09,2023-08-27
C002248,Ricky,Evans,khansen@example.org,639-468-3142,Female,1975-06-19,2022-08-18
C002249,Stacy,Swanson,melissawolf@example.com,621-272-4027x934,Female,1940-12-25,2023-01-05
C002250,Linda,Robertson,michellewilliams@example.net,3273740417,Male,1979-07-30,2022-05-13
C002251,Michelle,Reed,josephlynch@example.net,+1-535-286-1675x40407,Male,1959-09-04,2023-11-07
C002252,Misty,Whitney,sanchezstacy@example.net,(771)274-8051x965,Male,1971-04-28,2026-06-04
C002253,Sharon,Russell,perezjessica@example.com,(915)420-5483x68044,Male,1967-08-09,2023-07-26
C002254,Alison,White,dawn44@example.net,001-557-265-0703x332,Female,1962-01-22,2025-03-12
C002255,Stacy,Ellison,blackburnlonnie@example.com,+1-462-944-0430x98089,Female,1952-01-26,2025-01-04
C002256,Vanessa,Mccoy,schmidtgary@example.net,229.673.2401x9538,Male,2000-02-28,2025-05-09
C002257,Bradley,Cohen,hunter73@example.net,620-217-2557x99831,Female,1989-06-02,2024-07-23
C002258,Sandra,Gonzalez,michaelwong@example.net,862.908.5651x653,Female,1998-02-01,2022-08-19
C002259,Shannon,Shaffer,lanceanderson@example.com,3092512176,Male,1957-02-18,2025-05-14
C002260,Cassandra,Brown,nwilson@example.net,+1-469-780-9171x6380,Male,1940-11-06,2021-09-09
C002261,Elizabeth,Dawson,adamscindy@example.org,001-644-891-9014x298,Female,2007-02-08,2022-07-09
C002262,Cynthia,Graves,robin84@example.net,700-495-1870x079,Male,1962-11-03,2025-10-16
C002263,Kimberly,Guerrero,petersenrobert@example.org,(868)580-6678,Male,1997-09-08,2023-01-24
C002264,Natalie,Mcgrath,mayerrobert@example.net,+1-551-333-5833,Female,1949-06-03,2023-09-05
C002265,Alexandra,Snyder,brittanykennedy@example.com,627.622.4226,Female,1960-09-01,2023-07-09
C002266,Janice,Richardson,derek83@example.net,698.534.5714x06482,Male,1977-11-27,2024-04-09
C002267,Steven,Sullivan,caldwelljames@example.org,001-312-677-6364x1040,Male,1974-05-27,2024-09-02
C002268,Stacy,Rodriguez,munozerin@example.com,204-598-8164,Female,1962-09-29,2025-07-11
C002269,Thomas,Brewer,kpoole@example.org,9674284847,Female,2007-06-24,2022-01-12
C002270,Derrick,Rodriguez,mitchelldonald@example.org,(293)313-0057,Male,1987-12-15,2021-11-13
C002271,Ashley,Callahan,browntina@example.com,(358)643-6204x312,Female,1950-04-13,2023-01-16
C002272,Joseph,Stanley,pateljoel@example.org,(891)875-7893x701,Female,1955-02-27,2025-06-17
C002273,Joshua,Richards,qwilliams@example.com,+1-402-895-3988,Male,1940-12-16,2021-08-26
C002274,Scott,Manning,christopherclark@example.com,833.809.2694x041,Male,2004-12-26,2025-06-04
C002275,Elizabeth,Blankenship,cynthia23@example.org,(720)814-8730x662,Male,1984-04-29,2024-04-22
C002276,Susan,Ochoa,bryanvasquez@example.net,630-421-8568,Male,1953-11-10,2024-02-10
C002277,Maria,Costa,barrerarichard@example.com,478-713-8969,Male,2004-09-01,2024-12-25
C002278,Yolanda,Warren,stephaniereyes@example.com,(458)683-6193,Male,2006-12-25,2022-05-22
C002279,Catherine,Horton,alice06@example.net,630.712.6310,Female,1940-01-18,2023-07-22
C002280,Christine,Howard,adkinsbrandon@example.org,001-848-238-8387x480,Female,1965-04-15,2023-01-25
C002281,Matthew,Schneider,thomasdavid@example.com,707.319.7053x8498,Male,1947-01-15,2025-01-15
C002282,Megan,Rosales,hendersongregory@example.net,922.579.0106x63526,Male,1976-11-01,2024-01-25
C002283,Sara,Benton,emmageorge@example.com,257.999.7123x435,Female,1982-12-21,2024-08-14
C002284,Jennifer,Reilly,austinmeyer@example.org,(886)614-0883,Female,1994-07-30,2021-07-23
C002285,John,Mcbride,maxwell46@example.net,+1-336-364-0618x57682,Male,1951-09-09,2025-08-26
C002286,Joshua,Taylor,riosrobert@example.com,+1-586-761-4179,Female,2001-03-04,2024-12-15
C002287,Kathryn,Patterson,rebeccaturner@example.com,(484)716-6770,Female,1962-09-30,2022-03-02
C002288,Patricia,Miller,elizabeth05@example.com,001-961-915-6144x0949,Female,2001-07-13,2025-11-24
C002289,Frank,Williams,zmiller@example.com,(860)304-7709x856,Female,2000-10-01,2023-12-09
C002290,Daniel,Pugh,laura29@example.com,6226176289,Female,1985-12-18,2022-04-05
C002291,Marilyn,Lucas,sextondwayne@example.com,9838258034,Male,1937-04-11,2023-08-04
C002292,Cassandra,Jones,susan66@example.org,001-637-524-6148,Male,1967-09-29,2023-07-27
C002293,Elizabeth,Jefferson,nobleeric@example.com,+1-424-909-8363,Male,1990-03-14,2024-05-04
C002294,Tracy,Miller,tina93@example.org,793.925.3996x708,Male,1967-01-06,2023-07-05
C002295,Timothy,Owens,millerdean@example.com,682-290-5772,Female,2004-08-13,2022-08-06
C002296,Wendy,Strickland,murphydenise@example.net,732.452.5702,Male,2000-06-29,2025-01-27
C002297,John,Moore,sanderskristen@example.net,781.909.8102,Female,1967-12-20,2022-05-20
C002298,Bryan,Scott,mirandaryan@example.com,411-260-7276,Female,1944-10-21,2025-02-10
C002299,Jeffrey,Moore,davidhuber@example.org,001-390-481-6620x9069,Female,1987-07-08,2023-10-09
C002300,Amanda,Maldonado,kmorrow@example.net,488-334-0533,Male,1992-08-31,2023-08-26
C002301,Joseph,Jackson,romangrace@example.org,(412)264-3265x5809,Female,1967-10-28,2022-01-06
C002302,Jennifer,Harris,richmondannette@example.org,561-535-2865x1658,Male,1956-09-02,2025-07-22
C002303,Jennifer,Martin,robertdixon@example.org,001-662-493-2233x5291,Male,1961-04-18,2025-02-25
C002304,Courtney,Daniels,jonathan06@example.net,936.929.8355x56719,Female,1993-10-04,2021-09-25
C002305,Hannah,Schneider,melanie61@example.com,367-571-6960x2464,Female,1965-01-30,2024-03-30
C002306,Donna,Ortiz,zjohnson@example.org,956.530.4145,Female,2005-04-04,2022-11-27
C002307,Amanda,Thomas,taylor02@example.org,636-651-4160,Male,1972-07-27,2022-03-12
C002308,Martin,Ray,fwalsh@example.com,8273854743,Male,1999-06-28,2025-06-06
C002309,Corey,Suarez,imartin@example.org,(888)657-5952,Female,2008-01-20,2025-11-28
C002310,Hunter,Brooks,jonesbenjamin@example.net,(242)495-6276,Female,1949-10-13,2025-06-30
C002311,Aaron,Jackson,anthony37@example.net,+1-556-971-2159x75807,Female,1961-05-06,2026-04-13
C002312,Kimberly,Ochoa,lwalton@example.org,9294200043,Male,2000-12-29,2023-03-25
C002313,Michael,Cooper,brittanyanderson@example.net,001-523-411-8135x57800,Male,1966-10-10,2022-05-09
C002314,Jonathan,Davis,valentinenancy@example.org,811-918-7740,Female,1970-08-06,2022-02-01
C002315,Caleb,Owen,donna27@example.com,785.973.5653x356,Male,1965-07-17,2026-01-27
C002316,Denise,Brown,jrodgers@example.com,467.501.0897x97163,Male,2002-05-17,2023-12-13
C002317,Abigail,Williams,beth26@example.org,542.610.6161x427,Male,1966-07-20,2021-12-06
C002318,John,Lucas,pedwards@example.com,756.894.1292,Female,1956-11-14,2022-02-19
C002319,Timothy,Gill,michael82@example.com,706-281-3331,Female,1952-10-04,2023-12-04
C002320,David,Mata,drojas@example.org,001-455-852-3798x6008,Male,1956-08-30,2025-02-11
C002321,Lisa,Schmitt,stephaniecook@example.org,001-865-414-8904x31563,Female,1989-01-30,2023-12-12
C002322,Alyssa,Larson,johnperkins@example.org,+1-436-669-0663x45239,Male,1957-05-17,2024-11-23
C002323,Patrick,Reyes,douglasingram@example.com,624-570-5024x440,Female,1964-02-01,2024-12-12
C002324,Scott,Williams,richardmoreno@example.org,321.933.3131x072,Male,1937-06-05,2024-12-13
C002325,Deanna,Wong,kimberly24@example.com,+1-917-860-6050,Male,1954-12-13,2025-05-29
C002326,George,Johnson,carlsonamanda@example.net,001-941-250-0052x4841,Female,1993-02-18,2024-09-30
C002327,Sherri,Park,karl41@example.com,600-899-4983x223,Male,1992-02-14,2023-06-02
C002328,Ryan,Meadows,seaton@example.com,636-711-8099,Male,1955-02-17,2022-08-05
C002329,Michael,Landry,fjensen@example.com,001-540-255-1107x453,Female,1940-09-24,2026-02-04
C002330,Daniel,Davis,ufitzpatrick@example.com,501.724.3013x603,Female,1982-04-13,2025-02-26
C002331,Cheryl,Greene,williamssean@example.net,(508)993-6094x102,Male,1971-05-20,2023-10-18
C002332,Holly,Thomas,gregoryanderson@example.net,001-301-903-0852x81610,Male,1963-06-15,2025-07-21
C002333,Ashley,Davis,walterstravis@example.org,+1-949-626-3699,Female,1938-02-12,2024-05-11
C002334,Joseph,Hall,huntsarah@example.net,(566)846-7144x2868,Female,1942-09-09,2025-01-23
C002335,Tammy,Doyle,masseytommy@example.net,265-535-2089x97869,Female,1943-02-18,2023-12-16
C002336,Eric,Holloway,bethmoore@example.com,3987569397,Female,1964-08-23,2026-06-09
C002337,Joshua,Robles,bnewman@example.org,(871)252-3817,Male,2008-04-28,2024-11-20
C002338,Luis,Holmes,cookkara@example.org,906-772-6500x18411,Female,1958-06-28,2024-02-05
C002339,Nicole,Hanson,imartinez@example.net,3397664567,Male,1947-12-07,2024-06-13
C002340,Riley,Shelton,williamoliver@example.net,+1-994-593-5664x053,Male,1992-09-26,2021-09-06
C002341,Sean,Chambers,mcknightdonald@example.com,001-967-766-5227x9978,Female,1948-06-10,2023-12-27
C002342,Michelle,Noble,shelley16@example.net,291-877-4353,Male,1985-08-16,2023-02-13
C002343,Christopher,Martinez,wrightkelly@example.org,001-449-239-7928x5755,Male,1985-04-10,2024-05-12
C002344,Joseph,Jenkins,jessicawilliams@example.org,2343904168,Female,1942-01-07,2026-06-27
C002345,Matthew,Wells,walkerdouglas@example.com,+1-765-886-4383x878,Female,1960-08-16,2022-07-14
C002346,John,Maldonado,mlittle@example.net,746.744.9681x6642,Male,2005-10-05,2022-06-13
C002347,Janice,Garcia,gregorycollins@example.net,001-430-326-0732x871,Female,1983-03-12,2023-03-06
C002348,Kara,White,justin35@example.org,434.795.3891x2388,Female,1951-12-05,2023-12-28
C002349,Ryan,Roberts,nnorman@example.net,(257)739-0976,Male,2006-05-30,2024-01-14
C002350,Eugene,Randolph,velezmichael@example.org,+1-390-637-0857x676,Female,1989-10-29,2024-04-18
C002351,Jasmin,Nichols,brownrobert@example.net,+1-927-467-2943x83981,Male,1947-10-07,2025-04-25
C002352,April,Pena,ginastone@example.org,2448852233,Female,1969-06-28,2022-10-24
C002353,Dennis,Soto,charlesbenitez@example.org,279-412-1506x5510,Female,1937-08-02,2022-03-04
C002354,Kerry,Thompson,sharonford@example.org,+1-758-661-5453x13645,Female,1956-08-28,2023-03-27
C002355,Henry,Fitzgerald,kaiservictoria@example.com,7703237786,Female,1995-02-11,2023-11-03
C002356,Daniel,Cole,jgibson@example.com,(465)579-4845x60455,Female,1970-09-12,2022-07-30
C002357,Corey,Beltran,xbrown@example.org,676.908.8980,Male,1974-05-15,2022-09-02
C002358,Jessica,Lopez,brian27@example.net,408.367.9573x893,Female,1964-03-20,2023-10-04
C002359,Jonathan,Love,leah09@example.com,+1-484-584-0981x0659,Female,1949-08-09,2023-12-27
C002360,Patricia,Lee,wheelermelissa@example.org,477.994.2836,Female,1985-01-29,2022-09-19
C002361,Mark,Harris,william74@example.org,001-832-759-9210x74668,Female,1952-03-31,2024-07-03
C002362,Lisa,Kim,wadams@example.net,+1-232-245-3415x8299,Male,2007-03-13,2021-09-11
C002363,Scott,Myers,colejeffery@example.org,258.650.6823x624,Female,1992-09-11,2021-10-15
C002364,Ronald,Olson,lauren60@example.net,465.377.4401x859,Male,1942-09-24,2023-03-14
C002365,Jill,Barber,robertellis@example.com,+1-965-642-9464x07970,Female,1969-07-15,2023-10-25
C002366,Timothy,Dunn,morganjonathan@example.net,669-515-9804x665,Female,1977-04-10,2024-06-07
C002367,Alicia,Gray,xdiaz@example.com,001-771-810-4752x604,Male,1956-12-31,2025-07-19
C002368,Kyle,Gutierrez,calderondeborah@example.org,357.817.3140x403,Male,2007-12-05,2022-11-08
C002369,Maria,Perez,boylenicole@example.net,001-556-781-7680x7414,Male,1967-07-02,2022-12-08
C002370,Brandon,Pena,smithmarcus@example.net,414-496-4950,Female,1981-10-12,2024-10-10
C002371,Laura,Park,joelsmith@example.org,(698)514-1912x17812,Female,1975-02-13,2022-06-11
C002372,Charles,Martin,xferguson@example.com,7926035771,Male,1986-05-31,2023-03-21
C002373,Rachel,Smith,barbara54@example.com,+1-987-933-4488x587,Female,1979-05-22,2024-07-22
C002374,Johnathan,Young,ivazquez@example.org,001-391-706-1777x9368,Male,1955-09-03,2025-01-27
C002375,Tiffany,Carter,johnsonandre@example.org,001-515-532-4208,Male,1971-09-21,2022-04-02
C002376,Cheyenne,Marks,eadkins@example.net,001-670-401-0917x35826,Male,2006-02-01,2022-11-05
C002377,Larry,Bowen,caldwelljames@example.net,+1-307-831-7681,Male,1947-09-23,2023-05-11
C002378,Cynthia,Sullivan,betty94@example.org,001-723-364-1437x3644,Female,1976-06-01,2025-01-29
C002379,Tyler,Turner,diazanthony@example.com,(217)297-2137,Female,1949-09-11,2024-06-11
C002380,Nicholas,Nelson,ahill@example.org,383.994.7242x563,Female,2004-11-17,2026-02-23
C002381,James,Petty,joneslisa@example.org,979.771.4674,Male,1974-06-13,2023-06-17
C002382,Alan,Johnson,vanessamerritt@example.net,400.518.0236x7939,Male,1955-06-12,2024-07-22
C002383,James,Thompson,roger94@example.net,379.913.5659,Female,1974-08-23,2024-05-26
C002384,Donna,Henson,sherrywilson@example.net,001-259-943-8275,Male,1945-09-26,2025-02-16
C002385,Nathaniel,King,kreid@example.net,792.275.9387,Male,1946-04-20,2021-11-04
C002386,Gwendolyn,Foley,amy32@example.com,747.560.7215,Male,1998-08-15,2024-11-13
C002387,Lisa,Thomas,robertbrown@example.org,+1-518-441-1791x2904,Female,2007-12-26,2023-09-09
C002388,Sara,Miller,josephcohen@example.com,(853)278-1574x139,Male,1947-07-27,2026-03-24
C002389,Karen,Green,allisoncarter@example.net,001-695-519-3961x017,Male,1968-11-19,2023-03-13
C002390,April,Garcia,jessicaharrison@example.org,+1-603-235-5263x75897,Male,1947-01-10,2024-11-12
C002391,Sue,French,iallen@example.net,001-665-588-1464x3023,Female,1978-09-18,2024-10-06
C002392,Nancy,Henry,christopherjennings@example.org,(723)368-6279x8577,Female,1951-05-25,2023-04-18
C002393,Michael,Peterson,christina74@example.org,001-464-479-4754x51391,Male,1977-01-24,2023-09-02
C002394,David,Bennett,simsdaniel@example.org,674-839-3565,Female,1966-11-22,2023-01-17
C002395,Charles,Robinson,greenbrandon@example.com,780-410-9987,Male,1950-11-12,2025-11-20
C002396,Marc,Williams,tyler00@example.com,542.769.2902x445,Female,1979-09-16,2025-07-20
C002397,Katherine,Brown,angela36@example.org,505-952-7574x4885,Male,1941-02-13,2024-05-08
C002398,Jacqueline,Wolf,kaufmangeorge@example.com,+1-950-256-8565x087,Female,1996-09-29,2024-01-05
C002399,Charles,Mitchell,bmarsh@example.com,511-322-9872,Male,2005-03-30,2021-12-20
C002400,Matthew,Jones,lauraroach@example.com,332.650.2504x74185,Male,1964-11-18,2024-08-21
C002401,Sarah,Simon,ttorres@example.net,690-520-3896,Female,1973-02-11,2023-01-12
C002402,Michael,Lopez,uevans@example.com,001-507-309-9990x602,Female,1943-07-07,2024-10-01
C002403,Linda,Wright,zaguilar@example.net,417.974.1544,Male,1981-05-13,2026-01-06
C002404,Wendy,Wright,jorge26@example.com,592-770-1657x49921,Female,1953-08-19,2023-11-29
C002405,Corey,Savage,claudia35@example.org,2584267459,Female,1940-10-14,2026-07-02
C002406,Donna,Mcgee,pachecorachel@example.com,418-449-5523x9343,Male,1954-04-28,2023-11-04
C002407,Amanda,Lopez,hernandezsean@example.org,001-696-622-4324x514,Male,1956-09-21,2024-10-19
C002408,Mark,Caldwell,michelleolson@example.net,4405199594,Male,1962-01-29,2025-05-05
C002409,Larry,Thomas,sheilabaker@example.net,7933364081,Female,2001-06-15,2025-10-09
C002410,Debra,Wilkerson,stephengarcia@example.com,(394)584-8977x41913,Female,1954-04-15,2023-08-29
C002411,Anthony,Castro,fhubbard@example.org,627.976.0628x740,Female,1957-12-03,2024-02-13
C002412,Daniel,Snow,lisacarter@example.net,(665)699-0886x076,Female,1944-12-31,2024-05-13
C002413,Jason,Johnson,vasquezmiguel@example.net,(443)502-7980x3884,Female,1975-03-07,2023-12-25
C002414,Sarah,Robinson,julia07@example.org,001-201-286-2670x12406,Male,1975-12-28,2021-11-08
C002415,Jeffrey,Noble,nicholas50@example.org,001-300-451-1481,Female,1978-09-11,2022-09-03
C002416,Colleen,Horton,michael31@example.net,+1-923-558-7903x6814,Female,1968-07-18,2022-04-27
C002417,Sally,Roberts,jessica10@example.com,(907)718-1849,Female,1990-06-29,2021-10-24
C002418,Larry,Mcdaniel,billyhughes@example.com,728.979.9460x57605,Female,1983-03-08,2023-11-05
C002419,Christine,Goodman,robert47@example.net,721-745-3320x9492,Female,1975-06-13,2022-02-27
C002420,Jennifer,Werner,yharris@example.net,(893)456-1024,Male,1977-10-13,2025-11-25
C002421,Jacqueline,Baldwin,denisevargas@example.net,995.268.6313x8277,Female,1995-06-10,2026-01-22
C002422,Olivia,Frank,christopherjennings@example.net,312-934-5198,Female,1939-07-23,2026-04-11
C002423,Joe,Blake,fuentesallison@example.net,4604624745,Male,1957-03-23,2025-11-17
C002424,Jasmin,Davis,gbell@example.org,271.290.3829x233,Male,1947-03-22,2026-05-18
C002425,Brittney,Cannon,krista57@example.com,376-958-3013,Male,1979-08-26,2022-07-28
C002426,Laura,Kelley,johnsonmarilyn@example.com,(702)547-8924,Male,1985-02-15,2025-09-18
C002427,Juan,Park,fieldsjoe@example.com,(250)731-1534x20437,Female,1980-07-26,2025-12-10
C002428,Michelle,Fuentes,wardsharon@example.org,626.444.2542x08550,Female,1991-03-13,2022-04-12
C002429,Douglas,Soto,abrown@example.com,380.862.9619x8568,Male,1973-07-11,2023-11-20
C002430,Linda,Webb,juliahendricks@example.net,5049404731,Female,1985-07-08,2022-07-19
C002431,Paul,Mitchell,sbradshaw@example.org,(803)646-0950x9879,Female,1964-03-13,2021-12-24
C002432,Henry,Evans,jack80@example.net,+1-297-752-4244,Female,1938-09-05,2021-09-22
C002433,Anna,Harris,smithisaac@example.com,+1-911-808-0543x61540,Male,1952-11-19,2025-08-29
C002434,Lisa,Rodriguez,ehess@example.com,673.853.4616,Female,1972-10-01,2022-11-21
C002435,Rebecca,Anderson,crice@example.org,001-606-692-9051x3639,Male,1968-01-30,2022-07-04
C002436,Tonya,James,rogercameron@example.com,700-581-0793x074,Female,1971-02-11,2026-06-01
C002437,Cathy,Mcdaniel,zmelton@example.com,+1-505-768-5390,Female,1948-11-21,2021-09-11
C002438,Daniel,Wilson,john14@example.org,500-861-6295,Male,1944-09-29,2023-05-07
C002439,Nicole,Stewart,isullivan@example.com,+1-325-952-7461x07023,Female,1985-04-18,2022-09-19
C002440,Daniel,Fox,moniquegarcia@example.com,001-393-781-7662x95609,Male,1946-03-11,2025-05-01
C002441,Scott,Wheeler,kylebarry@example.com,498.423.7802,Female,1991-11-24,2025-04-28
C002442,Heather,Lawson,usmith@example.com,001-748-459-5855x264,Female,2006-07-15,2024-05-12
C002443,Jody,Walker,piercekatie@example.com,+1-748-437-0135x842,Female,1991-11-12,2023-05-25
C002444,Mitchell,Garcia,timothy79@example.org,001-723-258-9572,Female,1937-06-19,2026-01-21
C002445,Earl,Rodriguez,brittneyjackson@example.com,218-466-7209,Female,1995-12-20,2026-05-11
C002446,Ryan,Evans,camachojohn@example.net,450-726-9349,Male,1984-03-03,2026-02-26
C002447,Frances,Medina,smithcurtis@example.org,524-592-0255x186,Male,1942-11-01,2025-03-05
C002448,Taylor,Miller,darnold@example.org,001-661-563-0159x60543,Male,1976-10-20,2022-02-10
C002449,Tanya,Todd,robin98@example.com,+1-671-235-4044,Male,1977-09-26,2024-03-26
C002450,Caitlin,Williams,heatherlopez@example.com,(946)380-7994x169,Female,1987-05-15,2024-10-16
C002451,Ruth,Ramsey,kayleeholloway@example.com,217.764.7006x2474,Male,1942-07-13,2023-09-18
C002452,Emily,Murphy,michele72@example.org,(921)611-4143x095,Male,1948-03-27,2022-05-22
C002453,Nicholas,Holt,francocody@example.org,+1-938-599-1578x024,Male,1991-10-27,2021-10-04
C002454,Ethan,Patel,richardsmith@example.org,400.939.6360x89350,Female,1981-12-08,2021-08-24
C002455,Denise,Garrett,elizabeth52@example.com,3786390411,Male,1994-04-23,2026-02-21
C002456,Joshua,Dean,cooperjennifer@example.net,875.671.7895,Male,1937-07-20,2024-01-17
C002457,Kirsten,Fox,thomas13@example.org,854-843-7984,Male,1985-02-13,2022-07-27
C002458,Pamela,Kent,rthomas@example.com,(374)431-2376,Female,1985-09-03,2025-04-12
C002459,Andrea,Ramsey,vflores@example.net,001-384-764-5730x75281,Female,1997-06-20,2021-12-24
C002460,Dawn,Barrett,amandatorres@example.net,585.466.0449x94340,Female,2003-10-03,2021-09-01
C002461,James,Farrell,xmccarty@example.org,297-734-2600,Female,1981-09-29,2024-03-07
C002462,Ann,Hicks,choiashley@example.org,(494)559-4689x0353,Female,1963-01-31,2024-08-09
C002463,Melanie,Quinn,cstewart@example.org,820.236.4901x84731,Female,1958-06-09,2022-01-25
C002464,Rebecca,Mercado,pwilliams@example.net,+1-779-455-4825x6187,Male,2004-08-22,2026-04-16
C002465,Norman,Hamilton,seanmoore@example.net,328.393.4219x15928,Female,1936-07-18,2021-09-26
C002466,George,Hopkins,griffithcarol@example.org,503.358.9996x068,Male,1978-02-21,2021-10-13
C002467,Jasmine,Taylor,baxterdeanna@example.net,+1-337-234-6902x4934,Male,2004-09-23,2022-01-08
C002468,Natalie,Frederick,figueroachristian@example.net,(451)466-8102,Male,1964-08-11,2024-01-05
C002469,Melissa,Garcia,wsmith@example.com,730.743.0213x861,Male,1974-03-18,2025-08-27
C002470,Susan,Miller,xvalentine@example.net,540-687-4325,Male,1977-10-23,2022-05-22
C002471,Edward,Mckee,julie41@example.com,696.701.8964x667,Female,1959-12-19,2026-04-14
C002472,Julian,Brown,amandamason@example.com,933-496-5775x357,Female,1955-03-22,2023-12-10
C002473,Anna,Martinez,hjones@example.com,001-550-464-0093x0172,Female,1951-07-11,2025-08-18
C002474,Chad,Hernandez,canturobert@example.org,(646)443-2331x09288,Male,1951-08-18,2024-08-27
C002475,Aaron,Thompson,longdaniel@example.org,+1-682-802-2156x53587,Male,1977-07-11,2024-11-21
C002476,James,Moore,millerashley@example.com,871-804-8931,Male,1951-10-05,2024-01-24
C002477,Kayla,Murray,efranco@example.com,2509216159,Female,2003-05-10,2025-01-17
C002478,Crystal,Morgan,goodmanjeremiah@example.net,001-723-741-5478x25694,Female,1961-05-05,2025-04-19
C002479,Patrick,Copeland,hmcneil@example.org,001-493-598-6020,Male,2007-10-29,2021-10-24
C002480,Jennifer,Young,mariereyes@example.net,222-922-3263x22853,Female,1964-04-09,2021-10-08
C002481,Tara,Finley,wanda40@example.com,575-236-5862x824,Male,1998-03-06,2022-08-14
C002482,Cindy,Parker,ronald40@example.org,(523)385-7196x61089,Female,1981-07-01,2024-12-03
C002483,Laura,Ford,dbarnes@example.net,+1-773-385-5827x92822,Female,1982-01-07,2022-03-08
C002484,Lori,Lopez,greenbrian@example.com,866.898.3641x46325,Male,2006-02-28,2025-01-11
C002485,Deborah,Berry,juan77@example.com,464.444.1390,Male,1961-07-25,2024-04-23
C002486,Amy,Duncan,vtorres@example.com,9843901160,Male,1989-12-04,2024-04-21
C002487,Dillon,Phillips,nsutton@example.org,001-533-952-6266x1186,Female,1952-01-02,2024-10-20
C002488,Erik,Johnson,wilsonjennifer@example.net,608-639-3562x86935,Male,2002-08-07,2025-10-20
C002489,John,Hickman,vwoodard@example.net,(244)326-0660x4799,Male,1992-03-29,2023-11-23
C002490,Thomas,Doyle,dneal@example.com,001-729-567-6752x389,Male,1965-02-11,2023-01-23
C002491,Jill,Duran,zholloway@example.org,635.513.9696x5297,Male,1944-06-13,2024-09-09
C002492,Taylor,Jackson,mason65@example.com,217.549.0581,Male,1995-10-08,2025-07-26
C002493,Sheila,Hale,abbottrebecca@example.net,(238)930-2782x38283,Male,1955-02-17,2021-11-20
C002494,Joseph,Harris,cheryl46@example.org,001-579-362-1926,Female,1954-04-12,2024-07-18
C002495,James,Marshall,kristyharvey@example.com,7357948565,Male,1970-07-19,2022-09-11
C002496,Morgan,Glenn,joshua01@example.com,321-293-6370x27126,Female,1947-03-24,2021-12-25
C002497,Scott,Bradley,fcruz@example.com,+1-321-682-7259,Male,1977-03-25,2025-03-05
C002498,Melanie,Larson,michelle02@example.net,(373)478-7600x2809,Female,2001-07-28,2026-06-12
C002499,Tanya,Lopez,crawfordfrancisco@example.com,852-234-1714x977,Female,1981-05-19,2024-03-22
C002500,Kayla,Bryan,ugardner@example.com,001-447-891-3279,Female,1967-06-30,2026-02-14
C002501,Vincent,Sexton,stephen02@example.net,844-490-1386x855,Female,1964-06-17,2022-06-02
C002502,Monique,Hernandez,dannymontgomery@example.net,001-986-638-0482x611,Male,1971-10-05,2024-11-02
C002503,Timothy,Wilson,gerald13@example.net,823-712-3430x1393,Female,2005-01-25,2023-05-12
C002504,Sheri,Washington,angel21@example.net,(501)952-2242,Female,1958-06-03,2023-09-10
C002505,Luke,Fleming,edward40@example.com,255.366.7678,Female,1994-08-30,2025-09-16
C002506,Valerie,Wilson,smurphy@example.com,(834)921-6813,Female,1973-02-10,2022-09-28
C002507,Katherine,Mitchell,judy92@example.com,+1-278-398-1712x257,Female,1971-10-25,2025-01-04
C002508,Emily,Maldonado,derek39@example.org,868.210.0877,Female,1949-08-23,2023-06-18
C002509,Gregory,Lawson,markbarrera@example.com,5723034860,Male,2006-03-27,2023-04-25
C002510,Christopher,Gray,garciaedward@example.net,764-543-4014x63173,Female,1992-10-12,2022-10-28
C002511,Rodney,Hart,lsmith@example.com,787-597-9206,Male,1965-10-28,2024-03-02
C002512,Frederick,Maldonado,awatson@example.com,9294930344,Female,1978-11-07,2021-07-18
C002513,Renee,Warner,phampeter@example.net,5209723236,Male,2005-08-26,2022-04-09
C002514,Paul,Pacheco,luisthomas@example.com,479.812.0997,Male,1974-11-12,2022-07-22
C002515,Robert,Burns,floresdana@example.net,977-734-2464x66525,Female,1957-09-07,2022-07-26
C002516,Richard,Mathis,courtneyturner@example.org,805.980.8276,Male,1993-04-18,2023-12-26
C002517,Sean,Sharp,regina39@example.net,001-716-732-6592x5617,Male,1959-02-02,2022-11-02
C002518,Michael,Gilmore,ahubbard@example.org,885-943-4842,Female,2004-02-14,2022-07-08
C002519,Joseph,Olson,stricklandgabriel@example.org,+1-413-709-7752x113,Female,1989-10-24,2025-09-07
C002520,Patricia,Newton,stephanieharmon@example.org,657-513-6137,Male,2007-05-01,2025-03-01
C002521,Brandon,Thomas,brittanyhill@example.com,6568591727,Female,1964-07-15,2023-07-24
C002522,Lauren,Turner,robinsonamanda@example.org,(886)347-3927,Male,1949-02-05,2024-11-21
C002523,Sarah,Kane,bakercharles@example.org,(430)917-9895x54139,Male,2007-03-27,2026-02-09
C002524,Carol,Thompson,johncastro@example.org,(749)519-7049x32766,Female,1981-07-02,2023-10-30
C002525,Crystal,Carter,michaelwilliams@example.org,001-876-941-7178x7847,Male,1973-10-06,2025-02-24
C002526,James,Mcgee,lunajesse@example.com,(696)662-6567,Female,1970-09-28,2022-07-27
C002527,Tiffany,Garcia,zbrown@example.com,(530)544-3896,Female,1964-09-17,2022-10-20
C002528,Scott,Hudson,david17@example.com,001-919-252-5234x8890,Male,1979-10-15,2023-06-14
C002529,David,Hancock,uhernandez@example.org,001-384-462-9390x4696,Female,1939-07-15,2025-03-09
C002530,Jeanne,Ross,victoria08@example.net,001-969-942-6628,Female,1942-05-02,2024-02-09
C002531,Audrey,Colon,barnettcatherine@example.org,673-479-7033,Female,1996-12-18,2022-05-23
C002532,Crystal,Watson,pittmandaniel@example.com,258.331.3555,Female,1961-03-31,2025-07-08
C002533,Michael,Marsh,okoch@example.net,001-879-555-5835x6864,Female,1952-11-25,2024-08-01
C002534,Kelly,Harris,christinamccall@example.com,+1-518-833-7342x6302,Female,1964-08-07,2024-03-28
C002535,Kenneth,Long,feliciadavis@example.com,001-236-859-5062x0957,Male,1983-11-28,2025-06-07
C002536,William,Leblanc,arosales@example.org,889.424.6429,Male,1961-03-09,2023-03-13
C002537,Donna,Fisher,hayleysmith@example.net,001-955-242-6010,Female,1963-09-18,2025-02-25
C002538,Kelly,Mann,ayalamichelle@example.net,991.928.0534,Female,1957-10-30,2022-10-17
C002539,Michael,Martinez,karisims@example.net,9774617453,Male,1937-09-17,2023-03-04
C002540,Sandra,Adams,ccox@example.com,(890)418-2910x04442,Male,1949-10-13,2021-07-23
C002541,Mark,Munoz,rhayden@example.com,906-989-3267x4852,Female,1967-12-09,2023-07-07
C002542,Morgan,Griffin,isabelmartin@example.net,805-592-1503,Female,1945-09-20,2022-10-13
C002543,Richard,Thomas,george01@example.net,895-349-6061,Female,1991-03-12,2022-06-02
C002544,Emily,Baker,wendy99@example.org,+1-861-995-1368,Female,1954-06-11,2023-11-29
C002545,Stephanie,Johnson,scott01@example.net,967-616-8298,Male,1949-04-22,2025-01-20
C002546,Lisa,Jennings,wmyers@example.com,001-900-465-2629x66079,Male,1965-12-30,2024-06-26
C002547,Tommy,Foster,cjohnson@example.net,(743)843-2445,Male,1994-09-12,2023-04-20
C002548,Courtney,Cain,carmen89@example.net,(888)433-8886x39008,Female,1947-08-11,2022-01-15
C002549,Heidi,Osborne,barbara28@example.com,(914)575-1953x462,Male,1993-10-05,2026-06-01
C002550,Sue,Banks,michael41@example.net,(456)534-4046x326,Male,1983-07-18,2024-07-25
C002551,James,Johnson,gonzalezangel@example.com,(691)235-3203,Female,2006-08-04,2023-07-05
C002552,Marilyn,Reed,ldavis@example.org,(556)280-7253x335,Male,1987-09-10,2023-11-02
C002553,Melissa,Lin,lmiles@example.org,001-966-548-0644,Female,2000-11-16,2024-07-03
C002554,Sarah,Glass,jenniferyoung@example.com,(266)803-8557,Male,1981-12-11,2025-10-19
C002555,Keith,Calderon,samantha18@example.org,921-663-8260x203,Female,1968-05-13,2022-08-28
C002556,Stephanie,Aguilar,anthonydixon@example.org,(871)686-0025,Female,1960-11-20,2025-10-16
C002557,Lori,Clark,cuevaslauren@example.com,927-995-2889x1364,Female,1962-12-14,2024-03-20
C002558,Gary,Marshall,linda89@example.org,(758)659-4039x7989,Female,1947-02-11,2025-11-04
C002559,Amanda,Williams,andresthompson@example.org,291.679.8172,Female,1942-01-21,2026-06-15
C002560,Sandra,Vega,garrisonlori@example.com,+1-718-625-9635,Female,2008-04-26,2023-05-09
C002561,Tristan,Singleton,clarkmark@example.org,001-326-284-7253x9195,Female,1936-09-26,2021-08-26
C002562,Rebecca,Oconnor,balvarado@example.org,200.779.2661x33909,Female,1967-03-02,2022-07-21
C002563,Amy,Moore,stephaniegreene@example.com,8405701283,Female,1985-06-20,2021-07-20
C002564,Christopher,Reid,russelljoshua@example.com,918-223-8940x616,Male,1951-10-23,2024-06-27
C002565,Bryan,Cantu,owest@example.org,+1-294-424-0246x18543,Female,1960-07-25,2026-06-16
C002566,Rachel,Gordon,kaufmanalexander@example.com,221-452-4940,Male,1972-09-02,2024-05-03
C002567,Sarah,Mora,christine50@example.com,746-400-3621x8042,Male,1986-02-17,2025-07-23
C002568,Matthew,Day,robert74@example.com,+1-791-306-1325x3496,Female,1966-01-13,2023-11-24
C002569,Patricia,Rhodes,danielhale@example.net,4842531194,Male,1981-11-16,2024-03-07
C002570,Lacey,Gallegos,veronicamoore@example.com,+1-592-414-5885,Female,1986-10-23,2023-09-30
C002571,Carlos,Cummings,shermanalicia@example.net,(854)343-7902,Female,2000-11-29,2024-01-29
C002572,Edward,Chandler,alexandria74@example.org,7836366475,Male,1949-03-13,2024-01-31
C002573,Stephanie,Anderson,blake20@example.net,689.538.8109x58263,Male,2008-02-10,2025-12-28
C002574,Derek,Franklin,samanthagonzalez@example.com,(358)895-7327,Male,1941-02-07,2026-02-25
C002575,Adam,Hopkins,scott70@example.org,(685)840-5584,Female,1989-02-03,2023-03-05
C002576,Brandon,West,shane80@example.com,001-621-799-1973x197,Female,1967-03-15,2023-10-15
C002577,Jo,Hood,xwilliams@example.net,9447855376,Female,2004-08-30,2021-12-21
C002578,Christopher,May,john49@example.com,336.546.1078x867,Female,1984-08-12,2023-04-24
C002579,Katherine,Hernandez,hamiltonemma@example.com,001-756-347-5524x748,Female,1936-01-30,2021-09-24
C002580,John,Peterson,padillamarcus@example.com,001-511-731-9221x06190,Male,1996-07-29,2026-03-20
C002581,Allison,Roberts,timothy00@example.net,(906)920-4686,Female,1990-03-14,2022-10-13
C002582,Tanner,Hill,dunnnoah@example.org,+1-212-741-4923,Female,1966-04-12,2023-02-07
C002583,Christopher,Merritt,fparker@example.com,+1-594-224-2430x3494,Male,1971-08-05,2022-06-13
C002584,Ashley,Ward,fgray@example.net,796-885-6167,Female,1996-02-19,2026-03-17
C002585,Diane,Huffman,ashleypatel@example.org,985.405.4427x785,Female,2006-04-12,2024-04-15
C002586,Jeffrey,Clark,victoriaadkins@example.net,001-459-841-5305x9222,Female,1996-03-10,2023-03-28
C002587,Theresa,Dunn,diazjoshua@example.net,545.644.1016x47271,Male,1996-04-09,2026-05-12
C002588,Mary,Ward,melissaparker@example.com,376.885.6878x24715,Female,2004-05-16,2025-01-18
C002589,Michael,Sanders,kimberlyglover@example.org,001-389-414-7129,Female,1974-01-23,2022-01-15
C002590,Javier,Mullins,leeronald@example.org,+1-902-994-3401,Female,2004-07-16,2024-11-24
C002591,Jesus,Case,fowlerdavid@example.com,888-889-7125,Female,1994-07-06,2024-10-29
C002592,Charlotte,Woodward,andrew22@example.net,+1-587-377-5980x300,Female,1938-02-21,2023-12-31
C002593,Mary,Hernandez,natashaphelps@example.com,001-833-255-3574x11641,Male,1945-11-19,2025-07-15
C002594,Yolanda,Luna,paigehunter@example.net,+1-910-520-9280x112,Female,2003-08-09,2022-10-12
C002595,Maureen,Manning,tho@example.com,329-540-4488x932,Male,1977-12-03,2024-02-05
C002596,Rebecca,Harmon,melissagonzalez@example.org,+1-903-346-5795x909,Female,2003-11-17,2023-04-09
C002597,David,Wyatt,newmanchristian@example.org,001-330-777-0258x405,Female,1980-05-17,2023-08-31
C002598,Judith,Garrison,mia05@example.com,9819184236,Male,1973-10-21,2023-09-20
C002599,Michael,Lowery,gpruitt@example.com,241.809.3831x70689,Male,1950-09-28,2022-04-11
C002600,James,Wise,selliott@example.com,342-859-0046,Male,1974-05-28,2024-11-13
C002601,William,Sanchez,lfarley@example.org,+1-567-458-6938x878,Male,2006-03-28,2021-09-02
C002602,Benjamin,Smith,anthonyjackson@example.org,448-716-3478x476,Male,1971-03-29,2025-06-09
C002603,Maria,Raymond,davidwhite@example.net,+1-714-946-5420x243,Male,1946-12-27,2024-12-11
C002604,Charles,Romero,kimberlyrodriguez@example.org,289-902-1081x3807,Male,1964-02-13,2023-04-11
C002605,David,Nelson,gbarnett@example.net,(960)823-4556,Male,1986-09-28,2024-07-07
C002606,Jordan,Norris,natalie18@example.com,958-683-2560,Female,1974-01-12,2024-02-16
C002607,Susan,Castillo,kwilson@example.com,702-246-4005x9836,Female,2003-09-10,2024-11-20
C002608,Raymond,Chapman,qjackson@example.org,+1-557-507-8553x3177,Female,1951-12-09,2021-08-20
C002609,Justin,Taylor,katherine90@example.net,822-986-1385x094,Female,1965-11-05,2022-04-01
C002610,Terrence,Gray,roblescharles@example.org,001-509-321-4958x9743,Female,1989-12-23,2024-10-26
C002611,Leah,Allen,reynoldsalyssa@example.net,8838849711,Female,1999-01-23,2024-10-15
C002612,Kimberly,Solomon,patrick77@example.org,001-302-447-7070,Male,1956-05-16,2025-03-05
C002613,John,Sherman,prussell@example.org,(476)543-2316x2213,Female,1942-05-09,2023-02-02
C002614,Alvin,Smith,katherinewood@example.org,(637)768-8801x81063,Female,1968-08-27,2025-02-17
C002615,Tiffany,Willis,juanchristensen@example.net,(691)493-0692x18422,Male,1977-08-25,2021-11-23
C002616,Melissa,Miles,steven75@example.net,6374549882,Female,1967-10-26,2022-11-30
C002617,Ian,Gonzalez,john10@example.com,001-811-503-5372x09516,Female,1941-06-21,2022-04-03
C002618,Daniel,Gross,calderonnatalie@example.com,(417)300-0324,Female,1935-08-26,2026-05-29
C002619,Amber,Nielsen,qbennett@example.com,(444)440-2836x454,Female,1982-05-29,2021-11-23
C002620,Erin,Rhodes,smithgeorge@example.com,361.653.4956x34203,Male,1960-11-02,2024-11-01
C002621,Rodney,Moran,jacquelinekeller@example.net,(762)984-6046,Male,1999-01-27,2022-01-02
C002622,Sandra,Atkins,davidbanks@example.org,408.300.8470x025,Female,1997-10-13,2021-12-16
C002623,Kimberly,Ball,mitchellsarah@example.com,390-289-2015x671,Male,1946-01-11,2022-01-04
C002624,Gloria,Ross,jack32@example.org,(868)873-7139,Male,1960-05-03,2022-07-01
C002625,Cory,Tran,hallrenee@example.net,(484)588-0585x473,Male,1976-04-21,2023-10-12
C002626,Rebecca,Foster,brendaschultz@example.org,(882)243-5115x72223,Male,2004-01-24,2022-03-03
C002627,Beverly,Chapman,diana48@example.com,540.757.3988x562,Male,1979-01-24,2022-03-30
C002628,Rebecca,Ray,sullivanrobert@example.net,(411)569-5753x8588,Female,1962-05-12,2022-09-18
C002629,Eric,Martinez,lkey@example.com,976.744.6998x731,Female,1944-05-01,2022-05-12
C002630,Alexander,Dunn,stanleygarrett@example.org,001-834-334-1536x0708,Female,1996-06-17,2022-05-08
C002631,Ashley,Smith,daniellesmith@example.net,6303200479,Female,1983-11-06,2023-01-22
C002632,Kathryn,Gardner,mcclurejeff@example.com,2305626149,Female,1941-08-08,2022-03-14
C002633,Rebekah,Oliver,usmith@example.org,5804634628,Male,2000-12-19,2023-04-27
C002634,Stephanie,Graves,lisa86@example.com,862.256.5412,Female,1992-01-18,2023-02-05
C002635,Kenneth,Lewis,virginia90@example.net,(934)661-6753x3823,Male,1939-01-08,2021-09-27
C002636,Keith,Little,rwilson@example.net,(715)778-9078,Male,1955-01-23,2023-10-27
C002637,Lori,Reese,coreycarpenter@example.com,001-966-517-7919x027,Female,1949-06-14,2025-12-29
C002638,Kevin,Dominguez,jenniferwebb@example.com,753-811-3305x914,Male,2002-03-06,2024-05-16
C002639,Sharon,Gonzalez,jason34@example.net,609.294.6801x960,Female,1973-04-22,2021-08-30
C002640,Scott,Parker,jamesmorgan@example.net,(286)641-0271x723,Female,1963-08-04,2025-08-18
C002641,Shaun,Arias,millerjonathan@example.com,(849)839-6277x387,Male,1967-07-07,2026-01-29
C002642,Jonathan,Bean,knightjeremy@example.net,001-679-730-1799x118,Male,1984-05-25,2022-09-09
C002643,Kari,Hanson,mary42@example.com,212-257-0576x268,Female,1988-07-10,2025-10-25
C002644,Charles,Stanton,amber37@example.org,3639226845,Male,1982-07-02,2023-05-30
C002645,Timothy,Mitchell,patricia43@example.org,731-207-4556,Male,1942-02-27,2023-07-07
C002646,Brianna,Jones,jasonjones@example.org,(733)525-4370x930,Female,2007-09-01,2024-12-28
C002647,Tracey,Ruiz,paul16@example.com,+1-894-860-8330x70272,Male,1976-12-22,2022-09-16
C002648,Elizabeth,Sharp,stoutronnie@example.net,(343)534-4409,Male,1989-01-25,2021-07-31
C002649,Brandon,Smith,nortonbrandon@example.net,803.458.3989x078,Male,1936-01-04,2025-06-25
C002650,Robert,Hancock,williamschristy@example.com,(223)386-2316,Female,1963-09-27,2023-04-01
C002651,Christina,Brewer,powelljoseph@example.net,+1-216-209-5322x70125,Male,1941-12-23,2024-02-13
C002652,Heather,Morris,reesesamuel@example.com,+1-632-251-1498x57655,Female,1952-02-29,2023-01-12
C002653,Joseph,Romero,andersonadam@example.net,5435247057,Female,1996-11-24,2024-02-01
C002654,Rhonda,Torres,wsilva@example.net,001-466-677-6933,Female,1993-05-08,2025-02-18
C002655,Philip,Ward,ojohnson@example.com,894.629.5687x1783,Female,1947-04-17,2023-06-04
C002656,David,Cole,ghill@example.net,736.356.4019,Female,1959-06-16,2024-12-22
C002657,Joseph,Solis,kevin95@example.org,(841)966-7747x356,Male,1969-06-24,2022-06-08
C002658,Jeffrey,Fowler,newtondustin@example.net,752.365.4270,Male,1937-02-28,2026-01-20
C002659,Sharon,Ward,susan57@example.org,484.570.9897x885,Male,1968-09-25,2021-10-06
C002660,Trevor,Hunt,smithcrystal@example.net,+1-327-788-8176x423,Female,1957-09-18,2025-07-07
C002661,Harold,Hester,derek37@example.net,+1-511-370-6575x170,Male,1982-07-25,2024-12-18
C002662,Anthony,Ward,robbinsashley@example.net,5733673743,Female,1983-12-02,2025-08-24
C002663,Helen,Moran,jamesnelson@example.net,001-967-356-4916x410,Female,1971-03-19,2023-11-20
C002664,Tom,Randolph,tara69@example.org,+1-897-781-5679x882,Female,1938-08-06,2025-11-21
C002665,Derek,Barrera,qroberts@example.com,387-347-0653x483,Female,1962-02-03,2025-08-20
C002666,Robert,Estrada,nmeyer@example.com,752.930.6882x60344,Female,1951-08-17,2025-01-22
C002667,Samuel,Clements,ucharles@example.com,391-928-4351,Female,1999-11-10,2022-03-27
C002668,Robert,Stone,russellking@example.com,298-686-5538,Female,2001-04-23,2023-11-11
C002669,Eduardo,Cook,zjacobson@example.org,653.704.1659x3854,Female,2001-05-06,2021-08-12
C002670,Judith,Taylor,brownjane@example.org,+1-659-251-0603,Female,1979-07-13,2023-07-05
C002671,Gloria,Peters,melissacharles@example.com,001-525-592-3630x33440,Female,1952-08-14,2024-03-13
C002672,Deborah,Odonnell,jessica51@example.org,(682)673-3150x51524,Female,1990-03-24,2022-10-10
C002673,Harry,Harris,nblankenship@example.com,(385)850-0931x2178,Male,2004-02-10,2022-02-26
C002674,Janet,Morgan,parker58@example.net,+1-380-779-9621x7431,Male,1941-11-24,2022-12-05
C002675,Holly,Lee,pfarley@example.net,(794)891-3643,Female,2003-04-27,2022-04-12
C002676,Kathy,Adams,knightstacy@example.org,001-520-356-7897x07751,Female,1987-11-23,2026-05-22
C002677,Scott,Weaver,dustinbell@example.net,750.461.0286x69426,Male,1964-02-02,2024-03-24
C002678,Jeffery,Poole,kenneth33@example.net,(333)476-5475,Male,1993-03-01,2023-12-29
C002679,Keith,Williams,ugrimes@example.com,001-768-294-2107x04315,Male,1989-12-16,2025-11-01
C002680,Stacey,Lee,allensean@example.org,001-409-656-3539x54084,Male,2004-04-18,2024-01-28
C002681,Andrea,Lawrence,russellcynthia@example.net,(241)451-2668x055,Female,1960-05-09,2021-07-29
C002682,Daniel,Lane,joseph65@example.org,+1-227-450-9130,Male,1949-08-19,2025-06-24
C002683,Andrew,Wolfe,lauren14@example.net,+1-300-734-5890x11422,Male,2005-11-24,2023-02-19
C002684,Carrie,Davis,patrickmalone@example.org,316-346-2061x75325,Female,1955-12-25,2024-05-30
C002685,Christopher,Johnson,swaller@example.org,(342)525-7770,Male,1946-04-02,2024-12-08
C002686,Donald,Hall,patrickjoshua@example.com,001-281-986-1287x285,Female,1974-10-19,2024-04-04
C002687,Nicholas,Cook,xcortez@example.net,+1-486-555-3989,Female,1948-04-05,2022-04-07
C002688,Teresa,Lewis,andrewwest@example.org,001-392-205-1097x23717,Female,1955-01-12,2024-08-07
C002689,Jessica,Petersen,ydecker@example.com,458-815-4565,Female,1953-06-11,2024-10-28
C002690,Sydney,Jones,gilmorecassandra@example.org,260.687.1101x54992,Male,1974-03-11,2026-03-09
C002691,Katherine,Acevedo,kenneth50@example.net,4392696534,Male,1969-06-12,2026-01-16
C002692,Laurie,Garcia,oward@example.net,5536856396,Female,1976-10-25,2026-04-13
C002693,Thomas,Floyd,terrifarmer@example.org,+1-297-949-6963x40260,Female,1945-05-26,2026-03-25
C002694,Leslie,Ramirez,patrickhall@example.com,001-845-802-3800x5557,Male,1985-10-30,2024-10-17
C002695,Charles,Eaton,lucas18@example.org,9176988322,Female,1968-12-15,2024-10-31
C002696,Katherine,Boyer,jeffreycook@example.org,001-568-508-7074,Female,1996-05-24,2024-05-25
C002697,Nicholas,Miranda,ebrown@example.com,829.563.4667x488,Male,1972-05-20,2025-08-18
C002698,Richard,Foster,karinacameron@example.org,964.862.4935,Male,1978-04-10,2024-11-18
C002699,Andrew,Jenkins,bowersaaron@example.com,388.313.5722,Female,1979-07-16,2024-02-16
C002700,Donald,Lee,mbailey@example.com,+1-356-975-9219x6578,Male,1992-01-27,2025-03-14
C002701,Dominic,Sanchez,romanleslie@example.net,+1-238-330-9700x079,Female,1976-04-29,2024-04-20
C002702,Seth,Hall,conwaymitchell@example.com,922-383-0953,Male,2007-02-03,2026-06-16
C002703,Cody,Myers,barkervictoria@example.net,+1-763-294-1484x8905,Female,1988-04-12,2024-06-20
C002704,Diane,May,johnsontrevor@example.com,734-403-7907x60238,Female,1987-07-20,2023-02-27
C002705,Andrew,Reese,zwilliams@example.com,+1-710-374-5607x24333,Female,1999-07-30,2026-07-06
C002706,Steven,Flores,ejohnson@example.org,3068955489,Female,1941-01-04,2022-01-25
C002707,Allison,Hess,virginiamartin@example.org,770-323-6574x8843,Male,1966-09-05,2024-01-06
C002708,Jesus,Rose,kestes@example.com,835-888-9903x818,Male,1977-01-16,2025-03-05
C002709,Cynthia,Kelly,noconnor@example.org,(308)674-8311x8349,Female,1963-09-19,2023-01-26
C002710,Blake,Salazar,rwilcox@example.net,734-744-2116x71658,Female,1945-09-13,2023-04-04
C002711,Jennifer,Nguyen,michael14@example.com,594-364-5162x06582,Female,1989-12-30,2023-05-30
C002712,Lori,Saunders,apatton@example.org,294-900-1216x77836,Female,1951-09-15,2023-06-26
C002713,Angela,Rodriguez,elizabeth42@example.net,+1-909-645-7164x9709,Female,1999-06-01,2025-11-17
C002714,Edgar,Coleman,ryanbrown@example.net,490-237-5495x33269,Male,1940-12-08,2025-07-16
C002715,Joseph,Johnson,natalie06@example.org,362.252.3274,Female,1991-03-06,2022-01-08
C002716,Julie,Arnold,bgallagher@example.net,+1-238-967-8773x65919,Male,1961-02-10,2026-06-20
C002717,Ryan,Medina,andrelong@example.org,319-391-8584x3315,Female,1969-08-11,2024-05-17
C002718,Lisa,Jimenez,xschneider@example.org,001-996-638-3739,Male,1961-01-12,2024-07-06
C002719,Robert,Casey,rodriguezrobert@example.com,550.801.0952,Male,2001-02-19,2022-10-31
C002720,Robert,Wood,rbender@example.net,493-634-2771,Female,1991-11-14,2023-04-28
C002721,Stephen,Horton,kwoods@example.org,824.331.6657x6768,Male,1958-01-21,2025-06-29
C002722,David,Mendez,dalerice@example.com,256-386-7647x465,Female,1972-05-28,2022-11-15
C002723,Parker,Thompson,lauren33@example.com,(704)422-3641,Female,2001-05-02,2022-12-04
C002724,Angela,Andrade,john61@example.org,001-446-958-2521x86148,Male,2001-08-08,2023-04-29
C002725,Karen,Johnson,holly42@example.com,448-541-8023,Male,1956-12-08,2023-01-04
C002726,Robert,Gould,jguerrero@example.com,(395)438-6154,Male,1973-12-18,2024-07-27
C002727,Richard,Best,cartercynthia@example.org,(273)755-9741x93707,Male,2005-02-25,2024-01-23
C002728,Richard,Jones,kevin44@example.net,+1-454-375-0537,Male,1981-06-22,2023-02-25
C002729,Kathleen,Lawrence,qhicks@example.org,320-791-0640x188,Male,2005-11-09,2024-12-31
C002730,Nicole,Spencer,bradley62@example.com,+1-478-587-9640,Male,1984-06-14,2023-06-19
C002731,Maria,Jensen,alexanderwarren@example.com,(248)774-4064x4963,Female,1965-12-17,2025-11-14
C002732,Joshua,Rice,austin61@example.com,500.926.4117,Male,1937-11-04,2021-10-09
C002733,Ian,Duran,courtneywhite@example.net,882-285-7835,Female,1943-08-05,2023-01-10
C002734,Emily,Hill,yvonne84@example.com,701-902-0089,Female,1997-03-05,2022-12-20
C002735,Donald,Campbell,pgood@example.com,001-350-500-5321x709,Male,1999-01-27,2026-02-23
C002736,Casey,Christensen,rachelwalker@example.org,362-417-2743x155,Female,1999-05-02,2024-11-27
C002737,Lisa,Garcia,brandy85@example.org,358.708.6003x081,Female,1996-11-13,2022-02-09
C002738,Christina,Strickland,stephenwallace@example.com,249.797.3785x0305,Female,1938-09-02,2025-04-22
C002739,Bryan,Estrada,garyfleming@example.net,001-697-260-7945x62439,Female,1972-07-31,2021-09-30
C002740,Vicki,Cook,swansonamanda@example.com,849.610.3478x6617,Female,1947-01-22,2026-01-05
C002741,Nicholas,Pena,cynthiamay@example.org,296.893.7144x42582,Female,1939-08-12,2022-12-19
C002742,Renee,Price,xchandler@example.com,660-370-6313,Male,1938-03-28,2023-11-02
C002743,Amy,Levine,kevin72@example.org,+1-884-656-4781x30744,Female,1951-03-13,2022-02-12
C002744,Sheryl,Gilbert,chelseahill@example.com,(697)367-5150x9933,Female,1953-09-13,2022-06-23
C002745,Virginia,Todd,mstewart@example.org,972.544.1723,Female,1960-07-16,2026-06-01
C002746,Anthony,Brewer,kayla69@example.org,499.315.5276,Male,1966-07-14,2026-03-12
C002747,Michael,Joyce,katherinepatrick@example.org,220.232.9542x12461,Female,2007-01-08,2023-08-10
C002748,Sarah,Frederick,emmaacosta@example.org,(395)700-8316x470,Male,1996-06-19,2024-12-07
C002749,Deborah,Willis,michael08@example.net,001-985-739-6247x059,Female,1990-06-23,2021-09-07
C002750,Derrick,Martinez,williamsdeborah@example.com,+1-695-298-5616,Male,1953-02-08,2023-10-12
C002751,Jane,Johnson,williamcastaneda@example.net,(843)982-8097,Male,1989-09-01,2022-09-14
C002752,Nathan,Davis,qward@example.org,778.327.2070x72921,Male,1996-09-21,2021-09-28
C002753,Ethan,Bernard,morrowwilliam@example.com,+1-450-233-1722x696,Male,1969-09-11,2025-05-21
C002754,Sharon,Henry,utaylor@example.com,6129106869,Male,1955-09-24,2025-04-08
C002755,Alexander,Bailey,stephen13@example.org,717-898-1377x38196,Male,1970-11-19,2022-01-16
C002756,Randy,Richardson,jose35@example.org,+1-489-995-1788x045,Female,1989-02-09,2023-03-19
C002757,Dawn,Williams,christinashepherd@example.net,814.849.2267,Female,2002-04-17,2026-01-21
C002758,Barbara,Peterson,tmartin@example.net,(461)211-5619x86365,Male,1974-03-12,2024-01-15
C002759,Michelle,Spears,sandrawood@example.org,553.480.7580x7043,Male,2007-10-01,2023-11-01
C002760,Mark,Bowers,xleonard@example.org,(910)969-8388,Male,2007-08-03,2024-11-05
C002761,Noah,Rocha,xhanson@example.org,686.839.9605x8250,Male,1956-08-18,2026-03-12
C002762,Steve,Peterson,maria91@example.net,+1-400-284-0901x74096,Male,1978-06-01,2024-03-11
C002763,Anne,Mckay,daniel16@example.com,6445581973,Female,1976-10-18,2021-08-27
C002764,Angela,Haas,antonioadams@example.net,995.741.5118x0064,Female,1978-02-11,2025-11-11
C002765,Edward,Hernandez,imartinez@example.net,(365)299-2974x499,Male,1998-11-09,2025-04-26
C002766,Timothy,Murphy,qhart@example.net,(749)429-5145x0235,Male,1967-02-10,2025-06-07
C002767,Brandon,Moore,roger11@example.org,544.753.1912x61097,Female,2005-05-02,2022-08-04
C002768,Nicholas,Rivera,bellrichard@example.net,001-447-232-0727x767,Female,1954-01-31,2025-01-21
C002769,Felicia,Reed,jacobbryant@example.com,+1-362-624-6677,Male,2002-03-12,2026-03-20
C002770,Danielle,Gomez,huberzoe@example.com,4408425869,Male,1998-06-23,2025-05-22
C002771,Steven,Reed,hallen@example.net,660.765.4291x152,Female,1964-11-22,2025-08-10
C002772,Heather,Harris,reynoldskayla@example.com,(776)984-5965x513,Female,1945-11-15,2026-01-14
C002773,Ashlee,Oneal,williamseric@example.com,+1-616-450-5682x9314,Female,1941-07-18,2025-10-23
C002774,Jonathan,Brown,nicole76@example.org,001-483-589-7030x849,Female,1987-07-24,2022-02-11
C002775,Grace,Mccullough,wwhite@example.org,435.471.5760x77702,Female,1980-07-17,2024-07-14
C002776,Wesley,Jones,wgarza@example.net,(971)550-1233x7220,Male,2003-08-12,2022-07-18
C002777,Matthew,Patterson,david92@example.net,972-358-0143x339,Male,1940-10-04,2022-08-29
C002778,Tracy,Daniels,stephaniecook@example.org,314-937-8539x02669,Male,1988-12-17,2022-12-14
C002779,John,Carr,thorton@example.net,304.609.2984x9207,Female,1996-01-12,2025-12-10
C002780,Jonathan,Forbes,robert87@example.com,668-358-5743,Female,1961-03-18,2024-10-16
C002781,Joshua,Hansen,ntaylor@example.org,001-351-349-6817x6254,Male,1998-12-25,2024-05-11
C002782,John,Flores,gjackson@example.net,+1-392-611-7741x22393,Female,1981-10-23,2023-05-14
C002783,David,Patrick,vmatthews@example.com,(574)533-7093x84516,Male,1969-11-07,2026-07-06
C002784,Brent,Wheeler,kirsten65@example.com,414.563.0161x80593,Female,1957-06-30,2022-06-22
C002785,Alexis,Morse,velasquezsean@example.net,(328)499-8954x460,Female,1968-07-11,2025-06-22
C002786,Robert,Smith,millercameron@example.org,(707)684-4110x33124,Female,1937-10-26,2022-12-09
C002787,Penny,Ferguson,kevinzuniga@example.net,8517312268,Female,1988-07-09,2022-12-03
C002788,Kathleen,Turner,lanekaren@example.com,(209)587-6256x42503,Female,1991-01-28,2026-02-05
C002789,Dana,Ortiz,tuckerwhitney@example.com,(585)884-8996,Female,1957-12-09,2026-01-18
C002790,Nathaniel,Dickson,kennethleach@example.com,857.625.7813,Female,2004-01-16,2024-10-21
C002791,Phillip,Carey,kayladean@example.com,+1-339-760-1228x1671,Male,1989-02-15,2024-12-20
C002792,Brian,Miller,jonesphyllis@example.org,+1-355-350-8608x04123,Female,1978-05-04,2021-11-09
C002793,Kaitlyn,Cook,danielskristina@example.net,+1-415-651-9300x85141,Female,1955-06-30,2023-02-03
C002794,Patricia,Leach,toddmckay@example.com,+1-728-408-4805x892,Male,1967-03-15,2023-07-12
C002795,Mary,Ramirez,charleslewis@example.com,+1-244-912-8988x224,Female,1982-05-04,2025-03-06
C002796,Jessica,Jackson,jason99@example.com,+1-909-442-1634,Male,1943-02-16,2023-10-07
C002797,Douglas,Campbell,onealdana@example.net,001-338-432-0587x26969,Female,2008-05-28,2023-06-14
C002798,Rebecca,Simmons,stephanieharris@example.net,564.710.7614x4911,Female,1967-01-19,2026-03-02
C002799,Latasha,Sanders,caldwelltracey@example.com,(529)537-7200x3243,Male,1940-08-22,2021-07-26
C002800,Ashley,Robinson,smithmegan@example.com,407-563-0863,Female,1954-08-22,2026-03-25
C002801,Jill,Reed,kristyrose@example.net,2845673989,Male,2002-11-20,2023-02-25
C002802,Kristine,Wilson,thomasmaria@example.org,4285963059,Female,1954-10-15,2025-11-30
C002803,Daniel,Carter,jessicaberry@example.com,531-286-0986,Female,1981-08-08,2022-12-18
C002804,David,Pacheco,kcook@example.org,001-344-953-9937x601,Male,1997-03-06,2024-05-30
C002805,Destiny,Miller,palmertheresa@example.com,(852)857-3682x98586,Male,1948-04-20,2022-01-10
C002806,Barbara,Conner,burkemichael@example.org,624.470.6552x7817,Female,1945-09-21,2023-03-06
C002807,Thomas,Chapman,turnerjeffery@example.net,+1-699-605-2168x27807,Female,1944-07-03,2025-10-29
C002808,Sara,Johnson,steventrujillo@example.org,(818)470-1978x50183,Female,1954-11-11,2023-07-04
C002809,Michael,Fischer,danielle84@example.net,461.789.8321x584,Male,1939-04-29,2023-03-19
C002810,John,Li,steven58@example.org,(469)322-7043x05477,Female,1973-03-13,2024-08-31
C002811,Justin,Williams,faguilar@example.org,4922909253,Male,2002-10-14,2022-07-21
C002812,Christine,Edwards,jadeflores@example.org,001-711-979-7714x72898,Male,1988-12-13,2023-05-07
C002813,Betty,Stephenson,david02@example.org,+1-415-514-7073,Male,1937-02-06,2025-12-13
C002814,Beth,Huang,wfields@example.com,4314102692,Female,1949-05-26,2022-10-22
C002815,Valerie,Johnson,williamsjessica@example.com,665.826.7468x99230,Female,1993-07-15,2024-05-25
C002816,Jennifer,Nash,nicole85@example.org,749.965.0986x400,Male,1972-05-22,2024-06-03
C002817,Christian,Taylor,megan67@example.org,525-512-4005x491,Male,1950-03-21,2023-07-11
C002818,Adam,Ashley,zlewis@example.com,(685)831-0675,Female,1973-01-02,2024-12-08
C002819,Joshua,Anderson,bookerstephen@example.org,001-834-272-0658x34152,Female,2005-05-07,2025-09-01
C002820,Jaclyn,Mcknight,fswanson@example.com,+1-680-422-5753x0509,Male,1943-08-26,2022-07-06
C002821,Lisa,Garcia,bridgetevans@example.net,001-927-496-4541,Male,1942-08-27,2021-09-11
C002822,Michael,Lee,elizabeth76@example.net,+1-804-804-3092x64567,Male,1945-07-14,2025-04-13
C002823,Deborah,Mitchell,rsmith@example.org,966-445-0183,Female,1955-05-25,2023-03-15
C002824,Christopher,James,jamessmith@example.com,+1-437-697-7578x883,Female,1997-01-04,2023-04-16
C002825,James,Phillips,rhonda90@example.org,001-877-259-1320x924,Male,1993-04-10,2024-09-18
C002826,Lance,Mcfarland,humphreyleslie@example.org,297.581.6990x1771,Male,1970-10-24,2024-12-16
C002827,John,Richards,tiffanykaiser@example.com,001-449-288-9340x613,Female,2002-09-12,2025-05-11
C002828,Susan,Valentine,gomezwalter@example.org,(461)866-7590x53785,Female,2004-04-26,2024-02-21
C002829,Chelsea,Arnold,wellssergio@example.com,+1-511-391-9576,Female,1962-05-21,2021-08-29
C002830,James,Sharp,jesseferguson@example.org,001-947-776-9477x8634,Female,1985-07-17,2026-01-09
C002831,Duane,Mccall,michael04@example.org,751-856-6823,Male,1959-06-24,2025-07-28
C002832,Raymond,Baker,gerald15@example.com,273.646.8715,Male,2000-10-30,2026-03-08
C002833,Jeremy,Henry,martinthomas@example.org,7149745659,Male,1995-07-05,2024-01-23
C002834,Eric,Peterson,iallen@example.com,001-398-660-5041x433,Female,1943-01-04,2022-12-15
C002835,Jill,Burgess,ccarrillo@example.org,590-752-2456x10937,Male,2003-01-17,2023-12-18
C002836,Kaylee,Jackson,terricruz@example.com,688-677-1020x8606,Female,1947-07-24,2026-06-13
C002837,Linda,Gross,kaitlyn23@example.net,2172330048,Male,1974-04-09,2025-05-16
C002838,Crystal,Cruz,bennettkaitlin@example.org,001-536-328-8878x5154,Male,1942-10-29,2026-01-05
C002839,Keith,Wilson,elizabethmontgomery@example.org,001-741-766-6652x5146,Female,1973-05-23,2026-05-16
C002840,Thomas,Johnson,ryanjeffery@example.com,752-233-7516,Male,1988-04-30,2026-03-06
C002841,Ronald,Johnson,jeffreydougherty@example.com,+1-743-956-6824,Female,1999-12-18,2026-01-01
C002842,Jonathan,Johnson,elizabeth95@example.com,001-399-968-1840x8033,Male,1997-10-19,2024-02-17
C002843,Jonathan,Mendoza,andrew03@example.net,+1-471-667-2788x2381,Male,2003-12-12,2024-11-08
C002844,Maria,Nixon,jason58@example.com,001-459-355-0993,Female,1984-09-01,2024-07-15
C002845,Robert,Davis,mdean@example.org,+1-408-311-6087,Female,1976-06-11,2025-11-04
C002846,Christina,Li,hpatel@example.com,919-458-2461x9108,Female,1952-12-21,2024-06-02
C002847,Matthew,Ortiz,greyes@example.net,913.713.9310x249,Male,1940-03-29,2025-02-03
C002848,Michael,Flowers,amanda99@example.net,441.201.3299x565,Female,1945-06-12,2025-01-09
C002849,Courtney,Sanchez,jenniferwillis@example.com,001-600-329-0044x46879,Male,1968-12-26,2022-12-21
C002850,Rachel,Wilson,wpotter@example.com,+1-651-767-8060x197,Male,2005-11-08,2025-02-14
C002851,Steven,Kennedy,megan59@example.com,385.671.2975,Female,1987-05-10,2022-09-04
C002852,Jessica,Underwood,karenmartin@example.net,(779)553-9540x26166,Female,1941-06-03,2025-07-16
C002853,Christopher,Mitchell,keith97@example.org,694.346.9178,Male,1992-09-21,2022-02-02
C002854,Nathan,Bright,hulljoseph@example.com,(654)952-0500x87505,Male,1989-02-20,2024-10-20
C002855,Joseph,Lee,cookkimberly@example.com,531-311-4269x2388,Male,1964-07-15,2024-09-29
C002856,Kendra,Todd,karen17@example.org,(815)971-3052,Male,1995-09-02,2025-05-15
C002857,Antonio,Hebert,ashleymccullough@example.org,001-341-366-0868x506,Female,1945-08-27,2024-06-26
C002858,Erica,Terry,erika16@example.net,678.420.5821x48906,Male,1936-06-15,2023-04-02
C002859,Mark,Hayes,djones@example.com,(843)402-5525x9678,Female,1950-02-16,2026-06-03
C002860,Eric,Hunter,umckee@example.org,001-503-546-9115x80295,Female,1937-03-21,2024-06-08
C002861,Ryan,Phillips,iwatkins@example.net,943-673-8085,Male,1962-01-22,2026-06-21
C002862,Kristine,Cohen,james89@example.com,+1-605-308-4093,Male,1978-08-30,2021-11-03
C002863,Sharon,Ballard,utaylor@example.com,(474)723-5212x32252,Female,2003-08-11,2025-06-02
C002864,Shawn,Campbell,johnsoncharles@example.com,001-769-592-9004x3352,Male,1987-02-06,2023-04-08
C002865,Carol,Medina,grossanthony@example.com,579-559-6124,Female,1936-03-21,2025-05-01
C002866,Katherine,Hall,alexandra68@example.org,+1-452-823-0187x00976,Female,1966-04-19,2025-07-12
C002867,Jean,Martin,tsanchez@example.net,387.897.5735,Male,1962-12-22,2023-01-12
C002868,Tammy,Munoz,mdaniels@example.net,(337)279-1440,Female,1944-12-07,2023-07-10
C002869,Curtis,Vasquez,stanleyfoley@example.net,(546)777-8862,Male,1943-01-12,2021-09-08
C002870,Brittany,Howard,qwatts@example.org,+1-954-844-5237x8780,Male,1971-10-22,2026-03-31
C002871,Lance,Dalton,garciachristopher@example.net,868.888.4144x8359,Female,1983-04-10,2026-06-29
C002872,Sheila,Lewis,vharrington@example.com,443-441-3015,Male,1996-10-18,2025-06-13
C002873,Debra,Parks,stantonpeter@example.net,001-643-289-7396,Female,1973-02-05,2023-05-22
C002874,Anthony,Johnson,kmartinez@example.org,(605)883-4090x88229,Female,1941-05-09,2026-01-26
C002875,Christopher,Gilbert,pbryant@example.com,001-269-688-1091x324,Male,1995-03-31,2022-04-07
C002876,Patricia,Hall,chenjonathan@example.net,(288)868-1592,Female,1994-12-05,2024-11-11
C002877,John,Harrell,wlevine@example.org,(750)361-1774,Male,2003-08-03,2024-03-09
C002878,Lindsay,Harrison,duncandavid@example.com,7182219259,Male,1971-03-23,2024-11-07
C002879,Lance,Warren,johnsonjames@example.com,(711)450-9986x3939,Male,1951-02-25,2024-07-27
C002880,Evelyn,Young,qwilliams@example.net,585.407.8978,Female,1962-11-29,2024-03-23
C002881,Michael,Williams,raymondunderwood@example.net,(686)639-2807x666,Female,1975-07-14,2023-03-26
C002882,Jacqueline,Brooks,pettyemily@example.org,+1-982-758-9300x8116,Male,1994-11-29,2022-08-13
C002883,Brandon,Stephens,johnsonjeffrey@example.com,570-282-4268x487,Male,1949-03-19,2024-10-07
C002884,Lucas,Anderson,torressusan@example.org,001-343-798-7690x6760,Male,2002-10-05,2022-07-11
C002885,Robert,Wood,uharrison@example.net,(787)286-1718x529,Female,1949-05-14,2025-01-19
C002886,Margaret,Mckinney,dillon34@example.org,(509)858-7389x039,Female,1991-04-16,2022-04-01
C002887,Elizabeth,Carr,jessicafreeman@example.net,715.670.3252x48818,Female,1960-06-09,2024-08-30
C002888,Anthony,Gomez,emeyer@example.net,001-598-314-7707,Female,1962-07-18,2024-04-19
C002889,Katherine,Sullivan,mcdonaldkristina@example.net,001-397-796-7456x8247,Male,2004-01-16,2026-03-16
C002890,Kimberly,Black,seanharris@example.org,988.579.6885,Female,1936-11-28,2021-12-17
C002891,Erin,Orozco,norrislisa@example.org,751-655-0528,Female,1968-07-30,2023-02-19
C002892,David,Perez,mark69@example.net,695.294.9484x3296,Male,1960-03-12,2025-09-02
C002893,Leslie,Stephens,jonesmichael@example.net,283.285.8725x8709,Female,2001-04-13,2025-06-14
C002894,Jared,Bolton,corey27@example.com,(777)557-4137x3613,Male,1940-03-06,2025-10-07
C002895,Ana,Gibson,kevinmyers@example.org,001-821-264-1111x196,Female,2003-11-14,2024-05-01
C002896,Melissa,Sanders,robertowens@example.org,867-403-4084x9371,Male,1939-10-16,2026-01-13
C002897,Jose,Thompson,amber65@example.org,3182912601,Male,1965-09-16,2023-12-20
C002898,Brooke,Flores,landryangelica@example.net,001-738-943-2336x39853,Male,1979-02-20,2024-11-08
C002899,Tracy,Sellers,pricesherry@example.com,772-967-0639x0955,Male,1973-06-24,2025-01-13
C002900,Daniel,Kelly,murphyryan@example.org,281.361.7643x69947,Male,1977-07-12,2024-11-28
C002901,Patrick,Edwards,reillyashley@example.net,986.231.6056x7851,Male,1997-08-17,2025-07-04
C002902,Sarah,Melton,christina10@example.com,6015598502,Male,1993-12-23,2023-11-28
C002903,Rita,Henry,danielwilliams@example.org,678.401.4708,Female,1990-01-20,2026-03-03
C002904,Scott,Robinson,robertbrown@example.com,483.983.3595x9490,Male,1991-05-22,2023-03-16
C002905,Alison,Medina,amy12@example.com,834.937.7233x4667,Female,2008-01-10,2025-12-18
C002906,Glenn,Kerr,sburns@example.com,(285)669-7612,Male,1977-06-13,2025-11-25
C002907,Donna,Hodges,ishaw@example.org,+1-705-935-8225x3433,Male,1996-10-13,2023-09-28
C002908,Joshua,Rush,miranda12@example.net,992.210.7438x930,Male,1964-09-15,2025-06-27
C002909,Todd,Gilbert,brownchelsea@example.org,(666)769-8515,Male,1970-06-29,2026-04-30
C002910,Kristina,Hebert,austinbright@example.net,+1-713-346-2748x4880,Male,1982-01-28,2023-07-25
C002911,Daniel,Decker,miguel29@example.com,7403338927,Male,1990-06-22,2023-11-17
C002912,Jody,Peterson,taragibson@example.net,465.984.2817x5534,Female,1992-08-19,2024-12-19
C002913,Crystal,Rodriguez,bgonzalez@example.com,945-315-8898x526,Male,1984-04-17,2025-06-01
C002914,Jeremy,Underwood,jsavage@example.org,001-963-314-3250x529,Female,1960-11-05,2024-08-16
C002915,Samantha,Cook,sandy94@example.com,376-285-3639x844,Female,1943-09-30,2026-01-20
C002916,Jasmine,Hawkins,estradasheri@example.net,+1-361-427-1868x40317,Female,1945-04-28,2023-02-07
C002917,Cole,Woods,ryanlori@example.net,001-751-424-3053x477,Female,1960-11-08,2025-06-11
C002918,Sophia,Scott,chelseaperez@example.org,(617)445-6976x84194,Male,1956-04-28,2024-09-13
C002919,Matthew,Butler,kathy53@example.net,(609)708-8404x115,Male,2001-04-20,2024-12-02
C002920,Dawn,Tanner,phillip82@example.com,+1-459-966-6970x07239,Male,1945-07-12,2023-10-23
C002921,Tyler,Hughes,glennross@example.org,+1-766-484-5914x757,Male,1960-09-25,2024-10-29
C002922,Michael,Johnson,kevincole@example.net,+1-221-357-8277x19658,Female,1982-03-13,2023-01-28
C002923,Jason,Ward,pachecojoanne@example.net,563.707.8027,Male,2003-04-21,2024-06-30
C002924,Blake,Tucker,carla16@example.com,318.412.2441,Female,2001-04-09,2023-04-19
C002925,Thomas,Richardson,ellisregina@example.com,(267)719-3769x0241,Female,1947-01-27,2025-01-30
C002926,Shelley,Vasquez,robert18@example.com,001-573-571-5710,Female,1944-04-02,2024-12-15
C002927,Ricky,Davis,vtucker@example.com,671-622-8905,Male,2003-04-16,2023-09-03
C002928,David,Mcmahon,murraydeborah@example.org,474-494-3708,Male,1940-07-25,2023-06-05
C002929,Jamie,Taylor,whitejoshua@example.org,001-329-239-9413,Male,1956-05-24,2026-04-18
C002930,Mariah,Rodriguez,scottmarissa@example.net,813.358.8860,Male,1939-09-11,2026-04-25
C002931,Carlos,Taylor,isaiah51@example.org,622-989-4242,Male,1993-06-11,2024-12-10
C002932,Mary,Snyder,jessica82@example.net,001-396-430-0683x664,Female,2006-05-10,2025-11-11
C002933,Kristine,Riley,devingardner@example.org,+1-934-970-8536x769,Female,1996-04-05,2025-01-23
C002934,Sharon,Hall,sarahbennett@example.com,001-223-308-0075x79851,Female,2006-06-11,2024-11-27
C002935,Jennifer,Hernandez,vjordan@example.org,+1-368-952-6596,Male,1983-07-03,2024-08-27
C002936,Kristie,Mckee,mahoneystephen@example.org,+1-447-571-4925x687,Female,1960-11-22,2025-02-19
C002937,Keith,Ray,becky75@example.net,4782715807,Female,1986-08-09,2022-11-11
C002938,Christian,Jensen,joseph55@example.org,(398)435-4581,Male,1966-12-31,2022-07-25
C002939,Brenda,King,nathan38@example.org,(514)653-5332x8965,Male,1997-10-03,2025-02-06
C002940,Douglas,Huffman,zacharyroman@example.org,886.885.0001x064,Female,1991-07-24,2022-05-23
C002941,Kimberly,Jones,david57@example.org,957-430-6798,Female,1967-01-31,2021-10-28
C002942,Billy,Miller,burtonnicholas@example.com,+1-278-363-9078x47594,Male,1960-05-21,2025-04-03
C002943,Joseph,Burton,erika49@example.com,(318)937-0025,Male,1958-09-21,2021-12-03
C002944,Tammy,Smith,dennisjamie@example.org,+1-358-491-5975,Male,1960-02-08,2025-11-25
C002945,Samantha,Bartlett,rebecca92@example.com,773.726.1846x634,Male,1990-07-16,2021-10-16
C002946,Veronica,Gonzalez,lisagreen@example.net,739.806.4175,Male,1992-12-01,2025-11-15
C002947,Scott,Robinson,jonfigueroa@example.org,214.797.2548x323,Female,1995-02-28,2021-12-07
C002948,Jennifer,Watts,bennetterica@example.com,310.951.8606x57701,Female,1967-11-26,2024-09-20
C002949,Kelly,Cruz,kevin49@example.org,846-937-0629x53766,Male,1954-03-17,2026-06-07
C002950,Jessica,Smith,kristina86@example.com,892.540.3485x83693,Female,1980-03-09,2022-04-20
C002951,Michael,White,mark66@example.org,545.574.4528x4217,Female,1951-04-08,2026-04-15
C002952,Christopher,Morgan,jennifercoleman@example.net,3638921246,Male,1988-10-20,2023-04-01
C002953,Patrick,Gillespie,isaiah18@example.net,+1-582-930-9076,Female,1989-02-27,2022-02-06
C002954,Michelle,Silva,gutierrezamy@example.org,648.384.8081x51314,Male,1973-05-08,2023-11-08
C002955,William,Williams,jonathanjones@example.net,001-493-629-2710,Female,2007-04-30,2022-11-29
C002956,Richard,Martinez,melissatorres@example.net,313-449-9399,Male,1943-12-24,2025-11-26
C002957,Tamara,Garcia,johnstoneric@example.com,001-851-775-8460,Male,1952-06-17,2024-02-25
C002958,Thomas,Maynard,victorandrews@example.net,526-765-0734x9237,Female,1994-11-18,2023-09-22
C002959,Cynthia,Kelly,carol91@example.net,655-456-6812x9489,Male,2003-12-10,2021-09-25
C002960,Jean,Torres,christina92@example.net,(762)776-5169,Female,1994-08-06,2022-08-19
C002961,Brandon,Martin,fprice@example.com,(769)248-2349x82813,Male,1997-04-23,2025-11-26
C002962,Derek,Rivera,sarah30@example.net,(693)441-5879x4122,Female,1971-04-30,2024-10-24
C002963,Holly,Perkins,tonya41@example.org,235.515.2601,Female,1978-02-07,2021-11-18
C002964,Elizabeth,Bowers,vross@example.net,+1-963-303-4333,Female,1975-11-19,2021-09-02
C002965,Jesse,Kane,xcarey@example.org,9978877661,Male,1955-10-06,2022-09-14
C002966,Stephanie,Delgado,kimamanda@example.com,226.397.1267x03173,Male,1949-10-14,2022-07-31
C002967,Adam,Davis,wperry@example.com,+1-219-445-1634,Female,1974-10-18,2024-07-18
C002968,Beth,Pena,dixonvanessa@example.net,909.288.3633x25189,Female,1993-12-24,2022-07-17
C002969,Garrett,Phillips,williamsmargaret@example.com,(435)849-2630x80865,Male,1981-04-14,2021-11-03
C002970,Jeremy,Washington,wthomas@example.org,(235)271-0075x3354,Female,1944-05-06,2022-07-28
C002971,Rachel,Nguyen,tmanning@example.net,935-894-5060,Female,1955-02-16,2023-11-15
C002972,Antonio,Wallace,kennethanderson@example.org,(452)787-2982x72810,Male,1953-02-24,2022-10-06
C002973,Roberta,Taylor,william46@example.org,7162712834,Female,2007-10-18,2023-05-23
C002974,Megan,Reese,shannonlambert@example.org,(830)202-3859x8207,Female,1949-12-19,2023-05-07
C002975,Jason,Irwin,larryhill@example.net,+1-625-769-9075x868,Female,1987-01-05,2023-06-28
C002976,Willie,Casey,rgentry@example.net,001-871-319-7545x043,Male,1983-12-16,2025-12-23
C002977,Christopher,Whitehead,stephanie53@example.com,(344)875-9912,Male,1974-09-28,2023-08-01
C002978,Kenneth,Parsons,icampbell@example.org,(335)855-9355x895,Female,1948-01-01,2021-08-16
C002979,Christine,Carr,susan53@example.org,308-501-9298,Female,1961-05-06,2025-06-28
C002980,Timothy,Norton,jjohnson@example.net,+1-384-934-7610x402,Female,2006-12-29,2024-10-16
C002981,Gloria,Watkins,pauldesiree@example.net,(599)739-4112,Male,2002-12-07,2022-07-20
C002982,Patrick,Compton,cooksarah@example.org,4045305017,Male,1978-11-22,2022-01-14
C002983,Caleb,Rowland,myersbenjamin@example.net,+1-682-713-8461,Female,1960-04-08,2021-10-11
C002984,David,Thomas,jjones@example.com,(647)687-0376x55327,Male,1942-08-05,2021-10-21
C002985,Charles,Roberson,osmith@example.net,2427566585,Male,1994-08-26,2024-02-06
C002986,Roger,Rodriguez,bakeredward@example.net,379.978.3240,Male,1939-07-14,2021-07-19
C002987,Robin,Lopez,rodriguezkelsey@example.org,2608596666,Male,1952-03-22,2022-07-29
C002988,Alexis,Nelson,zmcmillan@example.org,001-524-619-4787x759,Male,1977-08-02,2025-10-30
C002989,Stephen,Palmer,kari25@example.net,001-730-840-5672x2665,Male,1978-07-26,2021-12-07
C002990,Ronald,Cunningham,riverajohn@example.net,916-235-6241,Male,1957-10-18,2025-09-17
C002991,Daniel,Simmons,simmonsdouglas@example.com,001-450-865-7955x86030,Female,1943-12-16,2022-10-08
C002992,Brenda,Robertson,davidlynch@example.org,699-291-0177,Male,1988-02-23,2025-04-22
C002993,Julie,Valenzuela,nina76@example.com,001-827-551-5247,Female,1960-01-10,2023-03-23
C002994,Steven,Davis,kurtkennedy@example.net,913-928-7884,Female,1981-01-21,2025-06-21
C002995,Cheyenne,Spencer,phillipswanda@example.com,(311)515-7010x613,Female,1997-11-17,2024-07-30
C002996,April,Bowers,brockjudy@example.org,(492)857-2266,Male,1956-04-05,2021-11-06
C002997,Scott,Shaw,houstonchristopher@example.org,900.230.3840,Male,1960-08-13,2024-12-06
C002998,Levi,Russo,jeanetteprice@example.org,001-837-471-7678x21143,Female,1989-09-06,2024-11-16
C002999,Peter,Young,cardenasmargaret@example.net,629.235.7234x25256,Female,2005-11-19,2026-06-09
C003000,Samantha,Montoya,ffowler@example.org,553.623.6482,Female,1994-04-04,2025-12-08
C003001,Robert,Rogers,hmartinez@example.net,+1-310-309-8563x3955,Male,1971-10-26,2025-10-19
C003002,Deborah,Booth,chungchristina@example.net,(336)979-9180,Female,1965-07-13,2025-08-09
C003003,Michelle,Bridges,david88@example.net,242.750.5175,Female,1946-04-23,2026-04-11
C003004,Alex,Evans,ndowns@example.net,001-297-736-3469x986,Male,1970-02-22,2025-10-12
C003005,David,Larson,john19@example.com,616.473.8995x4604,Male,1954-02-13,2024-07-25
C003006,Brittany,Smith,icaldwell@example.com,+1-262-314-6003,Female,2007-05-31,2023-02-06
C003007,John,Delgado,royjohnson@example.com,+1-703-460-6520x167,Female,1949-01-02,2022-06-15
C003008,Evelyn,Medina,aaron17@example.com,(558)318-1394x4849,Male,1969-07-19,2024-07-30
C003009,Zachary,Howell,alvaradokelly@example.org,874-955-2451x9518,Female,1941-04-02,2024-10-14
C003010,Janice,Hopkins,uelliott@example.org,6124458753,Female,1981-07-30,2022-12-25
C003011,Scott,Gillespie,vmiller@example.org,524.683.8187,Female,1975-01-25,2026-03-13
C003012,Andrew,Garza,beckeramy@example.com,964.233.2659,Male,1980-05-05,2025-05-15
C003013,Joshua,Butler,osandoval@example.net,(584)544-6582x11238,Male,1987-03-02,2025-04-12
C003014,Margaret,Sexton,lewisjoseph@example.net,632-924-8329x9399,Male,1996-05-07,2026-02-21
C003015,Marissa,Taylor,fbowers@example.com,+1-906-606-8654,Male,1951-04-03,2024-10-16
C003016,Teresa,Rogers,adaugherty@example.com,(582)266-9585x76446,Female,1950-03-25,2025-06-24
C003017,John,Thornton,courtneynash@example.net,324-435-2939x247,Male,1946-02-18,2023-10-16
C003018,Jennifer,Lyons,rodriguezkatherine@example.com,+1-849-517-9212x23997,Male,1991-03-11,2024-05-12
C003019,Nancy,Nguyen,pwood@example.com,+1-835-852-7131x6025,Female,1987-05-18,2026-06-22
C003020,Amy,Bryan,craig33@example.org,001-642-432-3351x99817,Male,1955-01-26,2023-02-12
C003021,Kevin,Haas,whitneyanderson@example.org,756.935.1117x7945,Male,1980-09-21,2024-07-14
C003022,Brian,Mcclure,eric00@example.com,001-751-380-4378x4037,Male,1979-12-05,2023-11-08
C003023,Jenna,Rose,abigailpalmer@example.com,6348051641,Female,1945-10-12,2022-11-09
C003024,Roy,Brown,evanmoreno@example.net,892.676.2070,Female,2004-06-05,2023-01-08
C003025,Elizabeth,Barron,baileybrian@example.org,428-437-6475x7966,Male,1973-11-26,2025-12-12
C003026,Dustin,Smith,zdyer@example.com,967-359-2169,Female,1988-05-01,2023-10-07
C003027,William,Gibson,nicole31@example.com,861-750-9566x49918,Female,1948-12-29,2023-01-02
C003028,Robert,Decker,michellecoleman@example.com,001-791-582-7642x3319,Female,1955-06-23,2026-05-28
C003029,Samantha,Maldonado,acostabrandon@example.com,628.805.3372,Male,1940-05-23,2026-05-01
C003030,Joan,Atkinson,wilcoxrobert@example.org,(290)817-9463x12714,Male,1963-08-27,2025-10-30
C003031,Laura,Gonzales,dpayne@example.net,260.854.2838,Male,1998-12-11,2026-02-23
C003032,Beverly,Hooper,sking@example.net,+1-269-784-2949x683,Female,1936-01-26,2024-05-13
C003033,Kelsey,Washington,patricksmith@example.net,601-363-4632,Female,1948-08-01,2023-05-23
C003034,Lauren,Smith,emily55@example.com,(630)481-3760,Female,2008-04-09,2026-05-23
C003035,Patrick,Estrada,spencerjoanne@example.com,621.746.6643x12638,Male,1965-12-02,2024-04-20
C003036,Jacqueline,Smith,plopez@example.net,+1-495-671-2313x98563,Male,1996-10-04,2026-06-01
C003037,Joshua,Jones,williamschristopher@example.org,584-563-3126x15513,Female,1962-05-20,2023-07-14
C003038,Thomas,Heath,lopezjodi@example.org,001-883-630-6074x28121,Male,2001-11-16,2026-01-24
C003039,Jesus,Scott,kboyer@example.net,(717)418-9970x4106,Female,1935-09-08,2023-08-26
C003040,Kirsten,Luna,cboyd@example.org,+1-797-581-3273,Female,1983-05-27,2025-04-01
C003041,Lisa,Navarro,jennifer16@example.net,001-855-766-9729,Male,1993-08-26,2022-05-06
C003042,Michael,Powers,carla31@example.org,973-843-7437x8595,Female,1981-05-25,2021-08-16
C003043,Melissa,Matthews,jasonflores@example.net,(548)997-7797,Female,2001-08-11,2026-02-10
C003044,William,Lewis,mariawise@example.com,606-554-0215,Male,1959-09-07,2022-09-21
C003045,David,Mayo,dturner@example.com,+1-561-706-7650x2331,Male,1968-03-16,2022-08-26
C003046,Lindsey,Salazar,maryramirez@example.net,+1-792-656-8835,Male,1998-06-13,2025-12-30
C003047,Stephanie,Stanley,george63@example.com,(241)724-8034,Male,1940-02-10,2023-09-24
C003048,Thomas,Bowman,marquezkristine@example.net,344.241.0066x714,Male,2005-12-22,2024-02-13
C003049,Sherri,Blackburn,scottcrawford@example.net,(474)847-3458x8754,Male,1977-05-14,2025-08-07
C003050,Marilyn,Palmer,carrollmarcus@example.org,001-269-205-1409x82214,Female,2004-05-30,2024-05-21
C003051,Emily,Hall,william72@example.com,2834153371,Male,2007-04-30,2026-03-15
C003052,Megan,Baker,julia31@example.org,+1-971-415-0367x457,Male,2004-06-10,2025-09-05
C003053,William,Cruz,patrick30@example.org,+1-738-385-2781,Female,1954-03-28,2022-12-13
C003054,Holly,Graham,briggsralph@example.net,418.676.6221x97204,Female,1945-01-11,2022-11-26
C003055,Bethany,Davis,murphysusan@example.net,211.246.9627x62393,Female,1981-05-12,2025-06-23
C003056,Norman,Riley,dana21@example.org,880-886-2152x277,Male,1972-05-19,2024-10-24
C003057,Brian,Delacruz,shelbyallen@example.com,(485)810-4059x4250,Male,1937-05-05,2024-05-27
C003058,Jesus,Ramirez,blackdebbie@example.com,629.383.0055,Female,2008-03-20,2025-08-05
C003059,Daniel,Yates,marissalewis@example.net,001-762-857-9109,Female,1950-05-02,2021-11-26
C003060,John,Barton,xmoran@example.com,001-850-805-2674x1599,Male,1974-07-08,2022-09-20
C003061,Cynthia,Figueroa,gonzalezjohn@example.com,(833)970-2146x33059,Female,1976-10-18,2026-05-07
C003062,Alison,Wells,delgadoelaine@example.com,403-845-0105x92896,Female,1970-08-20,2025-04-30
C003063,April,Bishop,rbennett@example.org,2332044629,Male,1953-11-16,2024-09-27
C003064,Bianca,Miranda,meyerkimberly@example.org,+1-925-764-8646x4637,Male,1994-12-20,2023-07-25
C003065,Shannon,Howell,cardenaspatricia@example.org,948-577-2473x330,Male,1945-01-17,2024-06-25
C003066,Terrence,Castillo,davidoneill@example.org,001-713-626-9618x123,Female,1947-02-24,2025-03-02
C003067,Christine,Hampton,daniel27@example.net,(634)669-9372x931,Female,1940-05-30,2022-08-26
C003068,Shaun,Armstrong,jonesmichael@example.com,001-612-406-9354,Male,1981-05-30,2026-07-03
C003069,Jason,Randolph,hatfieldjames@example.com,238-238-5551,Male,1957-01-30,2025-11-02
C003070,Kurt,Brown,karahouse@example.net,833.589.9068,Female,1961-04-23,2023-09-10
C003071,Kevin,Esparza,madkins@example.net,001-790-769-0881x24735,Female,2001-02-16,2023-07-17
C003072,Lauren,Neal,scottharrell@example.net,(537)204-6416,Male,2008-01-17,2024-05-28
C003073,James,Juarez,nmccoy@example.com,+1-352-791-1548,Female,1995-10-29,2025-08-10
C003074,Jacob,Medina,johnsonchristopher@example.org,+1-528-457-1249,Female,1942-10-18,2025-03-17
C003075,Thomas,Patrick,gabrielleflores@example.com,3123711116,Male,1963-03-30,2022-09-21
C003076,Connie,Gutierrez,glennmorrow@example.net,314-869-0523,Male,1990-06-10,2026-01-14
C003077,Kim,Young,xmartinez@example.org,9536407834,Female,1998-01-09,2025-05-28
C003078,Anthony,Dennis,albert12@example.com,9867053636,Male,1955-07-19,2026-07-05
C003079,Michael,Cruz,lewisbrandy@example.net,308-606-3429x1433,Male,1971-06-07,2021-12-07
C003080,Jared,Carter,mckinneymonica@example.org,602-993-2999,Male,1979-10-04,2023-04-16
C003081,Kevin,Whitney,mwells@example.com,819-714-5216x20542,Female,1941-11-22,2024-05-24
C003082,Michael,Davis,murphyjoshua@example.org,001-356-482-0064,Male,1975-11-28,2025-09-06
C003083,Jonathan,King,rwilliams@example.org,996-736-3725,Female,1983-11-21,2026-01-10
C003084,Andrew,Schwartz,qvillarreal@example.org,8605439690,Female,1941-08-20,2025-01-28
C003085,Jacob,Juarez,bconway@example.com,001-409-802-6977x62608,Female,1996-01-26,2023-03-31
C003086,Heidi,Young,breanna13@example.net,+1-803-208-2203x926,Male,1995-04-08,2023-12-03
C003087,Marcus,Anderson,bgarcia@example.com,(933)495-5307x04153,Female,2004-12-19,2026-06-19
C003088,Anthony,Carr,zgallegos@example.net,325.537.5718x9391,Female,1954-02-01,2024-05-28
C003089,Amanda,Mcbride,sharon57@example.com,479.984.8751x951,Female,1970-06-01,2024-02-07
C003090,Juan,Rodriguez,melissa73@example.org,+1-378-832-3578x1841,Male,1973-04-26,2022-04-15
C003091,David,Taylor,brianbarry@example.com,575.865.8378,Female,1948-04-23,2023-10-14
C003092,Donald,Nelson,christopher45@example.org,5316282103,Female,1979-11-28,2023-07-11
C003093,Victor,Sharp,jessica59@example.net,(623)878-1124x2169,Male,1937-10-25,2025-12-10
C003094,Matthew,Wood,bergerwilliam@example.net,(836)830-2651x8357,Male,1996-07-29,2025-07-26
C003095,Frederick,Campbell,allison15@example.com,206-557-3591x48037,Female,1971-10-27,2025-09-10
C003096,Nancy,Anderson,linda75@example.org,375-884-4709x82953,Female,1983-03-16,2023-07-07
C003097,Cindy,Perez,uhodge@example.net,304-322-7018,Male,1956-07-16,2021-10-24
C003098,Rebecca,Harris,dennis71@example.com,+1-980-769-7121x3265,Male,1993-02-04,2024-08-11
C003099,Daryl,Jackson,williamslatasha@example.com,001-600-554-5676x8949,Male,1966-07-01,2025-10-06
C003100,Kevin,Wallace,abrooks@example.net,(548)498-4257,Female,1943-03-26,2024-12-11
C003101,Anthony,Morrison,proy@example.com,+1-551-587-3857,Male,1974-05-21,2022-02-24
C003102,Roger,Wright,mcarrillo@example.org,284-364-1882x1662,Female,2003-07-26,2023-01-23
C003103,Brandon,Barr,tarajones@example.org,(676)801-1817,Female,1940-12-16,2023-05-06
C003104,Marc,Powell,tracy95@example.com,864-908-4666,Female,1953-07-08,2025-11-30
C003105,William,Hart,billyrios@example.org,+1-712-381-8520x994,Female,1973-08-20,2025-04-13
C003106,Carl,Shaw,smithjason@example.org,+1-274-278-4831,Male,1945-09-23,2024-03-29
C003107,Kimberly,Dawson,sextonjennifer@example.net,411.943.0070,Female,1971-05-08,2022-01-12
C003108,Jay,Miller,daniel03@example.com,423.780.9686x08999,Female,2001-03-20,2022-12-13
C003109,Austin,Brown,kelleybrandon@example.org,(840)510-3496x0980,Female,1999-12-03,2022-07-28
C003110,Joe,Anderson,nhogan@example.org,9939631820,Male,1995-08-11,2024-06-18
C003111,Tiffany,Robbins,michael74@example.org,+1-844-633-0267x589,Female,2007-12-27,2022-04-29
C003112,Michael,Berg,smalldavid@example.net,+1-593-270-4267x857,Male,2003-01-01,2024-07-29
C003113,Joseph,Reyes,vanessa90@example.com,+1-979-266-6037x22382,Male,1972-01-26,2021-08-13
C003114,Beth,Molina,christinemcintyre@example.org,001-436-851-2180x86283,Female,1979-12-05,2023-04-11
C003115,Brianna,Thomas,nsmith@example.net,6627587614,Female,1954-06-10,2023-04-13
C003116,Evan,Anderson,corey04@example.net,+1-324-903-3033x822,Male,1986-03-06,2024-05-11
C003117,Lisa,Morgan,michele51@example.net,(991)247-2424x34876,Male,1964-04-28,2025-10-09
C003118,Sonya,Fox,rushmatthew@example.net,001-269-969-8528x523,Female,1938-06-24,2023-08-14
C003119,Edward,Garcia,kimberlyperez@example.com,(914)252-0534x40407,Male,1983-12-26,2022-08-31
C003120,Courtney,Mcmillan,andrewdavis@example.com,(816)464-0091,Female,1955-12-28,2023-11-17
C003121,Suzanne,Jones,burnsrobert@example.net,001-349-221-3100x73624,Female,1999-11-20,2021-11-28
C003122,Garrett,Dominguez,rebekahharrington@example.com,(729)659-7278x2908,Male,1955-11-13,2025-12-29
C003123,Phillip,Andrews,andersonnicole@example.com,(324)798-0289x89316,Male,2002-04-25,2022-07-13
C003124,Lisa,Richardson,velezashley@example.net,+1-501-544-3443x5321,Female,1970-03-04,2024-07-31
C003125,Joel,Williams,wrightdale@example.com,423-784-2853x77245,Male,1943-04-25,2024-07-02
C003126,Marie,Perry,xfrank@example.com,696-674-2178x79310,Male,1938-06-21,2025-12-14
C003127,Kimberly,Warren,ifernandez@example.org,6232456730,Female,2001-06-19,2025-04-25
C003128,Christopher,Rubio,oliverjoshua@example.com,669.392.3652,Male,1953-10-15,2026-07-05
C003129,Brian,Douglas,matthewcole@example.net,222-805-4449x673,Male,1989-05-22,2024-08-19
C003130,Christopher,Brown,tmccoy@example.com,602.477.3887x96452,Female,1983-07-22,2022-06-13
C003131,Madison,Gardner,andrew13@example.com,+1-317-845-3117,Female,1945-12-18,2023-06-13
C003132,Gregory,King,carlos57@example.net,431-472-6680x973,Female,1943-08-22,2023-02-21
C003133,Sarah,Snow,torreskevin@example.org,(992)347-9929,Female,2004-03-03,2024-06-10
C003134,Colton,Brown,gutierrezleslie@example.net,683.746.1165x7677,Female,1962-06-13,2024-11-25
C003135,Cheryl,Booth,jamie40@example.org,+1-251-288-8890,Female,1982-08-20,2025-08-08
C003136,Donald,Gutierrez,obriggs@example.net,+1-351-936-2743x8062,Male,1953-07-19,2022-11-20
C003137,Karen,Russell,jesus23@example.org,341-644-6003,Male,1975-04-13,2022-11-19
C003138,Eric,Perez,uwatkins@example.net,880-308-0659x63743,Male,2000-06-17,2026-01-29
C003139,Alex,Hendricks,william69@example.net,218.425.9051,Female,1953-09-10,2024-11-22
C003140,James,Davis,ylawrence@example.org,001-962-387-9417x77697,Male,1996-10-05,2022-12-15
C003141,Justin,Phillips,joshuaperez@example.org,001-362-705-5595x473,Male,1959-03-28,2023-05-14
C003142,Thomas,Schmitt,vicki41@example.org,591-929-3552,Male,1944-04-19,2025-11-03
C003143,Sarah,Dillon,toddmartinez@example.org,001-937-559-3239x3950,Male,1947-03-15,2022-04-29
C003144,Michelle,Rosales,lewiskenneth@example.com,802.691.0050,Male,1952-04-05,2025-05-28
C003145,Nancy,Dixon,henry25@example.com,(687)563-6432x4306,Female,1991-05-17,2024-05-08
C003146,David,Holmes,alexandria87@example.com,(261)268-5372,Female,2002-06-04,2023-03-01
C003147,Vanessa,Phelps,ehenderson@example.com,864-937-8490x198,Male,1970-02-23,2023-05-07
C003148,Christopher,Farley,kennethdiaz@example.net,+1-318-519-2071x305,Male,2007-09-29,2021-12-24
C003149,Lisa,Weaver,seanbrown@example.net,929-931-7540x79753,Male,1948-05-03,2023-11-01
C003150,Kimberly,Brooks,carlosbrooks@example.com,(484)287-3749x136,Female,1997-05-12,2025-12-18
C003151,Maria,Alvarez,annebarber@example.org,844-575-2716x44019,Female,1976-10-04,2024-02-11
C003152,Kimberly,Lowe,tyler49@example.org,(627)305-1967,Female,1966-04-08,2026-06-17
C003153,Tammy,Garza,christinabaker@example.com,001-817-665-7307x2542,Male,1961-10-26,2023-10-19
C003154,Brent,Benjamin,flynntheresa@example.org,(270)958-7546,Male,1950-09-27,2024-01-29
C003155,Tracey,Cowan,wardjacqueline@example.com,(892)467-5541,Female,1963-02-28,2023-05-11
C003156,Amy,Horton,sbarnett@example.com,217-521-9058x30629,Male,1940-07-22,2023-12-30
C003157,Joseph,Fox,malonemarcus@example.net,637.309.2926,Male,1944-06-19,2022-05-20
C003158,Christina,Murray,michael64@example.com,(858)201-8325x5797,Female,1936-03-04,2025-07-30
C003159,Christopher,Long,christianmartin@example.org,979-916-5405x864,Female,1990-05-01,2026-03-08
C003160,Mitchell,Webb,wadams@example.com,(411)499-3100x9483,Female,1986-06-19,2022-01-25
C003161,Jonathon,Ward,carolsullivan@example.com,+1-297-443-0119,Male,1969-02-19,2023-02-02
C003162,Todd,Smith,wharris@example.org,(930)994-3956,Male,1973-01-27,2025-06-14
C003163,Dean,Scott,jaredlopez@example.org,446-563-2945x532,Female,2008-03-22,2024-11-28
C003164,Alan,Stevens,michaelbarajas@example.net,684-562-7836x96485,Female,1961-03-06,2022-02-13
C003165,Jessica,Norris,david99@example.net,7219980367,Female,1973-01-10,2025-07-16
C003166,Jessica,Valdez,vwells@example.net,+1-993-319-7749x280,Male,1941-10-03,2024-05-19
C003167,Darlene,Myers,seanmaldonado@example.com,001-949-842-1620x096,Male,1943-11-22,2024-12-07
C003168,Caitlin,Avila,yangsamuel@example.net,(910)235-0914,Female,1980-01-30,2026-02-06
C003169,Danielle,Bennett,raymondkristy@example.org,+1-413-477-0320x789,Female,1956-08-08,2022-02-16
C003170,Tina,Miller,eolsen@example.net,808-822-2039x75800,Female,2004-11-24,2023-12-31
C003171,Dakota,Stewart,jaimeanderson@example.com,001-729-611-9898x04742,Male,1974-06-22,2021-07-23
C003172,Nicole,Wilkerson,awilson@example.net,587-544-4259x711,Female,1961-01-10,2026-04-04
C003173,Chad,Mathis,mariakirby@example.org,298.739.0113,Male,2003-01-23,2025-02-19
C003174,Shannon,Thompson,amy90@example.net,001-919-873-7314x8111,Male,1989-09-17,2023-08-15
C003175,Steven,Hughes,robert25@example.org,(225)917-1517x2329,Female,2004-04-26,2023-12-09
C003176,Amy,Hutchinson,phernandez@example.net,(233)653-3952,Male,1943-08-03,2024-02-16
C003177,Joshua,Mcmillan,batesjennifer@example.net,828.619.4611,Male,1944-01-06,2021-12-06
C003178,Brandy,Matthews,alexandriajohnson@example.org,001-559-536-9085x03303,Male,1996-06-15,2025-09-17
C003179,Melinda,Parks,amurray@example.net,(385)807-2736,Male,1975-02-04,2024-02-09
C003180,Steven,Matthews,william11@example.com,+1-996-617-6192,Male,1954-02-07,2025-10-10
C003181,John,Price,barbara83@example.com,+1-811-280-2473x597,Female,1962-06-20,2021-10-01
C003182,James,Robinson,brandyatkinson@example.org,(555)583-5805,Female,1987-07-22,2024-11-03
C003183,Jean,Garcia,terri98@example.net,001-603-371-1943,Male,1961-08-11,2025-12-11
C003184,Elizabeth,Ali,marshallwalter@example.org,001-222-821-9931x590,Female,1968-09-29,2025-12-16
C003185,Karl,Hernandez,jmoyer@example.com,732-287-5643x362,Female,1965-07-18,2022-04-10
C003186,Carolyn,Mcdonald,hvasquez@example.com,814.260.1213,Male,1940-05-23,2022-07-08
C003187,Debbie,Sanchez,blanchardcaitlin@example.org,001-454-204-9215x27146,Male,2006-11-24,2022-05-29
C003188,Kenneth,Olson,joan24@example.com,(795)609-3693,Female,1995-05-05,2025-05-31
C003189,Scott,Rodgers,william84@example.org,(961)571-6215x1023,Male,2003-12-27,2024-01-08
C003190,Alexandra,Lee,tanner85@example.net,+1-985-692-0265x57404,Male,1937-02-16,2023-07-08
C003191,Linda,Nunez,stevetucker@example.org,001-580-755-0448x4838,Female,1936-11-22,2023-12-10
C003192,Taylor,Rodriguez,fcantu@example.net,(483)303-3427,Female,1973-02-28,2024-10-21
C003193,Andrew,West,ashley88@example.net,001-880-446-2115x997,Female,1959-02-01,2022-04-28
C003194,Stephanie,Bradford,daniel31@example.org,+1-298-886-8083,Female,1991-06-30,2022-02-25
C003195,Ronald,Gilmore,debbiemoreno@example.org,001-879-845-5957x58529,Male,1951-03-15,2022-08-02
C003196,Ronald,Rodriguez,phillipssamantha@example.net,+1-568-982-2456x764,Male,1959-12-14,2025-09-21
C003197,Ronald,Smith,carlsonryan@example.org,001-485-705-2427x5849,Male,1975-05-03,2024-07-29
C003198,Elizabeth,Chen,leevictor@example.com,001-237-968-4342x03746,Male,1948-10-15,2024-05-04
C003199,Nicholas,Johnson,wesleyolson@example.org,001-406-848-0523x67276,Female,1957-12-25,2022-02-26
C003200,Kayla,Rojas,chelsearasmussen@example.net,(853)640-3050x1052,Female,1953-07-07,2026-03-08
C003201,Nicholas,Estrada,margaret79@example.net,278.468.6830,Male,1937-12-20,2023-09-26
C003202,Julie,Thompson,howard60@example.net,+1-325-524-6849x61800,Male,2005-10-03,2026-02-17
C003203,Jesse,Hudson,adamjones@example.org,744-235-1868x720,Female,1936-06-01,2026-01-04
C003204,Gina,Mason,ericpierce@example.com,293-222-6469x16626,Male,1953-12-01,2021-11-29
C003205,William,Quinn,michellerobertson@example.net,001-303-328-3217x649,Female,1944-05-23,2026-03-29
C003206,Gwendolyn,Garcia,valeriegraves@example.net,(696)274-6198x014,Male,1982-06-07,2025-09-18
C003207,Maria,Bennett,trandanny@example.net,988.604.0508,Female,1999-09-18,2024-02-09
C003208,Christina,Adams,brianna60@example.org,+1-745-321-4615x67089,Male,1953-01-24,2026-03-19
C003209,Brent,Griffin,daltonemily@example.net,(851)713-3982,Female,1986-06-03,2025-02-27
C003210,Victoria,Williams,chasepoole@example.org,775-867-4908,Female,2003-01-11,2023-12-18
C003211,Alyssa,Garcia,stephanie18@example.org,+1-874-275-4736x57850,Male,1950-03-18,2022-09-15
C003212,Maria,Morris,qmoon@example.org,(342)264-9101,Female,1966-11-08,2021-11-18
C003213,Benjamin,Sanchez,wperez@example.org,646-463-1052x7519,Female,1993-04-01,2026-01-10
C003214,James,Smith,anthonyrobinson@example.com,672-893-7292,Female,1951-09-28,2021-11-07
C003215,Laura,Riley,ithomas@example.net,896.658.5968x96752,Female,1960-12-03,2025-05-24
C003216,Erica,Smith,jesusthompson@example.com,465.455.3556x946,Male,1983-07-13,2021-08-11
C003217,Steven,Kelly,benjaminkimberly@example.com,001-294-240-9600x3100,Female,1966-02-24,2026-04-08
C003218,Morgan,Gordon,corey29@example.org,001-297-324-5370x2921,Male,1967-02-16,2024-06-29
C003219,Karen,Waters,kristen82@example.net,(901)623-1720x81497,Male,1935-12-23,2024-07-04
C003220,Lori,Taylor,roliver@example.net,+1-747-914-0473,Female,1980-03-06,2022-11-17
C003221,Benjamin,Mendez,wjones@example.org,(367)828-4200,Female,2007-09-10,2024-03-06
C003222,Doris,Davis,nbriggs@example.net,596-716-9942x1028,Male,1945-12-18,2023-07-02
C003223,Laura,Russell,andrew24@example.net,(940)630-3781x644,Female,1995-08-27,2025-08-24
C003224,Brittany,Combs,philliportega@example.com,(980)762-3193,Female,2002-01-30,2023-05-31
C003225,Billy,Mendez,brianweber@example.net,001-982-542-7797x97844,Male,1963-01-11,2024-03-03
C003226,Sheila,Cobb,john53@example.net,497.647.5096,Female,2005-08-16,2026-03-27
C003227,Melissa,Lucero,christianmarquez@example.com,+1-422-250-1384x69218,Male,1985-01-08,2025-05-26
C003228,Kenneth,Young,pattersoncynthia@example.net,432.466.5697x667,Female,1994-05-30,2023-01-16
C003229,Jonathan,Beasley,dmartin@example.net,+1-714-844-6782,Male,1992-01-27,2024-06-02
C003230,Carla,Jordan,ralph38@example.com,001-461-558-3902,Male,1999-09-04,2023-11-02
C003231,Patricia,Duncan,ebonyfranklin@example.com,001-789-931-7056x89565,Female,1936-08-15,2025-04-20
C003232,Michelle,Gillespie,wpacheco@example.net,(523)478-5123,Female,1967-09-05,2021-11-19
C003233,Debbie,Walker,cynthiamedina@example.net,+1-848-836-7537x248,Male,1969-04-19,2026-05-14
C003234,Sandra,Brown,linda18@example.com,825-564-5459,Male,1988-02-27,2026-05-27
C003235,Bryan,Williams,katherinehurst@example.org,001-952-277-1875x6943,Female,1992-01-29,2025-06-25
C003236,Angela,Yates,nelsonwesley@example.com,758.620.1483x21696,Male,1954-06-02,2022-04-15
C003237,Kevin,Sims,baileyashley@example.com,617.206.5257x9195,Male,1953-06-26,2024-06-02
C003238,David,Summers,pachecojessica@example.com,+1-786-288-9550x808,Male,1981-11-25,2023-11-15
C003239,Brianna,Martin,thomasmelinda@example.org,305-529-3009,Female,1952-05-15,2022-12-12
C003240,Samantha,Mann,xcastaneda@example.org,(480)814-9324x073,Female,1999-02-08,2024-02-03
C003241,Scott,Martinez,bturner@example.org,001-829-656-2784x8632,Female,1988-11-30,2023-09-15
C003242,Samantha,Figueroa,vargaschristine@example.com,651-567-7789x15188,Female,1978-08-03,2023-07-09
C003243,Nicole,Burns,erichall@example.org,(774)349-9650x5338,Male,1987-11-23,2022-12-28
C003244,Mark,Martinez,linda56@example.net,902-941-9004x5886,Female,1977-07-30,2025-11-15
C003245,Julian,Calderon,lopezdanielle@example.org,7057106791,Male,1984-11-18,2023-06-30
C003246,Laura,Wolf,cclark@example.org,+1-279-700-3552x43482,Male,2006-03-30,2026-02-03
C003247,Ricky,Morrison,bbarber@example.com,+1-320-325-9420x80609,Female,2002-06-30,2026-02-24
C003248,Laura,White,bwalker@example.org,258-416-0605x9060,Female,1948-09-26,2024-07-17
C003249,Michael,Harris,kristina19@example.org,570.631.1194,Male,1993-08-20,2022-02-08
C003250,Valerie,Davis,matthew33@example.com,477.383.5783x10221,Female,1958-04-26,2023-02-15
C003251,Beverly,Jarvis,eclark@example.com,280-356-5900x73228,Male,1940-02-19,2022-06-08
C003252,Joyce,Wilson,ravery@example.com,(904)921-3801,Female,1985-10-29,2024-04-04
C003253,Lydia,Sanders,wilkinsonfrank@example.org,637.551.4050,Female,1961-05-08,2023-10-11
C003254,Micheal,Leblanc,louis04@example.com,(586)568-7575,Female,1960-01-27,2025-06-09
C003255,Jason,Herring,hhines@example.org,713.289.1587,Female,1948-04-03,2025-05-10
C003256,Michael,Brown,hannapatricia@example.com,(440)213-4435,Female,2000-11-20,2022-10-05
C003257,Justin,Moss,uponce@example.org,(380)457-1739,Female,1944-11-24,2023-08-23
C003258,Edward,Bishop,randyandrews@example.org,477-883-4660,Male,2004-10-21,2025-07-06
C003259,Nicole,Pierce,john71@example.net,+1-201-486-4360x77479,Female,1965-09-26,2024-02-05
C003260,William,Gonzalez,jduarte@example.net,(808)629-5759x98712,Male,1959-02-04,2022-04-23
C003261,Christine,Robinson,gillespiecheryl@example.com,+1-389-452-4056,Female,1947-05-24,2025-01-01
C003262,Barbara,Woods,mejiakenneth@example.net,+1-202-594-7979,Female,1952-02-26,2024-08-16
C003263,Paul,Brown,thomas92@example.com,231.392.5379x98269,Female,1941-10-24,2024-06-26
C003264,Dale,Banks,kyle60@example.net,001-974-302-1216x15756,Female,2007-12-18,2021-09-19
C003265,Holly,Jones,jimenezheather@example.com,(848)709-5737x4006,Female,1987-12-14,2022-08-30
C003266,Caitlin,Garcia,wchung@example.net,850-884-2167,Female,1976-03-25,2023-02-02
C003267,Dawn,Smith,davidsullivan@example.com,446-718-7831x02703,Male,1983-06-26,2022-06-20
C003268,Christopher,Hill,michael02@example.com,001-524-296-0128x20559,Female,1973-02-23,2024-02-08
C003269,Marcus,Patterson,morganrichard@example.org,590-428-4043x892,Male,1960-06-09,2022-07-26
C003270,Kelly,Thomas,jacksonmichael@example.org,596.674.4104,Female,1987-12-30,2021-10-22
C003271,Steven,Kennedy,coryellis@example.org,663-665-7043x824,Male,1975-09-23,2026-04-22
C003272,Yesenia,Rivera,carrie19@example.net,(473)976-1960,Female,1958-01-17,2026-02-05
C003273,Jeffrey,Meadows,davidtran@example.com,628.352.0762x4194,Male,2005-03-12,2025-06-19
C003274,Christina,Taylor,lopezkurt@example.org,+1-561-647-9871x804,Male,1995-10-15,2024-03-03
C003275,Anthony,Lawson,qgalvan@example.net,811.513.6124,Male,1995-12-23,2021-09-24
C003276,Donna,Schaefer,christine76@example.com,(333)595-4029x08947,Male,2008-06-14,2024-04-09
C003277,Christopher,Small,daniel26@example.com,990.930.8643,Female,1974-10-03,2025-11-11
C003278,Frederick,Galvan,emmareed@example.net,(417)560-7231x4625,Female,1975-03-24,2023-01-24
C003279,Emily,Todd,corey91@example.net,(549)592-5168x97185,Male,1994-10-10,2022-08-01
C003280,John,Hall,robert43@example.org,682-590-5085x09163,Male,1960-05-06,2025-01-14
C003281,Thomas,Gomez,lisaclark@example.com,987-335-3505x2234,Female,1967-03-16,2024-10-15
C003282,Joe,Berger,bryantyler@example.net,001-776-898-9114x632,Female,1950-11-29,2025-04-18
C003283,Zachary,Garcia,hernandezsharon@example.com,001-343-729-1028x6495,Female,1990-03-29,2025-12-23
C003284,Robert,Medina,michellesparks@example.com,(863)482-9880,Male,1967-11-08,2022-10-08
C003285,Nathan,Young,blopez@example.net,287-817-6246x1213,Male,1975-05-26,2021-11-28
C003286,Lauren,Austin,yangdavid@example.org,001-961-288-9808x197,Male,1970-04-10,2023-06-27
C003287,Sara,Stone,michaelhenderson@example.com,001-206-606-5134x649,Male,1944-10-12,2025-04-25
C003288,Stacy,Sherman,jennifer51@example.org,317.737.9611x08430,Male,1936-10-28,2025-07-30
C003289,Larry,Clark,qochoa@example.org,001-419-858-4498x888,Female,1936-05-14,2026-03-30
C003290,Rebecca,Kim,lawsonjennifer@example.org,001-343-524-9489,Male,1959-01-26,2025-03-03
C003291,Steven,Wiley,jaredrose@example.org,200.259.3189x7676,Female,1978-02-24,2021-10-13
C003292,Curtis,Gordon,hollyvilla@example.com,852-631-7660x53735,Female,1989-11-21,2025-01-25
C003293,Jonathan,Gentry,omoore@example.com,540.380.1266x061,Female,1973-03-22,2022-04-01
C003294,Valerie,Gordon,doylemary@example.org,381-511-7345x2040,Male,1975-10-10,2023-09-25
C003295,Michael,Finley,aellis@example.net,322.984.2085x622,Male,1951-06-03,2025-07-02
C003296,Taylor,Harris,nicholasjohns@example.com,(975)378-6165,Male,1993-05-18,2021-09-09
C003297,Vanessa,Vargas,cynthia46@example.net,(524)669-1550,Male,1964-12-23,2022-09-03
C003298,James,Mcmahon,smithmelissa@example.org,+1-233-781-5180x28243,Female,1990-12-20,2025-11-12
C003299,Sarah,Harrison,jrobertson@example.com,605.590.9884x5457,Female,1980-01-19,2024-02-20
C003300,Kimberly,Warren,jacob18@example.com,888-299-0194x423,Male,1962-06-19,2021-10-07
C003301,Margaret,Sanchez,kathy62@example.net,001-434-529-4859,Male,1965-06-10,2025-11-11
C003302,Tiffany,Burton,ljohnson@example.net,517-599-7673,Male,1994-08-29,2023-01-04
C003303,Sean,Weaver,usmith@example.org,001-812-475-3488x68810,Male,1943-06-09,2023-11-12
C003304,Kathleen,Duran,emily27@example.org,(844)678-4758x22600,Female,1971-04-26,2025-09-30
C003305,Aaron,Jones,jennifer89@example.org,(434)857-5644,Male,1943-08-13,2025-07-13
C003306,Cheryl,Figueroa,edwinbonilla@example.com,001-990-722-5785x805,Female,2000-08-29,2026-03-26
C003307,Stephen,Calderon,woodjessica@example.com,+1-970-847-8223x59978,Female,1963-10-31,2022-03-02
C003308,Rhonda,Powell,wrightmary@example.net,001-797-568-4564,Male,1948-12-03,2025-04-16
C003309,Valerie,Love,nelsonmark@example.net,+1-902-812-3952x9296,Female,1992-02-12,2025-09-03
C003310,Ryan,Wolfe,pprice@example.net,641.221.3837x1299,Female,1990-02-13,2026-03-02
C003311,Jeremy,Foster,stuartnicholas@example.net,(683)552-2913x5608,Male,1962-12-20,2022-03-15
C003312,Heather,Wolf,victoriaharris@example.net,358-930-9410x8383,Female,1984-02-03,2025-09-11
C003313,Carolyn,Wagner,weaverchristopher@example.com,(399)589-0720x079,Male,1998-10-27,2023-09-28
C003314,David,Davidson,htodd@example.net,(621)719-8283,Male,2004-02-10,2024-10-17
C003315,Alan,Flowers,egreen@example.com,001-581-803-3425,Female,1995-04-28,2024-06-27
C003316,Wayne,Flores,zhogan@example.net,001-364-540-4771x625,Male,1992-07-05,2023-03-27
C003317,Shelly,Rose,erika87@example.com,9216015404,Male,2006-03-13,2023-12-31
C003318,Jared,Williams,harrissteven@example.com,938.676.1392,Male,1996-12-18,2023-03-10
C003319,Benjamin,Doyle,paulaustin@example.com,994.869.3568,Male,1943-01-07,2025-05-15
C003320,Kelsey,Elliott,michellecarson@example.net,932-801-8828x86609,Male,1986-11-09,2021-12-12
C003321,Joseph,Ponce,rwhite@example.net,+1-430-930-0905x468,Female,1967-11-17,2024-04-14
C003322,Douglas,Evans,ireyes@example.net,482-690-3086x630,Male,1969-05-28,2024-03-11
C003323,Amy,Walters,paul39@example.com,001-911-276-9166,Male,1981-02-27,2022-10-10
C003324,Kayla,Barber,anthony76@example.net,(329)494-6482x2724,Female,1993-02-28,2024-09-28
C003325,Corey,Clark,sarah14@example.org,(827)624-7619x662,Male,1976-10-28,2022-10-27
C003326,Courtney,Bishop,amybarrett@example.org,(804)686-6770,Male,1943-09-08,2026-04-27
C003327,Laura,Simmons,sanchezmaureen@example.net,303.922.5657x3006,Female,1980-03-10,2025-05-27
C003328,Ronald,Simmons,pharris@example.net,(241)255-9528x1230,Female,1946-08-25,2024-07-15
C003329,Jeremiah,Nielsen,thomas93@example.org,640.540.6385,Female,1940-07-17,2023-09-26
C003330,Cameron,Bell,allentaylor@example.net,(894)689-7862,Male,1974-06-09,2026-04-04
C003331,Melissa,Mays,kevin55@example.com,001-724-819-1168x82861,Male,1965-12-10,2025-03-27
C003332,William,Allen,msantiago@example.com,001-409-571-4976x8258,Female,1971-04-05,2024-12-02
C003333,Daniel,Vega,heather26@example.com,001-248-403-4188x84807,Female,2000-02-24,2025-01-08
C003334,Angela,Carroll,kennethwright@example.com,861.876.3585,Female,1939-10-21,2025-09-09
C003335,Christopher,Davis,cmendez@example.org,433.293.5195,Male,1992-10-13,2026-02-13
C003336,Emma,Smith,aaronpalmer@example.com,(262)508-7633x024,Male,1960-04-25,2023-10-06
C003337,Dominique,Obrien,willie36@example.com,883-896-6148,Female,1950-12-06,2023-09-30
C003338,Robert,Jackson,rhondarobinson@example.net,285.356.8559,Male,2007-08-16,2025-10-29
C003339,Karla,Mcclain,don00@example.net,001-884-854-5468,Male,1963-04-17,2023-03-11
C003340,Kenneth,Willis,mbuchanan@example.org,(259)607-7613,Male,1981-10-07,2026-03-19
C003341,Ricardo,Harrison,andrewsjames@example.com,(420)560-5631,Male,2002-12-04,2025-10-16
C003342,Melanie,Freeman,martinsteven@example.com,+1-453-632-4918,Female,1964-04-12,2021-12-24
C003343,Jonathan,Clark,bscott@example.com,3985165147,Male,1953-07-15,2023-06-15
C003344,Antonio,Clark,tammyfrank@example.net,001-692-614-7687,Female,1937-03-13,2026-03-23
C003345,Stephanie,Richards,urichardson@example.com,601.799.2493,Female,1961-10-01,2024-03-28
C003346,Douglas,Garner,christopherhobbs@example.net,001-737-815-4390x18282,Male,1978-09-23,2025-02-17
C003347,John,Jordan,victor29@example.com,920.828.4686x471,Female,2001-07-05,2025-10-14
C003348,Robert,Perry,ronald89@example.net,9214775575,Male,1976-11-19,2023-12-09
C003349,Elizabeth,Harris,catherinecolon@example.com,626-587-6751x0501,Female,1976-03-15,2023-07-01
C003350,Richard,Mitchell,hglenn@example.net,+1-300-581-4474,Female,1946-02-28,2024-02-28
C003351,Hector,Little,justinbrown@example.com,379.796.5757x347,Male,1995-06-11,2024-07-01
C003352,Lisa,Lynch,oneilllaura@example.com,295-318-7630x518,Male,1956-01-26,2024-03-17
C003353,Kristin,Bailey,csimpson@example.com,482-569-6380x287,Male,1959-06-06,2024-01-26
C003354,Tanya,Gomez,kcurry@example.net,(881)372-6359,Female,1966-10-17,2024-07-20
C003355,Amanda,Larsen,youngjulie@example.org,001-722-558-2819x60240,Female,1981-07-02,2023-08-28
C003356,David,Riggs,benderjennifer@example.org,531.661.9557x53204,Male,1956-10-10,2022-12-04
C003357,Larry,Walsh,william13@example.org,775.658.6657x18958,Female,2006-08-04,2024-01-07
C003358,Timothy,Pham,smatthews@example.net,001-255-574-2334,Male,1973-02-21,2023-12-14
C003359,Joshua,Kim,walkerjose@example.com,670.983.6752x04826,Male,1966-08-09,2023-08-28
C003360,Katherine,Jones,whitelauren@example.org,(910)529-0963x5915,Female,1999-05-09,2026-05-06
C003361,Jeffrey,Meyer,michelle55@example.net,(326)337-1001x05334,Male,1985-12-19,2024-06-18
C003362,Mario,West,matthewbarrett@example.net,794.358.6141,Male,1956-01-28,2026-06-26
C003363,Emily,Jackson,wongbarbara@example.net,3846722179,Male,1984-01-19,2026-06-08
C003364,Timothy,Rodriguez,drosales@example.net,4995089382,Female,1957-03-06,2024-08-27
C003365,William,Barron,scottcastillo@example.com,+1-979-885-5809,Male,1966-06-11,2023-08-14
C003366,Benjamin,Wyatt,wjohnson@example.org,(747)857-3458x908,Male,1990-06-10,2022-08-04
C003367,Mike,Garcia,ylutz@example.com,896-497-3596,Female,1939-09-26,2025-06-11
C003368,Jeffrey,Cain,alicia58@example.net,(947)407-2575,Male,1959-01-20,2023-06-25
C003369,Kimberly,Dorsey,thomasperkins@example.org,+1-561-743-7659,Male,1974-05-24,2024-01-09
C003370,Miranda,Neal,dosborne@example.org,+1-776-942-3964x09728,Male,1978-08-13,2023-01-06
C003371,Richard,Saunders,angelamays@example.org,(996)222-7818x121,Female,1998-05-21,2025-12-07
C003372,Christina,Russell,williamsamber@example.net,(780)432-6179,Male,1991-04-13,2023-07-14
C003373,Scott,Hall,thomasanderson@example.net,227.847.5151,Male,1996-12-28,2024-09-20
C003374,Cody,Bailey,navarrolydia@example.net,+1-615-775-7000x93588,Male,1951-02-11,2022-10-06
C003375,James,Phillips,ashleylewis@example.org,(927)765-4316,Male,1989-10-23,2023-09-13
C003376,Meghan,Downs,sanchezholly@example.org,459-662-2993,Female,1987-05-10,2023-08-18
C003377,Dennis,Wood,april23@example.net,001-384-768-3451,Female,1983-12-19,2025-10-23
C003378,Jillian,Gay,vlandry@example.com,923.800.6258x88711,Female,1994-04-27,2023-01-13
C003379,Michael,Boone,ogarrett@example.com,840-705-7077,Female,1965-03-18,2024-12-22
C003380,Brandy,Rodriguez,yross@example.net,537-918-3859x69758,Female,2005-01-08,2022-06-15
C003381,Harry,Wagner,jennifertaylor@example.com,9015560962,Male,1952-04-29,2025-11-15
C003382,Robin,Aguilar,shirley07@example.net,(287)636-9503,Male,1995-07-02,2023-09-07
C003383,Ryan,Sullivan,xwood@example.net,815.354.1053,Male,1988-04-20,2022-10-04
C003384,Tanya,Soto,uwarner@example.net,001-459-536-0005,Male,1985-12-09,2025-02-21
C003385,Jennifer,Herrera,patricksolis@example.net,532.851.7354,Female,1959-02-04,2023-10-14
C003386,Timothy,Mclean,stewartryan@example.com,001-582-502-6995,Female,1961-02-05,2021-11-08
C003387,Evelyn,Petty,mary07@example.org,4107514534,Female,1950-01-16,2023-06-08
C003388,Ryan,Leonard,millercesar@example.com,+1-847-752-6404,Female,1966-10-08,2022-01-30
C003389,Tiffany,Gates,riggshannah@example.com,630-566-3138,Female,1980-01-02,2022-12-29
C003390,David,Moon,ataylor@example.org,(942)880-7725,Male,1973-01-12,2022-03-22
C003391,Lisa,Davis,brandoncraig@example.com,4962789392,Male,1993-10-20,2022-04-02
C003392,Brandon,Cooper,antoniomccarthy@example.net,001-380-874-8962x2674,Male,1966-07-10,2023-03-25
C003393,Zoe,Stevens,richardpeterson@example.com,+1-327-281-4951x237,Female,1963-09-17,2023-12-28
C003394,William,Klein,longjillian@example.com,995.522.1671,Male,1979-09-06,2025-04-13
C003395,Keith,Booker,davidbaker@example.net,263.514.3711,Male,1960-06-07,2022-10-09
C003396,Daniel,Porter,tina09@example.net,693.393.9281x89948,Male,1955-02-10,2025-02-04
C003397,Mark,Garcia,garzamary@example.net,2863651111,Male,1974-04-25,2025-12-01
C003398,Denise,Rice,fergusonmichael@example.org,+1-488-799-6391x89527,Male,1941-06-07,2021-11-05
C003399,Brian,Sherman,rachel15@example.net,367-411-1788x4593,Female,1996-07-31,2022-05-28
C003400,Elizabeth,Walter,adam74@example.org,(655)596-2499x532,Female,1945-12-18,2023-11-27
C003401,Ryan,Moyer,myersamber@example.org,001-924-375-6863x112,Male,1980-07-15,2023-01-21
C003402,Christina,Phelps,hillnicole@example.net,429.465.8532x7385,Male,1958-02-21,2025-08-10
C003403,Jason,Wiley,lisanoble@example.net,001-377-434-0938,Male,1985-08-30,2024-08-08
C003404,Cameron,Welch,gutierreznicholas@example.org,(490)360-8004x07705,Male,1987-10-06,2022-11-08
C003405,Mark,Jackson,boonekevin@example.net,(845)676-4636,Female,2006-03-08,2024-06-15
C003406,Mark,Singh,waynehouston@example.net,001-697-979-0743,Female,1981-12-23,2021-10-08
C003407,Frances,Ray,mclark@example.net,715-547-0740x87584,Female,1986-04-25,2023-12-17
C003408,Timothy,Kelly,zhester@example.com,001-812-223-6671x730,Female,1976-04-15,2022-09-20
C003409,Kylie,Flores,tammy71@example.net,001-866-390-2734x371,Female,1938-01-31,2022-06-14
C003410,Stacey,Flores,zwilson@example.org,(307)938-0062x922,Male,2004-09-15,2023-11-11
C003411,James,Santana,uthomas@example.com,001-839-343-6453,Male,1957-08-05,2024-05-15
C003412,Kiara,Chaney,eric03@example.com,+1-291-514-7342,Female,1943-03-25,2025-02-03
C003413,Grace,Fletcher,wfrazier@example.net,705.706.5219x5774,Female,1989-07-19,2025-12-17
C003414,Andrew,Love,davidpacheco@example.com,001-400-970-0893x94266,Male,1947-09-23,2024-05-03
C003415,Phillip,Anderson,ypeterson@example.net,001-543-273-0316x46183,Female,1982-04-01,2023-11-30
C003416,Sean,Vincent,mary39@example.com,528-526-5554x991,Female,1982-08-22,2022-04-05
C003417,Melinda,Shields,xward@example.org,785.332.2364x3673,Female,1958-10-08,2024-12-23
C003418,Christian,Mooney,hurstdavid@example.com,+1-243-829-9235x602,Female,1976-03-05,2024-07-07
C003419,Melissa,Dillon,daniel49@example.net,+1-318-825-3727,Female,1955-05-29,2023-03-09
C003420,Willie,Tanner,taylor04@example.com,629.703.5330,Female,1956-09-05,2025-08-08
C003421,Linda,Evans,scott62@example.net,+1-907-556-9952,Male,1992-08-02,2024-08-22
C003422,Joanna,Boyd,amanda18@example.org,223-890-3041x653,Female,1980-11-14,2024-08-24
C003423,Jeremy,Medina,melissa60@example.org,999.722.2344,Male,2004-01-14,2024-08-25
C003424,Travis,Fitzpatrick,delacruztiffany@example.net,467-401-1204x1233,Female,1999-05-08,2024-12-27
C003425,James,Carr,ilopez@example.org,001-421-832-9279x292,Male,1956-12-24,2025-03-16
C003426,Jennifer,Mcgee,blankenshipronald@example.net,2753692711,Male,1980-12-01,2022-06-20
C003427,Kristy,Boyd,woodlatoya@example.com,415.452.2716,Female,1950-04-23,2024-04-29
C003428,Patricia,Baker,billy11@example.net,+1-802-271-5435x98420,Female,1995-08-28,2026-04-30
C003429,Pamela,Benson,robertsmith@example.org,001-718-766-4839x73014,Female,1963-10-02,2021-07-08
C003430,Aimee,Dalton,jknapp@example.com,+1-247-728-5876,Male,1935-12-25,2022-03-02
C003431,Christine,Wilson,kerrihayes@example.com,+1-388-791-3477x524,Female,1935-08-02,2026-04-11
C003432,Kevin,Heath,nicholas35@example.net,001-316-962-4287x636,Male,1946-11-05,2025-12-29
C003433,Andrew,Kennedy,kristinschultz@example.com,001-327-777-4799x8609,Female,2003-07-22,2022-06-28
C003434,Whitney,Patterson,jillcooper@example.com,447-805-4816,Male,1950-02-09,2022-07-17
C003435,Steven,Williams,bmorgan@example.com,883.340.1272x899,Male,2001-04-13,2025-04-22
C003436,Tammy,Miller,eduran@example.com,2528451737,Male,1989-11-04,2022-07-14
C003437,Brittany,Jones,antonioharper@example.org,354.242.5228,Male,1975-08-23,2023-04-05
C003438,Abigail,Cruz,jamesgilmore@example.org,269.537.7316x695,Male,1972-02-11,2024-10-02
C003439,Andrew,Valdez,xsanders@example.net,894-505-4948x482,Female,1953-09-05,2024-01-16
C003440,Stephen,Mathews,fmiller@example.org,386-945-1418x6247,Female,1960-02-05,2025-09-08
C003441,Amy,Coffey,johnsonadam@example.org,642.728.7133x1342,Male,2002-01-20,2022-02-23
C003442,Dakota,Adams,rodriguezjohn@example.net,4485925901,Male,1958-12-17,2024-11-27
C003443,Rebecca,Johnson,annekennedy@example.net,+1-452-994-1328,Female,1952-01-07,2022-08-28
C003444,Caroline,Petty,taylorrodriguez@example.org,357-633-2821,Female,1959-03-17,2023-12-30
C003445,Leah,Flynn,amanda34@example.org,001-299-897-3213x558,Female,1966-03-27,2023-04-30
C003446,Jessica,Glenn,sara09@example.org,421.561.1524,Female,1984-07-24,2026-02-19
C003447,Katherine,Johnson,sandovalcaroline@example.org,(976)381-5312x900,Female,1978-05-19,2024-10-29
C003448,Alexandra,Lopez,bryan41@example.net,285.213.2391x59398,Male,1958-07-20,2026-03-04
C003449,Richard,Patrick,derekbell@example.com,001-883-490-2850x285,Female,1973-05-12,2024-05-16
C003450,Chad,Abbott,cookjacqueline@example.org,001-481-318-6459,Female,2008-06-29,2025-02-06
C003451,Philip,Erickson,kirksummer@example.org,220-791-3745,Male,1998-04-22,2022-05-01
C003452,Martha,Brooks,samantha12@example.org,(696)385-8407x5700,Female,1985-06-28,2025-09-18
C003453,Reginald,Walker,stewartcharles@example.org,492.784.0516,Male,2004-02-21,2024-07-22
C003454,Amy,Peterson,michaelwalker@example.net,855.977.5841x3907,Male,1941-01-20,2026-02-02
C003455,Eric,Carlson,ydavis@example.net,001-369-570-1689x879,Male,1946-01-30,2025-03-18
C003456,Robert,Fritz,mary03@example.org,570.763.3059x93585,Male,1990-06-26,2021-10-30
C003457,Lauren,Thompson,ana75@example.org,001-422-947-3905x34144,Male,1951-07-25,2026-01-01
C003458,Elizabeth,Sanchez,schroedersarah@example.org,276-511-1915,Male,1953-04-23,2025-11-11
C003459,Travis,Hurst,chernandez@example.org,(495)548-1155,Female,1982-05-24,2022-06-12
C003460,Alexandra,Craig,fernandezmaria@example.com,680.783.3099x211,Female,1992-08-26,2025-10-31
C003461,Daniel,Ward,ismith@example.com,+1-846-381-5315,Female,1937-03-23,2022-09-18
C003462,Sarah,Wade,uyoung@example.net,470.336.8197x5834,Male,1976-06-17,2026-01-12
C003463,Vanessa,Martinez,nicole86@example.net,609.525.6033x754,Male,1963-03-17,2026-02-22
C003464,Arthur,Torres,ybryant@example.com,(203)821-2797x8976,Male,1988-08-12,2022-04-11
C003465,Melissa,Hubbard,wnguyen@example.net,572.364.3060x59010,Female,1956-08-12,2023-08-06
C003466,Christine,Jones,flemingdavid@example.com,2056831238,Male,1943-06-26,2022-09-18
C003467,Andrea,Adams,mcampbell@example.com,681.387.8053x2253,Male,1954-08-19,2024-01-28
C003468,Cody,Nelson,eellis@example.org,557-493-8606x94809,Male,1982-09-11,2022-03-21
C003469,Leslie,Torres,ymcclure@example.net,438.247.4043x917,Female,2006-11-26,2024-04-19
C003470,Raymond,Richardson,ijohnson@example.com,738.554.4066x359,Female,1995-07-28,2024-11-13
C003471,Juan,Martinez,richardskelli@example.com,+1-365-835-4175x51414,Female,1967-10-30,2026-02-06
C003472,George,Prince,matthewkelly@example.net,001-855-562-8575x7320,Male,1993-03-20,2023-02-02
C003473,Joshua,Hoffman,csanchez@example.org,445.570.3865,Male,1947-07-28,2023-10-24
C003474,Aaron,Ryan,ebowen@example.com,001-404-469-0839x521,Male,2003-10-04,2023-04-20
C003475,Rachel,Abbott,gregory85@example.com,001-422-901-7962,Male,1975-03-23,2025-08-10
C003476,Judy,Nguyen,churchstephanie@example.net,(830)650-9032,Female,1948-11-05,2021-12-03
C003477,Heather,Murphy,jacobwilson@example.net,001-421-764-0121,Female,1974-06-22,2025-02-18
C003478,Kimberly,Terry,xcarpenter@example.org,(363)818-0395,Female,1961-07-29,2026-04-13
C003479,Erin,Gray,czamora@example.org,498.871.0412x62725,Female,1981-09-25,2023-12-28
C003480,Dave,Lam,brandon28@example.net,592-500-9802,Female,2003-09-06,2021-07-14
C003481,Angela,Butler,zcabrera@example.com,2467692863,Female,1939-02-07,2023-01-29
C003482,Nancy,Moody,evanlivingston@example.com,206-486-1369x0812,Female,1953-05-21,2024-05-21
C003483,Michelle,Johnson,dennisdaniel@example.net,+1-806-841-1532x7169,Male,2000-09-22,2024-06-02
C003484,Dawn,Pace,peter26@example.net,838-522-6126,Male,1992-11-13,2024-06-17
C003485,Christopher,Preston,troyscott@example.org,(864)460-1555x240,Female,2002-06-22,2025-09-30
C003486,Kayla,Foster,whiteheadsue@example.com,682-324-8093,Female,2007-12-07,2026-04-25
C003487,Julie,Clark,lisa40@example.com,238.742.6777x9189,Male,2002-01-06,2023-07-02
C003488,Abigail,Brown,crystalbanks@example.com,9247441085,Male,1998-03-21,2024-02-06
C003489,Jorge,Peters,christopher67@example.org,+1-635-695-4718,Female,2002-01-20,2022-10-02
C003490,Cathy,Robertson,deborahsimmons@example.com,709.887.7375x96850,Female,1990-07-23,2024-08-17
C003491,Sheila,Graham,bethanywright@example.net,886-684-5765x531,Female,1994-05-27,2023-07-19
C003492,Michael,Cook,stephaniethompson@example.net,+1-588-964-3448x832,Male,1993-02-07,2022-05-15
C003493,Pamela,Ortiz,renee68@example.net,(770)427-4316,Male,2007-09-01,2021-10-29
C003494,Melinda,Wong,daviscassandra@example.com,493-341-7588x192,Male,2006-04-06,2025-03-01
C003495,Richard,Lamb,laurenbender@example.com,001-838-648-7277x613,Female,1984-07-08,2023-03-28
C003496,Sonya,Williams,kimberlyholt@example.com,570.250.3668x251,Female,1992-04-24,2026-04-27
C003497,Andrea,Owens,briannaphillips@example.org,+1-864-406-7700,Male,2000-01-29,2022-02-04
C003498,Jaime,Martinez,barry88@example.net,988.200.9325x2490,Male,1997-07-11,2023-05-30
C003499,Kristina,Foley,samanthayoung@example.net,(283)568-6501x690,Female,2007-06-13,2026-06-16
C003500,Kelly,Anderson,christianjones@example.com,8647448960,Female,1979-12-30,2026-03-19
C003501,Helen,Wells,chasevincent@example.org,001-967-478-0798x709,Female,1990-02-07,2024-10-03
C003502,Katelyn,Schwartz,tcollins@example.net,430.417.0488x711,Female,1948-02-25,2023-06-16
C003503,Jennifer,Meadows,tiffany64@example.com,+1-552-470-3311x0767,Male,1952-05-14,2025-09-03
C003504,Ashley,Johnson,paigeward@example.com,7539496622,Male,1967-01-31,2023-06-09
C003505,Dawn,Church,kayla16@example.com,001-882-309-8181x864,Male,1963-10-10,2023-10-13
C003506,Daniel,Wolfe,nicole50@example.org,+1-617-204-7283x4366,Male,2002-07-02,2022-04-07
C003507,Sarah,Nunez,joshuabrown@example.org,835.732.8424,Female,1976-05-23,2023-10-19
C003508,Kevin,Ward,ncox@example.org,268.957.3786x499,Male,1993-08-11,2025-01-17
C003509,Sarah,Pugh,pdavis@example.org,001-536-380-4074x54364,Male,1951-07-09,2022-06-19
C003510,Jessica,Thomas,mpatrick@example.com,690-598-9103,Male,2002-07-07,2024-04-23
C003511,Tracy,Miller,heatherreyes@example.com,296.371.8203x38851,Female,1950-02-09,2022-08-31
C003512,Jesse,Franklin,donna17@example.org,(438)556-5002x4885,Male,1944-10-28,2021-08-01
C003513,Whitney,Jenkins,robinsonlisa@example.org,001-634-325-2215,Male,1978-06-01,2023-02-10
C003514,Mark,Ramirez,lmckenzie@example.net,395-229-0776x7647,Male,1937-06-08,2025-10-01
C003515,Brandon,Jacobs,sphelps@example.net,664.452.0167x79486,Male,1978-03-04,2024-09-03
C003516,Paul,Orozco,jenniferlara@example.com,(433)996-1637x5891,Female,1956-01-27,2021-09-04
C003517,John,Moon,graylatasha@example.net,(685)259-4413x06237,Male,1960-09-04,2023-03-14
C003518,Dylan,Rodriguez,johnbryant@example.net,232.823.8344x50404,Male,1959-11-01,2025-07-08
C003519,Daniel,Goodman,petergrant@example.net,892-816-8787x495,Female,1971-02-21,2021-09-27
C003520,Catherine,Ramirez,jimenezcynthia@example.com,(499)393-9143x7446,Female,1974-09-14,2025-04-23
C003521,Amy,Walters,rosemichael@example.net,524-939-5329,Male,1977-02-26,2024-02-22
C003522,Jennifer,Sandoval,allen08@example.com,400-683-0359,Female,1952-09-04,2024-08-29
C003523,David,Carter,iyoung@example.com,200-513-3673x8136,Male,1960-06-02,2023-09-25
C003524,Michelle,Lewis,wilsondavid@example.net,+1-367-287-6617x1093,Female,1955-01-16,2025-07-05
C003525,Courtney,Jackson,anitacarter@example.com,9814110302,Female,1936-11-24,2022-08-31
C003526,Joshua,King,hansensarah@example.org,709-761-4379,Male,1946-03-19,2026-03-06
C003527,Monica,Macdonald,teresa18@example.com,(949)641-3504x084,Male,1979-03-26,2024-01-15
C003528,Christopher,Mayo,waltonbryan@example.net,945-452-8571,Female,1974-07-06,2022-09-14
C003529,Lynn,Green,joshua24@example.com,283-334-4859,Female,1988-11-28,2024-08-27
C003530,Bradley,Stone,ifoster@example.com,+1-431-851-6628x9723,Female,1948-08-23,2021-11-10
C003531,Jessica,Sullivan,katherinenoble@example.com,745-907-3079,Female,1993-10-21,2023-09-25
C003532,Robert,Herrera,lori86@example.org,(214)995-0305,Female,1990-03-05,2021-08-01
C003533,Julie,Holmes,darrell79@example.com,512-731-1044x437,Female,1988-02-21,2024-06-03
C003534,Cole,Simon,angela37@example.org,(496)938-6009x3576,Male,1937-08-14,2023-02-16
C003535,Heather,Watson,bassmargaret@example.com,387.615.5149x024,Male,1937-03-25,2026-01-15
C003536,Megan,Duncan,hernandezlisa@example.com,755-219-3655x46685,Male,1964-05-03,2026-03-19
C003537,Cynthia,Miller,henrypamela@example.net,001-413-780-6369x2303,Female,2006-04-02,2025-05-02
C003538,Troy,Lynch,fpatton@example.com,+1-307-625-0921x366,Female,1987-04-19,2024-06-23
C003539,Jonathan,Duffy,kathy53@example.org,(536)369-3714x231,Female,1974-11-19,2025-11-17
C003540,Richard,Hoover,anthony70@example.net,001-468-508-7028x0620,Female,1953-05-21,2026-06-07
C003541,Glenda,Thomas,thomasthornton@example.org,(755)319-8336,Female,1952-11-19,2024-01-10
C003542,Denise,Moon,markvargas@example.net,001-365-608-4519,Female,1969-12-12,2023-01-21
C003543,Jose,Holmes,chad40@example.org,001-986-921-2815x53282,Male,1995-12-29,2022-04-24
C003544,Sherri,Evans,jonesamanda@example.org,7104189862,Female,1949-07-12,2024-05-18
C003545,Thomas,Farmer,christopherdean@example.com,(244)450-6711x93738,Male,1959-05-04,2025-08-11
C003546,Paul,Salinas,cody35@example.com,001-518-250-5753x1994,Male,1989-02-07,2022-05-22
C003547,Scott,Mckenzie,walshblake@example.com,286.570.3022x3046,Male,2000-05-02,2025-05-28
C003548,Melinda,Wolfe,elizabethbaker@example.net,001-754-366-9189x10538,Female,1945-04-04,2025-12-19
C003549,Kari,Davila,daniel60@example.net,001-334-397-1419x9612,Male,1943-01-07,2025-12-09
C003550,Elizabeth,Shaw,bentleynicholas@example.net,(660)822-4447,Female,1961-05-27,2023-11-14
C003551,Russell,Duncan,austin65@example.net,(457)620-5597x62037,Male,1992-12-02,2021-09-29
C003552,Craig,Smith,vrivera@example.com,+1-517-460-9078x1221,Female,1997-03-05,2024-03-18
C003553,John,Higgins,zperez@example.com,+1-727-223-4851x7910,Female,1963-06-28,2026-05-08
C003554,John,Hudson,dustinjohnson@example.org,(270)509-0504,Male,1965-09-14,2023-09-08
C003555,Gabriel,Bailey,williamsrebecca@example.com,+1-309-806-0389x07945,Male,1955-05-12,2021-10-02
C003556,Brett,Wilson,charles31@example.com,+1-703-318-7021x2116,Female,2001-11-18,2022-07-21
C003557,Roy,Goodwin,zanderson@example.org,573-259-6963x63357,Male,1975-05-26,2022-04-06
C003558,Aaron,Henry,aaronreyes@example.com,507-944-6423x3528,Female,1950-09-17,2025-01-15
C003559,Lindsay,Martin,emalone@example.net,781.570.7327x13745,Male,1974-12-05,2021-12-09
C003560,Craig,Hernandez,aaron77@example.com,(600)633-1081,Male,1937-10-08,2026-01-03
C003561,Gregory,Frank,mkirk@example.org,+1-948-738-5407,Male,1971-08-17,2026-01-02
C003562,Sarah,Bautista,careymatthew@example.org,001-502-512-2474x116,Male,1941-03-14,2024-01-14
C003563,Peter,Byrd,wanda36@example.net,001-208-470-6642x57314,Male,1975-10-16,2026-01-02
C003564,Denise,Brown,xflores@example.net,+1-862-981-8672x845,Female,1962-11-06,2023-03-17
C003565,Leon,Mcguire,avilalynn@example.org,9224053007,Female,1947-11-18,2022-05-27
C003566,Erin,Paul,jason17@example.org,3639587930,Female,1977-07-17,2024-03-03
C003567,Dan,Perez,jillchapman@example.net,+1-714-355-9562x547,Female,2004-11-12,2025-04-05
C003568,Wesley,Hansen,tammy83@example.org,(826)610-5822x36324,Male,1972-08-22,2025-09-11
C003569,Tiffany,Martin,garcialaura@example.org,3154036338,Female,1961-08-05,2024-02-03
C003570,Alexander,Schwartz,staceyprice@example.net,(929)915-0729x676,Male,1951-07-10,2022-10-07
C003571,Erica,Carlson,chris28@example.org,(584)599-5424x7216,Female,1956-10-04,2025-04-03
C003572,Kristi,Fuller,matthew26@example.net,735.723.0792x64760,Male,1967-07-14,2023-08-16
C003573,Holly,Phillips,bmccarty@example.org,316.211.1955,Female,1988-06-13,2025-08-30
C003574,Amber,Obrien,davidsonkristen@example.net,258.965.3926x08338,Female,1945-06-28,2021-11-14
C003575,Yolanda,Sanchez,maykirsten@example.org,001-607-287-4049,Female,1945-05-01,2026-06-20
C003576,David,Davis,lindawoodard@example.net,(766)267-1473x032,Male,1952-06-24,2024-12-13
C003577,Jessica,Long,currysamantha@example.org,897-348-3816x38407,Female,2001-06-20,2026-04-11
C003578,Audrey,Guzman,kimberlyguerra@example.com,275.746.1290x6553,Female,1990-05-10,2025-12-12
C003579,Victor,Mccormick,renee50@example.org,932-844-7132x3265,Male,1946-12-13,2022-04-27
C003580,Michael,Marshall,marroyo@example.org,322.752.5888x9475,Female,1960-08-26,2025-11-21
C003581,Melissa,Evans,ucowan@example.org,(715)759-8381,Male,1979-03-07,2026-06-08
C003582,Courtney,Harrison,snunez@example.net,+1-978-947-1484x3901,Female,1962-02-02,2022-12-29
C003583,Brittany,Garcia,morganthomas@example.org,241-931-3657,Female,1970-09-09,2021-11-06
C003584,Kevin,Perkins,halekimberly@example.com,+1-770-297-8069,Male,1956-03-14,2024-07-26
C003585,James,Hubbard,livingstoneduardo@example.com,(873)680-4681x721,Female,1960-01-26,2021-08-14
C003586,Kyle,Henderson,vmaldonado@example.net,+1-377-912-3241x161,Female,1953-11-24,2025-04-03
C003587,Andrea,Wagner,ifisher@example.net,782.596.6699x97811,Female,1993-11-15,2022-03-10
C003588,Eric,Porter,erik95@example.org,988.325.1598,Female,1953-07-13,2026-02-25
C003589,Kevin,Gomez,jonesjoseph@example.org,(969)425-2342x652,Male,1940-12-12,2024-12-30
C003590,Leslie,Jones,wstephens@example.com,001-715-716-6165x855,Female,2001-06-25,2021-08-27
C003591,Russell,Martinez,fmiller@example.com,394.771.8594x265,Male,1973-01-30,2023-10-22
C003592,John,Yoder,wellsjessica@example.com,265.246.5931x813,Female,1974-08-13,2023-12-25
C003593,William,Robinson,sarah68@example.com,794.272.1245,Female,1985-10-22,2023-11-12
C003594,William,Murray,stacyjohnson@example.org,4865737273,Male,2001-12-22,2023-05-18
C003595,Stephanie,Gutierrez,melissahernandez@example.net,+1-623-274-1810,Female,1982-01-08,2024-07-13
C003596,Nicholas,Moore,jason23@example.com,001-919-851-1972x0177,Female,1937-12-06,2021-09-21
C003597,Cheryl,White,brandonandersen@example.org,001-542-799-1108x853,Female,1946-05-26,2023-03-28
C003598,David,Hardin,travis40@example.org,(507)913-1729x38872,Female,1991-10-08,2026-02-21
C003599,Mark,Whitehead,sporter@example.org,652-628-4328x6957,Male,1951-05-08,2025-04-06
C003600,David,Wright,lisasingh@example.net,900.876.4700x2732,Female,1975-05-25,2023-01-27
C003601,Rebecca,Hines,gardnerkaitlyn@example.net,001-641-438-1816x822,Female,1989-04-03,2023-07-06
C003602,Eric,Edwards,debramiranda@example.net,(904)504-9150x93347,Male,1937-10-16,2024-10-21
C003603,Brandy,Jenkins,michaelfischer@example.com,001-636-346-7291x383,Male,1969-12-30,2021-08-11
C003604,Randy,Moore,fhowell@example.org,812.939.5683x14759,Male,1982-09-13,2022-06-07
C003605,Kristi,Fuentes,elarson@example.com,001-612-537-4950x33849,Female,1970-12-07,2023-09-19
C003606,Sally,Thomas,joyce04@example.com,+1-977-777-8166x358,Male,1950-03-20,2022-05-27
C003607,Jose,Collins,belldiana@example.org,353.509.5997x2400,Female,1938-09-30,2023-11-09
C003608,Russell,Lee,omorris@example.net,904.578.6201,Female,1938-01-30,2021-12-16
C003609,Kyle,Horton,martinrobert@example.net,714.309.0972x1915,Male,1936-02-05,2024-10-11
C003610,Tiffany,Moreno,ahanson@example.net,456.802.8311,Male,1984-04-13,2025-09-24
C003611,Joseph,Williams,allenchristopher@example.com,687-880-7276,Female,1986-04-09,2026-06-23
C003612,Paul,Sanford,mgarcia@example.com,001-776-878-4069x261,Male,1959-05-13,2022-11-15
C003613,Jeffrey,Gallagher,jeremymcdonald@example.net,3019852061,Female,1958-04-17,2024-09-14
C003614,Christopher,Nelson,benglish@example.org,279.638.8419x69149,Male,1961-12-01,2024-12-20
C003615,Kimberly,Anderson,vcannon@example.com,001-266-653-8809x94518,Male,1964-10-26,2023-08-29
C003616,Kyle,Griffin,rodgersvincent@example.org,+1-261-382-8362x45175,Male,1962-06-16,2025-06-26
C003617,Timothy,Gonzalez,mdavis@example.org,(866)574-3901,Female,1948-02-01,2026-05-31
C003618,Alexis,Baker,yfuentes@example.net,(570)753-6739x342,Female,1985-05-04,2025-06-20
C003619,Michelle,Keller,anna23@example.org,3379657767,Male,1976-09-18,2025-03-13
C003620,Belinda,Lloyd,martinezdaniel@example.com,001-445-296-2760x8534,Female,1985-04-09,2025-11-12
C003621,Bianca,Baker,ijennings@example.com,(414)497-9318,Male,1940-02-04,2024-03-28
C003622,Daniel,Delgado,erica81@example.org,675.547.1123x610,Female,1936-07-29,2024-09-24
C003623,Greg,Rivera,acobb@example.com,+1-810-972-9735,Female,1945-12-14,2023-04-05
C003624,William,Sims,samanthakennedy@example.com,+1-250-675-6457x1544,Male,1967-11-29,2024-12-14
C003625,Matthew,Jackson,vortiz@example.org,(631)754-8873x3801,Female,1959-01-04,2021-11-04
C003626,Michael,Chavez,daniel87@example.org,+1-613-793-7269x000,Male,1963-11-24,2023-08-24
C003627,Brian,Jones,ydavis@example.net,001-337-390-8560x931,Male,2005-12-25,2025-10-06
C003628,Matthew,Hernandez,gabriel98@example.net,651-924-8752,Male,1936-05-24,2024-05-30
C003629,Max,Harrington,mgrant@example.org,(632)362-3813x3413,Female,1959-06-13,2022-02-06
C003630,April,Allison,alishacooley@example.net,647.604.7996x772,Male,1976-02-23,2024-08-11
C003631,Rebecca,Bradley,wvasquez@example.com,(632)888-5028x5362,Male,1997-03-24,2025-01-17
C003632,Brian,Ferguson,ehowe@example.com,001-635-973-8455,Male,1970-03-12,2023-02-09
C003633,Cathy,Serrano,umiranda@example.org,202-708-3170x723,Male,1997-08-11,2023-01-03
C003634,Cheryl,Johnston,murphychristine@example.org,901-321-5249x2604,Female,1937-03-29,2023-02-05
C003635,Keith,Harvey,vincent68@example.org,660-813-3428,Male,2005-05-10,2023-12-23
C003636,Anthony,Ballard,yvettethompson@example.net,(771)684-2131x740,Male,2006-06-18,2024-03-23
C003637,Patrick,Thompson,scott06@example.com,+1-358-928-9000x0425,Male,2005-05-05,2025-02-03
C003638,Lisa,Wood,nosborne@example.org,565.520.8012x054,Male,1987-05-17,2024-10-15
C003639,Shawn,Atkins,kjackson@example.net,001-991-322-4690x197,Male,1954-10-31,2024-01-27
C003640,Jeremiah,Crosby,ibrown@example.net,(370)478-8720,Female,1954-03-26,2025-06-03
C003641,Joshua,Kelly,nhodges@example.net,(318)278-8001,Female,2000-10-09,2023-07-15
C003642,Adam,Barton,fhudson@example.net,001-716-660-1160x10109,Female,1993-02-07,2024-06-26
C003643,Kevin,Wood,michael44@example.org,633.435.0552x28889,Female,1992-08-17,2025-07-04
C003644,Misty,Stevens,dawsonelizabeth@example.net,(489)257-8579,Female,1977-02-14,2023-10-06
C003645,Mia,Hull,kristinaayala@example.net,001-251-312-7125x07003,Female,1940-08-09,2024-04-01
C003646,Jimmy,Frost,newmanalan@example.net,+1-492-350-6912x351,Male,1950-04-14,2022-03-29
C003647,Jane,Simpson,omorgan@example.org,735.645.5021,Female,1988-07-14,2022-12-27
C003648,Tina,Hale,xbryan@example.org,(307)736-9609x564,Female,1971-11-05,2025-08-02
C003649,Brittany,Freeman,troy42@example.org,266-359-4923x36965,Male,1958-09-05,2025-04-08
C003650,Kayla,Lambert,natalie66@example.com,765-410-4999x9125,Female,1971-11-12,2024-11-19
C003651,Stephanie,Mccormick,kathryngonzales@example.org,354-785-2326,Female,1956-05-02,2024-03-16
C003652,Andrea,Williams,dhicks@example.com,+1-353-814-5100x4655,Male,1952-01-10,2026-01-05
C003653,Stephanie,Gutierrez,fernandeztony@example.org,282-486-4651,Female,1952-07-31,2024-12-23
C003654,Michael,Flowers,sharon86@example.net,955.511.4737x744,Male,1983-07-04,2021-10-12
C003655,David,Avila,ambersaunders@example.net,(213)681-0711,Male,1997-05-12,2024-11-04
C003656,Jessica,Vega,robertstara@example.net,488.223.4301x604,Male,2006-10-21,2023-01-11
C003657,Joshua,Perry,treyes@example.com,+1-834-590-1589x63050,Female,1947-07-08,2025-02-12
C003658,Amanda,Andrews,xchen@example.org,001-856-544-9432,Male,1959-05-09,2022-10-22
C003659,Dustin,Alexander,jacobsontroy@example.net,+1-239-725-5374x44447,Female,1984-06-29,2023-05-06
C003660,Gregory,Martinez,kaitlyn83@example.org,691.737.1916x25473,Female,1954-04-05,2023-12-11
C003661,Ashley,Bailey,ugilbert@example.com,(959)354-5652,Female,1964-07-11,2024-03-03
C003662,Jennifer,Hancock,uramirez@example.org,(880)387-3961x0580,Female,1984-06-18,2021-12-31
C003663,Richard,Gamble,karensimmons@example.net,490.649.6276x396,Male,1946-07-14,2021-11-29
C003664,Sarah,Wall,ryanfields@example.org,345.719.4946,Female,1970-07-30,2023-01-30
C003665,Miranda,Roy,stantonrichard@example.com,+1-231-219-2413x56911,Female,1992-11-09,2026-02-15
C003666,Ian,Howard,kcortez@example.com,+1-344-780-2587x269,Male,1978-06-26,2023-01-06
C003667,Scott,Holder,jkelly@example.org,381-811-2779x44634,Male,1985-12-24,2021-11-08
C003668,Linda,Hernandez,daviselizabeth@example.org,+1-418-371-6650x63664,Male,1969-01-26,2024-04-27
C003669,Lisa,Moore,mitchellangela@example.com,324-527-2321x824,Male,1980-05-20,2022-11-18
C003670,Misty,Whitehead,jacobcurtis@example.net,+1-406-858-0527x4472,Female,1965-09-06,2023-11-18
C003671,Judith,Taylor,ffoster@example.org,001-919-765-9139x085,Male,1943-12-08,2024-02-24
C003672,Ronald,Fitzpatrick,espinozalisa@example.com,(591)534-9612,Female,1967-06-12,2025-10-03
C003673,Sarah,Smith,gregory55@example.org,001-721-251-7331x30845,Female,1986-01-01,2022-11-27
C003674,Jeremy,Wallace,angelawilliams@example.com,+1-279-894-8843x06119,Male,1982-07-03,2026-02-15
C003675,Shannon,Cain,elizabeth96@example.com,001-489-429-5662x71415,Male,2007-12-11,2023-09-26
C003676,Heather,Yates,cweaver@example.net,780-448-2183x94648,Male,1965-01-26,2024-08-08
C003677,Samuel,King,robertsrichard@example.com,488-603-2256x84346,Male,1991-09-28,2025-11-03
C003678,Gwendolyn,Obrien,wjohnson@example.net,+1-565-742-6610x9412,Female,2004-06-05,2022-06-01
C003679,Johnathan,Johnson,troywilson@example.org,001-560-872-9556x3962,Male,1987-06-11,2024-04-30
C003680,Michael,Morse,cookefernando@example.org,982-435-9690x3193,Female,1956-07-17,2026-03-30
C003681,William,Lawrence,tracy40@example.net,(608)719-8586x764,Male,1942-01-03,2024-05-31
C003682,Michael,Sullivan,thomasschultz@example.com,+1-362-323-3007x7004,Female,1986-09-29,2026-06-20
C003683,John,Price,sarah30@example.com,251.474.2545,Male,1941-09-10,2021-11-08
C003684,Daniel,Sanders,joseph62@example.com,(671)814-3678,Male,1976-03-30,2026-01-23
C003685,Curtis,Blackwell,nicholas74@example.com,692.909.3943,Female,1978-11-08,2023-12-14
C003686,Alyssa,Mcdonald,toddbrown@example.com,496.473.9211x5271,Female,1972-01-12,2023-09-09
C003687,Monique,Rogers,amcguire@example.org,814-916-2747x309,Female,1960-12-04,2022-04-24
C003688,Susan,Thompson,briankim@example.com,001-794-295-7413,Male,1975-05-28,2024-05-07
C003689,Paul,Dyer,gilbertjose@example.net,350.536.8331x287,Male,1965-11-12,2022-07-09
C003690,Amanda,Cruz,edwardswilliam@example.org,+1-223-672-7945,Female,1971-09-18,2024-03-06
C003691,Todd,Baker,zacharygates@example.com,6076584851,Male,1983-01-30,2024-07-29
C003692,Robert,Vasquez,ireed@example.com,4434073944,Female,1949-02-03,2022-06-28
C003693,Jodi,Lopez,nielsenscott@example.com,981.732.3335x9418,Female,1991-02-11,2025-08-19
C003694,Sarah,Williams,vbaker@example.net,932.456.0256,Female,1984-06-02,2024-02-07
C003695,Kimberly,Russell,deleonleslie@example.org,3106647320,Male,1968-10-03,2025-01-13
C003696,Gary,Taylor,gdavis@example.org,001-680-632-8946x221,Male,1968-06-28,2024-10-20
C003697,Greg,Castillo,manuel20@example.net,001-445-284-9473x260,Male,1953-07-12,2022-05-12
C003698,Tyler,Lee,guzmankatrina@example.org,001-653-795-3267,Male,1994-10-30,2024-02-08
C003699,Gregory,Adams,diana60@example.org,001-675-944-0262x39892,Female,2002-01-12,2023-09-12
C003700,Allison,Ferguson,bfoster@example.org,(685)953-4732x4903,Female,1937-03-28,2026-06-03
C003701,Patrick,Rice,cwright@example.org,701.433.2606,Male,1948-05-31,2025-09-03
C003702,Maria,Mcdaniel,paulalindsey@example.net,001-924-891-2263x04867,Male,1961-03-27,2025-06-19
C003703,Thomas,Barrera,allenjohn@example.net,+1-928-937-7719x903,Female,2000-12-11,2024-09-15
C003704,Oscar,Underwood,tkane@example.net,(723)437-1797x11725,Male,1975-10-25,2022-01-15
C003705,Jonathan,Phillips,ystewart@example.org,001-339-545-8218,Male,1952-01-25,2024-09-16
C003706,Julie,Lambert,thomastheresa@example.com,(689)737-6411x09881,Female,1948-11-03,2023-02-10
C003707,Peter,Lopez,wilsonjoanna@example.net,350.492.4016x3997,Female,2003-08-25,2024-12-11
C003708,Matthew,Murillo,whitejames@example.org,(988)300-7278,Female,1959-11-02,2023-03-27
C003709,William,Kelly,richardsimmons@example.org,987-913-5367x44748,Male,1941-08-24,2026-02-12
C003710,Juan,Martinez,kenneth56@example.net,+1-907-537-1211,Male,1958-06-17,2023-02-03
C003711,Mark,Tyler,jonathan73@example.net,327.999.3081,Female,1975-11-08,2023-10-26
C003712,Patrick,Henson,michelle32@example.com,+1-281-430-3818,Male,1972-10-10,2024-08-12
C003713,Brianna,Jenkins,edwardskevin@example.net,287-415-2822,Female,1984-04-04,2024-05-31
C003714,Courtney,Dickson,martinezkevin@example.com,4515179904,Female,1983-01-15,2022-04-02
C003715,Bailey,Little,wilsoncolleen@example.net,+1-627-285-7941,Male,1970-01-28,2024-04-16
C003716,Edwin,Hoffman,penapaul@example.org,(603)805-8004x33406,Male,1997-06-12,2025-02-20
C003717,Yvonne,Howard,hansennancy@example.net,6987037122,Male,1968-01-09,2024-06-12
C003718,Adam,Martinez,harrysmith@example.org,(712)350-7451x00534,Male,1991-12-13,2021-10-19
C003719,Laura,Simmons,matthewaguirre@example.net,3629983919,Female,1978-01-21,2026-04-19
C003720,Candice,Snyder,phillipshenry@example.com,285-869-2099x506,Male,2007-10-13,2022-08-31
C003721,Amanda,Brown,garciadean@example.net,001-880-981-6282x5440,Female,1992-10-22,2021-09-15
C003722,Lisa,Dorsey,david34@example.net,302.967.0300x76418,Male,1964-04-14,2025-02-03
C003723,Heather,Mason,carmen17@example.net,899.502.3047x4098,Female,1940-10-24,2021-11-05
C003724,Sheila,Reed,juan70@example.com,(363)227-9580x2983,Female,1976-07-11,2025-11-12
C003725,Scott,Williams,jonathanjenkins@example.net,926.848.2281,Female,1993-05-13,2024-12-28
C003726,Craig,Mccarty,grayjennifer@example.com,001-719-210-4482x1921,Female,1961-02-19,2023-11-30
C003727,Michelle,Watkins,gwilson@example.net,(639)672-9003,Male,1983-12-22,2021-09-01
C003728,Robert,Arellano,jenny06@example.com,427.244.9346x7235,Male,1950-07-02,2021-09-18
C003729,Sarah,Moreno,stewartmckenzie@example.com,752-439-7951x6499,Female,1948-12-20,2026-01-18
C003730,Steven,Robertson,hector05@example.org,001-856-745-5462x405,Male,1975-07-31,2022-05-27
C003731,Meredith,Singleton,rhondadowns@example.net,+1-389-798-2664x94705,Female,1967-08-07,2025-10-28
C003732,Theresa,Henry,joseph23@example.com,(249)459-5534,Male,1967-10-24,2023-04-03
C003733,Carlos,Wright,bentleybenjamin@example.com,726-772-3165x3427,Female,1938-01-27,2026-06-19
C003734,Mark,Reese,robert30@example.net,991-803-3191,Female,1954-01-04,2022-08-19
C003735,Samuel,Jimenez,kari77@example.net,001-584-684-2095x596,Female,2003-05-30,2024-10-10
C003736,John,Rodriguez,nelsonriley@example.org,728.595.9734,Male,2003-08-24,2025-01-11
C003737,Susan,Thompson,ocarson@example.com,(819)675-9113,Female,1959-07-30,2023-03-06
C003738,Melvin,Reed,smithanna@example.com,902.613.7965x5271,Female,1961-12-05,2025-02-23
C003739,Glenn,Jones,jamesbutler@example.net,988.250.1564x7523,Male,1970-05-08,2025-01-15
C003740,Thomas,Garcia,dadams@example.com,001-347-312-9823x8500,Male,1940-06-23,2022-12-17
C003741,Heidi,Williams,ejohnson@example.org,290-364-0180x829,Female,1943-12-06,2023-03-09
C003742,Lorraine,Tyler,leah09@example.com,(251)415-9969x76856,Male,1963-08-02,2022-02-16
C003743,Jeffrey,Allison,brian22@example.com,+1-916-699-1430x620,Female,1949-05-14,2022-03-20
C003744,Kelly,Collins,alexandraroberts@example.org,001-686-610-2946,Female,1977-12-07,2024-04-11
C003745,Sarah,Robertson,walterritter@example.net,434-269-2253x2628,Male,1994-12-01,2022-09-15
C003746,Rachel,Jones,travishill@example.com,(895)223-0429x246,Female,1997-04-22,2024-01-05
C003747,Erin,Lopez,zlogan@example.net,+1-696-877-9457x9085,Male,1979-05-27,2024-03-12
C003748,Robert,Peterson,whitebrittany@example.net,001-710-519-8994,Female,1989-11-08,2023-04-01
C003749,David,Morgan,kelly90@example.net,453-702-0050,Female,1967-12-14,2023-08-13
C003750,John,Hall,scottholmes@example.com,234-538-2063x92685,Female,1947-11-13,2023-11-10
C003751,Timothy,Weeks,sarahpearson@example.com,001-231-587-2519,Female,1960-05-16,2022-07-12
C003752,Michael,Cross,tina78@example.com,387.375.7397x70086,Female,1975-08-08,2024-07-16
C003753,Douglas,Brandt,dianevillarreal@example.com,(404)600-7840x249,Female,1943-12-27,2025-06-22
C003754,Robert,Torres,pleblanc@example.com,(809)754-6847x81245,Male,1974-11-07,2022-03-17
C003755,Jeanne,Nelson,znielsen@example.com,(588)262-2775x0923,Male,1992-09-21,2023-05-13
C003756,Brandy,Taylor,reeddavid@example.com,9769103904,Male,1997-09-11,2026-05-01
C003757,Stephanie,Brown,davisjessica@example.com,286-925-5020x6429,Female,1964-01-16,2022-02-25
C003758,Carla,Vargas,thomasbaker@example.org,746.345.0735x4832,Male,1969-05-12,2023-01-19
C003759,Sarah,Johnson,paul20@example.net,(617)462-7399x91737,Female,1956-11-21,2022-05-21
C003760,Edward,Johnson,zamoramatthew@example.net,376-340-3580x838,Female,1981-12-28,2025-09-19
C003761,Michael,Cunningham,krystalbuckley@example.org,001-242-467-2244x318,Female,1970-10-07,2024-06-13
C003762,Michael,Clark,brittney22@example.net,+1-955-857-2070x51424,Male,1966-10-29,2025-04-23
C003763,Michael,Thomas,sandovalchristine@example.org,5926156632,Male,1990-07-07,2024-07-30
C003764,Michael,Anderson,shaunhoward@example.com,971.497.5666,Male,1997-10-19,2023-11-03
C003765,Danielle,Swanson,luis62@example.com,5127807783,Male,1966-01-10,2025-09-28
C003766,James,Wilson,debrachavez@example.com,416-658-6572x522,Female,1974-05-17,2021-10-31
C003767,Christopher,Frye,wkennedy@example.com,790-477-7278x832,Male,2001-06-28,2025-10-08
C003768,Caitlin,Blackwell,urichards@example.net,001-597-549-1964,Male,1985-03-16,2026-06-06
C003769,Amber,Fitzpatrick,wisematthew@example.com,902-766-2528,Female,1998-03-30,2021-12-07
C003770,Jessica,Holmes,asilva@example.org,977.765.0387x64431,Male,1946-07-27,2024-10-06
C003771,Jennifer,Boyd,asharp@example.net,339-515-2965x172,Female,1976-07-03,2022-12-29
C003772,David,Beck,floresjason@example.com,234.749.6131x6991,Female,1978-12-15,2022-07-12
C003773,Timothy,Gonzalez,welchbrenda@example.com,+1-596-898-8743x1502,Male,2008-01-23,2024-10-05
C003774,Rebecca,Martinez,justincannon@example.org,5663584638,Male,1935-08-22,2023-08-29
C003775,Victoria,Smith,lewisjessica@example.org,+1-327-767-9328x29327,Female,1961-03-09,2022-09-19
C003776,Ryan,Ford,jordanbrianna@example.net,(990)989-1369x4120,Female,1949-08-09,2024-03-08
C003777,Brenda,Brady,crystalknox@example.org,490.234.0171,Male,1992-01-14,2026-02-28
C003778,Melinda,Daniel,yparker@example.net,608.930.3579x08511,Female,1964-11-15,2024-06-22
C003779,Laura,Evans,lancemartinez@example.net,001-600-973-6209x3285,Male,1949-02-01,2023-12-03
C003780,Erika,Allen,millermelody@example.net,+1-448-822-5557x481,Male,1960-05-06,2022-10-09
C003781,Jane,Brown,christophereaton@example.org,+1-585-556-3881x24743,Female,1937-12-01,2022-05-16
C003782,Jeffery,Moore,terri49@example.com,+1-625-245-2133x7753,Male,1951-06-02,2026-07-03
C003783,Bruce,Ellis,ryan59@example.com,701.967.1436,Female,1966-04-29,2026-04-20
C003784,Timothy,Price,lwalker@example.com,(393)957-7470,Male,1961-07-15,2024-07-13
C003785,Latoya,Poole,nathancook@example.com,(720)317-0392,Male,1951-02-26,2025-08-23
C003786,Jesus,Stevens,christina07@example.com,368.241.4498x5919,Male,2000-02-18,2024-01-16
C003787,Bruce,Gonzales,kenneth33@example.org,646.385.2555x500,Male,1975-07-13,2023-08-09
C003788,Sandra,Davis,gscott@example.com,001-395-329-6183x96202,Female,1975-05-24,2025-03-25
C003789,Tara,Jones,michaelhernandez@example.net,836-233-1208,Female,1962-12-21,2024-05-16
C003790,Kelly,Elliott,lesliepatterson@example.com,928-860-9132x91261,Male,1951-11-20,2025-11-21
C003791,Catherine,Huffman,deannarobertson@example.org,+1-462-365-8009x861,Female,1948-05-02,2025-10-04
C003792,Terri,Chavez,rogersanita@example.org,+1-560-496-7678x291,Female,1980-08-29,2025-10-15
C003793,Jeanne,Mckinney,scottsmith@example.org,001-619-882-8165x514,Male,1969-07-16,2025-09-02
C003794,Emily,Bryant,dixonanthony@example.net,(394)766-3721x481,Male,1982-11-25,2025-09-06
C003795,Tiffany,Strong,donna19@example.com,001-390-583-8296x543,Male,2000-08-16,2023-08-27
C003796,Haley,Wells,ashleytaylor@example.com,001-721-538-4458x9764,Male,1972-05-29,2024-05-09
C003797,Jacob,Thornton,myerssteven@example.com,001-998-466-2033x870,Male,1955-11-06,2025-09-13
C003798,Sharon,Massey,rodriguezlindsey@example.com,281-850-4547x240,Female,1950-07-10,2022-09-19
C003799,Victor,Johnson,jennifer84@example.org,(703)404-2890x2470,Female,1975-12-07,2023-01-23
C003800,Jennifer,Snow,lingram@example.net,792.616.9715,Male,1990-08-22,2024-10-01
C003801,Patrick,Washington,bartonbarry@example.com,5308703005,Male,1971-05-26,2023-06-27
C003802,Danielle,Hess,leonjeffrey@example.com,+1-992-774-2100,Female,1997-11-07,2023-09-20
C003803,Stephen,Villegas,dthompson@example.com,356.611.8583x88951,Male,1963-08-10,2025-11-26
C003804,Amy,Myers,katierose@example.org,965-932-1244,Female,1939-10-17,2023-03-18
C003805,Jennifer,Escobar,matthew27@example.org,001-375-260-3664,Female,1994-06-30,2026-03-30
C003806,Tracy,Dillon,moralesmary@example.com,+1-857-535-5203x2878,Male,1940-08-14,2026-03-15
C003807,Christopher,Hughes,christina43@example.net,527-667-5606,Male,1950-03-10,2022-04-02
C003808,Bryan,Alexander,rshaw@example.com,3766723554,Female,1993-01-05,2021-11-16
C003809,Rachael,Johnson,philipwashington@example.net,+1-957-643-4111x308,Male,2005-06-15,2023-11-11
C003810,John,Thomas,wryan@example.net,7046579846,Female,1953-08-11,2021-11-02
C003811,Austin,Anderson,albert97@example.com,295-280-6691x133,Female,1960-04-17,2023-06-12
C003812,Kenneth,Miller,jeffhernandez@example.net,(800)584-9788x209,Female,1977-05-12,2026-04-26
C003813,Jonathan,Phillips,dsanchez@example.com,(751)701-3710x907,Male,1953-04-05,2025-07-12
C003814,Angela,Malone,zberry@example.net,895.433.0640x7411,Female,1970-01-28,2025-03-06
C003815,Anthony,Snyder,dhart@example.net,3995651495,Female,2001-01-05,2024-10-14
C003816,Randall,Carey,nancy90@example.net,546-624-9196,Female,1993-06-18,2022-11-13
C003817,Mary,Rocha,nguzman@example.org,902-865-2974,Male,1941-03-30,2024-06-17
C003818,James,Hicks,robertsmith@example.com,823.705.2938x79346,Female,1942-07-07,2023-03-21
C003819,Kimberly,Perkins,newtondouglas@example.org,(508)329-8578x7558,Female,1974-02-28,2024-04-11
C003820,Samantha,Davila,judy71@example.com,286-937-6164x63030,Female,1952-06-08,2025-02-05
C003821,William,Wilcox,gcrosby@example.com,(655)730-7667x62679,Female,1998-03-22,2023-06-29
C003822,Denise,Horne,christophercarson@example.org,(597)731-9082x592,Male,1992-02-24,2022-01-26
C003823,April,Chase,angela42@example.org,(743)278-1442x60511,Male,1961-07-16,2024-03-09
C003824,Michelle,Mccoy,campbellvalerie@example.org,001-309-575-8926x2060,Female,1988-09-06,2022-09-05
C003825,Nathan,Payne,vedwards@example.com,939.866.4649x498,Female,1997-07-20,2025-12-18
C003826,Brian,Mcgee,jfry@example.com,+1-479-913-3413,Male,1958-02-10,2023-04-03
C003827,Diane,Powell,lisabrown@example.net,320.917.3548,Male,1969-04-16,2022-09-27
C003828,Todd,Bradford,jenniferjacobson@example.net,822.970.0560x5701,Female,1941-11-17,2023-06-09
C003829,Drew,Kidd,taylor57@example.net,3668528793,Male,1991-07-17,2021-07-15
C003830,Jaclyn,Waters,michael39@example.net,754.222.8053x7530,Female,1940-10-31,2024-03-20
C003831,Christopher,Smith,gmosley@example.com,(351)974-6874,Male,1953-08-31,2021-08-25
C003832,Krista,Rollins,kristen08@example.net,422-822-9794,Female,1993-11-09,2024-08-06
C003833,Austin,Tyler,georgesanchez@example.com,(465)376-3733x28232,Female,1989-12-08,2021-07-18
C003834,Kent,Rivas,woodssteven@example.org,001-424-217-0810,Male,1957-10-24,2025-01-12
C003835,Julie,Norton,erinnash@example.net,7355918765,Male,1987-12-18,2025-04-17
C003836,Jacob,Knight,jasonharris@example.net,001-777-441-2943x17814,Female,1987-07-08,2025-12-02
C003837,Theresa,King,krhodes@example.org,229-214-0356x516,Male,2006-07-16,2024-11-23
C003838,Monica,Walker,johngarcia@example.net,933-589-5345x36747,Female,1963-12-15,2025-04-30
C003839,Jessica,Summers,patrick78@example.net,666.883.6670x544,Female,1954-01-30,2021-10-13
C003840,Jessica,Hurley,lanelynn@example.org,375-736-6883x1206,Male,1945-12-30,2023-07-04
C003841,Thomas,Doyle,michael45@example.org,+1-547-635-3982,Male,1938-05-16,2025-09-07
C003842,Jessica,Harris,amy44@example.org,001-573-206-9588,Female,1941-02-13,2026-07-02
C003843,Amber,Johnson,yanderson@example.net,(550)455-5303,Male,1967-02-23,2023-11-07
C003844,Dean,Johnson,wilsonalex@example.org,(416)499-8525,Male,1988-01-07,2022-11-22
C003845,Stephanie,Frederick,tinamunoz@example.com,823.621.8681x587,Female,1976-09-01,2024-01-12
C003846,Ryan,Williams,bhopkins@example.org,856-722-2337x973,Female,1989-10-06,2022-01-03
C003847,Mitchell,Bailey,austinfoster@example.com,212-384-7636x034,Male,1984-11-24,2025-07-12
C003848,Tina,Underwood,colondiane@example.org,948-372-1265x2679,Male,1942-08-20,2024-04-16
C003849,Philip,Edwards,oallen@example.net,(450)876-6797x4208,Female,2003-04-20,2022-08-15
C003850,Aaron,Brown,amber19@example.com,991-275-5491,Male,2004-01-26,2024-09-20
C003851,Wendy,Miller,carolynwhite@example.com,+1-853-220-5335,Male,1939-05-14,2022-06-19
C003852,George,Brewer,qjackson@example.org,+1-265-257-2482x5303,Male,1957-12-13,2022-11-11
C003853,Andrea,Duran,haleylambert@example.org,5533468330,Male,1983-08-17,2024-03-26
C003854,Cindy,Stevens,david49@example.net,(452)437-0640x39061,Female,1943-02-12,2026-06-06
C003855,Adam,Neal,ferrellcarolyn@example.com,379.670.5585x923,Female,1948-02-25,2021-10-06
C003856,Corey,Mcdonald,jamesgarcia@example.org,875.327.0012x839,Male,1959-01-23,2022-06-23
C003857,Sharon,Andrade,tuckermeghan@example.net,605.694.2499x171,Male,1973-06-25,2025-05-12
C003858,Christopher,Evans,erikbautista@example.com,(570)702-4469,Male,1996-11-25,2022-11-08
C003859,William,Simmons,egilbert@example.org,602-269-2703x53867,Male,1983-07-18,2025-06-14
C003860,Andrew,Jenkins,gmann@example.com,499-389-3705,Male,1983-05-10,2025-10-11
C003861,Mason,Garcia,michelle75@example.com,+1-691-778-6950x3106,Female,1951-03-24,2022-06-17
C003862,Samuel,Nichols,mccoysandra@example.net,494.602.8482,Male,1998-07-29,2024-12-03
C003863,Alexis,Baker,mrivera@example.org,+1-729-827-7518x8922,Male,1951-01-06,2026-03-05
C003864,Andrew,Farrell,frodriguez@example.com,(781)997-9853x320,Female,1971-05-07,2023-10-25
C003865,Holly,Robles,scotterickson@example.org,+1-935-261-9617x182,Female,1959-06-16,2022-03-08
C003866,Sara,Brown,lori93@example.com,538-276-7310,Male,1950-05-09,2023-01-30
C003867,Helen,Ramsey,brianharper@example.org,434.588.5974x6327,Female,1979-03-18,2026-02-12
C003868,Ronald,Harris,camachothomas@example.com,001-283-560-2696x5355,Female,1958-11-17,2024-02-13
C003869,Karen,Strickland,fscott@example.com,388-273-9037,Male,1990-05-28,2023-03-05
C003870,John,Roberts,blankenshipmichael@example.com,378-628-3385x24436,Female,1943-08-27,2025-06-21
C003871,Martin,Benson,ijohnson@example.net,9272274368,Male,1995-12-25,2025-10-27
C003872,Tamara,Turner,danielcheryl@example.com,001-409-504-9570x11910,Male,1971-10-09,2022-05-19
C003873,Lindsey,Church,andrewserrano@example.com,268-384-5791x69886,Male,1967-11-22,2022-04-14
C003874,Marissa,Shepherd,jacquelinediaz@example.net,7436950525,Female,1974-05-27,2023-02-25
C003875,Paige,Rivera,jamieramsey@example.com,001-915-834-9304,Male,1967-08-01,2021-08-25
C003876,Jessica,Mccullough,leejoshua@example.net,(414)276-3641,Female,1998-06-22,2026-06-17
C003877,Jessica,Long,sarahswanson@example.org,296.520.8477x2410,Female,1984-01-16,2021-07-08
C003878,Bradley,Ayers,walterjacqueline@example.com,315.972.8108,Male,1969-04-26,2025-02-14
C003879,Michelle,Powell,robinortiz@example.org,4398732926,Female,1973-01-11,2023-08-28
C003880,Zachary,Wilson,lewisphilip@example.com,001-996-493-4725x0055,Male,1955-02-07,2024-01-23
C003881,Charles,Wright,lovevictoria@example.net,+1-253-748-6227x54791,Female,2001-10-05,2026-04-14
C003882,Barbara,Gonzalez,ejarvis@example.net,001-859-335-3990x2179,Male,1983-11-21,2021-07-24
C003883,Nancy,Smith,sabrinamaxwell@example.org,+1-623-632-4359x354,Male,1953-07-19,2023-02-13
C003884,Jeffrey,Williams,vharrison@example.com,261.209.7671,Female,1951-04-19,2025-03-20
C003885,James,Olson,grimesdiane@example.org,3569404995,Male,1984-04-17,2022-02-25
C003886,Raymond,White,eeaton@example.org,5245663685,Female,1962-06-15,2022-10-20
C003887,Max,Nelson,curtisjennifer@example.net,+1-642-326-5165x140,Female,1994-11-06,2022-10-19
C003888,Maureen,Berry,nicole46@example.net,510-878-4729x0235,Male,1994-03-28,2025-08-13
C003889,David,White,luis81@example.org,507.680.1573,Female,1992-04-12,2023-10-21
C003890,Michele,Brown,david21@example.org,9803891827,Male,1984-01-06,2026-05-30
C003891,Sarah,Owen,heatherharris@example.net,001-854-713-3122x43073,Male,1972-03-05,2022-01-25
C003892,Shawn,Anderson,yporter@example.org,+1-656-771-6041x721,Female,1991-08-26,2025-03-01
C003893,Robert,Woodard,zcole@example.org,(294)885-7724x06272,Male,2003-03-31,2023-11-20
C003894,Anna,Robles,james96@example.net,(625)312-7335,Female,1984-07-18,2022-04-01
C003895,Paul,Norris,joyce33@example.org,207-807-1958,Male,1961-08-11,2025-07-20
C003896,Belinda,Joseph,natashacurtis@example.org,990.481.3844,Male,1976-08-02,2021-08-24
C003897,Scott,Johnson,matthewpena@example.net,759-220-6734,Female,2000-05-07,2022-06-07
C003898,Michelle,Gray,calhounthomas@example.com,832.626.9490,Female,2005-10-20,2026-03-15
C003899,Julia,Fuller,emilypearson@example.net,001-272-799-7308,Female,1998-04-14,2024-11-26
C003900,Aaron,Day,drakegregory@example.net,461.592.9044x222,Female,1991-08-20,2026-01-25
C003901,Brian,Ruiz,randyrodriguez@example.com,976.908.7027,Female,1992-08-29,2025-11-25
C003902,Jacqueline,Davis,nancy91@example.com,(997)282-1510,Female,1967-10-30,2023-11-04
C003903,Kenneth,Poole,craiggonzalez@example.net,919-765-1101,Female,1981-03-03,2026-02-02
C003904,Nicholas,Flores,ronniemiranda@example.org,+1-780-348-4715x277,Male,1997-10-03,2021-07-10
C003905,Joshua,Taylor,teresarobbins@example.com,(776)381-4272,Male,1987-08-26,2024-05-31
C003906,Lori,Herrera,beckerapril@example.org,294-600-2440x4990,Female,1945-02-25,2023-10-18
C003907,Elizabeth,Simmons,garrettdebra@example.net,732-207-2204,Female,1962-10-05,2026-03-27
C003908,Toni,Stephens,yperez@example.com,253-951-7223x44021,Male,1944-07-30,2025-07-18
C003909,Diane,Huynh,sarah10@example.org,001-869-332-9436x6319,Female,2002-02-09,2024-01-15
C003910,Melinda,Chavez,pgiles@example.net,402.254.7348x6957,Female,1944-09-04,2025-03-31
C003911,Kimberly,Adams,sperez@example.com,4046705661,Female,1995-07-16,2023-05-15
C003912,Isaac,Snow,yolandasolis@example.net,(434)434-9108x2566,Male,1946-12-13,2022-04-05
C003913,Mark,Park,amanda20@example.org,545.885.9570x02652,Female,1998-04-13,2024-03-16
C003914,Patrick,Jones,rossherrera@example.net,881.297.9629,Male,1977-10-06,2022-12-07
C003915,Suzanne,Dillon,pamelasolomon@example.net,(790)291-9768x697,Male,1970-06-18,2022-08-02
C003916,John,Weaver,watkinsemily@example.net,6382049148,Male,1956-05-21,2026-04-18
C003917,Michael,Moss,jessicabates@example.net,824.643.2189x6917,Female,1950-06-09,2025-02-25
C003918,Julie,Mcclure,nashmark@example.org,328.506.1352x710,Male,1989-04-29,2024-06-03
C003919,Melissa,Parrish,zyoung@example.org,001-759-374-7241,Female,1944-10-17,2023-12-27
C003920,Jimmy,Mccoy,rhonda47@example.org,6888292305,Female,1968-01-28,2025-07-20
C003921,Jennifer,Osborn,jeffreygregory@example.org,001-868-353-9829x1168,Male,1951-03-16,2026-02-17
C003922,David,Richmond,scottsanders@example.org,715-569-7229x848,Female,1975-12-12,2024-07-23
C003923,Richard,Johnson,amandachapman@example.org,467.810.1121,Female,1954-04-06,2021-07-29
C003924,Melissa,Hays,spatton@example.org,+1-969-562-9094x92905,Female,1963-10-16,2022-05-27
C003925,Raymond,Smith,tara52@example.net,+1-515-815-0443x02200,Female,1961-07-22,2022-07-11
C003926,Erika,Phillips,kevin84@example.net,+1-625-852-3968x91610,Female,1973-06-03,2026-02-21
C003927,Lee,Williams,william99@example.org,001-695-967-8793x5367,Male,1971-10-09,2024-09-18
C003928,Sherry,Black,hollybrown@example.org,992-232-2879,Female,1983-04-17,2025-07-16
C003929,Andrew,Lucas,vromero@example.com,001-860-288-1586x8791,Female,1994-09-13,2025-08-12
C003930,John,Edwards,briannahansen@example.net,+1-319-636-0172x5782,Female,1953-07-04,2025-12-20
C003931,Joyce,Hall,ericanewton@example.net,2667463619,Male,1971-06-27,2022-10-14
C003932,Brittany,Fisher,jeffreygrant@example.org,+1-710-536-1409,Male,1954-04-19,2025-07-30
C003933,Melissa,Barnes,ylopez@example.org,218.351.7451,Male,1988-09-24,2021-07-10
C003934,Yvonne,Rivas,nhernandez@example.com,369.816.8478,Male,1946-10-27,2023-02-05
C003935,Richard,Becker,susan56@example.com,751.316.9911x94335,Female,1935-08-11,2023-10-26
C003936,Ryan,Riddle,paulamanda@example.com,767-326-6594,Male,1943-07-25,2021-09-15
C003937,Christopher,Snow,shawmary@example.net,001-534-819-4765x6744,Female,1972-03-29,2026-03-29
C003938,Sonya,Duarte,nicholas04@example.org,7472920797,Male,1975-03-19,2024-03-18
C003939,Susan,Shaw,robbinsbrian@example.net,204.686.7437x23759,Female,1966-03-06,2022-09-05
C003940,Kimberly,Collins,awilliams@example.net,787-481-0833x771,Female,1969-10-17,2026-03-09
C003941,Denise,Fuentes,melissabenitez@example.org,001-495-633-4959x638,Female,1988-04-17,2025-12-16
C003942,Sean,Farrell,kimberly95@example.com,+1-396-703-9784x35736,Male,1960-08-15,2023-12-16
C003943,Thomas,Myers,andrewballard@example.com,001-381-598-0528x21034,Male,1959-10-11,2022-04-22
C003944,David,Pratt,fmontoya@example.net,(933)460-5802x740,Female,1987-01-30,2024-08-22
C003945,Marissa,Bruce,rjohnson@example.org,436.799.2500x33282,Female,1957-01-27,2023-10-07
C003946,Sharon,Cain,lewismichael@example.net,001-847-486-1805x470,Male,1989-05-30,2022-11-03
C003947,Paul,Dixon,yesenia78@example.com,(575)568-2961,Female,1999-09-30,2022-08-30
C003948,Oscar,Delgado,mwalls@example.org,+1-929-736-6051x030,Female,1994-10-22,2021-09-26
C003949,Karen,Hayes,jacqueline53@example.com,2223380688,Female,1941-03-12,2025-11-15
C003950,Lonnie,Hamilton,samantha34@example.org,(569)562-7723,Male,1993-04-16,2022-05-21
C003951,Robert,Rodriguez,stacey30@example.net,001-829-309-4246x2060,Female,1938-01-29,2026-04-13
C003952,Joann,Hansen,jbell@example.org,+1-964-766-8380x195,Female,1994-01-21,2024-10-27
C003953,Alexandra,Morris,turneramber@example.org,210-563-6831,Male,1988-02-04,2025-02-23
C003954,Harry,Davis,vjohnson@example.org,001-417-916-3517x59775,Female,1953-04-14,2025-04-05
C003955,Phillip,Acevedo,anthonyswanson@example.org,+1-928-870-1325x6005,Female,1957-12-30,2022-11-15
C003956,Carl,Harris,davidclark@example.org,475-747-7141x38879,Male,1952-03-07,2022-10-13
C003957,Elizabeth,Moreno,margarethoward@example.net,840-375-8194x30314,Male,2008-03-09,2025-09-24
C003958,Sean,Buchanan,amyfranklin@example.com,382.231.1852x95063,Female,1999-07-19,2022-02-15
C003959,Melissa,Hale,grogers@example.org,230-287-3990x167,Female,2005-03-21,2022-01-09
C003960,John,Smith,john46@example.com,(988)991-1728x8071,Male,1950-03-08,2024-06-02
C003961,Heather,Watkins,taylor85@example.net,+1-622-651-5166,Male,1999-08-13,2021-10-17
C003962,Chris,Peterson,vincentguzman@example.net,001-456-930-1377x599,Male,1980-11-24,2024-10-01
C003963,Ronald,Sanchez,joshuabray@example.net,(228)608-0368,Female,1983-05-07,2025-05-08
C003964,Zachary,Pacheco,hthomas@example.org,482-937-1666x2589,Female,2003-04-28,2025-05-22
C003965,Nicholas,Mcdonald,mjordan@example.org,001-832-322-2421x2215,Male,2003-06-12,2022-07-30
C003966,Michael,Ellis,jamiebrown@example.org,(590)405-4198,Male,1952-05-27,2026-05-13
C003967,Kim,Cunningham,joannapatton@example.net,(432)733-0683,Female,1972-12-29,2024-07-26
C003968,Judy,Alexander,christyboone@example.com,894.966.7665x90046,Male,1958-12-05,2025-12-14
C003969,Shane,Franklin,dglover@example.net,+1-555-319-2209x6744,Male,2006-02-17,2023-02-17
C003970,Christina,Keller,efloyd@example.net,+1-778-961-3675x77889,Female,1989-06-14,2024-11-15
C003971,Christian,Giles,boothstephanie@example.com,676.795.6545,Female,1959-06-02,2024-03-03
C003972,Grace,Jacobs,ibennett@example.org,001-334-702-5698x506,Female,1966-08-29,2026-06-23
C003973,Richard,Robbins,barnettronald@example.com,(458)552-7851x58297,Male,1971-08-03,2025-04-28
C003974,William,Price,phillip98@example.net,267.737.1694,Female,1946-02-21,2024-09-05
C003975,Sandra,Schaefer,ftran@example.com,+1-761-435-6006x7841,Female,1941-07-24,2026-02-13
C003976,Ronald,Werner,stewartallison@example.org,(473)950-9815x6652,Female,1983-04-14,2021-08-07
C003977,Helen,Cooper,marcusdelacruz@example.com,428.224.7392x679,Female,1956-03-24,2022-11-22
C003978,Michelle,Pittman,russellamanda@example.net,517-936-2709x73263,Male,1997-12-31,2023-12-28
C003979,Eduardo,Johnson,samuelrowe@example.com,001-562-878-4699x5024,Male,1989-04-18,2025-07-11
C003980,Sabrina,Campbell,fosterkenneth@example.net,(831)906-0204x61573,Female,1964-05-02,2024-02-02
C003981,Alexandra,Lee,kleintraci@example.com,578-263-8934x4566,Female,2002-08-17,2022-02-21
C003982,Emily,Montgomery,ebutler@example.net,001-955-333-6804,Female,2001-09-13,2023-04-26
C003983,Betty,Wilkinson,watsontyler@example.org,8296823181,Male,1973-10-04,2022-11-04
C003984,Debbie,Mack,fjohnson@example.com,5376741842,Male,2005-03-07,2022-02-13
C003985,Laura,Ruiz,maryhendricks@example.org,7022583332,Male,1939-02-15,2023-05-04
C003986,Kristin,Rice,tinajones@example.org,460.603.1899x1486,Female,1960-06-29,2022-12-12
C003987,Peter,Fisher,michaelwilliams@example.net,3624908425,Female,1939-07-28,2022-01-02
C003988,Jay,Williams,ymartinez@example.org,857-320-9928x87761,Female,1966-07-29,2021-09-16
C003989,David,Reyes,murphycindy@example.org,(327)890-8138x248,Male,1992-09-30,2023-01-22
C003990,Alexis,Gay,roseemily@example.com,731.576.9581x1283,Male,1984-12-19,2022-06-14
C003991,Amber,Mejia,john91@example.com,598.449.7339x455,Male,1973-07-30,2024-12-01
C003992,Margaret,Davis,melissamonroe@example.com,001-439-302-4570x643,Male,1971-07-14,2023-11-17
C003993,Alexis,Baker,caitlyn26@example.com,649-339-1109,Male,1985-03-18,2025-08-31
C003994,Marcus,Ford,savagecaitlin@example.net,844.228.2149,Female,1958-11-13,2021-11-18
C003995,Sara,Freeman,gregory44@example.org,001-631-530-5835x61242,Male,1940-01-29,2025-01-22
C003996,Christopher,Conley,staceyjordan@example.net,001-384-920-6351,Female,1955-06-15,2026-07-01
C003997,Patricia,Hurley,stephen77@example.com,(838)379-4421x381,Male,1971-06-14,2024-01-07
C003998,Heather,Suarez,tinabenton@example.org,(870)442-7918,Female,2007-01-27,2025-05-22
C003999,Jacob,Sutton,jacksonandrew@example.net,001-407-783-4893x24559,Female,2004-11-29,2022-09-10
C004000,Michael,Thompson,eric88@example.net,+1-469-699-8276x2578,Female,1957-06-28,2024-11-04
C004001,Julie,Mccarty,wrose@example.com,+1-370-333-7404x118,Male,1968-11-24,2021-10-07
C004002,Regina,Ellison,charles27@example.org,001-302-814-8356,Male,1946-12-03,2025-12-22
C004003,April,Andrews,mle@example.com,(324)580-0849x81393,Female,1982-06-12,2022-12-29
C004004,Kim,Mccann,kimberly66@example.com,(557)469-0375x1364,Male,1935-07-18,2024-06-02
C004005,Susan,Meyer,rdouglas@example.net,362-707-9876x03327,Male,1946-09-29,2022-05-04
C004006,Melanie,Flores,cynthia39@example.com,469.298.0263,Female,2008-02-28,2022-06-27
C004007,Michael,Dorsey,hartkevin@example.net,622.301.3605x18253,Male,1935-12-09,2021-10-21
C004008,Angela,Sharp,fsanders@example.org,+1-547-212-5122,Female,2007-07-21,2026-01-02
C004009,Jose,David,ruizryan@example.net,+1-902-348-0466,Male,1935-12-05,2025-12-21
C004010,Jeffrey,Johnson,jeffery09@example.net,(667)852-4519x93115,Female,1986-12-03,2021-12-09
C004011,Nathan,Black,joseph80@example.com,(587)655-8241,Male,1947-02-05,2026-02-11
C004012,Denise,Morgan,tmartin@example.org,(950)255-3573,Male,1995-06-22,2026-01-01
C004013,Angela,Barron,kirstenriddle@example.net,001-953-670-6829x97962,Female,1973-12-17,2026-03-26
C004014,Jonathan,Miller,briannaday@example.org,001-505-424-1534x5136,Male,1989-06-12,2024-08-01
C004015,Michael,Hall,lmiller@example.com,978-537-2832,Female,1958-08-06,2025-03-10
C004016,Nancy,Davis,hdeleon@example.com,6412260841,Female,1961-06-04,2025-04-12
C004017,Holly,Aguilar,joseph62@example.org,666.876.2847x41895,Female,1937-06-01,2026-03-01
C004018,Patricia,Smith,wcarter@example.org,(428)223-3969,Male,2002-12-31,2024-09-22
C004019,Renee,Hoffman,courtneymorgan@example.com,6738488003,Female,1962-10-17,2022-01-31
C004020,Jennifer,Henry,wilsonsean@example.net,977.846.2104x43371,Male,1991-12-01,2022-08-24
C004021,Bryan,Garcia,edwardmata@example.org,001-384-953-7031x754,Male,1971-06-29,2021-10-28
C004022,Mary,Hughes,oharper@example.net,647-601-5252,Male,1971-01-03,2026-01-31
C004023,Brent,Dudley,brendapalmer@example.net,507.965.7886x86168,Female,1980-12-21,2024-12-11
C004024,Brandy,Mayo,stephanie72@example.net,+1-604-577-7661,Female,1990-01-31,2024-05-09
C004025,Mathew,Jones,garciajoshua@example.org,902-921-6405,Female,1968-09-12,2025-07-22
C004026,Jason,Fisher,jason00@example.com,391.333.7508,Female,1967-01-20,2024-02-09
C004027,Travis,Becker,wendylutz@example.net,379-414-2724,Female,1943-11-10,2024-05-31
C004028,Shari,Ward,xvasquez@example.com,6454290074,Female,1990-09-21,2023-02-07
C004029,Dawn,Young,jamesjohnson@example.org,209.467.9613x7312,Male,1951-11-30,2022-03-17
C004030,Mark,Price,ptorres@example.org,979-593-7354x14848,Female,1994-12-17,2022-02-22
C004031,Melissa,English,meganmartinez@example.com,001-770-802-8943x0914,Male,1981-05-09,2021-09-01
C004032,Paige,Frank,ywatkins@example.com,417.806.4515x9813,Male,2008-03-05,2025-09-28
C004033,Thomas,Sanchez,danielle14@example.org,001-342-470-9029x228,Female,1982-06-04,2022-01-25
C004034,Lindsay,Cook,hughesjack@example.org,(573)970-7941x2390,Male,1982-01-15,2024-02-20
C004035,Jerome,Dixon,ggarcia@example.org,(680)628-7858x781,Female,1994-09-21,2023-07-12
C004036,Craig,Bates,zmoran@example.net,001-290-788-2962x670,Female,1944-07-02,2025-06-17
C004037,Jimmy,Fuentes,cgriffin@example.net,222.300.1570x53884,Male,2003-03-05,2025-08-09
C004038,Jason,Chang,roberthoover@example.com,001-304-387-9650x7838,Female,1951-04-12,2023-08-12
C004039,Frederick,Lopez,james01@example.com,311-689-2213x524,Male,1974-02-25,2022-08-03
C004040,William,Carroll,williamdavis@example.org,(941)428-1603,Female,1966-12-11,2024-07-08
C004041,Amanda,Medina,xmanning@example.org,793.990.8538x87178,Male,1960-10-24,2024-04-11
C004042,Bryan,Pratt,ccontreras@example.net,(797)378-5665,Male,1970-07-08,2026-02-13
C004043,Veronica,Smith,matthewwilliams@example.com,001-260-429-9606x42242,Male,1968-01-21,2022-05-09
C004044,William,Moreno,aalexander@example.org,(741)663-4968x89051,Male,1969-12-19,2023-12-09
C004045,Susan,Adams,martinscott@example.org,+1-550-296-0907x2155,Female,2005-05-21,2023-07-17
C004046,Krista,Gould,yjenkins@example.net,001-228-430-9733,Male,1954-06-17,2025-11-28
C004047,Patricia,Everett,eric51@example.net,971-233-8109,Male,1963-11-21,2021-12-26
C004048,Mark,Hartman,xcohen@example.com,(722)492-2777,Male,2000-07-14,2022-06-03
C004049,Jose,Perez,kwallace@example.org,(296)817-8246,Male,1953-04-05,2023-10-01
C004050,Joshua,Turner,tbonilla@example.com,+1-426-474-6883x6136,Male,2002-08-22,2021-07-21
C004051,Patricia,Fowler,vcoleman@example.net,001-798-202-3342x8654,Male,1962-03-17,2024-06-01
C004052,Jasmin,Massey,hdalton@example.net,+1-503-660-8132x0094,Male,1959-03-15,2021-10-08
C004053,Toni,Mercado,xaviermunoz@example.com,001-894-876-3383,Female,1987-07-11,2025-10-24
C004054,Harry,Baker,prush@example.com,8252066306,Male,1986-03-13,2026-06-10
C004055,Thomas,Willis,bettyhensley@example.net,(895)238-3288,Male,1994-01-08,2025-07-10
C004056,Kelly,Hoffman,qaguirre@example.net,376-301-2013x57617,Male,1968-01-10,2025-07-09
C004057,Michael,Graham,dmueller@example.org,+1-865-867-0688x37502,Male,2008-04-13,2022-11-26
C004058,Ashley,Mckee,flynnmichael@example.com,(562)407-9661x9271,Male,1937-05-24,2022-10-27
C004059,Paul,Ortega,aodonnell@example.com,2092535025,Male,1940-09-16,2023-04-20
C004060,James,Brown,isaiahcoleman@example.com,001-326-331-0122,Female,1998-12-14,2023-07-16
C004061,Joshua,Lamb,allisonellis@example.org,352.900.7929,Female,1961-03-10,2026-06-28
C004062,Patrick,Miller,juliamccoy@example.org,866.682.2144,Female,1979-07-13,2023-11-07
C004063,Jessica,Clark,yrodriguez@example.com,(214)632-8012x75951,Male,1984-07-08,2023-02-04
C004064,Joseph,Hubbard,kgarcia@example.net,701-207-1735,Female,1965-08-21,2024-02-27
C004065,James,Richmond,reeveslatoya@example.com,(967)692-4239x98136,Female,1978-08-10,2025-05-17
C004066,Jeffrey,Smith,omartin@example.net,860.424.4310,Female,1971-02-18,2022-10-24
C004067,William,Young,jessicaadkins@example.org,9337153048,Female,1943-05-31,2024-02-11
C004068,Elizabeth,Valdez,markbarrera@example.org,+1-206-375-5437x3243,Female,2004-09-06,2022-07-21
C004069,Charles,Newman,fthomas@example.org,391-924-4829x00808,Female,1950-10-19,2025-10-05
C004070,Joshua,Barnett,xlee@example.org,739.716.3376,Male,2006-07-31,2025-01-29
C004071,David,Pena,zshepard@example.org,443-429-1487,Female,1953-01-09,2025-04-25
C004072,Hailey,Howard,kharrison@example.org,244.481.0405x3361,Male,1987-06-02,2025-07-01
C004073,Sandra,Rivera,smithvirginia@example.com,(738)752-9065x7128,Male,1948-04-25,2024-03-19
C004074,Patricia,Wright,christopher57@example.com,(624)882-6310x82471,Female,1941-09-24,2022-10-24
C004075,Cody,Robinson,rhonda25@example.org,632-899-5450x3905,Female,1993-06-25,2025-02-19
C004076,Kimberly,Salas,gonzalezjonathan@example.com,(324)999-4532,Male,1973-03-31,2025-09-06
C004077,Lindsey,Barton,michellejohnson@example.com,540-854-8315x7985,Male,1963-04-13,2026-05-24
C004078,John,Fritz,daniellecordova@example.org,(608)808-3402x30180,Female,1947-01-20,2022-08-24
C004079,Angela,Garza,buchananbeth@example.net,001-678-991-5483,Male,1945-03-24,2022-05-06
C004080,Scott,Williams,stanleyweber@example.net,550-397-6935,Male,1947-08-25,2022-05-31
C004081,Kelsey,Boyd,nwalker@example.org,001-867-992-1714,Male,2004-01-13,2025-05-01
C004082,James,Haley,schwartzmelissa@example.org,+1-749-501-2624,Female,2007-02-14,2025-12-01
C004083,Katrina,Melton,morenoeric@example.com,+1-522-643-4401x090,Male,1989-06-12,2022-05-19
C004084,Catherine,Knight,jim09@example.org,590.965.4008,Male,1949-11-13,2026-05-07
C004085,David,Miller,alexanderrodgers@example.org,505-419-1409x9091,Male,1972-08-23,2025-12-03
C004086,Brenda,House,regina39@example.org,(757)416-9058x01621,Female,1940-08-23,2022-06-06
C004087,Stanley,Santos,pramirez@example.org,7775231719,Male,1973-08-23,2023-07-06
C004088,Mary,Mosley,karencarlson@example.org,001-441-292-0759x522,Male,1985-03-03,2024-05-09
C004089,Robert,Flores,vbranch@example.net,001-605-466-8806x007,Male,1968-08-06,2024-08-22
C004090,Vanessa,Vaughn,charles91@example.com,3425887550,Female,1996-05-11,2025-11-21
C004091,Hailey,Gates,solomonmichael@example.net,(678)395-6038,Male,1961-12-31,2022-09-18
C004092,Jade,Edwards,ymitchell@example.org,(360)381-5402x8959,Female,1951-07-01,2024-04-04
C004093,Gary,Cruz,darylhill@example.net,213-212-0368,Male,1952-10-29,2023-09-29
C004094,Steven,Garcia,charlesmcdonald@example.net,7637762390,Male,1965-05-25,2025-04-06
C004095,Richard,Graham,michele74@example.net,+1-205-327-7413x26753,Female,1963-11-13,2025-12-14
C004096,Heather,Torres,stacey26@example.org,994-249-2439,Female,1955-12-17,2024-03-18
C004097,Robert,Braun,qsmith@example.com,(966)699-4030,Male,1978-06-16,2022-03-10
C004098,Karen,Thompson,kari86@example.org,669-642-6564x4959,Male,1986-03-09,2023-10-18
C004099,Katelyn,Patton,eugenescott@example.net,+1-486-623-6789,Male,1986-08-10,2024-09-20
C004100,Patricia,Hunt,amy43@example.com,+1-593-986-7560x0354,Female,1974-04-20,2024-07-28
C004101,Melissa,Vargas,bradynicole@example.com,+1-677-548-4893x0654,Male,2004-06-19,2023-09-30
C004102,Henry,White,ashley46@example.net,+1-236-264-3874,Female,1956-05-20,2024-07-20
C004103,Jennifer,Young,gardnerkathryn@example.net,(769)490-1299x712,Female,1965-11-03,2022-10-15
C004104,James,Alvarez,joshua66@example.net,+1-432-427-3780x515,Female,1962-03-11,2024-09-30
C004105,Amy,Adams,aliciagriffin@example.org,813.703.2017,Female,1947-10-10,2024-09-08
C004106,Roberto,Alexander,matthewward@example.com,(871)268-5255,Female,1980-02-20,2022-05-24
C004107,Joseph,Strong,brownsharon@example.com,729-824-0549x7961,Female,1956-12-22,2023-05-18
C004108,Phillip,Riley,thomassharon@example.com,+1-745-988-4024x610,Male,1956-08-28,2025-06-24
C004109,Lucas,Patrick,nolanedwin@example.net,6383609279,Female,1971-04-29,2024-09-02
C004110,Erin,Stanton,charles29@example.org,(541)690-6471,Male,1997-10-16,2025-09-20
C004111,Brad,Leach,karen57@example.org,746.744.9608,Female,1978-05-08,2024-06-03
C004112,Scott,Rivas,autumnrose@example.org,495.786.0092x174,Male,1966-07-25,2024-07-04
C004113,Leah,Lee,vargastimothy@example.org,+1-371-865-3664,Female,1995-06-29,2022-11-07
C004114,Gary,Peterson,kennedyrebekah@example.com,5536465666,Female,2003-04-10,2024-10-24
C004115,Justin,Brown,patrickrose@example.org,399-509-2367x8807,Female,1945-11-23,2024-10-22
C004116,Stephanie,Patel,lsmith@example.org,326-476-0385x32616,Female,1991-11-24,2023-08-30
C004117,Carlos,George,alex78@example.net,688-999-4153x7495,Female,1979-07-05,2025-02-18
C004118,David,James,ddiaz@example.org,661-964-0790x67097,Male,1954-02-22,2022-06-06
C004119,Tom,Tran,nbell@example.net,001-819-754-0228x059,Male,1997-12-17,2025-09-07
C004120,Joan,Cohen,chris83@example.org,717-834-4171,Male,1951-05-24,2022-12-20
C004121,Jessica,Obrien,cynthia97@example.org,(338)796-0281x683,Male,1936-12-03,2025-01-31
C004122,Bryan,Miller,davidblevins@example.org,697-291-2096x6789,Male,1963-12-21,2026-05-13
C004123,James,Watson,munozelizabeth@example.org,286.880.5863,Male,1990-07-25,2025-04-24
C004124,Teresa,Hart,danielle43@example.com,704.761.9447,Female,1944-07-18,2022-05-21
C004125,Michael,Carson,leetaylor@example.org,001-340-846-8478x394,Male,1941-08-14,2022-06-16
C004126,Elizabeth,Clay,karen44@example.org,(931)228-7576x24921,Female,1935-10-11,2023-08-01
C004127,Tracy,Johnson,jasmine34@example.net,001-312-515-3663x64842,Male,1956-06-04,2024-05-13
C004128,Cassandra,Nelson,xmitchell@example.com,001-955-856-5020x192,Male,2002-07-09,2022-07-04
C004129,Tonya,Warren,emilykeller@example.net,375-861-2224x0034,Female,1953-03-06,2025-02-15
C004130,Kevin,Perkins,martinezanita@example.net,755.903.6748x9625,Female,1998-11-15,2023-02-12
C004131,Taylor,Johnson,watsonbrian@example.com,001-721-365-4371x4861,Male,1965-09-13,2023-03-12
C004132,Sandra,Moore,woodjennifer@example.org,335.529.7152x0776,Female,1943-02-17,2021-11-09
C004133,Mary,Moreno,whitneyanderson@example.net,001-459-485-5713x9114,Female,1975-10-24,2025-12-09
C004134,Daniel,Williams,robbinsjennifer@example.com,(274)953-4100,Female,1984-11-16,2022-01-20
C004135,Rhonda,Burton,millermichael@example.com,6373390211,Female,1983-10-24,2025-07-05
C004136,Nicole,Molina,antonioblack@example.net,001-480-420-5102x94180,Male,2008-02-18,2025-06-13
C004137,Ariel,Rivera,ewilliams@example.org,+1-519-817-5154x110,Female,1982-03-01,2023-07-18
C004138,Lori,Hardy,reynoldsscott@example.net,263-997-6427x018,Female,1946-01-20,2022-05-25
C004139,Debra,Smith,marcus95@example.org,919.897.7576x731,Female,1954-10-09,2022-05-03
C004140,Carrie,Kline,khenson@example.net,+1-579-451-5107x3219,Female,1972-11-30,2022-04-21
C004141,Cesar,Washington,donald22@example.org,284.792.4923x1633,Female,1949-12-11,2024-09-11
C004142,William,Cobb,xelliott@example.com,807.309.5972x63186,Male,1960-02-15,2024-01-26
C004143,Jimmy,Stevens,morrisgail@example.org,294-770-3081,Male,1982-09-01,2024-04-28
C004144,Maureen,Ramirez,cwilliams@example.net,001-547-401-1588x8030,Male,1973-06-10,2024-01-15
C004145,Alejandro,Arnold,katherine10@example.com,936.622.9177x3946,Female,1944-05-08,2025-01-19
C004146,Teresa,Smith,jason13@example.com,8977653888,Female,1972-07-16,2021-12-22
C004147,Stephanie,Williams,austindean@example.org,698.202.7474x25235,Female,1963-02-04,2025-05-05
C004148,John,Macias,stacyvasquez@example.org,+1-921-718-2912x497,Male,1985-03-24,2024-02-20
C004149,Robert,Payne,ericacook@example.net,+1-268-896-8965x37532,Female,2004-05-01,2024-05-20
C004150,Daniel,Parker,hlynn@example.com,+1-623-994-0291,Male,2004-01-15,2025-06-06
C004151,Rebecca,Crane,kathryn25@example.net,466.393.0979x5980,Male,1958-11-19,2022-03-09
C004152,Paul,Rios,jennifer70@example.com,(233)825-3872,Male,2002-12-17,2024-06-22
C004153,Eric,Jackson,matthewbarrett@example.org,791.993.3247x64492,Female,1992-09-29,2022-11-02
C004154,Melissa,Barry,sjacobs@example.com,+1-794-847-3591x577,Male,1966-12-07,2022-11-27
C004155,Rebecca,Landry,brent49@example.org,+1-401-259-6966x30451,Male,1944-11-24,2022-05-16
C004156,Michelle,Knight,matthewbrooks@example.net,331-915-3556,Female,1968-12-27,2021-10-09
C004157,Jay,Castro,parkerjennifer@example.net,(928)423-2540,Female,1943-09-08,2024-11-06
C004158,John,Norman,dana82@example.org,(752)971-3392x2615,Female,1985-11-04,2024-10-12
C004159,Stephen,Morrow,xdawson@example.net,435-870-2619,Female,1992-02-19,2024-11-06
C004160,David,Johnson,carpentermario@example.net,665.991.5269x13931,Female,1963-11-02,2026-01-05
C004161,Lisa,Gonzalez,thomasclinton@example.org,917.762.6446x6788,Male,1961-04-20,2023-07-21
C004162,Megan,Mendoza,kchavez@example.net,(854)376-0002x845,Female,1964-03-19,2024-03-13
C004163,Valerie,Jennings,nicholasharris@example.org,626-227-5851x206,Female,1989-07-02,2024-02-18
C004164,Nicole,Valentine,tkeith@example.org,001-357-346-6514x37914,Female,1998-08-20,2023-11-14
C004165,Rebecca,Harris,nicole98@example.org,534.933.9445,Female,1957-07-02,2021-11-25
C004166,Linda,Cobb,ecastro@example.com,973-580-3692,Female,1984-07-29,2023-09-24
C004167,Vanessa,Ramsey,abrooks@example.net,+1-684-484-3679x541,Female,2000-02-25,2021-07-18
C004168,Austin,Pacheco,sharonhutchinson@example.org,001-940-779-6499x6805,Male,1962-05-03,2024-03-13
C004169,Kimberly,Mathews,christine99@example.com,373-548-4327x9215,Female,1945-12-15,2026-03-30
C004170,Patricia,Butler,jimmygarcia@example.net,001-701-276-4621x748,Female,1945-10-02,2022-08-15
C004171,Kristen,Rogers,qpeterson@example.org,278.503.7424x10011,Male,2005-07-18,2022-09-03
C004172,Matthew,Rivera,kristen27@example.com,+1-621-612-0457x91991,Male,1960-03-18,2023-10-20
C004173,Henry,Thornton,vgillespie@example.com,001-690-886-1232x342,Male,1945-11-09,2023-05-20
C004174,Vicki,Taylor,heatherevans@example.org,489-897-8985x030,Male,1980-02-22,2023-04-05
C004175,Lindsay,Gibson,sanchezmackenzie@example.com,(351)956-1865x17940,Female,1982-06-05,2024-07-16
C004176,Craig,Potts,owensmichelle@example.org,292-431-8319x1548,Male,1939-02-03,2026-01-12
C004177,Emily,Jackson,pandersen@example.net,317.904.6611x8694,Male,1956-12-07,2024-08-02
C004178,Michael,Vargas,zroberts@example.com,8693306666,Female,1944-04-13,2024-05-05
C004179,Virginia,Taylor,zmartin@example.net,+1-256-610-6996x9361,Male,1965-09-24,2025-03-14
C004180,David,Brown,christophermorales@example.com,337-794-2094,Female,1967-07-13,2022-11-24
C004181,Cesar,Daniels,williamsbrian@example.net,(471)932-5758,Female,1973-06-19,2025-01-05
C004182,Brenda,Bird,harriskaren@example.org,001-531-291-1575x7104,Female,1972-10-15,2026-04-09
C004183,Linda,Sullivan,zhobbs@example.org,001-746-213-3395x97961,Male,1937-09-24,2023-07-08
C004184,Christina,Carter,karen34@example.org,2425100608,Male,1966-04-30,2025-10-24
C004185,Michelle,Reyes,rgraham@example.org,926-898-1155,Female,1995-09-25,2024-11-07
C004186,Laura,Phillips,scottgraves@example.org,+1-353-543-7581x2117,Female,1941-11-27,2022-09-19
C004187,Jeremy,Hale,ugreen@example.com,(971)758-9180x53022,Male,1971-08-12,2025-03-22
C004188,Kevin,Garcia,andersonjohn@example.org,(243)553-0650x8391,Female,2002-12-08,2024-11-20
C004189,Danny,Anderson,rasmussenjavier@example.net,720-797-9232x15671,Male,1953-01-13,2022-07-28
C004190,Donna,Melton,frazierashley@example.com,346-354-0048x239,Male,1968-05-15,2025-12-24
C004191,Sharon,Knight,lucas31@example.net,(941)366-3632x13409,Female,1977-01-24,2021-11-03
C004192,Michael,Sanchez,qgentry@example.org,393-579-2424,Male,1966-06-18,2023-10-10
C004193,Brandy,Smith,ann59@example.org,001-521-666-9057x66070,Male,1990-09-21,2025-04-04
C004194,Linda,Soto,conradregina@example.net,+1-642-252-9764x0372,Female,1943-04-26,2023-02-16
C004195,Charles,Diaz,jenniferdaniel@example.org,309-414-8632,Female,1940-02-01,2024-09-19
C004196,Mary,Hernandez,cooperrobert@example.com,+1-695-892-2115x5870,Male,1941-08-28,2023-04-21
C004197,Thomas,Hernandez,fyoung@example.com,+1-271-263-3611,Male,2000-02-01,2023-08-07
C004198,Steven,Nunez,louis12@example.net,538-802-2826x146,Female,1966-08-30,2022-12-29
C004199,Melinda,Gutierrez,egarcia@example.org,515.809.8032,Male,1984-03-25,2026-05-24
C004200,Aaron,Whitehead,johnsonandrea@example.net,001-851-807-8105,Female,1978-02-25,2021-12-15
C004201,Rachel,Cruz,christina71@example.org,756-913-4180x02494,Male,1964-12-23,2023-05-08
C004202,Amanda,Baker,davidjones@example.net,985.871.7878,Female,1946-12-16,2025-02-17
C004203,Amy,Choi,varnold@example.net,(217)524-7239x934,Male,1975-06-14,2022-04-26
C004204,Diane,Miles,baldwintracy@example.com,(277)701-3729x421,Female,1983-10-19,2021-10-08
C004205,Matthew,Cox,theodorehatfield@example.net,001-729-301-6568x81387,Male,1986-12-29,2023-08-14
C004206,Jacob,Davis,sandramills@example.com,+1-508-910-1570x955,Female,1975-07-03,2022-12-01
C004207,Brandy,Meyers,laurathomas@example.com,001-807-544-4290x3381,Male,1988-12-10,2024-12-26
C004208,Amanda,Cervantes,hansengary@example.org,2996731099,Male,1941-02-11,2023-11-13
C004209,Steven,Gonzalez,larsendarius@example.net,910.865.2021,Male,2006-04-17,2025-07-11
C004210,Glenn,Bryant,whitederek@example.org,+1-298-637-2426x401,Male,1938-02-24,2024-10-28
C004211,Laura,Rowe,susan49@example.org,497.753.1742x174,Male,1944-08-17,2026-04-22
C004212,Debra,Morris,julie11@example.net,5033129272,Male,1995-01-06,2023-05-15
C004213,Michael,Shelton,cathy52@example.com,810.644.4268x218,Male,1969-03-06,2022-10-22
C004214,Stacey,Hall,wwagner@example.org,(583)891-7696x36099,Female,1939-04-10,2024-10-27
C004215,Phillip,Quinn,wcastro@example.com,001-208-427-1858,Female,1973-12-08,2021-09-10
C004216,Katie,Bailey,toddhill@example.net,257.270.7627,Male,2003-09-03,2023-12-02
C004217,Cheryl,Jackson,danielmccormick@example.org,626.556.1270x034,Male,1970-08-31,2021-09-13
C004218,Evan,Thompson,sromero@example.net,(968)847-6464x36007,Male,1977-10-27,2024-04-03
C004219,William,Kramer,hectordonovan@example.org,7504636262,Male,1950-06-28,2022-11-26
C004220,Carl,Richards,sandra46@example.org,299.312.1336x728,Male,1938-06-08,2023-06-07
C004221,Linda,Stone,uanderson@example.org,001-420-627-0945x2789,Female,1939-02-24,2026-04-20
C004222,Darren,Davis,bperez@example.org,(739)692-1970x863,Male,1970-02-22,2024-03-03
C004223,Jennifer,Jordan,qmartin@example.net,503.715.5831x99688,Female,1994-05-01,2023-05-06
C004224,Brittany,Smith,sarah31@example.org,+1-597-623-8245x56715,Male,1965-04-14,2024-03-22
C004225,Joel,King,catherine25@example.com,+1-515-777-9224x460,Female,1944-04-15,2024-03-16
C004226,Michael,Walker,gonzalezelizabeth@example.net,001-631-734-8160x550,Female,1951-02-09,2022-10-21
C004227,Jennifer,Taylor,daytara@example.net,(306)252-6042x2447,Male,1987-10-16,2022-05-29
C004228,Jaime,Wade,kennethhayden@example.org,650-984-9784,Female,1993-01-26,2024-06-08
C004229,Alyssa,Patel,tscott@example.net,(928)434-3649x249,Female,1964-12-11,2024-11-03
C004230,Julie,Pope,jamie36@example.net,672.953.6165,Male,2003-07-25,2025-09-24
C004231,William,Vaughn,adamsphilip@example.net,+1-432-860-6943x3636,Female,2006-02-02,2022-05-21
C004232,Carla,Jones,joneswilliam@example.org,882-505-3778x8885,Male,1965-02-22,2022-04-24
C004233,Kyle,Kelly,brownchristopher@example.org,(944)635-0036,Female,1969-01-05,2021-07-10
C004234,Ana,Wells,erin27@example.com,001-215-283-9086x0859,Male,1947-11-24,2026-05-15
C004235,Ann,Quinn,justin29@example.com,667-712-8914,Male,1955-03-20,2025-12-11
C004236,Brandon,Williams,zrichards@example.com,824-215-0149x740,Female,1981-04-08,2023-02-08
C004237,Erika,Wilson,lstevens@example.net,529.316.6893,Female,1986-04-12,2025-05-25
C004238,Jennifer,Foley,emcintosh@example.com,6494285584,Female,1986-03-25,2023-11-29
C004239,Lindsay,Walton,whiteheadnancy@example.com,717.855.5152x641,Male,1989-03-10,2021-10-22
C004240,Alexandra,Blair,jenniferjohns@example.net,(820)588-3686x62775,Female,1991-08-11,2025-09-05
C004241,Tonya,Reeves,vmcconnell@example.net,001-867-675-2483,Male,1953-02-01,2026-05-31
C004242,Michael,Weber,carolyn19@example.org,373.576.7959,Male,1996-06-12,2025-01-11
C004243,Michelle,Clark,qmartin@example.com,974-695-0101x0301,Male,1970-07-08,2022-03-15
C004244,Vickie,Gregory,megan73@example.org,001-677-741-1475x96308,Male,1938-04-26,2023-01-14
C004245,Susan,Caldwell,osbornejames@example.net,735.514.2758x491,Male,1947-03-01,2024-12-07
C004246,Christopher,Patterson,jthompson@example.com,867-286-6777x945,Female,1982-01-31,2021-07-14
C004247,Darryl,Diaz,josephrivera@example.org,+1-480-644-8360x49649,Female,1945-06-23,2025-08-04
C004248,Amanda,Briggs,kellyvasquez@example.org,635.825.6640,Male,1961-08-21,2026-01-27
C004249,Justin,Bennett,hannah70@example.com,(487)849-0682,Male,1951-02-24,2022-05-10
C004250,Brianna,Jordan,connor06@example.net,5958898359,Female,2000-11-03,2025-07-23
C004251,Cynthia,Douglas,clarkchristopher@example.net,+1-245-425-8606x15365,Male,1996-03-31,2024-12-08
C004252,Riley,Hall,kjackson@example.com,437.624.1362x36739,Male,1953-10-31,2022-03-02
C004253,Stephanie,Jackson,hturner@example.com,392.640.0309x67031,Female,1993-08-25,2023-01-06
C004254,Leah,Holmes,eric14@example.org,853-821-9678,Male,1994-05-12,2024-01-25
C004255,Tiffany,Sullivan,lsmith@example.net,412.488.2663,Female,1974-07-01,2025-10-30
C004256,Sarah,Myers,josephmoore@example.com,(959)476-6804,Male,1946-09-24,2026-07-03
C004257,Keith,Bell,albertsmith@example.com,906.442.6884x23830,Male,1977-04-26,2021-07-08
C004258,Jennifer,Campbell,melanie39@example.com,909.301.0581x20861,Female,1944-07-06,2024-01-30
C004259,Brittany,Meyers,allen94@example.org,852-831-7701,Female,2003-08-27,2023-10-24
C004260,Brittany,Peters,cindy56@example.net,340-981-5257x9306,Male,1942-12-04,2025-06-25
C004261,David,Maynard,jenniferhumphrey@example.org,643-588-2532,Female,1955-12-18,2025-04-14
C004262,Cheryl,Allen,adam90@example.com,430.348.3011x67555,Male,1963-02-17,2025-05-05
C004263,Corey,Vega,caguirre@example.com,(895)715-5224x013,Male,1936-12-28,2026-04-11
C004264,Miguel,Alexander,ismith@example.net,+1-715-420-9107x7297,Male,1950-01-08,2025-12-05
C004265,Jennifer,Castro,ecaldwell@example.net,+1-230-848-3882x2861,Female,1985-02-18,2025-05-04
C004266,Matthew,Lyons,nancy07@example.net,426-678-6977,Male,2008-04-09,2023-06-17
C004267,Stephen,Scott,brandijohnson@example.net,001-787-500-2652x1366,Male,1988-10-05,2024-07-16
C004268,Tammy,Gates,nhernandez@example.net,001-218-784-7231x9769,Male,1948-10-24,2022-03-27
C004269,Maria,Franklin,teresa13@example.org,+1-981-266-0266x500,Female,1988-05-02,2022-08-22
C004270,Jeremy,Wright,perezsteven@example.org,001-207-594-7054x6909,Female,1965-10-25,2025-02-21
C004271,Sheena,Valdez,dustin93@example.net,+1-837-649-4562x841,Female,1974-10-29,2021-12-13
C004272,John,Stephens,walkerlisa@example.org,001-447-317-5496x424,Male,1959-07-20,2022-06-07
C004273,Amy,Perez,lstanton@example.net,(902)463-7692,Female,1990-06-04,2024-08-16
C004274,Timothy,Williams,kylekelly@example.com,(622)510-1142x5666,Male,1942-04-24,2025-06-02
C004275,Jessica,Cardenas,wcontreras@example.org,789-272-2109,Male,1938-09-12,2024-09-13
C004276,Claudia,Wilson,eperez@example.net,4306414446,Male,2008-05-11,2022-01-09
C004277,David,Wood,anthony57@example.org,454-896-2010x6011,Male,1984-07-07,2024-12-03
C004278,Nicole,Wilson,kelsey09@example.com,3962386947,Female,1962-10-30,2022-02-09
C004279,Jesse,Zuniga,kyledavis@example.net,+1-780-614-6542x04809,Male,1976-09-29,2021-09-30
C004280,Joel,Bell,dorisrose@example.com,990.322.0461x3840,Male,1969-12-30,2022-03-10
C004281,Anthony,Tyler,brittney27@example.org,6494109154,Female,1964-12-08,2026-06-29
C004282,Todd,Vang,onealjoshua@example.com,(294)278-2259x70649,Female,1971-12-12,2025-04-04
C004283,Angela,Richards,emilylewis@example.org,810-857-5435x71489,Female,1948-05-06,2023-03-18
C004284,Christopher,Henderson,goldenmark@example.org,219.763.2813x930,Female,1985-10-20,2026-03-22
C004285,Brandy,Hansen,ronald18@example.net,(834)241-0886x17739,Male,1961-04-15,2021-12-24
C004286,David,Lee,william30@example.org,794.520.5766,Male,2002-11-21,2025-08-07
C004287,Gina,Roth,hollowayheather@example.com,+1-940-735-7411x208,Female,1955-12-10,2024-06-17
C004288,Willie,Wright,amycharles@example.net,3112016767,Female,1968-03-20,2023-03-13
C004289,Ronald,Peck,jenna97@example.net,903-561-5183x0535,Male,2003-01-05,2026-06-23
C004290,Christopher,Coleman,msullivan@example.com,917.338.1740x465,Female,1948-05-28,2025-03-08
C004291,Laura,Carr,pblevins@example.com,794-382-5326,Female,1996-04-10,2021-09-21
C004292,Brian,Sanchez,clarkkelly@example.com,001-726-379-9551x45445,Female,1997-10-18,2025-05-29
C004293,Justin,Garza,anthony87@example.com,+1-354-982-2857x17829,Male,1936-08-20,2024-07-20
C004294,Melissa,Atkins,amy53@example.com,3249773536,Male,1980-11-07,2022-04-05
C004295,Dorothy,Villanueva,brent10@example.com,+1-608-598-5958x8585,Female,1988-12-14,2022-02-02
C004296,Margaret,Lopez,goodwindonald@example.org,683-315-8254x092,Male,1996-12-24,2023-12-14
C004297,Lauren,Tran,xwalton@example.net,976.837.4217,Female,1946-08-17,2022-12-23
C004298,Robert,Butler,travislewis@example.com,2247027673,Male,1970-07-29,2024-08-02
C004299,David,Rose,garciabrittany@example.org,513.236.1293,Female,1964-04-12,2021-10-12
C004300,Aaron,Perez,kellygilbert@example.com,693.527.2385x5116,Female,1946-01-18,2025-09-22
C004301,Willie,Peterson,craigsmith@example.net,988.655.2575x05759,Male,1975-02-08,2021-09-07
C004302,Andrea,Ware,porterjohnny@example.org,822-800-9090x3360,Male,1969-07-10,2025-09-09
C004303,Jacqueline,James,robinperez@example.org,790.645.8404x46304,Female,1984-12-30,2022-11-14
C004304,Bryce,Cortez,davieskarina@example.org,(647)474-6773x152,Male,2000-07-26,2022-04-29
C004305,Ryan,Hernandez,matthew17@example.com,+1-744-609-1721,Male,1987-06-26,2025-11-15
C004306,Aaron,Sims,carlaward@example.com,585.841.5537x378,Female,1997-01-26,2026-03-25
C004307,Marie,Lambert,kathrynfowler@example.com,(469)293-1403x391,Female,2003-01-18,2023-04-28
C004308,Juan,Wright,davidmcdowell@example.org,(881)765-4595,Male,1976-03-09,2024-05-05
C004309,Rita,Patel,richardsoncandace@example.net,+1-474-819-2845,Female,1952-06-04,2022-06-12
C004310,Jessica,Castillo,aboyd@example.com,947.303.7324x844,Female,2004-07-27,2023-08-08
C004311,Rick,Johnson,riverabenjamin@example.com,852.970.3932,Female,1949-06-23,2021-10-03
C004312,Lorraine,Benitez,katie41@example.org,6033370430,Male,1945-02-10,2024-07-28
C004313,Joyce,Mcdonald,roberthenderson@example.org,+1-896-750-8390x7385,Male,1948-05-19,2025-03-19
C004314,Andrew,Luna,rbarnett@example.net,+1-356-931-0010x0096,Female,1954-02-05,2024-06-17
C004315,Vincent,Palmer,rsantos@example.net,925-692-0636,Male,1948-06-23,2023-07-04
C004316,Beth,Jones,maria14@example.com,4885075230,Male,1939-04-25,2024-03-08
C004317,Donald,Olson,michael66@example.org,001-346-258-5916x8435,Male,1981-03-04,2023-10-08
C004318,Stephanie,Ramirez,lisavelasquez@example.org,+1-789-508-0816,Female,2004-05-07,2025-03-18
C004319,Teresa,Walters,jdavidson@example.net,(378)711-9792,Male,1965-04-22,2022-06-03
C004320,Nancy,Randolph,kgonzalez@example.com,294.453.6043,Female,1977-05-24,2024-07-06
C004321,Philip,Hernandez,swalters@example.com,+1-679-794-9306,Female,1975-11-18,2026-06-18
C004322,Dennis,Sanchez,armstrongjacob@example.net,277.887.1532x78680,Female,1990-04-23,2022-07-18
C004323,Tyler,King,castroadriana@example.net,001-874-215-2760x8781,Female,1989-05-18,2025-03-19
C004324,Mary,Garza,snyderjoel@example.com,686-793-3345,Female,1943-01-21,2023-03-01
C004325,Angelica,Dunn,susanmorgan@example.org,(642)453-1431,Female,1965-03-22,2022-04-06
C004326,Don,Frey,earl50@example.com,291.270.5538x9334,Female,2005-03-04,2021-12-25
C004327,Jeremy,Alexander,amullen@example.com,878.627.9521,Female,1990-11-18,2023-04-01
C004328,Ashley,Estrada,rrodriguez@example.net,899-522-0319,Male,2005-09-14,2024-08-18
C004329,Justin,Campbell,iharris@example.com,674.422.1485x975,Female,1959-04-29,2025-08-17
C004330,George,Rocha,denisehanson@example.net,001-805-824-6492x56470,Male,2002-10-11,2025-09-23
C004331,Evan,Leonard,nicolehughes@example.com,297-890-0445x45164,Male,1981-07-26,2026-02-14
C004332,Rhonda,Campbell,ashleydaniel@example.org,797.588.7133x8261,Male,1971-02-06,2023-01-01
C004333,Cynthia,Jones,fjohnson@example.com,485.893.0867,Female,1939-10-04,2022-01-22
C004334,Rodney,Bell,theresaharrison@example.org,6128952520,Male,1965-05-01,2025-11-05
C004335,Tracie,Delacruz,jonathankennedy@example.net,001-860-986-0613x381,Female,1938-07-24,2025-03-24
C004336,Melissa,Harrington,dmartinez@example.org,951-622-2385,Female,1977-05-31,2024-09-24
C004337,Eric,Aguirre,banksjessica@example.org,8415521863,Female,1995-09-24,2024-05-20
C004338,Ryan,Stephenson,frankhodges@example.net,+1-454-608-2225x25807,Female,1978-01-10,2025-11-20
C004339,Stephen,Hodges,erica22@example.net,(467)789-5649,Female,1951-03-15,2022-11-02
C004340,Robert,Day,matthewlittle@example.com,(584)272-0032x08453,Male,2001-11-10,2026-03-30
C004341,Samantha,Faulkner,cjohnson@example.org,903.402.6198x98310,Male,2006-12-28,2024-01-27
C004342,Melanie,Franco,nicholas93@example.org,7982576957,Male,1965-05-12,2022-10-17
C004343,Jimmy,Evans,victor03@example.org,+1-315-736-1106x65963,Male,1936-02-01,2023-01-02
C004344,Scott,Evans,rdavila@example.com,(273)827-1428,Male,1936-07-10,2024-06-30
C004345,Stephanie,Gonzalez,smithlisa@example.com,(588)237-7087x848,Male,1998-05-04,2023-09-27
C004346,Kimberly,Burns,joneswilliam@example.com,738-630-8246,Male,1976-07-28,2022-06-20
C004347,Paul,Gonzales,virginia28@example.net,(381)744-8087x950,Female,1953-10-30,2025-06-05
C004348,Valerie,Savage,josephsmith@example.org,(212)668-4873,Female,1986-03-18,2025-04-19
C004349,Karen,York,vwarren@example.com,(610)555-2549x7454,Male,1994-12-08,2025-09-07
C004350,Tasha,Grant,kimberly73@example.org,+1-943-526-7214x55395,Female,1970-11-05,2023-09-06
C004351,Lauren,Campbell,sharon31@example.org,(346)317-1787,Female,1975-05-29,2024-10-31
C004352,Sandra,Pitts,fweiss@example.net,(535)279-7886,Male,1970-07-18,2025-09-17
C004353,Michelle,Pace,spenceramber@example.net,001-430-544-1075,Female,1994-03-11,2026-01-22
C004354,Candace,Sexton,kjames@example.net,807.957.3554x1311,Female,1980-07-02,2022-05-30
C004355,Brooke,Snyder,kimberlyray@example.com,001-532-738-7675x774,Female,1973-04-13,2023-05-23
C004356,Michael,Lee,ronaldgregory@example.net,(224)305-7302x34609,Female,1967-11-03,2023-07-05
C004357,Leslie,Wall,hcobb@example.org,+1-278-797-8377x844,Female,1985-03-30,2022-01-12
C004358,Alisha,Pope,rodneystevens@example.com,001-483-203-6429x9566,Male,2003-03-22,2025-02-11
C004359,Jamie,Koch,bonilladavid@example.org,337.569.3781x2072,Male,1951-01-11,2026-06-26
C004360,David,Nguyen,butlersamuel@example.org,6788892225,Female,1970-12-27,2022-10-21
C004361,Daniel,Thompson,spearsvanessa@example.net,001-587-776-7934x9896,Male,1951-04-11,2023-06-08
C004362,Victoria,Boyd,mcardenas@example.net,3872924755,Female,1961-04-21,2022-07-25
C004363,Shannon,Barrett,nblair@example.org,+1-809-364-5364x5434,Male,1975-07-18,2026-04-21
C004364,Christopher,Williams,tjames@example.com,(894)479-7177,Male,1999-07-04,2021-08-12
C004365,Walter,Wilson,tamara93@example.com,859-376-2150,Female,1974-10-04,2025-12-28
C004366,Timothy,Smith,mccartyangela@example.net,(502)940-7683x83295,Male,1961-11-20,2024-10-16
C004367,William,Brown,jill23@example.net,802-516-4316x03802,Male,1980-09-30,2026-02-25
C004368,Michael,Peterson,kellyjohnson@example.net,001-776-210-7092x30900,Male,1959-08-09,2023-01-02
C004369,Jesse,Rodriguez,dustin07@example.com,(553)600-4179x9517,Female,1937-03-29,2025-05-17
C004370,Karen,Bell,reynoldsnicholas@example.net,879.598.3044,Female,1973-08-13,2022-03-20
C004371,Lauren,Davidson,adamcharles@example.com,001-927-506-9581,Female,1997-02-22,2025-07-17
C004372,Omar,Mcconnell,gmiddleton@example.net,2742401319,Female,1978-08-26,2023-10-18
C004373,Jenna,Miller,wandawhitaker@example.net,(869)783-4906x28485,Male,2001-05-24,2024-01-17
C004374,Miranda,Taylor,mendozajennifer@example.net,464.608.3280x63886,Male,1994-12-01,2022-07-01
C004375,John,Thompson,jhorton@example.com,(310)539-5201,Female,1995-12-12,2025-07-28
C004376,David,Obrien,hineseric@example.org,240.451.7504,Male,1977-05-29,2026-06-04
C004377,Brian,Sheppard,bleonard@example.net,001-707-874-8309,Male,2001-05-10,2024-06-25
C004378,Daniel,Sullivan,sotomelanie@example.org,+1-351-596-1708x730,Male,1961-07-16,2022-10-30
C004379,Michael,Valencia,sherry93@example.com,+1-330-238-0894x221,Female,1959-09-11,2021-07-11
C004380,Ashley,Ellis,rgillespie@example.net,(652)284-3758x27649,Female,1937-04-10,2024-09-22
C004381,Samantha,Coleman,lozanobrandon@example.org,679-232-1261x54592,Female,1997-12-16,2025-03-17
C004382,William,Chambers,kevinmccoy@example.com,517.999.4116x0492,Female,1943-06-11,2024-08-03
C004383,Timothy,Harrell,jeremyanderson@example.net,902.781.1811x000,Female,1960-11-10,2023-09-12
C004384,Michael,Davis,tina15@example.com,477.466.4658x84643,Female,1937-05-21,2021-09-01
C004385,Cheryl,Hardy,longchristian@example.com,509-662-9070x711,Female,1966-12-20,2026-05-06
C004386,Patricia,Weaver,schwartzjennifer@example.net,+1-564-404-3514x9234,Male,1972-02-02,2021-10-14
C004387,Molly,Reed,evanbright@example.org,001-417-331-1024x0257,Male,1980-02-06,2026-04-23
C004388,Nancy,Murphy,efox@example.org,6296992798,Female,1972-05-25,2023-10-18
C004389,Todd,Forbes,lori89@example.com,+1-235-636-2791x56382,Female,1957-06-10,2025-07-16
C004390,Eric,Lee,connororozco@example.net,001-969-919-2739x63915,Male,1977-01-28,2026-04-23
C004391,Loretta,Hernandez,dawnjohnston@example.net,+1-427-727-6383,Male,1949-07-15,2024-10-05
C004392,Hannah,Jones,thomas55@example.org,866.392.2367x50339,Male,1938-11-06,2025-08-23
C004393,Betty,Pena,russellcochran@example.com,001-543-588-9453x04944,Female,1951-02-14,2023-04-10
C004394,Stephanie,Welch,stephanie30@example.com,2399078689,Male,2005-07-15,2021-11-06
C004395,John,Joseph,staylor@example.com,(790)244-6920x614,Male,1949-07-30,2024-07-23
C004396,Charles,Vega,marycollins@example.com,001-614-501-1866x8942,Female,1954-04-28,2025-12-21
C004397,Virginia,Armstrong,waltonfrank@example.com,975-475-2971,Female,1940-10-05,2025-06-24
C004398,Teresa,Campos,christinawilson@example.net,7573062063,Male,1944-11-04,2022-04-30
C004399,Lisa,Williams,howardjonathan@example.net,254-624-1171x574,Male,1993-01-15,2025-05-09
C004400,Michelle,Mcclain,schneidersusan@example.net,462-352-0410x8193,Female,1972-05-26,2021-12-18
C004401,George,Hanna,yvelasquez@example.net,258.465.1018,Male,1973-09-11,2025-09-28
C004402,Margaret,Beck,harry24@example.net,(801)629-2228x8389,Female,1987-10-30,2026-02-17
C004403,Larry,Russo,anncarter@example.org,311-309-4139x27591,Male,1984-07-14,2025-09-15
C004404,Ronald,Williams,jeffreysmith@example.org,+1-362-242-8798x1959,Male,1945-04-12,2024-02-01
C004405,Kevin,Ware,smithderrick@example.com,001-779-249-3949,Male,1969-05-12,2026-02-07
C004406,Bradley,Chavez,sextonmelissa@example.org,611.940.4609x1674,Female,1945-03-16,2024-10-04
C004407,Ashley,Kim,pheath@example.net,412.520.8908,Male,1939-12-08,2022-04-07
C004408,Luis,Bell,kschwartz@example.com,+1-311-599-7354,Female,1945-01-08,2022-10-19
C004409,Gloria,Silva,tannerlevy@example.net,463.385.5070,Male,1981-06-28,2024-01-20
C004410,Melinda,Miller,johnowen@example.net,229.528.7094x83227,Female,2003-04-27,2026-05-05
C004411,Amanda,Gonzalez,lauren86@example.com,(522)524-9322x1672,Male,1983-08-14,2021-08-27
C004412,Steven,Brown,castanedarachel@example.net,3608052482,Male,1959-12-06,2024-08-01
C004413,Natalie,Benson,shepardalyssa@example.org,001-499-776-2357x18791,Female,2004-12-10,2025-09-29
C004414,Christine,Wright,kenneth30@example.net,(544)715-2331x33408,Male,1949-08-20,2026-06-13
C004415,Samantha,Cole,andrewwilliams@example.net,846-217-2271,Female,1986-12-03,2022-08-21
C004416,Pamela,Duran,karen04@example.com,584.899.2581x44332,Female,1953-02-15,2023-01-06
C004417,Donna,Evans,richardbooth@example.net,8182137488,Female,1946-12-06,2024-08-20
C004418,Lee,Espinoza,newtonadam@example.com,+1-675-617-3748x962,Male,1958-04-28,2024-02-26
C004419,Makayla,Lambert,perkinslori@example.org,520-621-1368,Male,1985-10-03,2023-11-18
C004420,Kristen,Thomas,ekim@example.org,488-979-9171,Male,1949-04-08,2026-02-26
C004421,Leslie,Watts,djohnson@example.com,(369)948-3812x997,Female,1974-02-02,2024-07-29
C004422,Julie,Smith,ronald68@example.com,+1-341-848-3827x057,Female,1997-06-14,2021-10-23
C004423,Jonathan,Cuevas,alexpearson@example.net,001-513-375-6769x958,Male,1959-06-06,2023-06-12
C004424,Gregory,Watson,sherylbeck@example.org,(562)262-8401x965,Female,1998-08-25,2025-09-24
C004425,Rebecca,Fernandez,kaufmankyle@example.org,537-542-0250x24305,Male,1970-10-31,2021-07-28
C004426,Kenneth,Anderson,nedwards@example.net,+1-325-285-4736x65213,Male,1937-06-18,2023-11-04
C004427,Rachel,Taylor,lunaherbert@example.org,+1-644-919-6483x332,Female,1996-07-01,2021-12-29
C004428,Sean,Kennedy,jessemacias@example.org,(984)712-5841x985,Male,1988-03-07,2023-03-07
C004429,Emily,Owens,jacob26@example.org,4329482346,Female,1958-06-02,2026-05-30
C004430,Larry,Wright,amanda28@example.com,(958)950-2758x077,Female,1941-04-13,2025-06-04
C004431,Jennifer,Cunningham,gregory77@example.com,8787144644,Male,2001-08-13,2025-08-25
C004432,Amanda,Whitney,hpaul@example.com,(532)789-0163,Male,1939-01-22,2023-08-12
C004433,Caleb,Mata,muellermichael@example.org,001-220-791-4629x618,Female,1966-06-01,2022-01-01
C004434,Anthony,Marsh,timothysmith@example.com,+1-549-238-3944,Male,1936-06-27,2023-02-19
C004435,Jason,Neal,ytapia@example.net,6867028190,Male,1936-07-28,2021-10-21
C004436,Stephanie,Smith,xbrown@example.com,(730)643-8066x874,Male,1967-09-13,2023-08-29
C004437,Erik,Walls,joshuadavis@example.net,727-809-8338,Male,1945-11-26,2025-07-07
C004438,Nicole,Sullivan,campbelldavid@example.net,+1-463-654-0096x537,Male,1959-08-19,2025-09-26
C004439,Judy,Morrison,esanchez@example.org,+1-721-343-7416x558,Female,1981-09-07,2025-08-05
C004440,Melissa,Wallace,umalone@example.org,001-758-482-5154x49798,Female,1955-01-09,2022-06-22
C004441,Andrea,Bailey,johnmorse@example.com,001-732-300-4713x256,Female,1985-10-29,2023-07-04
C004442,Nicole,Miller,mccanndale@example.com,329-588-9326x74273,Female,1972-02-18,2023-04-02
C004443,Kathleen,Kelly,nerickson@example.com,(343)523-8256x95209,Male,1947-06-14,2025-04-20
C004444,Holly,Jensen,corey94@example.com,(817)949-6520,Male,1936-08-08,2023-01-02
C004445,Katherine,Valdez,zamoraheather@example.com,(319)926-4906,Female,2001-12-27,2024-11-27
C004446,Kimberly,Jones,quinnlinda@example.com,(754)484-2655,Female,1963-02-17,2025-10-24
C004447,Ryan,Brown,xmurray@example.com,431-682-8745x87211,Male,1989-11-01,2024-12-21
C004448,Tonya,Dunn,xvalenzuela@example.com,(834)824-2840x47164,Male,2002-11-15,2024-04-11
C004449,Amanda,Dean,owenmonica@example.com,389-894-8905x78015,Male,1981-08-01,2022-11-21
C004450,Jerry,Lucero,olamb@example.com,(426)342-1763x57476,Male,1954-06-11,2022-12-04
C004451,Elizabeth,Chapman,hhensley@example.net,+1-549-625-7171x9294,Female,1952-07-06,2024-08-27
C004452,Michelle,Calhoun,jason32@example.com,449.256.4879x1777,Female,2004-10-23,2023-10-27
C004453,Shane,Flowers,andrewhernandez@example.net,+1-303-503-3876x8552,Female,1937-10-20,2025-05-08
C004454,Brandon,Bell,matthew96@example.net,+1-753-929-3564,Male,1993-12-28,2022-10-01
C004455,Sara,Moore,ywyatt@example.net,+1-799-657-1297,Female,1951-06-16,2021-10-31
C004456,Michelle,Higgins,ffletcher@example.com,+1-292-204-7580x602,Male,1954-12-16,2024-04-08
C004457,Brian,Buckley,jessicasanchez@example.com,+1-641-837-5595x677,Female,1965-02-25,2023-07-05
C004458,Tina,Moreno,sandersdalton@example.org,940.752.5707x8578,Female,1988-05-15,2024-04-10
C004459,David,Gaines,mariahgray@example.org,388-467-4244x32711,Male,1978-03-17,2025-05-07
C004460,April,Madden,ian06@example.net,215-772-3199x8232,Male,1945-11-11,2026-01-25
C004461,Alexis,Sanchez,svelazquez@example.org,001-589-804-2927x978,Female,1966-04-25,2024-10-04
C004462,Robert,Hawkins,martinezkenneth@example.org,001-945-811-3565,Female,1956-07-15,2022-04-08
C004463,Veronica,Williams,cynthia46@example.org,001-773-619-1287x846,Female,1982-02-23,2023-11-29
C004464,Trevor,Chavez,maria89@example.com,476-739-3789x613,Male,1975-04-23,2025-09-15
C004465,Cynthia,Conner,brianjohnson@example.org,831.821.6783,Female,2000-06-24,2023-06-17
C004466,Steven,Thompson,millerwilliam@example.com,+1-597-236-3466x93934,Female,1941-06-05,2024-06-09
C004467,Brent,Singleton,debraday@example.org,+1-496-548-6987x80901,Male,2008-06-09,2024-01-21
C004468,Steven,Taylor,timothyrobinson@example.org,+1-663-530-8216x3376,Female,1979-12-15,2025-03-06
C004469,Kayla,Carpenter,megansnyder@example.com,479-827-6122,Female,1987-09-15,2026-03-21
C004470,Jacob,Lynch,spope@example.org,(313)671-6697,Male,1993-01-28,2024-05-04
C004471,Allison,Lowe,lfrazier@example.net,646-548-6236x07793,Male,2002-11-12,2022-01-23
C004472,Brett,Howell,willie70@example.org,(903)578-0495x48948,Male,1957-11-16,2022-02-24
C004473,Matthew,Robinson,qrivas@example.org,586.367.9073,Female,1944-06-25,2021-10-05
C004474,Michael,Carrillo,nicolewilliams@example.com,+1-632-465-4618x3916,Male,1980-09-03,2023-05-25
C004475,James,Phillips,nicholas99@example.com,266-778-9793x740,Male,1991-10-12,2023-03-25
C004476,Todd,Martin,wrightmichael@example.com,001-415-631-1949x1351,Female,1988-06-15,2022-11-25
C004477,Lauren,Davis,pamelahanson@example.org,921-410-0995,Male,1946-01-22,2024-09-04
C004478,Brooke,Baird,charlesgomez@example.org,292-351-6000x8653,Male,1967-01-05,2024-06-28
C004479,Kelly,Moyer,thomasfloyd@example.org,708-525-6042x950,Female,1989-12-18,2021-12-28
C004480,Karen,Ford,gcrosby@example.org,491.366.3200x5620,Male,1988-04-20,2022-06-01
C004481,Michael,Mcpherson,garrisonshawn@example.org,001-376-610-5963x72349,Male,1979-07-31,2025-05-18
C004482,Carlos,Schneider,sharongray@example.net,725.418.2969x188,Male,1964-03-17,2024-04-15
C004483,Thomas,Peck,westrhonda@example.org,469.580.6593,Male,1974-09-26,2022-04-13
C004484,Ann,Williams,ellisanna@example.org,213-544-6911,Female,1942-11-30,2023-04-27
C004485,Michael,Edwards,michael72@example.net,314-921-3234x8898,Female,2002-02-08,2021-10-20
C004486,Matthew,Davis,mmorrison@example.com,001-802-392-2125x512,Female,1993-04-25,2023-05-24
C004487,Christina,Ortiz,brenda88@example.net,383-969-2537,Male,1981-06-25,2022-11-22
C004488,Patricia,Andersen,justin35@example.com,+1-495-689-6960x4603,Male,1957-11-26,2024-06-18
C004489,Cynthia,Mcbride,dianebishop@example.org,748-253-6571,Female,1992-07-18,2021-07-08
C004490,Henry,Cowan,rodriguezpatricia@example.org,001-278-548-8203x40052,Male,1951-05-22,2026-01-07
C004491,Beverly,Wilson,bradleysanders@example.net,+1-344-467-9010,Male,1987-03-22,2022-03-02
C004492,Philip,Lawrence,nhines@example.com,+1-672-865-4702x20077,Male,1968-05-01,2023-12-05
C004493,Carolyn,Vaughan,emiller@example.com,001-337-684-7671x1624,Male,1989-11-20,2021-11-25
C004494,Tyler,Keller,james20@example.org,(868)309-4158,Male,1941-11-15,2023-03-25
C004495,Natalie,Simpson,adkinsbrian@example.org,+1-442-234-9284,Male,1937-03-22,2025-03-05
C004496,Scott,Ortiz,doris51@example.com,(205)888-5303x2412,Female,2004-08-16,2021-11-14
C004497,Dale,Johnson,abigail45@example.com,997.984.8248x4911,Female,1958-03-23,2023-06-19
C004498,John,White,jennifermiranda@example.com,001-981-809-7051x407,Female,1976-08-29,2021-08-17
C004499,Michael,West,acevedodeborah@example.org,+1-713-368-9555x654,Male,1978-11-29,2023-01-11
C004500,Cynthia,Brown,amanda11@example.org,422.842.2011x970,Male,1980-05-23,2026-03-05
C004501,James,Robinson,roger79@example.com,9836524074,Male,1970-01-09,2024-08-03
C004502,Andrew,Fitzgerald,lauren01@example.org,001-904-499-4752x5313,Male,1988-11-09,2023-08-08
C004503,Frank,Deleon,mshaw@example.net,5915879064,Male,1994-02-14,2022-04-13
C004504,Johnny,Williams,lindajoseph@example.org,+1-609-343-7868x914,Male,1941-02-18,2022-12-25
C004505,Yolanda,Williams,xwilliams@example.org,+1-707-941-0444x36159,Male,1955-09-18,2022-12-15
C004506,Stephanie,Cummings,victoriarobinson@example.net,(910)237-9890x74703,Male,1968-08-23,2023-09-22
C004507,Antonio,Cunningham,hintondeborah@example.org,(882)347-7522x252,Male,1966-03-31,2021-09-26
C004508,Steven,Jones,smithsteven@example.com,(374)951-8842x719,Female,1996-04-02,2024-12-01
C004509,Traci,Smith,greenejoseph@example.org,347.691.8139x84415,Female,1976-03-23,2022-06-10
C004510,Jose,Mccullough,waltonmary@example.org,(388)967-3844x850,Male,1986-03-22,2026-06-08
C004511,Holly,Johnston,diane71@example.org,(664)542-6972x93226,Female,1944-04-23,2025-06-17
C004512,Maria,Moore,nshaw@example.com,200.364.0014x536,Female,1986-12-02,2024-12-21
C004513,Bryan,Smith,iaguilar@example.org,(412)678-8420x33809,Female,1997-05-20,2026-04-02
C004514,Rebecca,Robinson,rjackson@example.org,001-950-780-9892,Male,1964-02-13,2024-06-07
C004515,Albert,Fisher,martinezaimee@example.net,688-804-4660x56214,Female,1995-08-10,2021-12-01
C004516,Victoria,Young,odean@example.com,+1-221-359-2608,Female,1944-03-18,2024-01-18
C004517,Alex,Wall,cynthiaskinner@example.org,315-444-5296,Male,1955-11-06,2024-08-17
C004518,James,Rosario,kristopher27@example.com,+1-217-890-3820,Female,1939-08-10,2026-01-30
C004519,Nathan,Hawkins,laura46@example.org,8164557670,Male,1989-04-23,2024-04-18
C004520,Rachel,Mathews,tuckerkimberly@example.com,001-297-349-4686x84529,Female,1967-08-26,2026-04-14
C004521,Todd,Anderson,masonjamie@example.com,429-494-8483x2483,Male,1942-05-07,2022-01-18
C004522,Jonathan,Fitzgerald,wangscott@example.com,+1-894-304-7575,Female,1985-09-07,2021-07-16
C004523,Justin,Cline,perezsharon@example.net,771.337.2871,Male,1958-04-17,2025-12-30
C004524,William,Key,bakerkristin@example.com,217.351.5167x8183,Male,2000-11-13,2025-04-11
C004525,Joshua,Reeves,butlerdennis@example.org,292-939-2041x61164,Female,1974-12-11,2021-11-27
C004526,Stephen,Davis,williamsjonathan@example.org,+1-673-768-2647x4543,Male,1945-07-14,2026-05-16
C004527,Kevin,Russell,cruzholly@example.net,(588)433-0353x244,Male,1966-05-16,2025-05-04
C004528,Donald,Smith,tamara98@example.com,+1-348-651-9087x392,Male,1983-05-16,2021-09-19
C004529,Dustin,Floyd,john55@example.com,(872)352-0251,Male,1958-02-22,2022-03-12
C004530,Justin,Yang,emunoz@example.net,953.413.3084x205,Female,1979-01-26,2022-01-31
C004531,Katie,Andrews,michael32@example.net,3889291911,Female,1960-10-23,2025-12-28
C004532,Justin,Williams,crawfordlori@example.org,890.662.8168x86695,Female,1952-04-24,2021-09-07
C004533,Denise,Duran,larrycombs@example.org,+1-569-834-3475x689,Female,1994-06-04,2025-02-22
C004534,Samantha,Gilbert,suarezcollin@example.net,303.972.9153,Male,1962-07-16,2022-03-09
C004535,Austin,Rush,smithmadison@example.org,(911)817-7525,Female,1981-11-02,2023-07-19
C004536,Dale,Pena,tcoleman@example.net,639.434.6971,Male,1995-11-06,2023-06-01
C004537,Rhonda,Harrell,stephanieberger@example.com,4797533645,Male,1971-05-18,2021-09-03
C004538,Aaron,Guerrero,gbrown@example.org,(757)254-0608x892,Female,1961-02-08,2024-07-03
C004539,Linda,Carroll,wbryant@example.com,481-289-1122x4509,Male,1936-07-26,2023-07-18
C004540,Tammy,Pacheco,sean01@example.net,001-800-958-1069x0478,Female,1941-06-18,2023-04-04
C004541,Sherry,Cohen,danielscott@example.net,(813)437-4308,Female,1958-10-06,2021-09-02
C004542,Alexander,Hart,xerickson@example.com,824-335-6036x1443,Male,1955-05-16,2023-12-23
C004543,Walter,Adams,shari42@example.org,927.696.4447x800,Male,1967-12-10,2024-04-22
C004544,Robert,Pierce,wileypatrick@example.org,(276)291-1397x471,Male,1999-10-20,2022-09-04
C004545,Martha,Sawyer,karengreene@example.net,502.584.9801,Male,1958-02-16,2025-11-27
C004546,Felicia,Frank,lopezjeremy@example.org,(667)353-9398,Female,1986-09-12,2024-12-12
C004547,Sandra,Mcguire,amywall@example.net,001-732-238-8785x283,Male,1992-08-04,2025-05-25
C004548,Bethany,Blankenship,jenniferjohnson@example.net,(511)264-5745,Female,1945-04-20,2022-10-28
C004549,Stephanie,Barnes,thomas27@example.net,(379)578-0852x86143,Male,1982-06-18,2023-12-21
C004550,Richard,Navarro,berryalexandra@example.net,(938)876-3252x6524,Male,1987-11-18,2024-05-07
C004551,Bradley,Barry,greenrebecca@example.net,(725)607-5190,Male,1968-04-03,2024-03-22
C004552,Gregory,Howell,caitlyn81@example.org,+1-788-338-7092x80753,Male,1967-08-16,2023-05-23
C004553,Robert,Moore,rebeccamiller@example.com,879-739-5670x30393,Female,1970-06-22,2021-11-01
C004554,Kevin,Hobbs,romanteresa@example.net,+1-571-306-8176x96850,Female,1955-07-27,2022-02-08
C004555,Jose,Hill,vmontgomery@example.com,(502)400-3755,Female,2007-11-28,2025-02-12
C004556,Cheryl,Vaughn,brandonmay@example.org,263.674.2193x679,Female,1979-09-19,2023-10-04
C004557,Robyn,Navarro,ymaldonado@example.net,446-736-0387,Female,2004-09-05,2023-02-07
C004558,Amanda,Oneal,herbert08@example.org,809.316.7215,Female,1963-12-08,2021-10-18
C004559,Julia,Jenkins,cindy40@example.com,511.244.0241x658,Female,2008-05-19,2023-11-10
C004560,Michelle,Gibson,jmckinney@example.org,(914)872-4602,Female,1967-09-13,2021-09-06
C004561,Carolyn,Douglas,leonwendy@example.org,(652)808-4155,Female,1942-08-12,2026-06-17
C004562,Blake,Alvarez,caroloneal@example.org,964-708-9742,Female,1943-12-31,2025-01-05
C004563,Gary,Stout,jared63@example.com,+1-615-278-3835x25512,Female,1944-08-15,2021-10-29
C004564,Charles,Fletcher,eric49@example.org,+1-639-526-5189x6466,Male,1971-09-23,2022-01-03
C004565,Mikayla,Green,crystalhoffman@example.com,696-884-6323x45479,Male,1963-08-11,2022-03-01
C004566,Leslie,Rodriguez,ibrown@example.net,+1-727-668-0589x08661,Female,1975-07-31,2024-12-22
C004567,Bridget,Johnson,iarellano@example.com,402.400.1401x1025,Female,1947-03-20,2025-09-23
C004568,Eileen,Watson,frussell@example.org,001-619-719-2688x57298,Male,1947-02-22,2025-06-02
C004569,Christina,Peterson,russelljennifer@example.org,602-209-8570,Female,1979-05-01,2025-09-12
C004570,Rhonda,Huang,xlarson@example.org,+1-961-208-9598x041,Female,1966-10-21,2025-01-31
C004571,Carly,Anderson,lewisjennifer@example.com,227.755.2268x100,Male,1941-06-09,2025-01-16
C004572,Christine,Maldonado,tthompson@example.org,898.838.2848x91349,Female,1968-01-29,2021-12-14
C004573,Amy,Rivera,donald43@example.com,2776692736,Female,2000-09-04,2022-11-22
C004574,Joe,Owens,andrea14@example.com,496.825.8586,Female,2000-01-09,2022-10-30
C004575,Theresa,Odom,hannahchavez@example.com,4895768990,Male,1976-03-28,2022-03-23
C004576,Christina,Valdez,iscott@example.net,001-709-852-0151x2333,Male,1961-07-22,2023-05-30
C004577,Amy,Scott,williecollins@example.org,269.769.0467x49365,Male,1966-11-21,2023-10-27
C004578,James,Kelly,gcole@example.com,7819933854,Male,1980-01-08,2022-08-06
C004579,Dale,Smith,markpace@example.com,+1-581-782-5775,Male,2006-12-25,2022-04-17
C004580,Joyce,Martinez,rodriguezrachael@example.com,(247)428-6292x762,Female,1996-09-15,2023-12-13
C004581,Shannon,Baker,martin35@example.com,683.512.7412,Female,1958-04-13,2025-02-22
C004582,Justin,Young,jared69@example.com,266-612-9494,Male,1953-01-20,2026-06-23
C004583,Bradley,Turner,rdaugherty@example.com,(392)727-8979x4545,Male,1944-12-09,2024-08-12
C004584,Hector,Rodriguez,ralvarez@example.net,(921)768-8441,Female,1942-02-09,2023-12-11
C004585,Melissa,Williams,rsuarez@example.org,001-471-845-5288,Male,1997-11-09,2024-05-18
C004586,Audrey,Mcclure,annette51@example.org,+1-999-393-9964x7806,Female,1980-08-13,2025-11-19
C004587,Erin,Little,christinawatson@example.net,001-456-200-7342,Male,2002-02-21,2024-06-06
C004588,Andrea,Brooks,patrickdouglas@example.org,6836351860,Male,2004-07-26,2023-05-15
C004589,Beverly,Gutierrez,andrea05@example.org,707-398-2164x8903,Male,1971-11-17,2024-11-29
C004590,Isabella,Fitzpatrick,tamara66@example.net,+1-968-948-4487x67295,Male,1995-04-23,2024-01-14
C004591,Leon,Rodriguez,garciarobin@example.org,768.386.6741,Male,1946-07-12,2026-01-07
C004592,Christina,Daniels,lisa18@example.com,+1-500-407-6433x822,Male,1949-05-01,2024-07-04
C004593,Michael,Carter,stephanie79@example.com,001-863-260-0715x25214,Female,1981-03-27,2022-07-25
C004594,Joseph,Gardner,ykent@example.net,591.855.0040x889,Male,2003-07-20,2024-02-04
C004595,Thomas,Martin,zlong@example.com,537.327.1174x76421,Male,1941-08-06,2026-04-16
C004596,Robert,Stuart,mercerjean@example.com,8973053510,Male,1969-06-17,2023-04-25
C004597,Thomas,Owens,ericroberts@example.org,+1-572-461-4483x893,Male,1991-09-15,2025-06-21
C004598,Bryan,Dawson,umurphy@example.org,(307)203-4713x357,Male,1952-10-22,2022-09-10
C004599,Timothy,Fisher,hoffmanjoseph@example.com,001-717-674-0152x680,Male,1955-04-24,2023-11-23
C004600,Tonya,Kidd,bruce20@example.com,722.487.4111x9142,Female,1947-03-10,2022-03-31
C004601,Douglas,Fox,zachary99@example.com,702-909-3508,Male,1997-08-14,2024-08-04
C004602,William,Dixon,jflores@example.net,+1-903-799-0194,Male,1952-03-30,2024-06-18
C004603,Sarah,Anderson,melaniemoore@example.com,726.486.5871,Female,1941-11-19,2024-08-27
C004604,Donald,Hansen,hendersonjeffrey@example.com,001-858-509-0805x8616,Male,2000-08-09,2025-06-12
C004605,Katherine,Mullins,uvelez@example.org,8606910129,Female,1973-12-19,2025-09-17
C004606,Benjamin,Hernandez,nguyenjasmin@example.org,320.242.1222x39279,Female,2002-10-19,2022-12-17
C004607,Jack,Campbell,carolperez@example.org,001-254-260-5385x4190,Female,1992-01-01,2024-05-21
C004608,Daniel,Guzman,latoya49@example.net,358-832-9661,Female,1974-01-07,2026-06-16
C004609,Michael,Steele,hintonjeffrey@example.net,416.757.2065,Male,1993-12-16,2024-06-29
C004610,Kevin,Wu,davissamuel@example.net,(541)502-0714x061,Male,1954-04-28,2021-10-11
C004611,Wanda,Brown,johnvalenzuela@example.org,6294549288,Male,1966-06-08,2023-12-01
C004612,Russell,Phillips,andrew72@example.net,(690)477-1501,Female,1970-05-28,2021-11-19
C004613,Melissa,Moore,susan23@example.org,001-808-647-6964x0611,Male,1964-09-23,2021-10-07
C004614,Emily,Lopez,diana47@example.com,4929172580,Female,1994-06-02,2022-06-21
C004615,Jennifer,Murphy,williamsregina@example.net,846-882-0348,Male,2005-06-07,2022-05-10
C004616,Katherine,Henderson,sramos@example.org,+1-221-842-8434,Male,1957-04-17,2026-05-11
C004617,Matthew,Smith,jillnelson@example.net,630.446.0984x54907,Female,1963-03-10,2024-11-17
C004618,Alexandria,Gonzalez,carterbradley@example.org,234.819.1084x0368,Male,1947-10-02,2023-10-15
C004619,Tami,Berry,jgray@example.net,638.597.0809,Male,1952-12-12,2024-01-09
C004620,Daniel,Joseph,matthewnewman@example.com,+1-205-209-9549x39333,Male,1947-05-09,2026-03-10
C004621,Emily,Swanson,gordoncrystal@example.org,877-465-9275x22949,Male,1986-11-14,2025-05-24
C004622,Tara,Hale,melinda93@example.com,(698)723-7475x8059,Female,1948-11-24,2024-11-04
C004623,Joshua,Fleming,jason15@example.com,801-386-1838x612,Male,1994-11-02,2024-05-01
C004624,Michelle,Bell,mike35@example.org,(588)457-8555,Male,1981-04-29,2025-05-24
C004625,Nicholas,Hall,andrewross@example.com,741.211.8521x950,Female,1973-04-26,2023-12-13
C004626,Katherine,Jones,cbowman@example.org,(925)637-3879x878,Female,1985-02-22,2025-11-19
C004627,Michelle,Jacobson,hcampbell@example.net,848.712.6571,Female,1957-02-23,2022-06-15
C004628,Albert,Jones,uspencer@example.org,748.858.4315x274,Male,1994-12-25,2024-01-27
C004629,Brian,Jenkins,qwarren@example.com,(341)845-7087x41126,Female,1948-05-15,2023-03-06
C004630,Lance,Mcmillan,andrewarellano@example.org,(696)947-8827,Female,1993-02-08,2022-12-21
C004631,John,Carpenter,antoniojones@example.org,793-865-2306,Female,1974-05-29,2024-05-21
C004632,Nicholas,Williams,erictran@example.com,550-233-1358x8350,Female,1971-05-28,2023-07-11
C004633,Charles,Bruce,wendyrobinson@example.net,(318)289-3434,Male,1960-08-07,2023-12-18
C004634,Belinda,Mason,yolandacrosby@example.com,9834857358,Male,1947-08-22,2023-11-12
C004635,Ryan,Barber,emilymurphy@example.com,(264)777-5673x25664,Male,1984-08-05,2022-06-19
C004636,Robert,Powell,sblevins@example.net,(746)728-5922x6015,Male,2000-04-23,2023-09-19
C004637,Felicia,Robbins,mharper@example.net,+1-664-824-4011x80570,Female,1971-10-05,2023-06-20
C004638,Theresa,Peters,jennifer97@example.com,990.814.8357x229,Female,1983-12-11,2026-04-05
C004639,Anthony,Thomas,ryan76@example.org,866.526.4868x7675,Male,2003-06-10,2023-02-27
C004640,Timothy,Kidd,maciasmichael@example.com,+1-907-422-9275x91277,Female,2005-08-13,2024-08-11
C004641,Matthew,Johnson,johnsonbecky@example.com,+1-268-381-5631x846,Female,1942-07-20,2023-09-13
C004642,Charles,Guzman,amandahenderson@example.com,740-977-1229x20628,Male,2007-03-29,2024-05-23
C004643,Michael,Johnson,edwardnguyen@example.org,(527)796-6472,Male,1974-04-20,2026-06-06
C004644,Alan,Bonilla,jason14@example.com,+1-932-569-6618x37806,Male,1999-02-06,2023-12-15
C004645,Mario,Ward,toddrodriguez@example.org,855.710.2914x629,Male,1959-05-26,2026-04-09
C004646,Joshua,Walker,morenosamuel@example.com,001-672-345-9534x809,Female,1948-11-17,2025-12-14
C004647,Kayla,Davis,wfox@example.org,001-413-411-7578x23410,Female,1995-04-28,2021-11-06
C004648,Miguel,Rodriguez,contrerasnicole@example.org,001-294-635-6148x571,Male,1975-10-21,2025-06-19
C004649,Amanda,Schwartz,kellyjohnson@example.net,+1-405-699-0715x9177,Male,1987-04-13,2026-01-12
C004650,Dominique,Villa,griffinjordan@example.com,(320)582-6708,Female,1958-08-04,2021-08-26
C004651,Ryan,Townsend,zhayes@example.net,+1-910-373-9440x7120,Male,1978-04-28,2023-07-29
C004652,Zachary,Morris,edwardsjason@example.org,+1-227-437-9965,Male,1936-02-26,2025-04-11
C004653,Leah,Andrade,rscott@example.org,4643427145,Female,1945-03-27,2021-12-12
C004654,Danielle,Jenkins,yperez@example.org,5015226596,Female,2004-10-10,2026-01-18
C004655,Christopher,Vance,leroybaldwin@example.com,349.620.5492,Male,1985-05-11,2022-03-18
C004656,James,Bennett,qtapia@example.com,+1-328-501-5305x93003,Male,1939-12-24,2023-11-25
C004657,Ryan,Robbins,dhansen@example.net,419-835-2038,Male,1997-09-06,2023-10-26
C004658,Ashley,Holt,lawrencechen@example.net,987.216.6617,Male,1979-01-21,2022-12-20
C004659,Jessica,Briggs,owilson@example.com,987.726.6375x05075,Male,1994-08-20,2023-11-18
C004660,Katie,Hart,markpalmer@example.org,001-298-947-8248x081,Male,1953-12-09,2021-08-25
C004661,Ashley,Watson,jerrydorsey@example.net,(264)743-9047,Male,1948-05-24,2024-03-30
C004662,Jaime,Smith,mannjoseph@example.org,+1-565-649-4914,Female,1973-12-31,2022-06-22
C004663,David,Aguilar,ilopez@example.org,(477)225-7768x238,Male,2005-07-03,2026-04-28
C004664,Kayla,Kelley,andersonwarren@example.com,494.809.5243x71519,Male,1975-07-21,2023-11-10
C004665,Kevin,Anderson,wadkins@example.org,(792)537-9081x8965,Female,1950-02-16,2026-04-08
C004666,Tina,Thompson,daniel12@example.org,+1-747-613-3882x169,Female,1940-09-22,2022-05-11
C004667,Andrew,Vargas,erikaacosta@example.com,+1-370-276-4107x92295,Male,1967-11-22,2022-04-02
C004668,Chelsea,Riley,reedgina@example.com,001-803-329-8066x75392,Female,1941-12-16,2024-10-06
C004669,Joseph,Pruitt,patrickrush@example.org,001-790-218-5158x33723,Male,2006-05-25,2026-02-03
C004670,Marissa,Peters,wallacedaniel@example.org,875.966.7106,Female,1979-10-16,2021-11-20
C004671,Lindsay,Patterson,garyanderson@example.com,927.840.5169x7197,Male,1988-06-04,2023-06-12
C004672,Shannon,Neal,david43@example.com,001-399-938-3571,Male,1973-01-07,2022-09-17
C004673,Benjamin,Long,millerrobert@example.net,502.503.3320x32635,Male,2006-11-30,2024-09-18
C004674,John,Robinson,modonnell@example.org,4163079297,Female,1939-07-14,2024-11-14
C004675,Alexandra,Reyes,allenkrista@example.net,(295)310-0466x7378,Female,2001-04-06,2024-07-15
C004676,Jennifer,Ross,morgansmith@example.net,902.987.4110x3149,Female,1982-05-26,2021-11-19
C004677,Kristin,Dickerson,amytrevino@example.org,+1-416-764-0968x2241,Male,1988-06-22,2021-07-26
C004678,Eric,Cox,mccormickstephanie@example.com,(743)873-5345x4952,Male,1941-06-22,2026-01-29
C004679,Donna,Hamilton,jacquelinehall@example.com,001-361-704-8567x08597,Female,2001-10-31,2023-02-15
C004680,Kimberly,Graham,eking@example.net,(723)241-2419,Male,1995-06-15,2024-02-01
C004681,Jamie,Ochoa,proctorjessica@example.org,(943)628-1441,Male,1983-01-06,2023-07-15
C004682,Scott,Jones,austinjessica@example.net,387.687.4503,Female,1938-11-26,2022-09-01
C004683,Jesse,Shields,jodi57@example.com,001-867-391-6995,Female,1983-09-18,2023-01-12
C004684,Devon,Gilbert,sarahgutierrez@example.org,+1-277-885-2792,Female,1968-07-14,2021-10-05
C004685,Nathaniel,Kerr,pchapman@example.com,343.405.8704x9059,Male,1968-05-07,2024-02-11
C004686,Adam,Wallace,lclark@example.com,001-420-433-8835x3338,Male,2003-07-14,2025-11-22
C004687,Jeffrey,Moore,imadden@example.net,(803)461-9241x3161,Male,1964-01-22,2022-02-21
C004688,David,Richardson,qhunter@example.net,+1-745-380-0505x21091,Female,1948-09-28,2022-08-19
C004689,Tamara,Adams,lindsey24@example.net,257.772.0491,Female,2004-12-23,2025-05-24
C004690,William,Coleman,uclark@example.org,+1-519-561-7673x23446,Female,1937-07-17,2024-01-20
C004691,Richard,Rosales,melissanewman@example.net,8552182063,Female,1947-08-24,2026-06-17
C004692,Richard,Cantrell,ybenjamin@example.com,(983)806-9242x209,Male,1950-03-11,2023-08-31
C004693,Christian,Guerrero,karen22@example.org,+1-960-240-8119x12967,Male,1987-06-10,2023-07-19
C004694,Ronald,Bond,trevorperez@example.com,958.400.9648x4809,Male,1974-04-01,2023-06-13
C004695,Heather,Harrison,phillipslaura@example.com,+1-996-389-0190x9158,Male,1938-08-22,2024-03-14
C004696,Heidi,Barnett,olsenandrew@example.org,981-503-2014x264,Female,1987-08-29,2024-09-15
C004697,Glenn,Hughes,contrerasannette@example.net,992-488-7517x6737,Male,1976-12-30,2021-07-22
C004698,Olivia,Martin,donna77@example.net,530-855-8159x98990,Female,1935-11-09,2023-10-23
C004699,Kevin,Reed,davidwalsh@example.org,642.229.0776,Male,2006-08-30,2024-01-13
C004700,James,Craig,fsmith@example.com,(595)876-6439x18199,Male,1976-04-05,2022-12-25
C004701,Tiffany,Garrett,fredjames@example.org,+1-878-963-5798,Female,1966-10-01,2026-05-15
C004702,Eric,Williams,jose15@example.net,582.963.8122,Female,1947-09-22,2023-07-02
C004703,Abigail,Riley,chadwatts@example.net,547-538-7735,Male,1964-02-27,2024-09-14
C004704,Melissa,Park,joshuacoleman@example.net,785.620.7894x68656,Female,1976-10-23,2024-10-14
C004705,Faith,Lewis,jamie77@example.net,659.648.5618x94995,Female,1997-03-26,2026-01-20
C004706,Amanda,Welch,cindygomez@example.org,967-613-6368,Male,1971-04-05,2022-08-01
C004707,Adriana,Clark,ibell@example.org,(468)395-7700x96024,Male,1936-03-21,2025-07-09
C004708,Nicole,Gonzales,danielkelly@example.net,386-342-3490x97412,Female,1948-05-17,2023-01-05
C004709,Evelyn,Mullen,scottsabrina@example.org,733.523.6610x854,Female,1961-04-04,2022-02-07
C004710,Anne,Stephenson,reedchristopher@example.org,879.765.3560x69866,Male,1963-10-26,2023-11-19
C004711,Jennifer,Williams,deborahbaker@example.com,894.482.9476x633,Female,1995-02-10,2021-10-04
C004712,Lisa,Brooks,andersonkathleen@example.com,001-497-333-3422,Female,2007-06-19,2024-12-02
C004713,Andrew,Martinez,jessica32@example.org,631.397.4201x361,Male,1963-09-15,2024-11-10
C004714,Bruce,Williams,steven66@example.net,482.962.2041x5822,Female,1964-03-22,2024-08-24
C004715,Gerald,Holmes,rebeccaharris@example.com,2722172978,Female,2002-07-20,2022-06-18
C004716,Holly,Aguirre,kennedychristopher@example.net,001-849-306-0030x9678,Male,1981-09-20,2024-09-06
C004717,Erica,Hawkins,krose@example.org,(369)944-5563x10063,Female,1999-10-31,2022-05-02
C004718,Bradley,Suarez,ayersmatthew@example.org,730.563.1552,Female,1999-09-09,2023-01-10
C004719,Jeffrey,Hill,amy04@example.org,689-681-8165,Female,1997-07-07,2024-06-28
C004720,Megan,Stevenson,ylewis@example.org,391-530-5466,Female,1946-09-14,2023-12-29
C004721,Beverly,Mendoza,grant05@example.org,001-503-332-3401x9665,Male,1987-12-15,2024-06-06
C004722,Rebecca,Rocha,bmartin@example.com,001-344-289-0376x3167,Female,1947-10-24,2022-04-10
C004723,Anthony,Fletcher,igill@example.net,001-498-763-4671x08171,Female,1968-10-02,2024-04-20
C004724,Autumn,Fisher,paulacastillo@example.com,(318)557-8675x0692,Male,2003-04-25,2021-08-28
C004725,Nicholas,Esparza,gregory58@example.org,305.841.4550,Male,1988-12-16,2024-06-20
C004726,Michael,Torres,marshscott@example.net,293-882-6687,Female,1935-07-24,2025-02-23
C004727,Kayla,Chapman,holly24@example.com,(384)388-2876x919,Male,1985-12-05,2023-11-19
C004728,Tammy,Weeks,barnesmelissa@example.com,(594)752-6345,Female,2002-05-28,2022-12-01
C004729,Leslie,Lynch,harrisbrandon@example.org,769.651.1927,Female,1953-11-02,2024-03-09
C004730,Mary,Scott,jamesshaw@example.org,001-235-908-6799,Male,1972-03-28,2021-09-03
C004731,Stacey,Gilbert,jennifer61@example.com,(428)517-9338x393,Male,1936-10-12,2021-10-08
C004732,Timothy,Garcia,justin98@example.net,5174649686,Male,2006-09-13,2022-05-03
C004733,Katherine,Waters,rhernandez@example.org,(522)858-4225x87478,Female,1980-01-15,2023-12-24
C004734,Lisa,Rose,adam96@example.org,(708)613-4525,Female,2005-08-16,2023-03-25
C004735,Daniel,Stephens,uphillips@example.net,(818)770-9280x90886,Male,1959-04-22,2023-09-16
C004736,Benjamin,Marks,kruegerryan@example.com,001-509-348-4109x7835,Male,1947-08-14,2026-03-12
C004737,Shannon,Roberts,spearserica@example.com,815.359.8333x4210,Male,1987-03-02,2023-02-12
C004738,David,Baker,zramirez@example.net,001-456-653-3595x64821,Male,1991-07-31,2022-08-10
C004739,Jesse,Hicks,michaelzuniga@example.org,001-232-760-9064x5128,Female,1965-08-15,2024-12-14
C004740,Donna,Hinton,lwise@example.org,001-511-434-9890,Male,1999-03-21,2022-06-24
C004741,Kimberly,Mendez,smalldaniel@example.org,608.392.2859,Female,1972-05-09,2026-03-25
C004742,Denise,White,sandra75@example.org,969.340.0550x51766,Female,1975-02-28,2022-02-20
C004743,Sheila,Smith,daniel13@example.net,898-950-3068x818,Male,1971-12-30,2021-08-09
C004744,Samantha,Pierce,gmitchell@example.com,+1-657-680-1773x2832,Male,1946-04-28,2024-05-08
C004745,Denise,Peterson,david84@example.org,+1-501-839-5567x538,Male,1947-10-21,2024-03-29
C004746,Francis,Gray,clarkoscar@example.net,(458)213-5721,Male,1963-11-06,2023-08-19
C004747,Pamela,Koch,xlee@example.net,8443511692,Male,1941-09-29,2023-03-09
C004748,John,Casey,jessica59@example.net,225-902-4729,Male,1959-01-25,2024-10-25
C004749,Kelly,Wise,hthornton@example.org,308.853.1743x78550,Female,1969-12-26,2023-03-01
C004750,Sherry,Wiley,awhite@example.org,302-629-8242,Male,1954-09-13,2022-08-22
C004751,Jeremy,Miller,melissawilliams@example.net,001-968-383-9449x38618,Male,1972-05-10,2025-09-28
C004752,Timothy,Huerta,gzuniga@example.org,388-496-8800x3241,Female,1939-01-20,2026-04-22
C004753,Donald,Hicks,smithjulie@example.org,780.895.6924,Female,1951-05-11,2025-07-22
C004754,Christine,Gutierrez,jacksonkimberly@example.net,+1-782-907-9830x30959,Male,1963-01-01,2023-05-27
C004755,Abigail,Fletcher,bartonlisa@example.org,302-777-2421,Female,1945-05-31,2025-10-13
C004756,Andrew,Jimenez,morrisscott@example.com,001-247-285-9802x7272,Male,1948-10-15,2021-07-25
C004757,Rebekah,Dunn,garciagary@example.com,336-791-2401x345,Male,1966-06-09,2024-02-13
C004758,Courtney,Powell,madison13@example.com,+1-611-857-0003x45599,Male,1995-12-22,2023-08-10
C004759,Justin,Anderson,tracysandoval@example.org,380-621-1504,Male,1956-12-24,2022-09-16
C004760,Catherine,Anderson,johnstonerin@example.org,+1-299-628-6055x5171,Male,1990-10-01,2026-02-27
C004761,Kathy,Melendez,ernest19@example.com,510.912.9583x3857,Female,1968-06-25,2022-04-28
C004762,Bryan,Thompson,ymathis@example.org,(572)892-5812,Female,1972-06-10,2026-04-06
C004763,Charlotte,Hall,dmiller@example.net,001-486-969-3779x6598,Female,1978-06-24,2021-10-22
C004764,Cynthia,Marks,chill@example.org,001-803-547-7982,Female,1957-01-26,2024-10-02
C004765,Robert,Hensley,matthew73@example.org,265-464-9254x2774,Female,1980-11-09,2023-09-17
C004766,Anne,Phillips,eboyle@example.net,001-687-889-6908x32528,Female,1992-07-14,2023-02-10
C004767,Mark,Yoder,xknapp@example.com,871.315.2091x542,Male,1952-11-18,2023-03-16
C004768,Jessica,Randolph,cynthiahudson@example.com,001-713-541-2308,Male,1953-07-26,2023-09-26
C004769,Alexandria,Lopez,brownphillip@example.net,620.743.1516,Female,1945-05-23,2023-12-13
C004770,Elizabeth,Braun,walter09@example.net,001-832-767-0873x914,Male,1958-05-01,2023-12-09
C004771,Karen,Herman,meredith47@example.net,993-794-9238,Female,1953-12-18,2022-04-05
C004772,Nancy,Davis,uevans@example.com,362-830-8601,Male,1950-08-13,2022-12-01
C004773,Melissa,Jenkins,daniel81@example.org,001-340-309-1922x78669,Female,1982-12-26,2023-03-25
C004774,Seth,Cruz,hickslinda@example.com,+1-412-699-2081,Female,1978-06-14,2023-09-08
C004775,Laura,Reynolds,marcus39@example.org,001-838-393-1161x01603,Female,1986-01-27,2024-01-31
C004776,Elizabeth,Harrison,odonnelltaylor@example.com,001-600-681-6871,Female,1983-08-10,2026-05-10
C004777,Don,Hill,nancykirby@example.net,(653)390-7136x920,Male,1958-06-23,2023-10-14
C004778,Joseph,Huang,derrick72@example.com,2152106363,Female,1943-05-12,2021-09-23
C004779,Ronald,Preston,gina78@example.com,573-889-0615,Male,1955-04-12,2023-11-10
C004780,Eric,Yang,rcarpenter@example.net,(871)429-8246,Male,1996-02-07,2023-06-05
C004781,James,Rogers,kleinmaria@example.com,(767)572-6213x42139,Female,1988-04-05,2023-09-26
C004782,Eugene,Martinez,samuel23@example.com,959-313-8429,Female,1945-08-12,2026-05-05
C004783,Christina,Bartlett,adamlopez@example.com,592-651-0672x9489,Female,1946-07-19,2022-03-28
C004784,Amy,Brewer,ortizjames@example.net,(758)646-9815x866,Male,1980-02-14,2021-11-23
C004785,Thomas,Randall,wendyedwards@example.org,252.213.5334,Female,2004-06-22,2026-03-01
C004786,Robert,Sullivan,stephensmith@example.net,001-407-695-2301,Male,1988-05-14,2025-05-16
C004787,April,Rodgers,yolandajohnson@example.org,860-517-6888x515,Female,1991-07-29,2023-05-20
C004788,Rachel,Burke,smithjennifer@example.net,933.773.7315x7306,Male,2000-06-30,2022-02-14
C004789,Cindy,Collier,echandler@example.net,4779678249,Female,1962-07-22,2022-12-13
C004790,Melissa,Smith,bookerlindsey@example.net,+1-243-502-6740,Male,2002-06-13,2022-02-03
C004791,Dennis,Fuentes,tylerkatherine@example.net,658.780.4670x2786,Female,1979-02-03,2022-09-21
C004792,Krista,Sanders,nvelazquez@example.net,292-304-7029x1475,Male,2007-03-19,2023-11-01
C004793,Natalie,Young,stephensmaria@example.org,(217)902-8638x1279,Female,1973-07-13,2022-05-18
C004794,Lauren,Mays,pmiller@example.com,+1-320-355-0794x802,Female,1958-10-03,2024-05-09
C004795,Lindsey,Massey,johnsolis@example.net,001-708-205-9156,Female,1991-01-24,2024-04-14
C004796,Lauren,Peck,hunterjames@example.com,569.349.9183x30544,Male,1960-03-11,2026-04-03
C004797,Christopher,Gomez,anthonyvazquez@example.net,759-667-6167x40637,Female,1997-08-02,2023-10-15
C004798,Thomas,Morris,clarkjose@example.net,455.287.4998,Male,1984-12-15,2024-10-31
C004799,Dustin,Holt,kelliolson@example.org,(669)895-3294,Female,1941-08-08,2022-01-20
C004800,Eric,Gilmore,dbaldwin@example.com,+1-795-407-7485x893,Female,1955-08-13,2023-07-02
C004801,John,Sanchez,heatherfrank@example.org,001-817-933-7717x66946,Female,2003-11-15,2024-12-02
C004802,Marcus,Lowery,jessica22@example.com,+1-930-544-7843x56183,Male,1943-04-30,2022-04-01
C004803,Reginald,White,matthew28@example.org,+1-897-244-9162x091,Female,1952-01-22,2022-06-15
C004804,Jennifer,Mann,castillojacqueline@example.com,001-516-360-9548x5897,Female,1953-08-26,2024-07-20
C004805,Margaret,Ross,karina35@example.net,229-637-7212,Male,1954-10-11,2024-09-03
C004806,Keith,Garza,kaylacowan@example.com,001-346-683-1537,Male,1961-02-27,2024-08-01
C004807,Sean,Brown,kennethcurry@example.com,925-617-9128x25226,Female,1976-09-15,2022-03-20
C004808,Sherry,Horton,tnavarro@example.net,001-363-804-6471x7729,Female,1976-10-20,2023-09-30
C004809,Steven,Day,xfisher@example.com,001-589-811-3521x51712,Female,1991-04-14,2025-08-03
C004810,David,Richardson,probles@example.org,640-447-0836x9388,Male,1945-09-24,2025-06-22
C004811,Nancy,Riley,reynoldsmichael@example.org,001-931-474-0292x0210,Male,1943-07-19,2024-02-27
C004812,Donald,Jones,john03@example.net,667.460.3758x52624,Male,1946-11-21,2026-01-08
C004813,Kimberly,Edwards,lgarcia@example.com,984-898-9267x247,Male,2000-09-16,2025-10-26
C004814,Brandon,Norris,hjenkins@example.org,(299)852-2894,Female,2007-02-12,2026-03-15
C004815,Jessica,Sullivan,kmartin@example.net,001-864-587-6540x1844,Female,1951-05-08,2023-12-08
C004816,Dorothy,Escobar,daniel20@example.com,(721)766-6709x92408,Male,1954-06-07,2025-01-01
C004817,Holly,Valentine,owright@example.org,(548)269-8228x7025,Female,2001-07-03,2025-11-27
C004818,Amanda,Gross,parroyo@example.net,001-205-367-5062,Female,1973-05-20,2021-07-31
C004819,Larry,Barber,hatfieldaaron@example.org,(722)815-0036,Male,1953-03-21,2021-10-26
C004820,Elaine,Cox,durhamhaley@example.org,001-285-732-0969,Female,1952-10-26,2024-11-30
C004821,Marc,Tucker,lori70@example.org,001-666-300-4566x968,Male,2000-10-03,2021-09-29
C004822,Ralph,Rogers,sarah24@example.com,001-835-410-7427x7629,Male,1972-04-21,2025-10-16
C004823,Craig,Williams,jpatel@example.org,+1-690-733-8503x0700,Male,1952-11-30,2023-07-11
C004824,Christopher,Martin,gprice@example.org,(860)579-4370x8651,Male,1967-05-26,2024-12-07
C004825,Amy,Chang,rileymark@example.com,966-668-8430x407,Male,1987-02-18,2022-07-14
C004826,Maria,Stevens,charlesmontoya@example.com,9565054041,Male,1968-07-23,2026-02-04
C004827,Tina,Jones,lisa81@example.com,835.958.9986x2281,Male,1940-11-12,2023-12-20
C004828,Jack,Murphy,elizabeth16@example.org,(294)225-3340x64324,Female,1972-12-07,2024-11-15
C004829,George,Dillon,charlespierce@example.com,220-951-1818,Male,1957-06-30,2021-10-09
C004830,Jill,Smith,wthomas@example.org,(234)747-8796,Male,1975-02-22,2024-07-11
C004831,David,Campbell,john03@example.net,640-728-6359,Female,1970-07-26,2022-07-23
C004832,Katie,Fernandez,sharon15@example.org,(398)881-2014,Female,2003-03-14,2025-12-14
C004833,Daniel,French,crichardson@example.com,+1-671-591-2562x153,Female,1999-09-19,2025-03-22
C004834,Justin,Martin,seanlopez@example.com,(535)287-2669x6186,Male,2008-06-20,2024-01-08
C004835,Kyle,Berger,melindazavala@example.org,580-339-7225x343,Female,1974-03-07,2025-04-20
C004836,Sarah,Luna,aprilchavez@example.net,(613)653-0159x882,Male,1945-11-12,2022-01-05
C004837,Erin,Mcdonald,davissamantha@example.com,307-710-6242x44742,Male,1937-11-16,2021-10-03
C004838,Jessica,Lee,tlindsey@example.net,(521)893-6163x34677,Female,1940-03-05,2024-01-09
C004839,Bridget,Oliver,smithjames@example.org,883.851.2431x08732,Female,1945-01-02,2022-01-09
C004840,Charles,Wilson,michaelsmith@example.net,988.736.7820,Female,1989-11-23,2022-11-27
C004841,Amy,Dunlap,rogersjeffrey@example.com,526.737.3821,Female,1972-05-13,2024-02-18
C004842,Christina,Fields,hsmith@example.org,001-752-474-5828x615,Male,1957-11-09,2026-06-08
C004843,Yvonne,Nelson,stantonbryan@example.org,+1-582-282-7815x7888,Male,1958-03-02,2022-11-23
C004844,Robert,Payne,marystephens@example.org,827-371-8371x1545,Female,1960-06-21,2023-05-09
C004845,Albert,Weber,alan46@example.org,4129126540,Male,1939-11-03,2023-04-18
C004846,Samantha,Davis,dawn29@example.com,001-226-771-3079,Male,1990-11-06,2021-09-08
C004847,Patricia,Williams,ariel02@example.com,+1-484-732-8124x080,Male,1968-08-17,2022-02-17
C004848,Andrew,Burton,rramirez@example.org,+1-737-283-4406x081,Female,1945-03-15,2025-07-12
C004849,Francisco,Evans,noblebarbara@example.net,001-605-903-2757x55172,Female,2002-05-27,2024-06-22
C004850,John,Lopez,kellirose@example.com,696.495.3198x97793,Female,1979-12-16,2026-02-02
C004851,Thomas,Smith,phamkelly@example.com,(918)969-7177,Female,1963-01-27,2024-03-20
C004852,Kathleen,Stewart,ldaniel@example.com,(332)691-0569x5143,Female,1982-12-21,2025-04-25
C004853,Samantha,Bolton,smithjeff@example.org,(236)981-2850x9802,Male,1981-03-28,2022-03-19
C004854,Jeffrey,Garcia,raymond54@example.net,(480)863-8468,Female,1987-01-18,2022-04-10
C004855,Tonya,Wilkins,hawkinstracy@example.org,512-491-2790x745,Female,2006-02-04,2022-09-19
C004856,Cynthia,Brown,james00@example.org,(510)600-0036,Male,1942-11-20,2026-02-06
C004857,Gina,Mitchell,tiffanybass@example.com,895-270-6091,Male,1939-12-01,2022-11-11
C004858,Tracy,Fox,ibriggs@example.org,312-316-8994x54446,Male,1974-08-25,2021-09-26
C004859,John,Frazier,hernandeztanner@example.net,385.336.8610,Female,2008-04-05,2025-05-15
C004860,Daniel,Cox,vsingleton@example.org,001-712-585-0640x626,Female,1952-09-20,2026-02-25
C004861,Laura,Sherman,janet72@example.net,001-538-300-0147x8296,Female,1938-10-15,2025-11-19
C004862,William,Anderson,halljack@example.com,+1-397-810-6083,Male,1987-08-19,2026-06-19
C004863,Ryan,Diaz,mitchell15@example.org,(251)402-0665x2483,Female,1962-01-04,2024-05-16
C004864,Morgan,Jones,olopez@example.net,795.457.9919x57250,Female,1940-12-18,2025-10-18
C004865,Hunter,Miller,shughes@example.com,+1-706-941-5629x97066,Male,1994-09-05,2025-06-22
C004866,Patricia,Nguyen,tarmstrong@example.org,+1-468-683-5425x058,Female,1949-05-17,2022-04-06
C004867,Kevin,Chambers,haroldtaylor@example.com,203.558.1902x10460,Male,1962-06-12,2024-01-21
C004868,Yolanda,Payne,chadsanchez@example.com,+1-706-751-4342x857,Female,1938-06-17,2024-04-29
C004869,Caitlin,Howell,edavila@example.org,503.266.9571x89952,Male,1939-03-05,2023-04-15
C004870,Lauren,Gay,sean98@example.org,+1-390-799-1199x652,Male,1966-09-09,2024-11-28
C004871,Bradley,Harrington,nealandrew@example.com,9112368643,Male,1961-09-04,2026-05-26
C004872,Anita,Brown,brooke76@example.net,+1-639-829-1903x050,Male,1994-09-03,2022-03-12
C004873,Richard,Smith,ann17@example.com,+1-318-331-6937x783,Male,1983-09-28,2025-10-09
C004874,Emily,Salas,adam66@example.net,(810)301-8831x680,Female,1991-02-04,2023-11-17
C004875,Matthew,Miller,monique66@example.com,001-790-770-5963x50941,Female,1977-03-09,2024-07-19
C004876,Alyssa,Salazar,holly03@example.com,001-730-805-1159x51743,Male,1963-06-04,2025-05-17
C004877,Lori,Mitchell,tjohnson@example.org,850-974-9014x869,Female,1999-12-21,2024-06-18
C004878,Cassandra,Gonzalez,richardsgina@example.net,298-911-2777x44034,Male,1958-06-16,2022-04-27
C004879,Denise,Hansen,scott80@example.org,7562194449,Female,1977-05-07,2022-07-05
C004880,Samuel,Watson,michellerobinson@example.org,+1-974-973-4782,Female,1935-11-13,2023-02-19
C004881,Sherry,Lewis,higginsbrad@example.org,001-947-773-7064x915,Male,1984-02-12,2023-12-29
C004882,Jennifer,Young,ymyers@example.com,(443)406-2829,Female,1942-01-13,2025-12-21
C004883,Jay,Black,fwilliams@example.net,474-838-2320,Female,1937-10-28,2026-05-11
C004884,Melissa,Fowler,chambersdavid@example.net,887.866.7499,Female,1968-04-18,2025-12-01
C004885,Angela,Conley,dixonmartha@example.net,001-945-994-4906x26538,Female,1988-04-02,2025-06-21
C004886,Michael,Smith,pgreene@example.org,960-212-6964x7353,Male,1938-09-20,2026-06-16
C004887,Kathryn,Mccann,freemantheresa@example.com,001-364-481-0335x5324,Male,1939-10-28,2023-02-18
C004888,Carmen,Wells,kelly89@example.com,001-445-763-1333x27460,Male,1937-05-18,2023-07-30
C004889,Albert,Foster,shieldsjason@example.org,+1-254-516-0427x4033,Female,2001-03-19,2022-07-25
C004890,James,Brooks,sandra07@example.net,830-624-4563x257,Male,1981-08-29,2022-07-13
C004891,Robert,Dixon,jwilliams@example.org,721-990-3332,Male,1974-08-25,2022-09-24
C004892,Shannon,Davis,juan92@example.com,001-809-575-8786x97903,Male,2006-02-02,2021-07-22
C004893,Heather,Kennedy,rileymartinez@example.com,577-335-3685,Male,1946-04-22,2022-06-17
C004894,Natalie,Mckinney,brian93@example.org,001-365-932-9775x6169,Female,2007-11-12,2026-02-22
C004895,William,Jackson,gonzalezamber@example.net,(721)215-2046x52372,Female,1950-04-18,2022-06-26
C004896,Craig,Stone,littlebrendan@example.net,(697)503-6716,Male,1952-12-04,2026-02-09
C004897,Jason,Price,nchambers@example.org,8088647686,Female,1968-10-11,2022-10-11
C004898,Willie,Lin,bridget34@example.net,8444599314,Male,1947-01-27,2025-07-27
C004899,Michele,Romero,michael07@example.org,661.686.1068x58352,Male,1951-08-05,2025-05-15
C004900,Joshua,Smith,svilla@example.net,001-584-338-6465,Female,1960-07-28,2024-01-20
C004901,Michael,Wagner,smartinez@example.org,+1-406-491-5327x782,Female,1952-03-24,2022-07-25
C004902,Kaylee,Freeman,navarroangel@example.com,787-329-4711x432,Male,2000-03-12,2021-09-13
C004903,Brian,Malone,pcarter@example.org,885.367.5881x368,Male,1967-01-18,2022-06-25
C004904,Justin,Green,kyleelliott@example.net,975-414-1736x723,Female,1955-09-19,2023-05-24
C004905,Ashley,Nguyen,wcole@example.net,948.216.7706x7453,Male,1982-07-05,2022-07-03
C004906,Jose,Crawford,jackielopez@example.net,001-337-928-7369x4915,Female,1984-01-25,2023-06-01
C004907,Brittney,Greer,duncanrobert@example.com,760.731.3768x35794,Male,1991-04-23,2025-01-23
C004908,Melanie,Russell,danieltaylor@example.org,521-984-9799x563,Male,1997-10-01,2026-06-23
C004909,Sylvia,Watson,boylesamantha@example.org,922.969.7976x990,Male,1982-08-02,2021-07-19
C004910,Scott,Bass,susan00@example.org,922-404-1775,Female,1986-10-01,2022-07-05
C004911,Justin,Fischer,pbrown@example.net,862-405-5278x8951,Female,1947-06-16,2025-07-20
C004912,Anthony,James,everettsamantha@example.org,9737348810,Male,1966-12-06,2025-05-10
C004913,Angela,Hill,reyesbrittany@example.org,(571)238-9592,Female,1980-01-19,2024-08-07
C004914,Joan,Rodriguez,adamhernandez@example.net,704-696-2822,Male,1964-01-20,2025-02-01
C004915,Adrian,Reyes,samanthacollins@example.net,001-250-324-8669x7544,Female,2003-09-09,2024-09-28
C004916,Cynthia,Escobar,bjordan@example.net,+1-450-526-7756,Male,1974-12-30,2024-12-27
C004917,Raymond,Burton,tammyhardin@example.org,765-699-0650x326,Male,1951-06-27,2026-03-25
C004918,Jeffrey,Flynn,torresmadison@example.com,971.570.8061,Female,2006-05-10,2022-06-18
C004919,David,Brooks,wongross@example.org,001-804-591-2980x422,Male,1999-03-13,2024-09-11
C004920,Timothy,Sanchez,nsmith@example.net,390.978.6988x8331,Male,1958-09-19,2026-01-12
C004921,Justin,Fisher,ryancook@example.org,(989)506-2711x997,Male,1996-05-20,2024-12-30
C004922,Austin,Chang,showard@example.org,(989)500-5794x7922,Male,2007-08-20,2022-11-14
C004923,Teresa,Smith,phuang@example.com,001-475-900-2003x7598,Male,1979-12-21,2022-03-06
C004924,Steve,Stephens,enguyen@example.org,8803035197,Male,2008-04-14,2026-04-26
C004925,Deborah,Kennedy,delacruzkenneth@example.org,877.474.9227x98683,Female,2003-10-26,2026-05-28
C004926,Jennifer,Hanson,mchambers@example.org,313-604-0257x95316,Male,1966-01-10,2022-11-03
C004927,Heidi,Richardson,susandunn@example.org,469.610.2421x883,Male,1945-10-22,2021-09-11
C004928,Drew,Palmer,kidddanny@example.org,001-788-810-9481x477,Female,1971-03-08,2022-02-19
C004929,Michelle,Torres,matthew42@example.org,001-884-888-2840x96089,Female,1989-04-23,2021-10-16
C004930,David,Bell,hparks@example.net,(567)306-0056,Male,1992-09-29,2025-01-13
C004931,Shane,King,toddrobinson@example.com,278-400-9752x631,Female,1944-12-14,2026-06-27
C004932,Chelsey,Rogers,jacobjohnson@example.net,811.892.4534x14802,Female,1939-03-01,2021-11-20
C004933,Elizabeth,Hunter,howardmichelle@example.org,+1-451-607-2955x4688,Female,1980-01-20,2022-04-03
C004934,Michael,Gonzalez,smontgomery@example.com,(865)504-0284x18722,Female,1964-09-18,2025-01-21
C004935,Sarah,Graham,michael11@example.net,+1-258-255-9399,Male,1937-08-24,2022-01-12
C004936,James,Patrick,pachecokristen@example.org,609-756-1358x37405,Female,1962-04-02,2025-07-18
C004937,Heidi,Ford,travisrichard@example.com,392-849-9033x371,Female,1984-05-28,2024-10-28
C004938,John,Ewing,david22@example.org,699-263-1742x8800,Female,1976-07-09,2026-06-09
C004939,Samuel,Robinson,eholloway@example.com,001-400-384-2003x599,Female,1955-01-07,2025-03-30
C004940,David,Williams,shannonjohn@example.com,315-243-4825,Female,1997-11-19,2022-08-11
C004941,David,Manning,fjohnson@example.org,001-871-275-6500x6297,Male,1982-07-08,2025-06-28
C004942,Jimmy,Morgan,eingram@example.com,+1-378-434-4579x2151,Male,1960-03-23,2025-02-23
C004943,Cynthia,Ramos,castillojennifer@example.net,858.844.3066x343,Male,1953-03-07,2023-08-04
C004944,Tracy,Nelson,austin56@example.net,+1-341-650-2177x612,Male,1974-03-04,2026-01-30
C004945,Paul,Fitzgerald,uroberts@example.net,779.680.0561x983,Female,1952-01-12,2022-06-20
C004946,Tyler,Jordan,thomasrogers@example.net,001-433-221-3799,Male,1968-12-08,2023-07-21
C004947,Catherine,White,simpsonmark@example.org,907-860-1763x7129,Male,1996-09-20,2023-03-01
C004948,Alexandra,Sweeney,mdelacruz@example.org,5612264934,Female,1961-12-31,2021-10-12
C004949,James,Hayes,michelleadkins@example.com,239-264-2556,Male,1976-02-08,2021-09-07
C004950,Stephanie,Myers,rickybailey@example.net,6063913660,Male,1987-08-14,2021-08-11
C004951,Dennis,Turner,michael21@example.com,957-289-8419,Female,1948-03-15,2025-01-27
C004952,Phillip,Smith,dgreen@example.org,447.551.7070,Female,1970-12-05,2022-09-09
C004953,Nancy,Shepherd,kyleferguson@example.com,(358)417-6042x45292,Female,1993-06-27,2024-02-22
C004954,Scott,Wade,amandaphelps@example.com,609-811-9660x98292,Female,1998-01-25,2024-02-12
C004955,Michael,Williams,ovargas@example.net,470-486-1289,Female,1976-02-08,2023-05-19
C004956,Michael,Turner,hjames@example.com,001-660-677-4636x673,Female,1981-06-11,2023-09-21
C004957,Lauren,Ross,jennifer87@example.net,(373)610-4563,Female,1943-03-31,2026-03-17
C004958,Dillon,Padilla,bshepherd@example.org,001-456-628-1163x628,Male,1961-06-05,2021-12-24
C004959,Jermaine,Weber,omcclain@example.com,4394151214,Male,1978-09-03,2022-08-02
C004960,Jordan,Rosales,amy44@example.net,908.783.9420x0361,Female,1966-02-04,2025-04-08
C004961,Michelle,Williams,james53@example.com,2506719545,Female,1948-11-12,2024-04-08
C004962,Marissa,Reid,johnlane@example.org,+1-945-235-4738,Female,1961-08-08,2025-10-08
C004963,Tina,Morgan,anthony60@example.net,001-371-395-6684,Male,1999-03-18,2025-09-24
C004964,Michael,Adams,johngould@example.net,001-831-350-0190x025,Female,1957-03-29,2024-06-13
C004965,Megan,Austin,bruceward@example.org,2729557966,Female,1982-07-29,2023-12-01
C004966,Mary,Clark,smithcaitlin@example.org,255.294.1684,Female,1980-08-25,2024-11-11
C004967,Benjamin,Orozco,allenmegan@example.org,615.795.9625x7551,Male,1977-11-27,2025-07-10
C004968,Samantha,Mcdaniel,zday@example.com,694-484-6326,Female,2005-11-07,2024-08-01
C004969,Megan,Stark,patricia83@example.net,001-836-261-5471x39432,Female,1972-12-31,2024-12-13
C004970,Mackenzie,Brown,lperez@example.org,337-621-1063x74135,Female,1987-05-25,2025-09-29
C004971,Jeffery,Fitzgerald,coxtammy@example.com,462-965-7159,Female,1975-04-20,2023-04-21
C004972,Susan,Wright,rglover@example.org,001-902-780-3085x05361,Male,1958-10-31,2026-04-13
C004973,Kyle,Peterson,portergarrett@example.net,269.264.2697x898,Female,1940-01-05,2022-03-09
C004974,Sara,Guerrero,thomastorres@example.net,891-552-0057,Female,1936-02-20,2026-03-26
C004975,Susan,Carlson,teresa90@example.com,816.859.9090,Male,1942-05-13,2021-10-03
C004976,Christine,Baker,adamsallison@example.com,579-648-3948,Female,1947-08-19,2023-06-28
C004977,Kimberly,Butler,stevenanderson@example.net,+1-902-916-1249x0787,Female,1986-04-29,2022-12-05
C004978,Natasha,Walsh,jpatel@example.com,330.491.7546,Female,1980-01-27,2024-02-11
C004979,Benjamin,Collins,wendywhite@example.net,799-418-7348x460,Female,1953-10-21,2024-01-21
C004980,Stephanie,Bird,npham@example.com,(254)256-0968x0980,Female,1951-11-22,2023-05-29
C004981,Sophia,Garcia,jeffreystewart@example.com,897.962.4991x209,Female,1962-09-04,2024-07-01
C004982,Russell,Kirby,dyerbrandon@example.net,001-649-936-3566x9978,Male,1941-08-16,2021-10-12
C004983,Ebony,Franklin,jamie07@example.com,001-442-531-2219,Female,1939-08-16,2023-12-31
C004984,Virginia,Simmons,yvonne27@example.com,5156455930,Female,1999-02-19,2022-11-19
C004985,Richard,Hoffman,qmcdonald@example.net,649.773.9009,Male,1938-02-18,2025-05-27
C004986,Kyle,Thomas,kevin89@example.net,2106260601,Male,1956-02-21,2023-10-13
C004987,Cheryl,Boyle,nancy02@example.com,260.283.9339x5766,Female,1967-01-07,2023-04-11
C004988,Timothy,Owens,cookkathryn@example.org,905.308.7446x51919,Female,1947-10-13,2022-04-16
C004989,Daniel,Hale,jameslee@example.com,7756121930,Male,1946-02-09,2022-08-08
C004990,Christopher,Harris,ehayes@example.net,392-235-1690x4201,Male,1989-04-11,2025-09-08
C004991,Jeanette,Jones,johnathan81@example.net,+1-820-847-4056x05558,Female,1944-12-22,2023-01-06
C004992,Natalie,French,bhaley@example.org,001-476-925-0718x2989,Male,1962-06-27,2023-03-02
C004993,Brett,Campbell,sweeneytheresa@example.com,248-360-2457,Female,2007-05-10,2023-05-20
C004994,Michelle,Wilcox,kristinwallace@example.com,770-650-3168x807,Male,1994-06-01,2022-08-31
C004995,Jacob,Castillo,keith89@example.org,(550)467-9460,Female,1994-04-15,2024-09-01
C004996,Ashley,Neal,wanda54@example.com,+1-458-793-2379x2676,Female,1948-08-05,2021-07-26
C004997,Samantha,Moyer,cannonamber@example.net,+1-841-262-6832x86089,Male,1963-04-26,2021-07-10
C004998,Jorge,Harvey,kellybenjamin@example.org,848.656.1724,Male,1978-09-21,2023-06-05
C004999,Kim,Everett,john55@example.com,+1-779-312-9195x52638,Male,1985-10-16,2022-11-07
C005000,Dustin,Levine,holmesjames@example.com,234.587.0407,Male,1993-07-25,2024-02-25
C005001,Meghan,Conner,tharrell@example.org,338.430.4082x1011,Male,2007-11-27,2025-04-05
C005002,Linda,Oconnor,kimberly50@example.org,+1-643-685-9485,Female,1948-07-29,2025-08-12
C005003,Patricia,Saunders,crosbyandres@example.net,001-665-722-0709x65652,Female,1966-12-04,2024-07-25
C005004,Dana,Woods,kevin47@example.org,724.663.5288x68455,Male,1946-02-20,2025-03-23
C005005,Steven,Hensley,fcase@example.net,001-893-900-8270,Male,1956-05-10,2022-05-10
C005006,Matthew,Hill,castrolori@example.com,5385778819,Female,1980-01-05,2023-05-30
C005007,Ronald,Morales,schmidtcasey@example.org,+1-776-335-4270x984,Female,2004-01-22,2023-08-13
C005008,Richard,Beard,debra90@example.net,(332)394-8090,Female,1986-01-24,2022-01-13
C005009,Marvin,Marshall,btran@example.org,(923)258-2074,Male,1964-05-20,2022-07-09
C005010,Patrick,Copeland,brandon32@example.net,532.741.6546x2855,Male,1939-10-05,2025-07-16
C005011,Timothy,Nielsen,lyonsgeorge@example.net,(650)823-7780x75513,Male,1969-02-13,2023-05-02
C005012,Kathryn,Rollins,hcortez@example.net,001-501-350-4545,Male,1991-02-14,2024-11-20
C005013,Michael,Jackson,mary57@example.net,(880)367-7232,Male,2007-06-17,2022-02-24
C005014,Sara,King,williambarnett@example.com,3519827682,Female,2001-01-28,2025-12-30
C005015,Richard,Fields,zacharyfloyd@example.net,(332)244-2967,Male,1973-09-28,2025-03-26
C005016,Thomas,Holland,equinn@example.org,301.768.8366,Female,1982-04-30,2025-02-03
C005017,Olivia,Waller,zdavis@example.org,565.330.5041x3043,Female,2003-06-04,2025-01-17
C005018,Zoe,Simmons,jennifer27@example.net,(788)988-5640x3948,Female,1975-09-17,2023-12-26
C005019,Manuel,Mendoza,andersondenise@example.net,001-757-395-5600x21471,Male,1996-06-15,2024-11-24
C005020,Timothy,Ochoa,rmoses@example.net,447-920-3808x26328,Female,1941-06-02,2022-11-16
C005021,James,Hernandez,madison18@example.net,+1-646-784-2849,Female,1998-01-31,2024-09-21
C005022,Brandon,Curry,robertrobbins@example.org,4684208058,Male,1949-07-12,2022-06-15
C005023,Brian,Contreras,fergusonjessica@example.org,2857390649,Female,1941-08-16,2023-05-31
C005024,Lauren,Flores,ywilliams@example.net,(294)610-0857,Male,1950-11-19,2026-03-21
C005025,Brittany,Johnson,nwilson@example.org,(457)607-1371x744,Female,1954-12-20,2022-03-16
C005026,Rachel,Reynolds,jennaknight@example.net,+1-970-892-9097x924,Female,1937-01-06,2023-04-05
C005027,Holly,Martin,navarromary@example.net,(786)986-1070,Female,1978-03-17,2021-09-27
C005028,Nancy,Jones,ambergonzalez@example.com,270-585-3248x287,Male,1953-09-14,2025-01-01
C005029,Samantha,Leon,brittany86@example.com,001-772-357-7401x1967,Female,1964-03-26,2024-12-09
C005030,Crystal,Everett,yclark@example.net,(513)301-8078,Male,2003-08-29,2021-12-23
C005031,Robin,Paul,yoderwillie@example.com,+1-360-276-7743,Female,2007-08-01,2021-09-19
C005032,Bryan,Mora,tylerkatherine@example.com,713.905.6351x8823,Male,2002-02-19,2024-09-10
C005033,Willie,Garcia,melissa36@example.org,+1-642-858-3373x897,Female,1997-07-09,2026-01-21
C005034,Megan,Davis,millerronald@example.net,9536557756,Male,1999-08-15,2024-06-16
C005035,Matthew,Daniels,gonzaleztravis@example.net,745-975-6927,Female,1948-05-12,2024-02-22
C005036,Anthony,Smith,crawfordgina@example.com,904.755.9924x9105,Female,1987-05-13,2025-10-29
C005037,Amy,Smith,carriepugh@example.org,563.944.7634,Male,1974-10-12,2022-05-01
C005038,Shane,Smith,samanthaharris@example.net,511-200-4548,Female,1937-01-31,2022-06-03
C005039,Alexa,Hill,wlambert@example.com,(332)796-7861,Male,1947-12-16,2025-07-08
C005040,Jonathan,Moore,john63@example.com,001-213-425-9355x6197,Male,1961-01-13,2022-11-23
C005041,Bianca,Paul,shieldsmolly@example.net,7345850002,Male,1965-01-24,2021-11-18
C005042,Valerie,Paul,garrettcatherine@example.com,645-676-2394x6435,Female,1995-10-25,2024-09-16
C005043,Kendra,Robinson,cdavidson@example.net,754-327-8879x08123,Female,1997-04-17,2025-03-14
C005044,Marissa,Nelson,jtran@example.org,797.456.8239,Female,1937-07-29,2021-11-02
C005045,Javier,Hall,michaelgeorge@example.com,(938)968-6447x0450,Male,1970-04-29,2026-01-06
C005046,David,Long,zreed@example.com,+1-772-250-5460x524,Female,1947-07-19,2023-08-21
C005047,Jason,Williams,melissa66@example.org,635-724-9844x6420,Male,1980-10-10,2023-04-08
C005048,Michael,Whitaker,benitezamy@example.com,730.626.4901x03855,Female,1962-10-18,2022-01-31
C005049,Sean,Edwards,romanleah@example.org,001-371-619-3456x84914,Female,1977-02-16,2024-10-24
C005050,Eric,Davis,paul90@example.org,718-815-4711x242,Male,1960-12-24,2026-05-28
C005051,Veronica,Foster,gillespiejacqueline@example.net,001-972-665-9538,Male,1985-03-09,2024-01-02
C005052,Matthew,Mcguire,benjaminramos@example.com,952.761.1747x617,Female,1998-02-07,2024-10-01
C005053,Lisa,Price,leachlouis@example.net,(734)504-5401,Female,1941-11-06,2022-08-13
C005054,Lindsey,Little,aaronhawkins@example.org,+1-216-520-1704x570,Female,1935-10-21,2024-06-16
C005055,Dennis,Randolph,james96@example.net,+1-364-445-1734x23251,Female,1954-06-25,2022-02-12
C005056,Robert,Smith,zhill@example.org,(451)281-9290x0145,Female,1977-06-16,2024-06-28
C005057,Michael,Brock,joshuagriffith@example.com,(628)384-3697x074,Female,1965-04-14,2023-05-14
C005058,Tammy,Davila,ycarey@example.org,001-723-610-0307x133,Female,1999-07-05,2024-07-26
C005059,Isaac,Stewart,juliesmith@example.net,(802)912-2996x3074,Female,1988-10-15,2026-04-12
C005060,James,Murphy,billjames@example.net,9668892113,Female,1990-07-19,2023-03-07
C005061,Debra,Garcia,zacharycruz@example.org,+1-332-757-6076x15779,Male,1936-05-22,2025-11-29
C005062,Jacob,Logan,jessica08@example.org,001-942-918-2444,Male,1946-11-19,2023-03-11
C005063,Christopher,Thomas,andreaosborne@example.org,915-655-5452,Male,1955-12-12,2023-08-20
C005064,Brittany,Mora,jeffrey12@example.com,503.315.8819x07863,Male,2006-12-27,2023-09-03
C005065,Danny,Watson,kenneth81@example.com,(794)560-7742,Male,2004-12-05,2024-06-15
C005066,Donald,Wolf,hbeck@example.net,452-654-2213x99409,Female,1936-01-02,2023-08-22
C005067,Jennifer,Hester,alvarezkaren@example.com,001-417-743-7440x469,Female,1981-09-22,2022-06-03
C005068,Denise,Johnson,otaylor@example.net,(374)684-6573x3519,Female,1979-08-14,2022-02-03
C005069,Christopher,Hull,hugheschase@example.com,(314)389-6591,Female,1956-08-02,2022-10-09
C005070,Pedro,Fletcher,dennis01@example.net,(887)345-5755,Male,1942-04-26,2021-09-17
C005071,Gary,Morris,longerin@example.net,001-558-981-7119x24934,Male,1966-07-02,2021-07-26
C005072,Jeffrey,Whitehead,qfleming@example.com,+1-790-991-0700x89730,Male,2006-05-31,2022-10-19
C005073,Marcus,Elliott,staceydavis@example.net,001-382-396-4708x4487,Male,1944-10-18,2024-07-28
C005074,Sharon,Smith,michael91@example.net,8976939023,Male,1987-12-24,2022-12-22
C005075,Sean,Decker,malik62@example.com,544-670-4935x18139,Female,1971-12-27,2023-08-26
C005076,Steven,Rivera,justin03@example.org,590-877-0602x8105,Male,1957-03-13,2024-09-06
C005077,Ian,Pope,garrisonjulia@example.net,+1-635-403-0064x821,Female,1984-05-03,2022-05-26
C005078,Tiffany,May,vegareginald@example.org,439.377.1606x1938,Male,1974-11-24,2023-10-28
C005079,Joseph,Warner,amartin@example.com,741.632.9130,Female,1995-10-11,2023-02-02
C005080,Tanner,Parker,amandarogers@example.com,(813)483-8338x762,Male,1954-04-16,2023-07-09
C005081,Pamela,Diaz,sara27@example.org,395.237.6112x6371,Male,1962-11-28,2022-06-11
C005082,Dorothy,Jones,shane29@example.net,936-709-8208x403,Male,1996-05-14,2024-11-07
C005083,Thomas,Garcia,morganjackson@example.com,237-334-9408x152,Female,1947-09-05,2025-11-13
C005084,Troy,Williams,chad02@example.com,(936)661-8809x580,Female,1975-09-15,2025-01-09
C005085,Sean,Ferguson,ewright@example.net,420-770-5856x406,Female,2006-05-02,2024-05-17
C005086,Lauren,Austin,johngarcia@example.com,(792)471-7188x02931,Male,1996-08-02,2022-05-31
C005087,Paige,Berry,abyrd@example.org,542-638-8893x58143,Female,1954-04-29,2025-04-02
C005088,Angela,Thompson,yfinley@example.net,(593)860-5128x3760,Female,1998-04-18,2021-12-05
C005089,Elizabeth,Cox,garciabeverly@example.com,001-685-521-9912x13051,Female,1998-02-24,2025-03-05
C005090,Andrea,Smith,wisemichael@example.net,(241)318-6893x9811,Male,1959-07-29,2024-11-02
C005091,Emma,Villegas,mejiajoanne@example.com,604.836.8002,Male,1985-02-27,2026-01-14
C005092,Robert,Hernandez,nicholas67@example.net,376-892-6319x430,Female,1950-03-17,2021-07-22
C005093,Krystal,Bailey,brian73@example.org,634-751-4060,Female,1939-09-29,2025-05-29
C005094,Erica,Montoya,josephgordon@example.com,+1-722-340-3894x1508,Male,1938-02-07,2021-10-22
C005095,Amanda,Moran,michaelking@example.com,001-622-340-2866,Female,1997-03-09,2024-10-13
C005096,Wayne,Moran,dawnfigueroa@example.org,001-709-992-7152x50650,Male,2002-02-06,2022-05-04
C005097,Danny,Smith,mclaughlinsean@example.net,766-246-6868x9492,Female,1964-08-25,2021-08-26
C005098,Donna,Larson,mark03@example.org,5073770960,Male,1984-09-19,2022-02-11
C005099,Sandra,Patel,candace40@example.com,250-858-4534x1453,Female,2007-03-21,2022-03-23
C005100,Amber,Vargas,kimberlycooke@example.com,001-856-644-7330x4535,Female,2003-04-06,2023-09-06
C005101,Danielle,Ray,tylerweber@example.com,707-590-7679x4193,Male,1970-07-23,2024-12-31
C005102,Timothy,Wise,wgutierrez@example.net,796-368-7000x295,Male,1959-04-18,2024-10-02
C005103,Christine,King,mary68@example.com,+1-307-330-5274x94184,Male,1949-02-07,2023-12-14
C005104,Monica,Hogan,marknoble@example.org,(829)361-6986,Male,1935-12-15,2022-08-15
C005105,Anthony,Brown,marymcintyre@example.com,724-515-9783x755,Female,1942-08-02,2022-11-28
C005106,Michael,Moon,ksingleton@example.net,361.540.2700x950,Female,1972-04-06,2022-06-17
C005107,Douglas,Rosales,khoffman@example.com,375-434-8888x273,Female,1964-09-01,2023-02-24
C005108,Heather,Hall,kjimenez@example.com,415.978.6617x74583,Male,2007-01-05,2022-09-02
C005109,Miranda,Knight,johntravis@example.com,626-343-7669x18569,Male,1963-10-28,2024-05-20
C005110,Eugene,Hurley,asanders@example.org,904-954-9156x21259,Male,1937-09-14,2024-08-09
C005111,Jonathan,Patton,mark32@example.net,574.880.4227x774,Female,1977-02-14,2024-07-28
C005112,Jocelyn,Berg,johnmiller@example.net,364-333-5407x00435,Male,1944-09-26,2026-04-14
C005113,Bryan,Williams,morgancynthia@example.net,817.477.5779,Male,1936-06-25,2025-12-24
C005114,Janice,Powell,loripayne@example.org,354.538.1644x39099,Female,1954-09-28,2024-09-26
C005115,Austin,Solomon,rogersdan@example.com,(765)593-0736x633,Male,1986-06-19,2022-04-24
C005116,Brandy,Murray,dmoore@example.org,+1-451-650-6577x88513,Female,1962-01-04,2026-04-27
C005117,Margaret,Woods,jonesdaniel@example.org,001-776-563-4915,Female,2004-03-28,2022-06-30
C005118,Maurice,Short,rbaker@example.net,(880)642-0021x400,Female,2001-01-03,2023-11-13
C005119,Sara,Stewart,holtcarla@example.net,2089388600,Female,1981-09-25,2026-01-08
C005120,Matthew,Alvarez,mitchell06@example.org,(810)881-3993,Male,1986-03-27,2021-08-24
C005121,Angela,Bennett,kim85@example.com,(604)596-3749x13149,Female,1973-05-30,2023-12-30
C005122,Anne,Schultz,wallacewarren@example.net,741.997.0369x49417,Male,1940-04-18,2025-03-17
C005123,Susan,Green,ygonzalez@example.net,972-449-7361,Female,1959-03-23,2022-05-06
C005124,Frank,Caldwell,ctravis@example.org,(738)887-1841x9369,Female,1994-02-15,2025-11-01
C005125,Nina,Castaneda,bwilson@example.org,846-444-9819x1932,Male,1950-04-08,2021-11-21
C005126,Kelly,Grant,calvarado@example.org,360-401-6036x245,Female,1957-06-12,2021-07-30
C005127,Dustin,Gonzalez,nfoley@example.org,7197032981,Female,1999-05-22,2025-05-11
C005128,Gary,Davis,melissa57@example.com,+1-775-953-9667x8639,Female,1979-02-22,2026-03-09
C005129,Cassidy,Jensen,hwells@example.com,+1-294-512-4106x409,Male,1981-09-12,2021-07-08
C005130,Bryan,Vaughn,taylordavid@example.org,282-824-1555x0599,Male,1944-07-24,2025-07-09
C005131,Kimberly,Robbins,ashleybrown@example.com,+1-721-900-4247x13491,Female,1979-04-18,2023-03-20
C005132,Kevin,Wright,angela46@example.net,+1-450-697-9546x90241,Female,1938-06-11,2021-09-15
C005133,Nancy,Stephens,bowenjohn@example.com,+1-441-836-4436,Male,2006-04-22,2023-04-30
C005134,Charles,Butler,mbrown@example.org,684.896.0841x975,Male,1961-07-28,2022-11-14
C005135,Tammie,Holt,richard02@example.org,593-737-3609,Male,1960-01-29,2022-09-08
C005136,Jennifer,Jennings,rogerstracy@example.org,780-773-3252,Male,1964-12-26,2023-09-08
C005137,Greg,Gonzalez,crystallucas@example.com,218.608.8427x95133,Male,2000-07-15,2023-11-17
C005138,Cathy,Smith,shelly80@example.com,+1-422-341-4508x76070,Male,1949-06-04,2025-12-08
C005139,Jeffrey,Dunn,nmendez@example.org,(414)752-3833x3649,Female,2005-01-26,2024-04-10
C005140,Jessica,Lee,burkesara@example.net,8227171276,Female,1975-06-05,2025-04-30
C005141,Rachel,Floyd,masonsamantha@example.com,001-997-341-9490,Male,1962-08-10,2024-02-12
C005142,Marissa,Harris,william39@example.org,001-708-890-4078x3886,Male,1971-11-22,2025-02-28
C005143,Nicholas,Johnson,lcohen@example.org,001-902-968-4506x2766,Female,2000-10-30,2022-09-10
C005144,Joseph,Taylor,hernandezcharles@example.com,001-380-313-0408x7243,Male,1948-11-29,2024-02-16
C005145,Marc,Hayes,santiagotony@example.org,951-777-5240,Female,2003-08-08,2022-08-03
C005146,Brittany,Alvarado,neil36@example.org,886.458.3279x0557,Male,1958-05-08,2023-01-10
C005147,Marie,Austin,asims@example.com,729-428-1901x81809,Female,1958-12-01,2021-12-28
C005148,Joshua,Jones,erinsanchez@example.net,(564)485-7003,Female,1963-09-10,2022-09-30
C005149,Jennifer,Burgess,jacob90@example.com,690.432.2223x0750,Male,1949-03-12,2025-11-04
C005150,Margaret,Fernandez,mtaylor@example.com,542.203.4371x441,Female,2002-04-14,2024-12-16
C005151,Kevin,Davis,tammy24@example.com,(381)224-5200x13258,Male,1935-10-12,2025-11-28
C005152,Rachel,Patterson,watsonadrienne@example.net,+1-855-886-1627x66394,Female,1980-09-04,2023-01-24
C005153,Alexis,Nelson,russellanthony@example.org,225-864-9089x038,Male,1937-06-13,2024-02-07
C005154,James,Nguyen,kimberly96@example.net,+1-604-695-8655x429,Male,1976-11-15,2023-08-03
C005155,Claudia,Herman,debraross@example.com,883.330.2398x9321,Male,1963-11-11,2025-04-19
C005156,Jonathan,Jimenez,perrymelissa@example.net,001-543-372-7360x035,Male,1977-09-13,2025-02-19
C005157,Rachel,Williams,qterry@example.org,001-482-799-0952,Female,1965-11-17,2021-09-03
C005158,Dustin,Pitts,oscarsmith@example.com,443.681.0163,Female,1995-06-30,2021-07-09
C005159,Christina,Bright,williamsjacob@example.net,001-373-523-4461x6022,Female,1983-01-06,2021-12-06
C005160,Erika,Delgado,gwendolyn69@example.org,+1-601-877-6887x1209,Female,1950-01-17,2022-06-16
C005161,Colleen,Bonilla,meghan97@example.net,244.357.0837x804,Male,1989-07-11,2024-03-23
C005162,James,Francis,jacobknight@example.org,+1-202-222-5524x1817,Male,1989-01-02,2025-07-22
C005163,Matthew,Brown,gamblekayla@example.net,+1-740-477-5504x006,Female,1991-03-30,2022-05-24
C005164,Richard,Hatfield,christopher69@example.net,935.243.7043x061,Female,2006-07-18,2024-11-27
C005165,Kurt,Ritter,wwallace@example.org,(637)914-8609,Female,1960-04-14,2021-07-21
C005166,Christian,Flores,emily19@example.com,497-486-1488x95960,Male,1999-01-27,2026-04-09
C005167,Diana,Meyers,denglish@example.net,845.394.5513,Male,1992-02-23,2025-01-30
C005168,Taylor,Anderson,romerosara@example.org,001-764-204-4664x33642,Male,1993-09-18,2023-08-27
C005169,Jerry,Smith,gayshaun@example.org,001-904-791-5118x51720,Female,1994-01-24,2022-09-20
C005170,Jessica,Hayes,brentmeyer@example.net,964-826-1154x50444,Female,1961-05-01,2023-11-13
C005171,Scott,Wyatt,aaronavila@example.org,802-501-3990x3721,Female,1969-09-03,2022-06-18
C005172,Zachary,Sparks,john91@example.org,+1-295-296-4756x42951,Male,1943-02-01,2026-06-03
C005173,Eric,Morton,wwalter@example.org,+1-238-613-1091,Male,2007-02-16,2026-06-26
C005174,Jody,Lam,mcgrathashley@example.com,+1-345-817-6599x33812,Female,1979-08-28,2023-06-28
C005175,Jenny,Lee,tiffany59@example.org,935-607-2177x37661,Female,1974-01-09,2025-03-29
C005176,Stephen,Tucker,jeffreyarias@example.com,+1-656-861-4227x9040,Male,1991-03-25,2024-09-22
C005177,Sandy,Fisher,esmith@example.com,(532)230-7495x458,Female,1971-12-24,2024-08-13
C005178,Alicia,Pugh,dterrell@example.org,(764)729-8461x4535,Male,1957-08-10,2021-10-02
C005179,Veronica,Jones,trevorwarren@example.org,733.351.8979x8739,Female,1970-01-21,2022-08-16
C005180,Michael,Parrish,joseph63@example.com,976.600.7628x7782,Male,1950-12-22,2025-08-18
C005181,Thomas,Castillo,simmonsjennifer@example.net,486-369-6706x50522,Female,1964-02-03,2024-12-11
C005182,Paul,Johnson,curryjulie@example.org,+1-929-364-5999x19437,Female,1989-08-25,2025-06-11
C005183,Pamela,Herrera,aliciaroberson@example.com,001-374-273-8010x03244,Male,1988-03-25,2023-04-29
C005184,Victoria,Burke,terryhays@example.net,(596)870-7497x956,Male,1960-02-10,2025-06-18
C005185,Alan,Ramirez,baileydavid@example.com,(225)857-9809x597,Female,1952-12-26,2023-10-18
C005186,Mike,Warren,arnoldjeremy@example.net,844-327-6165,Female,1948-12-29,2025-01-29
C005187,Duane,Berg,keithflowers@example.net,(567)839-3736x152,Female,1967-01-09,2023-07-10
C005188,David,Lewis,williamschristopher@example.org,214-621-3467,Female,1944-10-08,2025-01-27
C005189,Arthur,Ford,kbarnes@example.org,+1-368-665-0689x45920,Female,1998-06-25,2024-11-24
C005190,Mandy,Conner,russelljessica@example.com,692-383-6570x9223,Female,1956-08-05,2024-11-20
C005191,Jennifer,Hebert,whitezachary@example.com,225.506.5767,Male,2005-07-22,2021-10-25
C005192,Rebecca,Smith,bmckenzie@example.com,+1-941-397-3392x873,Male,1956-10-28,2021-09-08
C005193,Patrick,Butler,afoster@example.org,+1-649-978-2636x458,Male,1976-12-15,2021-11-22
C005194,Joanne,Greene,michael11@example.net,(807)887-0842x41516,Female,1942-05-22,2025-11-29
C005195,Brittany,Richardson,wgregory@example.net,(600)240-5568,Female,2004-05-13,2025-11-03
C005196,Debra,Chang,josephhernandez@example.com,590-212-5914x86946,Female,2007-08-30,2026-01-16
C005197,Laura,Jackson,scott30@example.org,788.207.7349,Female,1988-11-14,2023-04-20
C005198,Holly,Hardy,lisa26@example.com,001-228-856-1465,Male,2007-07-06,2024-10-07
C005199,Rebecca,Wilson,oforbes@example.org,(794)949-9108,Female,1966-02-04,2022-09-26
C005200,Julie,Walker,kevin21@example.com,751-907-1270x103,Female,1941-07-13,2022-07-23
C005201,Jeffrey,Jensen,brandy18@example.net,503.943.0602x39770,Male,1941-09-12,2022-05-24
C005202,Susan,Richardson,gsimmons@example.com,001-723-909-0062,Female,1997-08-11,2023-02-01
C005203,Gary,Neal,matthewbarnes@example.org,619-452-7169x7527,Male,1989-03-04,2021-12-11
C005204,Amy,Evans,michaelford@example.net,654.748.3632x1853,Male,1939-01-06,2026-06-18
C005205,Elizabeth,May,salasmarissa@example.com,877-256-9936,Male,1962-05-20,2022-01-08
C005206,Trevor,Houston,angel23@example.org,001-355-751-6923x7196,Female,2001-07-01,2022-08-13
C005207,Adrian,Moore,curtisperkins@example.com,435.825.9763,Female,1936-07-27,2026-01-03
C005208,Jacob,Rose,burnsheather@example.com,539-970-2426x3115,Female,1989-09-19,2021-12-24
C005209,Krystal,Figueroa,tjones@example.net,5628509060,Male,1981-06-14,2022-11-11
C005210,Samantha,Mckinney,qgibson@example.org,(674)676-3317,Female,1952-11-11,2026-03-07
C005211,Brittany,Peters,silvapatrick@example.net,(995)772-2914,Female,1997-07-24,2024-04-09
C005212,Daniel,Jones,rebeccaparker@example.net,3253094607,Male,1981-05-07,2023-12-21
C005213,Dorothy,Miller,david92@example.net,+1-508-868-7500x766,Male,1999-12-10,2024-04-07
C005214,Jasmin,Green,chadrice@example.net,(846)605-6100,Female,1971-03-12,2023-02-27
C005215,Andrew,Jones,brian67@example.com,(386)981-9452,Female,1945-05-31,2025-01-07
C005216,Joshua,Gonzales,jane43@example.net,+1-967-394-5672,Female,1997-09-21,2023-12-08
C005217,Nathan,Woodard,vbrown@example.com,636.301.5422,Male,1960-06-12,2022-09-08
C005218,Laura,Wood,troygarcia@example.com,271-573-4609x4928,Male,1947-10-08,2024-12-19
C005219,Kendra,Ochoa,ysoto@example.org,8305064274,Male,1982-10-09,2026-05-12
C005220,Brandon,Weber,stephanie09@example.com,001-228-999-7125,Male,1942-06-19,2025-12-19
C005221,Teresa,Brown,sbridges@example.com,748-461-3856,Female,1987-10-08,2022-03-20
C005222,James,Thomas,woodjason@example.com,+1-826-835-5841x67350,Male,1975-12-21,2021-07-12
C005223,Leah,Rowland,barbaraduncan@example.net,812.461.1180,Female,2000-09-01,2025-01-27
C005224,Richard,Neal,patrickfranklin@example.com,498-507-5892x390,Female,2000-11-21,2023-02-10
C005225,Christopher,Owens,curtis09@example.com,725-972-2266x791,Female,2002-06-29,2024-06-23
C005226,Sarah,Franklin,kevinallen@example.com,294.214.9407,Male,1953-01-05,2023-04-25
C005227,Richard,Ramos,travismartin@example.com,379-231-4311x714,Female,1962-04-14,2022-02-27
C005228,Angela,Williams,jenningsroger@example.com,704-301-6234x18096,Female,1964-12-29,2025-06-17
C005229,Karen,Grant,mjohnson@example.org,+1-361-985-6529,Female,1971-09-06,2022-11-10
C005230,Latoya,Navarro,katherinejoseph@example.org,+1-542-871-3820x6768,Male,1966-08-19,2025-01-12
C005231,Laura,Garcia,taylorjeffrey@example.org,(282)320-3646x51964,Female,1983-12-06,2022-12-31
C005232,Debra,Cook,lopezmelanie@example.net,+1-263-922-6288x910,Male,1973-10-21,2023-11-29
C005233,Jasmine,Kemp,xhuff@example.net,+1-787-784-3279x05276,Female,1956-02-28,2023-12-18
C005234,Kimberly,Greene,robert16@example.com,001-557-814-7844x23183,Female,1938-12-17,2024-04-13
C005235,Thomas,Peters,bryan08@example.com,001-970-979-8445x3503,Female,1986-11-01,2023-04-09
C005236,Joshua,Simon,jacob17@example.net,524.854.2589,Male,1961-09-05,2022-10-30
C005237,Sandra,Murillo,samanthabrooks@example.org,+1-889-245-8987x1824,Male,2003-09-21,2025-05-07
C005238,Cynthia,Ramirez,debbie27@example.org,001-882-966-6000x23849,Male,1985-02-10,2025-01-21
C005239,Alexandra,Rodriguez,cooleyrobert@example.com,448-224-5121x55342,Female,1957-04-23,2023-10-14
C005240,Dana,Bender,diana97@example.org,+1-543-493-8488x78114,Male,2001-05-17,2025-11-10
C005241,Joshua,Cunningham,karl37@example.org,001-713-702-9910x1138,Male,1999-05-29,2026-01-03
C005242,Randy,Wright,tmarquez@example.net,+1-866-710-1587,Female,1985-12-05,2024-10-27
C005243,Heather,Kemp,james85@example.com,823.861.7511x240,Male,1973-05-07,2024-08-01
C005244,John,Hughes,kingshannon@example.org,+1-228-828-3505x85356,Female,1975-09-25,2024-07-11
C005245,Molly,Williams,marquezcarly@example.com,001-993-348-9927,Male,1999-05-22,2024-08-13
C005246,Manuel,Obrien,michellelee@example.com,+1-253-666-4703x916,Female,1955-12-06,2021-08-24
C005247,Andrew,Kim,jonesmelissa@example.net,001-326-323-0911x7956,Male,1966-05-17,2024-09-24
C005248,Steven,Mendoza,melissamcdonald@example.org,001-807-754-6231x1567,Male,1968-10-07,2026-06-15
C005249,Laura,Conrad,monica53@example.net,946.898.6378x682,Male,1998-08-28,2024-09-26
C005250,James,Myers,kristenkidd@example.com,842.873.8211,Female,1970-12-14,2022-10-11
C005251,Lee,Nguyen,thunt@example.com,381.236.4368,Male,1975-03-29,2025-11-25
C005252,James,Hunt,nelsonsteven@example.net,603-751-9766x34193,Male,1970-04-19,2024-11-12
C005253,Emily,Adams,christophermitchell@example.org,(689)878-0151x5888,Female,1988-01-15,2025-02-27
C005254,Julie,Frank,nancygross@example.com,720.901.8121,Male,1941-10-21,2025-04-24
C005255,Eddie,Perez,ipalmer@example.com,(626)244-9103x129,Female,1940-01-07,2022-12-12
C005256,Nathaniel,Clements,samuel62@example.com,636-320-2078,Female,1994-01-25,2024-05-24
C005257,Jerome,Avila,cory40@example.com,001-620-770-5164,Female,1958-12-02,2024-04-25
C005258,Sherry,Taylor,ywalton@example.com,001-620-397-0558x8662,Male,1998-10-03,2026-05-26
C005259,Lacey,Whitehead,deanna24@example.org,222-866-6300,Male,2003-12-12,2022-01-12
C005260,Denise,Carroll,anthony31@example.com,521.564.3905,Female,1970-08-13,2024-06-16
C005261,Mark,Hill,bennettstephen@example.net,+1-317-669-4204,Female,2000-01-14,2021-12-08
C005262,Justin,Howard,jennifer93@example.net,+1-701-333-1237x234,Male,1949-09-17,2021-09-17
C005263,Logan,Barnett,castrojeremiah@example.com,001-475-861-0350x368,Female,2007-01-13,2022-05-10
C005264,John,Lopez,amy56@example.net,719-737-4130x86416,Female,1961-03-19,2024-06-20
C005265,Sarah,Moore,elawrence@example.com,(345)388-7529x11581,Female,1941-10-29,2022-05-17
C005266,David,Hall,melissa83@example.org,+1-503-343-6261,Male,1986-05-01,2022-04-14
C005267,Colleen,Williams,kelly03@example.com,(900)355-2887,Male,1996-04-06,2026-01-18
C005268,Nicole,Johnson,jeremywilliams@example.org,(594)572-1714x80690,Female,1979-09-25,2025-11-22
C005269,Erica,Vance,sandovaltracy@example.net,373-314-9478x68482,Male,1949-01-23,2021-08-16
C005270,Carrie,Lewis,janet23@example.org,(836)393-4828,Male,1968-10-29,2023-07-10
C005271,Holly,Wells,leonardesparza@example.net,290.303.0733x119,Female,1993-11-07,2024-07-22
C005272,Deanna,Griffin,beth82@example.org,001-242-367-3554x75681,Male,1986-05-14,2021-09-15
C005273,Audrey,Duncan,dholt@example.com,(626)828-4829,Female,1960-10-20,2023-02-22
C005274,Dennis,Williams,maxwelljody@example.net,684.890.3503,Male,1999-07-11,2025-11-13
C005275,Joseph,Stewart,doris95@example.com,+1-486-222-5827,Female,1957-01-14,2023-05-29
C005276,Lawrence,Little,farmerdavid@example.org,414.878.2162x0157,Male,1983-09-20,2025-06-01
C005277,Amanda,Rivas,dcox@example.com,001-300-421-5538,Female,1983-12-09,2023-08-14
C005278,Heather,Bennett,qgarcia@example.net,307.425.7154x967,Male,2002-08-17,2023-06-05
C005279,Timothy,Massey,yhiggins@example.com,+1-692-783-9004x670,Female,1988-07-12,2024-10-18
C005280,Michael,Moss,coloncaitlin@example.org,219-886-5910x596,Male,1995-12-26,2024-11-17
C005281,Christopher,Wells,kathleen17@example.com,(619)907-8148,Male,1981-01-03,2023-01-27
C005282,Erin,Boyle,bward@example.org,001-921-239-2781x4383,Female,1960-09-16,2025-03-23
C005283,Michael,Watson,mitchellmills@example.org,802.456.0985,Male,1937-12-15,2025-09-19
C005284,Phillip,Summers,awilliams@example.net,001-388-465-5942x49176,Female,1986-04-28,2021-11-06
C005285,Patrick,Simpson,scottlouis@example.org,(565)987-6165x1755,Female,1942-11-14,2021-11-06
C005286,Jeffrey,Singh,adam32@example.com,+1-453-740-4634x37290,Female,1968-02-11,2025-12-11
C005287,Melinda,Berry,nicholasgraham@example.net,+1-732-468-8483,Male,1966-11-24,2021-12-30
C005288,Stephanie,Garcia,qzavala@example.net,915-758-7095x24231,Male,1999-05-20,2023-01-29
C005289,Michael,Burke,glennanthony@example.org,(266)957-8611x3322,Male,1971-12-16,2022-11-08
C005290,Susan,Murphy,zherrera@example.com,001-915-521-5704x2390,Female,1936-04-26,2025-10-07
C005291,Jennifer,Vargas,iramos@example.org,809-847-6746x66571,Male,1959-10-14,2023-12-24
C005292,John,Martin,michael35@example.com,551.582.0108x558,Male,1995-04-30,2022-09-28
C005293,Leah,Hernandez,anitasanchez@example.net,865.850.7827,Female,1992-01-24,2025-04-21
C005294,Brian,Weaver,johnsonbrittany@example.net,509-249-8733x6211,Male,1998-05-29,2025-08-28
C005295,Marisa,Taylor,garrettandrea@example.org,584-479-6828,Male,1999-03-14,2025-10-27
C005296,Patrick,Tucker,rpeterson@example.com,644.547.0053,Female,1955-03-07,2026-03-24
C005297,Michael,White,rmacdonald@example.net,+1-605-562-2124,Male,1962-12-19,2025-08-05
C005298,Stephanie,Stark,christina02@example.net,500.205.5787x097,Female,1937-03-19,2022-02-19
C005299,Stephanie,Huynh,sethirwin@example.org,608-706-7555,Female,1935-12-07,2025-06-13
C005300,Linda,Olson,jboyd@example.org,488-943-2387,Female,2006-07-30,2024-12-01
C005301,Anthony,Brown,zrobinson@example.org,748-652-4436x4634,Female,1989-04-03,2023-05-02
C005302,Anthony,Dodson,tcabrera@example.com,375.903.4011x346,Male,2004-08-19,2025-09-30
C005303,Anna,Perry,kinglisa@example.net,531.892.4333x0851,Male,2005-11-28,2025-03-29
C005304,Amanda,Woodward,juan54@example.com,487.613.1189,Female,1964-10-31,2022-08-17
C005305,Karen,Taylor,tmoore@example.net,6832125887,Male,1965-10-20,2024-01-11
C005306,Charles,Larson,rachael52@example.net,(928)292-2449x071,Male,1989-10-20,2023-03-20
C005307,Kenneth,Webster,yyoung@example.com,+1-797-508-7038x6356,Male,1983-04-16,2025-01-13
C005308,Maria,Adkins,nathanwilliams@example.org,001-958-542-4003x015,Female,1956-02-24,2021-12-29
C005309,Brian,Booth,patrickperez@example.com,+1-417-372-6523x23195,Male,1993-11-07,2024-11-18
C005310,Brian,King,wbowers@example.com,866.634.1869x32179,Female,1971-03-30,2024-09-07
C005311,John,Shah,chelseafletcher@example.net,8223925793,Male,1986-01-28,2026-01-19
C005312,Jennifer,Harvey,david86@example.com,972.658.9937x576,Male,1953-01-23,2026-05-19
C005313,Holly,Moreno,jpark@example.net,7377570450,Female,1973-02-05,2025-11-26
C005314,Leroy,Osborne,annataylor@example.org,+1-301-786-2127x4419,Male,1966-03-14,2024-07-22
C005315,Marissa,Massey,qwilliams@example.org,2165939727,Female,1964-05-04,2025-11-19
C005316,Mary,Monroe,iprince@example.net,708.358.6263x967,Male,1942-06-18,2024-09-23
C005317,Sherry,Hernandez,nathancampbell@example.net,457.446.8923x351,Male,1960-06-20,2022-03-16
C005318,Jeffrey,Becker,moralesalyssa@example.org,(734)554-3769,Female,1961-08-10,2024-09-03
C005319,Ian,Mcdowell,carrollmatthew@example.org,(297)300-2413,Male,1956-12-20,2024-02-13
C005320,Steven,Morales,justin17@example.com,551.383.2562,Male,1953-06-07,2023-05-31
C005321,Krista,Savage,melissa71@example.org,431.292.2961x529,Female,1966-10-09,2023-02-08
C005322,Margaret,Jacobs,angelamartinez@example.net,807.396.3981,Male,1968-03-06,2025-04-25
C005323,James,Rocha,cannonnatalie@example.com,+1-509-463-2430x560,Male,1969-04-14,2022-07-21
C005324,Michelle,Young,kristine28@example.org,001-684-399-0632x22161,Male,1976-11-15,2022-05-29
C005325,Susan,Ramos,jacksondonald@example.net,680-286-0782,Female,1973-09-24,2023-02-10
C005326,Patrick,Rivera,suzannelee@example.com,001-754-211-9305x816,Male,1952-08-27,2024-03-01
C005327,Jessica,Green,julia55@example.org,(510)894-2772x436,Female,1994-11-10,2025-07-04
C005328,Krista,Heath,danielle58@example.com,253.328.8821x1518,Male,1998-04-04,2025-09-27
C005329,Mary,Delgado,allenwade@example.org,994-644-5488,Female,1972-03-09,2025-05-17
C005330,Stephen,Andersen,davidjimenez@example.org,+1-409-524-3998x467,Female,1949-07-22,2022-02-19
C005331,Melvin,Hebert,sjackson@example.net,283-292-4461x30678,Female,2007-02-24,2021-09-04
C005332,Crystal,Pope,cvasquez@example.net,001-266-305-6873x41086,Female,1953-03-09,2026-02-28
C005333,Margaret,Patterson,krystal94@example.com,+1-383-607-6481x8044,Male,1964-10-31,2021-12-13
C005334,Cassandra,Santos,kleinmonica@example.com,920.305.9698x616,Male,1939-09-05,2024-02-05
C005335,Brian,Wood,cwest@example.org,(417)352-1137x70529,Male,1963-08-31,2025-11-24
C005336,Erica,Robertson,dwhite@example.net,001-698-953-5297x529,Male,1974-03-28,2024-04-04
C005337,Justin,Sandoval,dorothy77@example.org,+1-432-904-0781x68319,Female,1996-05-01,2023-09-23
C005338,Patricia,Phillips,davidmiller@example.com,529.392.4613,Female,1985-03-17,2022-06-04
C005339,Catherine,Martin,zwade@example.com,001-872-244-5181x2103,Female,1962-01-07,2022-10-12
C005340,Emily,Griffith,adamdelgado@example.org,436-326-3298,Male,1958-04-17,2024-02-24
C005341,Pamela,Mcclure,luisshelton@example.org,001-365-531-5005,Male,1985-11-29,2026-03-01
C005342,Julie,Riley,cindy78@example.com,+1-416-969-2556x7774,Female,1975-06-07,2022-09-08
C005343,James,Smith,craig66@example.net,+1-358-838-3980,Female,1955-04-03,2025-12-05
C005344,Brian,Scott,deborah81@example.com,001-329-405-7770x916,Female,1992-12-20,2021-12-04
C005345,William,Christian,nmartin@example.com,(767)584-2196x41605,Female,1957-02-12,2024-06-05
C005346,Miguel,Hernandez,sherry28@example.com,4822077088,Male,2007-10-29,2025-06-27
C005347,Walter,Williams,mccormickchristine@example.com,+1-909-828-8511x07986,Female,1999-02-03,2023-06-17
C005348,William,Robertson,rachel33@example.com,(718)229-6774,Female,2008-03-12,2023-06-03
C005349,Evan,Young,fharris@example.org,869-325-1848x4390,Male,1942-05-25,2024-12-14
C005350,Gail,Mitchell,melissanewman@example.com,+1-383-597-4726x317,Male,2002-11-19,2024-08-21
C005351,Alice,Olson,qruiz@example.net,+1-424-717-6543x48084,Male,1990-10-01,2024-06-23
C005352,Joseph,Scott,shannon40@example.org,698.936.4347x0215,Male,1985-02-27,2021-09-29
C005353,Victoria,Ross,alan78@example.com,409-939-7756x040,Male,2001-08-28,2022-05-05
C005354,Savannah,Webb,austin24@example.net,802.792.7911x9886,Male,1953-05-16,2023-09-16
C005355,Michael,Wilcox,paulcabrera@example.net,(739)225-5102x8831,Male,1942-09-15,2021-10-31
C005356,Nina,Rogers,lori84@example.net,+1-397-498-1394x8359,Female,2002-09-23,2023-05-04
C005357,Ashley,Bates,barbara33@example.net,4847333303,Male,1962-12-13,2023-12-19
C005358,Jeffrey,Martin,lhicks@example.net,(292)334-9838x09307,Female,1985-08-04,2026-01-06
C005359,Wendy,Summers,cayers@example.net,499-202-3098x156,Female,1978-03-19,2023-06-30
C005360,Thomas,Wilson,plowe@example.org,+1-429-602-7313x61223,Female,2000-09-23,2026-01-26
C005361,Mario,Hughes,brookschristina@example.com,+1-350-646-0657x89936,Male,1984-12-21,2023-09-01
C005362,Amber,Carr,qmartinez@example.org,316.478.6863,Male,1972-01-30,2025-06-12
C005363,Roger,Simon,mmorse@example.org,888.464.5648x92803,Female,1974-11-27,2023-01-20
C005364,Paul,Powell,aprilramos@example.net,688-423-8882x076,Male,1935-12-13,2025-08-28
C005365,Austin,Miller,elliottteresa@example.net,+1-886-675-8789x556,Male,1940-07-28,2022-07-04
C005366,Matthew,Wood,michael11@example.org,941.496.4766,Male,1947-03-19,2024-02-03
C005367,Cody,Lynch,erinrodriguez@example.net,(821)410-5449x193,Female,1937-09-20,2026-06-10
C005368,Michael,Walker,dana61@example.com,233-563-0069x189,Female,1963-11-08,2026-06-07
C005369,Nathan,Mendoza,boothkatherine@example.org,217.338.9197x7178,Male,1949-07-31,2024-11-17
C005370,Melissa,Rose,thomasleblanc@example.org,297-332-7487,Female,1997-07-02,2024-07-20
C005371,Stacy,Diaz,mrobertson@example.com,982-875-9529x131,Female,1955-12-04,2024-09-10
C005372,Christopher,Lee,kenneth23@example.com,796.770.4715x73364,Male,1946-05-18,2024-07-26
C005373,Chelsea,Parrish,bhickman@example.net,(544)885-8051x0232,Female,1962-07-20,2024-06-25
C005374,Marc,Singh,andersonmatthew@example.net,+1-219-701-4433x1630,Female,2004-12-31,2024-03-27
C005375,Victor,Cortez,ostrickland@example.org,(654)561-7686x53989,Male,1982-08-02,2021-12-21
C005376,Mathew,Griffith,djones@example.org,001-404-328-3492x6813,Female,1946-04-22,2025-05-06
C005377,David,Lopez,marcwilliams@example.net,001-642-736-1104x6890,Female,1935-07-31,2022-10-02
C005378,Thomas,Wagner,qbrandt@example.net,+1-857-429-3736x06352,Male,1980-03-23,2025-03-18
C005379,Michael,Barber,kking@example.com,001-336-304-4096x891,Male,1988-04-30,2024-10-12
C005380,Frank,Lopez,daniel99@example.com,713.542.5381x440,Male,1988-11-10,2023-06-15
C005381,Manuel,Fisher,singhlisa@example.org,(522)265-3368x88538,Female,1983-01-28,2025-08-26
C005382,Tracy,Mathis,ksnyder@example.com,(773)228-5884,Male,1995-02-20,2026-02-13
C005383,Alex,Ferguson,leejames@example.net,874-400-0069,Male,1989-05-26,2022-03-11
C005384,Michelle,Porter,catherine79@example.org,290-892-5082,Male,1957-01-17,2025-10-13
C005385,Tina,Chan,vwinters@example.com,526-323-6921,Female,1976-10-08,2022-02-15
C005386,David,Lewis,kherrera@example.org,(595)349-7486,Female,1970-02-26,2024-10-19
C005387,Carlos,Hayes,ucobb@example.net,487.935.8255,Male,1946-06-28,2025-08-24
C005388,Amanda,Robertson,klawson@example.org,+1-414-773-0843,Female,1978-05-08,2024-07-16
C005389,Steven,Thompson,ycuevas@example.com,(852)663-8116x42581,Male,2006-05-30,2025-06-28
C005390,Nicholas,Vega,edward96@example.net,340-645-5929x25165,Male,1977-07-10,2021-07-19
C005391,Michelle,James,virginia47@example.net,504.212.2877x06466,Female,2005-11-11,2024-05-20
C005392,Joseph,Butler,wsmith@example.com,001-290-805-5097x6448,Male,2007-05-09,2022-07-04
C005393,Robert,Baker,hruiz@example.net,+1-529-802-0088x41430,Female,2007-06-05,2023-04-11
C005394,Sara,Patel,pli@example.com,001-265-636-9972,Male,1993-11-20,2025-06-20
C005395,Adam,Rojas,wclark@example.net,001-845-702-4824,Female,1961-08-26,2024-02-06
C005396,Tammy,Lewis,donaldshaw@example.org,001-237-477-5945x13345,Male,1970-08-03,2026-03-24
C005397,Jillian,Lowe,alexis47@example.org,3268428587,Male,1962-02-27,2025-07-21
C005398,Michael,Ward,ojohnson@example.org,(877)445-8907x5601,Female,1985-05-03,2023-08-14
C005399,Jennifer,Williams,adamyoung@example.net,(742)909-1931x06640,Female,1950-01-14,2025-04-06
C005400,Kristine,Ruiz,rhondaharding@example.net,(332)753-7714x93678,Female,1947-04-23,2024-08-08
C005401,Brandon,Morrow,annerichard@example.org,001-478-945-3506x015,Female,1944-06-11,2025-03-23
C005402,Bobby,Reed,mrhodes@example.org,691.742.2773,Male,1994-04-21,2021-08-06
C005403,Dennis,Walsh,ymiller@example.org,001-276-861-2263,Female,1985-12-10,2024-05-28
C005404,Joshua,Alvarado,terri29@example.com,602-320-1227,Male,1943-06-03,2024-05-26
C005405,Chad,Miller,mkeller@example.org,370.924.7368,Female,2005-11-24,2021-08-31
C005406,Sara,Brown,scottfrench@example.org,789.935.1654x55315,Female,1945-04-24,2023-08-17
C005407,Michael,Davis,umartin@example.org,668-978-1286x931,Female,1957-06-06,2025-10-26
C005408,Gregory,Hanson,xhill@example.org,502.423.8587x274,Female,2002-07-07,2023-08-13
C005409,Carol,Johnson,sheila80@example.net,817.219.2326x14062,Female,1986-06-20,2025-08-07
C005410,Tara,Hernandez,hdavis@example.net,624.624.0683x115,Male,1984-08-14,2022-04-10
C005411,Lonnie,Hughes,ericacharles@example.net,001-886-288-5514,Male,1958-08-14,2022-03-06
C005412,Justin,Brown,gwalker@example.com,001-232-347-3806x5483,Male,1989-10-10,2024-06-01
C005413,Eric,Cohen,amy43@example.net,001-638-761-9993x63432,Female,1964-12-26,2021-10-02
C005414,Laura,Norris,scottcarlos@example.com,001-647-993-8320x3112,Female,1976-07-23,2026-05-07
C005415,Jimmy,Brown,desireeshaw@example.org,+1-424-806-2802x25647,Female,1983-02-03,2022-03-29
C005416,Ronnie,Shaffer,bmack@example.com,643.830.0401x921,Female,2002-09-21,2023-10-25
C005417,Ashley,Mccoy,pyoung@example.org,(869)384-9142,Female,1976-07-02,2022-06-12
C005418,Jessica,Andrews,maryowen@example.com,545.562.9807x1064,Male,2000-04-25,2022-06-11
C005419,Sheila,Wheeler,lawrencedavid@example.com,+1-340-356-0610x2635,Female,1949-08-02,2023-02-15
C005420,Gary,Hunter,melindajohnson@example.net,(228)723-7005,Male,1961-10-05,2022-07-19
C005421,Lori,Fitzgerald,kathleen70@example.net,+1-889-350-4918x616,Male,1983-12-02,2023-02-04
C005422,Jennifer,Graham,katie40@example.org,001-551-354-0548,Female,1986-10-29,2026-06-15
C005423,Joshua,Evans,nicole79@example.com,+1-994-921-8449x443,Female,1997-06-29,2021-09-07
C005424,Jennifer,Horn,zhodges@example.com,001-737-325-2136x9818,Female,1997-06-04,2023-11-25
C005425,Kevin,Griffith,richard81@example.net,001-611-769-4079,Female,1965-09-20,2024-01-21
C005426,Katie,Blair,dennismorales@example.com,(346)556-2769,Male,1965-02-07,2024-02-22
C005427,Tammy,Sherman,mackenziejackson@example.org,+1-556-687-9891x178,Female,1993-05-13,2024-02-05
C005428,Philip,Peterson,joshua86@example.org,001-811-930-7493x38587,Male,1978-07-06,2021-09-18
C005429,Cristina,Hernandez,scottlaura@example.net,6159360986,Female,1983-07-09,2023-12-16
C005430,Cassandra,Hendrix,mperez@example.com,533.710.7083,Male,1939-12-30,2024-04-22
C005431,Randall,Murray,brianna37@example.org,+1-778-453-9727,Female,1969-11-26,2025-09-09
C005432,Ernest,Davis,qsanford@example.com,464.691.9968x1430,Male,1992-02-07,2025-10-21
C005433,Fred,Shaw,christopher48@example.org,7679435153,Female,1974-03-30,2025-11-21
C005434,Eric,Rowe,pfernandez@example.net,001-641-444-3385x845,Male,1937-10-03,2022-07-25
C005435,Stephanie,Haas,dturner@example.org,001-238-219-3562,Male,1945-03-01,2024-04-29
C005436,Chelsea,Underwood,tracy69@example.org,383.329.3775,Male,1997-09-30,2024-12-18
C005437,George,Hall,hollandrachel@example.net,(600)775-7765,Male,1968-09-25,2026-04-26
C005438,Megan,Larson,ucrawford@example.com,849.507.5698x17915,Female,1947-09-20,2025-04-19
C005439,Rebecca,Berry,johnsonscott@example.net,681.352.6012x432,Female,1956-01-07,2023-03-06
C005440,Ashley,Garrett,stevemcpherson@example.net,001-938-329-1776x1794,Male,1998-04-23,2024-01-12
C005441,Kathryn,Paul,manningnatalie@example.com,226-574-4404x271,Female,1983-12-19,2022-12-09
C005442,James,Pearson,johnalexander@example.org,+1-717-635-9722,Male,1970-12-30,2024-05-04
C005443,Jill,Bender,johnny56@example.net,725-298-8809x713,Female,1986-08-12,2023-06-28
C005444,Lindsey,Ferrell,danielyu@example.com,755.951.9213x214,Male,1971-10-28,2022-01-13
C005445,Leslie,Bryant,michaelharris@example.com,897-741-1137x2025,Male,1983-01-02,2026-04-11
C005446,Laura,Duffy,qvasquez@example.com,+1-995-413-4834x866,Male,1992-10-22,2026-05-05
C005447,Tyler,Miles,imccall@example.com,6313715580,Male,1948-06-02,2023-08-25
C005448,Christina,Hudson,mcfarlandjessica@example.com,(980)912-0437,Female,1937-08-30,2021-08-21
C005449,Lisa,Morrow,phillipscatherine@example.org,909.910.2507x7267,Male,1986-01-28,2021-12-24
C005450,Patrick,Murray,jessicamitchell@example.org,444.437.9261x3445,Female,1973-03-01,2025-03-07
C005451,Debra,Stanley,jessica89@example.org,001-999-345-2011x751,Female,1960-08-05,2026-04-28
C005452,Denise,Rosario,paul93@example.com,(870)514-3173,Male,1979-12-30,2023-11-18
C005453,Jesse,Tucker,ronalddavis@example.com,(774)975-4071x452,Male,1988-10-09,2022-11-26
C005454,Michael,Mitchell,michaelortiz@example.org,411-899-4737,Female,1965-09-09,2025-07-28
C005455,Jason,Payne,olivia27@example.com,3536376122,Female,1994-02-26,2022-11-11
C005456,William,Washington,cassandrachase@example.net,958.868.3425x415,Female,1988-02-19,2023-05-10
C005457,Rebecca,Brown,vgonzalez@example.com,574.671.6224x8022,Male,1997-10-28,2022-04-27
C005458,Richard,Perez,gonzalezeric@example.org,372.504.5725,Female,1987-05-20,2026-02-12
C005459,William,Duarte,kendra37@example.net,448-776-0995x3939,Female,1946-09-09,2023-12-04
C005460,James,Holland,jamie78@example.com,(602)232-9051x00974,Male,1957-04-07,2022-11-02
C005461,Jessica,Saunders,jessicamorgan@example.com,665.242.5685x344,Male,1987-03-02,2022-07-09
C005462,Jason,Flores,manninggregory@example.net,(487)566-6843x6231,Male,1996-04-11,2025-11-02
C005463,Mark,Barrett,ntaylor@example.com,205.751.0109,Female,1978-11-27,2023-07-07
C005464,Alexander,Hernandez,gerald66@example.com,(762)248-3695,Female,1947-02-01,2021-09-22
C005465,Melissa,Hall,bartletterik@example.com,863-278-9736,Female,2007-03-22,2023-05-03
C005466,Emily,Gray,robert51@example.net,801-536-0679x777,Female,1981-01-02,2022-09-28
C005467,Ashley,Anderson,marymorales@example.com,+1-515-438-0944,Male,1990-09-02,2021-08-14
C005468,Ashley,Sullivan,uallen@example.net,9737125745,Female,2003-12-03,2021-07-10
C005469,Lisa,Molina,xburns@example.net,318.885.6104x6052,Male,1958-03-17,2026-01-01
C005470,Deanna,Brown,simmonsnicole@example.org,764-446-2773,Male,1958-12-04,2024-07-21
C005471,Edward,Robinson,ccollins@example.org,8754524431,Female,1960-02-07,2025-09-02
C005472,Lauren,Moore,kellypaul@example.net,643-285-2316x01864,Male,1973-02-11,2021-09-12
C005473,Kari,Lloyd,kdrake@example.org,(796)637-8642x708,Male,1945-04-07,2025-09-01
C005474,Chad,Stevens,ghill@example.net,607.517.7184x94179,Female,1942-10-20,2026-07-01
C005475,Christopher,Chavez,fcooper@example.org,266.915.7075,Female,1959-07-08,2023-11-04
C005476,Robert,Savage,laurajohns@example.net,+1-217-477-8478x4961,Male,1976-07-12,2024-06-13
C005477,Nicholas,Butler,jamie83@example.net,(589)591-2121,Male,2000-03-07,2026-04-22
C005478,Amber,Fuller,brianrodriguez@example.com,548.537.5535,Female,1944-01-16,2022-09-13
C005479,Daniel,Lawson,emilypatel@example.com,+1-633-524-2573x075,Male,1952-12-03,2024-08-28
C005480,Carlos,Newman,amandahernandez@example.org,+1-763-881-8567,Male,1978-04-22,2026-05-07
C005481,Marc,Hamilton,csmith@example.org,001-823-251-9342,Male,1987-07-20,2024-12-28
C005482,Christine,Dodson,rebeccafields@example.com,(552)418-3553x94160,Male,1950-03-14,2025-04-10
C005483,Kristen,Nguyen,kathylee@example.com,(290)434-0432x44566,Female,1939-02-14,2024-12-02
C005484,Dana,Odonnell,bill85@example.com,963-523-6686x6257,Male,1999-06-15,2023-05-27
C005485,Christine,Austin,sjackson@example.net,4222802797,Male,1966-03-17,2024-12-25
C005486,Matthew,Randolph,hannah27@example.org,001-386-576-2881x72251,Male,1937-03-30,2022-01-29
C005487,Erik,Stevenson,emily92@example.org,688-912-9794,Male,1941-05-08,2023-02-25
C005488,Amanda,Vasquez,gcampbell@example.com,853.213.4667,Male,1996-10-14,2025-08-17
C005489,Brandon,Price,jennifer83@example.com,537.942.4019x91766,Male,1950-06-06,2025-02-09
C005490,Nancy,Caldwell,jenniferlarsen@example.com,+1-919-798-1772x64575,Female,1997-09-02,2022-07-08
C005491,Ryan,Shepherd,xscott@example.org,286.217.3149x00581,Female,1986-02-27,2025-04-19
C005492,Michelle,Hughes,joseph74@example.com,757-880-8860x009,Male,1954-11-22,2026-05-07
C005493,Deborah,Sanchez,jason42@example.net,(720)584-9989x03940,Female,1945-10-29,2022-10-04
C005494,Aaron,Griffin,dunnzachary@example.com,219-771-3390x6360,Male,1975-10-22,2025-03-11
C005495,Richard,Miller,rogerszachary@example.org,+1-721-989-1793x713,Male,1936-05-23,2022-11-02
C005496,Joseph,Ward,bauermarcus@example.net,(597)379-4216x397,Male,2000-06-06,2025-10-17
C005497,Julie,Martin,dunncynthia@example.com,+1-500-260-9357x57113,Male,1944-02-25,2025-10-12
C005498,Corey,Wells,ddavis@example.org,337-674-0557,Female,2006-06-18,2024-01-03
C005499,Michelle,Green,meyerabigail@example.org,001-612-448-7944x3621,Male,2007-03-31,2025-04-12
C005500,Kathy,Flynn,melissathompson@example.net,663.542.2261,Female,1963-01-08,2021-11-17
C005501,Amy,Reynolds,murphyshannon@example.net,+1-839-699-9855,Female,1942-09-22,2022-12-20
C005502,Tami,Williams,mike10@example.net,+1-796-820-7721x78512,Female,2006-04-08,2024-11-19
C005503,Dwayne,Rodriguez,xcastro@example.com,(931)383-5797,Female,1954-02-22,2026-04-27
C005504,Joel,Figueroa,fgraham@example.net,493-449-7529,Male,1982-01-04,2026-05-03
C005505,Todd,Hodge,whitescott@example.org,(742)922-2170,Female,1944-10-22,2025-06-28
C005506,Jessica,Boyle,nataliereese@example.org,274.573.7031,Male,1991-02-09,2022-01-11
C005507,Rebecca,Cameron,kimchristopher@example.com,001-958-232-5526x7268,Female,1958-03-11,2023-08-09
C005508,Michael,Reid,dmiller@example.org,001-385-632-0974x87156,Female,1981-04-10,2024-01-26
C005509,Stephen,Hill,bharrison@example.com,(322)718-1784x603,Female,2005-01-27,2025-03-28
C005510,Christopher,Wagner,kpatterson@example.org,208-377-8123x985,Female,1954-05-23,2021-09-30
C005511,Sherry,Johnson,hsmith@example.net,(362)314-6046x78095,Male,1951-11-15,2024-02-15
C005512,Amanda,Mccullough,debra96@example.com,(479)964-1516,Female,1978-02-14,2022-01-01
C005513,Ernest,Simmons,qjackson@example.org,313.939.5583x6073,Female,1948-11-22,2023-08-16
C005514,James,Bryant,maryruiz@example.org,840.247.8964x27122,Male,1952-02-10,2022-09-11
C005515,Michelle,Franklin,lutzkatherine@example.org,+1-738-586-3832x393,Female,1976-08-07,2022-01-12
C005516,Maria,Kim,cmarshall@example.org,001-283-514-9815x8215,Male,1991-11-08,2026-02-21
C005517,Rose,Hanson,tylerhudson@example.com,(865)804-4995x1538,Male,1965-07-18,2022-03-17
C005518,Patricia,Garcia,theresa48@example.com,3037033794,Female,1937-03-05,2023-04-04
C005519,Megan,Carter,sandra00@example.net,870-266-1004x7453,Male,1996-10-14,2022-12-02
C005520,Tina,Mcdonald,austinmeyer@example.com,345.265.5792x5276,Female,1950-01-05,2026-03-26
C005521,Bruce,Flynn,vbarrera@example.com,659-549-8495,Male,1985-11-01,2025-04-21
C005522,Debra,Lewis,cschmidt@example.net,288-747-2203,Male,2000-10-14,2023-02-25
C005523,Derek,Brown,xmoss@example.net,+1-381-823-0048x27096,Male,1999-07-19,2025-10-30
C005524,Timothy,Arnold,pattersonangela@example.com,(789)861-3817x016,Male,1945-08-24,2024-11-04
C005525,Heather,Carson,mariegibson@example.org,879-995-0915x70185,Male,1951-04-19,2024-08-21
C005526,Audrey,Huffman,zbennett@example.com,+1-616-893-9065,Female,2003-01-05,2023-06-29
C005527,Anna,Rogers,john63@example.net,+1-698-674-5282x77404,Female,1954-01-07,2024-02-17
C005528,Aaron,Brown,angelarhodes@example.org,(453)676-9569x9875,Male,1954-08-15,2024-12-12
C005529,Pamela,Mendoza,jonestiffany@example.org,330-305-8211,Female,1965-02-02,2023-11-04
C005530,Rachael,Johnson,davisalexander@example.com,310-249-2880,Female,1952-01-03,2021-07-15
C005531,Andrea,Green,michael20@example.org,+1-511-497-4352,Male,1988-10-24,2025-04-12
C005532,James,Villegas,tfoster@example.org,001-446-299-3678x4138,Male,1960-06-29,2023-12-18
C005533,Daniel,Gray,gthompson@example.com,829-832-2625x4307,Male,1939-04-11,2022-03-15
C005534,Monica,Wilson,normanrubio@example.net,001-267-484-6358x9985,Female,1978-01-24,2024-01-31
C005535,Amy,Harris,hansonjoseph@example.net,+1-464-316-6598,Female,1973-03-22,2024-03-01
C005536,Carrie,Cox,donald85@example.com,863-422-4042x855,Female,1959-02-28,2024-05-05
C005537,Pamela,Rivera,kelseythompson@example.net,4353063445,Female,1943-11-02,2025-10-30
C005538,Melissa,Duran,jflores@example.com,001-545-519-9041x147,Female,1969-06-05,2022-11-18
C005539,Jennifer,Foley,erika15@example.org,341-254-8090,Female,1951-01-22,2022-08-23
C005540,Tony,Brooks,sarah89@example.com,988.695.1267,Female,1983-08-05,2024-07-08
C005541,Sergio,Mcdonald,joshua51@example.net,(848)357-5362,Female,1940-03-21,2024-09-22
C005542,Nicholas,Woods,hannahharrison@example.net,790-211-1484x7897,Female,1964-11-09,2024-01-29
C005543,Natasha,Barnes,teresamoreno@example.net,+1-814-214-1890x87862,Female,1967-07-31,2021-11-20
C005544,Christopher,Andrews,christina44@example.net,(501)639-5777x817,Male,2005-12-02,2024-11-24
C005545,Jessica,Johnson,xscott@example.org,489.871.5444x5173,Male,1996-08-03,2025-09-06
C005546,Laura,Gonzalez,jennatorres@example.net,423.269.1057x900,Male,1939-07-07,2024-12-31
C005547,Kayla,Meyer,clarkbarbara@example.net,+1-322-693-3514x2087,Female,1944-09-14,2025-05-26
C005548,John,Riley,tvaughan@example.org,(416)855-4794x85962,Female,1943-08-18,2022-12-02
C005549,Lori,Griffin,sharonproctor@example.com,(535)801-0006,Male,1975-09-23,2023-10-28
C005550,Thomas,Weaver,emily32@example.net,886-490-1774x285,Female,1990-11-05,2022-06-30
C005551,Catherine,Freeman,scott17@example.com,564.314.8155x7752,Male,1969-06-03,2023-06-23
C005552,Kimberly,Nelson,smithjennifer@example.org,269.230.4026x6009,Female,1941-10-25,2022-06-04
C005553,Daniel,Robinson,saramanning@example.com,(538)994-5287x2114,Female,1986-10-07,2023-03-08
C005554,Brenda,Perez,hunterchristopher@example.com,(317)908-6684x23331,Female,1958-05-11,2026-04-03
C005555,Stephen,Farmer,eroth@example.org,500.516.8333x349,Male,1975-04-03,2025-10-07
C005556,Michael,Kelly,adamstammy@example.net,721-934-3342,Female,2003-02-22,2022-12-02
C005557,Reginald,Jones,alittle@example.org,001-254-445-2072x668,Male,1946-07-13,2025-02-24
C005558,Thomas,Owens,dchung@example.com,001-574-238-4528x224,Male,1963-10-04,2023-06-15
C005559,Thomas,Obrien,bassteresa@example.org,001-298-369-5893x688,Female,2000-01-01,2023-06-08
C005560,David,Richards,kayleecrawford@example.org,220.552.4974x01313,Female,1937-02-09,2026-02-26
C005561,Jessica,Williams,jacksonelizabeth@example.com,(279)370-6294x357,Male,1960-11-23,2025-09-01
C005562,Amanda,Johnson,williamsonjenna@example.net,001-371-259-8595x96438,Female,1942-11-18,2022-08-30
C005563,Christopher,Contreras,campbellbrandon@example.org,(360)956-0066x488,Male,1945-12-13,2025-03-29
C005564,Andrew,Gomez,ucontreras@example.net,389-455-2532x0325,Female,1967-08-28,2024-07-31
C005565,Sharon,Jones,helen75@example.org,367.463.1462,Female,1963-08-26,2024-11-28
C005566,Jodi,Tucker,michaelvelez@example.org,+1-448-404-6879x6950,Female,1979-03-02,2025-07-13
C005567,Alejandra,Horn,kennethvaldez@example.net,441.827.6526,Female,1958-06-15,2023-12-16
C005568,Aaron,Hodges,zmayo@example.net,801-613-2617,Female,2004-10-24,2022-12-01
C005569,Edward,Ferguson,chaneyyolanda@example.org,+1-905-569-1629x167,Male,1959-11-27,2024-11-09
C005570,George,Davis,dbaker@example.org,(584)940-2476,Male,1941-11-12,2023-02-19
C005571,Mary,Williams,taylornathaniel@example.org,487-224-7019,Male,1943-12-26,2023-08-06
C005572,Brandon,Powell,lowemaria@example.net,(452)309-2011x704,Male,1985-08-06,2021-11-21
C005573,Keith,Gutierrez,alexandercharles@example.net,001-257-554-8208x5425,Female,1945-02-27,2023-12-18
C005574,Thomas,Yang,dominguezchristopher@example.com,001-513-927-7290x9503,Male,1962-07-06,2026-01-05
C005575,Philip,Knight,jburke@example.net,(888)962-1818x738,Female,1978-11-07,2022-07-25
C005576,Savannah,Kelley,kathrynpope@example.org,+1-982-891-8276,Female,1965-02-10,2023-04-02
C005577,Juan,Morales,bboyle@example.net,(804)397-1724x674,Male,1976-08-22,2023-04-29
C005578,Anthony,Wright,kristen87@example.com,+1-630-221-8031x8493,Male,2003-07-11,2025-10-05
C005579,Penny,Cook,mitchell04@example.net,(660)284-6639x066,Female,1949-04-16,2026-01-30
C005580,Mary,Ramsey,maryweaver@example.com,391.994.1756x178,Female,1971-06-12,2026-06-25
C005581,Katherine,Hudson,djones@example.com,001-491-911-1890x31311,Female,1951-09-11,2024-03-14
C005582,Marie,Jackson,jwilson@example.com,+1-255-577-3918,Female,1964-12-18,2022-10-13
C005583,Laurie,Kim,chrissingh@example.com,290.833.3106,Female,1954-09-03,2026-06-06
C005584,Elizabeth,Hensley,coreyhernandez@example.org,001-448-244-2337x365,Female,1946-06-23,2025-06-06
C005585,Crystal,Hernandez,stephen85@example.org,(726)236-3313,Female,1952-03-06,2024-07-13
C005586,Jennifer,Reynolds,fpatton@example.com,(435)503-4835x9668,Female,1979-09-04,2023-06-13
C005587,Andrea,Fernandez,ashley16@example.com,+1-590-707-9716x244,Male,1955-04-24,2025-01-10
C005588,Bradley,Johnson,cantrellashley@example.com,647-350-0626,Male,1988-12-04,2022-04-20
C005589,Karl,Thompson,amurray@example.net,480.898.0658x7378,Male,1997-03-04,2023-11-22
C005590,Richard,Wilson,nicholasortiz@example.com,(814)756-0665,Male,1937-01-07,2025-07-25
C005591,Clinton,Lewis,mdonaldson@example.com,219-523-5894,Male,2003-12-19,2026-01-31
C005592,Laura,Smith,michelle03@example.net,(388)325-3708,Male,2006-07-07,2023-10-03
C005593,Morgan,Johnson,khamilton@example.com,375.789.9012x637,Female,1971-05-27,2022-09-06
C005594,Daniel,Swanson,annaelliott@example.net,+1-469-874-8136x420,Female,1964-04-18,2023-06-17
C005595,Maria,Miller,kevin06@example.com,335.358.5038x28401,Male,2005-01-09,2024-09-18
C005596,Jerry,Beard,emiller@example.org,278.458.8667x805,Female,2000-05-22,2021-12-08
C005597,Eric,Gentry,steven49@example.com,(913)361-3546x5381,Male,1961-08-31,2024-03-07
C005598,Mark,Hudson,marknichols@example.com,(449)703-3895x6083,Male,1978-04-01,2022-06-23
C005599,Kevin,Espinoza,henrywilliam@example.org,614-606-6878x1753,Male,1936-04-03,2025-10-21
C005600,James,Orozco,andrew85@example.net,318.441.0003x938,Female,1981-06-19,2026-06-02
C005601,Elizabeth,Maxwell,collinsmichelle@example.net,+1-988-765-8912x74976,Male,1983-08-29,2021-07-25
C005602,Michelle,Torres,milesscott@example.com,9623914892,Female,1979-01-08,2021-08-23
C005603,Michael,Martinez,annasmith@example.net,001-609-872-0436x248,Female,1967-02-24,2025-11-24
C005604,Lisa,Bass,pjacobs@example.org,(659)339-6316,Male,1950-12-20,2026-07-02
C005605,Jason,Jennings,saundersmichael@example.com,780-201-9027,Female,1981-08-12,2022-05-23
C005606,Tyler,Thompson,otaylor@example.com,867.501.6514,Female,1983-09-22,2023-05-02
C005607,Julie,Oneill,masonraymond@example.net,527-790-8100,Female,1994-03-29,2022-07-09
C005608,Dawn,Smith,brianfernandez@example.net,446-896-0015x4865,Male,2000-07-29,2025-12-08
C005609,Bradley,Bowman,wandaanderson@example.com,+1-465-655-5143,Female,1944-06-07,2024-09-28
C005610,Megan,Chang,mtaylor@example.org,536.815.3945x662,Female,1970-05-25,2022-08-10
C005611,Mark,Chambers,timothymiller@example.net,+1-372-315-6213x539,Female,1977-09-08,2023-08-05
C005612,Cassandra,Howe,taylor66@example.com,001-684-750-3675,Female,1946-07-22,2024-09-14
C005613,Victoria,Baker,davidmartinez@example.net,(230)829-7634x0052,Male,1988-07-03,2024-02-20
C005614,Michael,Harris,idixon@example.net,+1-601-334-6642x60122,Male,1987-12-01,2021-09-18
C005615,Kimberly,Ponce,joymejia@example.com,6705607985,Female,1990-05-05,2025-11-18
C005616,Dawn,Sanchez,amy92@example.net,6128142884,Male,1935-08-19,2025-05-09
C005617,Wendy,Duran,sdavies@example.com,409.205.6235x999,Male,2005-05-17,2026-05-08
C005618,Ann,Tate,mejiaalexander@example.net,(983)617-6048,Male,1956-05-13,2021-11-02
C005619,Lauren,Mendoza,cedwards@example.com,5522136295,Female,1992-01-11,2025-08-02
C005620,Shaun,Price,whitneydale@example.org,833-478-6246x06782,Female,1936-07-11,2025-01-08
C005621,Jennifer,Malone,sandovaltammy@example.org,533-319-8004x910,Female,2000-11-02,2023-08-28
C005622,Roberto,Barber,mary20@example.net,(774)394-6415x995,Female,1949-08-20,2024-01-18
C005623,Gloria,Higgins,derrick60@example.com,001-890-395-3812x09299,Male,1961-08-30,2023-05-04
C005624,Adriana,Villegas,ybrown@example.net,4564552873,Male,1979-01-04,2025-11-24
C005625,Tyler,Flores,jodivillanueva@example.org,(819)811-5255,Female,2006-05-10,2024-02-29
C005626,Douglas,Savage,lauren13@example.net,380.322.7252x2564,Female,1953-03-19,2022-08-19
C005627,Juan,Blankenship,ythompson@example.net,7755791193,Female,1948-12-28,2026-05-02
C005628,Alexander,Gordon,michellesanchez@example.net,+1-990-571-7675x12809,Male,1978-01-21,2023-04-29
C005629,Tyler,Walters,seth84@example.com,(491)218-3664x78945,Male,1976-02-22,2023-12-02
C005630,Jacob,Anderson,wjackson@example.net,719-652-1164x2901,Male,1936-04-09,2023-01-28
C005631,Autumn,Lopez,santosjacqueline@example.net,361.257.1280,Female,1951-07-15,2025-06-05
C005632,Jennifer,Stone,jgraham@example.net,481-309-3024x0437,Female,1941-12-01,2026-03-03
C005633,Carrie,Williams,charlotte82@example.net,9406565122,Male,1962-12-26,2026-02-19
C005634,Alicia,Johnson,kevinfernandez@example.net,798-457-7198,Male,1996-08-17,2023-05-24
C005635,Ryan,Anderson,jharrington@example.org,6545356940,Male,1943-12-13,2023-03-28
C005636,Marcus,Vaughan,charles34@example.net,934-849-4579,Female,1973-09-04,2026-06-17
C005637,Michael,Garrison,jevans@example.com,001-957-526-0863x218,Male,1962-09-22,2021-07-28
C005638,Bryan,Clark,coopersarah@example.com,+1-751-590-3542x7283,Female,1971-01-14,2024-03-08
C005639,Jennifer,Marshall,michaelhall@example.com,001-411-539-6120x48973,Male,1963-07-21,2021-08-02
C005640,Raymond,Gibson,gbailey@example.net,226-908-3525,Male,1949-09-21,2022-08-12
C005641,Brandon,Jones,estanley@example.org,571.423.2587,Male,1996-02-23,2022-12-15
C005642,Christina,Bell,donaldbailey@example.com,+1-973-335-1747x188,Female,1994-07-03,2025-11-30
C005643,Jennifer,Vasquez,jonathan76@example.com,001-624-314-1625x601,Female,1973-08-27,2024-03-10
C005644,Jackie,Lee,abell@example.com,531-286-2083x0342,Male,2000-03-28,2025-12-05
C005645,Stephanie,Wagner,kristy44@example.com,342-555-8367x775,Male,1978-03-25,2024-04-17
C005646,Brian,Jackson,theodorefields@example.org,9312828427,Female,1948-05-29,2025-10-01
C005647,Donna,Moore,richard48@example.com,(729)538-7875,Female,1970-06-23,2024-12-30
C005648,Brittney,Jimenez,sarahbarron@example.net,285-334-1405,Male,1987-03-17,2024-03-23
C005649,Christina,Davis,dhayes@example.net,809-223-4473,Male,1966-11-15,2021-10-13
C005650,Joan,Levy,wadealexandria@example.com,+1-447-288-5626x554,Female,1954-03-25,2025-12-28
C005651,Lindsay,Sandoval,edwardsdaniel@example.net,+1-385-268-8580x4965,Female,1981-11-20,2026-01-22
C005652,Rachel,Phillips,luis83@example.net,383.406.5386,Male,1964-07-21,2025-11-06
C005653,Linda,Dyer,kyle10@example.net,(961)466-3908,Female,1968-09-16,2024-04-05
C005654,Charles,Reed,christopher63@example.org,6502319461,Female,1937-12-22,2022-02-09
C005655,Gary,Nichols,marygarcia@example.net,(220)617-4482x20697,Male,1963-12-01,2025-08-28
C005656,Emily,Ferguson,wilsonlinda@example.net,+1-361-795-1237,Female,1938-07-19,2023-05-22
C005657,Melanie,Rowe,miguelhunter@example.com,001-316-479-7070x099,Female,1948-08-30,2025-12-09
C005658,Brian,Bright,ashleywilson@example.org,(415)511-2613x026,Male,1973-09-12,2024-05-06
C005659,Melissa,Galvan,harriseddie@example.org,872.572.2694,Male,1953-06-18,2024-02-29
C005660,Willie,Smith,hartmanmatthew@example.net,001-230-406-7892x3481,Male,1957-02-17,2024-08-25
C005661,Chelsea,Carpenter,paulstokes@example.net,383.552.9770,Male,1980-02-03,2023-04-08
C005662,Linda,Smith,donnahartman@example.net,(598)235-5737x1953,Female,1979-03-17,2023-08-24
C005663,Amanda,Mclaughlin,timothyhoffman@example.com,690.520.9825x2109,Female,1938-01-19,2025-09-15
C005664,Eric,Crawford,cgilbert@example.net,9698027934,Female,1989-07-23,2026-02-09
C005665,Karen,King,kathleen38@example.net,4549436081,Female,1983-11-25,2021-12-03
C005666,Emily,Snyder,amandaolson@example.org,732-872-3585,Female,1961-09-23,2023-06-09
C005667,Erika,Mercado,knewton@example.org,235.693.8249x8362,Male,1963-05-01,2025-05-22
C005668,Michael,Fitzpatrick,wayneknight@example.org,001-665-493-0934,Female,1980-05-05,2022-08-13
C005669,Jacqueline,Johnson,mark52@example.net,597-695-2507,Female,1990-10-13,2024-02-16
C005670,Brittany,Simpson,gillbobby@example.org,001-213-714-0311x287,Female,2001-03-23,2025-06-09
C005671,Donald,Spencer,houstonpaul@example.com,+1-775-553-2346x56012,Male,1940-03-31,2023-02-28
C005672,Joseph,Johnson,aguirrejenna@example.org,870-404-1522,Female,1981-09-06,2022-03-26
C005673,Shannon,Scott,qklein@example.com,335.879.6264x5070,Female,1973-01-22,2023-01-24
C005674,Clayton,Scott,zali@example.net,+1-266-809-9540x09616,Female,1992-10-09,2022-09-12
C005675,Brittany,Ingram,amandajohnson@example.org,(351)392-3015x7242,Female,1950-09-07,2024-12-17
C005676,Angelica,Collins,smithpatricia@example.org,001-742-876-1556,Female,1987-11-09,2024-04-04
C005677,Crystal,Vega,john66@example.net,(414)468-3196,Male,1943-04-12,2023-07-08
C005678,Jacob,Adams,qfields@example.com,001-645-991-9429,Female,1944-04-16,2024-11-23
C005679,Stephanie,Collier,robynevans@example.com,001-881-548-7813x768,Male,1941-04-25,2021-08-04
C005680,Sharon,Chavez,hughesjustin@example.org,+1-536-349-4246,Male,1978-10-10,2021-10-18
C005681,Betty,Ellis,andreawilson@example.org,(893)654-4371,Male,1970-07-26,2023-05-28
C005682,Jennifer,Richards,benjamin06@example.org,521.932.0873x8308,Female,1975-10-12,2024-10-11
C005683,Paul,Ibarra,williamunderwood@example.org,267-957-1261x2988,Male,1954-09-29,2024-09-06
C005684,Dylan,Alvarez,david97@example.com,768-391-0229,Male,1977-10-16,2025-03-07
C005685,Margaret,Bender,mcfarlandstephanie@example.net,+1-992-567-2591x594,Male,1947-09-01,2023-11-05
C005686,Vanessa,Hall,ogallagher@example.org,(701)871-7351x2701,Male,1992-03-12,2024-02-02
C005687,Heidi,Mccormick,hancockmatthew@example.org,792.362.0978x1588,Male,2006-04-30,2024-07-20
C005688,Catherine,Jones,abarnes@example.com,001-258-582-2873,Male,1935-11-01,2024-04-15
C005689,Jennifer,Smith,angela49@example.net,525-407-0836x908,Male,1936-07-31,2022-09-25
C005690,John,Davis,therrera@example.com,+1-451-810-0138x1275,Male,1941-05-18,2023-04-26
C005691,Sarah,Stark,jacquelinewilliams@example.net,+1-922-444-5015x05171,Male,1988-06-16,2021-09-21
C005692,Michael,Jennings,daniel63@example.org,(984)285-7673x7033,Female,1952-10-15,2022-12-02
C005693,John,Diaz,joshuafrazier@example.com,211.738.6853x896,Female,1946-12-25,2025-08-06
C005694,Patrick,Fisher,taylormarc@example.org,+1-689-876-1634x15265,Female,1959-09-08,2024-06-07
C005695,Austin,Roberts,vmoore@example.org,001-511-685-9644x476,Male,2000-06-20,2024-11-26
C005696,William,Mendoza,mwallace@example.org,001-775-397-0515x0477,Female,1969-11-23,2022-09-16
C005697,Crystal,Huynh,cunninghamanthony@example.net,614-911-6281,Female,1942-05-10,2022-02-12
C005698,Brandon,Hernandez,meaganhernandez@example.com,437.671.0369x9212,Male,1995-01-11,2025-07-05
C005699,Leslie,Weber,jennifer44@example.net,4768911495,Male,1957-06-20,2025-06-28
C005700,Brianna,Turner,oroberts@example.org,(206)370-0381,Male,1974-04-13,2021-07-08
C005701,Connie,Martinez,taylorjeanne@example.org,786-652-9983,Female,1941-12-03,2024-11-22
C005702,Glenn,Spencer,beth37@example.org,597-354-0410x114,Female,1962-07-05,2025-10-28
C005703,Cynthia,Chan,williamsryan@example.org,(618)960-9403x7407,Female,1963-06-16,2026-01-30
C005704,Brittany,White,taylorjennifer@example.com,001-369-645-9546x85817,Male,1977-01-13,2022-05-07
C005705,Blake,Duke,daymegan@example.net,001-383-940-3398x00236,Male,1995-11-02,2023-01-16
C005706,Samantha,Mcguire,bryantlaura@example.org,979-359-1779x135,Female,1954-08-10,2021-08-12
C005707,Adriana,Peters,coreymcintyre@example.net,+1-772-218-4417x00242,Male,1978-05-15,2024-10-08
C005708,Anna,Carter,adamhenderson@example.com,277.933.2265x78916,Female,1951-02-13,2025-05-01
C005709,David,Adams,jwright@example.org,+1-949-274-3367x972,Female,1997-06-20,2025-12-20
C005710,Kimberly,Fuentes,thompsonscott@example.org,(493)635-6175,Female,1970-01-07,2023-01-18
C005711,Christy,Anderson,cbean@example.com,861.320.3265x9974,Male,1940-08-19,2025-06-19
C005712,Crystal,Bradley,yharris@example.org,(952)285-6731x4422,Female,1962-03-07,2024-11-10
C005713,Matthew,Brown,raven89@example.net,001-390-829-0580x076,Male,1942-03-13,2023-11-11
C005714,Jesus,Chen,nicole07@example.com,(926)405-3884x85622,Male,1956-02-18,2024-08-19
C005715,Donald,Rich,jeffreyjohnson@example.com,+1-372-370-2743x4200,Male,1981-12-21,2021-10-26
C005716,William,Smith,pjohnson@example.net,001-559-703-8321x85299,Male,2002-07-23,2026-03-12
C005717,Nicole,Sanders,jcox@example.net,3585925853,Female,1949-10-27,2025-12-25
C005718,Donald,Dennis,ifloyd@example.net,001-215-644-2176x1208,Male,2002-06-09,2022-03-14
C005719,Jane,Gutierrez,nicolesanchez@example.org,(877)487-8636,Male,1995-02-04,2024-11-13
C005720,Stacy,Freeman,gutierrezjoshua@example.org,(532)531-5127x1984,Female,1968-02-25,2026-01-30
C005721,Corey,Copeland,iramirez@example.org,931.696.1994x675,Male,1943-02-21,2023-02-25
C005722,Jeffrey,Edwards,ttrujillo@example.net,533.202.1183,Male,2006-11-22,2022-12-07
C005723,Chad,Brooks,fanderson@example.net,+1-259-994-5558x8678,Male,1985-03-07,2025-06-10
C005724,Laura,Snow,thomasbush@example.com,645-428-2671x861,Female,1984-08-28,2024-08-29
C005725,Kelly,Farrell,martinkimberly@example.net,001-692-618-8103x4562,Male,1944-11-23,2024-11-07
C005726,Robin,Ferguson,rwallace@example.net,(532)393-1865x8819,Female,2002-12-30,2023-05-23
C005727,Kim,Evans,reynoldsjamie@example.net,+1-295-435-8901x470,Female,1970-12-23,2024-07-01
C005728,Michael,Lucas,collierlauren@example.org,791.238.1156,Female,2007-03-25,2023-07-16
C005729,Lance,Odonnell,amy12@example.org,(213)957-3162x0627,Female,1957-09-19,2021-10-28
C005730,Megan,Ayers,ashleybarker@example.org,(633)983-7456x412,Female,1959-10-17,2022-04-04
C005731,Rebekah,Powell,meltonchristine@example.com,(719)769-7920x01892,Male,1939-02-24,2021-09-27
C005732,Amy,Skinner,xjohnson@example.net,965.522.7481,Female,1988-05-30,2025-02-21
C005733,Sarah,Kirk,saraberg@example.net,001-632-660-9695x95509,Female,1957-02-22,2024-07-26
C005734,Jordan,Smith,linda39@example.net,(300)687-3805x77436,Female,1959-09-10,2026-01-04
C005735,Christopher,Griffin,rjohnson@example.com,(298)210-8991x82605,Female,2008-07-04,2023-08-31
C005736,Lynn,Hayes,wboyer@example.net,(582)323-7901x21954,Female,2003-06-11,2023-03-13
C005737,Scott,Gonzalez,johnsonpeter@example.net,(661)863-5196,Female,1995-09-23,2025-12-04
C005738,Alicia,Roman,lindsey35@example.org,795-220-2061x43955,Female,1994-03-01,2021-12-18
C005739,Calvin,Porter,johnlewis@example.net,(928)590-4666,Female,1948-09-04,2025-05-03
C005740,George,Montoya,rachaelhunt@example.org,995.240.5252x394,Male,1981-06-08,2026-05-27
C005741,Lindsay,Reyes,edoyle@example.net,001-686-421-0804x1655,Male,1953-08-17,2025-01-03
C005742,Erin,Burke,mayjoshua@example.org,001-335-536-8186x71826,Female,1952-04-26,2026-03-29
C005743,Heather,Lopez,rblake@example.com,786.846.9440,Male,2005-01-04,2025-06-10
C005744,Collin,Andrews,nataliejohnson@example.net,(387)763-2242x83718,Female,1974-03-01,2025-04-27
C005745,John,Garcia,boliver@example.net,(301)994-4448,Female,1993-09-28,2024-03-30
C005746,Dennis,Hernandez,ryanlopez@example.com,762-895-3792,Female,1973-03-15,2023-02-10
C005747,Antonio,Harrison,heathersmith@example.org,001-256-848-2505,Male,1961-03-12,2023-06-05
C005748,Francis,Frey,bennettdavid@example.org,970.453.9966x633,Female,1968-09-27,2024-03-12
C005749,Joshua,Estrada,ocarlson@example.org,991.938.9717,Female,1937-06-17,2024-11-16
C005750,Jason,Brandt,vwong@example.org,3112683917,Male,1962-06-12,2025-07-23
C005751,Ashley,Ramirez,weisskathleen@example.com,+1-547-871-9333x491,Male,1993-07-11,2024-12-07
C005752,Molly,Hahn,lroberts@example.net,958-662-8302x3964,Male,1939-11-27,2022-02-15
C005753,Sonia,Herring,fernandezsusan@example.com,991.767.0000x88740,Female,1950-05-24,2023-10-11
C005754,Morgan,Miles,graymark@example.org,+1-929-325-5114x457,Male,2005-11-09,2022-04-13
C005755,Jonathon,Colon,dickersonkevin@example.net,001-992-251-6399x000,Female,1946-01-04,2025-01-18
C005756,Steven,Simpson,sabrinamurphy@example.net,483.626.7115x236,Male,1991-09-27,2021-10-02
C005757,Rebecca,Patton,qhouse@example.org,413.344.7838,Male,1988-09-03,2025-12-18
C005758,Christopher,Frazier,ismith@example.org,253.966.7341x3862,Male,1988-08-21,2022-02-14
C005759,Katherine,Aguirre,pwilliams@example.net,472-745-8688,Male,1994-12-08,2022-05-18
C005760,Ronald,Figueroa,michaelcontreras@example.com,(720)377-5750x746,Female,1992-01-24,2026-02-23
C005761,Samantha,Reyes,matthewmarshall@example.org,736.808.6498x9180,Male,1951-05-11,2025-12-20
C005762,Rhonda,Rios,qwong@example.com,343.928.9549x2264,Male,1950-07-29,2021-12-11
C005763,Hannah,Smith,montoyadaniel@example.net,801.755.4267,Female,2003-07-30,2022-09-15
C005764,Shannon,Hernandez,masonluis@example.org,635-748-5565,Female,1997-08-11,2025-08-12
C005765,Melissa,Lester,ashleyjordan@example.net,792-595-3161x305,Male,1943-06-04,2024-07-01
C005766,Maria,Hill,pli@example.net,(840)327-0429,Female,2005-01-19,2023-06-02
C005767,Elizabeth,Davis,kward@example.com,615.646.3970x9172,Male,1979-04-29,2026-06-16
C005768,Natasha,Yang,pwhite@example.org,438-954-8833,Male,1955-01-21,2025-03-16
C005769,Megan,Bell,denisewheeler@example.net,550-779-4139x08793,Female,1971-06-04,2024-08-23
C005770,James,Fuentes,edwardmayer@example.net,+1-474-743-2391x1283,Male,1949-10-22,2024-02-14
C005771,Mark,Sanders,rodriguezhenry@example.org,896.377.4160x0986,Female,2004-07-05,2026-03-26
C005772,Judy,Clarke,jenniferwatkins@example.org,587.960.6150,Male,1939-10-22,2021-11-23
C005773,Jacob,Nichols,hendricksemily@example.org,769.217.1657,Male,1973-02-03,2026-02-22
C005774,Stacy,Michael,taylorrobert@example.org,410.359.5039,Male,1962-11-07,2024-05-03
C005775,Laura,Parker,philliplandry@example.org,534.413.3447,Male,1999-02-06,2026-02-04
C005776,Ronald,Rodgers,fmartinez@example.org,+1-525-346-7411x37156,Male,1997-04-21,2024-01-25
C005777,Brittney,White,hwolf@example.com,001-382-532-3765,Male,1953-01-01,2021-10-06
C005778,Anthony,Williams,pearsonjason@example.net,(342)296-9928x7802,Female,2006-06-02,2025-05-20
C005779,Janet,Turner,qvelez@example.net,(994)601-3115x1859,Male,1995-06-20,2024-02-22
C005780,Alejandro,Stanley,davidsonbarbara@example.net,+1-848-444-8056,Male,1945-06-19,2024-03-05
C005781,Laura,Butler,christineburke@example.net,960.916.0185,Female,1959-04-11,2025-08-22
C005782,Meghan,Gonzalez,vhudson@example.org,688.697.5799x425,Female,1985-08-20,2023-11-03
C005783,James,Elliott,nbates@example.net,001-722-432-6476x424,Male,1935-08-31,2022-02-25
C005784,Tara,Taylor,thompsonkristin@example.com,218-908-3615,Female,1993-05-30,2022-02-03
C005785,Danny,Francis,kathrynmoore@example.net,+1-706-258-1356x805,Male,2004-01-22,2022-09-30
C005786,Lauren,Shelton,millersamantha@example.org,001-696-221-0718,Female,1941-10-22,2022-04-15
C005787,Christopher,Jones,wilsonwilliam@example.org,570-707-1521,Male,1974-11-08,2021-10-31
C005788,Melissa,Clark,danielle47@example.org,(666)545-9526x6987,Male,1961-03-19,2026-05-28
C005789,Jessica,Pham,andrew46@example.net,200-962-0073,Male,1978-05-09,2026-05-02
C005790,Russell,Hart,fmiddleton@example.org,675.635.6637x020,Female,1988-08-07,2022-07-08
C005791,Angela,Hill,nsanchez@example.org,+1-321-589-4085x3740,Female,1936-09-23,2023-08-11
C005792,Ashley,Stone,dchandler@example.org,+1-797-561-8205x2545,Male,1966-12-13,2024-05-08
C005793,Michelle,Burton,jamesrojas@example.net,203.215.1463x853,Female,1957-06-28,2025-05-11
C005794,Tiffany,Jackson,allison48@example.org,001-366-479-9757x8298,Male,1962-11-05,2024-12-07
C005795,Nicholas,Brown,amccarty@example.net,957.921.1523x2127,Female,1951-10-17,2024-08-07
C005796,Kevin,Baker,fcarlson@example.org,(724)614-8263,Male,1962-01-14,2026-02-19
C005797,Michael,Powers,samanthacooper@example.com,415-851-3037x0777,Female,1953-03-01,2026-03-13
C005798,Robert,Greene,simmonsadrian@example.net,+1-957-535-8071x591,Male,1949-01-28,2021-12-13
C005799,Dorothy,Dixon,jlopez@example.net,622.841.0554x5282,Female,2008-02-11,2024-07-01
C005800,Victoria,Flores,georgejustin@example.net,8278977428,Female,1962-05-17,2025-06-16
C005801,Jesse,Dominguez,kanebrian@example.net,337.433.1412x88115,Female,1975-11-03,2022-03-20
C005802,Sue,Hunter,barrettmelissa@example.com,001-618-255-4188x549,Female,1988-01-08,2026-04-02
C005803,Christopher,Wilson,grussell@example.net,531-557-9045,Male,1938-03-26,2025-10-11
C005804,Shannon,Stewart,eric34@example.com,(627)454-8673,Female,1977-12-24,2022-06-20
C005805,Catherine,Foster,johntanner@example.net,(387)544-6712,Female,1961-10-29,2025-12-17
C005806,Brenda,Flowers,odaniel@example.org,+1-834-696-5539x79483,Male,1994-05-22,2025-01-29
C005807,Jessica,Potter,charlesgibson@example.com,001-331-418-8435x52063,Female,1964-03-24,2024-09-19
C005808,Lisa,Riddle,framos@example.net,2833012425,Female,1971-01-24,2022-01-09
C005809,Amy,Gray,courtney05@example.org,602-708-2955,Male,1966-11-03,2025-05-30
C005810,Abigail,Bowman,walkermario@example.com,247.956.5620x53968,Female,1977-08-14,2023-03-18
C005811,Cheryl,Hines,adampotter@example.org,(971)308-0945x7798,Female,1957-05-25,2023-12-04
C005812,Evan,Harris,dale00@example.net,+1-380-629-4429,Male,1977-01-24,2026-04-19
C005813,Michele,Schmidt,morganjames@example.org,001-630-595-0033x8281,Male,1992-12-11,2022-05-20
C005814,John,Powers,carpenterbryan@example.net,893.793.6394x34738,Female,1986-10-04,2026-04-18
C005815,Dylan,Guzman,nancy92@example.net,980-309-2689x74742,Male,1985-06-05,2025-11-19
C005816,Linda,Bentley,ivansmith@example.net,872.651.3377,Male,1935-12-17,2021-07-31
C005817,Marcus,Anthony,calderonamy@example.org,+1-928-991-4350x61559,Male,1940-07-24,2025-02-21
C005818,Brandy,Harris,monique16@example.net,001-556-780-5561x1132,Female,1976-06-05,2026-03-20
C005819,Carl,Richardson,greeralison@example.com,630-912-2577,Female,1993-03-21,2024-05-30
C005820,Joseph,Salazar,robin56@example.net,(941)914-7342,Male,2005-10-13,2024-04-15
C005821,William,Hayes,orice@example.org,(580)605-2204x437,Female,1947-03-08,2025-12-02
C005822,Marc,Holloway,benjamin67@example.net,+1-883-339-9859,Female,1945-01-09,2022-11-26
C005823,Ashley,Kirby,xramos@example.com,651-245-5252,Female,1994-06-14,2023-04-14
C005824,Kim,Moore,bgomez@example.com,462-593-8639x868,Female,1951-02-04,2021-10-02
C005825,April,Shea,snyderjared@example.net,377-380-1555x796,Male,1996-06-23,2024-08-20
C005826,Dalton,Salazar,nealcalvin@example.net,292-610-3993x31371,Male,1939-08-18,2026-01-14
C005827,Daniel,Perez,wmccoy@example.org,622-779-1731,Male,2003-02-06,2026-01-20
C005828,Renee,Palmer,deborahparker@example.net,001-661-903-9337x0871,Female,1960-11-08,2023-12-21
C005829,James,Thomas,jessehughes@example.com,6956177286,Female,1979-01-11,2022-05-18
C005830,Diana,Reyes,linda00@example.com,001-673-441-1057x71844,Female,1997-10-09,2023-12-31
C005831,Linda,Taylor,vincentmacdonald@example.org,583-618-3191x56100,Male,1966-05-08,2023-09-10
C005832,Matthew,Turner,robertslynn@example.org,001-218-626-5803,Female,1956-01-11,2023-04-23
C005833,Jonathan,Hansen,grahamryan@example.org,001-671-226-1747,Female,1961-02-19,2024-12-22
C005834,Jonathan,Mann,connie47@example.com,(481)603-1892x90354,Male,1980-05-28,2021-07-08
C005835,Andrew,Griffin,kendra68@example.org,+1-471-665-5273x32881,Male,1947-02-19,2024-07-12
C005836,Michael,Jarvis,markgraham@example.net,(930)285-2122x736,Male,1975-08-05,2023-07-09
C005837,Marcus,Lewis,watsonkathryn@example.org,970.239.4046,Male,1946-12-16,2024-01-09
C005838,Nathan,Hernandez,lisa39@example.org,+1-288-779-8860,Male,1979-11-26,2026-04-30
C005839,Lisa,Rios,moorepaul@example.net,595-797-9782x5596,Male,1979-03-20,2022-01-18
C005840,Aaron,Newman,hortonrebekah@example.com,+1-409-927-6623,Female,1984-07-28,2022-03-21
C005841,Joshua,Gray,emckenzie@example.org,(879)507-1252x6875,Female,1990-07-10,2021-07-15
C005842,Keith,Mullins,duncankevin@example.org,2337168015,Male,1968-06-08,2025-12-09
C005843,Paul,Yoder,dianestanley@example.com,(209)673-7134,Male,1980-07-23,2022-08-02
C005844,Brandon,Smith,rhonda30@example.com,001-848-623-7437x047,Male,2003-04-23,2025-10-21
C005845,Tyler,Long,baileyjeremy@example.org,828.564.9281x1376,Male,1941-01-29,2025-11-19
C005846,David,Berry,johnsonandrew@example.net,+1-893-764-4112,Female,1977-06-27,2023-01-01
C005847,Crystal,Wilson,ssimpson@example.com,823.996.1185x79143,Female,1950-11-22,2024-06-19
C005848,Elizabeth,Little,jeffreyfitzpatrick@example.net,(488)870-4460,Female,1949-01-01,2023-07-24
C005849,Vincent,Moore,guzmandebra@example.org,908.321.9778x9447,Male,1980-06-06,2025-08-27
C005850,Jesse,Harrell,alexandrahunt@example.com,(459)265-0687,Female,1972-01-16,2024-07-15
C005851,Alejandro,Santos,jeromele@example.net,001-294-767-7900x3032,Male,1965-02-01,2022-06-02
C005852,Dana,Hawkins,ashley85@example.com,+1-897-274-5991,Male,2002-12-12,2021-07-20
C005853,Lindsay,Adams,andersonalexandria@example.net,(615)602-4392x1554,Female,1993-07-26,2023-01-08
C005854,Amber,Morales,hoffmanlance@example.org,420-312-4976,Male,1986-05-14,2023-02-11
C005855,Robert,Diaz,alan67@example.org,(524)276-7746,Male,1951-12-03,2026-06-03
C005856,Laurie,Wang,tristanmejia@example.org,(711)261-2949,Female,1993-11-16,2023-07-31
C005857,Brooke,Everett,dadams@example.net,(265)727-0031,Male,2007-10-28,2026-03-23
C005858,Stephen,Lowery,barkerwalter@example.net,728-836-0872,Female,1988-09-21,2021-11-11
C005859,Eric,Cruz,schultzelizabeth@example.net,511.700.5654x5615,Female,1990-01-19,2024-02-10
C005860,Gary,Herrera,qthompson@example.org,(403)352-3447x97927,Male,2006-08-16,2024-10-07
C005861,Carolyn,Irwin,jacksondaniel@example.com,+1-739-419-5806x0040,Male,1985-11-16,2023-01-09
C005862,Karen,Henry,robertthomas@example.net,885.294.3838x358,Male,1953-09-16,2024-05-10
C005863,Todd,Walton,jessicapowell@example.com,001-318-231-8010x1009,Male,1976-02-29,2025-04-12
C005864,Michael,Logan,strongjulia@example.net,6269725865,Female,1997-02-07,2024-08-15
C005865,Nathan,Ho,hodgesanthony@example.com,(859)879-4812x3144,Male,1968-05-29,2024-08-29
C005866,Diane,Tucker,nicholas60@example.net,(627)309-5963x8580,Male,1995-11-12,2023-06-09
C005867,Molly,Smith,william12@example.com,701-590-8868x95872,Male,1979-09-29,2025-08-26
C005868,Michael,Williamson,walkergeorge@example.com,+1-517-418-8753,Male,1942-04-05,2022-03-04
C005869,Rachael,Watson,kfrederick@example.com,392.504.2669x16769,Male,1980-12-14,2023-03-04
C005870,Daniel,Galvan,mosborne@example.org,001-721-418-7303x7868,Female,1981-08-17,2023-01-02
C005871,Travis,Allison,torresmelissa@example.com,210.292.5364x932,Female,1985-02-14,2025-03-22
C005872,Tamara,Smith,turnerpatrick@example.net,349.684.1136,Male,1957-04-15,2023-06-27
C005873,Yvonne,Zimmerman,umcdowell@example.org,996-814-7298x08451,Female,1982-02-03,2025-06-28
C005874,Heidi,Rivera,pollardrachel@example.com,+1-717-386-8765x78325,Male,1997-02-19,2025-07-01
C005875,Megan,Smith,donald76@example.com,(527)872-1325x378,Male,1951-02-18,2026-03-26
C005876,Steven,Johnson,davila@example.org,887.583.0687x276,Male,1944-04-18,2024-01-06
C005877,Adam,Todd,jacobgarcia@example.org,001-581-495-3090,Male,1981-02-05,2024-06-30
C005878,Steven,Cook,dcooper@example.com,(526)852-5792x1646,Female,1948-11-11,2026-02-19
C005879,Jason,Case,bzuniga@example.com,+1-665-724-7398x2980,Female,1967-07-19,2025-08-26
C005880,James,Anderson,michelle75@example.org,(439)523-8307,Female,1978-04-05,2025-11-19
C005881,Justin,Price,laurajordan@example.net,(424)233-8055,Female,1991-12-09,2022-06-25
C005882,Michael,Dudley,weissdaniel@example.com,+1-345-660-0473x1366,Male,1989-10-30,2023-09-08
C005883,Melissa,Johnson,ewalsh@example.com,001-418-580-4034x1611,Male,2000-07-09,2022-03-16
C005884,Kevin,Whitaker,melissa73@example.net,001-833-879-7027x7789,Female,2005-06-11,2023-06-23
C005885,Kyle,Flowers,pcarroll@example.org,420-400-9207x14338,Female,1942-06-07,2025-02-03
C005886,Alexis,Mahoney,sonya71@example.com,392-659-7763x82937,Male,1985-05-11,2022-11-05
C005887,Terri,George,thomas50@example.org,266-656-1097x25379,Male,1964-01-25,2026-05-16
C005888,Donna,Moreno,mdickson@example.com,731.666.7138,Female,2001-01-11,2023-12-16
C005889,Shawn,Hall,ustevens@example.net,(820)751-2165,Female,1989-11-04,2023-04-21
C005890,Rhonda,Ward,toddschneider@example.net,227-389-3744,Male,1963-01-26,2022-01-12
C005891,Edward,Mcgrath,jessica75@example.net,7608303321,Male,1937-12-31,2024-04-09
C005892,Maria,Cohen,isabelcook@example.com,5996966369,Female,1988-01-02,2023-10-09
C005893,Christopher,Mckinney,jonathan94@example.com,784-961-2446,Female,1954-10-19,2025-10-27
C005894,Wesley,Morales,jessica08@example.net,822-473-7343,Female,1952-01-12,2022-03-20
C005895,Devin,Baxter,lucasshannon@example.com,+1-429-277-2786x21673,Female,1938-06-29,2022-12-30
C005896,Curtis,Klein,schmidtpaige@example.org,5356944018,Female,1996-03-02,2025-02-01
C005897,Pamela,Howell,matthewlynn@example.org,942-940-9305,Male,1940-07-14,2024-06-03
C005898,Jessica,Jefferson,samantha51@example.org,001-872-854-8347,Female,1980-10-14,2023-11-20
C005899,Zachary,Davis,amywilliams@example.org,4597315165,Male,1942-04-25,2022-11-29
C005900,Christopher,Roth,brownnancy@example.net,+1-750-439-0202x43743,Female,1963-06-08,2021-10-02
C005901,Sarah,Ross,imorales@example.org,755-285-8128x827,Male,1994-08-19,2022-04-29
C005902,Steven,Whitaker,jenna79@example.org,001-376-523-0132,Male,1941-10-17,2024-08-23
C005903,Aaron,Stone,stevenhess@example.com,+1-924-682-2665,Male,1956-01-15,2025-10-13
C005904,Linda,Obrien,brenda02@example.org,530.387.4273x3522,Male,1938-07-10,2024-08-27
C005905,Randall,Blackwell,chapmanjamie@example.net,893.799.1403x1600,Female,1966-01-21,2025-05-21
C005906,Jeremiah,Brown,mark64@example.org,(315)340-7270,Female,1941-01-28,2022-08-28
C005907,Travis,Smith,smithcarol@example.net,386-456-3377x25070,Male,2004-03-18,2026-04-06
C005908,Jose,Sanchez,judyperez@example.net,377-315-4012,Male,1961-06-25,2023-01-14
C005909,Mary,Lopez,juliecampbell@example.org,924-372-2177,Male,1947-06-16,2022-12-27
C005910,Chris,Holt,randallmartin@example.com,281.526.3006x9536,Female,2001-01-31,2025-05-20
C005911,Terri,Galvan,crystal78@example.net,(754)718-2603x71378,Female,1971-01-23,2022-02-28
C005912,Paul,Smith,cherylellison@example.com,001-304-489-1582,Male,1952-05-30,2026-04-18
C005913,Jacob,Bell,mwilliams@example.net,5849741584,Female,1985-09-07,2026-04-18
C005914,Kendra,Henderson,gomezjanet@example.com,284-648-1694,Female,1982-07-18,2025-10-21
C005915,James,Huang,smithanthony@example.com,001-381-447-7421,Female,1999-09-17,2023-11-02
C005916,Michael,Aguilar,wrightscott@example.org,850.758.7135,Female,1939-08-28,2022-01-03
C005917,Craig,Haney,coxrachel@example.com,(498)223-8890x076,Male,1953-08-29,2023-06-20
C005918,Tammy,Lewis,kennedydiane@example.org,(299)408-2507,Male,1985-03-02,2024-11-19
C005919,Scott,Zavala,manncharles@example.com,3453354270,Female,1993-04-13,2023-02-02
C005920,Zachary,Turner,davidrice@example.net,+1-549-979-1054x5959,Female,2005-06-27,2023-10-27
C005921,Timothy,Nelson,natalie26@example.com,530-544-3933,Female,1940-04-21,2025-04-11
C005922,Christopher,Reynolds,tyler91@example.com,+1-665-266-9404x974,Male,1936-04-06,2023-06-24
C005923,Elizabeth,Curtis,coryblake@example.com,450.361.4977x127,Male,1997-04-03,2022-12-13
C005924,Kristen,Wallace,cflowers@example.org,795-326-1443x44658,Male,1941-06-21,2024-10-26
C005925,Gabriela,Summers,ronaldstein@example.net,286-566-7228x210,Female,1971-02-10,2023-07-14
C005926,David,Carr,briannafoster@example.net,832-555-5607x568,Female,1936-03-08,2021-07-08
C005927,Daniel,Garcia,thomasfoster@example.org,(673)299-7945x8665,Female,1985-04-22,2026-05-22
C005928,Daniel,Zimmerman,fbrown@example.net,448-719-1482,Female,1956-06-22,2023-02-22
C005929,Nicholas,Martin,karenthompson@example.com,964-734-0557x442,Female,1941-08-24,2022-08-14
C005930,Angela,Campbell,pedrogarcia@example.net,001-318-413-1000x1067,Female,1943-04-11,2022-11-28
C005931,Joshua,Cox,jennifer54@example.com,(608)398-2701x58071,Female,1973-10-09,2021-09-02
C005932,Robert,Woods,wcaldwell@example.com,365-463-8625,Female,1988-05-15,2022-11-13
C005933,Angela,Jones,marvin98@example.com,725.839.0006x63070,Female,1975-06-23,2023-12-24
C005934,Mitchell,Dixon,melissakirby@example.org,(381)903-6741x2547,Female,1949-07-17,2023-03-20
C005935,Theresa,Carter,corey42@example.com,(382)453-4792,Female,2003-08-25,2025-10-28
C005936,Jeremy,Johnson,lcook@example.com,(459)599-7476x0777,Female,1953-06-18,2026-03-08
C005937,Jared,Brooks,michael97@example.org,001-923-422-3985x562,Female,1939-06-23,2023-06-18
C005938,Katherine,Meyers,kwilson@example.org,001-802-886-5366x80065,Female,1962-12-11,2024-03-25
C005939,Suzanne,Montoya,brett21@example.org,835.985.1747x48710,Female,1973-10-11,2022-02-15
C005940,Kevin,Nelson,rhonda58@example.com,(608)492-2187,Female,1977-06-03,2026-05-30
C005941,Emily,Combs,paulmckinney@example.org,816.730.1993x03669,Male,1940-09-22,2022-11-19
C005942,Tom,Wilson,patrickclark@example.net,001-263-409-8989,Male,1968-02-12,2022-04-15
C005943,Christopher,Martin,wolfsamuel@example.org,333-964-5442x18861,Female,1986-10-28,2025-04-03
C005944,Gerald,Rodriguez,ubarnett@example.com,001-572-688-6057x55065,Male,1942-03-15,2023-12-31
C005945,Robert,Montgomery,ereyes@example.org,4784053151,Female,1937-08-18,2021-07-12
C005946,Kevin,Hubbard,fbond@example.org,8446083306,Female,1974-08-08,2024-05-27
C005947,Sonia,Williams,harperdylan@example.org,491.254.9799x290,Female,1959-01-13,2024-03-13
C005948,Corey,Lee,andrew25@example.com,001-204-651-5428x769,Female,2000-09-07,2024-03-22
C005949,Alejandra,Washington,daniel12@example.org,(774)772-1464x27530,Male,1954-04-13,2025-09-24
C005950,Jeffery,Mendoza,bradyrhonda@example.org,645.979.3448x168,Female,1979-04-03,2026-01-26
C005951,Michael,Dixon,rodney67@example.net,831-422-0241,Male,1987-05-22,2022-07-21
C005952,Patricia,Carter,salasvicki@example.net,355.650.7720,Male,1959-10-08,2023-11-05
C005953,John,Fitzpatrick,carlymccarthy@example.net,507.231.9349,Male,1957-10-05,2025-08-31
C005954,Kathleen,Santos,holly98@example.org,882.659.9558x39028,Female,1963-09-12,2025-12-14
C005955,Marie,Hartman,joewhite@example.com,374-341-1915,Male,1939-02-18,2025-08-13
C005956,John,Cameron,phillipstoni@example.org,(449)220-3020,Male,1969-01-24,2021-07-22
C005957,Veronica,Cross,ujordan@example.net,711.497.0218x55912,Male,2001-09-10,2025-11-24
C005958,Amber,Petersen,warrendenise@example.org,770-715-9063,Male,1961-05-01,2021-10-18
C005959,Morgan,Garcia,twood@example.org,406-362-0955,Male,2006-04-18,2024-11-12
C005960,Mary,Howard,fballard@example.org,401-777-7344,Female,1938-12-24,2025-04-08
C005961,Richard,Trevino,gwilliams@example.net,230-222-4984x866,Female,1960-11-18,2022-03-29
C005962,Paula,Morrison,riveramichelle@example.net,679-638-8644x9449,Male,1974-07-25,2023-05-18
C005963,Catherine,Harris,qfitzpatrick@example.com,762-450-0416,Male,1998-10-07,2025-06-12
C005964,Allison,Lopez,ashley39@example.com,(501)613-3510x1902,Female,1986-11-14,2023-03-07
C005965,Krystal,Campbell,charles08@example.com,+1-312-543-4200x925,Female,1966-03-25,2024-06-02
C005966,Justin,Ward,mcculloughandrew@example.net,870.309.5017x64308,Female,2004-01-14,2026-06-18
C005967,Alexis,Castillo,simmonsrobert@example.com,+1-718-652-5552x9306,Male,1991-06-19,2023-05-04
C005968,Laura,Copeland,jeffrey90@example.com,301.943.0305x8129,Female,1974-04-06,2024-11-30
C005969,Colin,Leach,jason42@example.com,204-877-1768,Female,1954-05-21,2026-02-06
C005970,David,Hall,lucasjones@example.com,214.646.3070,Female,1964-11-21,2024-11-01
C005971,Jennifer,Reese,zachary25@example.com,611.214.0155x4544,Male,1938-03-07,2023-04-30
C005972,Donald,Ortega,kallen@example.com,(496)211-9513x39812,Female,1986-05-19,2023-07-11
C005973,Colleen,Watson,evansjennifer@example.org,001-745-242-1451x8299,Female,2005-11-09,2023-11-09
C005974,Timothy,Mcdaniel,oosborn@example.com,001-718-315-9557x993,Male,1944-05-28,2021-10-16
C005975,Jesus,Melton,kyle41@example.org,001-537-535-2243,Female,1937-01-02,2026-02-15
C005976,Michele,Waters,msims@example.com,709-244-9066,Male,1951-08-31,2024-03-03
C005977,Ashlee,Lindsey,vwillis@example.com,8153191970,Female,1995-03-30,2026-01-22
C005978,Marissa,Cole,jaystevens@example.net,558-203-6189x2162,Male,1958-02-17,2025-12-20
C005979,Stephanie,Sawyer,meganacosta@example.net,747-802-8976,Male,1989-09-02,2026-03-04
C005980,Robert,Arnold,jenkinssara@example.com,643.712.6298,Female,1995-12-31,2025-03-09
C005981,Barbara,Mckinney,rodney06@example.net,001-456-663-6428,Female,2003-11-27,2022-08-05
C005982,Patricia,Phillips,clarkjohn@example.com,001-313-327-8088,Male,2008-01-24,2021-09-15
C005983,Kimberly,Dalton,davidrichardson@example.com,+1-904-595-3806x60993,Male,1977-02-07,2024-06-02
C005984,Joshua,Lopez,emily68@example.org,(718)248-4852,Male,2001-07-04,2024-06-24
C005985,James,Wright,hthornton@example.net,+1-519-989-4477x014,Male,1967-09-05,2025-05-23
C005986,Kimberly,Bryant,jason88@example.com,(906)865-7611x1790,Male,1946-07-29,2022-04-05
C005987,Ashley,Bailey,kyle84@example.net,+1-463-282-1981x8847,Male,1958-07-04,2023-09-27
C005988,Gregory,Terrell,tranjoe@example.com,+1-991-360-8710x42981,Female,2001-09-06,2023-01-14
C005989,Adam,Price,ellisellen@example.com,001-511-843-2809x3599,Male,1955-02-04,2025-01-13
C005990,James,Henderson,jeremy20@example.net,+1-621-976-3033x540,Female,1961-09-10,2026-04-22
C005991,Michael,Mclaughlin,jonathancohen@example.org,(915)766-6178x62313,Female,1959-11-03,2025-04-28
C005992,Kimberly,Miller,steve29@example.com,7619190072,Female,2000-10-15,2021-07-15
C005993,Darren,Hunter,carriesparks@example.org,858.732.8281x63227,Female,1945-11-18,2026-03-08
C005994,Joshua,Miller,daniel58@example.net,(925)904-1472,Female,1993-02-08,2025-07-15
C005995,Nathan,Levine,kimberlyscott@example.org,274-804-8965x537,Female,1982-01-24,2025-11-07
C005996,Kelly,Williams,terrellashley@example.net,001-703-880-4681x31523,Male,1983-12-19,2025-05-07
C005997,Leah,Wagner,hvaughan@example.net,(729)288-8108x056,Female,2006-10-14,2022-10-18
C005998,Jacob,Carney,prodriguez@example.com,001-889-598-9658x28333,Female,1995-10-30,2025-10-08
C005999,Angela,Colon,pamelahanson@example.net,953.211.2868,Male,1946-11-23,2024-04-10
C006000,Sara,Harris,zharris@example.net,(985)377-9773,Female,1942-10-06,2022-01-17
C006001,William,Morgan,troyrobertson@example.net,654.624.0755x2107,Female,1962-11-16,2025-04-15
C006002,Katrina,Davis,fpeterson@example.net,001-431-940-3242,Female,1973-07-05,2024-02-16
C006003,Andrew,Murphy,kimberlywilliams@example.com,903-898-0896x8632,Female,1961-02-02,2025-05-30
C006004,Colton,Salazar,austindawn@example.org,672.322.2996,Male,2003-02-04,2022-03-27
C006005,Glenn,Simmons,jonescheryl@example.org,001-472-647-3122x722,Male,1976-12-24,2024-03-20
C006006,Tiffany,Brown,lawsonkenneth@example.com,001-793-502-1272x832,Male,1971-05-03,2022-06-10
C006007,Diana,Hoffman,carolyn40@example.net,(523)454-8767,Female,1989-12-30,2023-12-21
C006008,Christine,Ortega,daisy37@example.org,(469)297-5603x0365,Female,2005-04-17,2022-08-11
C006009,Elizabeth,Holloway,yateschristopher@example.org,926-715-4610,Female,2006-07-31,2025-05-17
C006010,Mary,Buchanan,michael13@example.org,(818)724-1587,Male,1975-03-09,2024-08-13
C006011,Lori,Yates,amyedwards@example.org,+1-678-442-0958x431,Female,1944-07-06,2023-09-16
C006012,Jennifer,Orozco,elizabeth42@example.net,(904)256-0794x582,Female,1954-03-19,2023-01-10
C006013,Joshua,Bennett,cestrada@example.com,5554977926,Male,1964-12-31,2022-01-04
C006014,Sean,Irwin,ronald45@example.com,+1-361-629-1903,Male,1965-09-08,2021-08-16
C006015,Dustin,Giles,elizabethwest@example.com,001-982-821-1774,Female,1968-12-31,2022-07-04
C006016,Stephanie,Randolph,uschaefer@example.net,(882)938-6424x65040,Female,1986-11-22,2023-02-13
C006017,Nicholas,Summers,courtney56@example.org,581.823.4936,Male,1971-11-08,2026-06-29
C006018,Sarah,Martinez,yrogers@example.com,+1-649-281-1339,Female,1982-06-13,2023-12-20
C006019,Tara,Cuevas,jason90@example.com,223.877.4379,Male,1960-12-26,2023-11-19
C006020,Cody,Simmons,ublevins@example.net,917.206.3360x5109,Male,1947-02-18,2023-04-10
C006021,Renee,Jones,ldominguez@example.org,(468)939-1791x06026,Female,1957-04-09,2024-11-04
C006022,Angela,Hernandez,nrichardson@example.com,5487545616,Male,1953-03-15,2022-01-02
C006023,Matthew,Green,hmartinez@example.com,5323864969,Male,1960-03-02,2025-02-18
C006024,Deborah,Roberts,erowland@example.com,621-847-7364x4828,Male,1990-01-01,2026-07-03
C006025,Jorge,Moore,alexismoore@example.org,(571)387-2036,Male,1994-05-08,2023-11-16
C006026,Dylan,Mueller,mendozaeric@example.net,(353)756-2727x9226,Male,1974-06-21,2022-01-28
C006027,Victoria,West,qterry@example.net,462.823.8776x0231,Male,1987-11-24,2026-04-02
C006028,Austin,Shaffer,lucasdiana@example.org,(938)879-5535x282,Male,1948-04-01,2024-08-23
C006029,Shawn,Jenkins,joseph59@example.net,(596)780-0569,Female,1945-09-29,2023-09-26
C006030,Timothy,Smith,harringtonandrew@example.net,+1-982-221-9161x8702,Female,1948-04-09,2026-05-27
C006031,Patrick,Davis,martinamanda@example.org,001-419-672-6963x797,Male,1947-05-12,2023-08-09
C006032,Audrey,Duncan,matthew88@example.net,215-713-2968x5611,Male,1950-01-28,2022-10-15
C006033,Lisa,West,emilyarnold@example.net,001-422-388-1124x96161,Male,1985-12-31,2024-03-14
C006034,Brandi,Richard,lisaanderson@example.net,562-736-8853x1056,Female,1943-09-21,2025-07-26
C006035,Robin,Steele,eric53@example.com,353-748-1900,Male,1997-11-16,2022-08-04
C006036,Sean,Ewing,richardstracy@example.net,761-532-8093x894,Male,1939-05-13,2023-02-24
C006037,Ashley,Nguyen,martinezaaron@example.net,914.782.5470x2254,Male,1973-04-22,2022-08-19
C006038,Ricky,Martinez,kenneth58@example.org,818.275.4686x42901,Female,1951-06-02,2023-08-25
C006039,Joseph,Lee,leslieramsey@example.com,(988)372-5579x5101,Female,1939-04-22,2025-05-21
C006040,Crystal,Anderson,steven60@example.com,907-362-4330x6123,Female,1962-04-16,2022-03-30
C006041,Donna,Davidson,fperkins@example.net,209-227-4688x8913,Male,1955-05-12,2022-09-07
C006042,Gregory,Calderon,nicolethomas@example.com,723-924-1151x52085,Male,2000-01-16,2023-11-30
C006043,Courtney,Allen,saundersveronica@example.net,781.574.8376,Female,1966-08-10,2022-06-23
C006044,James,Mcintyre,lawrencetammy@example.org,925-342-8999x172,Female,1937-01-27,2023-07-25
C006045,Dawn,Hill,qrodriguez@example.com,422-846-1583,Female,1970-12-04,2023-07-25
C006046,Jessica,Collins,william26@example.net,518.710.9286x263,Female,1977-11-22,2024-04-27
C006047,Benjamin,Jones,berrysonya@example.net,(284)675-6148x2180,Male,2004-02-09,2022-10-02
C006048,Patrick,Howard,bguerrero@example.com,001-956-292-7452x089,Female,1982-08-10,2022-12-15
C006049,Joseph,Garcia,francisdavid@example.net,+1-636-233-4234x208,Male,1954-10-23,2024-04-07
C006050,Judy,Webster,brandiyoung@example.com,8363404084,Female,1946-07-20,2025-12-30
C006051,Scott,Gibson,pauldiaz@example.org,(599)828-5859x599,Female,1988-03-26,2023-04-06
C006052,Dennis,Elliott,travisjohnson@example.net,5657129894,Male,1999-03-14,2024-11-27
C006053,Jeremy,Mcdowell,pmeyer@example.net,601-975-4054x4744,Male,1982-01-25,2026-04-05
C006054,Zachary,Nelson,darrencarter@example.org,319.874.0558x225,Male,1948-08-10,2022-03-03
C006055,Shawn,Simmons,bbishop@example.org,001-641-572-5986x280,Female,1948-01-08,2021-10-02
C006056,Cheyenne,Wang,amanda54@example.org,922.762.2086x4312,Female,1977-03-21,2026-04-09
C006057,Troy,Walter,ryanmolina@example.org,757-718-0186x87081,Male,1973-02-27,2024-06-21
C006058,Heather,Gilmore,johnweiss@example.org,(770)696-8946,Female,1989-07-31,2022-07-15
C006059,Mindy,Garcia,ramirezjames@example.org,001-260-392-8030,Female,1963-06-15,2023-09-12
C006060,Stacey,Reynolds,stevenbruce@example.com,001-706-982-1744x8489,Male,1965-04-04,2022-10-16
C006061,Nicholas,King,gdavis@example.com,(201)990-5174,Female,1966-01-09,2022-04-20
C006062,Mary,Moreno,imartin@example.org,380.698.5802x581,Male,1949-08-31,2022-07-04
C006063,Shawn,Moody,jmann@example.org,8036551926,Male,1974-11-19,2022-06-22
C006064,Sharon,Bradshaw,baileykatherine@example.net,827-765-3807,Female,1999-09-15,2026-06-01
C006065,Tiffany,Chan,rosstoni@example.com,+1-904-860-0696,Male,1953-12-04,2026-05-16
C006066,Tammy,Hernandez,collinsbrent@example.net,863-606-4444x3993,Female,1945-01-02,2022-02-10
C006067,Roy,Roberson,vashley@example.com,944-977-1700,Female,1938-03-28,2025-07-17
C006068,Victoria,Hart,mario47@example.com,001-348-666-9309x8724,Female,1999-04-14,2024-04-28
C006069,Christine,Proctor,alexanderdavid@example.net,953.859.6188x611,Male,1977-06-11,2026-04-12
C006070,Penny,Butler,michaeljohnson@example.net,001-397-807-5393x9942,Male,1959-01-02,2024-12-02
C006071,Christy,Lopez,alexandrabradley@example.com,715.302.9216,Female,1952-12-03,2022-02-05
C006072,Troy,Davis,iparsons@example.net,001-639-686-8319x000,Female,2005-07-17,2024-03-08
C006073,Donna,Hartman,scottpreston@example.com,+1-811-767-9335x659,Male,1944-12-20,2022-01-21
C006074,Adam,Todd,lisa30@example.org,350-391-6067,Female,1994-04-29,2026-05-28
C006075,Carolyn,Pitts,carol23@example.com,+1-739-548-2074,Female,1969-01-15,2024-12-26
C006076,Tanya,Payne,lmullins@example.org,001-804-663-7106x1418,Male,1950-04-05,2025-12-21
C006077,Tiffany,Stevenson,john48@example.com,(781)622-4223,Female,1961-05-05,2023-07-22
C006078,Shawn,Smith,sjackson@example.org,(211)291-7489x2307,Female,1973-10-26,2022-07-06
C006079,Daniel,Mcdaniel,ejones@example.net,4276663831,Female,1944-07-30,2025-03-06
C006080,Todd,Elliott,james49@example.com,+1-980-622-4325,Female,1942-05-06,2024-12-11
C006081,Sara,Obrien,sarahcooke@example.org,529-704-5775x119,Female,1941-06-13,2023-05-12
C006082,Lisa,Chung,forbeswilliam@example.net,386-576-1601x84146,Female,2005-09-28,2022-06-05
C006083,Angela,Martinez,holly44@example.com,426-988-3062x295,Male,1958-02-23,2026-07-01
C006084,Andrea,Dennis,zamoranathan@example.net,779.687.7027x98271,Male,1948-11-27,2024-02-19
C006085,Samantha,Roach,patrickreeves@example.net,001-243-546-9474x7434,Female,1993-09-20,2024-07-30
C006086,Christian,Rodriguez,thomassmith@example.net,547-389-2258,Male,1996-03-13,2024-11-05
C006087,Maria,Roberts,george88@example.com,442.531.3153,Female,1986-04-26,2023-02-17
C006088,Patrick,Nunez,fordlindsey@example.org,274-594-5063x1936,Female,2002-10-05,2025-03-08
C006089,Travis,Cooper,william20@example.net,001-899-968-7225x2610,Male,1954-05-17,2023-10-28
C006090,Carlos,Young,ajones@example.net,5813348669,Male,1937-09-21,2022-06-27
C006091,Elizabeth,Gentry,marilynortiz@example.com,878.777.5392x96767,Male,1960-04-13,2023-11-24
C006092,Aaron,Parker,marvin64@example.com,6306298312,Female,1961-03-18,2024-06-27
C006093,Robin,Johnson,allison96@example.org,8336555640,Male,1989-08-31,2025-04-30
C006094,Anita,Shelton,deckertraci@example.org,+1-785-942-9822,Female,1937-10-24,2022-01-07
C006095,Richard,Anderson,tony32@example.org,001-703-559-4445x477,Male,1994-02-11,2022-03-24
C006096,Lindsay,Griffith,garciabenjamin@example.net,001-308-852-8791,Male,1977-09-24,2021-10-21
C006097,Kristine,Hughes,caseysandoval@example.com,+1-669-259-0976x2747,Female,2003-01-10,2025-11-14
C006098,Heather,Swanson,karen84@example.net,(612)534-9659x362,Male,1940-02-07,2022-12-20
C006099,Lori,Macias,tamara27@example.com,(233)464-9969,Male,1998-01-15,2021-11-10
C006100,James,Johnson,johnsontiffany@example.org,+1-488-845-8060x7319,Female,1995-06-15,2023-09-16
C006101,Jacob,Murphy,amandagibson@example.org,(375)577-9445x5910,Male,1974-11-17,2025-10-17
C006102,Chase,Kennedy,olsenharry@example.com,999-420-7830,Male,1989-07-23,2024-08-12
C006103,Laura,Bradshaw,brooksmisty@example.net,(983)504-1913x82367,Female,1939-07-01,2022-03-09
C006104,Heather,Obrien,leviallen@example.net,798-697-4161x441,Female,1961-02-04,2021-12-19
C006105,Mercedes,Ortiz,morgan55@example.net,457-636-7802x0872,Male,1990-07-20,2022-05-09
C006106,Stacy,Wilcox,clarknicole@example.com,956.722.3726x82695,Female,1946-07-03,2024-05-14
C006107,Edward,Aguirre,alyssaduarte@example.net,2478629509,Female,1961-02-06,2025-05-13
C006108,David,Wells,nathanielburke@example.net,+1-359-513-2319,Female,2004-03-31,2023-05-15
C006109,Wayne,Edwards,staceysilva@example.org,(707)803-5625x7446,Female,1969-09-23,2026-01-03
C006110,Megan,Martin,emily06@example.net,775.646.8746,Female,1995-06-06,2022-07-16
C006111,Brian,Trujillo,cruzjoe@example.net,6446301407,Female,1998-04-25,2023-11-14
C006112,Matthew,Chapman,wyattjennifer@example.net,241-229-9766x60911,Female,1961-04-11,2025-02-21
C006113,Jamie,Koch,nathanbaldwin@example.net,509-587-7155x4615,Female,2005-05-30,2026-04-14
C006114,David,Bauer,angela16@example.net,001-707-710-2281x09169,Male,2007-07-01,2026-03-11
C006115,Jonathan,Wood,wrichardson@example.com,567.868.7266,Female,1955-01-02,2023-06-06
C006116,Cole,Brown,christopher67@example.com,(352)219-7001x333,Female,1986-12-07,2025-12-31
C006117,Emily,Lambert,williamjacobs@example.net,(305)456-8924,Male,2007-09-29,2021-11-13
C006118,Savannah,Davenport,yhaynes@example.org,6063001294,Female,1991-09-16,2025-12-04
C006119,Joseph,Mccann,phillipschristian@example.com,+1-839-246-7226,Female,1973-12-09,2024-07-21
C006120,Julian,Edwards,bobrien@example.com,(874)296-9534x6659,Female,1970-11-19,2023-05-16
C006121,Joseph,Smith,robertsoto@example.org,3145530650,Female,1937-02-14,2025-04-20
C006122,David,Wilson,elizabethcampos@example.net,(299)512-1508x224,Female,1936-07-27,2024-12-10
C006123,Makayla,Wilson,lnelson@example.com,969-832-3247x984,Female,1989-04-05,2022-09-21
C006124,Cynthia,Jones,jessica86@example.org,691-997-0136x96710,Male,1938-04-13,2022-08-03
C006125,Nathan,Whitehead,stacyclark@example.net,716-295-5670,Male,1987-11-21,2025-03-13
C006126,Amber,Perkins,sonia11@example.net,2878967614,Female,1980-12-27,2025-02-27
C006127,Phillip,Riley,parrishamber@example.net,+1-824-575-8057x9839,Female,1987-10-27,2023-05-23
C006128,Luis,Gilbert,robinsonchristopher@example.net,(511)495-9319,Male,1959-06-13,2023-05-30
C006129,Diane,Lopez,dmoreno@example.org,(860)709-8633,Male,1991-01-25,2026-05-06
C006130,John,Clark,natalieramirez@example.net,805.433.3064,Male,2006-08-04,2025-09-22
C006131,Angela,Morgan,daniellejohnston@example.org,914-429-4011x5224,Female,1977-08-25,2021-09-26
C006132,Nancy,Knapp,smithconnie@example.org,8185334740,Female,1940-03-27,2022-12-14
C006133,Katherine,Clark,robyn37@example.org,(389)406-1695x7359,Female,1938-01-05,2023-07-10
C006134,David,Shaw,anthonyweber@example.com,(554)834-3140x027,Female,1968-11-06,2025-06-25
C006135,Eric,Wright,alexis48@example.net,(469)597-5053x8397,Male,1984-03-15,2022-12-14
C006136,Michele,Miller,brownelizabeth@example.org,423.969.9608x817,Male,1987-12-04,2024-04-06
C006137,Jeffery,Young,amanda14@example.net,236-509-2049x0724,Female,1970-09-07,2023-06-12
C006138,Margaret,Johnson,gwest@example.com,(207)927-6874,Female,1998-10-18,2024-03-12
C006139,Kristin,Carpenter,melissa06@example.com,(263)769-4572,Male,1950-07-21,2024-06-14
C006140,Adrian,Russell,gonzalezkathleen@example.com,(596)779-0161x17244,Female,1941-03-20,2024-11-02
C006141,Cindy,Flores,connie30@example.org,471.291.9437x08726,Male,1995-10-12,2023-07-09
C006142,Carl,Munoz,brownjames@example.com,(568)482-4976,Male,1976-01-23,2024-06-04
C006143,David,Sosa,terry85@example.net,+1-778-775-8231x9136,Male,1939-09-28,2025-12-16
C006144,William,Hill,michael61@example.com,5937451480,Female,1980-05-04,2021-11-30
C006145,Russell,Wallace,waltersmith@example.com,872.817.1810x055,Female,1957-05-16,2024-12-31
C006146,Jeffrey,Flores,michaelwells@example.net,+1-939-792-2187x7810,Male,1969-04-08,2025-12-11
C006147,Steven,Lynn,pattersonpamela@example.org,845-489-7181x29827,Male,1938-02-14,2024-12-02
C006148,Tammy,Johnson,linda67@example.net,790-436-4509x27313,Female,1987-07-06,2022-06-11
C006149,Margaret,Williams,cole75@example.org,001-639-214-5786x08862,Male,1979-06-11,2025-08-11
C006150,Michael,Lopez,ksalas@example.com,+1-759-408-4152x392,Male,1983-06-19,2022-05-15
C006151,Dana,Foster,webbmark@example.net,489-542-2267x01577,Male,1973-08-22,2023-07-31
C006152,Michelle,Anthony,uburgess@example.org,001-965-873-0309x04757,Male,1942-06-16,2021-11-24
C006153,William,Parker,baileysamantha@example.com,814.818.2392x397,Female,2002-09-08,2022-08-28
C006154,Tyler,Lin,ylopez@example.org,234-829-5138,Male,1990-07-16,2025-05-12
C006155,Robert,Nelson,deannafernandez@example.com,893.536.3975x168,Male,1948-05-02,2024-09-05
C006156,Richard,Anderson,kurtwagner@example.net,(364)755-8285x876,Female,2001-12-14,2025-12-30
C006157,Anthony,Smith,lsanders@example.net,208.395.6139x886,Female,1982-04-18,2023-09-06
C006158,Erin,Herrera,charlesmurphy@example.net,(203)606-4115x45954,Male,1937-06-13,2021-11-01
C006159,Gregory,Hendrix,ppowell@example.org,(758)654-8858x23683,Male,1970-09-18,2023-10-04
C006160,Matthew,Payne,antoniomccormick@example.net,3236011456,Male,1950-06-11,2025-11-04
C006161,Joy,Phillips,lisabell@example.com,992-722-6906x0560,Female,1991-09-24,2022-09-12
C006162,Michael,Lewis,vbowers@example.net,928-930-7138x95382,Female,1952-12-23,2025-12-06
C006163,Lori,Crosby,reyesashley@example.com,628.344.3291x37912,Male,1943-11-24,2021-09-07
C006164,Cindy,Parker,jacqueline18@example.com,+1-868-447-7405,Male,1967-05-05,2025-02-20
C006165,Angel,Ibarra,brenda76@example.net,(801)548-4479x424,Female,1940-09-28,2024-12-19
C006166,Christopher,Shepard,lewischristine@example.net,4525797201,Male,1953-04-08,2025-11-11
C006167,Jessica,Summers,catherineedwards@example.org,684.655.0887x9810,Male,1938-01-02,2022-10-24
C006168,Nicholas,Rodriguez,ichapman@example.com,(472)294-0807,Male,1980-10-05,2022-07-29
C006169,Christopher,Solis,lisalopez@example.com,001-980-887-3989,Male,2003-10-01,2023-08-23
C006170,Susan,Durham,louis35@example.net,914.600.9935,Female,1992-03-19,2025-08-05
C006171,John,Mcfarland,petersonaaron@example.com,+1-214-488-2523,Female,1989-07-11,2021-11-18
C006172,Paula,Matthews,gregory00@example.net,690.312.6605x00840,Male,1943-07-03,2025-11-21
C006173,April,Henry,jennifer07@example.com,977.773.8536x61130,Male,2007-10-13,2022-10-20
C006174,Christine,Burnett,jeremy72@example.net,001-790-802-7355x17043,Female,1993-04-11,2026-06-16
C006175,Cesar,Nguyen,tammy50@example.org,001-675-843-2772x008,Male,2000-05-12,2026-04-25
C006176,Jonathan,Ortega,amanda68@example.net,258.289.2741x341,Male,2005-03-17,2022-05-25
C006177,Kimberly,Sparks,brendaortiz@example.org,259.896.5155x481,Male,1946-11-13,2023-03-06
C006178,Michael,Arias,rhonda21@example.org,001-543-603-4620x96780,Male,1942-12-07,2021-10-05
C006179,Natalie,Irwin,evancarroll@example.net,213.532.9633x88463,Male,1982-07-27,2024-09-12
C006180,Brent,Torres,ashley81@example.org,337.640.7657x682,Male,1936-10-30,2026-04-12
C006181,Christopher,Hodge,stephanieberry@example.com,342.205.3515,Female,1963-09-06,2024-05-24
C006182,Amy,Malone,lbrown@example.com,372.970.7014x70341,Female,1990-01-02,2022-04-29
C006183,Kendra,Rodriguez,jayparker@example.net,203.522.9913,Female,1953-08-04,2023-04-06
C006184,Teresa,Padilla,smithkaitlin@example.net,999.877.9482,Female,1962-07-09,2023-02-21
C006185,Regina,Brown,collinspatrick@example.net,001-524-661-8765,Male,1981-07-13,2022-09-05
C006186,Morgan,Martin,smithdavid@example.org,462-304-6732,Male,1946-06-28,2022-05-04
C006187,Zachary,Hobbs,nicholas06@example.net,(268)368-0265x428,Male,2006-03-14,2022-05-07
C006188,Robert,Dalton,munozbrooke@example.org,378.388.8699x67936,Male,1946-03-08,2023-03-05
C006189,Sean,Mclaughlin,brian40@example.org,(544)866-5676x58623,Male,1964-04-18,2023-03-04
C006190,Shelby,King,christina90@example.net,8219119661,Female,1982-04-29,2026-06-01
C006191,Laurie,Clark,randy14@example.net,510.671.3224,Male,1960-02-13,2022-05-15
C006192,Michelle,Lamb,christyhill@example.org,001-340-688-2979x531,Male,1959-04-22,2025-09-17
C006193,Michelle,Nixon,waltonnicole@example.com,739-247-7223x833,Male,1975-11-04,2023-06-16
C006194,Frances,Moreno,zwilliams@example.com,(373)380-5161,Male,1956-11-20,2025-12-18
C006195,Kathryn,Francis,mcruz@example.com,7527187413,Male,1990-02-16,2026-04-12
C006196,Stephen,Grant,sonyapacheco@example.com,764.460.9050x6318,Male,1941-07-16,2023-06-21
C006197,Brandon,Adkins,tcarter@example.com,792.819.4547,Female,1971-07-10,2022-08-19
C006198,Denise,Thomas,stephanie72@example.org,859-733-7948,Female,2007-06-23,2023-08-08
C006199,Eric,Baker,ramirezdavid@example.org,+1-899-599-9493,Female,1969-08-19,2024-09-01
C006200,Christina,Ellis,paul81@example.com,7135014618,Female,1963-01-17,2025-04-20
C006201,Edward,Kim,monicagiles@example.org,(861)240-0461,Female,1964-10-14,2023-05-14
C006202,Jessica,Stone,mary08@example.org,001-966-437-9206x7963,Male,2002-10-13,2026-06-26
C006203,Alexander,Walters,christopherbaker@example.com,001-495-865-1671x348,Male,1948-12-09,2025-08-10
C006204,Timothy,Ritter,zmiller@example.org,001-905-488-1825x014,Male,1987-03-29,2022-12-18
C006205,Kayla,Williams,greenemarilyn@example.net,+1-781-707-9289x7565,Female,1965-05-18,2025-10-13
C006206,Sean,Richardson,lcruz@example.com,926-514-2859x68813,Female,1978-08-18,2025-02-09
C006207,Donald,Hall,oneilldarius@example.net,(949)837-2983x8762,Female,1969-09-08,2022-02-17
C006208,Mary,Gibson,jamiewilliams@example.net,001-908-838-9006x5242,Female,1962-02-27,2023-10-21
C006209,Michael,Brock,awood@example.org,218-786-7310x228,Male,1988-05-15,2024-12-30
C006210,Lynn,Smith,kathryncosta@example.net,463-266-2053,Female,1959-01-09,2023-09-30
C006211,Tyler,Winters,brookegutierrez@example.com,541.534.8205x290,Female,1987-05-07,2026-01-13
C006212,Heidi,Hicks,edward69@example.org,9189210216,Male,1954-07-14,2021-12-21
C006213,Steven,Johnston,carriecollins@example.com,908-389-7646x6166,Female,1951-05-08,2025-08-07
C006214,Julie,Clark,sheena25@example.net,752.840.1586x342,Male,1963-09-21,2024-10-15
C006215,Vincent,Brown,victorianguyen@example.com,001-812-965-2933,Female,1973-04-09,2021-09-19
C006216,Anthony,Gonzalez,jill45@example.com,297-710-5587x827,Female,1994-01-15,2025-10-26
C006217,Alicia,Vazquez,andersonfrank@example.net,566-910-9699x5653,Female,1999-08-15,2023-06-05
C006218,Jessica,Harris,brandon38@example.org,+1-480-695-7650x1201,Female,1997-10-10,2025-12-12
C006219,Juan,Green,amanda75@example.com,001-789-776-3941x520,Female,1991-07-06,2024-04-21
C006220,Dylan,Horton,ghart@example.org,2838880523,Female,1992-09-08,2022-10-27
C006221,William,Chang,escobarmatthew@example.org,817.512.1002x49440,Female,1974-08-09,2025-01-27
C006222,Robert,Harris,duffyheather@example.com,617-804-7812,Female,1963-11-23,2025-02-05
C006223,Matthew,Warren,jeffreysexton@example.org,432.766.3103x770,Female,2001-01-05,2023-03-30
C006224,Sabrina,Li,jessicarubio@example.com,(431)295-9148x8906,Male,1948-02-09,2025-10-24
C006225,Christopher,Bennett,samuel63@example.com,826-842-7011x5861,Female,1951-10-20,2026-06-04
C006226,Michael,Fitzgerald,garrettdean@example.net,278.878.3493x644,Female,1945-11-25,2024-06-05
C006227,Patricia,Pollard,brocklarry@example.org,364-573-2693x0174,Female,1997-03-23,2022-08-22
C006228,Levi,Kaiser,justin18@example.org,226-951-7352,Female,1997-03-26,2023-06-20
C006229,Timothy,Forbes,taylorpreston@example.org,001-951-611-8055x4163,Female,1954-01-25,2022-12-03
C006230,John,Cain,ortegacarol@example.com,+1-573-312-5970x9305,Female,1971-06-20,2022-03-14
C006231,Joshua,Wilson,greercharlotte@example.org,001-938-634-0644x54827,Female,1984-09-05,2022-01-10
C006232,Yvette,Taylor,kyle18@example.org,+1-818-763-1010x8058,Male,1967-02-12,2024-03-21
C006233,Christopher,Richard,rebecca48@example.net,610-499-4293,Male,1961-05-22,2022-01-05
C006234,Melissa,Bass,tylerlee@example.com,(434)314-2821,Female,1992-02-29,2024-12-01
C006235,Robert,Hall,mark21@example.net,354-277-3624,Male,1972-02-08,2023-08-17
C006236,Sean,Delacruz,stacy01@example.net,001-480-766-1864x689,Male,1974-06-23,2021-08-01
C006237,Paul,Smith,garcialisa@example.org,001-871-209-5436x60147,Male,1948-05-01,2025-08-11
C006238,Anthony,Richardson,fnelson@example.com,(426)510-6292,Male,1953-07-17,2025-02-23
C006239,Jerry,Williams,lauraking@example.net,4478438712,Female,1942-07-14,2025-09-27
C006240,David,Brown,jeremy56@example.net,879-257-5773,Male,1986-11-12,2021-12-11
C006241,Melissa,Cooke,zhangrebecca@example.net,4895686003,Female,1949-04-11,2026-02-15
C006242,Jean,Campbell,schaeferdavid@example.net,986-777-0032,Male,1940-03-12,2023-09-12
C006243,Selena,Davis,clarkmichael@example.net,(511)362-6815x867,Female,1942-10-20,2024-05-02
C006244,Sydney,Wells,kaitlinaustin@example.com,+1-359-386-8646x2835,Female,1963-07-02,2023-11-05
C006245,Rachel,Lopez,natashaclark@example.org,+1-683-452-2541x478,Female,1969-07-03,2023-01-23
C006246,Belinda,Washington,wesleyperez@example.org,+1-222-727-7084x93943,Female,1998-03-16,2025-10-24
C006247,Theresa,King,armstrongkatelyn@example.org,001-839-838-8550,Female,1973-12-26,2023-12-27
C006248,Sonia,Shepherd,kellybradley@example.org,834.983.4439,Female,1969-07-27,2025-12-28
C006249,Brittany,Miller,rogernorris@example.com,(983)403-7221x4398,Female,1958-07-20,2025-02-10
C006250,Kimberly,Coffey,roywilson@example.com,857.725.0540,Female,1958-04-11,2024-03-14
C006251,Amanda,Le,curryanthony@example.net,(877)323-6697x857,Female,1994-04-28,2024-11-04
C006252,Matthew,Osborne,lauragonzalez@example.org,(302)251-8138x05752,Female,1968-11-15,2026-02-19
C006253,Maria,Brown,jeffreyfletcher@example.org,613-631-6016x692,Female,2000-12-26,2025-07-30
C006254,Natalie,Davis,millerashley@example.net,960.786.1807x99263,Male,1974-05-13,2024-10-25
C006255,Gary,Weber,kjones@example.net,6867004247,Male,1973-11-21,2025-07-11
C006256,Megan,Cox,juanlowery@example.com,596.837.9269,Female,1961-04-29,2025-12-25
C006257,Jeffrey,Barnes,downslori@example.com,2099533734,Male,1940-12-21,2023-11-21
C006258,Patty,Stevens,matthewnguyen@example.net,447.246.7657x4786,Female,1998-09-17,2025-06-23
C006259,Jared,Woods,roberta79@example.org,430-317-6009x8535,Female,2007-08-25,2023-03-23
C006260,Bruce,Walker,carsonandrew@example.org,294-839-5888,Male,1964-06-10,2024-06-22
C006261,James,Nelson,williamsonmolly@example.com,001-794-596-6464,Male,1958-04-27,2024-09-10
C006262,Chad,Rodriguez,phillipsjason@example.org,518-836-3730x222,Male,1980-06-16,2022-01-20
C006263,Joshua,Baker,millerlaura@example.net,310-295-8747x77622,Female,1988-04-19,2022-09-14
C006264,Sara,Gates,contrerassteven@example.com,399-568-6068x397,Male,1980-11-19,2024-07-11
C006265,Nicole,Kline,nicolewebb@example.com,991.612.7430x114,Male,1974-09-09,2025-11-11
C006266,Heather,Manning,ucarroll@example.org,4219734797,Male,1983-06-01,2023-01-16
C006267,Melissa,Sanchez,rosemcintyre@example.net,571.555.5618x8962,Female,1956-09-03,2024-04-24
C006268,John,Clark,wdavidson@example.com,642.547.4502x44671,Male,1977-07-20,2023-05-09
C006269,Jennifer,Duffy,hensonsydney@example.org,(877)305-3161,Male,1981-06-18,2023-06-15
C006270,Krystal,Edwards,nbaker@example.net,8038641233,Female,1957-10-13,2025-06-13
C006271,Chad,Stone,grace38@example.net,+1-419-543-4593x1764,Male,1950-10-04,2022-09-13
C006272,Marissa,Sims,lopezryan@example.net,(372)778-1420,Female,1957-03-04,2026-02-09
C006273,Mary,Weiss,george15@example.com,637.288.3081x0044,Male,1981-02-22,2023-09-19
C006274,Daniel,Quinn,travisgay@example.net,001-639-475-9875x29208,Female,1965-06-28,2026-04-14
C006275,Robert,Weiss,pdavies@example.org,276.509.3366,Female,1963-08-01,2022-03-21
C006276,Brian,Austin,shellynolan@example.net,(875)902-9287,Male,1942-10-01,2022-05-10
C006277,Susan,Morris,lstewart@example.com,+1-772-342-9852x31229,Female,1983-12-22,2026-05-12
C006278,Scott,Gaines,jglass@example.com,861-360-2966x153,Female,1937-10-03,2022-06-14
C006279,Connor,Medina,gutierrezsandra@example.net,001-273-946-5242x326,Male,1965-06-26,2023-11-29
C006280,Kathryn,Dixon,morgan27@example.com,001-670-255-9585x8917,Male,1981-08-09,2021-08-18
C006281,Sarah,Nguyen,david43@example.org,(451)925-1820,Male,1993-10-12,2023-01-16
C006282,Yvonne,Oconnell,dlynch@example.net,916.341.3995x4107,Male,1936-12-03,2023-06-03
C006283,Marcus,Lee,mcdonaldzachary@example.org,(621)209-5089x3989,Male,1997-07-21,2025-04-09
C006284,Amber,Nguyen,michael79@example.org,235-283-0577,Female,1998-06-17,2025-07-02
C006285,Jason,Olson,christophergibson@example.com,+1-348-907-3459x0758,Male,1975-06-07,2023-01-22
C006286,Christopher,Patton,tbarber@example.com,9483170457,Female,1983-07-30,2024-01-19
C006287,Colleen,Robinson,randykline@example.org,+1-564-450-3468,Male,1993-08-07,2022-02-21
C006288,David,Ochoa,hendersonrichard@example.org,(357)730-8896x47603,Female,1935-07-16,2024-05-12
C006289,Cynthia,Alvarez,qowen@example.net,(274)885-3625x4730,Male,1972-03-21,2024-10-29
C006290,Stanley,Brown,stevenlewis@example.org,(589)210-5196x56926,Male,1984-08-09,2022-09-01
C006291,John,George,jocelynharris@example.com,572-790-8193x444,Male,1966-06-22,2022-10-04
C006292,Eric,Clarke,jamiethomas@example.com,+1-307-518-2111x978,Female,1961-08-17,2022-03-02
C006293,Natalie,Brown,nicolehardin@example.net,5783441661,Male,1966-12-27,2024-03-29
C006294,Patricia,Jennings,amyarmstrong@example.net,841-617-2632x61753,Female,1935-09-24,2022-12-20
C006295,Briana,Gross,jasondavis@example.com,8135600787,Male,1990-12-03,2026-05-23
C006296,Laura,Thomas,gmoore@example.org,(305)705-0709,Male,2008-06-16,2025-04-24
C006297,Marissa,Collins,adam61@example.net,(464)830-8865,Male,1973-01-06,2025-03-31
C006298,Lori,Krause,robert23@example.net,+1-595-742-7582x0865,Male,1984-04-11,2024-03-27
C006299,Christopher,Wheeler,kristinamcintosh@example.org,5886486239,Female,1994-03-15,2023-07-03
C006300,Mary,Haynes,jessica35@example.net,842.764.2037,Male,2006-03-13,2026-05-02
C006301,Tammy,Bridges,iflores@example.org,(910)515-7645x5296,Male,1964-11-08,2022-08-25
C006302,Nicole,Reyes,alexander37@example.net,224.680.6832x040,Female,1951-12-20,2025-04-25
C006303,Lisa,Wolf,driley@example.com,001-966-227-9386x9199,Male,2005-12-07,2024-07-21
C006304,Mark,Friedman,evansrachel@example.com,814-741-5386,Female,1976-03-24,2025-06-15
C006305,Samantha,Lowe,dannywilliams@example.org,263-696-4421,Female,1951-06-28,2021-11-18
C006306,William,Montgomery,connie35@example.org,539-579-9377,Female,1973-07-29,2021-09-30
C006307,David,Miles,johnwright@example.net,780.558.9279x6520,Male,1963-05-28,2024-04-09
C006308,Mary,Poole,nicholas99@example.net,2768079576,Female,1973-04-03,2025-11-15
C006309,Denise,Brown,greenjeanette@example.com,586.824.3107x70083,Female,1943-01-05,2021-09-04
C006310,Wayne,Meyer,pamela94@example.org,+1-919-912-7672x68070,Male,2004-03-16,2026-01-02
C006311,Tamara,Douglas,rodneypeters@example.com,+1-377-672-1245x6007,Male,1937-10-02,2025-12-03
C006312,Christina,Cook,thorntonmatthew@example.com,+1-526-530-1143,Male,1935-09-26,2024-06-12
C006313,Michelle,Skinner,kristen72@example.net,001-625-336-8837x90688,Female,1946-03-08,2025-10-05
C006314,Tony,Curry,holdertanya@example.org,597-523-0352x4617,Female,1985-01-26,2024-05-09
C006315,Megan,Olsen,jennifer14@example.net,+1-272-632-5552x1878,Female,2000-09-30,2025-08-15
C006316,Daniel,David,uross@example.net,423-969-4501x84106,Female,1956-12-25,2022-02-06
C006317,Christopher,Harding,frankdean@example.net,(895)381-7097x3613,Male,1980-02-17,2022-06-25
C006318,Heather,Potts,mruiz@example.net,702-932-0755x0613,Female,1955-11-10,2021-12-08
C006319,Jennifer,Nelson,brandon50@example.com,470-812-3990x584,Female,1997-08-19,2025-03-24
C006320,Veronica,Hall,ghood@example.com,(700)432-1976,Female,1955-10-03,2023-06-05
C006321,Amanda,Lindsey,dale41@example.com,(899)366-4650,Male,1955-01-30,2024-03-11
C006322,Gary,Ruiz,moniqueross@example.net,+1-624-316-4732x59068,Female,1954-08-12,2025-02-25
C006323,Misty,Ellis,davidgomez@example.com,982-447-3625x68145,Female,1959-01-08,2021-10-24
C006324,Joshua,Moore,michael89@example.com,5557440723,Female,1942-03-01,2023-11-02
C006325,Charles,Walker,timothyperez@example.com,001-707-810-8973x1996,Male,1967-10-08,2025-02-02
C006326,Carrie,Stephenson,martinezjennifer@example.net,787.556.3220x3611,Male,2004-09-02,2026-03-02
C006327,Jennifer,Stephens,schmidtkathleen@example.org,001-541-247-9240x9044,Female,1974-12-23,2026-06-13
C006328,Sabrina,Martinez,zwolf@example.org,9786625508,Male,1941-03-19,2024-01-03
C006329,Angela,Holmes,jholloway@example.com,(900)507-5560,Male,1967-09-25,2024-06-29
C006330,Rebecca,Berry,ashleyjames@example.org,345.595.1935x375,Male,2006-04-14,2023-04-29
C006331,Kevin,Jensen,perkinsangela@example.net,7695934994,Male,2007-06-18,2024-11-30
C006332,James,Miller,mitchellrobinson@example.net,(307)687-5875x3187,Female,1941-12-03,2024-06-21
C006333,Mary,Santiago,yolanda96@example.org,262.451.9007x96558,Male,1939-07-31,2023-12-14
C006334,Sharon,Johnson,jamessanders@example.com,(896)758-7463,Male,1967-04-17,2025-10-23
C006335,Olivia,Carpenter,diane02@example.org,759-999-5537x268,Male,1989-12-07,2026-07-03
C006336,Abigail,Harris,briannajohnson@example.net,+1-747-917-0252,Female,1994-06-04,2023-01-27
C006337,Veronica,Brown,nicholaskelley@example.com,001-831-288-9486x9048,Female,1945-07-26,2023-02-26
C006338,Lori,Williams,michael45@example.com,(614)853-9547,Male,1966-06-03,2024-10-09
C006339,Jennifer,Wagner,johnathanstark@example.org,823.860.9411x501,Male,1994-02-10,2026-03-21
C006340,William,Hammond,kaitlintorres@example.org,(443)295-9379,Male,1943-09-30,2022-11-23
C006341,Marcia,Dunn,angelcarroll@example.net,+1-731-946-3108x903,Male,1978-05-16,2024-01-25
C006342,Suzanne,Mann,pcrosby@example.org,+1-823-922-3067,Male,2004-02-18,2022-05-08
C006343,Brian,Harris,yhouston@example.com,+1-601-891-1672,Female,2003-12-02,2023-06-18
C006344,Wendy,Williams,theodore67@example.org,(630)449-9787x7540,Female,1995-08-09,2021-11-08
C006345,Carl,Sanchez,ddavidson@example.net,+1-352-528-8462x74896,Male,2000-09-06,2022-11-23
C006346,Chris,Riley,meredithjohnson@example.com,(625)476-1138x0919,Male,1999-07-14,2023-06-17
C006347,Ronald,English,houstonashley@example.org,563-943-6919x064,Female,1980-03-29,2025-06-27
C006348,Jerry,Dennis,castillomonica@example.net,+1-702-751-8500x1963,Male,1941-07-24,2024-07-24
C006349,Matthew,Anderson,jennifer49@example.org,+1-685-434-6337x059,Female,1969-12-30,2025-07-04
C006350,Holly,Hardy,janicebullock@example.org,(585)903-6718,Female,1999-07-31,2021-09-22
C006351,Heather,Braun,jessica21@example.com,+1-400-546-7107x175,Female,1937-04-14,2024-02-25
C006352,James,Farley,angiethomas@example.com,793-341-5164,Female,1942-06-02,2023-10-28
C006353,Nicolas,Alvarado,amberjohnson@example.net,(884)673-2561,Female,1946-01-24,2025-11-16
C006354,Jacqueline,Hahn,christian61@example.org,862-264-4441,Male,1965-12-22,2023-06-29
C006355,James,Caldwell,wallacejames@example.com,(799)224-8782,Female,1958-07-04,2024-08-26
C006356,Vanessa,Holland,hobbsbenjamin@example.com,241-783-2940,Male,1963-05-08,2022-04-29
C006357,David,Watkins,ronaldbrown@example.net,(270)933-7262x075,Female,1964-02-18,2024-03-13
C006358,William,Green,stewartlori@example.org,850-864-4613x48111,Male,1991-09-24,2024-05-22
C006359,Jennifer,Rogers,joseph19@example.com,(552)797-7873,Male,1995-06-22,2021-08-15
C006360,Jason,Garcia,patrickfigueroa@example.net,705.490.8419,Male,1942-08-20,2025-03-05
C006361,Megan,Washington,ojensen@example.com,542.947.1417x502,Male,2001-05-23,2024-03-23
C006362,Lauren,Clark,emilywright@example.org,382-695-9730x043,Female,1939-06-25,2021-10-11
C006363,Jennifer,Sanders,twalton@example.net,001-901-527-4852,Male,1940-06-02,2025-01-24
C006364,Mary,Taylor,wbraun@example.net,001-440-275-5730x56444,Male,1938-04-26,2022-11-20
C006365,Shannon,Martinez,joelhill@example.net,941-802-3882x517,Female,1967-03-30,2022-07-10
C006366,Rhonda,Medina,franklindaniel@example.org,+1-313-995-2788x6159,Male,1967-05-03,2023-10-16
C006367,Michael,Lopez,beasleypaul@example.org,326-994-9799x13095,Female,1989-05-15,2025-03-21
C006368,Patricia,Jones,kimberlymelendez@example.org,+1-538-371-0999x93787,Female,1992-03-19,2024-11-16
C006369,Mary,Martin,jenniferwhite@example.org,565.895.3013x7068,Female,1977-04-21,2023-12-28
C006370,Robert,Henderson,alexander62@example.com,668.460.0321x361,Male,1979-02-04,2025-10-14
C006371,Nicholas,Jimenez,zachary97@example.com,209.586.6510,Male,1963-12-11,2024-07-19
C006372,Robert,Taylor,lori63@example.net,(327)863-6289x67478,Male,1998-09-02,2022-01-05
C006373,Melissa,Higgins,leonard83@example.com,8696192921,Male,1996-02-10,2022-10-22
C006374,Amy,Taylor,mooneydouglas@example.net,(307)891-6024x1028,Female,1965-04-03,2023-06-18
C006375,Ruth,Moran,devinhart@example.com,001-979-756-5904x1328,Female,1994-07-01,2022-08-13
C006376,Anne,Bush,clarkian@example.com,(701)824-8046x90685,Female,2005-05-22,2024-06-28
C006377,Aaron,Jackson,mallorytaylor@example.net,001-312-545-7492x394,Male,1969-05-20,2023-08-01
C006378,Sarah,Brown,christopher44@example.com,001-400-784-9155x88816,Female,1946-07-08,2026-03-09
C006379,Caleb,Martinez,xking@example.org,001-845-776-6247x5699,Female,1945-03-19,2022-07-23
C006380,Kenneth,Shields,brandonanderson@example.net,+1-956-484-9641,Male,1940-05-07,2022-08-18
C006381,Kevin,King,lhawkins@example.org,(484)271-1680,Male,1998-09-05,2022-12-30
C006382,Corey,Brown,jason05@example.com,228-475-2314,Male,1947-03-07,2023-11-12
C006383,Dana,Mitchell,scottashley@example.net,374.352.9780,Male,1935-11-23,2023-11-28
C006384,Andrew,Allen,hjones@example.org,+1-258-754-0804x555,Male,1975-09-15,2022-10-27
C006385,Christopher,Smith,johnsonmichael@example.com,(557)923-4419,Female,1958-07-06,2021-08-22
C006386,Sheri,Baker,gbrown@example.net,(709)589-7996x209,Male,2007-06-27,2023-11-13
C006387,Justin,Johnson,xsanders@example.net,226.837.2438x8050,Male,1994-09-09,2025-12-23
C006388,Kimberly,Gray,lisa05@example.net,(243)402-2123x964,Female,1964-12-21,2025-11-01
C006389,Jeffrey,Andrews,stewartashley@example.org,386-855-8292x3648,Female,1979-05-25,2025-09-10
C006390,Kayla,Smith,mccarthyshawn@example.net,001-946-424-1921x4541,Female,1998-06-17,2025-04-28
C006391,Maria,Carr,pbowman@example.org,001-890-802-7187x316,Female,1964-02-09,2025-07-09
C006392,Sheila,Berger,michaelrasmussen@example.net,(969)542-4794x897,Female,1949-07-29,2026-05-19
C006393,Michelle,Gonzalez,jessica67@example.com,831.916.1830x513,Male,1990-03-06,2025-02-05
C006394,Susan,Ingram,courtney40@example.com,+1-886-504-6539x7507,Female,1976-09-06,2026-07-01
C006395,Laura,Ortiz,qspence@example.com,+1-467-225-7844x59538,Female,2000-05-29,2025-12-08
C006396,Parker,Williams,dianecastillo@example.net,(613)923-4614x732,Male,1961-08-24,2025-06-13
C006397,Lisa,Campbell,coxrhonda@example.com,+1-933-371-0926x745,Male,1979-06-30,2026-05-12
C006398,Warren,Yang,peggy94@example.org,8185234051,Male,2003-02-25,2022-02-02
C006399,Amanda,Garza,virginiajensen@example.com,+1-767-670-2611,Female,2005-06-26,2022-06-11
C006400,Savannah,Martinez,charleskent@example.org,+1-254-614-9735x7016,Female,1987-06-28,2024-05-12
C006401,Joanne,Padilla,sharon21@example.com,+1-276-923-6048x7147,Male,2003-10-08,2024-11-02
C006402,Tonya,Smith,cynthiasmith@example.org,3656078642,Male,1970-07-06,2024-09-05
C006403,Tyler,Gomez,ashleysmith@example.net,001-344-275-3897x47639,Female,1982-12-21,2025-03-07
C006404,Jason,Sanchez,reynoldsthomas@example.org,001-392-697-2013x7151,Male,1938-06-23,2022-02-05
C006405,Christopher,Boyd,mackenzie35@example.org,801-926-1866x819,Male,1996-05-31,2024-02-12
C006406,Mark,Smith,adrianadams@example.net,(555)213-4239,Male,2003-07-22,2024-01-25
C006407,Megan,Scott,rose98@example.org,001-660-590-6904x01635,Female,1986-04-12,2024-03-15
C006408,Michael,Baker,rachel12@example.com,293.654.9953x0279,Male,2001-10-10,2025-05-29
C006409,Maria,Lane,dthompson@example.org,5837204372,Male,1963-06-11,2024-02-09
C006410,Matthew,Stevens,diane51@example.com,+1-581-419-6537,Female,1995-02-21,2025-08-10
C006411,Jennifer,Williams,rachel98@example.org,533.288.5746x43417,Female,1981-01-19,2023-04-07
C006412,Duane,Reeves,matthewjohnson@example.org,001-788-363-6705,Male,1938-08-02,2024-09-25
C006413,Dillon,James,robertsdevin@example.net,+1-516-545-7914x413,Male,2004-09-17,2024-03-02
C006414,Ashley,Lee,bryan91@example.org,508-519-4599x26775,Male,1989-04-23,2021-12-13
C006415,George,Mills,julie29@example.net,(820)776-7276,Male,1951-12-24,2026-04-12
C006416,Theresa,Colon,john02@example.net,7047121547,Male,1953-10-08,2023-04-12
C006417,Hunter,Esparza,joshuareed@example.com,(682)902-3214x1926,Female,1948-02-23,2023-04-26
C006418,Stephen,Harris,emily29@example.net,277-905-9372,Female,1968-05-25,2026-06-13
C006419,John,Lambert,tonya15@example.com,+1-353-743-4358x39618,Male,2008-05-20,2023-08-01
C006420,Charles,Bryant,david78@example.org,001-677-677-2664,Male,1986-04-23,2026-06-11
C006421,Kathleen,Castillo,jessica46@example.com,001-758-645-2767x1966,Male,1974-01-18,2021-09-20
C006422,Douglas,Khan,gdiaz@example.org,(970)555-9650x65774,Male,1946-10-05,2021-07-20
C006423,Veronica,Rogers,xguerrero@example.com,366.579.9587x78929,Female,1973-11-06,2024-04-23
C006424,Rachel,Walker,dillonmark@example.org,8052285730,Female,1939-05-19,2025-04-13
C006425,Parker,Harrington,bbaker@example.com,(341)551-3056,Female,1996-06-12,2025-07-27
C006426,Alexis,Cox,monicawalsh@example.com,330-622-2917,Male,1967-08-24,2023-11-25
C006427,Thomas,Bird,terrancereynolds@example.net,203-858-5753x27091,Male,1949-09-20,2024-08-01
C006428,Mark,Waters,sheiladixon@example.org,(571)931-3546,Female,1986-12-01,2026-06-03
C006429,Timothy,Reyes,david55@example.org,791-397-4729x143,Male,1958-11-14,2025-06-01
C006430,Dustin,Cunningham,michaelrodriguez@example.com,001-377-653-2001,Male,2000-10-11,2024-08-08
C006431,Charles,Marquez,richard91@example.org,(431)538-3243x003,Female,2005-10-04,2025-08-04
C006432,Tara,Cooper,aaron53@example.org,4506914468,Male,1939-05-05,2025-09-13
C006433,Sara,Smith,nallen@example.com,692.617.3109x3817,Male,1962-06-04,2026-01-23
C006434,John,Alexander,michaelcox@example.org,3108127625,Female,1942-05-11,2022-12-14
C006435,Samuel,Mcintyre,donnawilson@example.com,(738)476-5101x804,Male,1944-06-09,2022-04-28
C006436,Lisa,Ryan,jennyyoung@example.org,8384678508,Male,1961-07-22,2024-12-02
C006437,Brittany,Smith,ricardojohnson@example.org,001-572-447-6775x705,Male,1936-07-08,2026-06-20
C006438,Jesse,White,joancastro@example.com,948-756-6090x50120,Male,1939-04-04,2023-04-08
C006439,John,Hernandez,collinsrobert@example.org,(734)621-7582x34772,Male,1987-05-04,2022-04-19
C006440,Melanie,Frank,thomasbrandon@example.com,(747)438-6575x555,Male,2004-01-03,2024-12-27
C006441,Mark,Atkins,kevinparsons@example.org,(350)334-5564,Female,1992-09-15,2026-04-15
C006442,Jessica,Wilson,annhaney@example.org,283-914-3872,Female,1939-05-22,2025-01-09
C006443,Jessica,Esparza,goodwinthomas@example.net,682.420.1895x636,Female,2001-07-26,2026-03-06
C006444,Michael,Blevins,ewilliamson@example.net,234.828.8518x717,Female,1967-10-17,2023-05-14
C006445,Crystal,Davenport,sarahbennett@example.org,917.520.0151x163,Male,1942-02-20,2025-10-19
C006446,Margaret,Mitchell,psandoval@example.org,+1-928-350-7443x6899,Female,1975-05-27,2023-08-29
C006447,Mark,Martinez,tylercraig@example.org,813.663.1324x643,Female,1985-07-21,2023-07-14
C006448,Joshua,Henry,johnsthomas@example.org,(291)890-2850x457,Male,1995-10-09,2023-10-07
C006449,Jason,Franco,clyons@example.net,(694)341-8598x397,Female,1946-01-07,2026-04-08
C006450,Courtney,Little,hinesjames@example.org,(766)405-0404x38940,Female,1997-07-12,2021-11-24
C006451,Kelly,Garcia,tammyrobinson@example.com,370.462.9965,Male,1983-04-23,2025-12-03
C006452,Sophia,Adams,jacksonricardo@example.com,(480)340-2378,Female,1986-05-28,2025-02-25
C006453,Douglas,Fry,anne26@example.com,+1-449-535-5419x811,Female,1948-09-22,2026-01-26
C006454,Kelly,Ward,dalton20@example.org,(383)531-7595x6571,Female,1996-07-10,2025-03-30
C006455,Sandra,Taylor,otaylor@example.org,(845)458-2841,Male,1936-10-22,2023-09-27
C006456,Ricky,Yoder,peter47@example.org,(203)660-2810x87790,Female,1968-10-03,2024-05-03
C006457,Dylan,Blankenship,wlee@example.net,(703)232-8650x0882,Female,1983-03-05,2023-03-29
C006458,Victor,Williams,nelsongregg@example.org,001-621-527-0888x29815,Female,1950-05-08,2025-04-25
C006459,Edwin,Turner,daniel45@example.net,984-304-9126x8270,Female,1997-10-23,2024-03-30
C006460,Dawn,Carr,pwhite@example.net,(969)490-9500x925,Male,1940-05-04,2023-10-12
C006461,Leslie,Joseph,jacob92@example.com,+1-399-804-0700x29605,Male,1984-08-19,2021-10-09
C006462,Tara,Martin,rmurray@example.net,+1-746-977-9655x113,Male,1973-07-17,2023-06-06
C006463,Dawn,Olsen,jessica79@example.com,673.447.6460x3137,Female,1935-08-04,2026-05-13
C006464,Lauren,Mckenzie,willischeryl@example.org,(263)314-2007x951,Female,1941-08-04,2022-02-26
C006465,Daniel,Shah,jeffrey84@example.org,213-838-0114x82702,Male,1959-05-28,2022-04-21
C006466,Sonia,Jennings,youngmaurice@example.org,630-681-4344x664,Male,1968-02-26,2022-05-12
C006467,Stephen,Mcgrath,asanders@example.net,365-256-7708x828,Male,1955-01-31,2026-04-19
C006468,Colleen,Goodman,sarah15@example.com,+1-274-969-4082x96818,Female,1958-07-04,2022-06-29
C006469,Victoria,Rodriguez,bryansmith@example.net,3633839723,Male,1939-03-26,2022-01-09
C006470,Robert,Holt,michael01@example.org,284.482.0047x4765,Male,1954-06-19,2021-08-04
C006471,Adam,Fletcher,smithsusan@example.net,(881)758-1495,Male,1964-03-01,2024-10-01
C006472,Alexander,Mata,wlarson@example.net,(693)916-2449,Female,1955-02-14,2022-02-05
C006473,David,Ward,jdavis@example.org,(289)428-7193,Male,1950-06-15,2024-03-04
C006474,Keith,Ward,xgomez@example.com,(394)664-9890,Male,1949-05-10,2024-01-09
C006475,Amy,Reynolds,changdonna@example.net,001-930-821-3156,Male,1985-11-16,2024-07-10
C006476,Erik,Dougherty,toddlucas@example.org,+1-701-681-2673x903,Female,1978-04-23,2025-06-06
C006477,Barry,Lopez,piercecarly@example.net,001-973-741-7334x384,Female,1958-05-19,2025-10-17
C006478,Andrea,Cooper,tiffany41@example.com,878-343-2941x582,Male,2008-06-17,2023-08-14
C006479,Sally,Kelley,owright@example.com,001-737-592-8453x76097,Male,1965-11-08,2024-12-03
C006480,Samantha,Bird,zriggs@example.com,001-714-346-5502,Female,1967-05-01,2021-11-15
C006481,Taylor,Mejia,mariobryant@example.com,239.814.7914x509,Female,1983-03-03,2022-02-05
C006482,Robert,Briggs,amyyates@example.net,2772787704,Female,1937-08-27,2021-07-15
C006483,David,Wilson,smcdowell@example.org,610.903.0748x76106,Male,1945-12-14,2026-06-07
C006484,Leah,Alvarado,xrosales@example.org,847-728-9777x8099,Male,1941-04-23,2023-10-06
C006485,Micheal,Keller,paul00@example.org,+1-552-579-5176x2792,Female,1987-12-18,2022-03-14
C006486,Jason,White,ngonzalez@example.com,001-908-658-6853x2191,Female,2000-01-21,2022-09-10
C006487,Anne,Brown,brandoncollins@example.org,239-762-2523x545,Male,1951-07-09,2026-05-28
C006488,Joseph,Fisher,coreyanderson@example.org,669.548.6987,Female,2004-01-12,2025-12-05
C006489,Mark,Rhodes,twilliams@example.org,9342581964,Female,1986-07-05,2023-06-12
C006490,Theresa,Glover,bwillis@example.net,(391)554-2200x473,Female,1989-01-26,2025-12-21
C006491,Sandra,Green,harrismiranda@example.com,(695)717-1568,Male,2004-06-23,2024-01-15
C006492,David,Booth,rward@example.com,(344)743-6467x484,Female,1995-04-20,2023-11-26
C006493,Ricky,Stein,sparker@example.org,5517643098,Male,1948-09-03,2026-04-13
C006494,Tristan,Adams,nicole30@example.com,+1-415-575-0014x7792,Male,1997-04-22,2026-04-29
C006495,Brittney,Gaines,heatherhowe@example.com,4815051922,Male,1937-06-25,2022-09-12
C006496,April,Clark,jennifervasquez@example.org,+1-494-964-8845,Male,1952-08-27,2026-05-25
C006497,Nicholas,Scott,uglover@example.org,001-546-671-1707x61991,Female,1972-08-20,2025-09-12
C006498,Scott,Davis,jill87@example.net,361.870.2418,Female,1993-07-01,2022-09-21
C006499,Timothy,Butler,david97@example.com,+1-967-402-5212,Female,1986-09-29,2022-06-04
C006500,Ethan,Jones,michaeljohnson@example.com,999.433.1051x9524,Female,1965-12-29,2021-08-03
C006501,Barbara,Mathis,robert87@example.net,904-636-1123x5163,Female,1996-11-27,2024-01-14
C006502,Nancy,Edwards,anthonymack@example.org,(600)386-6171x604,Female,1974-09-28,2025-06-17
C006503,Amy,Ortega,jjohnson@example.net,407-631-2860x40156,Female,1980-03-13,2021-12-14
C006504,Sylvia,Bailey,joan81@example.org,(610)693-1365,Male,1970-09-07,2023-07-11
C006505,Richard,Walker,stephensshane@example.com,245-321-7892,Male,1973-12-07,2024-06-01
C006506,Michael,Morgan,webbbarbara@example.net,820-445-7014,Female,1942-12-15,2024-09-28
C006507,Tara,Estrada,qmoore@example.net,+1-705-883-8988x78891,Male,1939-02-23,2026-03-05
C006508,Amy,Foster,valeriegould@example.net,2826914793,Female,2001-09-03,2023-07-09
C006509,Tyler,Frey,harrisonanthony@example.net,491.280.8292,Female,2004-08-06,2026-02-24
C006510,Craig,Patel,davenportoscar@example.net,(237)980-3115x275,Male,1988-02-27,2022-02-20
C006511,Melissa,Mosley,qgoodwin@example.net,926.663.1164x962,Female,1959-08-27,2021-07-11
C006512,Kiara,Cooper,yrivera@example.org,(289)661-8052,Male,1984-11-29,2026-01-05
C006513,Nicole,Blackwell,robinsonkari@example.com,9528763250,Male,1959-09-18,2022-08-29
C006514,Alicia,Matthews,douglasscott@example.com,625-838-4095,Male,1967-12-31,2021-12-12
C006515,David,Baker,chill@example.com,(883)714-0834x44613,Male,1981-07-31,2023-03-08
C006516,Lisa,Espinoza,jon65@example.com,+1-526-561-7812x0632,Female,1940-09-06,2024-07-17
C006517,Eugene,Brown,mrobinson@example.net,001-798-288-1487,Male,1979-12-05,2023-06-17
C006518,Theresa,Mendoza,hansonpaul@example.net,6509330977,Female,1980-08-25,2026-04-10
C006519,Brian,Foley,ramirezpaul@example.net,+1-222-317-3739x67353,Male,1996-01-21,2023-10-29
C006520,Andrea,Phillips,jrodriguez@example.net,5345171182,Female,1981-06-12,2022-06-29
C006521,Debra,Bryan,edwardsalexander@example.net,705.263.0693x6730,Female,1976-05-19,2024-07-28
C006522,Thomas,Fisher,taylorbarbara@example.com,6295913540,Male,1952-01-13,2021-12-15
C006523,William,Taylor,douglaslauren@example.com,+1-214-995-0223x5095,Male,1954-01-09,2023-03-27
C006524,Luke,Giles,millerdanielle@example.com,+1-354-763-0673x71532,Female,1963-08-18,2025-03-12
C006525,Tony,Watson,rebecca58@example.net,(263)286-6047x1540,Female,1965-11-24,2024-02-29
C006526,Rita,Bailey,dillon85@example.com,329.902.5045,Male,1999-12-22,2025-12-30
C006527,Clayton,House,msuarez@example.org,001-514-722-1402x395,Male,1955-11-22,2024-03-19
C006528,Jason,Kelley,dominiqueschmidt@example.org,723-801-9465,Male,2003-09-30,2025-10-02
C006529,Jessica,Campbell,phillipsrebecca@example.com,360.942.9854x271,Female,1989-10-24,2022-10-23
C006530,Kevin,Bennett,glenn04@example.org,001-595-509-4998,Female,1967-08-29,2025-01-12
C006531,Kevin,Hayes,eric15@example.com,911.529.6255,Male,1966-04-12,2023-10-05
C006532,Michael,Sullivan,ckelly@example.net,(418)674-2406x70581,Male,1980-06-18,2026-07-05
C006533,Michelle,Murphy,christinamartinez@example.com,+1-998-664-8406x867,Male,2008-06-25,2024-07-15
C006534,Derek,Jackson,iryan@example.org,737-649-7610,Female,1937-12-20,2023-03-03
C006535,Charles,Vargas,pjackson@example.com,668.757.4606,Male,2000-10-18,2026-01-17
C006536,Regina,Garcia,danderson@example.net,477-607-3161x188,Female,1980-03-14,2025-11-06
C006537,Tony,Mitchell,qbishop@example.com,+1-369-922-6327x784,Female,2000-11-27,2022-05-13
C006538,Nicholas,Thompson,jamesgregory@example.com,658-926-1671x28502,Male,1979-12-14,2022-04-10
C006539,Frank,Foster,qsoto@example.net,476-473-1671,Male,1958-11-27,2022-06-20
C006540,Elizabeth,Orr,vcain@example.com,7139777858,Male,1955-06-18,2026-01-01
C006541,Charles,Mason,wmiller@example.com,+1-274-876-3648x499,Male,1982-11-25,2023-12-10
C006542,Michelle,Roberts,bpatterson@example.com,(867)305-1780x98830,Female,1971-02-15,2022-01-13
C006543,Gary,Garcia,carterrachel@example.net,+1-997-792-9793x8486,Male,1970-07-24,2021-09-25
C006544,Sarah,Hall,chall@example.org,(919)909-4717,Female,1976-04-28,2022-07-22
C006545,Justin,May,fgentry@example.net,619-580-9142,Male,1971-12-03,2022-10-20
C006546,Aaron,Vega,colemanjonathan@example.net,001-901-246-3066x627,Female,2002-05-29,2024-07-16
C006547,Michael,Stevens,marycrawford@example.org,(285)423-2266,Male,1966-11-21,2025-12-09
C006548,Donald,White,ariana21@example.com,929-754-2219x171,Male,1994-08-01,2022-12-04
C006549,Jeffery,Salazar,plawrence@example.com,001-366-804-1908x3377,Female,1978-04-09,2022-11-24
C006550,Danielle,Davis,rwilliams@example.net,(722)774-0479,Male,1961-02-09,2023-01-10
C006551,Courtney,Davis,davidstevens@example.net,+1-638-534-1486x12554,Male,1950-07-21,2023-05-20
C006552,Amanda,Lin,carlos28@example.org,+1-907-876-3723x890,Male,1973-10-21,2026-03-22
C006553,Ashley,Murphy,browntracy@example.com,8934296033,Male,1950-10-23,2023-07-13
C006554,Justin,Wells,kellycook@example.com,(507)205-9998x28206,Male,2005-04-17,2024-04-12
C006555,Emily,Gibson,burtonnancy@example.net,890-207-3018x7454,Female,1948-09-22,2024-08-01
C006556,Daniel,Powell,darren72@example.com,001-252-731-5786x149,Female,1982-04-21,2023-03-18
C006557,Andrea,Smith,johnsongarrett@example.net,562.595.4786,Female,1981-08-17,2021-10-21
C006558,Cheryl,Perez,christopher12@example.com,369.270.1368,Male,1982-05-30,2026-06-06
C006559,Jennifer,Ryan,nli@example.com,986.780.3906,Male,1952-09-19,2022-04-30
C006560,Kelly,Smith,tblair@example.org,+1-267-439-6706x976,Male,2004-11-08,2022-11-22
C006561,Lauren,Meyer,stewartarthur@example.com,+1-589-228-4849x10990,Male,2006-07-09,2026-03-09
C006562,Meredith,Higgins,jimmy39@example.net,(702)543-8709x581,Female,1998-01-02,2026-02-12
C006563,Melissa,Tyler,bhernandez@example.net,+1-461-649-9586x1426,Female,2003-03-08,2021-07-10
C006564,Jared,Watson,rodriguezpamela@example.org,474.624.1816,Male,1991-08-12,2023-06-04
C006565,Robert,Boone,melissawilson@example.com,(929)237-6891x3185,Female,1974-05-07,2023-04-03
C006566,Brian,Williams,bsanchez@example.net,(739)680-4457,Female,1995-11-22,2022-06-17
C006567,Antonio,Anderson,cwolfe@example.org,+1-633-517-3260x0827,Male,1943-04-20,2021-12-03
C006568,Darrell,Leblanc,onealdavid@example.org,+1-501-969-7888x6348,Male,1998-01-28,2026-06-11
C006569,Gloria,Adams,ywalker@example.org,+1-575-692-9375x030,Female,1937-11-05,2021-10-21
C006570,Miguel,Franklin,dstrickland@example.net,294-462-5057x70885,Female,1980-12-28,2026-06-16
C006571,Tammie,Burnett,williamsjohn@example.net,249.799.1141x17272,Male,2008-05-31,2025-09-07
C006572,Sean,Caldwell,wwright@example.com,5284294372,Male,1978-07-30,2025-02-17
C006573,Alexa,Mcmillan,edwinhanna@example.net,+1-653-739-1572x929,Female,1967-08-23,2022-02-10
C006574,Christian,Gray,xrodriguez@example.net,001-776-734-1775x255,Female,1952-11-07,2024-11-08
C006575,Stephanie,Mccarthy,gerald27@example.org,(671)359-3958x42172,Male,1966-08-16,2024-10-26
C006576,Cole,Salas,smithlisa@example.org,667.274.3528x789,Female,1959-12-18,2021-10-15
C006577,Sherri,Austin,martincharles@example.org,545-739-4952x94711,Female,1972-06-17,2023-05-02
C006578,Jasmine,Harris,christopherdavis@example.org,+1-614-657-8709x98914,Female,1996-05-19,2026-07-06
C006579,Ann,Watkins,iclark@example.com,757-286-6677,Male,1955-06-11,2025-01-06
C006580,Maria,Bautista,bhancock@example.org,9172951172,Female,1965-06-07,2023-11-13
C006581,Todd,Stone,josephfoster@example.net,(410)472-9615x5910,Female,1979-10-12,2024-12-19
C006582,Paul,Olson,dianewalker@example.net,+1-960-488-3009,Male,1958-03-21,2022-01-23
C006583,Laura,Stevenson,ricky04@example.net,351-858-8877,Female,1953-04-01,2023-12-20
C006584,Jessica,Shaw,stephaniesims@example.org,746.215.7346,Female,2002-11-15,2021-11-07
C006585,Kyle,Mosley,angelasmith@example.com,682.694.7464,Male,1957-08-03,2021-09-20
C006586,Jennifer,Wagner,valenciakenneth@example.net,851.959.5425x9009,Female,1969-04-28,2023-06-17
C006587,Brandon,Martin,david33@example.com,863-311-3993,Male,2006-09-13,2023-04-02
C006588,Michael,Stevenson,nicholas80@example.net,(206)784-7959x3033,Female,1951-06-22,2023-03-02
C006589,Kimberly,Williams,eugene83@example.net,5505019568,Female,1967-02-11,2024-02-13
C006590,Beth,Brown,larryflores@example.com,(901)909-7152,Female,1970-10-05,2023-04-17
C006591,Patrick,Shaw,john23@example.org,720-273-1576x68800,Male,1998-11-09,2022-03-07
C006592,Crystal,Crawford,bvazquez@example.net,+1-575-633-1465x724,Female,2002-07-16,2025-02-09
C006593,Michael,White,phillipsashley@example.net,001-668-325-2633,Male,1954-09-08,2025-07-11
C006594,Donna,Garza,connie32@example.com,+1-754-586-7757x63088,Female,1963-09-24,2025-02-09
C006595,Kaitlyn,Anderson,gomezjason@example.com,576-351-3569,Male,2005-01-18,2022-08-25
C006596,Christopher,Harrison,cwatkins@example.org,820-524-3229,Female,1989-08-14,2024-05-17
C006597,April,Watson,ronald12@example.org,(510)387-0181x18262,Female,1962-06-05,2024-06-22
C006598,Omar,Boyer,martinnicholas@example.com,001-940-702-3836x7859,Female,1996-07-10,2024-03-22
C006599,Carol,Fischer,tammytaylor@example.com,6275965070,Female,1959-03-25,2021-07-31
C006600,Aaron,Sparks,nfarmer@example.com,571.609.4672x481,Female,1960-04-20,2024-08-03
C006601,Michael,Rios,rodriguezandrew@example.com,+1-370-832-2637x4933,Female,1974-09-08,2024-11-05
C006602,John,Lawrence,nguyenkristen@example.com,+1-873-449-4832,Male,1996-11-24,2025-07-19
C006603,Leonard,Oneill,tylerfox@example.org,398.789.3676,Female,1991-02-25,2025-04-01
C006604,Tanya,Cooper,davismark@example.net,652.703.0405x507,Male,1960-11-08,2024-05-30
C006605,Brandy,Kemp,michelle35@example.com,865.719.2080,Female,1991-08-10,2024-07-23
C006606,Robert,Larsen,millerdaniel@example.net,001-655-217-0510,Female,1977-03-20,2025-12-31
C006607,Melissa,Mcpherson,jeremy91@example.org,635.259.3721,Male,1959-01-07,2024-04-12
C006608,Christian,Rivers,lisaharrison@example.org,6677696992,Male,1947-09-09,2025-01-12
C006609,Monica,Reed,lisahansen@example.com,+1-319-983-9391x280,Male,1951-01-25,2024-05-11
C006610,Isabella,Henry,billyharrell@example.net,986-390-5800x27098,Female,1997-11-10,2023-07-09
C006611,Tyler,Rangel,reillykyle@example.net,8652476871,Female,1992-05-12,2026-01-06
C006612,Sharon,Mayer,scottwood@example.com,893.694.4404,Male,1980-11-04,2023-03-13
C006613,Shawn,Meza,scarlson@example.org,(991)904-3602x853,Male,1991-09-30,2026-05-09
C006614,Rodney,Long,arobinson@example.org,(817)926-7680x50278,Female,1951-12-12,2026-04-08
C006615,Jeff,Cox,kennethbenson@example.com,001-751-562-4058x428,Male,1980-10-30,2024-03-02
C006616,Theresa,Wise,wilsonlaura@example.com,(627)252-5841,Male,1936-04-27,2024-09-18
C006617,Marco,Clark,emily62@example.net,+1-412-513-6575x15612,Male,1988-03-05,2022-10-28
C006618,Billy,Bray,emily55@example.org,(849)789-9683x17862,Male,1988-11-27,2026-06-24
C006619,Brian,Wilkerson,jonesanthony@example.net,001-398-278-6748x49518,Male,1979-04-25,2024-08-25
C006620,Nancy,Hendricks,wheelerlynn@example.net,915-216-1019,Male,1935-12-05,2025-05-29
C006621,Colin,Carrillo,susan05@example.com,+1-653-911-7667,Male,1981-06-12,2021-11-05
C006622,Kathleen,Garcia,michaelmorris@example.com,593.841.7284x17984,Female,1983-03-30,2026-03-08
C006623,Michael,Roman,emily95@example.org,360.259.0907,Female,1988-08-29,2025-04-08
C006624,Wendy,Simmons,kelly94@example.org,+1-823-223-7119x279,Male,1955-03-09,2022-08-23
C006625,Susan,Chambers,gobrien@example.org,001-628-510-1277x746,Male,1953-12-08,2023-09-25
C006626,Christine,Martin,rdickson@example.com,+1-268-582-8010x31755,Female,1988-05-20,2023-10-29
C006627,Sean,Morgan,jason69@example.com,+1-346-963-0536x00768,Female,1938-03-14,2024-01-13
C006628,Douglas,Taylor,thomascrystal@example.com,+1-376-303-6369,Female,1969-09-02,2024-09-19
C006629,Joseph,Colon,hernandeztimothy@example.org,766.799.0043,Female,1962-11-28,2026-05-21
C006630,John,Moreno,parknathan@example.com,+1-395-696-7655x95768,Female,1985-08-04,2022-07-14
C006631,Troy,Mcknight,jmurray@example.org,923-799-0791x35157,Male,2003-09-30,2024-08-01
C006632,Christopher,Fry,eparker@example.org,(812)619-0173x5278,Female,1967-12-30,2023-08-11
C006633,Michael,Palmer,pleonard@example.net,(962)853-8568x625,Male,2007-10-22,2025-05-20
C006634,Betty,Graham,ekelly@example.com,+1-999-413-9408x39241,Male,1947-01-21,2025-05-15
C006635,Jennifer,Chambers,wjohnson@example.org,(346)500-4255,Female,1978-08-30,2025-04-12
C006636,Stephen,Tate,ismith@example.org,276-543-2802,Male,1965-05-03,2026-03-28
C006637,Alejandra,Reid,sweeneywesley@example.org,+1-584-373-7875x97782,Female,1961-06-07,2021-10-24
C006638,Robin,Carpenter,joshuasherman@example.com,293.697.7187x064,Male,1965-04-07,2025-07-01
C006639,Joshua,Jones,obanks@example.net,739-330-8157x914,Female,1944-02-15,2022-11-05
C006640,Nicole,Shaw,josephrichardson@example.net,+1-925-959-6305x5995,Male,1995-03-25,2023-07-17
C006641,Maria,Evans,angela84@example.com,598.408.6437x12655,Female,1996-08-10,2026-06-17
C006642,Corey,English,hernandezalexander@example.org,(770)922-0157x924,Female,2001-04-24,2023-09-09
C006643,Catherine,White,finleyjonathan@example.net,920-443-2387,Male,2000-08-01,2025-10-28
C006644,John,Carroll,johnhernandez@example.net,422.502.4785x43181,Female,1961-09-09,2024-09-12
C006645,Christopher,Rogers,david46@example.org,568-542-3205,Female,1969-07-03,2022-06-13
C006646,Brandy,Smith,kevinyoung@example.org,+1-494-249-5517x01149,Male,1981-07-13,2025-03-01
C006647,Jordan,Young,jennifer13@example.net,(571)743-1536,Male,1941-12-14,2025-06-12
C006648,Kimberly,Robbins,sarawhite@example.org,001-484-726-3099,Female,1996-01-07,2024-01-29
C006649,Mary,Miller,lammichael@example.org,+1-693-828-2468,Female,1994-09-06,2023-04-27
C006650,Laura,Hopkins,shall@example.com,+1-284-759-6358x8304,Female,1957-12-25,2024-03-18
C006651,Jaclyn,Sanders,ihenry@example.org,(538)336-4911x2422,Female,1947-10-31,2023-01-17
C006652,Ryan,Gonzalez,heather26@example.net,250.600.1660x19819,Female,1974-01-24,2026-05-26
C006653,Tonya,Burch,joshuahahn@example.org,543-578-1922x149,Female,1940-10-23,2025-06-11
C006654,Manuel,Jones,angelafernandez@example.org,001-374-342-1011x0684,Male,1955-04-01,2026-01-28
C006655,Sandra,Doyle,amendoza@example.org,001-625-768-2398x47571,Male,1957-04-21,2022-08-03
C006656,Timothy,Fleming,ianpratt@example.org,979-525-3248,Female,1987-10-24,2023-08-03
C006657,John,Price,nancy50@example.com,001-623-210-7721,Male,2002-11-11,2024-08-07
C006658,Philip,Cooper,karenlewis@example.net,2625354839,Male,1951-01-03,2021-07-16
C006659,Kenneth,Johnson,amydiaz@example.net,(501)858-1230x942,Male,1950-05-21,2026-05-16
C006660,Robert,Freeman,gcampos@example.com,436-941-0634x22823,Female,1988-01-31,2024-01-05
C006661,Stephanie,Nichols,nweiss@example.net,001-461-351-6216,Female,1980-03-01,2022-05-30
C006662,Ryan,Carrillo,sherri75@example.org,001-426-964-9694,Female,2007-11-28,2022-09-28
C006663,Michael,Moore,christine39@example.org,+1-915-400-1540x37536,Female,1961-06-27,2022-12-14
C006664,Dana,Russell,danielcrawford@example.net,593-851-7736,Male,1988-09-03,2023-07-28
C006665,John,Guerrero,qrosario@example.com,483-298-7272x6852,Male,1979-10-17,2023-12-04
C006666,Rebecca,Munoz,otownsend@example.com,+1-478-388-0211x553,Male,1937-01-09,2022-03-05
C006667,Wendy,Jones,richard86@example.com,001-858-257-7220,Male,1975-04-09,2021-11-28
C006668,Henry,Wallace,lindseyduncan@example.org,925-952-4379x0433,Female,1948-06-17,2024-07-07
C006669,Emily,Vaughn,brittneyorr@example.com,449.796.6457,Male,1941-07-27,2022-01-30
C006670,Elizabeth,Armstrong,kcox@example.org,668.232.1512x3545,Female,1948-01-16,2021-12-26
C006671,Pamela,Townsend,sschroeder@example.net,+1-731-629-0702x4136,Male,1949-01-05,2026-03-22
C006672,Ronald,Cook,michele08@example.net,+1-216-593-5944x03541,Female,1993-08-14,2023-12-24
C006673,Victoria,Smith,kevinochoa@example.com,590-395-1606,Male,1935-10-26,2024-09-16
C006674,Diane,Fletcher,shanerobinson@example.org,311.862.2415,Male,1997-04-25,2023-04-22
C006675,Shannon,Harris,schultzkristen@example.net,+1-871-543-9727x72718,Male,1982-09-02,2025-12-29
C006676,Joshua,Montoya,abigailberg@example.net,001-428-899-8823x9120,Male,1941-10-06,2022-01-25
C006677,Matthew,Jones,ryan38@example.org,001-385-213-6220x581,Female,1939-01-22,2025-04-12
C006678,William,Fisher,thompsondavid@example.org,001-637-288-9884x37499,Male,1970-11-20,2023-12-10
C006679,Kelly,Anderson,millerdaniel@example.net,(854)919-4409,Male,1998-05-27,2025-08-12
C006680,Rachel,Wright,hwall@example.org,376-832-7152x21202,Male,1990-08-02,2022-02-01
C006681,Carolyn,Atkinson,benjaminross@example.net,427.466.0574x47498,Male,1979-05-01,2023-12-28
C006682,Michael,Ross,brandon83@example.org,3323260263,Female,1962-06-29,2023-10-29
C006683,Manuel,Harris,jasongarrison@example.org,(782)280-1181x87874,Male,2004-05-31,2026-02-12
C006684,Lawrence,Nelson,cynthia55@example.com,+1-775-746-4114x060,Male,1935-10-09,2023-08-12
C006685,Robert,Strickland,wwatson@example.com,(536)779-9878,Male,1981-11-27,2021-08-10
C006686,Sean,Hayes,xwilliams@example.net,(985)486-4866x91432,Male,1975-09-01,2022-08-26
C006687,Cynthia,Thompson,billylee@example.net,(801)351-6170x425,Male,1957-08-24,2025-06-09
C006688,Nicole,Johnson,david68@example.net,(761)349-1563,Male,1975-05-24,2022-05-05
C006689,Leslie,Garcia,turnermichael@example.org,+1-809-800-3982x8779,Female,1993-05-13,2023-01-27
C006690,Heather,Ewing,hcarter@example.net,001-492-344-3082x907,Female,2003-11-12,2025-06-09
C006691,Danielle,Joseph,ijohnson@example.org,586.259.8671x754,Male,1970-02-26,2025-06-24
C006692,Cheryl,Smith,kathleen36@example.com,473.503.1279,Male,1996-12-18,2022-09-22
C006693,Theresa,Montgomery,richardslarry@example.org,875-229-1226,Female,1960-12-08,2025-12-29
C006694,Emily,Oconnell,mariahowell@example.com,296-981-5257,Female,1945-03-20,2026-03-15
C006695,Natasha,Shields,wrobinson@example.org,001-457-859-3262x6759,Male,1939-07-26,2023-12-12
C006696,Pedro,Santos,rachelstevens@example.net,+1-822-915-7129x40711,Male,2007-06-02,2024-05-09
C006697,Angela,Morrison,elizabethbell@example.org,+1-787-343-2629x338,Male,2003-03-24,2025-01-18
C006698,Christina,Cardenas,cathy92@example.net,(789)843-4435x0428,Female,1992-01-02,2024-12-20
C006699,Stephen,Garcia,zsimpson@example.com,001-208-768-2545x38344,Female,1960-07-06,2023-08-29
C006700,Anthony,Smith,gordonharold@example.net,+1-700-274-3132x06712,Female,1955-02-08,2025-12-28
C006701,Nancy,Lee,steven14@example.org,9065670737,Male,1942-02-18,2025-05-31
C006702,Corey,Wheeler,kingcraig@example.com,(673)712-6802x37288,Male,1958-10-20,2025-04-04
C006703,Michael,Warner,jeffreyreed@example.com,+1-354-539-4192x0593,Female,1946-05-01,2026-01-07
C006704,William,Neal,charlesdavid@example.com,+1-521-482-7079,Female,1995-05-01,2025-05-30
C006705,Jesus,Palmer,sarahdouglas@example.com,+1-201-402-0498x1808,Female,1987-06-29,2026-01-20
C006706,Jessica,Camacho,deniserojas@example.org,(233)538-8392x497,Male,1940-10-18,2024-05-12
C006707,Timothy,Barron,toddfranklin@example.com,4295144384,Female,2002-06-06,2023-01-15
C006708,Andrea,Smith,nicholas98@example.com,(467)305-3794,Female,1987-01-24,2024-07-27
C006709,Eugene,Taylor,vbeck@example.org,999-589-5297x637,Male,1946-01-20,2022-01-15
C006710,Todd,Butler,cgross@example.com,001-736-465-9318x6785,Male,1981-03-17,2025-01-06
C006711,Anthony,Torres,hernandeznathan@example.com,209-549-6899,Female,1960-07-22,2023-12-08
C006712,Raymond,Nelson,whitecharles@example.org,(517)622-2633,Male,1948-05-03,2026-03-31
C006713,Jesus,Ross,diamondtaylor@example.net,345-940-2734x93470,Female,1956-02-23,2025-07-14
C006714,Daniel,Williams,nicolecross@example.net,771-617-2436,Female,1994-07-01,2025-12-19
C006715,Dustin,Roberson,briandavis@example.org,001-630-590-9207x9926,Male,1991-11-27,2025-08-08
C006716,Ray,Holland,melissafrost@example.com,001-681-693-5223,Male,1978-10-02,2022-07-13
C006717,Randy,Ramos,egarner@example.com,825.305.2951,Female,1946-07-24,2024-09-27
C006718,Raymond,Marshall,iross@example.net,383.368.3973x85421,Female,1947-09-04,2025-06-15
C006719,Jose,Sanchez,ramirezapril@example.com,(691)283-9377,Male,1939-09-19,2021-07-07
C006720,Kathryn,Barry,samuel38@example.net,804.277.7608x55368,Female,1982-06-12,2024-03-13
C006721,Sean,Conley,bweeks@example.org,252.268.4569,Female,1964-02-07,2023-04-06
C006722,Robert,Johnson,amy30@example.net,3854099058,Male,1976-02-11,2026-02-10
C006723,Daniel,Harrell,carl38@example.com,204.606.7638x8333,Male,1956-01-30,2022-10-14
C006724,Justin,Hensley,qfarmer@example.com,9603034952,Male,1990-05-27,2025-11-26
C006725,Victoria,Blake,norristabitha@example.net,+1-803-368-2943x8097,Male,2001-09-13,2024-09-28
C006726,Steven,Simon,carrollmadeline@example.org,9139979662,Male,1982-06-09,2022-10-07
C006727,Vanessa,Hall,dawn51@example.org,731-742-4812,Female,1997-02-07,2022-02-18
C006728,Charles,Riley,castrodarlene@example.org,309-606-5391x69413,Male,1938-07-08,2024-07-15
C006729,Nicole,Parks,roberto30@example.net,(532)355-1027x23207,Female,1957-08-18,2026-01-09
C006730,Jennifer,Gordon,qcarlson@example.org,+1-921-662-3523,Female,1993-08-11,2021-10-13
C006731,Robert,Lawson,joshua98@example.net,001-313-953-1432x8122,Female,2008-06-27,2021-09-17
C006732,Robert,Foley,brian97@example.com,576-916-2270,Female,1977-09-08,2025-11-15
C006733,Steven,Morrison,carlsongeorge@example.net,376.433.8224,Female,1965-10-19,2024-12-07
C006734,Paul,Day,tara29@example.com,+1-432-617-5608x53887,Female,1979-09-08,2025-02-19
C006735,Mary,Harrison,christybeasley@example.org,4803196482,Female,2007-09-06,2022-05-06
C006736,Allison,Smith,garciahenry@example.org,2649126531,Female,1998-12-22,2025-08-04
C006737,Erica,Bradley,hintonkenneth@example.net,866-656-9131x05998,Female,1977-12-31,2022-03-07
C006738,Michael,Green,stevenjohnson@example.org,393-474-7684x56437,Female,1965-09-23,2021-08-18
C006739,Jacqueline,Michael,wilcoxjulie@example.com,424.616.2021x67907,Female,2006-08-21,2024-03-13
C006740,Heather,Jones,abbottmichael@example.net,(305)772-8990x435,Male,1938-11-21,2025-03-25
C006741,Christina,Forbes,rwilliams@example.net,782.500.1994x91682,Female,1935-10-10,2023-04-30
C006742,Joshua,Perez,jameshancock@example.net,560.991.9176,Female,1971-09-23,2024-06-06
C006743,Michelle,Obrien,gracejackson@example.org,+1-380-904-6192x456,Male,1960-12-25,2023-01-17
C006744,Kyle,Larson,acruz@example.org,(728)515-0870,Male,1960-06-16,2024-08-16
C006745,Michael,Ferguson,qtaylor@example.org,(432)301-1838,Male,1937-10-02,2021-09-03
C006746,Kylie,Potter,williamsvictoria@example.net,+1-364-600-9843x75933,Male,1968-03-03,2023-04-30
C006747,Angela,Lawson,hahnjessica@example.com,875.670.8068x952,Female,1977-03-27,2022-06-21
C006748,Barbara,Gutierrez,gina91@example.com,001-281-555-7131x08170,Male,1941-11-11,2026-04-14
C006749,Michael,Saunders,zacharyhughes@example.com,402-550-8048x4072,Male,1938-04-16,2026-06-09
C006750,David,Elliott,stevenoneill@example.com,(317)560-5610,Male,2000-10-17,2025-09-16
C006751,Jason,Wiggins,smithzachary@example.org,(200)513-9686,Female,1989-10-01,2023-09-24
C006752,Melanie,Watson,cobbteresa@example.com,001-544-561-7748x7634,Female,1962-12-23,2023-08-29
C006753,Robert,Shelton,johnsonadam@example.com,501-683-2713,Female,1951-09-24,2022-08-07
C006754,Kelly,Delgado,zrusso@example.net,(539)520-9229x678,Male,1964-08-02,2021-10-09
C006755,Thomas,Williamson,alisonmerritt@example.net,(471)410-3720x5869,Male,1994-03-10,2021-11-13
C006756,Brian,Shepherd,jennifer90@example.com,712.221.7257x8521,Female,1951-10-12,2021-10-05
C006757,Debra,Morrison,smithmegan@example.net,408.591.7633x6681,Male,1962-11-26,2025-08-01
C006758,Michaela,Walker,lowerobert@example.com,983.752.2572x086,Male,2005-05-07,2025-02-20
C006759,Cameron,Simpson,scooley@example.org,+1-743-459-0795x4141,Male,1966-05-26,2022-08-15
C006760,Gregory,Hernandez,cookmiranda@example.net,261.291.8154,Male,1985-10-27,2023-08-21
C006761,Alexandria,Anderson,jocelyn64@example.com,883.741.3607,Male,1936-09-03,2023-08-11
C006762,Jennifer,Henry,leedavila@example.net,4302252402,Female,2008-05-13,2024-04-30
C006763,Madeline,Rodriguez,paul23@example.com,669-369-6053x9058,Male,1968-01-29,2022-05-24
C006764,Jacqueline,Craig,deanna94@example.org,(592)278-2400,Female,1950-10-24,2022-08-19
C006765,Zachary,Bell,diane00@example.net,001-929-209-0895,Female,1937-02-27,2026-02-28
C006766,William,Johnson,joel95@example.com,722-775-1429x4352,Female,1956-11-29,2024-05-29
C006767,Jeffrey,Williams,enguyen@example.org,470.224.2199,Female,1993-10-01,2023-01-09
C006768,Mark,Joseph,anthonyduran@example.org,557.201.2137x5692,Female,1970-06-05,2023-08-24
C006769,Douglas,White,humphreynicholas@example.com,352-309-6586,Female,1951-10-22,2025-04-06
C006770,Thomas,Mullins,jonathanramirez@example.org,(692)708-3514,Male,1942-02-17,2023-04-23
C006771,Tiffany,Cummings,emilyhopkins@example.com,2739770063,Female,1948-09-18,2023-11-05
C006772,Meagan,Cole,kdaniels@example.com,(715)864-0584,Female,1973-01-02,2023-11-13
C006773,April,Bell,vholder@example.com,+1-602-685-1837x245,Male,1962-12-03,2023-02-01
C006774,Kelsey,Farley,michael33@example.net,(689)890-6486x7024,Female,1949-10-16,2025-05-03
C006775,Rodney,Sanders,matthewhicks@example.net,(890)686-8236x38060,Male,1938-12-25,2026-04-20
C006776,Jill,Leon,johnsondorothy@example.org,885.793.8493,Male,2008-02-24,2024-05-29
C006777,Chelsey,Wall,millerjennifer@example.com,2154418710,Female,1980-02-24,2022-12-22
C006778,Cassandra,Jenkins,xrobinson@example.org,962-924-6735x66013,Male,1984-02-07,2022-01-24
C006779,Michelle,Bowen,toddcoleman@example.com,565.406.8877,Male,2004-01-31,2026-04-17
C006780,Sarah,Jones,brookserika@example.net,4319123694,Male,1975-10-28,2026-05-13
C006781,Antonio,Green,taylordonna@example.com,961.482.2480x2039,Female,1956-01-29,2023-02-09
C006782,Eric,Wilson,gsimpson@example.net,9309285499,Male,1944-06-09,2026-05-13
C006783,Kelsey,Mathews,eduardoward@example.net,843.658.1658x196,Male,1961-02-06,2025-12-11
C006784,Robyn,Patterson,smithhannah@example.org,797.289.6833x774,Female,1970-02-14,2025-07-29
C006785,John,Jackson,wilsonhannah@example.org,001-206-347-2542x3067,Female,1951-04-11,2023-11-02
C006786,Tim,Pratt,smithsamuel@example.org,466.534.7571x90392,Male,1970-03-17,2021-09-10
C006787,Mark,Morse,greerkelli@example.com,931.686.7095,Male,1996-05-19,2023-07-06
C006788,Nicholas,White,adrian16@example.com,646.392.2375x539,Male,1950-10-22,2025-09-30
C006789,Sherri,Hall,rcollins@example.org,228-772-9244,Female,1944-02-25,2024-01-30
C006790,Sharon,Hoffman,kevin45@example.net,(665)994-4104x18757,Male,2004-12-05,2024-08-14
C006791,Lucas,Wood,cruzemily@example.org,001-557-235-1958x8179,Female,2007-06-24,2026-03-24
C006792,Sara,Ford,rodneymccormick@example.org,001-767-556-4214x55621,Male,1976-03-26,2022-07-15
C006793,Matthew,Morris,jessica88@example.org,+1-247-590-9959,Female,1965-07-17,2023-08-12
C006794,Maria,Campbell,carolinewilliams@example.net,(871)720-1617x74727,Female,1958-12-01,2024-10-10
C006795,David,Phillips,rosejones@example.net,301.419.7704,Male,1998-03-03,2022-09-08
C006796,Nicholas,Garrett,dannymorgan@example.org,446-832-7098,Female,1996-11-24,2023-03-28
C006797,Michael,Guerra,hurleymegan@example.net,546.364.7722x2838,Female,1959-11-28,2022-09-12
C006798,William,Vaughn,soniakim@example.org,8962852490,Male,1987-12-30,2025-11-30
C006799,Perry,Carter,garywilkinson@example.com,991.551.5264x58079,Female,1943-06-26,2025-05-21
C006800,Kurt,Harris,lanceking@example.org,001-585-210-2592x520,Male,1992-12-09,2024-02-26
C006801,Rebecca,Kemp,nicholsonpamela@example.com,(918)760-2536x827,Male,2002-05-28,2022-10-29
C006802,Carrie,Mahoney,samantha15@example.net,001-401-414-7089x678,Male,1967-04-11,2024-10-13
C006803,Jessica,Herman,anthony47@example.net,908-410-0821x51837,Female,1940-01-17,2021-09-14
C006804,Heather,Ramirez,glenda52@example.org,001-760-841-1909x869,Female,1976-07-27,2022-05-19
C006805,Eric,Clark,dbrooks@example.net,911.623.5148x26028,Male,1956-10-02,2023-08-21
C006806,Nicholas,Beard,youngkatherine@example.com,269-316-6703,Female,1967-04-24,2023-10-07
C006807,Jonathan,Mccarthy,ophillips@example.com,992-438-9834x01240,Female,1935-12-16,2022-01-04
C006808,Shawn,Thomas,djohnson@example.com,611-536-7273,Female,1970-05-22,2022-02-26
C006809,Nicole,Harvey,eric76@example.net,606.441.7778,Male,1942-06-15,2023-01-15
C006810,Jose,Sutton,eramirez@example.org,297.620.5330x097,Female,1962-11-21,2023-03-24
C006811,Nicole,Palmer,loganrebecca@example.net,4725182723,Male,1999-08-09,2022-07-18
C006812,Andrew,Gilmore,stephen13@example.org,460.714.4343,Male,1941-03-14,2022-01-01
C006813,Bryan,Morales,samuel62@example.com,+1-404-866-6646x36299,Female,1946-02-17,2026-02-10
C006814,Angela,Flores,timothy16@example.net,(749)300-9839,Male,1954-02-17,2024-04-14
C006815,Hector,Gray,alicia73@example.com,+1-686-432-6872x885,Female,1967-12-24,2025-12-10
C006816,Susan,Williams,montgomeryrobert@example.com,483-805-4057x9351,Female,2006-01-04,2022-02-05
C006817,Kevin,Thomas,paigelutz@example.com,4066979411,Male,2001-04-19,2024-09-05
C006818,Alison,Patrick,jaclynmoore@example.net,793.498.4991x974,Female,1951-12-05,2025-06-08
C006819,Lisa,Doyle,lyonsrobert@example.org,821-785-7342,Female,1943-05-20,2025-07-31
C006820,Angelica,David,taylorzachary@example.com,263.420.1379x4676,Female,1936-04-04,2023-02-18
C006821,Antonio,Morris,powelljames@example.org,430-972-2085x0230,Male,1977-05-08,2025-06-01
C006822,Ariel,Smith,heidicameron@example.org,662-496-3759x250,Female,1966-02-20,2024-03-22
C006823,Nathan,Lowe,david11@example.net,902-379-1200,Female,1974-01-10,2025-09-26
C006824,Edward,Smith,vegaryan@example.net,735.390.3055x805,Male,1952-01-24,2026-02-05
C006825,Cynthia,Ibarra,ssmith@example.com,+1-717-740-3605x16005,Female,1992-08-31,2023-09-07
C006826,Amanda,Green,smithdonald@example.net,707.313.3666x091,Female,2006-05-09,2022-05-28
C006827,Susan,Morse,stephen99@example.com,479.329.9599x78736,Female,1970-03-28,2025-02-20
C006828,Julia,Johnson,clarksarah@example.com,(719)508-0773x041,Male,2001-06-08,2026-05-07
C006829,Angela,Duke,emilypark@example.net,803-205-2138x787,Female,1964-05-25,2024-06-27
C006830,Alison,Grant,amberevans@example.org,6118042066,Male,1996-04-24,2022-01-16
C006831,Jacob,Sharp,pramirez@example.net,2364281865,Male,1969-03-23,2024-08-07
C006832,John,Mckee,williamsmiranda@example.org,(426)273-5711x434,Female,1969-06-28,2024-03-23
C006833,Kelly,Parks,caroline72@example.com,001-937-413-3189,Male,1973-12-28,2021-07-24
C006834,Michelle,Bradley,oking@example.com,984.849.0685x448,Male,1947-07-31,2023-08-20
C006835,Sara,Nichols,johnsonbenjamin@example.com,001-965-745-5301x6791,Female,1989-08-30,2021-11-07
C006836,Edward,Chambers,pennybrown@example.org,(211)328-7131,Male,1959-11-23,2026-01-19
C006837,Kristina,Campbell,obrady@example.net,+1-420-479-1210,Female,1946-06-29,2022-03-25
C006838,Christopher,Casey,john47@example.net,759-465-6089x500,Male,1995-06-10,2024-07-08
C006839,William,Wilson,morrisemily@example.org,(982)512-4629x0329,Female,1965-02-22,2022-10-30
C006840,Jill,Thomas,howens@example.org,476.452.8469,Male,1958-06-07,2023-07-04
C006841,Melissa,Campbell,hperez@example.com,(427)250-7732x6901,Male,1938-06-09,2023-12-31
C006842,Alexandra,Carpenter,burnettjeremy@example.com,648-692-9171x28114,Male,1996-10-12,2025-12-11
C006843,Victor,Rose,nallen@example.net,(979)570-7898x80691,Female,1992-12-16,2025-12-21
C006844,Steven,Hill,george26@example.org,+1-314-227-9731x164,Male,1983-03-22,2024-02-21
C006845,Adrienne,Hernandez,hgeorge@example.net,001-708-554-7458x7792,Female,1937-04-04,2023-10-11
C006846,Vanessa,Davis,kramermark@example.net,001-824-260-6175x8443,Male,1938-07-31,2024-10-13
C006847,Rita,Taylor,shenderson@example.net,485.451.5218,Male,1985-05-28,2025-09-26
C006848,Brenda,Hudson,nancyhawkins@example.com,529.339.9490,Male,1990-08-06,2025-05-25
C006849,Hailey,Rush,vtrevino@example.org,001-282-646-9861x067,Male,1977-05-20,2024-01-17
C006850,Tracy,Gutierrez,vanessaowens@example.org,640-528-5313,Female,1985-10-08,2023-10-21
C006851,Sarah,Acevedo,matthewsbenjamin@example.net,001-742-260-7846x924,Female,1968-01-12,2024-10-02
C006852,Monique,Evans,ruizmatthew@example.net,(529)290-3954x24213,Female,1946-10-14,2025-07-18
C006853,Stephanie,Benjamin,riveramichele@example.com,001-924-634-5847x42571,Male,1955-08-28,2024-12-17
C006854,David,Rodriguez,pschwartz@example.org,322.507.1480,Male,1939-11-16,2025-02-07
C006855,Scott,Gomez,donna78@example.net,001-225-214-6130x0611,Female,1935-10-20,2024-02-21
C006856,Daisy,Parsons,paul55@example.com,729-704-6057,Female,2004-05-30,2022-12-13
C006857,Tonya,Villa,michaelmurray@example.net,697.235.4285,Female,2000-10-22,2021-07-13
C006858,Jason,Zhang,rodriguezfelicia@example.org,9458386827,Female,1951-02-24,2024-08-24
C006859,Heather,Barnes,griffinamber@example.net,(897)237-2519x7086,Female,1945-01-27,2025-11-21
C006860,Frances,Green,ronald77@example.net,001-545-741-5438x1042,Female,1980-07-12,2022-07-23
C006861,Karen,Holmes,mjones@example.net,292-216-7228x85860,Female,1977-09-13,2023-12-13
C006862,Charles,Ortiz,awilliams@example.com,(359)380-0106x363,Male,1988-07-19,2026-05-20
C006863,Michael,Brown,kellybaker@example.com,+1-784-734-2241x75403,Male,1973-11-15,2026-02-05
C006864,Erica,Reynolds,coletracy@example.net,+1-259-426-0798x58392,Male,1968-01-07,2023-07-08
C006865,Jaime,Lee,stewartjason@example.net,9629118017,Female,1940-06-02,2022-05-03
C006866,Samantha,Munoz,jasmine62@example.net,646-363-4436x822,Male,1962-05-06,2026-06-24
C006867,Brittany,Johnson,fsanchez@example.org,(927)331-3264x2068,Female,1977-06-22,2025-08-26
C006868,Ebony,Chen,taylor90@example.com,001-252-501-7929,Female,1937-03-11,2024-09-11
C006869,Connie,Reed,zdavis@example.net,832.751.6581,Female,1943-03-25,2023-09-08
C006870,Monica,Bailey,nancy28@example.com,001-622-866-2210x07468,Male,1955-09-23,2026-03-19
C006871,Sophia,Haley,hernandezamanda@example.org,830-491-5674,Male,1954-05-30,2026-03-15
C006872,James,Powers,gramos@example.com,001-364-486-2295x735,Male,1972-07-04,2021-11-25
C006873,David,Brown,adamchan@example.net,001-710-303-0683x40962,Male,1991-05-06,2026-05-24
C006874,Jennifer,Gonzalez,perezrichard@example.net,001-237-463-7237x5656,Female,1997-04-20,2026-06-19
C006875,Christopher,Campbell,wendy41@example.com,200-802-1368,Female,1979-08-01,2023-07-11
C006876,Dana,Bennett,davidmarshall@example.net,+1-537-216-1904x3568,Female,1937-08-17,2021-10-05
C006877,Dawn,Martin,ugarcia@example.net,+1-510-865-7171x690,Female,1988-02-11,2024-11-30
C006878,Catherine,Gallagher,mgraham@example.org,+1-575-688-9357,Male,1986-06-11,2024-04-10
C006879,Michelle,Cooper,elliottcody@example.com,+1-219-994-3694x16973,Female,1997-10-04,2023-07-01
C006880,Gregory,Ross,harryflores@example.net,001-280-770-7245x98013,Female,2007-01-11,2021-12-22
C006881,Angela,Hall,steven60@example.net,522.607.3206x5813,Male,1959-06-01,2024-04-29
C006882,Melissa,Santos,steelechelsea@example.com,001-368-561-8210x1449,Male,1968-05-14,2025-06-29
C006883,Jonathan,Calhoun,maxwellwilliams@example.net,788-283-4110,Female,1997-02-18,2022-07-11
C006884,Roberta,Porter,patricia76@example.org,+1-760-555-7294x51153,Female,1936-08-31,2025-07-09
C006885,Michael,Bowers,juan76@example.com,001-269-211-2423x5915,Female,2006-05-21,2022-07-14
C006886,Leslie,Pace,rosstammy@example.net,+1-312-529-2170x7142,Male,2004-10-28,2026-06-27
C006887,Jesus,Powell,bpetty@example.com,(307)575-4143,Male,1937-08-31,2022-04-13
C006888,Mindy,Anderson,lmccann@example.net,419.637.5845,Male,1974-03-06,2024-11-26
C006889,Michael,Porter,patrick81@example.com,733.496.4853x0575,Female,1971-03-06,2022-01-30
C006890,William,Cook,khopkins@example.org,+1-803-978-6231,Male,2006-08-31,2024-04-03
C006891,Christopher,Garcia,george53@example.net,522.831.7830x23586,Female,1951-03-14,2022-05-05
C006892,Larry,Richardson,mcculloughashley@example.org,524.345.7141x838,Female,1953-03-03,2026-05-08
C006893,Benjamin,Williams,harveyashley@example.net,(714)609-7120,Female,1971-05-22,2023-06-06
C006894,Steven,Bishop,parkertiffany@example.com,(524)274-8564,Female,2002-12-31,2023-12-22
C006895,Rita,Carpenter,dawsonanne@example.com,368-467-7742,Male,1970-01-16,2025-02-18
C006896,Ashley,Delgado,kkline@example.com,(419)529-3609x65043,Female,1985-05-14,2025-04-30
C006897,Stacey,Hicks,hurleyjoseph@example.net,(432)587-6717,Male,1996-03-30,2024-04-17
C006898,Rachael,West,wfrazier@example.net,950-297-5097x8737,Female,1956-07-05,2022-10-26
C006899,Jessica,Lewis,dana36@example.net,631-449-6113,Female,1971-06-05,2021-10-05
C006900,Laura,Kim,tdavis@example.org,+1-557-422-9979x064,Male,1989-06-12,2023-02-27
C006901,Kelly,Anderson,samanthariley@example.net,650-550-3891,Female,2006-09-22,2024-06-28
C006902,Tonya,Hernandez,simmonsangela@example.org,2698145524,Female,1964-10-31,2023-03-03
C006903,Laura,Morgan,pbass@example.org,001-764-982-5224x7995,Female,1946-09-05,2024-08-20
C006904,Seth,Davenport,whitesteven@example.com,(616)595-8946x7924,Male,1993-11-14,2025-04-03
C006905,Melissa,Turner,reynoldsemily@example.org,(735)982-0444,Male,1953-12-08,2021-11-05
C006906,Krystal,Lawrence,williamsjonathan@example.net,343-381-1183,Male,1980-07-17,2024-04-06
C006907,Mario,Thompson,jacksonjesus@example.org,528.264.0366,Female,1965-08-08,2021-07-13
C006908,Scott,Willis,michaelhansen@example.org,324-563-8045,Female,1950-12-02,2021-08-21
C006909,Lisa,Keller,ravenhill@example.net,864-411-8625x086,Male,1985-07-23,2025-09-06
C006910,Lauren,Patel,nathanielstevens@example.net,843-966-1361,Male,1998-07-08,2025-05-25
C006911,Charles,Frazier,calvin07@example.com,001-214-373-3444x1108,Male,1973-04-21,2023-05-03
C006912,Isabella,Mccormick,lparrish@example.net,+1-283-702-3773x962,Male,1945-05-13,2025-11-17
C006913,Dana,Ortiz,nicole51@example.net,001-699-376-1122x6186,Female,1984-12-05,2024-03-20
C006914,Misty,Haas,sarahfitzgerald@example.org,6468498667,Female,1988-04-24,2023-08-01
C006915,Janet,Williams,bellclinton@example.net,+1-228-592-1761x5799,Female,1962-02-08,2024-11-21
C006916,Karl,Martinez,stephendurham@example.org,001-231-842-0644,Male,1949-05-25,2024-10-27
C006917,David,Elliott,pottssamantha@example.net,001-258-404-0133,Female,1972-04-17,2024-11-09
C006918,Breanna,Chase,johnsonrenee@example.com,(980)512-8537x557,Male,1935-11-01,2025-04-23
C006919,Jessica,Jackson,briggsjennifer@example.org,001-319-682-7436x8058,Male,1974-09-10,2023-06-11
C006920,Taylor,Morgan,wesleyjohnson@example.org,+1-928-462-2747,Female,1960-06-28,2023-07-15
C006921,Erin,Gill,psimon@example.net,(496)884-3343,Female,1938-05-07,2024-10-24
C006922,Cody,Mack,andrewscarol@example.com,442-761-3253x711,Male,2007-11-19,2024-08-18
C006923,Brandy,Jensen,bellis@example.org,251.388.5050,Male,2007-09-21,2024-10-10
C006924,Ronald,Cooper,mthomas@example.net,547.766.4247x1788,Male,1999-04-18,2023-09-25
C006925,Kristen,Phillips,zachary44@example.com,001-551-850-5274x19975,Male,1973-08-12,2023-09-26
C006926,Robin,Mclaughlin,serranokendra@example.net,7109122631,Male,1990-02-02,2021-07-30
C006927,Tara,Walker,donaldhodges@example.com,794.677.0407x128,Male,1996-07-31,2022-09-20
C006928,Gina,Patel,morgan96@example.com,001-744-453-6285x97346,Female,1955-12-15,2024-03-03
C006929,Michael,Hess,lorettamitchell@example.net,515.533.2425x4603,Male,1935-09-07,2025-11-13
C006930,Justin,Rodriguez,hortonmaureen@example.org,588.237.1805x4073,Male,1991-12-03,2025-05-09
C006931,Krystal,Lopez,ycarroll@example.com,(773)766-8654,Male,1953-11-20,2023-05-20
C006932,Robert,Moore,phicks@example.com,(480)415-4474,Male,1955-02-08,2022-10-29
C006933,Adrienne,Jones,julianmckenzie@example.net,001-503-281-7968x81407,Female,2008-03-09,2025-01-31
C006934,Carolyn,Novak,pamelawhite@example.net,518-459-3846,Female,1954-04-23,2024-02-17
C006935,Danielle,Gordon,juliegilmore@example.net,+1-448-562-5546x248,Female,1947-12-22,2022-08-27
C006936,Heidi,Cervantes,mcneilashley@example.net,554-343-8717,Female,1981-06-13,2024-09-24
C006937,Louis,Ward,kimberly62@example.com,976.357.8430x6285,Female,1979-04-23,2025-02-25
C006938,Joseph,Johnson,gclements@example.net,+1-869-534-0751,Male,1959-10-05,2024-09-18
C006939,Megan,Price,ryan97@example.com,(207)768-4727,Male,1947-11-05,2021-12-19
C006940,Amy,Clark,cheryl04@example.org,+1-843-890-3586x41098,Female,1943-06-15,2023-03-03
C006941,James,Garcia,djackson@example.com,398-210-0118x44136,Female,1957-04-28,2023-09-30
C006942,Dakota,Perry,waguirre@example.org,(539)380-8135x1938,Female,1971-06-18,2024-02-06
C006943,Daniel,Navarro,radams@example.com,890.793.6781,Male,2001-09-16,2024-07-25
C006944,Colleen,Chavez,courtney85@example.com,001-263-853-5702x2684,Male,1976-02-15,2023-07-18
C006945,Robert,Coleman,ewheeler@example.org,271-540-5231,Female,1956-12-14,2026-01-10
C006946,Brenda,Harrison,sfigueroa@example.org,574.611.2267,Female,1951-02-09,2023-04-10
C006947,Amy,Meyer,amyhughes@example.com,599.792.0699,Female,1956-07-17,2025-07-14
C006948,Monica,Holden,april96@example.net,+1-637-493-4114x173,Female,2000-10-18,2021-10-20
C006949,Richard,Willis,joseph57@example.org,(547)833-1606x56477,Male,1969-08-29,2022-12-12
C006950,Sarah,Shelton,bmurphy@example.org,553.894.5315x2030,Female,2005-02-22,2024-11-15
C006951,Kathryn,Ross,lharper@example.com,+1-809-920-6072,Female,1961-12-30,2026-02-08
C006952,Pam,Schroeder,cynthiamckinney@example.org,001-827-323-8754x9126,Female,1965-09-01,2024-06-04
C006953,Ian,Thomas,kenneth42@example.com,429.825.7864x912,Female,1949-07-31,2024-07-10
C006954,Gregg,Rivera,elizabethmoore@example.com,720-851-1877x10418,Male,2005-05-17,2026-06-28
C006955,William,Brown,amyhays@example.org,+1-408-597-3217x8458,Female,1952-12-30,2023-06-07
C006956,Katherine,Lindsey,finleybrenda@example.net,(571)830-6635,Male,1946-05-03,2023-02-12
C006957,Brian,Meyer,dhughes@example.net,574-963-2055x05646,Female,1992-06-23,2026-02-19
C006958,Craig,Tanner,feliciadennis@example.net,720-827-6755x9800,Female,2003-09-15,2021-08-24
C006959,Linda,Cummings,amyfitzgerald@example.net,(531)671-5360,Female,1975-07-20,2023-10-05
C006960,Rodney,Fry,garyknapp@example.net,485-754-4695,Female,2003-04-25,2026-05-11
C006961,Tim,Shannon,ortizshawn@example.net,+1-656-782-7230x587,Female,1948-07-27,2026-02-02
C006962,Richard,Price,normanchristine@example.org,418-439-5496x293,Female,1942-07-30,2023-03-02
C006963,John,Johnson,andersonnathan@example.net,(304)262-7403,Female,1954-07-08,2023-03-29
C006964,Leah,Daniel,alexanderlee@example.net,233-988-7651,Female,1955-10-17,2021-09-25
C006965,Carol,Mccarthy,ellisonnathan@example.net,001-768-568-4649,Female,1968-05-04,2024-11-13
C006966,Rebecca,Erickson,dianabennett@example.com,4483672368,Male,1953-10-25,2023-02-11
C006967,Lauren,Scott,barnettcarolyn@example.org,(680)474-5580x47487,Female,1972-11-03,2025-02-14
C006968,William,Hanna,andres56@example.com,001-257-525-2015x30306,Male,1939-04-25,2025-08-04
C006969,David,Moore,briancastillo@example.net,(622)530-0127x862,Female,1936-11-01,2024-05-19
C006970,Melody,Brennan,brendalong@example.org,418-664-1726,Male,1968-06-28,2025-07-31
C006971,Kaylee,Moreno,lisaatkins@example.org,+1-661-324-2431x417,Male,1969-12-31,2025-07-23
C006972,Barbara,Alexander,kathleen99@example.org,583-778-9906,Female,1997-01-30,2022-07-16
C006973,Brenda,Vaughn,clarkmichael@example.net,6958413312,Female,1950-11-16,2022-01-07
C006974,Dawn,Olson,kimberlyfields@example.net,(462)774-5909x9500,Female,1952-03-01,2023-03-07
C006975,Cynthia,Fleming,edward64@example.org,001-972-839-7394,Male,1994-06-03,2021-08-17
C006976,Shane,West,lvalenzuela@example.net,341-970-5800x738,Male,1982-03-06,2022-05-01
C006977,Stephen,Davis,vmartin@example.net,584.651.0472x2740,Female,2005-11-11,2023-05-29
C006978,Andrea,Hester,jenna09@example.org,843-452-1843,Female,2001-01-12,2023-05-24
C006979,Cynthia,Arnold,kristen51@example.net,(769)325-7675x4286,Male,1962-11-19,2022-05-10
C006980,Lindsey,Gibbs,justin51@example.net,+1-570-421-9283x376,Male,2008-01-13,2025-04-23
C006981,Aaron,Rhodes,tiffanylloyd@example.org,+1-530-591-4580x692,Male,1989-04-26,2022-09-18
C006982,Karen,Young,gbryan@example.com,001-426-337-7143x156,Female,1976-03-09,2023-03-17
C006983,Rhonda,Bradford,klawrence@example.com,(235)239-4220x93839,Female,2000-05-02,2021-11-25
C006984,James,Wagner,vbenjamin@example.com,+1-361-456-5910,Male,1939-09-29,2024-06-30
C006985,Matthew,Murray,sharpdaniel@example.com,(260)813-3316x819,Female,1979-03-06,2025-12-09
C006986,Kristen,Byrd,austindouglas@example.org,+1-994-796-3915x94595,Male,1977-04-08,2024-06-25
C006987,Elizabeth,Ortiz,kwalters@example.com,(436)342-9920,Male,1959-05-22,2023-02-12
C006988,Colin,Jones,christine57@example.net,405.870.2956,Male,1967-11-03,2022-12-09
C006989,Daniel,Scott,cmathews@example.com,001-944-841-2494x7134,Male,1938-07-10,2025-02-22
C006990,Alexander,Payne,ekelley@example.net,327.763.3768x298,Female,1972-07-26,2021-12-17
C006991,Nicole,Gomez,preston02@example.com,+1-705-698-1947x229,Female,2006-01-27,2021-11-23
C006992,Adam,Davies,bhunt@example.com,(976)644-2797x30740,Female,1952-07-13,2022-04-19
C006993,Kim,Vaughn,snydermelissa@example.com,(427)327-1865x3764,Female,1993-06-25,2022-04-16
C006994,Logan,Gordon,christopher02@example.net,+1-562-950-5807,Male,1977-12-04,2025-04-14
C006995,Jennifer,Buckley,william12@example.com,572-872-5251x1124,Female,1973-08-31,2025-08-28
C006996,Maria,Lee,hurstpatricia@example.org,3303149862,Male,1971-10-27,2024-08-16
C006997,Taylor,Woods,ericahernandez@example.com,001-424-656-4418x458,Female,2006-06-18,2021-10-12
C006998,Courtney,Kelly,adamsstephen@example.com,9042130980,Female,1963-08-17,2026-02-19
C006999,Elizabeth,Oliver,bkirby@example.net,875.626.8007x997,Female,1995-04-04,2022-01-18
C007000,Brian,Oneill,apollard@example.com,(909)516-1169x79168,Female,1963-08-17,2025-05-08
C007001,Lisa,Howard,vanessa05@example.net,+1-749-557-2921x7210,Male,1949-04-14,2023-07-16
C007002,Henry,Boyd,matthew16@example.com,001-754-857-5381x9001,Male,1997-06-25,2025-12-24
C007003,Frank,Rogers,clarkalexis@example.net,405.512.2545,Female,1985-10-16,2026-04-10
C007004,Scott,Vazquez,pearsonshelia@example.org,681-797-2947,Male,1969-02-04,2024-08-10
C007005,Shawn,Bradley,changchristopher@example.org,+1-774-921-4660x37684,Female,1959-10-17,2025-01-20
C007006,Lindsey,Thompson,jeffreydaniel@example.com,425.284.6040x7844,Female,1945-02-01,2026-03-16
C007007,Chad,Perry,matthewreese@example.com,001-808-822-7845x32250,Male,1984-11-22,2024-08-02
C007008,Morgan,Collier,lori56@example.net,573-782-9595x228,Female,1981-11-15,2024-01-03
C007009,Elizabeth,Fuller,nicholspaula@example.net,(924)481-0725x20899,Male,1993-10-07,2025-08-31
C007010,Kristopher,Johnson,michael92@example.org,+1-360-967-2039,Female,1970-10-18,2023-03-17
C007011,Stacy,Henderson,chencory@example.net,888-925-4220,Female,1935-09-18,2025-04-20
C007012,Stacy,Day,rachaelwilkerson@example.com,513-205-5134x3564,Male,1957-01-13,2022-04-20
C007013,Bryan,Holt,joseph18@example.net,+1-827-843-6300x187,Male,1956-01-25,2025-09-26
C007014,Dennis,Wang,yvonne14@example.com,(339)858-5962,Female,1938-09-25,2023-01-31
C007015,Rhonda,Dixon,pamelafields@example.com,4368845009,Female,1948-12-10,2023-01-19
C007016,Jacqueline,Juarez,jeff41@example.net,+1-251-739-8360x7377,Male,1959-08-29,2023-05-15
C007017,Christopher,Brown,oliversavannah@example.org,+1-759-566-1366x8406,Female,1987-07-10,2023-12-03
C007018,Julie,Taylor,jennifer57@example.org,5913328092,Male,2005-06-17,2024-04-07
C007019,Jessica,Carson,jshields@example.com,(809)344-1547x7775,Male,1989-05-23,2022-02-28
C007020,John,Reed,cthompson@example.com,+1-505-711-8893x23334,Male,1949-11-06,2022-05-04
C007021,Christina,Espinoza,vedwards@example.net,568-355-5320,Male,2005-05-30,2026-02-13
C007022,Wyatt,Guerra,phillipsmark@example.org,616-318-3725,Male,1984-03-26,2024-02-21
C007023,Daniel,Owens,fjohnson@example.com,(742)621-8915,Female,1959-12-29,2022-01-27
C007024,David,Sloan,theresavaldez@example.com,(709)628-9332x8524,Female,1988-03-03,2025-08-31
C007025,Rachel,Garcia,ikrueger@example.com,001-664-296-3830x5683,Female,1964-05-13,2022-11-23
C007026,Susan,Wagner,haroldhoward@example.org,805-936-7155,Male,2001-06-16,2023-07-23
C007027,Joshua,Lopez,dgarcia@example.com,2922394888,Male,1999-05-10,2024-11-11
C007028,Ryan,Miller,brandonstevenson@example.net,001-800-309-6213x7115,Male,1982-10-27,2023-03-18
C007029,Mitchell,Howard,plee@example.net,+1-930-468-3596x14902,Male,1943-08-25,2025-07-01
C007030,Julie,Blair,ihale@example.org,001-683-628-3689,Female,1992-12-19,2022-01-13
C007031,Kevin,Smith,dhudson@example.org,+1-708-663-9826x045,Male,1984-08-17,2023-05-14
C007032,Cristina,Stevens,saundersamy@example.org,001-459-423-3333x817,Male,1949-11-04,2021-10-24
C007033,Patrick,Davis,williamstiffany@example.com,4829527732,Female,1996-04-22,2022-01-02
C007034,Jennifer,Hernandez,jnelson@example.com,934.887.2175x690,Female,1998-12-20,2024-02-05
C007035,Amber,Gould,vickie30@example.com,8178146515,Male,1994-11-15,2021-08-24
C007036,Misty,Reed,scottmary@example.net,001-228-640-7938x581,Female,2003-07-13,2025-02-16
C007037,Vanessa,Martinez,matthewobrien@example.com,730.226.4276x41781,Male,1953-03-02,2025-11-11
C007038,Isaac,Hicks,zclarke@example.org,(249)998-8734,Female,1963-10-19,2024-10-27
C007039,Amanda,King,patriciapalmer@example.com,001-284-994-9902x857,Male,1994-03-17,2024-06-30
C007040,Victoria,Glass,tammy60@example.com,201.452.6943,Male,1979-04-04,2025-05-30
C007041,Amber,Lewis,pmiller@example.com,469-526-3073,Male,1954-10-17,2023-01-25
C007042,Cheryl,Ruiz,marykline@example.org,937.367.3017,Female,1980-03-20,2024-05-29
C007043,Luis,Vaughan,stephen40@example.net,(936)409-4291x629,Female,1971-06-22,2026-02-02
C007044,Marc,Johnson,boydnicholas@example.com,001-463-376-1303,Male,1967-09-05,2022-12-12
C007045,Tricia,Allen,andrea43@example.net,665.846.2045,Male,1958-12-13,2024-08-12
C007046,Stephen,Lewis,woodskylie@example.net,3344220851,Male,2008-02-24,2023-12-13
C007047,Elizabeth,Preston,rodriguezbarbara@example.net,952.354.8291x37404,Male,1956-07-29,2024-04-24
C007048,Michael,Turner,johnstonlaurie@example.net,979-714-1645x1740,Male,1992-02-18,2025-03-23
C007049,Gabriel,Martin,hartlindsey@example.org,001-739-947-6278x9924,Female,1942-04-10,2023-09-20
C007050,Julia,Walker,urobertson@example.com,001-785-901-9187x4187,Male,1996-10-21,2022-10-17
C007051,Sandra,Roy,hollowayrobert@example.com,854-626-7248x863,Male,1965-11-26,2024-01-14
C007052,Jody,Brown,christinawilson@example.com,(233)799-0010x826,Female,1997-06-01,2021-11-22
C007053,Arthur,Hart,lynnyoung@example.net,980-412-2463x27245,Male,2005-09-03,2022-11-10
C007054,Brittany,Murphy,greendonna@example.net,(304)582-0510,Male,1985-03-05,2024-10-27
C007055,Jack,Jenkins,ybruce@example.com,(828)848-5417x932,Female,1990-07-04,2023-06-27
C007056,Justin,Elliott,scott50@example.net,+1-740-225-3736,Male,2002-06-03,2025-12-29
C007057,Tony,Kennedy,sandra30@example.org,412.503.3648x26914,Male,1936-07-07,2023-01-03
C007058,Carlos,Nixon,qanderson@example.org,235.877.4614,Male,1995-01-02,2024-10-31
C007059,Jason,Robertson,jsmith@example.net,001-280-536-8971x5119,Female,1952-04-01,2022-02-27
C007060,Christina,Townsend,colejoseph@example.org,2958559829,Male,1956-05-14,2022-08-13
C007061,Robert,Lowe,johnjohnson@example.com,3892785889,Male,1966-06-13,2023-09-18
C007062,Cynthia,Doyle,lori18@example.com,312-754-1945,Female,1983-04-18,2024-10-31
C007063,Melanie,Jones,adam29@example.net,001-224-447-3616x8375,Female,1955-02-01,2023-02-16
C007064,Mary,Ward,pamelawebb@example.net,+1-409-496-7397,Female,1947-07-15,2025-06-30
C007065,Carlos,Mack,xpayne@example.com,235.511.7284x15593,Male,1980-10-23,2025-09-25
C007066,Keith,Maldonado,bryanjensen@example.net,+1-509-996-5898x906,Female,1975-09-24,2023-08-28
C007067,Michael,Yu,williskayla@example.com,570.671.6046x906,Male,1977-04-04,2021-10-13
C007068,Laura,Newman,coxkevin@example.org,892-886-1972x2067,Male,2003-09-01,2021-11-15
C007069,Jessica,Ford,andersonjennifer@example.org,(977)504-1526x360,Male,1948-04-18,2022-01-22
C007070,Stephanie,Turner,smithjeremy@example.net,914.613.7640x804,Female,1983-11-04,2023-08-27
C007071,Susan,Smith,cynthia70@example.net,805-865-6437x8311,Female,1972-11-25,2022-07-25
C007072,Jody,Nelson,roger52@example.com,289-541-6223,Male,2005-12-05,2024-08-18
C007073,Lawrence,Jones,veronica32@example.com,+1-977-609-6603,Female,2003-02-27,2025-07-15
C007074,Hayley,Foster,mcmillanlori@example.org,001-388-412-6300x88342,Male,1955-03-22,2024-09-21
C007075,Jason,Goodwin,christine62@example.org,459.529.3425x0685,Male,1960-04-24,2024-12-18
C007076,Danielle,Brown,anthony94@example.com,697-759-3626,Female,1970-07-30,2022-09-09
C007077,Craig,Morales,watersdennis@example.com,4314587599,Male,1939-12-05,2023-05-16
C007078,Lindsey,Wright,audrey97@example.com,001-732-937-3009x97060,Male,1996-03-26,2022-01-18
C007079,Anthony,Butler,michelle48@example.net,528-716-7640x01712,Female,1994-02-17,2022-06-20
C007080,Brooke,Simpson,imorris@example.net,586-796-5446,Female,1951-11-27,2026-03-03
C007081,Michael,Brown,jessicablack@example.com,+1-523-682-6827,Female,1954-06-14,2022-07-02
C007082,Charlene,Daniel,thompsonsandra@example.net,(488)514-0325,Female,1964-12-23,2024-03-15
C007083,Michael,Wallace,villarichard@example.net,001-399-553-7802x051,Male,1994-06-10,2026-04-13
C007084,Nancy,Wilkins,jessica15@example.net,4329337174,Female,1954-05-03,2026-02-06
C007085,Justin,Medina,amyharrell@example.org,+1-592-847-0383x3506,Male,1953-08-03,2025-12-06
C007086,Jonathan,Taylor,anthony00@example.net,230.565.8722x6592,Male,1997-12-25,2024-01-23
C007087,Mary,Lewis,debbie00@example.org,(246)319-9013x36345,Male,2000-10-08,2025-10-30
C007088,Kevin,Campbell,dwatkins@example.net,973.308.9412x0625,Male,1939-10-08,2021-07-20
C007089,Drew,Diaz,catherinegonzalez@example.net,001-856-483-4750x429,Male,2002-12-17,2024-07-04
C007090,Eric,Phelps,ericacunningham@example.com,776-283-2531,Female,1962-10-13,2023-02-18
C007091,Marie,Daniels,glenn54@example.org,928-685-9308x32177,Male,1941-07-25,2021-08-23
C007092,Randy,Brown,urubio@example.org,+1-806-756-8125x93709,Male,1945-02-21,2023-03-29
C007093,Monica,Chen,alexhenry@example.com,606-584-6849,Female,1989-08-02,2024-12-06
C007094,Michael,Herrera,jonesmartin@example.net,(413)994-9855x122,Male,1956-05-26,2024-03-21
C007095,Daniel,Harris,ramirezkyle@example.com,681-705-7772x314,Male,1936-11-18,2022-09-29
C007096,William,Odom,rachel71@example.org,001-553-600-5853x9249,Female,1990-08-05,2023-04-27
C007097,Tracy,West,frederick08@example.net,+1-277-973-4556x812,Female,1981-11-04,2025-06-12
C007098,Jennifer,Sanders,arodriguez@example.com,+1-330-946-1368,Female,1968-06-12,2024-07-10
C007099,Manuel,Woods,abird@example.org,530.257.0007x45629,Female,1988-02-06,2025-12-22
C007100,Robert,Fowler,ramosjeffery@example.net,+1-637-479-6813x369,Male,1988-01-21,2022-12-20
C007101,Diane,Moran,andrea40@example.net,4288555286,Female,1945-08-08,2025-07-08
C007102,Andrew,Weber,scottsnyder@example.net,(428)462-2889,Female,1982-01-01,2022-07-08
C007103,Michelle,Jones,bkidd@example.com,(286)418-5511,Male,1960-07-15,2024-10-05
C007104,Christopher,Ramirez,lelliott@example.org,757-841-5090x28085,Female,1948-08-10,2021-09-09
C007105,James,Sanchez,yvonnearnold@example.org,818-386-2319x951,Male,1984-08-04,2026-05-27
C007106,Melissa,Hudson,slawson@example.net,+1-838-787-6345x5858,Male,1980-04-02,2021-10-04
C007107,Brittany,Rodriguez,dustinfoster@example.net,783-476-1250x649,Female,2004-03-15,2022-08-02
C007108,Lindsay,Johnson,ssmith@example.net,(570)773-3162x314,Female,1977-07-31,2024-11-23
C007109,Jeff,Moore,taylorsteven@example.net,+1-529-457-6474,Female,2003-07-20,2021-08-26
C007110,Grace,Pearson,simontodd@example.com,001-763-568-3009x03588,Male,2000-06-14,2023-05-29
C007111,Sonya,Rivera,michael48@example.com,+1-650-346-7948x866,Female,1984-03-21,2026-05-12
C007112,Alexander,Wright,holtgina@example.org,5786357914,Female,1973-07-13,2023-04-22
C007113,Anthony,Schwartz,zterry@example.net,001-217-484-9016x9027,Female,1961-01-16,2022-08-05
C007114,Theresa,Best,emcneil@example.com,(554)986-6337x15646,Male,1941-10-24,2023-04-25
C007115,Nathan,Henderson,sarah22@example.org,806-247-8364x797,Female,1947-05-10,2021-07-15
C007116,Elizabeth,Smith,jamesdavis@example.com,9018369147,Female,1952-09-04,2021-11-28
C007117,Jeffery,Jordan,christopherjames@example.com,+1-410-592-6701,Male,1996-02-09,2023-02-08
C007118,Jeffrey,Sparks,christina96@example.net,+1-462-875-1196,Male,1984-09-03,2023-06-20
C007119,Nicole,Hart,april37@example.org,649.459.6232,Male,1981-07-29,2025-04-08
C007120,Steven,Chambers,pamelareese@example.org,2669743006,Male,2000-02-28,2025-10-04
C007121,Jason,Moore,wendywilliams@example.org,+1-969-286-8617x893,Male,2008-02-12,2026-03-18
C007122,Kelsey,Higgins,jchristensen@example.org,449-251-7319x4602,Female,2000-12-16,2026-06-10
C007123,David,Murray,joshuahooper@example.net,(553)900-0150x523,Female,1997-10-01,2023-04-26
C007124,Jacob,Rice,hwright@example.org,(510)710-3912x9190,Male,1987-12-23,2025-07-17
C007125,Erik,Moyer,crystal73@example.net,001-611-284-3709x1871,Male,1936-10-19,2022-01-25
C007126,Kaitlin,Fuentes,irios@example.org,+1-549-939-4360x73090,Female,1972-11-05,2024-04-12
C007127,James,Lowery,robinsonaaron@example.org,437-811-6032x1399,Female,1991-01-26,2023-08-10
C007128,Phillip,Long,kenneth54@example.net,9312829946,Female,1980-10-10,2026-04-28
C007129,Matthew,Gonzalez,victoria62@example.net,858-413-6761x398,Female,1961-12-26,2022-05-22
C007130,Patrick,Garcia,nataliegallegos@example.net,517.879.4347,Male,1968-02-27,2026-02-25
C007131,Brandon,Williamson,oarmstrong@example.com,938-757-7630,Female,1942-06-18,2022-07-22
C007132,Kristin,Best,williampierce@example.org,236-385-0059,Female,1998-11-25,2024-05-17
C007133,Maria,Cook,bergvicki@example.com,978-295-1509x771,Male,1977-04-11,2025-05-01
C007134,John,Terry,lauramccoy@example.org,+1-341-325-6860x854,Male,1964-03-08,2022-03-24
C007135,Rachel,Mccarthy,zwalker@example.org,786-382-6442x93652,Male,1998-03-20,2025-03-25
C007136,Ashley,Mckenzie,michaelharris@example.com,466.439.3780x6281,Female,1942-10-11,2021-10-28
C007137,Charles,Griffin,amandafisher@example.com,810-688-0229x4621,Female,1996-04-06,2024-05-10
C007138,Robert,Smith,mayjames@example.net,543-268-8410,Female,1990-01-14,2023-12-13
C007139,Ashley,Lowe,rodriguezsteven@example.com,(807)550-4620x02218,Male,1943-07-01,2025-11-23
C007140,Michael,Duncan,tommy32@example.net,556.252.7343x8953,Male,1954-07-12,2025-07-21
C007141,Sandra,Brown,jaclyn35@example.com,3669261416,Male,1935-08-10,2022-08-18
C007142,Emily,Vasquez,kingdaniel@example.org,339-692-3440,Male,1949-12-10,2026-04-07
C007143,Kevin,Hoffman,johnnyoconnell@example.com,210.965.4780x64745,Female,1949-02-20,2025-01-14
C007144,Cindy,Taylor,hunterdavis@example.com,8833996697,Male,1949-12-19,2022-08-15
C007145,Christopher,Knapp,matthew18@example.org,001-557-332-0668x6980,Male,1978-10-16,2022-06-16
C007146,Lauren,Johnson,michael20@example.org,+1-290-850-6841x7321,Male,1958-05-31,2024-12-09
C007147,Sheila,Palmer,alibradley@example.com,495-616-4299x52266,Male,1957-07-25,2023-12-20
C007148,Victor,Rodriguez,collinsjamie@example.org,447-616-8469,Male,1943-07-21,2022-06-13
C007149,Karen,Williams,christophermills@example.org,662.515.6325x4101,Male,1954-05-09,2021-09-13
C007150,Carrie,Simpson,austin83@example.com,514-218-8564x20237,Male,2007-05-15,2025-08-15
C007151,Katherine,Clayton,shawn04@example.net,673.664.1873,Male,1953-06-12,2026-05-25
C007152,Jesse,Garcia,ibeltran@example.com,3736537736,Female,1959-04-06,2026-04-10
C007153,Lori,Mcintyre,vbell@example.org,001-668-257-4097,Female,1970-05-24,2023-10-08
C007154,Joseph,Willis,bowencolleen@example.org,(714)453-9397x8745,Female,1966-12-15,2022-12-12
C007155,Tyler,Christensen,ybaker@example.net,+1-510-327-4179x7527,Female,1975-09-21,2025-03-10
C007156,Morgan,Aguilar,kennethberry@example.net,417.276.9361x56267,Male,1954-12-01,2023-07-02
C007157,Robert,Gonzales,elizabeth77@example.org,256.857.0065x880,Male,1955-06-21,2021-08-06
C007158,Bradley,Wise,cochrankrystal@example.org,572.585.8871x89516,Male,1996-03-15,2023-11-08
C007159,Karen,Mckinney,heather65@example.net,702-651-1528,Male,1993-11-21,2022-06-20
C007160,Dustin,Gibson,thomasgray@example.com,368.427.5239,Male,1967-07-18,2024-02-03
C007161,Susan,Miranda,tiffany61@example.net,548.829.4091x9216,Female,1993-04-04,2023-11-06
C007162,Laura,Berry,angelagrant@example.com,5854430866,Male,1942-09-30,2022-01-10
C007163,Phillip,Mcclain,floresrichard@example.net,(517)396-4212x1855,Female,1975-11-18,2026-04-17
C007164,Jennifer,Vasquez,newmanmisty@example.net,282-356-0719x88199,Male,1994-04-25,2024-07-18
C007165,Jerry,Jackson,kweber@example.org,001-988-767-1665x37799,Female,1997-02-20,2023-01-05
C007166,Joseph,Rodriguez,sheilahoward@example.org,+1-384-900-7186x50696,Female,1988-08-08,2022-06-07
C007167,Andrew,Stewart,kylemccormick@example.net,346.375.6078x95190,Male,1980-01-06,2024-05-15
C007168,Brendan,Harper,daltoncynthia@example.com,537.716.0306,Male,1986-04-09,2025-08-28
C007169,Evan,Morrison,nhoward@example.com,361.950.9131,Female,1957-12-23,2025-04-11
C007170,Thomas,Lucas,bharris@example.org,001-423-851-6408x4969,Female,1943-05-05,2022-09-14
C007171,Tammy,Jones,nancymcdaniel@example.net,(862)218-5067x4218,Male,1973-10-06,2021-10-24
C007172,Shannon,Edwards,jensendaniel@example.com,+1-514-416-5333,Male,1956-11-30,2023-08-19
C007173,Daniel,Estrada,steven92@example.org,331.854.8257x74361,Male,1936-04-25,2021-08-24
C007174,Sherry,Robinson,edwardhughes@example.org,(309)871-1921x32262,Female,1966-11-15,2025-07-08
C007175,Keith,Park,linda69@example.org,948.949.2482x167,Male,1997-05-04,2025-02-27
C007176,David,Hampton,carlagarcia@example.org,+1-867-795-8146x1910,Female,1948-11-02,2025-01-16
C007177,Victoria,Walker,conleytyrone@example.com,277-408-5511,Male,1943-06-04,2021-09-08
C007178,Carolyn,Howard,garciadavid@example.com,+1-955-525-0721x9023,Male,1985-06-26,2024-12-19
C007179,Julie,Taylor,bensonmelissa@example.org,947-770-6984x414,Male,1973-06-17,2025-04-17
C007180,Christopher,Jefferson,tgilbert@example.org,(618)797-4867x513,Female,2004-12-22,2026-03-07
C007181,Richard,Smith,kristen04@example.org,591-489-4427x92022,Male,1988-04-11,2026-02-20
C007182,David,Howard,gregory08@example.com,716.206.6004,Female,2004-06-26,2026-02-20
C007183,Amanda,Frazier,warrenlaura@example.net,667.505.4019,Male,1942-12-06,2024-03-14
C007184,Olivia,Jensen,mwilliamson@example.org,+1-250-312-4477x9148,Female,1966-09-22,2023-06-29
C007185,Angela,Young,lisa46@example.net,690-693-0298x209,Male,1971-12-16,2025-04-19
C007186,Molly,Johnson,nlewis@example.org,+1-629-519-2310,Male,1993-03-08,2025-12-14
C007187,Angela,Cunningham,stephanieknight@example.org,713.380.9982x4226,Male,1954-05-30,2022-03-30
C007188,Karen,Anderson,damon10@example.net,(787)267-4926x57582,Male,1974-07-08,2023-11-05
C007189,Olivia,Fisher,vsoto@example.org,+1-298-742-8575x60733,Male,2004-07-07,2024-09-15
C007190,Emily,Chavez,james45@example.net,(482)704-6752x2837,Male,2005-08-15,2023-02-22
C007191,Elizabeth,Rice,ramirezmatthew@example.com,001-686-563-8655,Female,1969-01-22,2021-12-22
C007192,Mary,Hamilton,kaylacooley@example.com,3727729679,Male,1969-01-22,2026-04-09
C007193,Tyler,Ellison,edwardcook@example.com,+1-677-996-8388,Female,1967-12-09,2024-09-19
C007194,Travis,Vega,jennifermiller@example.net,685-842-5490x105,Male,1990-05-05,2024-09-30
C007195,Richard,Valentine,hgonzalez@example.org,461.202.2591,Female,2002-09-01,2025-07-23
C007196,Jose,Garza,kyle13@example.net,(657)676-4708x077,Male,2007-11-27,2024-09-26
C007197,Matthew,Wilcox,joshua46@example.org,+1-320-875-4564x37270,Female,1997-06-20,2023-04-02
C007198,Alyssa,Miller,josephhill@example.org,907-472-5452x9806,Female,1948-06-23,2024-03-24
C007199,Brandi,Weber,tgregory@example.net,(979)264-3192x325,Female,1970-06-30,2026-07-05
C007200,Justin,Barnes,bradleyjohn@example.net,+1-376-538-7273x9976,Female,1951-01-09,2024-06-11
C007201,Paul,Webster,perezthomas@example.net,+1-896-587-1628,Male,1936-07-31,2022-04-06
C007202,Laura,Banks,lsuarez@example.org,(544)697-9315x8798,Female,1984-02-09,2021-08-01
C007203,Megan,Cummings,jason50@example.net,7039131480,Female,1978-12-12,2026-05-14
C007204,Elizabeth,Franco,carlaustin@example.org,2436779659,Male,1996-11-02,2026-06-26
C007205,Nathan,Ruiz,fullerlarry@example.com,319-312-5557x74548,Female,1950-08-15,2023-03-17
C007206,Kyle,Montoya,tnewman@example.net,242.622.1997x63933,Male,1962-01-11,2025-08-25
C007207,Keith,Wright,kimberlymiller@example.com,001-298-563-6798x576,Male,1980-04-04,2023-12-04
C007208,Sherry,Ochoa,austin08@example.com,982.614.8282,Female,1988-12-22,2025-07-02
C007209,Patricia,Hull,collinsalicia@example.com,+1-259-991-3267x841,Male,1953-08-09,2023-01-02
C007210,Robert,Jones,nicholaspaul@example.org,365.416.3271x9397,Female,1948-06-04,2023-12-15
C007211,Sandra,Hall,edwardschristopher@example.org,(254)422-9189x41322,Male,1969-03-11,2024-09-03
C007212,Stephen,Valdez,lawrencerichardson@example.org,785-900-1185x66728,Male,1968-03-01,2024-09-17
C007213,Lisa,Gibbs,johnbrooks@example.org,394.495.7328,Female,1986-07-02,2026-01-20
C007214,Jamie,Brooks,nelsonkyle@example.com,001-473-442-3065x5493,Female,1987-10-04,2023-05-18
C007215,Cynthia,Chavez,jennifer65@example.org,+1-969-812-1736x8841,Female,1991-05-24,2022-04-13
C007216,John,Hill,smithtiffany@example.com,001-429-675-4687x16947,Female,1987-11-24,2024-09-29
C007217,Thomas,Harrison,collinsmichelle@example.org,+1-797-800-0185,Male,1983-08-26,2021-08-27
C007218,Michael,Nolan,michaelnichols@example.net,(709)316-9603,Male,1940-11-20,2024-07-21
C007219,Mary,Lewis,arobinson@example.org,(904)310-0425x375,Male,1963-08-12,2025-03-27
C007220,Chase,Manning,brownmaria@example.com,284.882.2459,Female,1970-02-06,2023-08-29
C007221,Zachary,Lynch,hillelizabeth@example.net,001-938-243-3232,Female,1956-07-10,2022-02-01
C007222,Emily,Smith,psmith@example.com,+1-589-212-5043x789,Male,1993-01-10,2025-10-15
C007223,Sherry,Smith,jill92@example.net,393-773-8024,Female,2005-01-03,2021-08-18
C007224,Jared,Morrison,dicksonkenneth@example.net,001-438-369-9440x360,Female,1937-05-28,2022-12-26
C007225,Wendy,Ingram,caroline14@example.com,001-559-368-3391x381,Male,1949-04-30,2025-07-25
C007226,Matthew,Lamb,adavis@example.net,6387735243,Male,1954-06-23,2024-07-27
C007227,William,Schwartz,jriley@example.com,(646)516-1500x8685,Male,1960-04-18,2024-06-03
C007228,Anna,Patel,qlewis@example.com,+1-906-730-0819x8072,Male,1944-10-25,2021-07-11
C007229,Joseph,Zuniga,kingtheresa@example.net,001-690-281-7185x1082,Female,2000-07-29,2025-09-21
C007230,Edgar,Jackson,asmith@example.net,001-695-722-6089x5679,Male,1952-03-24,2021-11-28
C007231,Rebecca,Thomas,anthony95@example.com,(907)237-6074,Male,1981-04-08,2021-09-07
C007232,Amber,Franco,audreyjohnson@example.org,8626077807,Male,1949-10-19,2026-05-31
C007233,Rachel,Grimes,leahorozco@example.net,+1-524-565-3078x27103,Female,1984-12-23,2023-04-07
C007234,Andrea,Little,williamstammy@example.org,001-522-567-5347,Male,2005-08-03,2025-01-22
C007235,David,Hernandez,mharrison@example.com,928-532-9771x16332,Female,1959-01-21,2024-09-11
C007236,Rebecca,Davis,rhonda13@example.net,001-509-927-0955x8841,Female,1976-09-30,2023-03-27
C007237,Andrea,Henderson,ruthharris@example.net,527.985.4025x17734,Male,1962-04-20,2022-04-27
C007238,Erika,Moyer,ytaylor@example.net,6604475885,Female,1965-11-06,2025-04-24
C007239,Brenda,Lopez,zcastillo@example.net,419.390.4767,Female,1969-09-22,2023-02-11
C007240,Daniel,Clark,cardenascalvin@example.org,001-514-256-5063x376,Male,1941-04-30,2025-10-30
C007241,Stephanie,Smith,deanchristy@example.com,(426)384-5157,Female,1951-03-29,2022-03-10
C007242,Michelle,Kidd,smithamber@example.com,647.536.8250,Male,1939-01-23,2021-10-08
C007243,Bridget,Hansen,vcolon@example.org,296-382-6676x3633,Male,2005-01-16,2024-04-30
C007244,Beth,Green,njohnson@example.com,001-943-948-2764,Female,1944-07-30,2022-12-18
C007245,Chris,Johnson,lesliefitzgerald@example.net,001-511-427-7474x0016,Female,2007-12-18,2026-04-28
C007246,George,Garcia,wgriffith@example.com,857-209-3971x513,Male,1938-04-13,2023-07-24
C007247,Larry,Sanchez,mcarroll@example.org,496-439-7719x6727,Female,1984-05-18,2023-09-14
C007248,Barry,Choi,mitchell30@example.org,(318)495-9769x536,Male,1965-02-03,2025-10-31
C007249,Barbara,Byrd,reedterri@example.com,(427)978-4684x4785,Male,1982-05-27,2025-03-21
C007250,Timothy,Dawson,dayjason@example.net,843.962.6280x927,Male,1983-09-12,2026-05-23
C007251,Katelyn,Walton,qbennett@example.com,744-558-2356,Male,1962-08-30,2024-05-01
C007252,Ryan,Gutierrez,ericaholland@example.com,(762)473-6201x81192,Male,1979-01-06,2023-05-23
C007253,Melvin,Hale,zunigameghan@example.com,(570)959-1665x76440,Female,1966-01-27,2025-01-11
C007254,Anthony,Cameron,heather89@example.org,883.787.9026,Male,1940-09-28,2021-07-23
C007255,Cheryl,Johnson,thomas19@example.com,(994)262-2497x470,Male,2006-12-24,2025-10-26
C007256,Mary,Henson,smithdeborah@example.com,+1-201-900-4821x21520,Male,1951-04-23,2023-08-29
C007257,Ashley,Flores,dtownsend@example.org,001-442-445-8055x6678,Female,1961-09-27,2023-03-20
C007258,Adam,Brown,lisa95@example.net,527.813.3652x1016,Female,1957-01-21,2022-06-22
C007259,Zachary,Flores,parkerebony@example.org,674.260.3351,Female,1982-04-15,2022-07-18
C007260,Samuel,Barker,shawnevans@example.net,+1-770-263-9755x4601,Male,1956-09-09,2025-12-29
C007261,Savannah,Saunders,xlee@example.org,+1-649-689-6521x074,Female,1958-12-03,2025-08-07
C007262,Rebecca,Bryant,dyoung@example.org,001-370-571-4335,Male,1975-03-26,2025-07-07
C007263,Ashley,Serrano,vincentbridget@example.net,8286685589,Male,1961-11-05,2022-01-20
C007264,Ethan,Sanchez,gardnertina@example.com,+1-577-367-7638,Male,2006-08-31,2023-07-17
C007265,Sheila,Johnson,mary48@example.com,295.248.4317x1355,Female,1984-08-29,2024-08-08
C007266,Paige,Smith,pflores@example.com,376-264-8001,Male,1992-05-30,2022-04-05
C007267,Andre,Keller,sherry24@example.net,+1-631-740-6671x501,Female,1969-07-08,2024-11-26
C007268,Stephen,Smith,qjohnson@example.com,408.800.5888x4071,Male,1955-03-23,2025-10-16
C007269,Mary,Scott,bestrada@example.net,477.915.6541x2717,Female,1962-01-12,2025-12-06
C007270,Colton,Fisher,fanderson@example.net,001-960-513-7281,Male,1970-07-29,2023-10-16
C007271,Larry,West,paula47@example.org,(422)589-9615,Female,2006-09-13,2024-08-22
C007272,Nicholas,Johnson,burgessbrittney@example.org,370.638.5900,Male,1983-11-18,2023-05-23
C007273,Manuel,Alexander,ronaldferguson@example.net,(598)709-7399x0520,Female,1996-11-29,2026-07-04
C007274,Carol,Thompson,shortjack@example.org,270.223.0661,Male,1995-07-07,2024-01-15
C007275,Jessica,Cooper,derrickturner@example.com,+1-978-208-6478,Male,1971-02-19,2026-03-27
C007276,Morgan,Castro,cassandrabenitez@example.com,(229)261-3987x754,Male,1979-07-17,2024-03-06
C007277,Jennifer,Green,vberry@example.com,734.577.6803x650,Male,1955-12-31,2022-08-24
C007278,Linda,Burke,patrickperez@example.net,001-920-834-2704x7072,Female,1986-01-16,2022-07-22
C007279,Jason,Hurley,davishailey@example.net,(426)347-0234x819,Female,1975-01-18,2023-10-24
C007280,Frederick,Hill,kaylahenderson@example.org,592-942-8603,Male,1999-04-01,2025-08-25
C007281,Kelsey,Evans,jwhite@example.net,(235)325-7598x8854,Female,1960-02-14,2024-11-12
C007282,Amy,Walker,rmoore@example.net,+1-426-604-8843x38092,Female,1949-06-18,2022-10-19
C007283,Jennifer,Hoffman,patriciaking@example.net,235.289.3904,Male,1935-11-25,2021-07-19
C007284,Aaron,White,susanjohnson@example.org,(836)806-0889x09869,Female,1981-01-14,2024-03-04
C007285,Christopher,Taylor,stephenrodriguez@example.net,+1-714-296-5378x900,Female,1967-02-09,2024-08-22
C007286,Sarah,Thomas,kingchristopher@example.org,750-552-0750,Female,1989-11-10,2024-10-29
C007287,Roy,Russell,stephanie95@example.com,723.449.3433x9323,Male,1979-12-07,2021-08-24
C007288,Craig,Diaz,haasangela@example.com,4424173426,Female,1935-07-19,2026-06-01
C007289,Mitchell,Curtis,kelly54@example.org,300-216-7375,Male,2005-02-15,2022-11-14
C007290,William,Smith,danny04@example.org,764.816.1190,Male,1981-06-01,2022-12-15
C007291,Ernest,Greene,antonio66@example.net,736-437-0941x65548,Male,1983-10-31,2021-12-28
C007292,Matthew,Wright,jerrymendoza@example.net,001-816-775-4544x93730,Male,1956-11-12,2021-12-07
C007293,Dustin,Young,mathewskenneth@example.com,(819)257-5613x294,Female,1947-12-16,2024-08-04
C007294,Shelly,Armstrong,hendersonshelia@example.net,775.943.1872x07216,Female,1993-03-21,2022-08-15
C007295,William,Webster,lopezsusan@example.com,+1-455-284-7422x3690,Male,1990-07-30,2024-10-28
C007296,Adrienne,Obrien,ljohnson@example.com,(878)834-8020x200,Female,1950-03-06,2023-02-08
C007297,Elaine,Stone,rbarnes@example.com,+1-803-738-1369x3089,Male,1944-02-10,2024-11-19
C007298,Craig,Rodriguez,gjimenez@example.net,655-449-7434,Female,1945-05-13,2024-12-14
C007299,Adriana,Turner,perry82@example.org,863-434-8910x690,Male,1939-04-10,2025-07-05
C007300,Laura,Thomas,darren55@example.net,+1-967-789-7336x95105,Male,1946-02-28,2025-07-14
C007301,Matthew,Spears,florespaul@example.com,740-852-7502,Female,1977-05-19,2024-11-24
C007302,Joseph,Hunter,xcarpenter@example.org,001-306-730-7451x9339,Male,1936-11-12,2023-07-07
C007303,Michael,Perez,debrachapman@example.net,001-765-258-1784x94131,Male,1955-05-31,2024-04-17
C007304,Raven,Diaz,qbautista@example.net,+1-299-886-0854,Female,1969-02-09,2021-11-25
C007305,Jeffrey,Bradley,huffmanmichael@example.com,7377069892,Male,1989-05-31,2025-05-18
C007306,John,Jensen,juan18@example.org,(401)640-5071x470,Female,2005-10-15,2025-09-07
C007307,James,Ramirez,alexandra55@example.net,001-663-249-8502x1658,Male,1952-09-14,2023-06-19
C007308,Scott,Greer,donald75@example.com,001-331-887-1950x26646,Male,1963-06-06,2023-08-09
C007309,Brian,Bates,michelewilliams@example.org,(671)930-6219x253,Male,1986-07-01,2025-08-05
C007310,Isaac,Pena,wardjerry@example.org,880.925.3075x803,Male,2004-12-17,2023-01-15
C007311,Joseph,Church,cainamber@example.com,+1-693-784-3973x77637,Female,1990-12-12,2025-09-24
C007312,Earl,Atkins,johnwallace@example.net,904-956-2522x6615,Male,1949-10-08,2024-02-15
C007313,Reginald,Evans,timothymoore@example.net,001-541-446-4271,Female,1995-04-18,2022-11-11
C007314,Evan,Horn,dawn58@example.org,751.979.9388,Female,1972-08-25,2021-12-06
C007315,Mark,Parker,sandraadams@example.net,3037410993,Male,1949-11-13,2022-05-22
C007316,Tiffany,Smith,cmendoza@example.com,5176576038,Male,1937-03-16,2025-06-17
C007317,Roger,Koch,matthew52@example.net,263.946.6342x701,Female,2000-09-22,2025-07-20
C007318,Matthew,Fisher,hestrada@example.org,489-372-6345,Male,1996-09-23,2024-09-24
C007319,Katherine,Williams,stephenwilliams@example.net,001-869-507-9721x943,Male,1968-10-17,2023-01-06
C007320,Jacqueline,Patterson,hamiltonharold@example.org,+1-725-993-2188x4877,Male,1935-09-14,2024-11-02
C007321,Tina,Brown,xarmstrong@example.com,236.236.7931x8027,Male,1988-10-17,2025-09-10
C007322,April,Lozano,victoriaanderson@example.net,+1-218-728-9248x12616,Female,1974-05-29,2022-11-04
C007323,Leah,Foster,johnsonjeremy@example.org,229-960-2118x57087,Female,1985-12-28,2026-02-20
C007324,Nicholas,Grant,thomasgibson@example.net,+1-550-655-1382x8157,Female,2003-08-17,2024-09-17
C007325,Andrea,Stanley,erin77@example.net,(672)589-7888x1466,Female,1965-02-27,2022-02-12
C007326,Belinda,Moss,bjones@example.com,929.756.6611x790,Female,1980-03-11,2026-01-17
C007327,Daniel,Williams,jroth@example.com,(403)561-6550,Male,1995-09-18,2023-11-03
C007328,Lisa,Carlson,ijarvis@example.net,774-606-7273x4279,Male,1953-06-26,2024-12-22
C007329,David,Baird,linda79@example.com,001-446-515-8712x504,Male,1964-04-29,2026-02-20
C007330,Scott,Walter,carrolljenny@example.net,297-988-8290,Male,1959-04-09,2026-04-22
C007331,Dawn,Rice,robertclements@example.org,+1-820-534-6270,Male,1942-03-15,2026-01-03
C007332,Susan,Baker,beckymccarthy@example.net,9063920176,Male,1945-06-04,2022-05-18
C007333,Cameron,Rodriguez,samantha87@example.net,001-270-616-7063x8082,Female,1957-06-19,2023-02-20
C007334,William,Jackson,georgerobert@example.org,625-441-4165,Female,1940-09-07,2022-03-12
C007335,Cory,Anderson,rpalmer@example.com,+1-813-551-9057x431,Male,2002-01-21,2023-12-18
C007336,Jacqueline,Wilson,martinezdavid@example.com,+1-672-568-7096,Male,1950-05-13,2022-08-15
C007337,Wayne,Ramirez,garciatimothy@example.com,001-282-817-8868x592,Female,1963-04-12,2024-06-22
C007338,Vanessa,Moses,shannonpeck@example.net,(535)974-9197,Female,1954-04-21,2022-08-04
C007339,Robert,Briggs,stacey17@example.org,001-942-807-5641x869,Female,1969-05-21,2022-11-04
C007340,Barry,Howe,nmorrow@example.net,433-340-8042x3279,Female,1939-09-16,2022-02-05
C007341,Kevin,Mitchell,ubrown@example.org,356-254-5682,Female,1945-11-19,2024-09-08
C007342,Hannah,Smith,lhendrix@example.net,+1-875-985-0453x71036,Male,1971-11-17,2025-05-10
C007343,Alan,Hatfield,sandra59@example.org,866-303-7972x899,Male,1998-06-20,2022-11-24
C007344,Susan,Bell,qscott@example.org,925-949-7996,Male,1985-07-17,2022-03-10
C007345,Jonathan,Stanton,pgibson@example.com,8023465047,Male,1958-04-06,2025-09-14
C007346,Kyle,Marshall,halemichelle@example.net,001-387-883-8103x253,Female,2005-10-23,2022-10-30
C007347,Gabriella,Fields,nicholashawkins@example.net,001-341-865-7135,Male,1978-05-27,2022-02-14
C007348,Joshua,Garcia,john41@example.net,496-791-7789x561,Male,1975-04-03,2024-05-24
C007349,Michelle,Finley,nathanielthomas@example.com,418-237-8786,Male,1950-07-25,2025-08-15
C007350,Colleen,Guzman,ericmoody@example.org,(351)305-9352,Male,2006-07-17,2026-02-23
C007351,Kathryn,Watson,jorge99@example.com,001-402-701-5277x15460,Male,1992-12-20,2022-05-10
C007352,Valerie,Wilson,hernandezjack@example.org,608.319.5043,Male,1987-10-10,2023-07-30
C007353,Thomas,Romero,leonandrew@example.org,(294)337-5655x7702,Male,1993-06-06,2024-10-23
C007354,Jeremy,Hoover,tphillips@example.net,867-524-7490,Male,2002-04-18,2023-10-11
C007355,Daniel,Nichols,paulmcmahon@example.net,001-951-377-6951x033,Male,1987-04-19,2025-11-13
C007356,Kristina,Daugherty,sandersjames@example.net,(952)617-1634x9945,Female,1978-05-07,2026-06-18
C007357,Stephanie,Shaffer,palmerandrew@example.net,+1-812-856-1528,Male,2003-12-17,2022-10-11
C007358,Christina,Peterson,selena94@example.org,(215)590-7876,Female,1946-02-25,2024-12-17
C007359,Kelly,Lane,hendersonlindsay@example.org,971-708-5437,Male,1961-10-18,2022-08-23
C007360,Jeffrey,James,amywilliams@example.com,+1-891-903-3143x753,Male,1983-07-01,2023-10-17
C007361,Dylan,Joseph,ohinton@example.com,379-223-9677x92226,Male,1978-11-28,2025-09-24
C007362,Melissa,Ramirez,darlene66@example.org,(410)736-6342,Male,1977-03-30,2022-08-13
C007363,Danielle,Williams,tyrone12@example.org,+1-531-642-8009,Male,1971-07-15,2022-03-07
C007364,Joan,Morales,fcline@example.org,+1-781-351-8191x24964,Male,1958-03-26,2023-05-24
C007365,Sean,Sanchez,jenniferwalton@example.net,965-493-4329,Male,1994-11-30,2021-07-10
C007366,Joel,Marshall,wchoi@example.com,+1-203-223-9000x707,Male,1951-06-21,2024-09-12
C007367,Megan,Mendoza,jrogers@example.com,(394)988-9083,Female,1965-06-13,2022-12-15
C007368,Angela,Krueger,sherrimoreno@example.com,3977055545,Male,1946-12-09,2021-08-02
C007369,William,Carpenter,nhughes@example.net,3357129191,Male,2002-06-25,2023-07-14
C007370,Alexander,Richards,williamsmaria@example.com,6322021174,Male,1962-01-14,2023-01-08
C007371,John,Parsons,jeffrey49@example.org,+1-787-691-5731x42156,Male,1989-08-17,2023-12-31
C007372,Robert,Walters,ramirezbrian@example.com,001-766-882-9436,Male,1951-01-07,2023-03-18
C007373,Douglas,Daniels,amcgee@example.net,(291)916-0461x1233,Male,1999-09-08,2024-06-03
C007374,Andrea,Davis,hudsonkevin@example.net,001-672-561-2991x34329,Female,1969-10-03,2022-05-21
C007375,Austin,Farmer,michaelbowers@example.org,735.808.9831x4205,Male,1994-11-30,2024-04-18
C007376,Amanda,Goodwin,emilyhoward@example.org,(458)557-3471,Male,1954-12-01,2024-12-21
C007377,Amanda,Atkins,rmoore@example.net,878.798.2118,Male,1963-06-23,2026-05-14
C007378,Ashley,Brown,jennifer59@example.com,918.569.3172x01531,Female,1946-08-03,2025-11-12
C007379,Julie,Solis,crawfordrobert@example.net,331-662-5040x6065,Male,1998-06-07,2021-11-13
C007380,Marissa,Faulkner,marthahernandez@example.org,230-273-2496x995,Female,1976-04-24,2026-02-12
C007381,Amber,Perry,tmendoza@example.net,+1-846-226-6184,Male,1989-11-09,2024-03-11
C007382,David,Drake,bromero@example.org,+1-246-651-7668x79045,Female,1989-03-24,2022-02-20
C007383,Lindsay,Roberts,janicehebert@example.com,+1-410-333-7855,Female,1957-12-16,2021-09-26
C007384,Amanda,Hernandez,rossyoung@example.com,269.330.9349x32606,Female,1955-05-15,2025-03-11
C007385,Benjamin,Santana,elizabethobrien@example.net,373-305-8725x0273,Male,1985-11-26,2025-05-14
C007386,Jason,Hoffman,johnathan01@example.net,+1-759-557-8135,Male,1949-12-09,2021-08-21
C007387,Steven,Gonzales,njennings@example.org,(539)567-4840,Male,1943-04-09,2021-09-24
C007388,Joseph,Spence,tina70@example.net,+1-228-973-7130,Female,1936-09-23,2025-02-25
C007389,Matthew,Soto,chamberskristi@example.com,694-795-5923,Female,1989-11-10,2024-11-09
C007390,Brian,Williams,ldavis@example.org,(858)392-6896,Male,1942-08-29,2024-12-03
C007391,Marie,Owens,weavervictor@example.com,001-251-235-9636,Male,1987-07-02,2022-10-18
C007392,Courtney,Vasquez,kelleyjonathan@example.org,696-224-3155x32839,Male,1991-02-04,2024-04-14
C007393,Emily,Herring,yjohnson@example.org,+1-584-433-5073x645,Male,1981-01-06,2023-01-18
C007394,Abigail,Moreno,tburke@example.com,(853)897-4088x92568,Male,2001-12-05,2024-09-18
C007395,Matthew,Burns,ramseyjennifer@example.net,001-542-986-4188x53703,Female,1996-08-13,2021-11-24
C007396,Charles,Rice,jennifer41@example.org,001-828-610-5722,Female,1991-02-19,2024-10-29
C007397,Joel,Taylor,skennedy@example.com,508.570.9273x7699,Male,1944-04-25,2025-07-18
C007398,Zoe,Vang,elizabethcarroll@example.net,933.477.1705x703,Female,1974-12-16,2026-01-05
C007399,Kenneth,Lewis,stephanie81@example.com,(811)978-6263,Female,1976-10-12,2024-01-30
C007400,Joseph,Rivas,gjohnson@example.com,001-402-803-8546x6138,Male,1936-02-01,2023-04-20
C007401,Angel,Contreras,cwilson@example.org,770.528.9755x1711,Female,1971-05-17,2024-07-02
C007402,Jonathan,King,walter99@example.net,478-615-6283,Female,1948-11-21,2022-03-24
C007403,Alexander,Branch,lawrencewilliams@example.net,(959)881-2526,Male,1973-03-10,2023-05-30
C007404,Benjamin,Kennedy,daviscarl@example.net,962.665.6583x635,Male,1957-06-08,2023-05-27
C007405,Miranda,Daniels,lance51@example.net,8907240529,Male,1941-07-04,2024-12-10
C007406,Kim,Barron,juliemathis@example.org,+1-483-737-3543x6979,Male,1980-06-14,2024-10-24
C007407,Rebekah,Bowen,wlopez@example.com,443.291.0388,Female,1941-03-07,2023-03-06
C007408,Chad,Rose,mcgeejustin@example.net,451.839.9539,Male,1964-01-18,2026-03-23
C007409,Arthur,Rodriguez,uwilliams@example.net,225-968-8256,Female,1988-02-16,2024-04-24
C007410,Amber,Chapman,navarrotroy@example.com,+1-386-544-4143x80168,Male,1993-07-22,2023-09-17
C007411,Kristy,Chandler,bakerandre@example.net,760.988.0069x44250,Female,1936-04-12,2022-02-06
C007412,Mikayla,Macias,jason80@example.org,+1-595-981-6187x5685,Male,1985-11-05,2022-09-04
C007413,William,Ryan,harveylauren@example.net,+1-760-906-2399x11119,Female,1953-07-06,2022-05-11
C007414,Elizabeth,Guzman,schwartzmarissa@example.com,001-779-456-2609x9843,Male,2002-04-19,2021-08-18
C007415,Diamond,Anderson,chapmanlee@example.org,942.355.4922,Female,1976-02-28,2026-04-26
C007416,Aaron,Wade,zoe32@example.org,001-874-202-1628x85000,Female,2006-09-25,2026-06-16
C007417,Robert,Ibarra,katherineallen@example.org,(710)869-7461x101,Female,1955-06-05,2024-05-28
C007418,Jason,Jones,savagemegan@example.com,6496901181,Female,2003-03-23,2024-11-05
C007419,Matthew,Warren,donna99@example.com,(820)974-4209,Female,1943-05-29,2025-06-18
C007420,Tom,Salinas,zhangrebecca@example.org,301.315.4740x24166,Female,1937-10-11,2026-01-03
C007421,Sandra,Patterson,charlesmartinez@example.org,501.718.4117x27319,Male,1945-09-07,2022-08-20
C007422,Kathryn,Sherman,ismith@example.com,(580)755-0781x3159,Female,1937-01-30,2022-05-18
C007423,Allison,Yates,brownjulia@example.net,760-845-5520x50556,Female,1969-08-06,2021-11-16
C007424,Colton,Delgado,brownjeremy@example.org,409.386.3214x77400,Male,1999-08-07,2023-04-05
C007425,Paul,Chapman,jenkinsmichael@example.org,3024742675,Female,1935-09-25,2025-07-20
C007426,Eric,Rodriguez,xsutton@example.net,203.969.8902,Female,1982-08-18,2024-08-09
C007427,John,Sanders,brianramirez@example.com,(431)328-9951x624,Male,1956-07-15,2025-05-16
C007428,Shane,Cherry,donaldgomez@example.com,(707)862-3934,Male,1945-09-07,2022-09-02
C007429,Jonathan,Taylor,currybrenda@example.net,821.784.2797x20484,Female,2001-08-11,2023-09-30
C007430,Nicole,Flores,johnsontasha@example.com,001-934-367-2514x9401,Male,1968-01-12,2025-02-16
C007431,Andrew,Collins,frankwarren@example.org,(891)907-3918x107,Female,1999-02-15,2026-04-17
C007432,Jeanette,Ryan,charles18@example.net,001-528-667-8622,Female,1985-09-23,2025-04-26
C007433,Amy,Randolph,tracy93@example.com,489-830-7529x775,Male,1957-05-09,2025-08-16
C007434,Erica,Jones,aaguirre@example.net,+1-710-832-2643,Male,1995-12-06,2021-08-09
C007435,Drew,Hartman,fpena@example.com,+1-359-219-8740x534,Female,1977-05-18,2022-02-27
C007436,Larry,Young,vmorgan@example.net,001-801-536-7608x05827,Male,2008-04-22,2022-02-14
C007437,Victoria,Watson,peckjason@example.com,541-379-3654,Female,1958-08-19,2022-10-03
C007438,Judith,Ramirez,tinapotter@example.org,+1-976-674-7054,Male,1977-08-16,2026-05-21
C007439,Alejandro,Murphy,rpearson@example.org,001-716-702-7025x174,Female,1936-10-07,2022-03-26
C007440,Corey,Johnson,nlopez@example.org,540.911.2626x2399,Male,1937-10-26,2022-06-06
C007441,Patricia,Woods,strujillo@example.org,9728153607,Female,1994-05-21,2025-12-17
C007442,Joseph,Owens,elizabethrobertson@example.com,300.646.6132,Male,1956-05-03,2024-04-10
C007443,Michelle,Ray,robertmitchell@example.com,+1-365-474-3511x63414,Female,1988-02-10,2023-11-24
C007444,Andre,Turner,andrewwilson@example.org,8239630961,Female,1943-11-21,2021-11-16
C007445,Caitlin,Brown,annajones@example.com,(755)941-9478x53333,Female,1960-08-08,2023-08-31
C007446,Jenna,Price,steven16@example.org,5444573122,Female,1970-09-13,2021-07-14
C007447,Isaac,Rivera,chansen@example.org,8508052453,Female,1940-03-21,2023-06-26
C007448,Mary,Rodriguez,silvagerald@example.net,628.991.2003x958,Female,1942-04-07,2025-03-11
C007449,Lisa,Owens,hollywilson@example.net,920.365.0140x896,Female,1953-09-07,2023-10-04
C007450,Emily,Baker,sara43@example.com,219.468.0694,Female,1982-10-05,2025-03-15
C007451,Robert,Rodriguez,abenitez@example.net,001-882-704-0592x184,Male,1984-11-10,2022-04-09
C007452,Dana,Miller,annaberger@example.com,001-745-859-8689x3996,Male,1943-03-10,2023-02-15
C007453,Theresa,Martin,melissa10@example.com,001-430-873-7600x25719,Female,1942-02-05,2024-04-07
C007454,Mary,Olson,gabriellittle@example.net,001-916-207-4054x6667,Male,1967-01-11,2022-07-14
C007455,Christopher,Floyd,smathis@example.net,528.468.3075x0672,Female,1995-10-01,2023-03-22
C007456,Sydney,Sparks,michaelsimpson@example.net,+1-526-394-8167x53871,Male,1972-10-10,2024-01-10
C007457,Nicole,Hill,william87@example.net,+1-603-602-8968x194,Male,1965-05-31,2026-04-13
C007458,Jenny,Lewis,billy83@example.net,299.512.4635x090,Female,1964-01-13,2024-01-16
C007459,Alicia,Jordan,laura96@example.com,7676027762,Male,1962-08-09,2023-09-08
C007460,Mark,Higgins,joseph25@example.net,446.711.8520x93860,Male,2004-02-25,2024-06-11
C007461,Raymond,Buck,adriennewright@example.net,333-902-3952x26178,Female,1978-06-28,2025-04-05
C007462,Erica,Sullivan,jwright@example.org,685.913.4600x6241,Male,1965-06-23,2026-03-18
C007463,Sean,Kelly,aaronbonilla@example.com,246-987-3873,Male,1953-11-26,2026-04-14
C007464,Kenneth,Johnson,olsontroy@example.net,001-746-395-0290x964,Female,2007-02-08,2025-07-08
C007465,Scott,Neal,jeanjohnson@example.net,6598900637,Male,1965-11-23,2023-02-15
C007466,Alejandro,Sexton,eskinner@example.com,819.464.2069x5261,Female,1983-03-10,2025-06-22
C007467,Kathleen,Vasquez,davidhernandez@example.com,001-689-820-3726,Female,1948-09-27,2024-01-12
C007468,Paul,Williams,billyanderson@example.com,497-549-1792,Male,1953-03-23,2026-01-11
C007469,Richard,Murphy,woodjennifer@example.net,624-374-8003,Male,1994-08-26,2025-07-30
C007470,Mark,Weaver,jamesnunez@example.net,(994)697-5159,Male,1961-03-27,2025-03-03
C007471,Amanda,Brown,john40@example.com,(395)291-2044x869,Female,1944-07-04,2024-12-21
C007472,Jason,Wood,holtjessica@example.com,574.653.9061,Female,1996-03-09,2021-07-12
C007473,Trevor,Moreno,randall82@example.com,(309)355-7012x2299,Female,2000-10-27,2023-12-12
C007474,Raymond,King,kevinsalazar@example.org,(392)446-8527,Male,1999-07-25,2022-10-16
C007475,Laura,Mack,wesleymccoy@example.org,+1-619-923-4604x673,Male,1996-10-02,2022-12-30
C007476,Jenna,Craig,matthew03@example.org,(276)971-8580x3403,Male,1996-10-25,2024-09-07
C007477,Heather,Lyons,amason@example.net,001-505-885-4761x0497,Female,1970-12-20,2025-03-23
C007478,Amanda,Richardson,mary56@example.com,975-430-8841,Female,1956-02-14,2025-05-24
C007479,James,Kent,joshuawheeler@example.org,923.382.9589,Female,1999-04-10,2022-01-30
C007480,Michael,Walker,smithhannah@example.com,001-952-894-0569x334,Female,1959-04-04,2021-08-15
C007481,Mark,Eaton,maurice11@example.net,638.462.4113,Male,1984-11-08,2022-10-15
C007482,Jerry,Jimenez,gerald44@example.net,(668)432-7997,Female,1959-06-15,2021-11-02
C007483,Robert,Maxwell,rdean@example.com,811-493-0812,Female,2001-10-29,2024-04-19
C007484,Robert,Marquez,wheelerrandy@example.com,568.245.3916x880,Male,1974-09-10,2021-11-20
C007485,Chad,Jackson,maria40@example.com,001-876-931-0479x9851,Male,1977-10-07,2021-07-30
C007486,Joshua,Owens,lopezlisa@example.net,(837)722-2173x36968,Male,1954-11-03,2026-03-03
C007487,Michael,Howe,lwoodard@example.net,001-982-799-4573x96377,Male,1956-09-02,2024-10-16
C007488,Daniel,Barrett,andreagarrett@example.org,001-640-441-8017x034,Male,1945-07-17,2026-05-02
C007489,Anna,Cooper,sboyd@example.com,974-504-4883x09580,Female,2005-01-18,2023-06-22
C007490,Joseph,Braun,barbaraharrison@example.net,767-461-3263x9041,Male,1978-02-14,2024-11-15
C007491,James,Griffin,jeffrey43@example.com,262-458-7260x05703,Male,1965-04-26,2025-09-07
C007492,Peter,Mueller,thompsonchristina@example.org,668.648.7262,Male,1960-01-07,2021-08-06
C007493,Paul,Sandoval,fgreen@example.org,403.960.2130,Female,1987-05-18,2023-05-03
C007494,Taylor,Tapia,mullinsamy@example.net,737-310-7245x84531,Female,1958-10-01,2026-05-30
C007495,Theresa,Smith,fgarrison@example.com,+1-619-806-3406x35147,Female,1994-08-17,2023-07-16
C007496,Carlos,Schneider,luisruiz@example.org,001-940-576-2848x05171,Female,1968-07-01,2023-04-18
C007497,Danielle,Mccarty,mharrison@example.org,450-456-7554,Male,1963-05-31,2026-02-09
C007498,Ryan,Rogers,martinezdanielle@example.org,(403)200-8678,Male,1999-01-02,2021-09-09
C007499,David,Jackson,kward@example.net,353.705.0565,Male,1984-06-14,2021-09-28
C007500,Dana,Wright,john38@example.com,(764)321-6088,Male,2001-04-19,2026-04-10
C007501,Megan,Torres,kristi38@example.net,378-309-3595,Male,1954-02-15,2022-03-13
C007502,Melissa,Mccarty,qjones@example.net,(738)544-5091,Male,1981-05-13,2024-09-21
C007503,Amber,Grant,coopergary@example.com,8864031346,Male,2002-02-21,2026-02-15
C007504,Charles,Jones,nicholas09@example.com,+1-584-740-6693x810,Female,1977-10-13,2026-05-11
C007505,Laura,Smith,stephanie83@example.org,+1-574-221-7635,Male,1978-06-20,2024-11-02
C007506,Christina,Hanson,wendy93@example.com,6085688033,Male,1968-09-24,2024-07-05
C007507,Holly,Lambert,pricebryan@example.org,(230)568-1763x10034,Female,1946-11-27,2025-08-01
C007508,Patrick,Christensen,dthornton@example.org,001-344-867-4069x371,Male,1956-05-09,2025-06-22
C007509,Michael,Arnold,igardner@example.org,492.517.0679x112,Female,1968-10-04,2026-06-04
C007510,Eric,Coleman,marcuscurry@example.org,(598)613-8049x2621,Male,1992-02-05,2021-12-23
C007511,Christine,Ramos,thunt@example.com,001-814-630-6776,Female,2007-02-19,2025-07-04
C007512,Micheal,Russell,kyle85@example.com,+1-842-491-6416x062,Female,1994-04-17,2024-06-08
C007513,Mitchell,Acevedo,thomas70@example.com,001-266-960-7268,Male,1952-01-16,2024-03-24
C007514,Douglas,Hughes,antoniopeters@example.org,(888)330-2181x43729,Female,1952-06-03,2025-02-07
C007515,Hunter,Taylor,simmonsbrandon@example.com,001-502-272-4074,Male,1952-09-06,2026-02-23
C007516,Henry,Hart,cfoley@example.com,(998)689-7892x6322,Male,1991-12-26,2025-08-12
C007517,Joseph,Rogers,udonovan@example.com,734.802.6026,Male,1963-08-27,2026-06-14
C007518,Michelle,Whitaker,tracy70@example.org,001-906-465-4005,Female,1999-08-08,2021-11-06
C007519,Sara,Richmond,leachlauren@example.net,7596664758,Male,1995-05-02,2023-08-07
C007520,Pamela,Santiago,michaelmarks@example.net,457-316-2702x1314,Female,1949-07-01,2024-07-02
C007521,Mary,Todd,armstrongjustin@example.com,3004547586,Female,1977-04-06,2024-05-02
C007522,Steven,Thomas,ishelton@example.com,(978)334-0064x097,Male,1998-04-30,2024-05-16
C007523,Marie,Malone,morriserin@example.net,001-217-334-6777x6944,Male,1999-03-14,2023-09-04
C007524,Brittney,Allen,wgordon@example.net,(550)254-6674,Male,1936-01-21,2024-08-03
C007525,Samuel,Nguyen,devin02@example.com,001-725-769-5273,Female,1960-10-31,2024-05-28
C007526,Craig,Hayes,uconner@example.com,686.634.1215x75515,Male,1942-09-30,2025-04-16
C007527,Ralph,Gibbs,usanchez@example.org,+1-518-592-9702,Female,2002-12-14,2023-10-01
C007528,Maria,Ford,jennifer87@example.com,(354)395-8975x926,Female,1948-06-01,2025-03-22
C007529,Melissa,Griffith,jessica46@example.net,432.771.4100,Female,1986-06-04,2024-04-21
C007530,Christine,Miller,tommy96@example.com,(614)404-5612,Female,1948-03-03,2023-11-17
C007531,Mary,Quinn,lewisjoseph@example.net,001-890-292-5685x9858,Male,1942-01-02,2026-05-15
C007532,John,Lewis,brandtaimee@example.net,001-634-966-6078x6893,Female,1943-04-29,2021-07-12
C007533,Michael,Williamson,sherrismith@example.org,736-420-4599x201,Female,1999-10-24,2026-05-10
C007534,Mary,Guerrero,natalieramos@example.net,806-634-9203,Male,1979-05-11,2023-09-07
C007535,Timothy,Torres,hannahtucker@example.org,+1-813-976-4260x0437,Male,1965-09-04,2024-02-14
C007536,Barbara,Dalton,katherine10@example.net,3207182261,Female,1990-03-02,2022-01-13
C007537,Jasmine,Wilson,donald80@example.org,415.592.7283x45149,Male,1951-12-07,2022-05-12
C007538,Elizabeth,Wheeler,jacksonanna@example.org,537-783-2599,Female,1939-09-08,2024-06-11
C007539,Miguel,Johnson,blackwellmichelle@example.net,+1-716-646-7604,Female,1978-11-27,2024-10-21
C007540,Lisa,Taylor,heather08@example.org,344-488-2020x526,Female,1966-11-12,2022-04-20
C007541,Scott,Wright,rochateresa@example.com,510-356-1310,Female,1943-08-23,2025-01-23
C007542,Jennifer,Hahn,stephaniecastillo@example.com,421-750-4201x591,Male,1939-09-09,2023-09-27
C007543,Marisa,Williams,vargasronald@example.org,570-662-0969x6192,Female,1967-05-12,2025-09-27
C007544,Steven,Hamilton,emiller@example.com,502-721-3095,Male,1951-01-31,2024-02-11
C007545,Kathleen,Armstrong,darrellwallace@example.com,+1-293-230-9449x8046,Female,1994-04-21,2026-05-25
C007546,Zachary,Edwards,ogriffin@example.org,667-438-8832,Male,1957-01-26,2024-12-30
C007547,Richard,Jackson,douglassimpson@example.org,397-843-7475x2250,Male,1995-09-26,2024-05-30
C007548,Robert,Kent,rriley@example.com,753.734.6075,Female,1985-03-31,2025-06-01
C007549,Spencer,White,christina26@example.net,8595248476,Male,1983-07-08,2023-05-04
C007550,Tiffany,Morales,paul30@example.com,(381)953-5889x213,Female,1957-09-09,2022-02-28
C007551,Kristin,Crane,joyce50@example.org,+1-284-945-3177x903,Male,1993-01-19,2024-11-18
C007552,Nicole,Cortez,angela81@example.org,(353)781-9148x67384,Female,1974-04-21,2026-04-30
C007553,Brian,Jordan,monicaball@example.com,(854)631-9226x027,Female,1960-07-10,2024-02-03
C007554,Kelly,Ortega,yorkmichael@example.net,420-644-2427,Female,1993-07-25,2023-10-30
C007555,Karen,Rodriguez,gbyrd@example.org,+1-564-593-0490x437,Male,1957-03-06,2021-08-18
C007556,Bobby,Miller,willie27@example.org,(949)909-8801x0114,Female,1983-08-17,2022-05-29
C007557,Trevor,Rice,amberthompson@example.com,001-389-803-1633,Female,2000-09-16,2024-05-22
C007558,Kathryn,Kim,michelle38@example.org,001-677-666-5165x4536,Female,1985-07-09,2021-10-24
C007559,Jennifer,Harding,nhill@example.com,(422)768-6259x345,Male,2005-04-09,2023-07-28
C007560,James,Miller,cynthiamendoza@example.net,453-616-8403,Male,1957-03-26,2024-12-12
C007561,Dwayne,Carrillo,michelle98@example.org,3848298670,Male,1995-05-30,2024-10-09
C007562,Jennifer,Curry,mayheather@example.net,566-540-8146x5367,Female,1936-03-11,2024-08-23
C007563,Tracy,Rodriguez,leslie19@example.net,580-405-7896x600,Male,2003-12-27,2021-12-03
C007564,Alexander,Jackson,loveapril@example.org,001-394-882-7309,Male,1957-05-13,2024-05-10
C007565,Lindsay,Smith,kathleenharris@example.com,985-572-2768,Male,1986-03-22,2024-04-19
C007566,Andrea,Weber,catherine53@example.net,+1-641-471-0761x390,Male,1986-01-22,2022-10-20
C007567,Jennifer,Ellis,jfrederick@example.com,+1-543-452-1924x9396,Male,1966-01-23,2025-11-05
C007568,Robert,Richard,kthomas@example.com,942.940.5683x49294,Female,1997-11-27,2022-02-25
C007569,Katrina,Mcconnell,boyercarrie@example.net,(656)652-8240,Female,1965-05-06,2022-08-08
C007570,Sara,Jones,alisha40@example.com,2475910659,Male,1995-12-21,2022-05-05
C007571,Paul,Ball,xreed@example.org,+1-978-264-3311x595,Female,1967-11-27,2023-03-06
C007572,Patrick,Morris,aharper@example.net,3828083193,Male,1939-07-11,2025-07-23
C007573,James,Collier,coreycooley@example.net,(203)241-4985x790,Female,1955-12-31,2024-02-14
C007574,Brandon,Mitchell,joshua97@example.org,(321)279-2827x5477,Male,1956-12-28,2025-09-02
C007575,Paul,Johnson,randytodd@example.com,788-325-8532x01627,Male,1968-05-27,2024-04-28
C007576,Anthony,Johnson,swansondustin@example.com,672-393-3155,Male,1981-02-25,2021-07-09
C007577,Melissa,Rojas,dfoster@example.org,001-977-778-4011x499,Female,1944-04-11,2023-07-26
C007578,Renee,Foster,fsawyer@example.org,(409)642-7608x690,Male,1984-05-17,2022-06-20
C007579,Seth,Brown,cjones@example.net,889-436-1974x969,Male,1977-02-08,2022-04-03
C007580,David,Morales,traciperez@example.net,747-451-8615,Female,1991-03-23,2025-05-09
C007581,Susan,Daniel,barbara32@example.com,(954)788-5409x53878,Male,1996-02-04,2023-07-16
C007582,Gregory,Williams,kristopher63@example.org,924.646.1070x9141,Male,1984-12-11,2023-05-12
C007583,Dylan,Jones,nbrown@example.org,615.960.1086,Male,1981-09-08,2022-01-04
C007584,Laurie,Dawson,jill85@example.org,718-997-7035x1397,Female,2003-01-20,2022-02-15
C007585,Wesley,Leblanc,pmurphy@example.org,+1-915-291-0943x265,Male,1974-12-25,2024-04-29
C007586,Sarah,Nguyen,heatherpayne@example.org,643-576-9879x9775,Male,1956-05-14,2023-10-13
C007587,Preston,Miller,malvarez@example.com,9495562087,Male,1970-02-27,2025-02-01
C007588,Danielle,Shelton,christopherstrickland@example.com,(946)590-6896,Male,1940-05-08,2024-06-04
C007589,William,Baker,perezrebecca@example.net,001-257-976-1325,Male,1975-04-16,2025-11-20
C007590,Sean,Coleman,lambcandice@example.com,2525381113,Female,1935-12-15,2023-10-21
C007591,Jared,Edwards,weberdanielle@example.net,585.552.0216,Female,1999-05-20,2023-11-04
C007592,Thomas,Smith,jasonhunt@example.org,001-761-945-2893x34040,Female,1996-02-08,2022-05-20
C007593,Regina,Thompson,gutierreztyrone@example.com,204-274-6752x55910,Male,1994-10-03,2024-05-16
C007594,Douglas,Coleman,bakerrichard@example.org,852-541-9370,Male,2002-06-14,2022-06-14
C007595,Stephanie,Drake,weeksjulia@example.com,001-280-672-7965x80978,Male,1989-06-18,2023-07-30
C007596,Shelby,Warren,parkcourtney@example.org,593-326-2324,Male,1968-10-26,2022-06-10
C007597,William,Wells,efernandez@example.com,001-702-648-9190,Female,1944-08-16,2023-09-26
C007598,Chloe,Mendoza,lnewton@example.com,001-576-580-7801,Female,1962-04-16,2023-01-10
C007599,John,Wright,mrodriguez@example.org,396.339.2934x387,Male,1944-12-25,2024-08-14
C007600,Jasmine,Patterson,michelleowen@example.com,9883074040,Female,1963-05-03,2022-01-20
C007601,David,Kim,cellis@example.net,(426)913-7507x311,Female,2007-09-02,2025-12-03
C007602,John,Blackburn,zwilliams@example.com,285.329.0531x6545,Female,1993-10-18,2025-04-25
C007603,Ashley,Ellison,amanda81@example.com,+1-722-897-5975x503,Female,1953-02-10,2023-06-27
C007604,Diana,Larson,ijordan@example.org,001-810-323-7497,Male,2003-05-18,2022-11-29
C007605,Sabrina,Maddox,jimenezdebra@example.com,3446010915,Male,1984-05-03,2022-07-03
C007606,Ashley,Merritt,mlowe@example.org,001-296-411-5436x0197,Female,1956-04-26,2021-11-23
C007607,Heidi,Williams,harringtonmatthew@example.org,(311)507-2041x151,Female,1976-02-24,2022-03-23
C007608,Ryan,Ruiz,eescobar@example.net,+1-461-500-2570x8588,Female,1957-03-23,2023-01-27
C007609,Stacy,Flores,umason@example.org,+1-929-934-4672x6940,Female,1942-06-11,2025-10-05
C007610,Victor,Rubio,samantha36@example.com,001-475-936-8087,Male,1986-06-22,2022-07-31
C007611,Laura,Morris,andrewkennedy@example.org,+1-844-312-5754x00670,Male,1953-04-25,2022-11-26
C007612,David,Alvarado,bryan57@example.net,482-223-4989x1476,Female,1993-07-24,2024-03-25
C007613,Debbie,Gonzalez,emmamartin@example.org,902-206-4190x9652,Male,1998-03-10,2025-08-06
C007614,Mark,Harris,dluna@example.org,204-980-7532x0679,Female,1970-08-20,2025-07-14
C007615,David,Morgan,kayla75@example.com,6062552628,Male,1999-02-24,2021-07-07
C007616,Haley,Taylor,hernandezhenry@example.org,521-437-7698x683,Male,1984-12-19,2023-09-08
C007617,Robert,Chang,xwang@example.com,973-940-9688,Female,1951-12-09,2022-01-24
C007618,Janet,Ferguson,krodriguez@example.com,(259)931-7758,Male,1944-08-08,2025-04-16
C007619,William,Miller,stephanie37@example.org,872.944.8748x93158,Female,1950-04-01,2022-01-17
C007620,Gina,Sexton,edward81@example.org,(707)737-8842x6005,Male,1937-01-23,2021-07-21
C007621,Caitlin,Russell,fsantana@example.org,244-303-7030,Male,1977-04-14,2023-03-16
C007622,David,Pearson,bwoods@example.org,529.233.4619,Female,1968-04-14,2024-07-02
C007623,Robin,James,hknapp@example.org,275-559-9588x245,Female,1968-04-02,2022-12-25
C007624,David,Mcdonald,adam68@example.org,766.941.4115,Female,1969-02-02,2024-03-18
C007625,Katherine,Elliott,brittney83@example.net,001-373-229-2910x23457,Male,1950-11-06,2022-08-01
C007626,Martha,Ramirez,daviserik@example.net,827-621-3983,Female,1971-12-31,2026-01-20
C007627,April,Delgado,michellerodriguez@example.org,+1-546-912-4507x39869,Female,1968-01-09,2023-06-29
C007628,John,Turner,jerry69@example.com,(497)288-8501x97553,Male,1972-01-01,2026-02-28
C007629,Lauren,Sparks,dean39@example.org,9506645854,Female,1988-10-17,2021-09-25
C007630,Linda,Sparks,jeffkelly@example.com,9476621189,Female,1983-01-09,2024-10-03
C007631,Suzanne,Murray,johnsonjanice@example.org,(770)457-1418,Male,2005-11-22,2024-07-02
C007632,Angela,Bird,pamela32@example.org,001-585-297-0859x38020,Male,1954-01-20,2025-09-10
C007633,Benjamin,Alexander,samuelgreene@example.net,001-768-783-6529x02999,Male,1946-02-16,2023-02-01
C007634,James,Pacheco,emmaharper@example.com,+1-330-523-7365x796,Female,1971-03-03,2023-07-24
C007635,Angela,Chung,cjohnson@example.com,001-642-944-7318x8024,Male,1965-07-02,2024-04-07
C007636,Kristen,Rogers,daniel22@example.com,+1-254-916-7019,Female,1967-05-20,2024-09-13
C007637,Jodi,Hodge,lisaatkinson@example.com,+1-739-915-0959x00861,Male,1973-04-21,2024-12-20
C007638,Amber,Tate,devindavis@example.net,001-835-782-7343x3196,Female,2007-12-21,2026-03-10
C007639,Terri,Patrick,vcarroll@example.org,+1-880-638-5581x0911,Female,1988-10-01,2022-10-17
C007640,Ronnie,Kerr,mckeejill@example.net,3497601424,Male,1985-06-14,2023-08-28
C007641,Cheryl,Delacruz,valerie01@example.com,001-496-920-0083x2501,Male,1958-01-01,2022-05-10
C007642,Jennifer,Ho,logancarter@example.org,(218)528-7445x6457,Male,1971-08-27,2025-02-22
C007643,Lindsay,Ward,bobbydavenport@example.org,(426)686-7695x7105,Male,1998-12-03,2022-05-17
C007644,Stephanie,Garcia,wisesusan@example.org,(648)202-0873x57915,Male,1957-12-04,2023-11-02
C007645,Maureen,Montgomery,antoniojohnson@example.com,318-228-8918,Male,1946-09-01,2023-04-30
C007646,Michael,Rosales,matthewgibson@example.com,250-843-7758x33128,Female,1992-08-09,2025-08-17
C007647,Benjamin,Cook,williamsleah@example.net,+1-829-837-0197x6215,Male,1980-12-13,2026-06-30
C007648,Kevin,Ray,isullivan@example.org,001-821-441-1566x504,Female,1968-06-16,2021-10-12
C007649,Katherine,Montoya,destinysmith@example.net,665-385-0241x4977,Female,1992-12-07,2025-03-23
C007650,Brittany,Hall,stanleyjuan@example.net,5327239935,Female,1971-07-03,2022-07-01
C007651,Stephanie,Johnson,stevenrobinson@example.net,336.885.6013x5575,Male,1940-07-01,2025-02-13
C007652,Bailey,Walters,darrencordova@example.org,+1-846-741-7597x17141,Male,1995-08-07,2022-11-12
C007653,Sarah,George,elijahtownsend@example.org,927-402-5993,Male,2000-11-12,2024-06-20
C007654,Matthew,Farmer,jimedwards@example.net,522-638-9479x396,Female,2008-05-25,2022-11-15
C007655,Michele,Meadows,lodonnell@example.com,248-201-2487x52538,Female,2008-06-01,2025-01-28
C007656,Bobby,Martinez,bryantraymond@example.net,001-680-485-4543,Male,1946-01-18,2024-10-12
C007657,Ronald,Lopez,imiller@example.com,001-391-810-6709x173,Male,2001-08-10,2023-05-23
C007658,Angela,Hernandez,fuentesalexis@example.com,488-406-1990x4582,Female,1994-10-05,2024-05-05
C007659,David,Smith,currymichael@example.com,+1-306-897-1373x250,Male,1944-05-13,2025-07-24
C007660,Michael,Davis,grahampatricia@example.net,707.567.9752x7415,Male,1985-06-16,2024-06-21
C007661,Jennifer,White,lray@example.net,+1-249-349-2794x9981,Male,1983-09-01,2025-05-07
C007662,Andrea,Stanley,stephensonalicia@example.com,+1-220-887-1981x5005,Female,1973-12-01,2021-09-15
C007663,Theresa,George,caleb45@example.net,561-806-9799,Male,1996-02-25,2026-01-08
C007664,Angela,Smith,joycesoto@example.com,(995)311-9508,Female,1988-05-21,2024-04-12
C007665,Michael,Delgado,jamesdavis@example.com,550-774-9465,Female,2004-05-01,2025-02-22
C007666,Jessica,Cruz,jennifer52@example.com,477-462-6327x904,Female,1986-05-14,2026-02-11
C007667,Angela,Baker,bowersgary@example.com,+1-652-942-1298x128,Male,1935-09-23,2022-07-25
C007668,Nicole,Moore,heather61@example.com,001-206-977-3429,Male,1995-08-22,2024-08-29
C007669,Melanie,Reid,underwoodadrian@example.net,721.678.9808,Female,1971-09-01,2024-11-09
C007670,Cynthia,Whitney,joseph40@example.net,+1-627-505-6668x8179,Male,1999-05-11,2026-05-17
C007671,Michael,Goodwin,cbradford@example.com,+1-461-942-6658,Male,2002-01-09,2021-10-13
C007672,Joshua,Buchanan,khampton@example.org,+1-848-303-2767x158,Female,1957-04-11,2025-09-30
C007673,Erica,Blevins,smithanthony@example.com,(720)963-6112,Female,1963-05-26,2021-10-03
C007674,Susan,Jones,sabrinaschneider@example.net,944.768.8249x7317,Male,2005-05-29,2022-08-19
C007675,Alexander,Poole,ashley47@example.net,346.442.5629x8257,Male,1970-02-22,2021-10-19
C007676,Mary,Wagner,briley@example.com,992.485.2864x7646,Female,1944-05-19,2022-04-27
C007677,Philip,Sparks,hannahthompson@example.org,(741)349-3449x37371,Female,1951-06-21,2024-02-14
C007678,Matthew,Giles,saragarcia@example.com,516.650.7082,Male,1986-08-14,2023-03-22
C007679,Ashley,Grant,patricia39@example.org,(564)590-3046x954,Female,1948-01-02,2026-05-18
C007680,Heather,Tanner,mosleyrebecca@example.com,(313)574-7795,Female,1987-10-16,2022-09-15
C007681,Haley,Rivera,owilson@example.net,254.985.5137x0483,Female,1980-06-06,2021-10-25
C007682,Zachary,Savage,deborah27@example.com,(653)364-1979x02494,Male,2007-11-23,2025-01-15
C007683,Shelia,Mejia,mcollins@example.net,200-551-2014x117,Female,1969-04-03,2024-07-10
C007684,Taylor,Parks,zolson@example.com,(924)502-0547,Male,1943-01-26,2022-08-21
C007685,Anna,Barrera,johnsonronald@example.net,+1-924-336-7245x590,Female,1987-11-28,2022-09-02
C007686,Justin,Prince,katieturner@example.net,912-957-6412,Female,2000-03-13,2026-04-04
C007687,Veronica,Sanchez,ghughes@example.com,001-484-941-4006x342,Male,1987-02-23,2021-08-01
C007688,Michael,Kelly,kathrynwilson@example.org,+1-580-283-3157,Female,1957-09-27,2022-02-22
C007689,Malik,Todd,hancockcarol@example.org,891.835.4987,Male,1987-10-16,2026-02-05
C007690,Jessica,Murphy,wbaker@example.com,3122580604,Female,1967-08-02,2024-12-01
C007691,Susan,Cannon,jamesking@example.com,001-376-411-5557x5129,Female,1975-01-05,2021-09-08
C007692,Amy,Lawrence,estradashawn@example.org,(909)868-5821x6768,Female,1972-09-22,2022-08-25
C007693,Joseph,Mahoney,gnixon@example.org,2305862799,Male,1981-06-19,2025-05-17
C007694,Taylor,Mendoza,vincentjoshua@example.net,892.764.0151x452,Male,1969-03-05,2023-07-11
C007695,Heidi,Wilson,robert79@example.net,260.841.9004,Female,1962-03-24,2024-11-07
C007696,Anne,Wells,harrelldaniel@example.net,526-570-2329,Male,1998-09-29,2025-06-06
C007697,Sarah,Johnson,jade13@example.org,(373)417-4500x722,Male,1965-03-19,2024-08-07
C007698,Marc,Rodriguez,tfrazier@example.org,426-984-4243x53882,Male,1983-10-04,2026-03-14
C007699,Zachary,Leonard,kjensen@example.com,(674)541-8378x42915,Male,1981-03-28,2021-09-01
C007700,Kerri,Rogers,brittney10@example.org,876-226-2232x014,Female,1969-07-03,2023-02-05
C007701,Edward,Valdez,gbrown@example.net,631.264.6978,Female,2003-04-17,2026-06-23
C007702,Stacey,Jackson,rowejeffrey@example.org,5583482144,Female,1994-09-14,2022-05-09
C007703,Vanessa,Howell,blackfrederick@example.net,728.230.6035x6832,Male,2001-08-15,2026-03-18
C007704,Kristin,Frazier,spennington@example.com,296-243-5064,Female,1981-05-18,2023-03-28
C007705,Rebekah,Dixon,shawnflores@example.net,001-869-379-2226,Male,1953-07-08,2023-02-19
C007706,Patricia,Rodriguez,aburton@example.net,(798)931-7542x87758,Female,1988-07-25,2025-01-18
C007707,Douglas,Caldwell,kyle52@example.org,446-524-2794x00650,Male,1967-08-27,2026-05-09
C007708,Rick,Perry,jacksontimothy@example.net,001-242-384-8985x96997,Male,1969-09-19,2025-05-30
C007709,Martha,Hill,derek51@example.com,573-412-8841x95459,Female,1982-12-25,2022-01-04
C007710,Jessica,Martin,sherri61@example.net,(807)402-1404x862,Male,1966-08-13,2023-05-15
C007711,Erica,Ali,ghuffman@example.net,289-276-9221,Female,1954-11-18,2024-01-02
C007712,Anthony,White,morganchristian@example.net,(538)763-7260,Male,1982-11-02,2022-08-12
C007713,Brenda,Hale,lwolf@example.com,912.727.3511,Male,1947-03-12,2022-02-12
C007714,Chloe,Thompson,dawn59@example.net,001-624-560-3287x104,Female,1939-02-17,2022-01-13
C007715,Luis,Warner,jay99@example.net,(522)376-3483x5953,Female,1990-11-02,2021-08-18
C007716,Danielle,Ellis,xsanders@example.org,652-475-6630,Female,1936-11-13,2026-04-28
C007717,Jeremy,Freeman,ihoffman@example.org,888.632.1164,Male,1956-08-27,2023-04-07
C007718,Rebecca,Hobbs,zcooper@example.net,256.796.8253x954,Male,1950-01-06,2024-05-30
C007719,Ashley,Schwartz,kenneth06@example.org,+1-737-883-5540x9466,Male,1996-01-18,2026-07-03
C007720,Kristen,Hill,paige95@example.com,819-514-3031x693,Female,1937-01-23,2024-12-04
C007721,Jennifer,Webb,levinedaniel@example.org,885.716.6896x9478,Female,1938-04-27,2023-01-01
C007722,Nicholas,Pitts,kelly49@example.net,714-769-7760,Female,1989-10-17,2025-02-07
C007723,Jon,Day,tfischer@example.com,(998)307-7319,Female,1999-03-25,2023-08-22
C007724,Michelle,Figueroa,hholt@example.org,432.404.6098x5202,Female,1989-09-16,2023-04-25
C007725,Rebecca,Mccormick,veronicamorales@example.org,+1-705-298-6669,Male,1940-09-13,2026-04-25
C007726,Priscilla,Myers,inunez@example.com,(279)631-6346x5099,Female,1955-12-11,2022-07-09
C007727,Alex,Meyer,zcopeland@example.org,644-535-8587,Female,1979-04-25,2022-08-12
C007728,Jerry,Kane,iheath@example.net,255-643-4598x220,Male,1979-11-15,2025-08-14
C007729,Christopher,Conrad,karikrueger@example.org,241-576-9361,Female,1942-04-20,2021-09-14
C007730,Jesse,Nelson,dmiller@example.net,(447)862-0178x687,Male,1960-12-03,2025-03-04
C007731,Barbara,Wright,taylortimothy@example.net,529.823.5079x67114,Male,1964-06-18,2023-01-09
C007732,Kimberly,Berger,myoung@example.org,(241)985-9456,Female,1956-06-30,2025-02-23
C007733,Lisa,Nelson,patricia19@example.com,(521)529-7133,Female,1992-11-23,2024-02-18
C007734,Tina,Goodman,goodwinkelli@example.org,985.367.9096x890,Female,1981-04-29,2024-08-21
C007735,Sarah,Davis,vanderson@example.com,(461)771-1244x66601,Male,1946-07-19,2025-08-14
C007736,Jason,Alexander,diana71@example.net,452.926.9385,Female,1960-08-29,2023-02-09
C007737,Bradley,Gross,wgay@example.com,+1-716-675-2734,Female,1996-11-15,2026-04-15
C007738,Keith,Moreno,martinkeith@example.com,5259466281,Male,1936-01-27,2022-08-26
C007739,Daniel,Anderson,jill53@example.com,(816)839-6370x519,Male,1973-05-31,2023-10-27
C007740,Andrew,Olson,kylejohnston@example.com,001-465-360-2848,Male,1937-08-27,2026-04-01
C007741,Gregory,Ballard,stephanielewis@example.org,321-246-6279,Male,1949-01-28,2023-12-29
C007742,Erica,Brewer,acarter@example.net,001-613-614-1332,Female,1967-02-06,2022-02-11
C007743,Brian,Medina,zbender@example.org,6303110777,Female,1961-08-09,2024-05-13
C007744,Michelle,Roberts,gloriaheath@example.org,464.939.2659,Male,1978-06-21,2024-04-19
C007745,William,George,michellejohnson@example.net,001-527-852-0015x03440,Male,1993-05-30,2023-06-13
C007746,Jeremiah,Saunders,nhayes@example.org,254-519-1886x8153,Male,1987-05-31,2025-08-07
C007747,Kendra,Bradley,theresacarlson@example.com,7985269900,Female,1963-11-14,2023-05-05
C007748,Michael,Norris,lauren95@example.net,2178233841,Female,1963-06-09,2021-09-24
C007749,Stephen,Lin,daguirre@example.net,(540)512-9582x2531,Female,2008-05-26,2025-08-27
C007750,Caleb,Mcclain,davistamara@example.net,3455679074,Female,2005-09-25,2021-08-03
C007751,Brent,Bender,barbararose@example.com,(909)360-4342x7891,Female,2000-04-03,2023-02-28
C007752,Tiffany,Gomez,mrussell@example.com,898.208.8559,Male,1971-08-19,2023-07-14
C007753,Brian,Sherman,pbaird@example.com,(258)278-4979,Male,1942-10-10,2025-01-13
C007754,Alexander,Fowler,charlesnorman@example.net,(592)509-4323,Male,1945-07-27,2022-06-05
C007755,Emily,Hall,shannonvelazquez@example.org,399.269.5956x90105,Male,1951-02-06,2025-12-18
C007756,Shannon,Parks,uvazquez@example.org,328.234.3950x3408,Female,1987-12-30,2022-05-18
C007757,Levi,Armstrong,camachojasmine@example.com,876-922-4784x6988,Male,1980-01-08,2024-06-13
C007758,Heather,Jackson,knelson@example.org,001-329-727-8954,Male,1941-08-15,2025-07-27
C007759,Colin,Cardenas,ericturner@example.com,717.832.6511x7646,Male,1947-01-08,2025-05-20
C007760,Patricia,Herrera,dilloncharles@example.org,468.523.0580x5172,Female,1956-02-24,2021-08-24
C007761,Courtney,Ward,crystalbell@example.com,629.695.4363x7585,Female,1974-08-11,2023-06-08
C007762,Suzanne,Smith,gregorysharon@example.net,+1-830-401-4215x100,Female,1978-01-09,2023-11-22
C007763,Amanda,Andrews,fernandezjudy@example.com,587-651-0366,Female,1941-06-18,2023-07-09
C007764,Jeremy,Brown,michaelhall@example.org,422-772-8587,Female,1943-04-25,2024-12-08
C007765,Leah,Mitchell,jenkinscindy@example.com,001-313-650-4934x0151,Male,1953-04-24,2026-05-30
C007766,Sherri,Gonzalez,timothywilliams@example.net,(413)605-5771x741,Male,1940-08-29,2023-11-27
C007767,Erica,Crawford,fuentesjohn@example.net,(879)486-0362x3292,Male,2002-06-20,2022-03-05
C007768,Timothy,George,jeffrey01@example.org,001-567-359-0054x690,Female,1969-10-11,2026-03-21
C007769,Tanya,Diaz,phammond@example.net,(492)863-9324x777,Male,1968-12-21,2023-12-19
C007770,Michael,Wise,kevin12@example.org,880.636.8585x6277,Male,1940-01-10,2024-08-12
C007771,Rodney,Sanders,christina65@example.net,(326)245-8124x4108,Male,1968-05-18,2022-07-10
C007772,David,Brooks,nelsonstephen@example.com,001-738-275-1618x15338,Female,1958-10-06,2023-05-03
C007773,Wayne,Peterson,agreen@example.net,295.269.2000x20112,Male,1974-07-30,2022-10-21
C007774,Tom,Perez,uarmstrong@example.com,+1-240-406-9968,Female,1983-05-06,2023-06-13
C007775,Jacqueline,Rodriguez,wbrown@example.com,001-693-236-5475,Male,1979-02-13,2025-11-15
C007776,Justin,Frazier,joshua12@example.org,001-619-556-5919x1797,Female,1960-12-02,2026-06-29
C007777,Neil,Owens,joshuawilliams@example.com,001-846-852-4205x38324,Female,1983-03-01,2026-01-08
C007778,Courtney,Thompson,hayden67@example.com,+1-285-287-3149x3362,Male,2007-04-14,2024-03-03
C007779,Lori,White,mirandabowman@example.org,+1-743-343-0312x815,Female,1987-11-30,2021-12-15
C007780,Traci,Reilly,solomonmisty@example.org,2922938069,Male,1997-09-30,2021-10-22
C007781,Keith,Cuevas,ewilliams@example.org,6993930999,Female,1953-06-27,2024-04-09
C007782,Allison,Harris,jamestaylor@example.com,645.283.8393x38432,Male,1989-12-21,2025-05-13
C007783,Melissa,Cantrell,jrodriguez@example.net,001-714-215-8363x82338,Male,1962-12-01,2026-06-28
C007784,Mary,Weeks,joshua75@example.org,416.701.6330x83405,Female,1984-09-10,2023-03-14
C007785,Thomas,Murphy,lewisbrian@example.com,269.304.7297x0467,Male,2002-04-23,2026-03-17
C007786,Brandon,Mays,fosterjane@example.org,001-703-577-7861,Male,2004-08-30,2023-09-06
C007787,Audrey,Gonzalez,joe72@example.org,8542962039,Male,1994-12-27,2023-09-25
C007788,Jennifer,Woodward,andrew58@example.org,+1-877-744-2521x42902,Male,1942-11-21,2024-07-27
C007789,Renee,Henderson,ubrown@example.org,291.757.3758x334,Female,1967-08-12,2022-07-02
C007790,Shari,Gonzalez,bradleyvalerie@example.org,881-693-4777x1650,Male,2006-03-03,2024-03-06
C007791,Michele,Johnson,harrisnicole@example.com,292.685.9668x6921,Female,1973-12-03,2024-07-19
C007792,Tammy,Mcguire,ylopez@example.com,001-718-346-2766,Male,1960-01-31,2025-09-19
C007793,Brandon,Pope,kmartin@example.com,291-647-9304,Male,1963-08-25,2026-02-04
C007794,Ethan,Gates,thorntonchristina@example.net,(993)681-2090x593,Female,1969-12-30,2024-04-08
C007795,Beth,Jennings,silvarichard@example.net,983-699-7380x4096,Male,1996-04-25,2026-06-10
C007796,Erica,Welch,julia74@example.net,(921)310-3354x7290,Male,1949-05-06,2024-08-13
C007797,Julie,Jefferson,upadilla@example.org,001-689-346-9620x75193,Female,1957-05-24,2022-03-25
C007798,Nina,Thompson,alan07@example.net,+1-506-927-3013,Female,1949-06-15,2023-05-02
C007799,Victoria,Davis,parkerreginald@example.net,224.843.8123x451,Male,1951-10-01,2023-02-27
C007800,Brandy,Fox,baldwincorey@example.org,001-701-645-4310x215,Male,1955-01-14,2024-11-22
C007801,Jacqueline,Ramirez,woodardemily@example.com,(319)751-3529x543,Female,2004-05-09,2021-11-09
C007802,Samuel,Kemp,matthewclark@example.net,573-243-0538x7442,Female,1962-12-23,2024-02-03
C007803,Brandon,Valdez,timlester@example.org,(789)360-6733x3138,Female,1952-09-26,2025-02-10
C007804,Rhonda,Sullivan,eric85@example.org,001-366-396-5306x61217,Female,1982-04-19,2025-06-07
C007805,Grace,Graham,sfreeman@example.com,473.916.7944,Male,1953-02-22,2022-07-08
C007806,Jesse,Mcdonald,john99@example.com,721.699.5567x138,Male,1962-11-26,2026-06-30
C007807,Felicia,Carey,jessica86@example.net,+1-657-945-9640x605,Female,1993-01-08,2024-01-20
C007808,Frank,Oneill,anthony06@example.org,001-419-570-6649x788,Female,1959-06-04,2022-06-12
C007809,Robin,King,lward@example.org,709-857-2897x07567,Male,1956-09-11,2022-12-09
C007810,Brian,Arnold,eric01@example.com,441.672.2954,Male,1986-12-04,2021-11-07
C007811,Daniel,Miller,sharpjennifer@example.com,508.309.5977x760,Female,2007-05-18,2023-08-11
C007812,Samuel,Wilson,liuchelsea@example.net,001-857-610-8265,Female,1989-10-27,2024-07-19
C007813,Jessica,Gross,mark85@example.net,9403822135,Male,1956-01-08,2024-09-08
C007814,Holly,Johnson,haroldnichols@example.org,457.956.0681,Male,1986-03-28,2025-09-04
C007815,Kelli,Marks,hbell@example.org,+1-791-569-7964,Female,1960-01-05,2025-05-22
C007816,Madison,Roth,jerryhoffman@example.net,(414)715-6674,Male,1958-02-04,2026-04-15
C007817,James,Thomas,masonchristopher@example.org,+1-494-512-7002x44284,Female,1972-11-17,2021-10-04
C007818,John,Ortiz,marc25@example.net,+1-412-954-4916,Male,1997-05-05,2026-05-08
C007819,Joan,Patton,ybuchanan@example.net,232-926-5744,Female,1973-02-20,2024-12-16
C007820,Tina,Williamson,christopher78@example.net,635.877.4971,Male,1951-06-02,2024-12-14
C007821,Joy,Brown,reyesjames@example.com,916-967-9308x8347,Female,1991-11-20,2023-08-21
C007822,Justin,Key,james14@example.org,001-273-684-7593x30477,Male,1968-03-14,2022-08-05
C007823,Kevin,Jackson,nortonjohn@example.net,+1-750-371-6378x615,Female,1954-06-27,2022-07-30
C007824,Melinda,Ramirez,burtontonya@example.net,5797805481,Male,1941-02-27,2022-04-02
C007825,Gregory,Burns,jenniferchen@example.net,711.620.0005x6281,Female,1972-09-25,2021-12-15
C007826,Linda,Coffey,marcus97@example.net,8745159584,Male,1942-02-08,2026-07-02
C007827,Samantha,Phillips,smitheugene@example.net,(633)376-4739,Female,2005-04-25,2021-11-04
C007828,Dennis,Johnson,virginia38@example.org,(724)357-0380x22865,Female,1987-07-22,2024-08-07
C007829,Rhonda,Jackson,dchavez@example.net,270.601.7975x41599,Male,1980-01-14,2024-02-09
C007830,Amanda,Williams,qmyers@example.org,7564804940,Female,1944-10-21,2025-01-22
C007831,Kelly,Little,robertomckee@example.org,989-539-0757,Female,1944-10-31,2024-06-20
C007832,George,Martin,cscott@example.com,(675)222-1068x992,Male,2000-09-13,2022-09-14
C007833,Kristen,Tyler,iherrera@example.com,553-514-2533x606,Female,1997-12-14,2024-06-13
C007834,Kayla,Morris,michelleroy@example.com,524.216.2990x35485,Female,1968-09-11,2023-12-18
C007835,Christopher,Taylor,loweisaiah@example.com,001-556-265-3377,Female,1937-02-07,2023-07-17
C007836,Jonathon,Garcia,adelacruz@example.org,001-724-308-9312x936,Female,1999-02-28,2022-12-27
C007837,Jason,Mcdaniel,bromero@example.net,8392365928,Male,1983-02-18,2023-09-21
C007838,Matthew,Jones,greenerachel@example.org,960-247-2569,Female,1992-05-15,2021-12-02
C007839,Dorothy,Olson,powellmegan@example.org,820-892-3451x23071,Male,1947-10-27,2022-03-16
C007840,Russell,Roach,icole@example.org,366-289-4872x71901,Female,1942-07-29,2022-10-05
C007841,Amanda,Clark,hanseneddie@example.net,001-244-258-2583,Male,1969-05-02,2025-09-28
C007842,Dustin,Hampton,jamessanchez@example.org,251-930-9868x27650,Female,1997-06-09,2021-07-11
C007843,Ashley,Kidd,schroedermike@example.org,2797152219,Male,1978-10-26,2025-05-21
C007844,Travis,Stuart,barbara34@example.net,+1-897-343-9992x973,Female,1991-12-01,2022-03-12
C007845,Kyle,Roberts,adrienne51@example.com,430-676-9860,Male,1998-02-06,2024-09-26
C007846,David,Ramos,brian69@example.org,(864)467-3778x846,Male,1983-07-01,2023-05-09
C007847,Shawn,Armstrong,clarkcody@example.net,405.436.4612x7278,Male,1963-12-02,2025-05-05
C007848,Edward,Cobb,urobinson@example.net,316.552.6895x675,Male,1964-03-22,2023-08-28
C007849,Rebecca,Gallagher,angela83@example.org,256-622-9958,Male,1988-07-15,2022-11-11
C007850,Mary,Owen,hannah50@example.org,+1-385-857-0345x668,Male,1961-01-20,2025-01-24
C007851,John,Soto,derek52@example.com,(643)985-8306x01043,Male,1993-06-25,2024-05-10
C007852,Cynthia,Vazquez,johncarroll@example.net,(855)873-9217x56815,Male,1942-04-14,2024-06-06
C007853,Brianna,Montgomery,cristinadaugherty@example.com,(930)600-5116,Male,1950-05-12,2022-12-23
C007854,Scott,Huang,teresafreeman@example.com,8497718321,Female,1991-08-23,2024-04-19
C007855,John,Lewis,xpena@example.org,8897295235,Female,1980-01-12,2023-08-12
C007856,Marissa,Robertson,pleon@example.org,+1-510-971-5545x3993,Female,2000-03-23,2023-01-27
C007857,John,Lowe,romanamanda@example.com,510-370-9562x2619,Female,1990-12-09,2023-02-08
C007858,Justin,Mejia,mikaylawoods@example.com,001-903-960-8464,Male,1995-04-07,2026-04-13
C007859,Monique,Barnes,jillcobb@example.net,464-226-8567x10080,Female,1947-07-19,2022-07-18
C007860,Joy,Osborn,kellyterry@example.net,(916)680-8059,Male,1965-11-01,2025-02-22
C007861,Tara,Green,lbailey@example.org,8015229549,Male,1964-05-21,2022-05-06
C007862,Jamie,Long,kristenlee@example.org,(478)455-5587x05692,Male,1938-10-23,2025-03-07
C007863,Virginia,Hughes,crystalbauer@example.net,001-202-231-8940x88811,Male,1963-03-12,2022-03-07
C007864,Dale,Gonzalez,hunter85@example.net,(975)265-5619x99277,Female,1941-06-14,2024-05-14
C007865,Andrew,Wagner,cortezrhonda@example.com,(354)714-1162x562,Male,1938-12-13,2023-04-25
C007866,Kent,Maldonado,lauramitchell@example.net,(246)667-4365,Male,2006-12-10,2023-04-01
C007867,John,Rodriguez,lgoodwin@example.net,4677617042,Female,1985-03-26,2023-12-02
C007868,Wendy,Hubbard,julietaylor@example.org,001-461-387-2187x632,Female,1981-06-11,2025-12-19
C007869,Brent,Sanchez,juliebishop@example.net,486-831-5381,Male,1975-10-27,2022-07-19
C007870,Anna,Simmons,beth41@example.com,225-750-6923x682,Female,1964-08-23,2024-04-12
C007871,Erica,Bryant,ilee@example.com,436-650-3097x45603,Male,1951-10-28,2024-11-26
C007872,Tiffany,Cruz,nicoleandrews@example.net,6984858633,Male,1958-12-28,2026-02-04
C007873,David,Elliott,villathomas@example.org,+1-805-475-4791,Female,1978-05-03,2024-05-01
C007874,Kevin,Meza,fmiller@example.org,661.267.4587,Male,1996-10-30,2022-02-07
C007875,Christian,Fry,howard05@example.com,665.496.6434,Male,1941-04-20,2024-04-18
C007876,Christy,Owens,smithtravis@example.org,+1-275-819-8798x561,Male,1945-08-27,2026-05-04
C007877,Sherry,Anderson,brittneywoodard@example.com,001-657-591-0355x55254,Male,1937-06-29,2024-04-05
C007878,Jacob,Webb,laurasweeney@example.org,(893)764-0065x601,Female,1950-06-12,2025-05-13
C007879,Maria,Morton,amy19@example.com,903-224-1144x063,Male,1945-02-01,2024-07-12
C007880,Cathy,Wagner,evansthomas@example.com,001-856-367-8797x371,Female,1950-04-30,2024-08-21
C007881,Aaron,Allen,rsmith@example.net,245-405-3096,Male,1976-12-03,2024-12-20
C007882,Sarah,Jennings,lmartinez@example.net,(693)654-1827x2752,Male,1963-07-16,2024-08-29
C007883,James,Baker,ryan05@example.org,001-354-290-5332x873,Female,1942-03-07,2022-10-08
C007884,Christina,Valdez,gabriellaflores@example.net,752.597.2486,Male,1959-10-05,2022-02-10
C007885,Jason,Richardson,kimberly76@example.org,966.614.9844x2216,Male,1963-02-16,2025-12-29
C007886,Jennifer,Flores,mistyedwards@example.net,001-681-631-5576x107,Male,1954-11-05,2024-05-01
C007887,Bridget,Schultz,haroldleach@example.net,209-613-5384,Male,1943-04-10,2025-11-21
C007888,Michele,Hughes,william89@example.org,989-714-9338x1273,Male,1987-04-19,2026-05-29
C007889,Amy,Mason,vjackson@example.net,4075730606,Female,1964-05-06,2025-03-31
C007890,Sarah,Riggs,kelsey75@example.org,(726)669-1832x73877,Male,1955-11-28,2026-06-07
C007891,Michael,Turner,valerieherring@example.com,(491)769-0257x1120,Male,1976-08-26,2022-09-22
C007892,Patrick,Cox,vcross@example.net,(982)823-2629,Male,2006-06-07,2023-02-28
C007893,Richard,Bautista,justinaustin@example.org,(502)630-2856x77589,Male,2001-05-22,2025-10-03
C007894,Daniel,Ballard,ytorres@example.org,584-773-9234,Male,2006-09-08,2025-03-25
C007895,Christina,James,theresahendricks@example.com,772.931.5613x03285,Female,1952-02-21,2021-12-19
C007896,Katelyn,Strickland,banderson@example.com,488-519-4396x3335,Female,1983-02-10,2024-07-29
C007897,Alejandro,Walsh,grantnatalie@example.com,(824)805-7542x12829,Female,1994-02-19,2026-06-30
C007898,Jacqueline,Rodriguez,gphillips@example.net,647-630-9957x24973,Female,1997-12-21,2024-10-29
C007899,Christopher,Chapman,lisa06@example.org,(843)893-3243x781,Female,1971-01-09,2024-08-01
C007900,Virginia,Taylor,amandamelendez@example.org,(380)974-1186,Male,1971-03-24,2024-01-07
C007901,Rebecca,Reid,bmoody@example.org,+1-667-650-2170,Male,1992-05-28,2022-11-14
C007902,Kimberly,Clark,gary12@example.net,455.908.5967x9592,Male,1949-06-15,2024-07-26
C007903,Charles,Hernandez,walkergregory@example.net,(701)831-9240x5363,Male,2004-09-23,2023-05-27
C007904,Bonnie,Middleton,amoore@example.net,(869)749-4927,Male,1966-04-19,2021-12-06
C007905,Cathy,Choi,meghanflowers@example.com,320-782-3328,Male,1935-11-13,2023-06-12
C007906,James,Lang,amber89@example.org,+1-200-700-7629x66831,Female,1980-12-23,2025-03-12
C007907,Ricardo,Cohen,qyoung@example.net,(339)647-6156x4962,Male,1950-06-07,2024-08-18
C007908,Brittany,Thomas,hartmaria@example.net,+1-641-537-8674x166,Female,1942-01-27,2023-12-08
C007909,Katrina,Larson,watsonandrew@example.com,218-967-3925,Female,2005-08-28,2023-06-14
C007910,Brittany,Johnson,hector42@example.org,267.584.9060,Female,1958-11-04,2023-01-14
C007911,Michael,Hopkins,ddavila@example.net,001-554-696-7018,Female,1968-11-23,2022-11-21
C007912,Katrina,Brown,turnerjasmine@example.com,(422)689-4127,Male,1991-12-29,2026-06-26
C007913,Jesse,Zimmerman,eharris@example.com,678-661-8094,Female,1953-05-13,2025-04-22
C007914,Krista,Kirk,astevenson@example.org,995.449.5210x98368,Female,1960-11-11,2022-12-05
C007915,Danielle,Brown,crawfordautumn@example.org,+1-232-577-3667,Female,1962-06-28,2026-04-18
C007916,Elizabeth,Baker,tiffanymadden@example.org,840.601.6119x876,Female,1944-11-02,2025-04-20
C007917,Elizabeth,Cooke,mayorhonda@example.net,(902)657-8898x58216,Female,1939-05-13,2022-05-01
C007918,Gerald,Marquez,scott90@example.net,001-659-991-1615,Female,1996-12-21,2025-12-10
C007919,Edward,Martinez,gsims@example.net,(365)820-4016x56006,Female,2003-02-16,2024-11-24
C007920,Misty,Johnson,mark37@example.net,630.258.9387,Male,1941-10-17,2022-10-28
C007921,Jesse,Goodman,kcooley@example.net,939.985.6429,Male,1962-04-05,2021-12-25
C007922,Gregory,Edwards,jwest@example.net,762.519.4196x0105,Female,1991-03-04,2024-01-25
C007923,Matthew,Brown,balljoshua@example.org,(389)904-6789x772,Female,1945-07-19,2026-05-07
C007924,Monica,Ortiz,zscott@example.com,+1-857-511-4196x277,Male,1996-12-25,2025-10-19
C007925,Peggy,Jones,tanya35@example.com,001-707-312-3821x265,Male,1942-09-04,2024-08-16
C007926,Diane,Gomez,xcabrera@example.net,287-244-0866x0146,Male,1979-11-14,2026-06-26
C007927,Nathaniel,Nicholson,kingjessica@example.com,433.353.7313,Female,1941-11-18,2025-07-09
C007928,Gabrielle,Porter,fisherkimberly@example.net,(657)355-8725x1111,Male,1965-11-19,2022-04-30
C007929,Gina,Quinn,brownmary@example.com,(792)766-7880x9969,Male,1938-11-25,2023-09-22
C007930,Anthony,Newton,sarahalvarado@example.com,307-459-8171,Female,1942-01-01,2022-06-30
C007931,Kevin,Chang,elizabethnguyen@example.net,470-358-5202x5837,Female,2000-08-09,2021-09-04
C007932,Katherine,Alvarez,biancasmith@example.com,763.767.8861x94097,Female,1991-01-30,2025-08-30
C007933,Alexander,Clark,mwilliams@example.net,001-409-263-9879x692,Male,1986-12-30,2025-01-25
C007934,Michael,Wood,erin33@example.com,667-613-1881x9598,Male,1966-10-22,2026-05-28
C007935,Darren,Davenport,thompsonzachary@example.org,(742)753-6791x43145,Male,1991-07-13,2023-05-20
C007936,Brittany,Key,amanda90@example.org,+1-350-639-9339x44183,Female,1943-07-10,2024-06-18
C007937,Jordan,Roy,albert97@example.org,(967)958-4007,Male,1987-03-07,2022-10-18
C007938,Timothy,Scott,nmcdowell@example.com,(916)553-7560x284,Female,2001-06-10,2025-12-01
C007939,Stephen,Morrison,pollarddalton@example.org,(309)335-9484,Male,1945-04-28,2023-11-01
C007940,Debra,Walker,perezmichelle@example.com,854.912.5904x4286,Female,1993-05-12,2021-09-30
C007941,Heather,Bender,bmclaughlin@example.net,(949)948-5740,Female,1974-01-07,2025-04-15
C007942,Bradley,Buchanan,xjohnson@example.org,601-291-5749,Female,1944-02-17,2022-02-05
C007943,Megan,Singh,amber34@example.com,778.898.6389x38601,Female,1937-04-10,2022-01-10
C007944,Sherry,Miller,grodriguez@example.com,521-433-3317x91503,Female,1942-08-31,2022-11-22
C007945,Joseph,Bailey,ruben23@example.net,655.204.2266,Female,1938-03-05,2022-03-16
C007946,Ellen,Charles,adambaker@example.com,917-885-8456,Female,1970-03-26,2022-08-19
C007947,Mariah,Gonzalez,wonglacey@example.com,(298)403-5514,Female,1984-01-21,2021-11-02
C007948,Rebecca,Gomez,kevin69@example.com,+1-282-899-1340,Female,1987-06-04,2024-01-31
C007949,Sandra,Gordon,jenniferlyons@example.net,927-676-0294,Female,1968-04-30,2023-04-03
C007950,Laurie,Russell,kristinvargas@example.net,(507)293-5042x042,Male,2006-09-17,2026-04-04
C007951,Cheryl,Nelson,kristen64@example.net,649.642.4636x7046,Female,1966-08-15,2022-08-03
C007952,Kristine,Green,zachary80@example.net,321-680-2908,Female,2007-02-11,2025-08-07
C007953,Samantha,Simmons,fcole@example.com,+1-600-642-5982x1592,Male,1994-06-09,2021-08-18
C007954,Hunter,Green,vbarber@example.com,(699)229-0605x86518,Female,1954-10-08,2022-12-25
C007955,Kimberly,Colon,kempjohn@example.com,001-589-300-7933x12784,Female,1980-12-10,2022-12-05
C007956,Andrew,Phelps,andrewrussell@example.net,+1-927-262-8173,Female,1984-10-12,2023-12-13
C007957,Brenda,Rodriguez,allendavid@example.com,(988)659-4163,Female,1945-06-01,2023-09-27
C007958,Lawrence,Miller,franciscoelliott@example.org,+1-258-643-3216x22553,Male,1974-06-15,2025-06-04
C007959,Lawrence,Ross,rwagner@example.net,(753)812-1328x82664,Male,1947-07-02,2024-12-31
C007960,William,Potts,tammie98@example.com,732.782.8011,Male,1964-11-17,2021-09-12
C007961,Annette,Baxter,watsonjames@example.com,853.316.4677,Female,1967-02-19,2023-09-16
C007962,Stephanie,Holt,april13@example.net,669.528.6382x767,Female,1968-07-09,2025-07-17
C007963,Matthew,Ward,amacdonald@example.org,860-647-5792x712,Male,1977-09-08,2024-11-16
C007964,Dominique,Case,ohammond@example.com,9249436055,Male,1947-12-04,2024-03-05
C007965,James,Hunter,martindouglas@example.org,001-266-731-5962x1666,Male,1971-03-04,2021-11-14
C007966,Kristi,Nunez,petersenallen@example.com,(464)422-8576,Male,1975-08-29,2025-05-17
C007967,Sergio,Torres,waynegonzalez@example.org,691-434-5605,Female,1965-01-14,2023-12-23
C007968,Erin,Cunningham,rodriguezkevin@example.com,(540)343-6268x13640,Male,1995-07-29,2024-06-28
C007969,Michael,Brown,kmitchell@example.com,(766)904-3739,Female,1940-03-19,2025-01-07
C007970,Ellen,Allen,kerry90@example.org,3255303177,Male,1940-12-20,2021-11-21
C007971,John,Tucker,casedarlene@example.net,472-655-2779x83696,Female,1982-02-09,2024-02-05
C007972,Michael,Santos,carlosjames@example.net,+1-516-238-4593,Male,2004-12-12,2022-07-05
C007973,Brenda,Zimmerman,newmanbruce@example.net,(792)700-0109x653,Female,1962-02-12,2025-03-16
C007974,Dustin,Levine,bennettrenee@example.net,410.955.3075x039,Male,1938-09-26,2025-02-19
C007975,Jesse,Lane,belljessica@example.org,(907)891-5500x174,Male,1964-07-01,2025-12-10
C007976,Derek,Wiley,amberhart@example.org,001-329-388-3144,Male,1948-05-04,2023-09-19
C007977,Tyler,Collins,jakehernandez@example.org,642.796.8432,Female,1935-12-26,2022-05-26
C007978,Regina,Miller,jeremiahhawkins@example.com,614-659-0388x532,Female,1955-02-05,2025-11-16
C007979,Jodi,Lucas,stevenreyes@example.net,896-247-3237x948,Female,1939-10-07,2022-12-16
C007980,Jay,Lee,qjohnson@example.com,8704237247,Female,1961-06-05,2024-10-04
C007981,John,Miller,dcooper@example.com,+1-864-425-4721x73343,Female,2005-07-15,2025-02-01
C007982,Steven,Jackson,gonzalezjennifer@example.net,448.612.3509,Male,1990-10-10,2024-10-25
C007983,Elizabeth,Walker,zatkinson@example.net,001-902-204-4231x0990,Male,2004-02-08,2024-01-31
C007984,Erika,Harrison,schwartzjorge@example.org,(273)365-1595x22327,Female,1962-03-22,2023-09-04
C007985,Nicholas,Lee,jbaker@example.org,9266899492,Female,1990-10-15,2024-10-14
C007986,Thomas,Blake,dmorris@example.com,469-475-5299x3597,Female,1949-04-19,2023-02-17
C007987,Shirley,Arnold,lmendez@example.org,888.623.7542,Male,1978-08-27,2022-06-12
C007988,Cynthia,Reed,johnsonkatrina@example.org,(835)922-3896x4205,Female,1942-08-22,2023-08-24
C007989,William,Cook,adamsnicholas@example.net,001-928-946-1780x594,Female,1995-06-29,2022-09-29
C007990,Kathy,Dougherty,clarkandrew@example.net,(728)617-7866x7735,Male,1972-02-04,2022-06-17
C007991,Colton,Wright,adrianmiles@example.org,001-645-284-6794,Male,1962-04-16,2023-02-25
C007992,Travis,Perez,anthony08@example.org,550.296.6107x828,Male,1988-06-04,2023-10-07
C007993,Brian,Caldwell,crystalrobinson@example.com,(385)357-3047,Male,1943-03-31,2022-10-30
C007994,Lindsay,Mccarthy,annettegraham@example.org,701.353.4713,Female,1961-02-01,2023-05-11
C007995,Timothy,Castillo,patricia17@example.com,437.229.1487,Male,1988-07-18,2023-07-02
C007996,Melanie,Silva,vdunn@example.net,339.347.0523,Female,1945-02-06,2022-06-19
C007997,Connie,Thomas,virginia23@example.com,+1-226-637-8846,Male,1943-09-01,2023-04-30
C007998,Lindsay,Simmons,michael39@example.org,6677342071,Female,1939-04-08,2024-07-03
C007999,Sonya,Baldwin,michaelfowler@example.com,001-448-902-2670x986,Female,2002-12-21,2026-05-15
C008000,Susan,Steele,connor29@example.org,339-877-4484,Female,1960-08-31,2025-03-15
C008001,Erik,Chambers,christinabrown@example.org,+1-330-374-4563,Male,2004-01-11,2023-11-02
C008002,Teresa,Foley,carlawebb@example.org,(754)478-5979,Male,1973-05-13,2023-12-28
C008003,Todd,Adams,trandall@example.com,3023095021,Male,1988-10-01,2024-09-14
C008004,Eugene,Williamson,meganvelazquez@example.com,+1-474-433-7325,Female,1960-12-29,2024-09-15
C008005,Mike,Kane,kkim@example.net,(649)558-1933x896,Female,1975-06-09,2023-07-03
C008006,Justin,Arnold,michael24@example.org,001-718-660-5984x30977,Male,1980-05-11,2024-07-31
C008007,Kevin,Adams,eric36@example.org,665-624-5243x33268,Female,1955-06-16,2022-04-29
C008008,Vanessa,Ford,angelamayo@example.net,399-224-6940,Male,1976-11-21,2024-02-02
C008009,Brooke,Thomas,timothyramos@example.org,980-512-0782,Female,1991-12-31,2025-01-11
C008010,Philip,Miller,nathanielvillegas@example.net,+1-888-286-6789x125,Male,1963-01-07,2024-08-21
C008011,James,Williams,juarezstephanie@example.org,289-619-8432x883,Female,2008-06-28,2026-06-11
C008012,Kyle,Francis,melanietaylor@example.org,908-560-3015x3528,Male,2001-02-24,2024-09-09
C008013,Taylor,Navarro,bartlettrichard@example.net,(527)483-8380x3775,Female,1985-11-30,2022-05-15
C008014,John,Williams,nwhitehead@example.org,+1-804-774-3499x7969,Female,1965-07-14,2024-05-29
C008015,Daniel,Crosby,seanlawrence@example.org,+1-256-328-1387x45431,Female,1977-07-02,2025-03-27
C008016,Amy,Chapman,parrishvickie@example.org,298-711-5319x364,Male,1951-11-25,2022-09-08
C008017,Austin,Hines,melissaleblanc@example.net,(816)486-6107,Female,1955-09-02,2024-05-03
C008018,James,Smith,rebeccascott@example.com,(748)319-0262x563,Male,1949-08-30,2026-03-27
C008019,Rebecca,Green,stephaniesoto@example.org,829.684.6693,Male,1975-09-11,2023-04-13
C008020,Dana,Cole,denise67@example.com,740.629.9260x819,Male,1976-12-07,2023-08-18
C008021,Kathleen,Hardy,hobbsderek@example.net,(327)218-6579x2494,Male,1966-03-12,2024-02-13
C008022,Cassandra,Patton,olang@example.org,(826)425-6328,Female,1938-03-03,2023-06-08
C008023,Robert,Arias,nmartin@example.com,640.653.3479x1386,Male,1957-09-02,2021-11-08
C008024,Kristin,Powell,obrienbrandon@example.net,001-962-818-6270x81965,Female,1936-01-02,2026-03-21
C008025,Christopher,Powell,johnnymoore@example.com,+1-680-475-9315x1599,Female,1986-02-12,2024-03-06
C008026,Denise,Baker,morganduarte@example.com,884.357.4239,Female,1969-01-04,2023-06-13
C008027,Jerry,Ellison,hendersonlauren@example.com,+1-988-992-0438,Male,1977-08-02,2024-07-29
C008028,Emily,Wilson,kristenjohnson@example.org,(566)249-5189x209,Female,1975-07-02,2026-02-20
C008029,Matthew,Sellers,jaime94@example.com,(695)420-3280,Female,1983-07-02,2023-07-12
C008030,Natalie,Hernandez,martinholly@example.net,357.734.2907x255,Male,1939-03-31,2026-03-18
C008031,Deanna,Dawson,michael02@example.net,539.565.8098x809,Female,1998-09-04,2021-09-20
C008032,Daniel,Bradley,jennifer97@example.com,252-541-5250x6553,Male,1962-06-10,2022-02-17
C008033,John,Graham,tfox@example.org,8803952752,Male,1986-06-29,2025-11-04
C008034,Christine,Foster,sbryant@example.org,489-970-5337x09780,Female,1949-10-17,2026-05-31
C008035,Loretta,Terry,hernandezmichaela@example.com,(868)865-7928x4945,Female,1984-06-08,2024-12-05
C008036,Timothy,Jones,stephenscott@example.org,6455478551,Male,1978-06-11,2023-07-18
C008037,Jorge,Kelly,hsimmons@example.com,4766497091,Female,1951-12-24,2022-02-26
C008038,Tammy,Fleming,cunninghamleslie@example.net,333-956-0351,Male,1981-03-31,2024-12-20
C008039,Victoria,Clark,qlarsen@example.org,(406)330-4290x7634,Male,1997-05-18,2024-07-10
C008040,Andrew,Thompson,thaley@example.org,328-216-4993x1910,Female,1936-08-07,2024-07-29
C008041,Nicole,Moore,jennifer80@example.org,929-703-6335,Female,1983-03-07,2023-05-31
C008042,Shawn,Gray,kathleen09@example.org,679.531.4437,Male,2007-01-12,2023-04-15
C008043,Russell,Crawford,riveratravis@example.org,536-897-4580x796,Female,1975-10-14,2026-06-14
C008044,David,Hall,jsexton@example.net,2499594926,Male,1961-09-17,2025-06-02
C008045,Susan,Hahn,greenegabrielle@example.net,001-823-634-1719x9378,Male,1956-06-12,2024-07-25
C008046,Nancy,Johnson,lindsayhernandez@example.org,727-770-7961x5051,Female,1997-08-30,2024-02-10
C008047,Dale,Scott,thomassantiago@example.net,001-294-834-5583x7362,Male,1959-06-09,2024-10-24
C008048,Amy,Collins,jimmy83@example.com,001-456-652-2087x182,Male,1936-10-15,2023-05-03
C008049,Christopher,Flowers,janetarnold@example.org,+1-711-702-2900x97720,Male,1955-09-16,2022-05-09
C008050,Jimmy,Burns,pcolon@example.org,428.792.7468x951,Female,1968-11-05,2025-02-24
C008051,Michael,Maxwell,connorjenkins@example.org,+1-309-429-4214,Male,1950-10-28,2025-05-31
C008052,Savannah,Robinson,jjones@example.net,(845)824-8705,Male,2007-08-05,2023-06-10
C008053,John,Wright,bianca22@example.com,001-519-968-9089x701,Female,1984-08-05,2025-01-28
C008054,Karen,Mcpherson,mendozalauren@example.net,587.572.0250x720,Male,1986-10-20,2021-10-25
C008055,Thomas,Turner,hamiltonjennifer@example.com,218.266.6345x5838,Female,1942-04-24,2024-02-09
C008056,Matthew,Brown,hjohnson@example.net,(231)561-4942x484,Male,1963-12-24,2022-05-31
C008057,Joshua,Vargas,mmyers@example.com,001-847-475-2138x383,Male,2007-03-19,2023-04-23
C008058,Charles,Adkins,jennifer66@example.org,(779)473-6759,Female,1950-12-20,2024-10-08
C008059,Timothy,Webb,michellemercado@example.com,367-326-4815x0050,Female,1961-06-16,2022-09-03
C008060,Ruben,Johnson,michaelgonzalez@example.org,541-472-7140,Female,1961-07-03,2021-09-29
C008061,Lauren,Randolph,robert39@example.com,001-753-961-5779,Female,1987-08-22,2024-09-13
C008062,Richard,Orr,jacobford@example.com,824-370-4389x5762,Female,2006-10-19,2021-08-03
C008063,William,Rodriguez,jordan94@example.org,+1-623-721-9226x42389,Female,1955-10-27,2024-03-30
C008064,Clinton,Simpson,meghan87@example.net,001-234-995-0446x968,Female,1996-04-13,2025-09-26
C008065,Savannah,Maldonado,wpatton@example.org,556-276-5176,Male,1957-01-06,2025-02-24
C008066,Allison,Davis,jamieholt@example.net,001-848-245-9359,Female,1981-12-12,2022-09-04
C008067,Stacey,Giles,hogancharles@example.net,+1-748-587-6174x436,Male,2006-05-12,2026-06-16
C008068,Shelby,Moore,shannon56@example.com,530.444.1315,Male,1987-04-26,2024-08-24
C008069,Sophia,Reed,staffordchristian@example.com,935.838.5071,Female,1996-07-18,2023-05-07
C008070,Joel,Dixon,zdonovan@example.org,666.995.1822x3483,Female,1938-04-21,2021-09-08
C008071,William,Mendoza,richardmurphy@example.org,599-353-2086x814,Female,1991-07-31,2022-05-24
C008072,Nicole,Johnson,edwardsjustin@example.org,+1-240-214-6965x0079,Male,1975-01-27,2022-08-08
C008073,Stephanie,Wilkins,michaelpope@example.org,001-285-679-9905x541,Male,1948-09-17,2026-06-22
C008074,Jennifer,Castillo,janet23@example.com,001-692-216-3660x91775,Male,1996-10-20,2025-01-16
C008075,Reginald,Rodriguez,zcaldwell@example.com,001-892-361-4730x0180,Female,1944-12-10,2022-10-19
C008076,Michael,Torres,virginianelson@example.net,(778)334-4268,Male,1947-08-19,2025-02-23
C008077,Jeffrey,Torres,mwoods@example.net,001-598-406-2441x3380,Male,1963-10-28,2024-12-15
C008078,Charles,Bryant,mburns@example.net,(533)701-6735x810,Female,1936-12-09,2021-08-05
C008079,Christopher,Davis,joshua53@example.com,(977)529-4647x1485,Female,1976-05-05,2025-12-15
C008080,Patricia,Donovan,walterabigail@example.com,649-457-0066,Female,1941-01-28,2022-09-08
C008081,Joann,Baird,oscarandersen@example.net,659-939-8753,Female,1944-06-02,2022-12-22
C008082,Bradley,Mcmillan,amanda87@example.org,(366)830-7783x364,Male,1976-02-26,2025-09-21
C008083,Amy,Lane,glevine@example.org,001-903-591-0557x90816,Male,2000-10-12,2024-03-14
C008084,Lisa,Hensley,dclay@example.org,382.375.9956x839,Female,1983-08-24,2026-06-23
C008085,Veronica,Carter,shepardjoan@example.com,586.397.2157x06310,Female,1991-09-18,2024-09-06
C008086,Jessica,Pena,ejones@example.org,(442)468-5609x31888,Male,1976-07-04,2025-05-29
C008087,Mary,Lawson,william48@example.org,446-957-8127x24341,Female,2002-04-11,2026-02-14
C008088,Joseph,Johnson,fuentesjames@example.org,7883314351,Male,1941-11-24,2023-07-09
C008089,Bradley,Graham,jphillips@example.com,001-992-893-3076x9054,Male,1943-06-09,2024-05-24
C008090,Penny,Ferguson,greenbrandon@example.org,(822)955-5154,Male,1936-04-16,2025-02-02
C008091,Robert,Robertson,daniel81@example.net,5968398240,Female,1957-05-17,2023-02-06
C008092,Tyler,Craig,stuart63@example.com,292-968-6623x846,Female,1968-01-02,2024-12-22
C008093,Christopher,Marshall,morrisondebra@example.com,9428529165,Male,1950-08-04,2023-09-13
C008094,Laura,Mann,tuckerbonnie@example.net,8466753013,Male,1988-01-05,2022-05-17
C008095,Natalie,Brown,arodriguez@example.com,+1-371-891-7019x73654,Male,1981-07-02,2023-08-15
C008096,Donna,Lang,jayers@example.com,234.831.2723,Male,1946-04-12,2024-05-31
C008097,Brenda,Monroe,rossrocha@example.org,412-516-1807x40679,Male,1960-07-31,2026-06-23
C008098,Jose,Norman,adam42@example.org,(510)591-5871x6278,Female,2002-02-05,2021-09-07
C008099,Francisco,Murray,smithabigail@example.net,677.211.8139x345,Female,1958-08-04,2022-11-14
C008100,Austin,Wheeler,katherinehunter@example.org,(422)332-1613,Female,1940-04-12,2023-07-24
C008101,Alicia,Hunt,hknox@example.com,925.429.4996,Male,1982-05-24,2024-12-28
C008102,April,Lewis,turnermark@example.net,707-554-8859x07506,Male,1942-04-14,2024-01-22
C008103,Taylor,Smith,reynoldsrebecca@example.net,(243)433-8944,Male,2004-07-16,2022-04-10
C008104,Christy,Hill,nicole64@example.org,001-294-959-6439,Female,1989-03-28,2026-04-05
C008105,Alicia,Montoya,ujohnson@example.com,651-327-7961x647,Female,1955-02-15,2026-04-03
C008106,Kathleen,Houston,qsims@example.com,4962695040,Female,1970-01-04,2024-09-29
C008107,Michelle,Cole,mfitzpatrick@example.com,924.922.1619,Male,1968-03-17,2025-07-08
C008108,Kim,Barnes,peterjohnson@example.net,(910)402-0993,Male,1940-04-02,2023-06-18
C008109,David,Ashley,karen32@example.net,001-212-486-8917x47074,Male,1938-09-14,2024-05-04
C008110,Thomas,Mitchell,paulmartin@example.com,001-540-745-0230x9585,Male,1974-11-13,2021-08-27
C008111,Andrew,Phillips,megansoto@example.com,001-807-663-1129x7035,Male,1935-12-29,2024-03-12
C008112,Brianna,Kramer,thompsonmichelle@example.org,+1-328-245-9078x7565,Female,1960-11-03,2023-08-24
C008113,Dawn,Bailey,jpierce@example.net,826.263.5716x417,Male,1936-12-29,2025-06-20
C008114,Lauren,Johnson,lisa09@example.org,001-525-942-7524x4071,Female,1986-10-23,2021-10-29
C008115,Claudia,Sexton,kennedyrobert@example.com,(357)995-9368,Female,1978-06-21,2026-06-09
C008116,Carrie,Salazar,jessica61@example.net,3265096464,Male,1992-04-03,2025-12-04
C008117,Rachel,Lindsey,bruce17@example.org,001-594-479-7403x221,Female,1944-05-03,2024-07-21
C008118,Gwendolyn,Armstrong,jacob88@example.net,868-411-2816x524,Male,1991-02-14,2024-07-17
C008119,Alyssa,Wood,sarah90@example.org,302-441-8785x773,Male,1942-06-19,2024-11-10
C008120,Wesley,Davis,nataliereed@example.org,(328)705-2627x566,Female,1977-12-17,2023-06-24
C008121,Taylor,Lloyd,mooresamuel@example.net,676-457-0380x9238,Male,1961-12-27,2025-10-15
C008122,Steve,Mcdaniel,henrymcdonald@example.net,+1-614-991-6126,Female,1988-08-23,2022-08-31
C008123,Sydney,Miller,kevin52@example.net,+1-698-590-5862,Female,1994-06-18,2021-07-19
C008124,Hailey,Stein,allenamanda@example.org,646.771.9833,Female,1977-04-18,2023-04-13
C008125,Jennifer,Combs,karenscott@example.com,616.307.8224x6819,Male,1969-03-28,2026-01-26
C008126,Darryl,Adkins,janicesanchez@example.net,363-353-7480,Male,1968-10-04,2025-03-24
C008127,Amy,Gonzalez,fallison@example.net,378-622-9827,Male,1958-07-17,2025-12-12
C008128,Jennifer,Torres,victoria08@example.net,248.463.3356x298,Female,2005-12-02,2024-07-02
C008129,Bryan,Conrad,john90@example.net,529-848-8331x018,Male,1960-07-31,2023-05-30
C008130,Peter,Vasquez,jonathansmith@example.org,830-907-0633,Male,1936-02-22,2025-07-22
C008131,Lauren,Black,michaelsolis@example.org,567.900.6342x5025,Male,1955-02-25,2022-05-27
C008132,Tyler,Wright,daniel56@example.net,232-794-8169,Female,1938-04-22,2025-12-16
C008133,Jack,Perkins,obriendaniel@example.org,681.888.2824,Male,1949-12-31,2023-05-31
C008134,Darius,Lee,jameshall@example.org,279-677-3839,Female,1986-01-27,2024-12-06
C008135,Kimberly,Bell,shannonmaldonado@example.net,(447)213-7311x6068,Male,1950-05-29,2025-03-19
C008136,Tyler,Boyer,bonnieburns@example.org,001-930-346-9016x4630,Male,1963-04-06,2025-10-30
C008137,Amanda,Abbott,stephaniewatson@example.com,(405)457-7376,Male,1957-07-08,2024-01-06
C008138,Tracy,Miller,timothy64@example.org,830.718.2969,Female,1943-11-23,2023-04-25
C008139,Eric,Pierce,loricollins@example.net,(386)845-3149x2747,Female,1971-10-08,2023-08-04
C008140,Thomas,Liu,gdaniel@example.org,(922)710-7220,Male,1975-02-01,2025-08-25
C008141,Anthony,Gonzalez,vargassteven@example.net,367.969.3865x05819,Male,1941-08-03,2023-05-13
C008142,Debbie,Kelley,samanthasmith@example.com,(643)476-5304x730,Male,1968-12-08,2024-03-20
C008143,Jennifer,Banks,malonesteven@example.org,(799)913-8356x33046,Male,1988-07-06,2024-10-09
C008144,Sarah,Taylor,jerrytran@example.net,+1-393-516-5016,Male,1947-08-08,2022-12-27
C008145,Amy,Hart,kford@example.net,(523)225-1258x75145,Male,1999-04-22,2021-12-22
C008146,Kimberly,Gibson,katiefuentes@example.net,(310)303-7368x0727,Female,1976-04-23,2023-02-11
C008147,Shannon,Hall,christinagomez@example.net,001-308-763-6694x4521,Male,1954-10-10,2024-01-17
C008148,Christopher,Nichols,lmathis@example.org,(982)847-0117x46895,Male,1944-04-03,2023-09-08
C008149,Austin,Phillips,smithdeborah@example.net,+1-312-698-7032x5742,Male,2005-11-06,2024-09-23
C008150,Nicholas,Hanna,kenneth32@example.com,621-450-8285,Female,1940-09-25,2023-09-25
C008151,Holly,Gonzalez,martinezann@example.net,842-222-6138x95574,Female,1947-03-07,2022-06-15
C008152,Donna,Hart,sextondanielle@example.com,894.695.3510,Male,1972-06-26,2025-02-04
C008153,Chad,Miller,james76@example.net,844.210.4475,Male,1975-09-26,2024-01-22
C008154,Joshua,Cruz,burkemichelle@example.com,001-636-576-6170x4926,Female,1980-06-27,2025-06-30
C008155,Laurie,Baker,choidebbie@example.com,001-861-760-7474x8085,Female,2005-07-08,2026-07-05
C008156,Jacob,Hobbs,hayesmichael@example.net,585-467-9762,Male,2007-08-18,2023-06-02
C008157,Eric,Fernandez,charles20@example.org,867-580-9630x31637,Female,1990-04-06,2021-11-10
C008158,Darius,Mcmahon,gillespiemark@example.org,8209980873,Male,1963-05-23,2024-02-21
C008159,Michelle,Harrington,smithjaime@example.com,574-737-7801x9323,Female,1981-02-19,2022-06-17
C008160,Kathy,Wells,rebeccacrawford@example.com,001-570-542-2282x2929,Female,1978-08-17,2022-01-12
C008161,Jeffrey,Ward,ginairwin@example.org,561.649.7543x71783,Male,1977-04-16,2023-06-30
C008162,Angela,Williams,wrussell@example.net,(896)793-0702x2257,Female,1963-03-15,2024-04-29
C008163,Emily,Nguyen,matthewbutler@example.net,933.673.3241,Female,1951-08-27,2021-10-07
C008164,James,James,garciajonathan@example.net,001-831-661-8899x609,Male,1969-12-09,2022-10-02
C008165,Angela,Gardner,mark75@example.org,(510)362-5587,Female,1994-05-08,2025-07-31
C008166,Tiffany,Lewis,harryjohnson@example.com,583.668.5300,Female,1965-05-27,2023-12-30
C008167,Cheryl,Lane,williamgardner@example.com,(879)804-6816,Male,1945-04-26,2025-03-20
C008168,Miranda,Ryan,jill31@example.com,+1-764-589-1972x52061,Female,1956-04-19,2023-06-12
C008169,Mary,Mcdonald,saraharmstrong@example.com,8792473784,Female,1958-04-26,2025-04-16
C008170,Julie,Smith,cartersamuel@example.org,750-846-1184x529,Female,1995-06-17,2021-10-27
C008171,Timothy,Paul,michelle01@example.com,+1-991-553-1053x4353,Female,1995-03-26,2022-04-28
C008172,Kevin,George,jorgehoffman@example.com,312.409.7327x010,Female,1943-01-05,2023-11-08
C008173,Amanda,Grimes,tinareyes@example.net,001-841-771-2583x55847,Male,1939-06-12,2024-01-16
C008174,Briana,Ford,cohenmatthew@example.com,942-613-0720x6130,Female,1988-02-27,2024-01-22
C008175,Alan,Martinez,lindseyangela@example.org,001-382-419-0841x567,Male,1956-02-24,2025-11-10
C008176,Robert,Gonzalez,ericksonstephen@example.net,260-731-1933,Male,1988-01-20,2023-06-16
C008177,Erica,Hurley,eraymond@example.net,(735)514-7536,Male,1950-06-23,2023-11-03
C008178,Jonathan,Cross,hunterbrandon@example.org,212.363.3260,Female,1954-06-09,2024-02-19
C008179,Dustin,Coleman,lematthew@example.com,+1-668-353-8731x998,Male,1985-05-15,2025-11-02
C008180,Debra,Morales,gtrujillo@example.com,504.307.4781x2121,Male,1977-01-07,2023-10-15
C008181,Debra,Orozco,qsmith@example.com,001-464-794-8282x76769,Female,2007-12-10,2025-04-26
C008182,Benjamin,Brown,christy11@example.com,+1-854-297-4306,Female,1938-03-16,2025-03-20
C008183,Jennifer,Collins,watkinsshannon@example.com,001-254-465-3243,Male,1958-12-11,2022-08-11
C008184,Lauren,Powell,joseph43@example.org,(838)892-6598,Female,1961-02-26,2023-06-25
C008185,Joseph,Graves,vwarner@example.net,001-816-402-4353,Male,1987-03-08,2025-07-19
C008186,Kristen,Moore,carolinerivera@example.net,870-729-6139x37026,Female,1993-07-31,2022-01-03
C008187,Jeremy,Hardy,sfarmer@example.org,591.633.8208x399,Male,1975-08-12,2026-04-30
C008188,Cynthia,Jackson,crystal43@example.com,+1-366-331-3720x574,Female,1937-05-01,2025-05-16
C008189,Cynthia,Hunt,rachaelmoore@example.org,562.736.9030,Male,1983-04-15,2025-12-07
C008190,Ronald,Casey,lyonssarah@example.com,338-518-2570x005,Female,1997-10-12,2026-05-17
C008191,Kevin,Carpenter,brianwebb@example.net,619-749-9164x9900,Male,1993-11-18,2026-01-13
C008192,Michael,Martinez,whitesamantha@example.com,(979)489-9185,Male,2004-09-01,2021-10-14
C008193,Rodney,Vance,hernandezjames@example.com,684.841.6609x28629,Female,2000-09-29,2022-10-16
C008194,Calvin,Zavala,acannon@example.net,322.940.5897,Male,1971-03-24,2022-09-05
C008195,Tracy,Sanders,richardsonemily@example.net,646-898-0942,Male,1988-06-03,2024-09-05
C008196,David,Sanders,claire47@example.com,693.358.5242,Male,1989-09-21,2026-01-23
C008197,Christopher,Russell,angela52@example.com,682-844-3767,Female,1968-12-23,2024-04-23
C008198,Scott,Tanner,brittanypeterson@example.org,(425)320-8173x603,Male,1970-06-14,2025-04-09
C008199,Jesse,Brown,rwhite@example.com,928.464.8950x420,Female,1960-04-19,2025-01-15
C008200,Sarah,James,aperez@example.org,+1-663-571-4644x1978,Male,1986-08-18,2025-02-16
C008201,Jesse,Nunez,johnathanrodriguez@example.org,+1-720-766-9859x2427,Female,1998-02-15,2023-06-11
C008202,Joann,Herring,swansonamber@example.net,001-557-843-1807,Female,1940-08-15,2025-02-08
C008203,Angelica,Hall,nixonjennifer@example.com,274-330-7417,Female,1941-11-08,2026-06-30
C008204,Brad,Mendez,amclaughlin@example.com,(969)523-9875,Female,2001-07-30,2025-03-07
C008205,Susan,Phillips,michael08@example.org,+1-352-886-5054x565,Female,1972-02-09,2023-04-17
C008206,Courtney,Molina,mburns@example.com,9086377206,Female,1970-03-13,2025-07-08
C008207,Amanda,Rice,meagancollins@example.net,416-374-0401x414,Female,1969-09-07,2024-10-10
C008208,Susan,Thomas,wandaberry@example.com,692-483-4188x67880,Female,1963-12-08,2022-04-28
C008209,Yolanda,Black,carla24@example.org,+1-385-692-3447x1439,Female,1989-12-02,2024-01-12
C008210,Melissa,Carroll,mguerrero@example.com,+1-628-741-0873x86002,Male,1949-06-10,2025-05-24
C008211,Sherri,Caldwell,kennedyhailey@example.com,001-802-281-9560x345,Female,1975-03-15,2022-07-12
C008212,Autumn,Jones,jerrycompton@example.com,001-908-495-6757x6296,Female,1999-01-30,2026-06-13
C008213,John,Becker,smithrachel@example.net,+1-694-831-0743,Female,2000-04-09,2025-06-24
C008214,Jason,Moore,courtney61@example.com,+1-328-705-0190x73663,Male,1976-06-09,2023-11-19
C008215,Charlotte,Lamb,chad39@example.net,206.482.5410,Female,1986-06-28,2022-11-24
C008216,Kari,Morris,zglenn@example.net,+1-777-479-7206,Female,2003-04-06,2022-03-28
C008217,Christine,Dunn,williamsantos@example.net,001-782-631-5797x0560,Male,1944-04-01,2024-07-20
C008218,Alyssa,Mills,lisa42@example.net,365.992.5741x0767,Female,1938-09-30,2025-08-03
C008219,Calvin,Bailey,meganneal@example.net,(528)376-5050,Female,1979-08-16,2024-08-28
C008220,Benjamin,Hardy,adavidson@example.net,+1-411-548-9958x270,Male,1939-11-23,2025-02-09
C008221,Jessica,Daugherty,dillonmosley@example.org,001-386-255-7818x7810,Female,1968-11-29,2025-02-15
C008222,Tammy,Kelley,monicavargas@example.com,(230)650-0490x509,Male,1940-01-20,2024-07-13
C008223,Ashley,Heath,garrettalex@example.net,463.319.2700,Male,1983-09-28,2024-02-23
C008224,Chase,Weaver,kramersean@example.org,001-627-889-8202x43074,Male,1998-07-25,2022-01-10
C008225,John,Jenkins,williamsjonathan@example.net,001-482-272-1423,Female,1960-09-02,2025-04-21
C008226,Jasmine,Jenkins,hgriffin@example.com,984-514-9982x81706,Male,1949-01-24,2025-11-18
C008227,Timothy,Perkins,jason52@example.net,(222)275-9518,Male,1955-04-10,2022-07-18
C008228,David,Malone,hendersonrandall@example.net,561-518-8320x2927,Male,1940-08-31,2023-10-31
C008229,Donald,Martinez,jason04@example.net,384-749-8865,Male,1958-12-22,2021-11-11
C008230,Bradley,Smith,kevin77@example.com,001-804-476-5228,Female,1990-11-04,2021-10-11
C008231,Craig,Gray,stonecarlos@example.com,557-510-7245x7467,Male,1959-11-16,2023-02-21
C008232,Laura,Clayton,ewingeric@example.org,292-531-2236x26420,Female,1995-07-07,2023-06-09
C008233,Cody,Dean,xevans@example.org,3233612240,Female,2004-03-27,2025-05-12
C008234,Carly,James,matthewramirez@example.net,+1-999-478-3309x833,Female,2004-10-28,2025-12-15
C008235,Valerie,Rivera,philip17@example.org,(790)634-2048x71554,Male,1942-04-03,2024-11-09
C008236,Barbara,Jones,davidcooper@example.org,+1-959-581-6913x1157,Male,2005-12-22,2024-03-19
C008237,David,Barnes,hardingeric@example.org,534-650-2514x3221,Female,1947-09-21,2025-05-26
C008238,Ann,Jacobson,ycook@example.net,+1-828-876-2026x735,Female,1957-06-13,2022-07-21
C008239,Stephanie,Vasquez,kirbykaren@example.net,863-548-3297,Male,1963-02-15,2024-02-29
C008240,Veronica,Carter,oconnormatthew@example.org,573.305.4913x831,Female,1938-12-15,2024-01-03
C008241,Brett,Hall,wparker@example.org,2415746843,Female,1970-01-16,2022-07-18
C008242,Angelica,Moore,gabriel83@example.net,709.359.9931x1083,Female,1992-03-24,2021-10-31
C008243,Karl,Blanchard,frederickmiller@example.net,(706)746-4474x8119,Female,1995-03-21,2023-10-31
C008244,Laura,Roth,heather85@example.com,297-701-4925x685,Female,1963-02-25,2024-11-06
C008245,Kenneth,Daniels,luis66@example.net,001-637-421-9353x206,Male,1939-10-10,2026-03-08
C008246,Jennifer,Downs,joshua48@example.net,(686)792-7966,Female,1972-09-05,2023-09-12
C008247,Dana,Reed,qlarson@example.org,001-498-545-0372,Male,1964-08-13,2023-07-29
C008248,Aaron,Brown,nancyburton@example.org,+1-597-852-8649,Male,1945-05-05,2022-07-15
C008249,Frances,Keller,lindseywatson@example.com,001-537-485-3265,Male,1943-11-05,2023-01-14
C008250,Richard,Mitchell,gordonromero@example.net,961.217.2975,Male,1967-01-21,2026-06-08
C008251,Jose,Schmidt,donaldhoward@example.net,7232113494,Female,2003-02-05,2021-08-07
C008252,Michael,Ryan,hgillespie@example.org,706.483.1384,Male,1947-02-27,2026-07-04
C008253,Jason,Simmons,mahoneywhitney@example.org,402.684.2862,Male,1984-05-03,2022-04-04
C008254,Claire,Armstrong,brownmichele@example.org,001-432-882-3372x349,Male,1952-03-13,2022-11-01
C008255,Cheyenne,Scott,rdavis@example.net,001-912-318-8065x2930,Female,1965-01-28,2026-03-31
C008256,Jessica,Stevenson,orhodes@example.net,+1-793-490-2191x047,Male,1959-01-27,2026-05-06
C008257,Vanessa,Long,jonathansavage@example.net,001-890-898-6657x04821,Male,1985-03-17,2024-10-24
C008258,Steven,Collins,gmartinez@example.net,001-236-780-3798,Male,1996-12-28,2023-03-14
C008259,Jessica,Downs,cantrellronald@example.org,877.766.8163,Male,1979-10-20,2023-03-23
C008260,Shelly,Davis,rachel44@example.net,655-751-1943,Male,1961-07-01,2025-11-05
C008261,Tammy,Kelly,garciaashley@example.net,001-682-689-0394x884,Female,1978-01-21,2025-12-14
C008262,Michelle,Austin,melissahudson@example.com,(797)829-0011x356,Female,1963-04-08,2024-01-19
C008263,Matthew,Levine,ygonzalez@example.net,550-423-9468,Male,1998-05-04,2022-02-21
C008264,Jasmine,James,melissa50@example.org,642-479-1505,Male,2002-12-02,2025-02-27
C008265,Ashley,Hayden,madison50@example.com,001-271-665-4057,Male,1984-12-19,2024-02-21
C008266,Shawn,Estes,johnguzman@example.net,001-502-887-1622,Male,1954-11-18,2023-09-22
C008267,Raymond,Villanueva,ythompson@example.com,+1-816-826-0612x17070,Female,1965-11-15,2024-04-17
C008268,Dylan,Monroe,stokesrebecca@example.net,926-909-9624,Female,1963-01-20,2024-07-11
C008269,Nicholas,Parker,richard70@example.net,512-919-1815x369,Male,2007-12-12,2022-02-07
C008270,Rachel,Ritter,jill65@example.net,+1-378-780-2996x09401,Male,1975-02-04,2022-06-05
C008271,David,Farrell,hartanna@example.org,821-288-8651,Male,1983-10-31,2023-03-04
C008272,Jacqueline,Moss,chloe29@example.net,6949561698,Female,1937-07-31,2024-12-28
C008273,George,Rivera,andrew77@example.net,(990)829-5189x3344,Male,1941-01-19,2022-05-23
C008274,Christopher,Walker,christensenmark@example.com,001-911-263-8886,Female,1944-12-07,2026-05-03
C008275,Joshua,Gonzalez,fraziercarmen@example.com,769.680.9163x92378,Female,1982-08-19,2023-07-31
C008276,Louis,Cantrell,mwall@example.org,+1-281-799-6555x63432,Female,1948-06-06,2025-12-11
C008277,Brandon,Mcpherson,brownbrenda@example.com,(747)457-8232,Male,1947-09-22,2025-06-05
C008278,Ryan,Evans,taylorfrank@example.net,(422)536-7089x139,Female,1944-02-17,2022-11-28
C008279,Ian,Johnson,misty77@example.net,(228)668-3454,Male,1939-01-11,2025-04-17
C008280,Tara,Edwards,lucasheather@example.net,001-873-926-9868x343,Female,1976-01-25,2024-01-11
C008281,Laura,Moore,james53@example.net,410.397.3948x33195,Male,1973-11-16,2024-10-15
C008282,Erik,Sanchez,jacquelineshaw@example.org,236-674-0310x64601,Male,1964-05-29,2022-02-17
C008283,Steve,Scott,xcamacho@example.com,616-915-6094,Female,1973-04-05,2025-04-08
C008284,Susan,Hendrix,margaretgilbert@example.net,649.909.1781x19716,Female,1950-05-05,2026-02-28
C008285,Laura,Austin,cynthia33@example.org,+1-601-578-0242x119,Female,1963-07-24,2023-02-01
C008286,Jimmy,Mclaughlin,leeerin@example.org,924-928-3832,Female,1982-06-17,2022-09-27
C008287,Pamela,Miller,kgarcia@example.org,(451)259-5651x9398,Male,1939-03-15,2022-02-12
C008288,Charles,Owens,jonathanwalker@example.net,+1-603-644-8786x707,Female,1986-08-02,2026-07-06
C008289,Rachel,Richardson,tmorales@example.net,644.567.7652x595,Male,1959-08-23,2022-01-26
C008290,Joel,Flores,teresaperry@example.net,(844)454-5241x898,Female,1961-02-14,2023-11-18
C008291,Diana,Parker,wattsjulie@example.com,(442)627-9277x20892,Female,1948-10-25,2023-07-12
C008292,Luis,Jennings,aclark@example.com,724-274-9466x641,Male,1939-06-20,2022-01-26
C008293,Rodney,Bowman,melissamcintyre@example.com,001-523-310-8866x065,Female,1971-05-07,2024-10-12
C008294,Cathy,Mitchell,yreynolds@example.com,518-609-2375x4440,Female,2006-06-20,2022-08-01
C008295,Ethan,Villegas,amywoodward@example.com,569.752.0368x032,Male,1987-09-09,2024-03-31
C008296,Cynthia,Meadows,brianthomas@example.com,378.687.9473x617,Female,1990-10-03,2022-09-01
C008297,David,Savage,ptodd@example.net,+1-328-481-9451x858,Female,1960-03-28,2026-01-20
C008298,James,Byrd,nhenderson@example.org,791-908-2065x9375,Female,1946-03-06,2024-12-05
C008299,Jeremy,Douglas,thomas77@example.net,001-392-950-9350,Female,1973-02-10,2021-09-14
C008300,Andrew,Richardson,lisa37@example.org,248.421.5759x99697,Female,1987-06-03,2025-08-02
C008301,Robert,Faulkner,rharris@example.net,255.980.8563x353,Female,2002-08-22,2022-07-18
C008302,Matthew,Taylor,ortizthomas@example.net,779.595.6237,Male,1943-04-30,2023-08-27
C008303,Steve,Donovan,shawn78@example.net,001-596-845-8161x9234,Female,1968-12-21,2026-03-14
C008304,Melissa,Stevens,ljenkins@example.net,(897)386-6707x5280,Female,1970-06-07,2024-09-18
C008305,Kirsten,Bailey,daniel89@example.net,(569)511-7344x536,Male,1968-01-24,2022-06-12
C008306,Holly,Smith,richardhernandez@example.net,723-653-8110,Male,1957-07-09,2025-04-20
C008307,Angela,Pratt,jennifer16@example.net,8226091730,Male,1998-08-09,2022-07-22
C008308,Susan,Harmon,kyleedwards@example.net,001-297-621-3475x077,Female,1945-12-11,2022-09-01
C008309,Jessica,Barber,davidhampton@example.net,(432)862-2708,Female,1946-07-15,2022-05-23
C008310,Larry,Wilkins,masonturner@example.org,+1-433-875-9281x09632,Female,1959-07-17,2025-07-11
C008311,Michelle,Vasquez,lchandler@example.org,6558788882,Male,1995-11-03,2021-11-18
C008312,Kathryn,Hunt,lesterjessica@example.org,815.240.2544x580,Male,2001-05-12,2025-12-04
C008313,Patricia,Garcia,michael09@example.net,390.957.3756,Female,1960-04-01,2025-10-23
C008314,Anna,Robertson,joan64@example.net,+1-950-584-8829,Female,1952-08-11,2022-09-23
C008315,Michaela,Freeman,juanchambers@example.org,(946)898-9473,Male,1948-09-27,2024-09-14
C008316,Bethany,Thompson,zsalazar@example.org,001-230-648-8040x1407,Female,1975-10-05,2025-12-05
C008317,Sandra,Simpson,karen72@example.com,525.780.4468x46448,Female,1999-02-12,2025-03-13
C008318,Scott,Rodriguez,gsingh@example.com,345-827-6700x231,Female,2003-04-23,2024-08-02
C008319,Daniel,Copeland,ljoyce@example.net,217-921-5130,Female,1940-03-28,2023-01-31
C008320,Richard,Lee,leechristopher@example.org,(933)889-8395x15881,Female,1996-12-19,2021-11-30
C008321,Katrina,Melendez,pamrivera@example.org,912-822-2278,Female,1978-08-13,2025-11-01
C008322,Scott,Garrett,benjaminmendoza@example.org,001-437-761-8655x62311,Female,1946-07-17,2026-05-16
C008323,Michelle,Trujillo,williamsrobin@example.net,366.491.4379x216,Male,2005-09-29,2025-07-27
C008324,William,Petty,vrodriguez@example.net,354.947.1628x924,Male,1967-04-28,2025-12-09
C008325,John,Marshall,staylor@example.net,395-250-6715x354,Female,1945-01-25,2021-11-02
C008326,Courtney,Nielsen,eross@example.com,001-729-745-5722x18787,Male,2001-02-05,2026-02-27
C008327,Nicole,Proctor,nicole91@example.net,737.671.3149,Female,2007-02-10,2023-02-05
C008328,Laura,Williams,becky28@example.net,001-804-760-2010x0051,Female,1946-10-31,2023-10-09
C008329,William,Stark,friedmanmisty@example.net,+1-900-940-8385x555,Female,2004-08-06,2025-04-24
C008330,Bryce,Bell,anthonymichele@example.com,(920)796-0360,Male,1974-12-28,2025-08-26
C008331,Gerald,Weaver,mhernandez@example.com,001-511-411-7377x13373,Male,1954-03-19,2023-12-07
C008332,Lindsay,Williams,davisjacob@example.org,+1-870-368-6281x8069,Female,1995-09-26,2022-06-21
C008333,Katherine,Snyder,daltongraham@example.com,(726)289-1862x9827,Male,1978-06-06,2025-11-06
C008334,Dana,Walsh,barbara24@example.net,+1-979-914-7976x580,Female,1962-05-08,2022-06-04
C008335,Amy,Bishop,royortega@example.org,368.779.7725,Female,1984-06-26,2022-06-17
C008336,Sarah,Bryant,timothyharding@example.net,744.524.9175x5636,Female,1983-06-07,2024-04-20
C008337,Dawn,Hunter,matthew50@example.org,+1-295-418-9243x74961,Male,1966-10-25,2025-01-19
C008338,Ricardo,Wyatt,whitejeffrey@example.org,590-244-4510x85871,Female,1999-04-26,2026-06-21
C008339,Joseph,Tucker,justinmartin@example.net,970.588.1665x942,Male,1986-12-12,2024-04-30
C008340,Melissa,Walker,leetammy@example.org,001-286-660-2541x138,Male,1949-08-16,2025-12-15
C008341,Jason,Potter,samuel77@example.net,8163489607,Female,1979-09-27,2026-04-10
C008342,Cynthia,Kelly,bcastillo@example.net,879-241-9616,Male,1941-12-07,2025-03-02
C008343,Aaron,Perez,ericlynch@example.com,(768)803-2776,Male,1997-06-30,2025-10-31
C008344,Joseph,Lyons,ricardo92@example.com,+1-220-752-1436x75144,Male,1984-05-05,2023-04-02
C008345,Melissa,Taylor,cheyenne40@example.com,001-337-442-5700x52073,Male,2000-11-27,2024-03-04
C008346,James,Sweeney,kathryn71@example.com,(809)291-6872,Male,1973-07-20,2026-03-24
C008347,Julie,Martinez,julian34@example.org,(880)321-0907x3986,Male,2000-04-24,2023-07-01
C008348,Michele,Cox,jacob55@example.net,001-279-672-4694,Male,2005-08-12,2023-12-23
C008349,Rick,Carlson,ryan52@example.com,001-271-578-9819x3900,Female,1960-08-09,2023-10-19
C008350,Lisa,Sawyer,rodriguezlaura@example.org,+1-467-813-4136x94655,Female,2005-02-10,2022-10-28
C008351,Jessica,Jackson,suzannegibbs@example.net,001-662-382-0995x9098,Female,1945-03-26,2022-06-24
C008352,Kathy,Simpson,garymyers@example.com,742.895.4502x658,Male,1967-09-22,2023-02-18
C008353,Anthony,Willis,williammorris@example.net,+1-575-609-3450,Female,1963-04-11,2022-07-30
C008354,Robert,Murphy,rmartinez@example.org,359-956-9630x5725,Female,1954-03-10,2025-11-28
C008355,Amber,Williams,danagreen@example.com,861.332.2820x84010,Female,1966-05-01,2024-11-20
C008356,Jaclyn,Franco,jamesramirez@example.com,001-955-839-8181x4535,Male,1964-12-07,2022-01-20
C008357,Elizabeth,Boyd,martinrobinson@example.net,536-400-8110x47477,Female,1990-03-02,2022-03-15
C008358,Bryan,Wiggins,michelle00@example.net,+1-935-389-4495,Female,2004-03-12,2025-07-25
C008359,James,Wilson,elizabethstevens@example.org,+1-253-975-4016x761,Male,1948-08-01,2026-02-21
C008360,Frederick,Turner,ewilliams@example.org,(575)662-6146,Male,1953-08-03,2022-08-15
C008361,Jonathan,Wilcox,brucetracey@example.org,903.274.0838x84766,Male,1943-05-21,2026-06-22
C008362,Christopher,Sweeney,gmoyer@example.org,+1-262-208-5637,Male,1993-07-16,2025-07-12
C008363,Brian,Ray,andrearobinson@example.org,001-246-309-9873x16845,Female,1975-08-10,2025-08-09
C008364,Lisa,Esparza,bryan95@example.net,001-676-576-9753x637,Female,1935-08-11,2022-06-20
C008365,William,Keller,brittany39@example.com,(853)997-0235,Female,1978-07-26,2022-09-13
C008366,Margaret,Hodges,sandersandrea@example.org,337.305.9556x5919,Female,1942-10-12,2024-12-13
C008367,Christopher,Bernard,mooredavid@example.com,234.819.2337,Female,1962-05-24,2025-10-04
C008368,Joshua,Wolf,luke84@example.com,353.671.8496,Female,1995-11-19,2026-06-12
C008369,Beth,Navarro,cmartinez@example.com,(415)841-4524x40269,Male,1970-07-05,2022-01-16
C008370,Stephanie,Blake,edwardscaleb@example.org,880.218.9440x17217,Male,1970-04-01,2024-03-05
C008371,Jason,Nelson,steeledanielle@example.com,(777)606-2232,Female,1975-05-11,2022-05-21
C008372,Jessica,Underwood,rthompson@example.org,+1-805-371-4449x359,Female,1959-07-07,2024-07-06
C008373,Melissa,Chan,stephenhughes@example.org,861.799.3551x3155,Male,2008-06-27,2025-10-14
C008374,Adrienne,Mcmillan,patricia99@example.org,(972)727-4614,Male,1975-06-02,2026-06-28
C008375,Alyssa,Keller,whitemargaret@example.com,767.827.2742,Male,1979-02-16,2026-01-22
C008376,Jacob,Mitchell,mcurtis@example.com,8839755424,Male,1945-08-26,2024-09-01
C008377,Christopher,Cabrera,dhenry@example.net,+1-935-318-8851,Female,1935-12-26,2024-05-13
C008378,John,Leonard,washingtonlaura@example.org,313-372-2064x7231,Female,1938-05-20,2025-04-05
C008379,Lawrence,Simmons,ymiller@example.org,(258)253-5932x52939,Male,1984-12-23,2023-05-10
C008380,Sarah,Miller,danaperez@example.net,001-353-672-8433x454,Female,2006-12-03,2022-08-29
C008381,Randy,Kelley,millerscott@example.net,001-643-482-0285x92977,Male,1946-04-13,2024-05-12
C008382,Olivia,Sloan,james66@example.org,567-668-0089,Male,1974-01-04,2022-07-29
C008383,Jessica,Hudson,scopeland@example.com,+1-902-644-6173x927,Male,2002-09-25,2025-10-14
C008384,Elizabeth,Byrd,williamsjeff@example.net,(714)825-8067x71437,Male,1981-12-07,2023-01-11
C008385,Jennifer,Kirk,derek70@example.net,001-951-488-3049x281,Male,1981-12-15,2026-02-02
C008386,Crystal,Dominguez,christophermartin@example.org,261-498-1831,Male,1994-09-21,2023-02-13
C008387,Michael,Edwards,vorozco@example.org,+1-649-556-4808x609,Male,1962-10-24,2026-03-19
C008388,Phillip,Taylor,garciamary@example.com,8784573427,Female,1993-04-21,2022-05-01
C008389,Micheal,Ward,richardsmith@example.com,7943072922,Male,1975-05-14,2025-09-11
C008390,Melissa,Fisher,turnersara@example.com,+1-636-357-9253x2035,Female,1963-10-06,2021-07-31
C008391,Frank,Hull,anna43@example.net,341-525-0925,Male,1964-01-27,2025-11-30
C008392,Lisa,Sullivan,oallen@example.com,+1-767-296-7513x62469,Male,2004-03-09,2022-02-04
C008393,Jeremy,Johnson,chase55@example.org,502-794-2559,Female,1985-02-27,2024-02-27
C008394,Gina,Blake,carlsondaniel@example.com,(362)990-6307x5872,Female,1983-08-10,2023-07-06
C008395,Ashley,Garrett,ajennings@example.net,231-481-5931x8427,Female,1950-07-17,2022-10-28
C008396,Danielle,Lang,smithcathy@example.com,(839)241-5157x2088,Female,1939-04-11,2023-07-19
C008397,Jaime,Velasquez,jpotts@example.net,866.359.1429,Female,1974-12-19,2025-05-16
C008398,Ashley,Wells,kimberlyli@example.net,+1-298-274-7380x5878,Female,2006-12-18,2024-06-25
C008399,Daniel,Drake,beltrandavid@example.com,357.386.1717x21059,Female,1997-11-07,2021-10-07
C008400,Kyle,Moody,pattersonsally@example.org,001-892-941-7600,Male,1962-06-19,2025-10-19
C008401,Caleb,Murray,kelly44@example.net,806.567.0574x6229,Female,2003-02-09,2021-10-01
C008402,Paula,Jones,randyparker@example.com,001-212-873-5724x00373,Female,1936-07-29,2023-06-06
C008403,Elizabeth,Jones,george77@example.net,(309)920-8366,Male,1972-05-17,2026-01-02
C008404,Alexander,Ramirez,pwagner@example.com,001-369-744-0335x0826,Male,1972-04-22,2025-01-12
C008405,Tonya,Smith,juliacoleman@example.com,523-316-3393,Male,1981-06-24,2023-03-03
C008406,Joshua,Hamilton,mooreangela@example.org,408.234.3289x408,Female,1958-12-17,2025-03-13
C008407,Nicholas,Lewis,xrodriguez@example.com,786.995.2547,Male,1992-06-16,2023-12-24
C008408,Matthew,Tate,franciscoproctor@example.net,001-881-531-6516x26632,Female,1987-01-16,2024-03-23
C008409,Christopher,Nelson,harriskrystal@example.org,983.705.2057,Female,1938-03-12,2026-01-21
C008410,Charles,Salinas,freymatthew@example.org,273-640-6823x9696,Female,1948-08-12,2025-03-07
C008411,Anthony,Miller,henrysusan@example.net,001-490-969-6202,Male,1952-08-30,2025-02-28
C008412,Natalie,Donovan,vhunter@example.net,(232)974-8503x9791,Female,1956-01-11,2022-02-25
C008413,Tiffany,Morris,cjones@example.com,349.334.1287x4721,Female,1987-08-19,2026-07-06
C008414,Alexis,Riley,denisewright@example.com,5648832722,Female,1996-06-07,2025-11-03
C008415,Lydia,Marshall,qhouse@example.net,331.843.9124x873,Male,2003-11-03,2025-05-29
C008416,Susan,Rose,jordanmoore@example.net,(352)443-1323,Female,1993-06-06,2023-11-10
C008417,Lisa,Mcguire,nanderson@example.com,+1-323-248-2512,Female,1976-10-08,2022-07-27
C008418,James,Snyder,scottrenee@example.net,6792580155,Male,1974-02-03,2024-08-31
C008419,Caroline,Wells,jenniferrobinson@example.net,637.675.7983x94116,Female,1990-10-22,2024-11-22
C008420,Allison,Arnold,matthewmoreno@example.org,8467803914,Female,1981-12-09,2023-03-23
C008421,Kelsey,Robles,masonevan@example.com,644-853-9679,Female,2000-07-05,2025-05-12
C008422,Nicholas,Sanchez,matthewwilson@example.net,339-605-7154,Male,1975-07-29,2025-08-01
C008423,Regina,Hernandez,franciscodavis@example.org,638.965.0963,Female,1966-12-28,2023-03-28
C008424,Emily,Floyd,hernandezmatthew@example.org,967-310-1972,Female,1938-05-21,2023-01-31
C008425,Jon,Dennis,ldavis@example.com,905.592.8405x22370,Male,1964-03-22,2023-03-11
C008426,Jo,Figueroa,smithnicholas@example.com,878.888.9576x63129,Female,1942-09-22,2024-09-28
C008427,Joshua,Martinez,newmanjoseph@example.org,+1-790-418-9926x14825,Female,1958-08-01,2023-10-21
C008428,Brady,Cunningham,doris18@example.org,+1-995-700-3712x34788,Male,2008-03-06,2026-03-04
C008429,David,Williams,kochpaul@example.com,214.559.9550x60902,Female,1941-06-18,2023-07-11
C008430,Rita,Parker,ynelson@example.net,(757)695-1067x6533,Male,1979-06-22,2022-12-08
C008431,Diana,Stein,joshua82@example.org,522-731-8337x465,Female,1953-12-17,2025-12-05
C008432,Melissa,Sanchez,cobbwilliam@example.org,(229)447-4043x6614,Female,1952-06-12,2024-04-17
C008433,James,Suarez,gregorygibson@example.org,586-838-7996x364,Male,1996-06-14,2024-12-27
C008434,Gabrielle,Garza,macdonaldronald@example.net,(581)931-5468x5577,Male,1954-08-02,2023-03-22
C008435,Aaron,Patterson,catherinedodson@example.net,(813)806-7618,Male,1938-05-04,2023-09-21
C008436,John,Smith,bowmandavid@example.com,(993)338-2772,Male,1989-10-23,2022-11-28
C008437,David,Bryant,xfitzgerald@example.org,001-280-976-3714x412,Male,1962-11-28,2021-11-08
C008438,Shane,Martin,jamesnguyen@example.com,356-848-6043x18619,Male,1948-11-29,2021-09-08
C008439,Christopher,Fox,browndavid@example.net,916.452.2816x9505,Female,1998-02-04,2023-01-09
C008440,Brett,Nguyen,torresroy@example.com,001-339-566-5995,Male,1949-06-06,2021-07-31
C008441,Caleb,Hall,jenkinsdorothy@example.net,001-930-256-1159x625,Female,1995-08-21,2022-10-23
C008442,Christopher,Wyatt,jnoble@example.org,2565746812,Male,1950-01-13,2022-11-24
C008443,Susan,Torres,danaramos@example.org,549-704-5072x792,Male,1964-09-03,2022-01-09
C008444,Jeffrey,Coleman,jonathanhughes@example.net,315-614-1332x020,Female,1954-01-21,2025-06-02
C008445,Pamela,Williams,qmiller@example.com,514.322.3557,Female,1969-07-05,2025-10-24
C008446,Andrew,Pope,vjames@example.net,650-260-7992x156,Male,2001-02-12,2022-07-27
C008447,Lindsay,Myers,heather92@example.net,001-444-395-9973x55517,Male,1961-03-24,2022-01-17
C008448,Ronald,Martin,harristammy@example.com,(304)746-9030,Male,1941-04-27,2022-04-09
C008449,Travis,Brown,georgejohnson@example.org,(810)357-7689,Male,1991-07-19,2022-05-20
C008450,Rebecca,Thompson,johnjackson@example.com,7942762445,Female,1955-01-31,2022-11-02
C008451,Chelsea,Wilson,cduncan@example.com,(806)205-9403x4471,Male,1967-06-20,2022-05-29
C008452,Janice,Valentine,jennifersanchez@example.net,857-533-6876x245,Female,1993-12-11,2023-05-24
C008453,Kyle,Jacobs,ramirezzachary@example.com,(994)307-6815,Male,1936-09-04,2026-03-12
C008454,Michelle,Trujillo,farmerdenise@example.net,001-495-364-6198,Female,1952-12-09,2024-04-10
C008455,Nathan,Salinas,ndavis@example.com,(758)539-6413x585,Female,2000-04-14,2022-05-15
C008456,Deanna,Dawson,williamstonya@example.org,669-206-0279x0430,Male,1937-07-26,2023-12-04
C008457,Caleb,Martin,jonathan68@example.org,(663)686-2420x064,Female,1946-03-28,2021-11-12
C008458,Rachel,Wolf,lutzandrew@example.com,001-336-870-1272x91178,Female,1947-05-04,2025-01-17
C008459,Dana,Lewis,michael73@example.org,(570)912-7676,Female,2003-07-07,2023-07-14
C008460,Michelle,Smith,bwells@example.org,(959)325-7273x00705,Male,1995-10-11,2025-11-18
C008461,James,Hancock,eric11@example.org,001-773-414-6282x0997,Male,2005-05-31,2021-08-30
C008462,Michael,Elliott,watsonkatrina@example.net,(989)695-1509,Female,1981-03-29,2023-11-05
C008463,Tina,Allen,alexandernelson@example.net,888.973.0576,Female,1999-05-20,2025-04-06
C008464,Mary,Miller,djackson@example.net,2679012561,Male,1970-12-01,2021-10-01
C008465,Jeffrey,Melendez,sford@example.org,(604)532-8544,Male,2002-01-19,2021-09-13
C008466,Michele,Jensen,orogers@example.org,+1-758-350-2966x6274,Male,1994-05-01,2023-12-05
C008467,Derek,Lawson,rwashington@example.org,+1-830-455-5460,Female,1992-05-20,2021-11-07
C008468,Tammy,Parker,belllisa@example.com,001-832-578-7788x879,Male,1952-01-13,2025-05-19
C008469,Christina,Gonzalez,vmurray@example.net,6842131745,Female,1944-05-02,2026-04-23
C008470,Susan,Nguyen,jessicabriggs@example.com,(586)688-3736x0337,Female,1969-06-20,2021-12-11
C008471,Angel,Mitchell,timothyheath@example.org,+1-630-695-5782x180,Female,1995-09-10,2022-03-14
C008472,Nicole,Underwood,riosryan@example.org,(574)722-0992x171,Female,1968-05-20,2024-08-24
C008473,Kimberly,Thompson,cruzmichelle@example.net,389-967-9406,Female,1987-08-25,2024-09-25
C008474,Maria,Beck,jill76@example.com,927.741.7514,Male,1975-08-12,2024-12-13
C008475,Amber,Robinson,joshua71@example.org,779.747.2211,Male,2005-06-26,2025-09-06
C008476,Patrick,Mitchell,bonnie59@example.net,(857)608-7193x751,Female,2002-10-05,2025-09-18
C008477,Jennifer,Brooks,benjaminbarton@example.net,5983379429,Male,1951-09-04,2025-10-18
C008478,Andrew,Garcia,millsdebra@example.org,001-968-349-0080x0325,Male,1957-05-27,2026-02-18
C008479,Brian,Frey,westrobert@example.net,261-472-4840x7589,Male,1995-08-25,2024-07-02
C008480,Jessica,Allen,michael10@example.org,001-329-345-5824x3458,Female,1986-04-03,2023-06-21
C008481,Joseph,Nelson,anthonyhill@example.com,001-211-537-5173,Male,2007-11-02,2023-02-08
C008482,David,Ramirez,traceygraham@example.net,(421)414-9014,Male,1972-12-29,2026-02-14
C008483,Scott,Reese,ugonzalez@example.com,510.378.1390x079,Female,1996-05-03,2023-11-11
C008484,Eric,Chapman,tammy37@example.net,293-512-7294x127,Male,1996-11-18,2023-05-24
C008485,Reginald,Bernard,owallace@example.org,6795736936,Female,1970-03-21,2025-02-18
C008486,Pamela,Padilla,russelljeffery@example.net,+1-304-878-3506x968,Female,1949-03-27,2025-11-09
C008487,Evan,Cervantes,jeanetteking@example.com,+1-627-293-4508x149,Female,1940-09-29,2024-08-08
C008488,Krystal,Johnson,jason65@example.org,682-881-7414x0045,Female,2003-02-26,2023-05-05
C008489,Nathan,Carroll,patrickwalton@example.com,(523)868-7012x164,Female,1969-10-09,2023-07-08
C008490,Amanda,Johnson,gonzalezrandy@example.net,853-528-3735x811,Male,1988-08-25,2023-09-29
C008491,Holly,Hodge,ashley41@example.com,573.411.8403,Female,1973-04-20,2023-07-20
C008492,Mitchell,Rhodes,ruth66@example.com,945-267-8236,Female,1991-09-12,2022-03-15
C008493,John,Robinson,mwilkins@example.org,4795120702,Female,1964-03-01,2026-04-07
C008494,Ricky,Harris,brittneyhardin@example.net,565.666.0194x358,Male,1976-05-16,2025-08-30
C008495,Paula,Hunter,aprince@example.com,001-915-536-9017x3988,Male,1959-04-25,2026-02-11
C008496,Matthew,Evans,cmccullough@example.org,(535)762-6842x3236,Female,1991-11-02,2025-04-29
C008497,Jason,Gibbs,rhondapatton@example.org,583-831-8314,Female,1957-06-26,2025-12-03
C008498,Patricia,Bishop,dcook@example.net,941.628.6440x6010,Female,1998-07-12,2022-03-04
C008499,Dominique,Smith,sheltonemily@example.com,(357)509-3006x8585,Male,2008-04-10,2025-12-30
C008500,Laura,Haney,mforbes@example.net,624.750.3906x708,Female,2003-12-02,2022-04-08
C008501,Robert,Walker,jacob75@example.net,+1-763-660-7492x01804,Male,1974-09-14,2023-11-04
C008502,Kelly,Harvey,hernandezrandy@example.net,(609)442-8884,Male,1953-07-01,2025-05-21
C008503,Tara,Mueller,timothyhansen@example.net,001-940-654-2321x8876,Male,1991-05-05,2022-11-18
C008504,Cynthia,Silva,julie36@example.net,+1-984-661-3219x544,Male,1997-12-19,2025-12-10
C008505,Maria,Gonzalez,frankmelissa@example.net,992-217-6739x7701,Male,1948-03-16,2022-03-26
C008506,Carolyn,Day,bfoley@example.net,(346)951-4019,Female,2002-09-12,2026-04-12
C008507,Raymond,Kelley,amysimpson@example.net,(403)884-3350,Female,2002-02-13,2021-09-30
C008508,Anthony,Black,johnsonharold@example.com,(999)779-6036,Male,1989-12-19,2025-04-19
C008509,Steven,Watson,natalie92@example.com,980-829-6796,Female,1979-05-31,2024-12-08
C008510,Kirsten,Perry,chris24@example.com,(874)812-7563x695,Female,1951-11-12,2023-11-11
C008511,Cody,Ford,amiranda@example.org,001-739-365-6126x606,Male,1974-08-31,2022-09-14
C008512,Adrienne,Gordon,nodonnell@example.org,254.955.4836x965,Male,1961-02-24,2024-04-10
C008513,Maureen,Love,michaelschultz@example.net,001-640-205-3237x7095,Female,1967-06-15,2023-11-12
C008514,Dustin,Phillips,maryhodge@example.com,878.235.4291,Male,1939-02-24,2025-09-17
C008515,Jennifer,Ali,jacob42@example.org,(346)247-5164x235,Female,1944-01-12,2026-04-11
C008516,Lindsey,Collins,tannerharris@example.net,+1-635-824-3822x848,Female,1980-12-19,2025-09-01
C008517,Paul,Ross,allison39@example.net,(727)605-3501x3056,Male,1974-08-13,2024-10-06
C008518,Tanner,Moreno,debraarnold@example.org,213.566.6310,Female,1957-03-04,2021-11-03
C008519,Erik,Le,gflores@example.com,+1-704-371-1296x477,Male,1958-08-31,2022-04-10
C008520,Lauren,Mitchell,april90@example.org,(937)621-0664,Female,1996-06-08,2024-06-27
C008521,Thomas,Villarreal,joycedixon@example.org,3164992367,Female,1989-12-10,2024-04-01
C008522,Juan,Payne,twashington@example.com,752.581.0281x042,Male,1975-11-07,2021-08-08
C008523,Jennifer,Liu,kware@example.com,+1-267-491-3810x9481,Male,2000-03-12,2023-08-30
C008524,Anna,Goodwin,shawnturner@example.org,220-221-2098x7397,Male,1960-08-22,2024-07-15
C008525,Anthony,Dickson,eric52@example.org,391.494.0095x20248,Male,1990-04-14,2025-10-16
C008526,Rebecca,Smith,owenschristopher@example.com,001-437-332-4415x465,Male,1994-10-03,2021-09-27
C008527,Kenneth,Holden,christophercollins@example.net,(979)358-4931,Male,1987-09-14,2026-02-07
C008528,Ryan,Mitchell,sergio61@example.com,001-748-624-4644x76917,Male,1998-04-19,2024-08-30
C008529,Kristy,Willis,jonathan53@example.org,876.206.7484x4909,Female,1956-01-03,2025-05-26
C008530,Audrey,Hayes,lrivera@example.org,(518)261-1095x7451,Female,1979-03-20,2022-05-13
C008531,Richard,Martinez,sarah56@example.org,7764377451,Male,1938-06-16,2026-02-19
C008532,Jason,Conway,garciaholly@example.net,398-511-1265x5543,Male,1960-07-05,2026-06-26
C008533,Sydney,Mills,taylorallison@example.net,+1-833-404-9744x063,Male,1957-04-17,2024-08-29
C008534,Jenny,Olson,joe06@example.net,(788)392-5103x574,Male,1952-03-23,2022-12-05
C008535,Nathan,Anderson,joseph29@example.org,343-310-8712x006,Male,1936-09-18,2022-05-31
C008536,Brian,Watson,monica50@example.com,479-813-9030,Female,1949-08-20,2021-12-15
C008537,Christopher,Duncan,bakerluis@example.net,936.767.6311,Male,1940-06-04,2022-07-15
C008538,Mark,Middleton,vfoster@example.net,694.768.6170x981,Female,1941-09-13,2025-09-19
C008539,Kristen,Mejia,michael77@example.org,(734)863-3716x6332,Female,1953-07-22,2021-08-25
C008540,David,Cooper,deniseadams@example.net,645.337.8957,Female,1940-11-03,2023-04-16
C008541,Joseph,Robinson,crystalcontreras@example.org,768-992-2462x96043,Male,1939-12-06,2026-06-18
C008542,Melanie,Lawson,taylorrebecca@example.net,(220)396-5293,Male,1985-04-21,2022-11-10
C008543,Jacqueline,Ashley,perezjuan@example.org,+1-217-572-4818,Female,1936-05-04,2024-05-12
C008544,Melissa,Fuentes,dawnconley@example.org,8017693969,Female,1936-03-25,2025-07-23
C008545,Jason,Wood,stephanie23@example.com,(332)705-9315,Female,2004-01-19,2021-09-11
C008546,Allison,Jones,michaeldavis@example.org,+1-353-556-0813x111,Female,1977-12-09,2026-03-28
C008547,Brian,Mills,michaelparsons@example.net,001-846-942-4428x5878,Female,1945-12-14,2023-10-02
C008548,Matthew,Williams,liujames@example.org,407-334-0034x8819,Female,1946-06-02,2023-10-17
C008549,Joanne,King,mike01@example.org,891.524.7709x86539,Male,1951-01-06,2024-02-15
C008550,Samantha,Mitchell,baileyapril@example.org,630.327.3306,Female,2006-07-06,2023-10-29
C008551,Nathan,Campbell,xgraham@example.net,7126117417,Male,1976-12-16,2023-02-04
C008552,Sherri,Mullins,kleinryan@example.com,738.696.2341,Male,1971-03-12,2023-08-01
C008553,Patrick,Matthews,alopez@example.net,001-798-846-2327,Female,1940-01-29,2025-06-19
C008554,Gary,Mendoza,lhamilton@example.net,001-552-620-5769x603,Female,1967-06-22,2024-08-19
C008555,John,Lara,ann00@example.com,+1-579-362-8819x0738,Male,1943-01-13,2025-07-17
C008556,Megan,Dougherty,twalker@example.com,802.621.5165x3984,Male,1978-03-12,2026-06-07
C008557,Kimberly,Landry,frank02@example.com,469.837.8500,Female,1977-09-03,2024-03-09
C008558,Robert,Wang,brian27@example.net,476-751-6975,Female,2000-09-27,2022-04-08
C008559,Lydia,Miller,camposjo@example.org,+1-808-482-6170,Male,1986-04-20,2021-09-19
C008560,Rachael,Thomas,masoncarlos@example.com,+1-988-931-3537x9845,Female,1983-07-22,2022-09-24
C008561,Meagan,Sullivan,pattyoneal@example.com,983.343.7444,Male,2005-04-16,2024-08-29
C008562,Kevin,Valdez,fhernandez@example.org,983-243-2754x9029,Female,1985-07-19,2023-06-21
C008563,Rebecca,Sullivan,lorrainepacheco@example.org,(429)288-1365x921,Female,1969-05-09,2021-12-24
C008564,Juan,Jordan,benjamin25@example.com,001-740-780-8204x291,Female,1956-05-28,2023-10-07
C008565,Heather,Jackson,luke78@example.com,991-642-4990,Female,1991-11-30,2025-05-06
C008566,Brianna,Brown,colemandeborah@example.org,445-323-2701x6326,Female,1987-11-08,2024-12-26
C008567,Victoria,Grant,donna95@example.org,813.376.2407,Male,1948-08-04,2022-05-29
C008568,Danielle,Gutierrez,ashleyryan@example.com,(234)404-8713,Male,1977-02-15,2023-09-10
C008569,Anna,Chan,hswanson@example.org,393.534.4360x1445,Male,1959-04-17,2024-01-12
C008570,Linda,Morrow,jsmith@example.org,(816)364-4486x9381,Female,2004-12-26,2023-11-14
C008571,Tonya,Powell,pmartinez@example.org,+1-540-632-8406x329,Female,1938-09-06,2022-09-13
C008572,Darrell,Roberts,briandavenport@example.com,2992328674,Female,1959-10-13,2023-10-17
C008573,Molly,Boyer,anthonymorgan@example.net,351-411-2027,Female,1940-09-06,2026-05-28
C008574,Kenneth,Davis,donnacastro@example.com,+1-469-912-1149,Female,1936-08-27,2023-05-08
C008575,Nathaniel,Walton,harrisonkatherine@example.org,001-631-976-0549,Female,1935-08-27,2021-09-24
C008576,Kenneth,Mann,amanda16@example.org,6998235975,Female,1969-11-14,2026-06-06
C008577,Kelly,Cisneros,peter24@example.org,759.497.1509x79027,Female,1994-01-22,2026-05-27
C008578,Amanda,Adams,elizabethwong@example.com,001-245-444-2076,Male,1963-08-09,2026-03-31
C008579,Alicia,Owens,dianeward@example.com,974.911.6246x58195,Male,2003-07-12,2025-08-11
C008580,Emily,Taylor,lwilliams@example.com,361-614-0073x830,Male,1937-06-15,2025-05-29
C008581,Marie,Baker,ygutierrez@example.org,+1-668-338-6241x7594,Female,1948-11-09,2023-03-12
C008582,Jeffrey,Evans,williamselizabeth@example.org,365-484-5067x140,Male,1955-03-26,2023-04-21
C008583,Jacqueline,Pearson,alvarezcrystal@example.net,+1-444-410-8056x375,Female,1954-06-12,2021-12-27
C008584,Vincent,Sutton,alex34@example.net,+1-940-659-4550x110,Male,1964-10-08,2023-06-01
C008585,Mary,Johnson,brookehays@example.com,290-478-0052,Male,1973-10-05,2024-11-17
C008586,Daniel,Preston,lauriemaxwell@example.com,4215528181,Female,1959-02-26,2026-05-30
C008587,Charles,Parrish,travis48@example.com,879-233-3430x38843,Male,1976-06-22,2024-04-04
C008588,James,Phillips,allendiane@example.net,001-583-776-0515x444,Female,2005-08-20,2022-01-08
C008589,Joseph,Jordan,michael93@example.com,659-241-7421x898,Female,1945-11-02,2023-03-23
C008590,Judith,Osborn,jessica90@example.net,868.375.4955x811,Male,1947-09-21,2023-01-17
C008591,Desiree,Lopez,schmidtcaleb@example.net,001-566-209-1657x39263,Male,1986-10-26,2021-08-02
C008592,William,Vasquez,davismichelle@example.org,293.909.0421x0105,Male,1950-08-12,2022-02-21
C008593,Robert,Jacobs,stephanieporter@example.org,342.365.6762x26599,Female,1975-04-08,2021-12-15
C008594,Kendra,Cruz,jorge07@example.net,001-348-256-3690x24200,Male,1993-06-05,2025-03-19
C008595,Gilbert,Hardy,ryanmcmillan@example.com,+1-466-400-4296x567,Female,1951-04-09,2025-02-22
C008596,Amy,Robinson,nealgary@example.net,001-544-911-1451,Male,1958-05-30,2022-09-28
C008597,Crystal,Diaz,harperjesus@example.org,(571)854-5340,Female,1948-12-12,2023-08-31
C008598,Tamara,Snyder,erin97@example.org,974.835.3335,Male,1986-10-03,2022-08-06
C008599,Brian,Davis,kmendoza@example.com,927.842.8408,Male,1945-11-13,2022-01-25
C008600,Anthony,Wilson,agay@example.com,7443144823,Male,2005-07-09,2023-08-15
C008601,Rebecca,Jones,palmerdebra@example.com,491.255.4354x212,Male,1938-08-08,2023-07-24
C008602,Kenneth,Jones,edwardmartinez@example.net,001-590-568-9413x14095,Female,1951-01-20,2023-12-11
C008603,Erica,Shea,heatherclark@example.org,(720)848-9662,Female,1962-10-07,2023-06-20
C008604,Joanne,Porter,chavezphilip@example.com,(639)440-3684x203,Female,1955-01-06,2026-05-25
C008605,Juan,Shaw,robertgarcia@example.com,581-897-3261,Female,2000-03-14,2024-05-21
C008606,Samantha,Stein,thomasbrown@example.org,351-616-5050,Male,1991-10-26,2023-05-18
C008607,Matthew,Miller,taradavis@example.com,001-573-212-9305,Male,1952-04-27,2024-08-22
C008608,Amber,Smith,thomas72@example.com,+1-664-212-6010,Male,1966-12-20,2025-01-20
C008609,Robert,Bennett,frankhicks@example.org,(745)678-5814,Male,2001-06-17,2022-11-12
C008610,Heather,Scott,youngjudy@example.org,631-921-9725,Male,1995-07-31,2022-03-14
C008611,Kelly,Eaton,davidflores@example.net,(318)257-6485x82719,Female,1955-11-21,2025-08-18
C008612,Kristen,Lopez,joannlowe@example.com,(814)206-9354x259,Female,1938-04-12,2025-06-07
C008613,Stephanie,Deleon,karinafields@example.org,414-447-0268,Female,1997-01-03,2026-01-07
C008614,Lauren,Colon,williamgraves@example.com,001-684-954-6459x049,Female,2004-10-17,2024-11-18
C008615,Julie,Campbell,brandon58@example.net,322.602.8420,Female,1974-03-22,2023-02-01
C008616,Tina,Green,saramaddox@example.com,823.735.1036,Male,1940-03-17,2024-12-24
C008617,Cheryl,Pratt,qjimenez@example.org,+1-234-637-5222x8250,Female,1979-04-26,2025-03-30
C008618,Becky,Hall,vgonzalez@example.com,429.854.6330,Male,1947-08-02,2024-07-19
C008619,Maria,Johnson,marie20@example.net,542.821.0039x691,Female,1939-01-18,2025-04-16
C008620,John,Valenzuela,hensleybenjamin@example.net,+1-804-868-1756x381,Male,2008-01-02,2022-10-12
C008621,Meghan,Moyer,fmoore@example.org,275-830-1670,Male,1963-09-27,2025-11-08
C008622,Patrick,Marks,alexreid@example.org,358-519-1113x8440,Female,1966-08-25,2025-07-22
C008623,Kevin,Stokes,sarah76@example.com,602.306.8507x621,Male,2002-04-12,2023-09-25
C008624,Jonathan,Steele,alexandra80@example.com,286.841.4331,Female,1943-09-19,2023-05-18
C008625,Charles,Brown,uayala@example.com,001-346-884-1749x056,Female,1981-04-14,2024-01-20
C008626,Robin,Galvan,lauren66@example.net,(527)279-1433x583,Male,1967-03-13,2025-01-29
C008627,Julie,Flores,mathewmcmillan@example.com,6639418750,Male,1981-11-13,2025-03-12
C008628,Kathleen,Martinez,shanson@example.net,(692)612-3546x4513,Female,1979-03-27,2024-01-13
C008629,Katherine,Davis,thomasdenise@example.net,377.515.4415x82375,Female,1997-08-18,2025-09-02
C008630,Antonio,Smith,pricevanessa@example.org,969-758-4442x6692,Male,1979-01-02,2026-06-25
C008631,Miguel,Hale,angela72@example.org,254.369.5274,Male,1986-11-02,2026-01-11
C008632,Rachel,Brown,gordonshane@example.net,306-514-6713x073,Male,1955-01-15,2025-07-28
C008633,Evan,Walker,tiffanyrussell@example.com,398-950-6086x7925,Male,1993-10-20,2024-03-14
C008634,Richard,Williams,john18@example.com,(897)495-9512,Male,1952-08-01,2023-11-10
C008635,David,Vincent,alexanderjuan@example.net,(634)305-3424x55471,Female,2006-02-03,2022-03-12
C008636,Diana,Thompson,hevans@example.net,813.847.9593,Female,1948-03-04,2026-04-12
C008637,Matthew,Nichols,jessicaellison@example.net,(547)562-5920x33205,Male,1987-10-02,2025-05-01
C008638,Sarah,Griffin,kperez@example.net,619.942.7370x134,Female,1964-06-16,2026-01-07
C008639,Thomas,Ward,wpayne@example.net,701-987-5965,Male,1990-08-05,2024-07-20
C008640,Jason,Garcia,gordonjohn@example.net,222-639-9880x48906,Female,1963-03-20,2024-06-06
C008641,Tina,Patel,norman23@example.net,001-704-647-4187,Male,1972-07-12,2025-05-17
C008642,Jill,Barnett,harveypaula@example.net,787.947.7793x3136,Male,1995-12-13,2023-12-04
C008643,Kelly,King,amy29@example.net,+1-360-932-7667,Male,1964-04-27,2026-01-31
C008644,Randall,Gonzales,adamsgabrielle@example.com,898.784.1254x656,Female,1984-08-20,2024-09-06
C008645,Kimberly,Krause,smithchristopher@example.com,001-871-271-7419,Male,1998-01-29,2026-01-13
C008646,Colleen,Baldwin,philip15@example.org,+1-256-744-8140x05327,Female,1957-03-22,2025-09-06
C008647,Heather,Webb,spencerdiana@example.org,001-461-821-0961,Male,1942-03-21,2024-05-11
C008648,Timothy,Burns,gillmark@example.org,531.238.5556,Female,1940-05-02,2022-05-01
C008649,Eric,Gonzalez,matthewsmith@example.com,736.739.5427x12443,Female,1999-04-21,2024-02-05
C008650,Crystal,Kramer,karencarter@example.com,(445)908-4136x84877,Female,1950-03-01,2023-06-07
C008651,Jacqueline,Ellis,amandaweber@example.org,001-296-698-2112x124,Male,1952-06-28,2021-12-03
C008652,Brian,Allen,lauralopez@example.com,5427946247,Male,1969-05-18,2025-10-10
C008653,Lisa,Wong,leonjoseph@example.org,466-473-2949x681,Female,1994-02-13,2022-01-20
C008654,Michael,Garcia,ramirezerica@example.com,+1-894-814-8792x86536,Female,1955-04-13,2025-03-19
C008655,Rebecca,Wilson,christinegarcia@example.org,858.475.1809,Female,1977-04-29,2025-07-07
C008656,Nicholas,Edwards,gchapman@example.net,756.788.3187,Female,1997-04-27,2026-03-09
C008657,Matthew,Cain,kadams@example.net,+1-997-316-0757x4953,Male,1999-04-03,2022-02-27
C008658,Daniel,Jackson,christian18@example.net,+1-703-743-8697x30947,Female,1997-11-25,2026-06-17
C008659,Leah,Moreno,craigmacias@example.org,891-325-4052x3865,Female,1993-11-05,2024-08-09
C008660,Kyle,Lee,susanmason@example.net,533.951.7865,Female,1990-07-07,2024-05-28
C008661,Sandra,Ramirez,kennethvalenzuela@example.com,001-426-406-8096x492,Male,1965-07-29,2024-10-06
C008662,Stephanie,Shields,dcarr@example.org,(669)203-1265x291,Female,1940-01-21,2022-09-18
C008663,Alexander,Miller,buckmelissa@example.net,001-668-942-9417x51026,Female,1978-08-05,2023-03-28
C008664,Beth,Ortega,robert76@example.net,481.545.7750,Female,1958-07-26,2022-02-17
C008665,Tina,Daniels,joseph64@example.org,403-937-1289x10599,Male,1974-10-19,2026-06-22
C008666,Brian,Adams,wesley10@example.org,+1-890-766-7739x058,Female,1967-05-19,2025-09-20
C008667,William,Taylor,hhill@example.com,251.544.3505,Female,1981-03-21,2024-12-18
C008668,Adrian,King,petersoncatherine@example.org,001-226-569-9012,Male,1967-10-28,2022-10-07
C008669,Shawn,Mccormick,morganjasmine@example.net,877.563.2532,Female,1988-08-17,2025-08-04
C008670,Becky,Rivera,jesse54@example.org,788-910-9050,Female,1986-12-19,2023-01-20
C008671,Michelle,Anderson,johnsonwhitney@example.net,758-939-6909,Male,1952-03-12,2024-03-02
C008672,Frank,Gonzalez,david02@example.com,670-474-7815x525,Female,2002-04-20,2021-12-12
C008673,Richard,Taylor,hhenderson@example.org,+1-485-411-8894x7193,Female,1942-08-30,2022-03-23
C008674,Angela,Mills,deborahward@example.net,001-260-762-4521x10857,Female,2003-06-18,2025-07-31
C008675,Kenneth,Sullivan,hughesjacob@example.org,204-895-3385x736,Male,1960-06-11,2026-04-23
C008676,Michael,Fisher,williamcruz@example.net,+1-581-999-3142x520,Male,1987-08-01,2026-05-16
C008677,Marcus,Vega,timothy96@example.org,324-295-2356x1210,Male,1972-01-30,2023-07-26
C008678,Herbert,Lewis,derekbarker@example.net,(266)556-4276x1132,Female,2007-07-10,2024-09-30
C008679,Sheri,Harding,lcook@example.net,7158437269,Male,2005-04-02,2021-10-05
C008680,Robert,Cline,cmurphy@example.org,(683)348-1824,Female,1938-02-26,2022-01-10
C008681,Michelle,Dunlap,manderson@example.net,434.549.8471x5951,Male,1962-12-11,2026-03-09
C008682,Robert,Davis,amysantiago@example.com,759-680-1491,Female,1970-02-03,2024-09-18
C008683,Shawn,Lee,jasonfernandez@example.com,(232)912-6412x296,Male,1962-04-16,2023-07-21
C008684,Heather,Smith,megan26@example.net,+1-236-567-1107x874,Male,1970-08-19,2024-05-22
C008685,Monique,Ellis,paige27@example.net,8807419389,Female,1997-06-28,2022-12-22
C008686,Nancy,Evans,warejames@example.org,823-212-2936,Female,1979-07-26,2024-07-02
C008687,Donna,Wilson,markswilliam@example.com,205-543-1970x103,Female,1959-12-02,2023-03-12
C008688,Eric,Smith,lerobert@example.com,341-828-7588x17196,Female,1982-05-23,2024-02-20
C008689,Sandra,Hernandez,grahamangelica@example.net,5483831634,Female,1955-07-23,2024-05-11
C008690,Robert,Anderson,justin27@example.net,3405388137,Female,2007-02-27,2024-09-22
C008691,Alex,Garcia,igalvan@example.net,414.860.4308x678,Female,1967-09-23,2026-05-09
C008692,Kyle,Solomon,donnakerr@example.com,+1-670-957-8217,Female,1964-12-13,2024-10-20
C008693,James,Robinson,davissabrina@example.com,001-292-639-9972,Female,1980-07-29,2025-01-25
C008694,Dwayne,Martinez,ubenton@example.net,001-900-608-1463x459,Male,1955-05-22,2026-05-23
C008695,Amber,Young,powersnancy@example.net,(345)592-3513,Male,1982-06-05,2022-01-09
C008696,Ryan,Schmidt,pgood@example.com,618-515-4356x429,Female,2002-09-01,2026-02-02
C008697,Mary,Norris,luisnelson@example.net,+1-830-423-5801x66451,Female,1984-05-23,2022-04-21
C008698,Jerry,Osborn,bakermark@example.com,+1-853-472-8440x36813,Female,1937-10-23,2022-04-24
C008699,April,Ramirez,david49@example.org,983-634-5550,Male,1954-07-06,2024-01-03
C008700,Dorothy,Garza,mflores@example.net,448-859-6250,Female,1991-08-12,2022-06-10
C008701,Alicia,Foley,jonathancastillo@example.org,+1-474-625-5708x484,Female,1975-12-30,2025-03-06
C008702,Victor,Chavez,donnaperez@example.com,001-664-397-3821x2032,Male,1968-12-19,2025-08-14
C008703,Jeffrey,Jefferson,andersonmargaret@example.com,7564696167,Male,1965-08-24,2025-03-23
C008704,Alan,Ramirez,dblackwell@example.org,407-711-7787x456,Male,1943-03-20,2022-08-13
C008705,Gabrielle,Holt,craigglover@example.org,001-738-450-4396x3918,Male,1944-10-03,2024-09-28
C008706,Julie,Jones,wagnererika@example.org,001-477-339-7523x9343,Male,1938-03-27,2023-07-19
C008707,Joseph,Jackson,marksimmons@example.com,(645)253-6929x34270,Male,2008-05-13,2021-11-02
C008708,Christopher,Burns,lkelley@example.com,+1-691-400-4140x17910,Male,1972-01-26,2024-10-06
C008709,Anne,Thomas,ericelliott@example.com,+1-670-822-9194x1768,Male,1967-01-04,2023-01-22
C008710,Christina,Lawrence,nharris@example.net,698.722.5138,Male,1995-06-01,2024-11-14
C008711,Joshua,Richardson,xstanley@example.org,664.554.5297x317,Male,1976-03-26,2022-03-18
C008712,Shelly,Phillips,ydickson@example.net,6655521244,Male,1969-11-29,2023-07-23
C008713,Susan,Gomez,patrickcraig@example.org,(773)415-5622x441,Female,2002-01-09,2024-03-15
C008714,Penny,Summers,joshua69@example.net,7377056391,Female,1991-12-27,2022-03-02
C008715,Rebecca,Martinez,james01@example.net,001-553-609-0418x9424,Female,1974-02-14,2026-05-06
C008716,Robert,Elliott,michael70@example.org,+1-660-573-5178x84718,Female,1976-05-19,2023-09-24
C008717,Jamie,Griffin,zachary69@example.net,001-941-865-0978x036,Female,2005-08-03,2024-11-27
C008718,James,Johnson,pricetimothy@example.org,(564)811-5559,Female,1946-04-27,2025-01-07
C008719,Ashlee,Grimes,moorekatherine@example.org,982.825.3303x913,Female,2006-08-13,2024-01-31
C008720,Matthew,Nguyen,andrew40@example.net,250.737.7534x5003,Female,1938-10-09,2023-08-26
C008721,Nancy,Smith,chelseawells@example.net,(652)941-0120x2008,Female,1952-10-04,2024-08-20
C008722,Alex,Barnett,samanthabenjamin@example.org,+1-675-417-9819x82864,Male,1958-01-22,2024-09-20
C008723,Jenna,Davis,murrayalbert@example.com,281.222.9438,Female,1951-01-13,2022-11-28
C008724,Sandra,Aguilar,davisjessica@example.com,(809)630-5003,Male,2002-12-18,2026-01-24
C008725,James,Cunningham,longstephen@example.net,(606)320-3316,Female,2005-12-24,2025-02-24
C008726,William,Myers,oflores@example.org,001-225-565-1978x0430,Female,1962-02-12,2023-08-24
C008727,Andrea,Reynolds,christinadouglas@example.org,243.235.6330x2335,Male,2006-02-12,2024-09-18
C008728,Michael,Morris,amberbrooks@example.org,274.458.0196x4428,Male,1973-07-11,2024-11-01
C008729,Katherine,Wright,morrisstephen@example.org,001-533-253-8304x9534,Male,1936-01-17,2022-10-14
C008730,Thomas,Townsend,sophia55@example.org,619-218-7739,Male,1959-08-04,2022-08-28
C008731,Mitchell,Bradford,vlawson@example.com,001-751-621-9594x283,Female,1961-04-15,2025-10-25
C008732,Emily,Shaw,jane14@example.com,(918)415-7054x50268,Female,1951-06-09,2022-03-25
C008733,Jessica,Marshall,hillmeagan@example.org,(342)486-3077x486,Male,1938-05-16,2026-06-01
C008734,Phillip,Giles,lauren05@example.net,920.661.8430,Male,1947-10-11,2023-07-19
C008735,Peter,Hill,williamsonronald@example.net,(315)541-6915x53999,Female,1992-05-03,2024-01-23
C008736,Deborah,Garcia,melissa08@example.net,+1-430-813-0477x58478,Female,1984-03-12,2024-02-24
C008737,Brittany,Jones,evelyn03@example.org,+1-968-282-3374x32513,Female,2005-01-02,2026-04-04
C008738,Christopher,Garcia,roberta69@example.com,293.484.6104x077,Female,1946-10-29,2023-02-14
C008739,Norman,Miller,gcantu@example.org,(916)741-9786x75596,Male,1938-07-30,2021-09-08
C008740,Cody,Hawkins,keitharroyo@example.org,5093362918,Female,1953-07-29,2022-01-07
C008741,Jose,Palmer,john43@example.net,672.353.0662x250,Female,1944-09-19,2025-12-11
C008742,Kenneth,Boyle,bclark@example.com,959-546-9987,Male,1999-04-30,2024-03-24
C008743,David,Gordon,josedodson@example.net,(208)555-3969x934,Female,1961-08-08,2022-08-16
C008744,Heather,Neal,arroyokevin@example.org,665.696.5232,Female,1967-05-27,2023-05-19
C008745,Miranda,Garcia,mrice@example.net,(914)325-1033,Male,1949-06-03,2026-01-28
C008746,Matthew,Robinson,sararoberts@example.org,001-209-253-5616x8809,Female,2004-08-10,2023-11-12
C008747,Kellie,Jackson,wmartinez@example.net,+1-622-835-6970x30595,Male,1953-05-05,2021-10-04
C008748,Scott,Black,michaelowen@example.net,001-242-400-3892x434,Female,1981-01-07,2023-02-01
C008749,Patrick,Fernandez,mooneygregory@example.com,745.239.8976x51648,Male,1988-10-12,2023-11-07
C008750,Raymond,Johnson,virginia86@example.net,6759120126,Female,2008-06-10,2025-05-15
C008751,Jennifer,Davis,udeleon@example.net,214.510.0191,Male,1987-12-16,2023-12-07
C008752,Jenna,Newman,benjaminzuniga@example.com,(378)459-4266x5458,Female,1982-11-23,2025-07-30
C008753,Dillon,Jimenez,bill58@example.org,+1-973-903-6742x955,Female,1936-12-03,2024-10-04
C008754,Ryan,Rodriguez,amandaanderson@example.com,001-840-710-8450x1232,Male,1950-11-05,2025-06-22
C008755,Amber,Robinson,melvin58@example.net,925.606.4215x50988,Female,1984-02-07,2024-03-16
C008756,Ashley,Oliver,terrence78@example.com,+1-567-524-9589x4891,Male,2001-10-01,2022-10-08
C008757,Amy,Kennedy,michelemiller@example.net,(653)771-6421x4506,Female,1936-05-13,2021-11-15
C008758,Kendra,Wright,wilsonjessica@example.com,+1-379-615-2792,Female,1963-01-27,2023-01-09
C008759,Beth,Kennedy,michaelshannon@example.net,001-505-741-1748x834,Male,1986-09-07,2023-10-05
C008760,Jeremiah,Johnson,rweeks@example.com,(685)450-3499,Male,1990-05-21,2023-04-07
C008761,George,Murphy,mosesheather@example.com,(918)505-3532x6186,Female,1957-04-01,2024-08-10
C008762,Alan,Harper,nicholas38@example.net,001-957-894-7802x05369,Male,1939-11-24,2021-08-22
C008763,George,Gray,brianroman@example.com,564.690.8861x99759,Male,1990-09-27,2024-10-02
C008764,Jacqueline,Brewer,sloanjerry@example.net,8379372496,Male,2002-07-09,2026-02-23
C008765,Wendy,Ross,taylorbrian@example.org,305.825.4357,Male,1960-10-07,2022-02-09
C008766,James,Hayes,omar96@example.net,001-635-572-2603,Male,1941-06-10,2023-09-19
C008767,Lisa,Rivera,alexandrathomas@example.net,(482)219-3352x55222,Female,1980-09-25,2025-04-09
C008768,Susan,Fisher,davisnicole@example.com,+1-422-438-8007x083,Female,1972-08-23,2024-12-21
C008769,Kathryn,Robinson,cuevasdonald@example.com,001-277-901-5884,Female,1999-06-08,2026-02-21
C008770,Danny,Scott,andreasexton@example.org,+1-382-320-9160x4113,Female,1944-12-21,2024-09-14
C008771,David,Graves,barnettchristopher@example.com,(879)903-7596x97407,Male,1994-04-09,2026-06-20
C008772,Lauren,Lopez,scottbryan@example.net,(442)241-5420,Female,2005-09-06,2021-09-05
C008773,Derrick,Olson,tylerrodriguez@example.com,+1-386-223-3220x9292,Female,2000-01-20,2022-08-23
C008774,Cynthia,Schmidt,aortega@example.net,700-560-4054x132,Male,2003-11-09,2021-07-10
C008775,Andrew,Duke,amy13@example.org,(808)202-3273,Male,1937-01-19,2025-01-05
C008776,Albert,Dunn,wendynguyen@example.org,001-517-846-6543x165,Male,1990-11-23,2021-10-27
C008777,Robert,Dominguez,chutchinson@example.com,546-686-6915x885,Female,1966-07-16,2021-09-14
C008778,Cynthia,Adams,wendy17@example.net,418-432-8506x24894,Female,2001-12-28,2025-04-05
C008779,Amanda,Miller,lawsonbrenda@example.com,692-611-9981,Male,1987-10-04,2023-12-28
C008780,Douglas,Brown,pmyers@example.org,+1-839-512-2727x59952,Male,1975-02-05,2022-03-14
C008781,Mary,Stone,phillipskimberly@example.com,001-606-396-0523,Male,1959-05-20,2025-06-16
C008782,Erika,Williams,jordanramos@example.org,438.217.1549x696,Male,1958-12-11,2022-12-25
C008783,Felicia,Hogan,jasonsilva@example.org,001-778-260-5846x09385,Male,1974-10-02,2025-07-08
C008784,Katherine,Jones,tracy80@example.org,001-245-602-1384x805,Female,1954-02-16,2025-09-30
C008785,Marie,Macias,sarah09@example.org,001-971-281-0486,Male,1945-06-05,2025-02-15
C008786,William,Gonzales,jennifer21@example.org,(590)633-4292,Male,1960-02-04,2024-06-01
C008787,Randy,Skinner,yevans@example.org,871.798.1615x81999,Male,2001-08-08,2021-10-23
C008788,Amanda,White,kim90@example.org,(380)936-9700x53204,Female,1939-08-13,2022-07-04
C008789,Kelly,Pacheco,tammyortiz@example.org,(982)918-7798,Female,1983-04-10,2025-01-28
C008790,Courtney,Lopez,travis81@example.net,751.302.7736,Male,1973-02-27,2026-05-22
C008791,Kevin,Morse,urodriguez@example.net,880.444.5915x00156,Female,1947-01-04,2023-08-15
C008792,Jacob,Murphy,steven28@example.com,981.467.6771x733,Male,2004-05-28,2024-02-10
C008793,Joshua,Turner,douglasadams@example.com,+1-977-489-4381x381,Male,1988-12-14,2026-05-17
C008794,Brandy,Young,krogers@example.com,001-241-682-6483x41125,Female,1959-05-21,2023-04-05
C008795,Victor,Stewart,jamiepadilla@example.net,966-564-1455x0071,Female,2007-03-06,2024-06-13
C008796,Ryan,Price,ortegalisa@example.net,(879)775-8910x907,Male,1988-04-29,2022-06-19
C008797,Amy,Johnson,randy06@example.com,215-715-1241x332,Female,1944-10-02,2024-10-02
C008798,John,Marshall,ebrady@example.org,871.849.2997x5643,Female,1989-05-31,2025-11-10
C008799,Manuel,Stanley,nicholas49@example.com,554.630.9390x79940,Female,1985-12-01,2023-08-25
C008800,Brad,Johnson,mstewart@example.org,5475887718,Female,1959-07-25,2023-07-14
C008801,Hannah,Miller,jonesamanda@example.com,(778)550-6507x037,Female,1999-09-11,2023-10-29
C008802,Cynthia,Horn,amandavelasquez@example.net,824.908.1873,Female,1989-10-05,2022-11-22
C008803,Mark,Hoffman,qvega@example.com,(524)761-6600x184,Female,1940-12-29,2022-07-28
C008804,Joe,Jones,dawnwood@example.net,+1-287-869-9828,Female,1967-12-06,2022-05-18
C008805,Donna,Mcgee,fordmary@example.org,6568631293,Female,1993-10-13,2021-11-26
C008806,Shannon,Hunt,bmalone@example.net,001-664-562-4042x1651,Male,1976-10-29,2024-01-11
C008807,Logan,Robinson,michaelperez@example.com,5598559995,Male,1981-05-09,2022-01-12
C008808,Peter,Long,jonathan76@example.com,877-285-4829x17837,Female,1959-12-20,2025-01-11
C008809,Jennifer,Baker,michaeltaylor@example.net,517.820.8559x734,Female,1974-03-19,2022-02-23
C008810,Antonio,Ortiz,scottmartin@example.org,7448345448,Male,1975-03-24,2024-07-27
C008811,Kristi,Davis,fortega@example.org,861-271-2834x233,Male,1987-07-08,2021-08-25
C008812,Toni,Graham,martincarroll@example.net,+1-697-938-4558x845,Male,1943-03-11,2026-02-01
C008813,Stephen,Mason,aguilarjulia@example.net,(682)479-9492x85149,Female,1942-05-07,2022-10-14
C008814,Tina,Hart,gfleming@example.net,386-572-3704x02092,Female,1941-12-07,2026-06-19
C008815,Lindsay,Miller,dean29@example.com,964.867.8217,Female,2001-12-04,2023-10-16
C008816,Vincent,Smith,darren09@example.com,568.217.0457,Female,1973-03-08,2023-03-02
C008817,Cheryl,Arias,wallssherri@example.net,+1-591-923-8268x4900,Male,1955-03-03,2022-02-26
C008818,Kyle,Singh,lawrencemorris@example.org,001-561-286-3448x5751,Male,1961-01-27,2023-09-02
C008819,Angela,Mason,ericlogan@example.net,001-792-801-8164x9912,Female,1984-01-10,2022-09-29
C008820,Robert,Peck,shaun08@example.org,001-706-237-4581x06247,Male,1961-06-01,2024-11-21
C008821,Wanda,Sullivan,davismichael@example.org,+1-802-519-7485x706,Female,2001-08-28,2021-09-04
C008822,David,Ray,brownanna@example.net,(245)987-4927,Male,1979-04-06,2022-02-09
C008823,Shirley,Cunningham,melissa70@example.net,(651)705-3276x27980,Female,1963-12-29,2021-09-10
C008824,Matthew,Ortiz,ldecker@example.org,(965)277-8537x05794,Female,1997-03-01,2022-08-28
C008825,Timothy,Hodges,jennifer17@example.org,001-254-642-1940x302,Female,1977-06-12,2023-07-01
C008826,Mary,Johnson,dharris@example.com,9927155041,Male,1997-11-07,2025-10-10
C008827,Angelica,Wilson,nmorgan@example.org,+1-963-368-0563x514,Female,1940-09-20,2025-07-09
C008828,Frank,Hebert,elizabeth16@example.net,637.588.7713x2739,Female,1971-10-17,2024-09-18
C008829,Jonathan,Conway,ronald02@example.net,(235)334-6151x84078,Female,1968-02-24,2025-10-22
C008830,Paul,Thomas,randall40@example.net,5519996096,Female,1997-12-14,2022-07-06
C008831,Katherine,Hicks,vjohnson@example.com,2917833259,Female,1951-11-11,2025-07-21
C008832,Christopher,Wilson,amber91@example.net,(661)724-8642x041,Female,1967-02-05,2022-05-13
C008833,Jeremiah,Prince,murphyscott@example.org,9229549699,Female,1954-04-21,2023-04-17
C008834,Donna,Johnson,ehamilton@example.com,802.578.8713x7021,Female,1996-01-01,2024-03-23
C008835,Wayne,Williams,jordansandra@example.org,+1-265-486-5658x787,Female,1990-12-25,2025-12-19
C008836,Nicole,Anderson,brittany95@example.net,329-248-5703x2219,Female,1949-01-07,2021-09-11
C008837,Cynthia,Parker,dhawkins@example.com,(416)531-0131x267,Male,1941-01-15,2025-12-04
C008838,Julie,Cherry,ryan87@example.org,999.280.0068x369,Male,1973-10-26,2025-06-18
C008839,Patrick,Mcguire,patricia61@example.com,557.484.5026x70546,Female,1987-11-04,2025-09-19
C008840,James,Bailey,sheenacervantes@example.org,+1-320-551-7210,Male,1984-09-19,2023-07-08
C008841,David,Brady,andrew18@example.com,+1-731-245-9704x09106,Female,1978-02-05,2022-08-14
C008842,Matthew,Moody,vbrady@example.org,001-432-246-0790,Male,1939-03-28,2023-09-12
C008843,Mary,Clark,williammoore@example.net,661-932-2801,Male,1975-11-28,2023-03-22
C008844,Elizabeth,Moody,hannahrobles@example.net,3308314228,Male,1972-09-09,2026-02-14
C008845,Jennifer,Lambert,jackie79@example.com,285-898-7733x528,Male,1979-05-10,2023-02-25
C008846,Veronica,Williams,kimberlyreynolds@example.net,453.779.9899,Female,1969-09-14,2025-02-20
C008847,William,Cunningham,ijenkins@example.org,854-434-2984x86111,Female,1971-06-15,2022-11-16
C008848,Katherine,Barnes,taylorkelsey@example.net,225.220.5775x80453,Female,1972-04-20,2025-04-18
C008849,Kevin,Smith,bturner@example.com,379.931.3789x21784,Male,1961-10-12,2026-05-11
C008850,Denise,Owens,idavis@example.net,(931)397-3914,Female,1970-06-26,2023-08-11
C008851,Robert,Weiss,jameslisa@example.com,765-943-3441x6210,Male,1975-02-27,2022-09-07
C008852,Timothy,James,cguzman@example.org,(278)424-8138x3649,Female,1965-06-30,2026-05-28
C008853,David,Torres,fgordon@example.org,748-754-7255,Male,1963-05-28,2022-01-29
C008854,Angelica,Wright,luis91@example.com,(359)287-5423,Female,1971-02-10,2021-10-18
C008855,Angela,Reed,richard12@example.com,001-369-367-5251x28779,Male,1943-04-23,2024-07-14
C008856,Kevin,Hardy,johnsonrichard@example.net,499.304.0595,Male,1969-05-10,2024-12-24
C008857,Jessica,Martin,matthew51@example.org,2934436101,Male,1970-04-11,2023-01-28
C008858,David,Robles,rstephens@example.org,4864659062,Female,1994-08-20,2024-07-09
C008859,Abigail,Rhodes,dsweeney@example.org,390-747-2824,Male,1936-04-07,2022-09-20
C008860,Michael,Chen,tabitha19@example.org,(812)893-1835x96876,Male,1954-08-04,2023-03-22
C008861,Samantha,Hayes,harrisonjessica@example.net,674-653-2808x7372,Male,1941-02-05,2022-08-14
C008862,Jacqueline,Aguilar,murphyrobert@example.net,985.805.5711,Male,1977-11-08,2025-09-26
C008863,Joe,Williams,victor62@example.net,547-824-1031x61044,Male,1974-03-04,2022-01-22
C008864,Jennifer,Trevino,tara51@example.org,600-505-9061x52295,Female,1964-07-01,2023-07-22
C008865,Kim,Jacobson,susantaylor@example.com,+1-987-904-0358x01331,Male,1988-12-30,2023-01-07
C008866,Patrick,Rodriguez,destinyraymond@example.com,001-525-735-0489x011,Male,1958-03-31,2025-10-21
C008867,Mitchell,Mcintyre,murphycharles@example.net,+1-672-262-7357,Female,1941-06-27,2024-01-26
C008868,Kelly,Ferguson,francodawn@example.com,(829)849-7715x39331,Female,1950-11-25,2022-04-01
C008869,Carlos,Blackwell,jason47@example.net,+1-540-975-0376,Male,1939-10-14,2022-03-10
C008870,Cameron,Stanley,ocarter@example.com,(418)688-0778,Female,2004-07-12,2024-01-09
C008871,Christopher,Willis,ipierce@example.org,001-496-875-0500x990,Female,1960-01-14,2022-08-19
C008872,Sydney,Jennings,matasusan@example.org,642.412.7012x84589,Male,1972-12-28,2022-08-17
C008873,Gregory,Farley,umclaughlin@example.net,469-886-6398,Male,1980-03-12,2026-01-24
C008874,Veronica,Schmidt,carteramber@example.net,(651)683-1166x210,Female,1971-08-13,2026-07-03
C008875,Cody,Montgomery,pbrown@example.com,950.770.9667x70766,Male,1989-01-23,2025-12-23
C008876,Lindsay,Brown,jharris@example.com,(677)717-1696x552,Female,1994-01-01,2021-08-16
C008877,Christian,Harris,makaylajones@example.com,001-973-242-1999,Male,1935-12-14,2025-08-04
C008878,Christine,Costa,regina61@example.com,353-986-6836,Male,1974-08-31,2023-05-22
C008879,Tyler,Ayala,miguel16@example.com,5914381018,Female,1940-12-15,2025-02-27
C008880,Richard,Stafford,mcdonaldkeith@example.com,881.317.3104,Male,1938-12-05,2023-03-09
C008881,Michelle,Huynh,angela30@example.org,540.606.4264x34714,Female,1941-03-04,2023-09-27
C008882,Travis,Benson,pearsonanthony@example.com,+1-519-716-7891,Female,1964-09-24,2026-03-27
C008883,David,Stout,skline@example.net,(993)366-1234x285,Female,2002-12-12,2025-10-12
C008884,Juan,Reynolds,davismichael@example.com,+1-483-959-8481x52603,Female,1944-10-18,2023-03-24
C008885,Trevor,Rodriguez,whitelisa@example.com,(378)279-4824x12816,Male,1969-05-05,2023-10-26
C008886,Nicholas,Miller,elizabethflores@example.net,872-328-4948x4327,Female,1954-03-09,2021-07-08
C008887,Candice,Thornton,scottanderson@example.com,+1-599-644-8766x07478,Female,1988-10-10,2025-07-19
C008888,Mary,Hernandez,timothygarcia@example.net,524-290-7063x62155,Female,1953-01-29,2024-02-18
C008889,Melissa,Collier,ramireztravis@example.com,(378)321-9362x62173,Male,2005-02-12,2021-08-11
C008890,Anthony,Gibson,mitchelllee@example.net,581-756-2729x78799,Female,1964-12-06,2026-06-16
C008891,Eric,Webb,jonathanclark@example.org,449-505-3725x98457,Male,1987-02-02,2024-09-28
C008892,Amanda,Hutchinson,davidflores@example.com,+1-744-305-2260x5081,Male,1997-08-30,2024-05-01
C008893,Angela,Smith,ddaniels@example.com,+1-663-777-2990,Female,1999-03-22,2022-02-25
C008894,Anthony,Fisher,craigcrawford@example.org,(793)419-6832,Female,1949-10-19,2022-12-30
C008895,Judith,Rodriguez,daviskatelyn@example.com,970.795.3305,Female,1949-04-28,2021-12-24
C008896,Robert,Fleming,dlee@example.com,(899)340-8917,Male,1960-11-02,2022-07-20
C008897,Chloe,Salazar,melinda58@example.com,(463)351-5399x0065,Female,1956-07-20,2022-03-20
C008898,Maria,Wright,zbaker@example.org,001-920-814-8511x32890,Male,1944-08-09,2022-03-27
C008899,Lucas,Caldwell,richardmarquez@example.org,861.549.6112x0083,Female,1975-07-08,2022-05-24
C008900,Andrew,Washington,mrandall@example.net,+1-368-506-5537,Male,1982-04-23,2024-10-06
C008901,Phillip,Bryan,charles05@example.org,613.440.6184,Female,1946-08-19,2022-04-22
C008902,Kimberly,Rogers,tproctor@example.net,903-201-8112x18927,Female,1972-04-21,2023-03-22
C008903,Anthony,Mcguire,sarahmartinez@example.com,+1-383-383-9120x07352,Male,1984-03-06,2024-03-29
C008904,Stephanie,Alvarez,lisajimenez@example.org,001-570-202-6202x832,Male,1989-10-26,2025-12-10
C008905,Susan,Hull,kenneth81@example.org,583.714.5709x45433,Female,1996-01-04,2024-07-18
C008906,Katherine,Lopez,wdennis@example.net,001-306-638-0160x134,Female,1973-11-24,2025-06-25
C008907,Jessica,Hudson,james79@example.com,(874)609-3977,Female,1998-11-30,2024-10-28
C008908,Zachary,Carroll,jacquelineevans@example.net,3858462128,Male,1961-12-10,2025-08-07
C008909,Michael,Terry,tmerritt@example.org,+1-645-885-7037x8508,Female,1982-07-10,2025-04-08
C008910,Emily,Cook,aliciaali@example.com,(893)419-2798x689,Female,1945-03-14,2022-02-18
C008911,Jeffrey,Fitzgerald,xwilson@example.org,(875)978-5663,Male,1953-01-25,2022-04-24
C008912,Jeffrey,Young,gbrown@example.org,+1-268-973-5655x0171,Male,1991-03-27,2023-06-02
C008913,Keith,Cunningham,marthajones@example.com,+1-633-547-7957x051,Male,1969-05-02,2022-01-14
C008914,Courtney,Porter,whernandez@example.com,802.577.8134x46827,Male,1998-02-20,2024-10-06
C008915,Caleb,Ruiz,iortiz@example.net,001-838-380-0451x5832,Male,1972-09-08,2025-01-06
C008916,Vanessa,Stanley,uwatson@example.net,(595)796-8246x108,Female,1943-11-17,2022-01-08
C008917,Jonathan,Russell,yodertyrone@example.net,001-718-991-0294x92826,Female,1998-12-10,2023-02-14
C008918,Danielle,Hamilton,ndeleon@example.net,(985)713-3963,Female,1948-09-11,2025-12-10
C008919,Steven,Rodgers,mlopez@example.com,3195735653,Male,2006-01-25,2024-11-07
C008920,Clifford,Hall,jonescolin@example.org,(277)417-6201x673,Female,1960-09-08,2025-10-12
C008921,Collin,Merritt,crawforddonna@example.com,(363)349-9257,Female,1952-08-20,2022-07-25
C008922,Christian,Willis,josephlopez@example.org,487.528.6418x002,Female,1939-04-02,2022-07-29
C008923,Robert,Taylor,hrichardson@example.org,(987)794-4740,Female,1982-06-16,2022-01-09
C008924,John,Turner,kevinlewis@example.com,001-668-403-1431x46635,Female,1960-04-22,2026-06-26
C008925,Denise,Castro,paul07@example.net,(664)848-2719x5691,Female,1962-01-05,2022-02-01
C008926,Teresa,Olson,boothjoel@example.org,844-217-7591x7626,Male,1962-11-15,2026-01-28
C008927,Richard,Stevenson,williamsbarbara@example.org,335-798-9878x726,Male,1981-11-08,2024-02-02
C008928,Lauren,Gutierrez,justin55@example.com,001-887-830-3371x85907,Male,1986-10-22,2022-08-31
C008929,Rodney,Cox,thompsonalex@example.net,(508)711-2622x990,Male,1987-09-03,2022-07-10
C008930,Stacy,Scott,debra75@example.net,956-935-3606x948,Male,1984-07-11,2024-08-13
C008931,Gina,Baker,abyrd@example.net,503.907.2648,Male,1970-09-14,2025-10-06
C008932,Alexander,Savage,glovercaitlin@example.net,405.786.5500x45395,Female,2002-01-17,2026-01-01
C008933,Dustin,Lane,whiteryan@example.com,266.956.5563x90538,Female,1958-08-16,2022-02-28
C008934,Timothy,Barrett,coryzamora@example.org,389-678-0701,Male,1977-06-28,2025-08-21
C008935,Yvette,Peck,kathleenbrown@example.com,001-368-275-3060x9499,Male,1986-10-07,2024-03-22
C008936,Jacqueline,Moyer,driggs@example.org,743.628.2222x3972,Female,1982-01-16,2025-06-20
C008937,Daniel,Campbell,victoria00@example.org,302-358-7563x542,Male,1949-12-05,2024-10-10
C008938,Laura,Johnson,jonesmichelle@example.org,001-504-990-4788,Female,1939-08-13,2025-05-23
C008939,Trevor,Brown,xpeterson@example.net,+1-296-945-8303x80093,Male,2001-09-07,2024-08-23
C008940,Tyler,Perry,davidphilip@example.net,001-596-812-8076,Male,1994-12-26,2026-06-11
C008941,Paul,Bates,armstronglori@example.com,517-580-1108,Female,1958-10-06,2022-04-22
C008942,Michael,Velasquez,danielle57@example.org,229.939.7673x382,Female,1997-08-29,2023-12-25
C008943,Denise,Gibson,mitchellbowers@example.org,001-938-917-4201x6334,Male,1979-08-27,2021-11-24
C008944,Teresa,Espinoza,simmonsalex@example.com,+1-741-609-0005x964,Male,1936-12-05,2023-05-18
C008945,Allison,Harrison,robertskevin@example.net,232.241.9309,Male,1967-10-18,2021-11-22
C008946,Rachel,Anderson,phillipsjoseph@example.net,229.261.3409x15321,Female,1992-10-21,2023-02-19
C008947,Barbara,Collins,david61@example.net,313-770-7569,Male,1999-11-30,2024-06-16
C008948,Leah,Taylor,allenchristopher@example.net,5293783344,Female,2006-11-01,2022-03-21
C008949,Victor,Anderson,gclark@example.org,226.939.6535,Male,1951-05-17,2022-07-13
C008950,Charlene,Vaughn,jamiedavis@example.org,+1-575-742-6619x2971,Female,1998-03-17,2024-01-22
C008951,Matthew,Keller,lukebishop@example.org,001-425-343-2481x00231,Male,1954-07-05,2023-06-21
C008952,Roger,Lara,keychristopher@example.net,833.468.9917,Female,2003-11-09,2022-05-05
C008953,Tracy,York,mcoffey@example.org,6795119648,Male,1937-08-21,2026-01-09
C008954,Ronald,Lopez,tyler36@example.net,+1-827-443-0594,Female,1937-11-23,2021-08-16
C008955,Reginald,Brown,thompsondevin@example.com,380.990.7126,Male,1951-10-14,2022-05-24
C008956,Diana,Hill,rachelgomez@example.net,892.525.8466x749,Male,1969-03-12,2022-08-02
C008957,Jeremy,Valdez,debrathompson@example.org,(788)930-1161x178,Female,1959-11-27,2024-10-16
C008958,Donna,Glenn,davidsavage@example.com,767-231-4830x2378,Male,1977-05-29,2024-01-14
C008959,Daniel,Fields,boonemarc@example.org,(937)312-1146x9050,Male,1950-09-26,2022-04-29
C008960,Sarah,Bishop,lyoung@example.net,678-534-2322,Male,1947-04-04,2023-04-08
C008961,Brandon,Diaz,iweaver@example.com,001-792-536-7699x75765,Female,1937-06-24,2022-04-28
C008962,James,Andersen,lauren83@example.org,905.266.1349,Male,2000-02-22,2026-06-20
C008963,Kathryn,Owens,hollymoore@example.com,468-645-2223x125,Male,1993-01-07,2024-07-16
C008964,Becky,Munoz,duffyalexis@example.com,(474)916-9274x61810,Male,1969-10-24,2022-12-26
C008965,Paul,Gomez,grantjudy@example.net,965-231-4554x0294,Male,1961-02-01,2022-12-11
C008966,Earl,Trevino,bryantcarlos@example.org,+1-739-421-1720x2920,Male,1961-06-16,2022-04-30
C008967,Judith,Johnson,travis54@example.org,691-499-6812,Female,2003-02-21,2026-02-23
C008968,Nicholas,Hodges,vicki07@example.org,001-573-342-3140,Female,1951-10-20,2023-06-20
C008969,Paige,Miranda,zphillips@example.com,+1-741-764-7232,Male,1973-02-17,2022-05-13
C008970,Christopher,Baker,rogersholly@example.org,280-669-0420x57011,Male,1966-11-17,2024-08-13
C008971,Lindsay,Henson,rhancock@example.net,+1-727-253-9410x73157,Male,1976-09-01,2023-03-06
C008972,Hunter,Roberts,john24@example.org,798.651.6599x981,Female,2001-04-29,2022-03-10
C008973,Jerry,Ballard,mcdanielmichael@example.net,267.958.2549,Male,1939-04-10,2024-04-15
C008974,Adam,Schmidt,kimberly38@example.net,001-217-330-0386x0907,Male,1949-06-16,2025-04-12
C008975,Kevin,Bautista,joshua90@example.com,393.427.7089x8990,Female,1976-09-10,2022-01-08
C008976,Gregory,Garcia,mcgrathjamie@example.net,363-651-1427x088,Female,1936-11-06,2023-10-05
C008977,Randall,Maynard,lynchadrian@example.net,001-465-542-7445x0427,Female,2006-07-26,2025-12-23
C008978,Brooke,Clark,johnsmith@example.com,001-476-961-2584x67428,Female,1987-03-30,2021-10-07
C008979,Mark,Moore,andersoncarolyn@example.org,344-359-6348x643,Male,1953-03-03,2025-10-02
C008980,Andrew,Rosario,wallacejacqueline@example.net,928.438.6203x22579,Female,1994-12-26,2023-04-22
C008981,Jose,Walters,bradleyprice@example.net,+1-901-337-6083x1515,Female,1957-05-22,2024-03-14
C008982,Joshua,Garcia,jaymorris@example.org,245.271.4441x559,Male,1956-03-13,2025-09-14
C008983,Michael,Miller,ggarcia@example.org,(425)281-7522,Female,2001-01-22,2026-01-02
C008984,Steven,Riley,hhall@example.com,304-832-5662x5604,Female,1952-07-26,2024-10-31
C008985,Johnny,Dean,mroberts@example.net,490.811.6293x12823,Male,1980-08-22,2023-03-25
C008986,Derek,Jackson,teresaperry@example.com,431-898-9721x9963,Male,1945-05-12,2025-08-06
C008987,Megan,Moran,jenniferjohnson@example.com,001-221-765-0313,Male,1993-01-29,2022-05-15
C008988,Susan,Cline,williamsjessica@example.net,(662)971-0482x41150,Female,1980-08-04,2021-08-24
C008989,Brian,Martinez,jacob47@example.net,+1-754-907-2315,Female,1965-07-23,2024-01-10
C008990,Mary,Silva,jboyd@example.com,887.553.7635x81685,Male,1967-08-17,2026-04-10
C008991,Stefanie,Bradford,kaylaperkins@example.net,(682)549-8855x6443,Male,2005-04-06,2026-01-15
C008992,Colleen,Hale,awilliams@example.com,8072351634,Male,1935-12-22,2023-08-26
C008993,Tony,Brown,brownjames@example.com,+1-497-444-5250x63167,Female,1937-08-08,2022-08-16
C008994,Harry,Murphy,qballard@example.net,+1-338-732-4246x10109,Male,1976-10-14,2021-12-10
C008995,Adam,Foley,samantha05@example.net,(844)982-9448x4976,Male,1947-02-02,2022-03-31
C008996,Cameron,Lucas,karen15@example.org,(793)716-7973x838,Female,1941-04-27,2024-11-03
C008997,Christopher,Espinoza,cherylkelly@example.com,+1-843-364-7895x869,Male,1980-11-30,2021-09-19
C008998,Diana,Clark,lisa23@example.net,+1-615-820-1513,Male,1992-09-10,2021-07-25
C008999,Charles,Jones,robert76@example.net,742-387-6717,Female,1946-01-09,2022-03-15
C009000,Charlene,Walker,hubbardlauren@example.com,001-923-577-4252x953,Female,2003-08-18,2022-10-15
C009001,Deborah,Alexander,kara17@example.com,6146819271,Female,1978-12-31,2021-09-10
C009002,Tiffany,Burton,amunoz@example.net,001-496-669-3876x6520,Female,1958-01-28,2021-08-22
C009003,Jonathan,Adams,rcruz@example.com,(380)211-8946,Female,1943-03-11,2026-02-01
C009004,Cynthia,Hernandez,kelly05@example.org,844-264-8467x78495,Male,1978-10-01,2026-03-08
C009005,Amanda,Curtis,fjackson@example.net,+1-656-496-4927x84087,Female,1960-04-30,2026-07-07
C009006,Scott,Stone,richard22@example.org,+1-385-663-0606,Male,2003-11-08,2023-08-10
C009007,Diana,Hartman,combsharry@example.net,707.815.3038,Male,1973-05-07,2025-03-25
C009008,Jared,Walker,parkereric@example.org,(750)754-2432,Female,1961-10-07,2022-06-18
C009009,Holly,Russell,aaronhale@example.org,+1-581-344-0017,Female,2001-11-19,2025-08-13
C009010,Jacqueline,Carlson,upugh@example.com,218.620.8462,Female,1972-08-23,2023-02-15
C009011,Barry,Lambert,ejohnson@example.net,+1-566-262-4824,Female,1969-05-12,2022-03-24
C009012,Thomas,Cox,jamescampbell@example.com,001-852-215-6129x3258,Female,1942-01-08,2026-05-05
C009013,Robert,Meyer,barbara29@example.net,+1-776-933-5673x52997,Male,2002-09-16,2022-03-18
C009014,Nathan,Snyder,gjuarez@example.org,328-839-3637,Male,2006-01-18,2025-03-23
C009015,Alyssa,Perkins,clementsnicholas@example.net,2217367319,Female,1946-05-14,2021-11-24
C009016,Anne,Everett,rollinsjessica@example.com,001-413-403-0734,Female,1996-01-18,2023-10-08
C009017,Lisa,Juarez,oedwards@example.com,695.687.1105x56692,Female,1996-07-11,2025-10-30
C009018,Keith,Garrett,sara97@example.net,889-473-8104,Female,1961-08-07,2024-03-27
C009019,Valerie,Schroeder,zmoran@example.org,+1-769-954-0342x6844,Male,1982-10-02,2022-10-19
C009020,Amber,Jenkins,mpatel@example.com,+1-373-542-5297,Male,1944-04-12,2024-08-11
C009021,Brianna,Larson,traci64@example.net,859-569-7974,Male,1951-01-07,2023-10-06
C009022,Jamie,Davenport,whiteluis@example.com,(279)207-2844x93991,Male,1974-06-19,2022-02-15
C009023,James,Savage,kathleenbrock@example.org,837-312-2160x25340,Male,1941-09-22,2024-01-29
C009024,Randy,Sanchez,ddavis@example.org,001-724-394-1483,Male,1964-08-19,2023-11-22
C009025,Joshua,Hall,ymunoz@example.com,+1-901-739-0613x17762,Male,1952-11-03,2021-07-08
C009026,Eugene,Carroll,michaelgarcia@example.com,001-373-781-4188x1430,Male,1962-11-28,2023-08-09
C009027,Darryl,Garner,amanda70@example.net,(837)952-8127x4911,Male,1953-12-18,2026-05-08
C009028,Keith,Shah,karllane@example.net,352-272-7072x33254,Female,1959-09-14,2025-07-09
C009029,Julia,Mendez,ambermaddox@example.org,801-491-0788x899,Male,1974-03-19,2023-05-09
C009030,Desiree,Davis,lpayne@example.net,+1-210-775-7901x85972,Female,1961-01-15,2023-06-14
C009031,Jeanette,Rodriguez,abbottbrittany@example.org,+1-846-409-2823x252,Female,1967-05-10,2023-03-09
C009032,Kevin,Lawson,nblack@example.net,(979)863-5769x4800,Female,1960-10-04,2022-05-08
C009033,Elizabeth,Rodriguez,andrewtorres@example.org,864.291.3733x0932,Female,1971-05-02,2024-01-23
C009034,Savannah,Scott,zserrano@example.net,+1-946-748-0814,Male,2006-01-06,2022-04-20
C009035,Bryan,Scott,fmorgan@example.org,(762)912-4398,Male,1964-10-23,2025-03-25
C009036,Leslie,Castro,vgarcia@example.net,9048792487,Female,1993-02-02,2023-08-09
C009037,Sandra,Simon,victor76@example.com,+1-854-737-5209,Male,1941-01-09,2024-08-18
C009038,Derek,Williams,xhayden@example.com,001-627-875-0443x922,Male,1965-05-23,2026-01-11
C009039,Eric,Chen,raymondalvarez@example.com,001-934-215-5937,Female,1957-08-08,2025-03-18
C009040,Amber,Summers,dawn61@example.org,2597973135,Female,1986-11-23,2022-12-19
C009041,Daniel,Powell,dyoung@example.com,562-952-0779x68318,Male,1947-04-04,2025-06-07
C009042,Courtney,Jenkins,stevenaguilar@example.org,888-618-4664x0170,Female,1997-10-05,2026-04-01
C009043,Cathy,Mason,stephensonjames@example.net,(382)224-3911x89243,Female,1996-01-30,2022-06-08
C009044,Rhonda,Valenzuela,nathaniel58@example.org,645.646.8019,Male,1988-03-11,2024-01-17
C009045,Katelyn,Santiago,arianabridges@example.com,522-750-2100x46937,Male,1990-09-26,2025-08-11
C009046,Gregory,Buckley,dianamclaughlin@example.org,+1-624-356-0738x1833,Male,1996-11-11,2024-09-10
C009047,Kenneth,Meza,byrderik@example.com,(319)447-9857,Female,2001-06-04,2023-10-08
C009048,Sean,Clay,browntimothy@example.com,677.619.6455x289,Male,1975-01-26,2024-08-25
C009049,Melissa,Gutierrez,murphycraig@example.com,3204364593,Female,1982-12-24,2024-01-17
C009050,Angela,Fields,nancy25@example.net,+1-994-468-5777x33450,Female,1955-09-04,2023-02-10
C009051,Kelly,Flores,elizabethchen@example.org,+1-405-758-4335x35627,Male,1945-04-30,2022-09-11
C009052,Beth,Fernandez,casey39@example.net,7639097970,Male,1992-02-04,2026-03-05
C009053,Annette,Moore,donald11@example.net,+1-981-237-6847x14504,Female,1940-03-06,2025-06-01
C009054,Karen,Gross,hramos@example.com,342-208-3317x815,Female,1961-06-14,2023-11-25
C009055,Andrew,Reyes,margaret87@example.org,+1-216-754-5632x01858,Male,1943-07-02,2024-04-14
C009056,Jamie,Perkins,fuentespaul@example.org,722.862.5919x3953,Male,1962-07-31,2022-07-29
C009057,Lisa,Everett,paul75@example.com,355-800-1656x043,Female,1972-10-05,2022-04-07
C009058,Colleen,Fisher,tduncan@example.com,(259)776-1694x068,Male,1962-04-04,2022-07-21
C009059,Amanda,Walter,stephenmoses@example.net,001-871-310-8191,Female,1974-03-07,2023-01-27
C009060,Norman,Reed,steve69@example.com,690.893.2145,Female,1995-09-26,2026-06-04
C009061,Daniel,Kelley,wchen@example.net,001-750-979-6841x656,Male,2007-01-11,2021-09-11
C009062,Kevin,Jarvis,amandapark@example.net,001-217-697-3882x7534,Female,2006-03-02,2025-03-02
C009063,Elizabeth,Burke,rogersmith@example.com,466-829-5685x7041,Male,2001-07-18,2024-09-06
C009064,Ronald,Hall,kelly14@example.com,394.642.1657x55788,Female,1946-05-27,2023-10-15
C009065,Jamie,Lowery,fshepard@example.net,(222)587-1115,Female,1979-06-30,2022-11-20
C009066,Marc,Peterson,zmorgan@example.org,001-532-912-0864x922,Female,1996-01-06,2023-02-09
C009067,James,Hernandez,davidobrien@example.org,(296)217-8244,Male,1974-11-06,2023-01-19
C009068,Heather,Myers,scottgolden@example.com,9634170907,Female,1955-04-15,2025-05-27
C009069,Spencer,Johnson,grimesjose@example.net,001-644-550-4335x776,Female,1948-11-28,2023-11-12
C009070,Michael,Graham,zwatkins@example.net,+1-793-299-6391x24667,Male,1938-03-17,2024-10-12
C009071,Mary,Stevens,xgordon@example.net,574.619.3839x414,Female,1954-03-09,2022-02-12
C009072,Michael,Mcmahon,bruce16@example.com,677-220-2405,Male,2000-04-25,2023-12-08
C009073,Donald,Johnson,michaelwilson@example.net,2007436280,Female,1998-02-09,2024-10-18
C009074,Tiffany,Gutierrez,townsendtammy@example.net,+1-499-300-2949x26220,Female,1984-02-26,2023-09-22
C009075,Danielle,Thomas,dicksonhaley@example.org,(308)660-0046,Female,1962-06-26,2023-09-02
C009076,Marissa,Chapman,jasonnelson@example.org,001-815-444-7975x2306,Male,1943-03-28,2021-09-09
C009077,Ryan,Norman,parkian@example.org,+1-504-680-4942,Male,1977-04-15,2023-09-18
C009078,Steven,Cox,jacksonmary@example.com,001-742-384-4525x25330,Male,2008-01-08,2025-08-28
C009079,Anna,Mcguire,jameslucero@example.com,569.589.6580x977,Male,1955-11-15,2025-07-18
C009080,Alicia,Taylor,edwarddunn@example.net,223-219-6487x27548,Male,1972-01-02,2021-09-01
C009081,Charles,Becker,roberthodge@example.net,(383)747-8773,Male,1998-10-28,2026-01-23
C009082,Ian,Huerta,timothymonroe@example.org,970-344-6469x9106,Female,1999-02-02,2024-12-25
C009083,Sandra,Bates,smithjoseph@example.org,001-802-244-5273,Female,1991-05-12,2022-06-20
C009084,Fred,Rivers,bmarsh@example.net,983.246.8347x7857,Male,2007-06-02,2022-09-23
C009085,Scott,Mercer,jeremynash@example.com,380-972-3476x4311,Male,1970-06-07,2024-12-12
C009086,Mark,Higgins,kimberlyflores@example.org,(485)879-8951,Male,1963-10-08,2024-07-01
C009087,Dale,Smith,petersenmark@example.com,001-330-608-2970x5600,Female,2004-12-01,2023-12-21
C009088,Jacqueline,Martinez,gordonmargaret@example.net,+1-958-726-3827x85620,Male,1947-11-25,2021-12-01
C009089,Victoria,Martin,ashah@example.org,597-666-3020,Male,1956-07-13,2025-02-13
C009090,Timothy,Ramos,qmurphy@example.org,270.774.6964x322,Male,1938-09-01,2023-03-06
C009091,David,Mckinney,qsnow@example.com,001-768-240-8551x0028,Male,1991-01-26,2022-04-23
C009092,Elizabeth,Mills,stephanie67@example.org,(500)500-2574x965,Male,1999-02-04,2025-12-26
C009093,Madeline,Gonzalez,laura83@example.net,+1-431-717-9210x680,Male,1938-04-12,2022-08-10
C009094,Aaron,Aguilar,jeremy69@example.org,+1-267-858-5320,Female,1977-12-16,2022-09-09
C009095,Amy,Schwartz,hwright@example.net,+1-954-900-4224x8514,Male,2000-07-31,2023-03-07
C009096,Richard,Morrison,dodsonrandy@example.org,317-734-9405,Female,1950-08-20,2025-06-21
C009097,Rebekah,Collins,robert51@example.net,272-912-1297x3283,Male,1977-05-11,2024-08-30
C009098,Jeremy,Rivera,dennischristopher@example.org,+1-329-607-4715x1246,Female,1945-05-08,2025-02-03
C009099,Anthony,Blanchard,vmarshall@example.net,226-228-1342,Male,1953-05-27,2022-05-12
C009100,Terry,Roy,mary66@example.net,356-481-6772,Male,1942-04-26,2024-12-06
C009101,Michael,Rodgers,urodgers@example.net,(380)283-5319x439,Female,1988-04-24,2021-10-07
C009102,Daniel,Gonzalez,qyates@example.net,930.582.5994,Male,1951-07-02,2024-12-24
C009103,Jared,Watson,garciasheri@example.org,001-517-512-9904x1686,Male,1988-10-27,2023-06-24
C009104,Timothy,Williams,harold39@example.com,001-210-810-3008,Female,1968-12-16,2024-07-27
C009105,Melissa,Adkins,lindsay89@example.net,001-393-967-2027,Female,1993-05-08,2024-11-21
C009106,Robert,Castillo,christinatorres@example.net,001-316-867-2584,Female,1978-04-15,2025-07-17
C009107,Leslie,Bowen,vsmith@example.org,293-489-6170x2730,Male,1976-06-07,2023-06-02
C009108,Michelle,Evans,cindyblackburn@example.com,684-280-1988x21007,Male,1995-07-02,2024-05-18
C009109,Lauren,Valencia,wrightcarrie@example.net,5805164502,Male,1936-03-12,2025-10-06
C009110,Rebecca,Stone,timothy00@example.com,328-369-2103x1062,Female,1952-04-15,2025-04-19
C009111,Andrea,Morales,sherylgonzalez@example.org,(204)403-3413x319,Female,1949-09-10,2025-10-01
C009112,Andrea,Johnston,jessicahodge@example.org,(304)457-6583x183,Female,1977-02-01,2026-06-25
C009113,Lauren,Erickson,joseph16@example.com,+1-622-984-2221x910,Female,1944-10-15,2022-07-01
C009114,Crystal,Chen,austinwillis@example.net,(227)681-2661x309,Female,2004-11-30,2025-06-12
C009115,Anne,Hunt,darryl59@example.com,841.763.2017x44710,Male,1958-09-24,2023-03-08
C009116,Paula,Smith,garciamary@example.net,(313)640-9781,Male,1982-04-06,2021-10-18
C009117,Ryan,Patton,apatel@example.com,(210)782-7560x749,Male,1973-04-13,2022-07-20
C009118,Linda,Lopez,meganbennett@example.com,776-804-3801,Male,2002-09-16,2026-02-10
C009119,Denise,Crawford,randyjames@example.net,+1-201-540-3275x684,Male,1955-04-01,2022-12-28
C009120,Alex,Yoder,nicholas97@example.org,(820)843-3874,Male,1935-07-30,2024-03-27
C009121,Michael,Elliott,abigail90@example.com,758.528.1671,Male,1938-06-17,2021-12-17
C009122,William,Norton,svillanueva@example.org,980.642.7920,Male,1971-10-22,2021-08-25
C009123,Ricardo,Thompson,milleranthony@example.org,317-815-7030x23669,Female,1936-12-29,2022-07-23
C009124,Taylor,Beck,nanderson@example.com,3935404927,Female,1994-11-30,2022-03-18
C009125,Kelly,Cherry,kelly94@example.com,(643)440-2927x1179,Female,2003-02-16,2024-09-27
C009126,Michael,Simmons,davidgreen@example.net,+1-985-345-9474x47365,Male,1999-04-28,2023-11-03
C009127,Patricia,Lopez,debbienelson@example.net,957-631-1142x708,Female,1947-09-01,2025-09-29
C009128,Peter,Dillon,claythomas@example.net,001-284-615-4558x2020,Male,1991-04-17,2024-02-22
C009129,David,Reese,chad93@example.com,001-785-874-6839x52278,Female,1941-03-24,2024-04-11
C009130,Zachary,Carter,cory30@example.net,+1-443-957-5213x4237,Male,1972-03-26,2022-10-25
C009131,Timothy,Byrd,jbishop@example.com,001-951-533-6280x413,Female,1997-06-09,2025-08-27
C009132,Lisa,Murphy,davidjohnston@example.org,001-906-478-5039x0085,Female,1957-04-23,2026-05-10
C009133,Stephanie,Eaton,tespinoza@example.net,001-220-684-2732x7618,Female,1947-04-17,2024-02-15
C009134,Charlotte,Bowman,moorerobert@example.org,6776013754,Male,1986-03-30,2023-06-21
C009135,Robert,Braun,brandonoconnor@example.com,(474)737-8326x280,Female,1987-01-05,2023-11-18
C009136,Debbie,Davis,samuelgarcia@example.com,+1-343-443-1451x921,Male,2005-12-30,2024-04-06
C009137,William,Lopez,jacobswendy@example.net,+1-599-665-3064,Female,1983-02-03,2022-12-08
C009138,Scott,Garner,jennifer01@example.org,+1-687-934-9410,Female,1948-05-05,2026-01-06
C009139,Ashley,Johnson,ismith@example.com,592.568.4701x252,Male,1954-07-13,2022-07-09
C009140,Matthew,Lester,mariaspencer@example.org,+1-712-452-4195x061,Female,1958-03-08,2023-04-26
C009141,Melissa,Huff,jodihale@example.net,001-631-286-1102x304,Male,1978-04-04,2023-10-28
C009142,Holly,Newman,steven42@example.org,001-235-251-4507x619,Female,1958-02-25,2021-12-02
C009143,Kimberly,Klein,briandodson@example.com,+1-479-433-4130x707,Male,1982-12-25,2024-11-13
C009144,Heather,Buchanan,daniel27@example.org,(234)410-1403x415,Male,1992-09-03,2026-02-25
C009145,Courtney,Carr,syoder@example.org,(474)202-8974x93499,Female,1949-05-06,2026-04-24
C009146,Gary,Sandoval,ashley85@example.net,393.393.3154,Male,1963-08-16,2021-11-05
C009147,Aaron,Morris,andrewslarry@example.org,863.270.3891x505,Female,2003-05-14,2022-04-10
C009148,Jennifer,Knox,moralesmichael@example.org,698-772-4897,Male,1955-01-15,2024-09-12
C009149,Nathan,Costa,pjordan@example.com,997.239.9544,Male,1948-04-12,2023-07-17
C009150,Lisa,Gutierrez,mendozasteven@example.com,521-630-7945x58163,Male,1937-05-25,2021-11-28
C009151,Rhonda,Wise,pattersonchad@example.org,483-528-9180,Male,1965-05-27,2024-09-23
C009152,Kayla,White,jordanpeterson@example.org,315.674.7796x37490,Female,1982-04-11,2025-07-20
C009153,Ethan,Washington,tiffanyleblanc@example.org,664-667-8881,Female,1955-03-02,2025-01-24
C009154,Lori,Dominguez,brownwanda@example.org,600.427.5845x949,Female,1965-06-03,2023-12-18
C009155,Mackenzie,Thomas,schmidtmelanie@example.org,584-992-6022,Male,1941-04-30,2025-11-29
C009156,Nathan,Williams,ynunez@example.net,001-443-272-4247x5660,Male,1993-09-30,2023-07-15
C009157,Patty,Lucero,gloriavelez@example.net,+1-689-832-7596x45732,Male,1965-04-26,2021-08-13
C009158,Sierra,Leon,sheilacruz@example.com,(995)273-5923x1218,Female,2007-07-13,2022-05-13
C009159,Joseph,Jackson,ericwilliams@example.com,424.945.2127x46297,Male,1948-09-26,2026-03-22
C009160,Stacy,Lambert,gwendolyn35@example.net,(938)826-8168x26089,Male,1973-01-25,2025-06-30
C009161,Matthew,Friedman,joshua80@example.net,(650)669-2207x329,Male,1936-08-01,2025-05-11
C009162,Desiree,Obrien,ttaylor@example.org,001-570-368-3370x464,Male,1947-05-06,2023-11-17
C009163,Dawn,Ramos,keith49@example.org,+1-373-686-7358,Female,1979-05-10,2025-01-13
C009164,Allen,Foster,ljones@example.net,392.550.8296x10377,Male,1955-03-17,2025-10-12
C009165,Kristin,Hall,crystalleonard@example.net,(911)791-0958x43724,Female,1978-01-31,2022-12-20
C009166,Mark,Lee,pkeith@example.com,451.249.1492x191,Male,1948-07-09,2022-12-19
C009167,Laurie,Wagner,lopezkristin@example.com,635.498.4482x896,Male,1977-10-04,2023-04-29
C009168,Matthew,Shea,sharon47@example.com,(203)871-3385,Female,1992-06-27,2021-08-27
C009169,Carlos,King,dnelson@example.com,+1-554-593-0244x629,Female,1948-02-02,2023-12-19
C009170,William,Haney,ramirezevan@example.net,785.299.2218x345,Male,1990-12-08,2026-01-20
C009171,Hannah,Freeman,michael16@example.net,+1-660-310-9391,Female,1986-09-29,2021-07-10
C009172,Douglas,Clark,tonyaguzman@example.org,001-804-424-5616,Male,1944-09-18,2021-07-17
C009173,Ronald,Adams,cfox@example.net,535-800-9853x02892,Male,1948-05-19,2026-07-07
C009174,Jonathan,Gutierrez,dfuller@example.org,(240)394-9757x4448,Male,1951-08-10,2023-08-02
C009175,John,Gonzalez,wnewman@example.net,+1-226-762-8954x8836,Female,1992-07-27,2023-03-17
C009176,Stephen,Kirk,jeremy35@example.org,451-467-0390x5060,Male,1977-12-19,2026-03-31
C009177,Robert,Moss,gfrost@example.org,980-967-7285x531,Male,1945-09-01,2025-02-08
C009178,Cassandra,Rivers,lewiswendy@example.org,001-480-454-8393x70754,Female,1955-01-08,2024-08-04
C009179,Paul,Valencia,colecynthia@example.org,+1-419-809-9759x0739,Female,1999-03-07,2021-09-01
C009180,Adrian,Moore,rileyburton@example.com,2099511446,Female,1965-02-27,2024-02-15
C009181,Laura,Chase,stephanierodriguez@example.com,311-618-6988,Female,2001-12-21,2022-04-30
C009182,David,Frank,johnsonryan@example.net,452-350-7469x076,Female,1970-05-19,2025-04-25
C009183,Cameron,Simmons,cmorris@example.net,720.898.6998x20340,Female,1941-10-02,2025-07-20
C009184,David,Wise,johill@example.org,805.379.1058x560,Female,1937-12-25,2022-01-07
C009185,Sandra,Bradford,carol09@example.net,931.401.2075x8425,Female,1936-12-20,2023-03-26
C009186,Alexander,Mayer,hwilliams@example.net,+1-932-344-8182x7937,Male,1963-03-29,2022-11-17
C009187,Katelyn,Carpenter,benjamin19@example.org,+1-855-956-3653x58318,Male,1975-04-18,2023-06-08
C009188,Kathleen,Love,cperez@example.com,770-490-7539,Female,1952-06-25,2025-11-28
C009189,Danielle,White,loweryan@example.org,833-577-8473,Female,1980-09-27,2022-11-30
C009190,Ryan,Smith,james92@example.com,(512)768-3062,Female,1970-11-04,2021-09-11
C009191,Shelly,West,pachecodebra@example.net,(998)303-4127x0626,Male,1992-05-04,2024-12-21
C009192,Michael,Jackson,williamwhite@example.org,+1-205-676-6752,Male,1950-04-29,2023-02-12
C009193,Ricky,Serrano,don96@example.org,+1-998-790-7519,Male,1954-04-23,2024-09-07
C009194,Donna,Rosales,renee39@example.com,(653)253-9102,Female,2002-11-09,2022-08-19
C009195,Gene,Carroll,xlittle@example.com,556-550-5880,Male,1978-08-07,2021-10-09
C009196,Meredith,Miller,richard22@example.com,765.856.9573,Female,1973-11-08,2025-06-26
C009197,Benjamin,Evans,danielcalderon@example.com,(923)703-1730,Female,1943-08-05,2025-03-19
C009198,Samuel,Randall,weavervictoria@example.net,001-205-473-0790x58154,Female,1971-08-16,2021-11-19
C009199,Joan,Gallegos,laura70@example.org,227-507-7800x850,Female,1994-01-10,2023-04-29
C009200,Jessica,Wong,bryanrowland@example.net,001-395-764-9225x1093,Male,1969-07-19,2024-12-02
C009201,Jerry,Manning,matthew94@example.org,001-887-706-9785x9091,Female,1959-11-01,2021-09-08
C009202,Theodore,Hernandez,sanchezpatricia@example.net,(573)406-5797x80247,Male,1966-06-23,2022-10-19
C009203,Stephen,Morgan,lesliemoore@example.com,627.589.6398,Male,2008-04-14,2021-09-17
C009204,Jacob,Strong,robertcervantes@example.org,381.243.3574,Male,1970-07-13,2023-08-28
C009205,Lori,Knox,richardthomas@example.org,001-340-719-9058x041,Male,2007-11-27,2022-12-31
C009206,Melissa,Nelson,austin69@example.com,001-801-469-9058x2359,Female,1962-04-27,2025-09-06
C009207,Michelle,Nelson,colton83@example.net,(230)696-6256x8718,Male,1978-02-25,2024-10-30
C009208,John,Nelson,james62@example.org,+1-446-964-4855x3297,Female,1960-05-14,2024-09-09
C009209,Joseph,Erickson,jamesevans@example.net,623.963.3106x36587,Female,1980-05-13,2023-07-25
C009210,Destiny,Jones,bishopbrett@example.com,3129324800,Female,1973-10-08,2023-05-07
C009211,James,Williams,ghall@example.net,692.336.9107x49020,Female,1995-01-21,2021-12-27
C009212,Donald,Cook,sandra72@example.net,397-726-4726x5284,Male,2006-04-25,2025-01-22
C009213,Brett,Sims,melissacampbell@example.com,915.259.4996x2073,Male,1938-03-11,2024-06-27
C009214,Troy,Powell,nicolethomas@example.com,657.481.7091x94067,Female,2000-01-15,2025-04-11
C009215,Dana,Santiago,cnunez@example.com,4679335379,Female,1964-11-11,2026-03-13
C009216,Joel,Lin,simsjanice@example.com,5774420481,Male,1964-05-08,2026-03-30
C009217,Michelle,Garcia,christopher32@example.net,+1-342-362-1437x38864,Male,1995-01-04,2023-12-20
C009218,Catherine,Hendricks,amanda55@example.com,001-380-700-5399x5475,Female,1948-06-18,2023-09-03
C009219,Daniel,Logan,lisa72@example.com,335.423.2671x707,Female,1974-09-25,2023-10-25
C009220,Ryan,Sanders,zholland@example.net,626-475-5743,Female,1935-07-22,2025-08-05
C009221,Fred,Jordan,danielclay@example.com,001-291-741-1616x57008,Male,1998-05-01,2022-06-06
C009222,Scott,Robles,salazarzachary@example.net,+1-410-373-4689x266,Female,1981-09-29,2022-06-28
C009223,Joshua,Rogers,melaniewood@example.org,482-499-0083x7337,Female,1968-02-29,2024-10-13
C009224,Edward,Anderson,amandadouglas@example.org,6836188939,Male,1959-07-03,2025-06-09
C009225,Peter,Velasquez,edavis@example.net,314-906-3038,Female,1967-01-05,2022-12-14
C009226,Linda,Arroyo,moonmaria@example.net,+1-737-470-4180x01201,Male,1938-03-09,2024-07-19
C009227,Charles,Johnson,crocha@example.net,001-871-957-6705x4446,Female,1974-10-03,2026-04-03
C009228,Sonya,Hicks,owilliams@example.com,536.223.3384,Female,1945-07-11,2023-01-08
C009229,Margaret,James,matthewcochran@example.com,805-932-0184x1564,Male,1939-10-27,2023-07-08
C009230,Anna,Anderson,huffmanjeffrey@example.org,(764)705-9920,Female,1967-11-12,2022-02-12
C009231,Sharon,Lee,janet13@example.com,+1-442-931-7753x4168,Female,1956-11-06,2021-12-15
C009232,Michael,Forbes,natalie51@example.net,001-423-745-1384x00392,Male,1964-10-07,2022-12-14
C009233,Jessica,Collins,nathan82@example.net,(820)866-0397x948,Female,1984-06-30,2022-04-04
C009234,Robert,Montgomery,diazvalerie@example.org,429.361.3811x6701,Male,1965-03-10,2021-11-03
C009235,Jared,Owens,kylebauer@example.com,(518)684-7901x940,Female,1981-09-26,2025-04-13
C009236,Brenda,Dickerson,angelalane@example.com,707.281.7115x209,Female,2005-04-05,2022-11-06
C009237,Ashley,Edwards,ezamora@example.net,+1-252-594-1836x90718,Female,1969-06-05,2025-07-16
C009238,Ricardo,Hobbs,robert52@example.net,3927725092,Male,2004-07-06,2023-10-24
C009239,Cory,Walker,wcohen@example.net,001-372-732-6878x9250,Female,1974-10-17,2025-12-22
C009240,David,Phelps,dustinmills@example.org,+1-247-751-9449x9155,Male,1992-02-27,2025-03-12
C009241,Penny,Ruiz,tammychan@example.org,408-495-2496x88308,Male,1980-04-03,2023-11-15
C009242,Ronald,Perez,owalton@example.net,(207)256-2263x77846,Male,1976-07-30,2025-09-06
C009243,Kevin,Rosales,ojohnson@example.org,(594)847-3245,Female,1975-03-01,2022-03-11
C009244,Jonathan,Hudson,samanthafrey@example.org,457-854-9483x9698,Female,1947-09-17,2023-11-17
C009245,Joshua,Weaver,randycaldwell@example.org,585.335.6518,Male,1989-07-14,2022-11-01
C009246,Hector,Manning,katherine32@example.net,830-372-6435x11367,Male,1953-01-08,2021-09-12
C009247,Cody,Lawrence,stewartjames@example.org,386-476-9918x7895,Male,1999-11-26,2023-06-09
C009248,Daniel,Hamilton,sduarte@example.net,+1-567-284-7212,Female,1947-01-12,2022-01-02
C009249,Nancy,Eaton,kellilopez@example.com,863-779-8114x11164,Male,1935-09-26,2025-06-28
C009250,Kristen,Case,andersonamy@example.com,268.333.4180x5441,Female,1975-07-01,2025-10-20
C009251,Lindsay,Carlson,michaelnorton@example.net,001-489-866-7426x875,Female,1951-07-07,2026-05-13
C009252,Steven,Cabrera,ortizjohn@example.org,640.700.0785,Male,1957-11-08,2022-08-24
C009253,Jacob,Rivers,gouldcharles@example.org,852-366-9136x7520,Female,1993-05-04,2024-06-26
C009254,Destiny,Fernandez,hwright@example.com,+1-537-588-9444x56073,Male,1954-05-16,2025-12-11
C009255,Dennis,Smith,marksrobin@example.com,001-727-438-8065x0294,Male,2003-07-17,2024-10-01
C009256,Michele,Kim,james56@example.com,(741)866-8184,Female,1942-09-21,2022-12-18
C009257,Michael,Craig,wgomez@example.net,9662057035,Male,1986-04-01,2023-05-12
C009258,Jack,Duffy,kaitlynpark@example.com,2725553422,Female,1941-10-28,2025-10-25
C009259,Karen,Delgado,thomas37@example.org,001-893-580-1101x12015,Male,1979-04-20,2021-07-14
C009260,Samantha,Moore,david49@example.org,(361)653-1575x5825,Male,1945-10-24,2022-10-17
C009261,John,Castillo,michele18@example.net,+1-735-342-5229x4539,Female,1981-07-29,2026-02-11
C009262,Lindsey,Andrade,kristytaylor@example.com,3047823224,Male,1939-07-04,2022-01-30
C009263,Jeffery,Graham,stevenyoung@example.net,633.883.1747,Female,1945-06-27,2022-07-23
C009264,Anna,Turner,cynthiasingleton@example.com,(763)319-6296,Male,1987-02-22,2023-07-08
C009265,Bryan,Morales,suzanne23@example.com,921-820-5543x3607,Male,1982-03-20,2025-12-09
C009266,Kimberly,Joseph,richard77@example.com,639.721.9375,Female,2001-09-21,2022-10-02
C009267,Katie,Wheeler,michaelhowe@example.net,901-478-1213x73652,Male,1981-05-28,2023-08-05
C009268,Stacy,Scott,anthonyferguson@example.org,7934451636,Male,1986-04-01,2022-10-11
C009269,Haley,Webster,jarnold@example.com,(383)401-3348x8754,Female,1975-06-23,2021-12-21
C009270,Mary,Villarreal,xhenry@example.net,001-419-789-2038x30018,Male,2000-05-11,2026-03-07
C009271,Lisa,Barron,jasonjames@example.com,4382486416,Male,1979-10-19,2022-04-14
C009272,Benjamin,Coffey,faith81@example.org,001-953-944-7284,Female,1980-04-23,2023-08-07
C009273,Nathan,Price,adamsdavid@example.com,(310)728-3824,Female,1958-07-27,2025-08-08
C009274,Tyler,Duffy,barberrobin@example.com,+1-474-389-7952x219,Female,1940-12-09,2023-07-29
C009275,Robert,Hughes,lopezjeffrey@example.org,365.359.0201,Male,1938-02-17,2022-04-13
C009276,Andrew,Fisher,olsonjoe@example.com,+1-681-912-6067x7380,Male,1958-11-03,2025-11-03
C009277,Andrew,Hudson,fisherchris@example.org,+1-320-341-7561,Male,1956-12-13,2022-10-19
C009278,Emily,Randolph,rachaelmcgee@example.com,+1-258-955-3039x797,Male,1937-08-30,2024-09-20
C009279,James,Martin,blogan@example.org,504-428-9605,Female,1959-06-21,2023-12-06
C009280,Patrick,Cole,mccoyemily@example.com,001-447-700-4096x1986,Female,1994-07-07,2022-06-05
C009281,Randy,Hill,clarkmatthew@example.net,(985)482-9456x42614,Male,1969-08-24,2024-06-05
C009282,Miguel,Nichols,rfarley@example.com,(951)548-2940x516,Female,1935-09-22,2022-02-23
C009283,Megan,Hutchinson,ywilliams@example.com,(574)334-7909x634,Male,1993-04-27,2024-04-04
C009284,Paula,Hall,hendrixbryan@example.net,+1-315-406-6805x281,Female,2004-06-18,2023-02-23
C009285,Patricia,Benjamin,rmartin@example.org,001-480-790-4427x228,Male,1991-11-13,2023-02-23
C009286,Clayton,Ross,heatherhaas@example.org,+1-392-578-3886,Male,1960-07-29,2023-03-12
C009287,Dawn,Lee,jill94@example.org,805-505-6916x780,Female,2005-12-10,2025-10-15
C009288,Bailey,Mckay,ycompton@example.com,521.749.3001x028,Female,1945-01-13,2024-06-03
C009289,Jerry,Lindsey,ksmith@example.net,001-389-879-5888,Female,1957-04-21,2023-08-07
C009290,Susan,Estrada,bpierce@example.com,815-529-4339x2978,Female,1956-12-11,2022-03-17
C009291,Roy,Dunn,arthurhernandez@example.org,773.303.3175,Female,1946-11-20,2026-05-11
C009292,Tiffany,Hogan,hicksryan@example.com,+1-976-210-1109x037,Female,1946-11-12,2022-09-30
C009293,Marissa,Bray,eavila@example.net,(825)203-9353x70943,Female,1963-01-22,2026-05-23
C009294,Matthew,Perkins,davidenglish@example.com,+1-603-375-6351,Male,1955-08-01,2023-01-04
C009295,Ryan,Espinoza,fordjohn@example.org,+1-922-712-3962x8785,Female,2002-04-15,2025-05-01
C009296,Kimberly,Summers,markmoses@example.net,990.646.4404x182,Male,1944-10-04,2025-03-12
C009297,Brittany,Alexander,catherinebrock@example.net,+1-205-579-2155x9432,Female,1999-07-26,2024-06-03
C009298,Stacy,Chapman,ericmartinez@example.net,001-580-205-2781x695,Male,1948-02-21,2023-01-25
C009299,April,Gilbert,joelle@example.com,001-997-622-5885x2489,Female,1948-03-28,2025-10-22
C009300,Matthew,Johnson,james50@example.org,290.558.3551,Male,1955-09-21,2026-05-27
C009301,Daniel,Freeman,karenfry@example.org,(227)680-1754x163,Female,1957-02-22,2024-07-05
C009302,Tonya,Turner,foxmichael@example.com,863.715.4068,Male,1996-04-01,2022-05-27
C009303,Colleen,Thomas,loriwallace@example.com,001-736-749-2699x31975,Female,1989-12-21,2024-01-14
C009304,Emily,Hammond,vgomez@example.org,2894734709,Female,1952-01-29,2023-08-03
C009305,Ricky,Mcbride,shannonalvarado@example.net,(787)686-3942,Female,2002-05-22,2025-09-26
C009306,Emily,Moore,sarah91@example.net,+1-418-278-8765x3631,Female,1968-06-28,2024-05-19
C009307,Daniel,Jones,blake06@example.net,6457022780,Female,1959-08-13,2022-05-26
C009308,Jose,Williamson,melinda98@example.net,+1-384-895-1719x6633,Female,1982-02-25,2023-06-13
C009309,Aaron,Krueger,johnsonmichael@example.net,001-228-238-8620x23523,Female,1938-09-30,2024-08-07
C009310,Jennifer,Shepherd,michelle78@example.org,720.632.8222,Female,1978-11-29,2024-01-07
C009311,Gregory,Walton,vkelly@example.org,481-553-2996,Female,1950-12-14,2022-07-13
C009312,Paula,Myers,raymondduncan@example.org,001-383-506-8826x311,Male,1947-02-20,2026-06-02
C009313,Elizabeth,Maxwell,melindahuynh@example.net,(784)475-5618x82344,Female,1998-06-21,2023-09-24
C009314,Megan,Jackson,ztrevino@example.org,(765)496-0737x279,Male,1997-05-13,2026-03-02
C009315,James,Gonzalez,weisschristopher@example.com,235.989.2795x10408,Female,1936-06-02,2024-01-18
C009316,Brandon,Richards,mark65@example.net,001-310-381-4875x18489,Female,1944-01-13,2025-12-29
C009317,Eric,Vang,gregory97@example.org,566-796-1132,Female,1972-06-22,2022-06-02
C009318,Laura,Green,erin78@example.com,902-823-3582x877,Male,2006-01-25,2025-07-20
C009319,Steven,Hamilton,nicholasandersen@example.org,800.549.4397,Female,1946-05-18,2024-06-14
C009320,Derek,Black,navarrorichard@example.com,(227)639-9331x5571,Male,1942-03-07,2024-01-13
C009321,Joshua,Bowen,huertadavid@example.net,914-864-3319x4173,Female,1945-09-01,2024-01-11
C009322,Daniel,Silva,stephanie02@example.org,(864)422-9833x570,Male,1990-11-11,2025-01-19
C009323,Megan,Fields,vwilson@example.org,952-595-0036,Male,1983-06-27,2023-07-03
C009324,Rachel,Andrews,collinssandra@example.org,696-662-4579x1441,Female,1953-12-03,2023-12-08
C009325,Elizabeth,Brown,brian74@example.net,8585615094,Female,1936-02-01,2026-06-14
C009326,Suzanne,Smith,franklinlatasha@example.org,(437)241-6242,Male,1989-06-17,2022-07-24
C009327,Aimee,Jones,james55@example.org,423-430-6412,Male,1990-02-26,2025-12-01
C009328,Patricia,Johnson,jennifer46@example.com,790-255-0138x0866,Male,1951-01-30,2025-10-20
C009329,Jennifer,Thomas,tchen@example.com,245.812.0185,Male,1941-11-24,2023-06-26
C009330,Christian,Smith,robinanderson@example.org,+1-917-341-2904x39284,Female,1995-02-14,2024-07-26
C009331,Rachel,Sawyer,ostevenson@example.net,221-556-8321x412,Female,1938-04-16,2024-08-26
C009332,Christy,Spence,clarkcraig@example.org,001-551-437-3439x23387,Female,1977-02-03,2022-02-06
C009333,Tiffany,Mcintyre,cynthiaaustin@example.net,001-610-676-0701x6085,Male,1961-08-24,2023-05-16
C009334,Scott,Yoder,xwoods@example.net,751.576.4072,Male,1973-12-06,2026-01-11
C009335,Kevin,Rodriguez,ameyer@example.net,4354355174,Male,1975-12-24,2023-09-05
C009336,Michael,Rios,margaretlopez@example.com,433-646-3973x150,Male,2005-06-16,2021-08-03
C009337,Vanessa,Waters,coxshelly@example.com,+1-696-362-5896x019,Male,1943-12-04,2023-04-16
C009338,Rachel,Jordan,lauren65@example.net,855-610-1305x3997,Male,1947-08-02,2022-12-19
C009339,Karen,Wise,amber82@example.com,001-237-797-4375x5826,Female,1984-09-03,2023-04-02
C009340,Michael,Anderson,tinashaw@example.com,4197693884,Female,1969-04-03,2026-01-08
C009341,Laura,Wu,nortonkevin@example.net,+1-242-558-5673x955,Male,1972-02-12,2025-05-03
C009342,Joshua,Huang,jessicamoore@example.org,(709)252-6377,Female,1944-07-09,2022-01-29
C009343,Katherine,Bright,mruiz@example.net,936-249-6012,Male,1942-04-12,2023-04-19
C009344,Laura,Rodriguez,stevensonanthony@example.com,3363769402,Male,2000-07-14,2026-03-28
C009345,Monica,King,morrisondonna@example.com,+1-240-758-1307x2390,Female,1997-05-12,2023-12-27
C009346,Rachel,Ellison,nathanielcarr@example.net,(495)520-4371,Male,1994-07-21,2023-01-14
C009347,Nicole,Graham,hurstanna@example.net,(492)233-9213x15534,Female,1935-08-05,2025-02-16
C009348,Jenny,Mcgrath,waynerobinson@example.org,2504321330,Male,1988-06-10,2023-07-04
C009349,Meghan,Jackson,alexandrajensen@example.net,500-974-9799x52201,Male,1970-03-06,2022-05-03
C009350,Jody,Hatfield,glee@example.com,(258)948-6018x6881,Male,1969-02-21,2024-07-17
C009351,Jessica,Parker,sampsonpeter@example.com,+1-780-498-0757x5790,Male,1984-01-12,2024-09-01
C009352,Amanda,Ho,dominique24@example.com,290.635.1623,Male,1964-01-11,2024-06-14
C009353,Jessica,White,john52@example.org,962-572-0381,Male,1967-11-09,2021-09-01
C009354,Rebecca,Mcdonald,erodriguez@example.org,233.417.2011x0044,Male,1997-04-01,2026-07-02
C009355,Richard,Cox,jennifer46@example.org,(521)669-3512x71260,Female,1983-05-23,2026-03-30
C009356,Jay,Castro,zgarcia@example.com,830-332-2513,Male,2004-04-14,2026-06-10
C009357,Blake,Melton,dgonzales@example.org,001-625-576-5611,Male,1972-04-14,2022-03-13
C009358,Teresa,Santos,michael93@example.org,001-337-286-9095x625,Male,1961-01-18,2026-05-20
C009359,Patrick,Rose,rsutton@example.net,(317)281-8760x985,Male,1988-09-12,2024-09-14
C009360,Angela,Cox,angela57@example.com,+1-510-915-7484x77367,Female,1959-12-07,2023-06-18
C009361,Manuel,Conley,amy07@example.org,+1-992-488-1301x531,Male,1959-07-20,2025-06-07
C009362,Danielle,Meyer,grayderek@example.net,+1-833-826-9349,Male,2005-06-28,2022-02-25
C009363,Diamond,Rojas,qburke@example.net,616-972-8244x2241,Male,1975-07-27,2025-02-25
C009364,Kyle,Rivera,dalton92@example.com,001-995-481-3430x806,Female,2004-08-06,2023-02-24
C009365,Christina,Cross,daviscolton@example.com,560-248-2089x0269,Female,1935-07-29,2023-02-18
C009366,Lindsey,Owen,torresjennifer@example.org,+1-553-664-8699x4786,Female,1975-10-31,2024-09-30
C009367,Brandon,Taylor,jennifer28@example.com,441.937.8804,Male,1939-03-29,2023-12-04
C009368,Phillip,Pratt,howellalexis@example.com,3339330213,Female,1972-03-07,2025-06-15
C009369,Rebekah,Allen,keithwebster@example.net,001-404-364-0160x81381,Male,1972-02-20,2024-02-27
C009370,Stacy,Shaw,sarahmcpherson@example.net,336.509.0792,Male,1944-03-18,2021-12-31
C009371,Hannah,Meyer,kritter@example.org,271-603-6237x255,Male,1945-07-14,2025-02-15
C009372,Lisa,Carlson,benjaminrobinson@example.com,502-541-4150x89382,Female,1973-05-08,2022-09-28
C009373,Crystal,Hernandez,littleashley@example.org,001-917-740-6432x765,Male,1988-11-20,2023-09-19
C009374,Charlotte,Wright,ashley98@example.net,9802328270,Female,1991-09-16,2021-12-13
C009375,Amanda,Hunt,briansmith@example.com,440-358-1984,Female,1956-12-27,2025-12-02
C009376,Hunter,Heath,richard21@example.com,001-660-625-4928x8777,Female,1993-04-15,2024-04-08
C009377,Melissa,Hernandez,jwebb@example.com,001-710-937-2036x71908,Male,1948-03-14,2025-08-26
C009378,Michelle,Long,bchurch@example.com,745.474.1003,Female,2007-07-16,2023-06-09
C009379,Madison,Guerrero,crystalharrison@example.org,429.551.7282x097,Female,1955-06-09,2025-11-10
C009380,Julian,Peterson,wendy28@example.net,(771)500-2485,Female,1954-10-05,2024-06-17
C009381,Lisa,Wallace,frank93@example.org,512-558-6884,Male,1935-07-13,2025-12-07
C009382,Nicholas,Hanna,nvillanueva@example.org,335.225.9434x30552,Male,1960-04-19,2026-05-20
C009383,Tyler,Williams,steven06@example.org,5395880716,Male,1946-04-19,2024-11-29
C009384,Melissa,Parker,jcastro@example.org,431.608.9572x87702,Female,2007-09-25,2023-05-26
C009385,Julian,Harris,rothchristopher@example.com,(482)958-5029x45596,Female,1976-01-16,2022-10-24
C009386,Daniel,Phillips,lberry@example.com,864-817-7199x502,Female,1940-09-01,2025-02-28
C009387,Michelle,Boyd,andersonaustin@example.com,001-237-932-5807x6610,Female,1981-12-28,2023-01-21
C009388,Eric,Lowery,iwilliams@example.com,763-477-0760x788,Female,1957-11-14,2026-01-22
C009389,Kaitlyn,Sanders,sanchezcynthia@example.org,(373)396-0638,Female,1991-03-30,2023-09-15
C009390,Jenna,Gonzalez,lmiller@example.org,458-639-9961x4332,Male,1959-09-12,2026-02-09
C009391,Lynn,Hawkins,riosamanda@example.net,464-912-5611x04675,Female,1986-08-27,2026-02-18
C009392,Rachel,Brown,qjackson@example.net,+1-344-816-7748,Male,1998-08-19,2025-11-16
C009393,Sabrina,Floyd,cliffordcervantes@example.com,489.419.8073,Male,2003-09-18,2023-02-21
C009394,Jonathan,Woods,kathleencollins@example.com,729.788.9787,Female,1982-03-14,2026-02-10
C009395,Monica,Cooper,kdavis@example.net,6502494497,Female,1968-03-30,2026-02-11
C009396,Austin,Jensen,fordmark@example.net,001-810-218-6091x6630,Male,1986-08-09,2024-01-08
C009397,Christopher,Velasquez,cookdonna@example.net,859.249.8751,Male,1965-03-13,2021-07-24
C009398,Christopher,Macdonald,uriggs@example.org,(320)613-8501x256,Female,1962-10-20,2025-04-18
C009399,Robert,Paul,birdamber@example.org,001-531-377-9771x28517,Male,1956-08-22,2021-09-21
C009400,Brittany,Welch,hallsamantha@example.com,232.894.0836x6427,Female,1965-07-30,2023-06-24
C009401,Kristin,Garcia,juan55@example.net,(239)462-1621x32953,Female,1943-08-17,2022-04-21
C009402,Amy,Banks,daltonsamantha@example.net,532.605.3927x51995,Female,2000-05-21,2026-06-13
C009403,Patrick,Adams,dmcgee@example.org,+1-659-969-5946,Male,1957-05-31,2024-05-02
C009404,Linda,Hughes,qwilliams@example.org,+1-225-829-4007x866,Female,1984-08-25,2022-10-24
C009405,Susan,Haas,kproctor@example.com,5593505342,Female,1971-01-26,2023-09-20
C009406,Katrina,Trujillo,sabrina78@example.org,640-358-5463x54853,Female,1954-10-04,2025-03-28
C009407,John,Berry,crystal86@example.com,+1-835-944-8726x53241,Female,1971-05-30,2025-05-10
C009408,Michael,Rodriguez,kimberly17@example.net,283.350.2180,Male,1944-02-05,2023-02-18
C009409,Daniel,Bell,codymorton@example.org,(352)783-5723x21501,Female,1942-04-17,2022-06-01
C009410,Amber,Frost,nunezcatherine@example.net,778.722.5276x81948,Male,1967-11-11,2025-11-03
C009411,James,Brady,john16@example.org,+1-241-756-9999x6874,Female,1966-06-29,2024-03-23
C009412,Christopher,Martinez,mdavis@example.com,001-628-953-4862,Female,1975-01-21,2026-01-12
C009413,Phillip,Sanders,jenniferlopez@example.org,(941)706-1295,Female,1958-11-24,2023-01-18
C009414,Jacob,Robinson,ronald25@example.org,(743)534-9753x895,Female,1984-01-16,2021-12-14
C009415,Daniel,Jones,david02@example.org,+1-906-359-1507,Female,1983-06-19,2021-09-23
C009416,Kimberly,Smith,jamessean@example.net,396-309-5218x8804,Male,1984-07-31,2025-06-06
C009417,Jeffrey,Murphy,eguerrero@example.org,3596679869,Female,1987-12-29,2023-12-27
C009418,Nicole,Beasley,cdavis@example.com,205-275-6795x1817,Female,2001-08-26,2026-06-14
C009419,Laura,Murphy,matthewsmith@example.com,(879)287-8720x654,Male,1982-02-11,2025-11-23
C009420,Shannon,Gordon,randygarcia@example.com,(504)394-9747,Female,1936-07-27,2022-08-21
C009421,Michele,Delgado,grahamkathy@example.com,839-405-6419x447,Female,1977-05-25,2026-06-08
C009422,Karen,Caldwell,jacob91@example.net,001-830-329-4252x4677,Female,1994-01-03,2021-07-14
C009423,Carla,Smith,tsmith@example.net,834-595-3430,Male,2006-11-02,2022-01-09
C009424,Adam,Taylor,barnesmike@example.com,(291)324-3301x359,Female,1940-07-06,2022-06-27
C009425,Nathan,Ellis,emily85@example.com,001-557-968-3916x553,Male,1968-05-09,2023-11-29
C009426,Valerie,Lara,gregory37@example.org,(603)215-3356x641,Male,1947-07-10,2025-04-04
C009427,Daniel,Mack,timothy92@example.org,9235901492,Male,1946-02-19,2022-04-08
C009428,Ronald,Stanley,joestewart@example.com,001-426-231-5781x1355,Female,1998-03-25,2026-01-01
C009429,Kathleen,Cowan,jpatton@example.net,+1-920-718-1341,Male,1940-01-25,2023-03-04
C009430,Kayla,Anderson,amanda28@example.org,+1-706-824-3932x9093,Female,1942-07-25,2021-11-03
C009431,Monica,Lawson,hparks@example.net,+1-715-642-5759x341,Male,1945-02-28,2024-05-29
C009432,Lisa,Ortiz,ryan04@example.org,(760)806-9331,Female,1945-03-13,2023-04-18
C009433,Ann,Barnes,herringlaurie@example.org,(461)850-3423x17122,Male,1993-06-06,2021-11-19
C009434,Robert,Johnson,john60@example.net,643.474.7489,Male,1975-06-05,2025-05-01
C009435,Luke,Adams,christophertodd@example.org,+1-618-589-4744x16240,Male,1964-10-31,2023-06-23
C009436,Christopher,Stewart,christopherlarson@example.org,2012421212,Male,1953-05-21,2022-10-10
C009437,Richard,Meza,tinahorton@example.com,232-596-5670x6436,Male,1958-02-22,2023-07-30
C009438,Eric,Munoz,whitneyoconnor@example.org,(800)715-6183,Male,1949-10-14,2022-01-04
C009439,Jose,Cain,tiffanywells@example.org,001-203-856-5072x933,Female,2007-05-12,2024-02-16
C009440,Sarah,Dalton,michaelrobinson@example.net,(933)879-6535,Female,1940-02-12,2026-02-16
C009441,Diane,Lewis,murphygregory@example.com,410-354-5093,Male,1941-08-21,2026-02-19
C009442,Debra,Mendez,alejandrorivera@example.net,(489)639-8981,Male,1979-12-24,2023-02-12
C009443,Kristina,Miles,nwilson@example.org,406.405.1159x09603,Female,1964-02-05,2021-10-08
C009444,Sharon,Galloway,mendezlauren@example.com,497.895.6823,Female,1977-12-27,2026-05-16
C009445,Timothy,Middleton,pamela47@example.net,8845130624,Male,1981-05-19,2024-11-25
C009446,Jennifer,Mason,victoriahebert@example.org,945-795-0278x71245,Female,1987-07-29,2022-12-02
C009447,Kevin,Garcia,martinsean@example.org,+1-322-339-4271x306,Male,1989-05-03,2023-07-16
C009448,Christopher,Christensen,alisonhunt@example.org,(694)668-9396,Female,1936-03-23,2022-03-24
C009449,Benjamin,Stephenson,melissa37@example.org,7585187982,Female,1939-11-01,2023-05-27
C009450,Mark,Lawrence,stephanie38@example.com,+1-952-628-8076x9929,Female,1992-12-06,2022-04-19
C009451,Donna,Keller,benjamin89@example.net,001-782-358-7240x91875,Female,1957-04-15,2023-08-08
C009452,Shirley,Strickland,jessicasmith@example.net,997.571.9197x4467,Female,1975-02-23,2025-01-16
C009453,Joyce,Gonzalez,keithtroy@example.com,001-774-977-1591x17867,Male,1957-04-27,2023-03-11
C009454,Joshua,Hester,kyle24@example.com,309-873-0236x68825,Male,1937-07-27,2021-11-16
C009455,Anthony,Copeland,christopher16@example.net,+1-520-884-4946x1189,Male,1942-08-02,2025-07-27
C009456,Julian,Stevens,contrerasmichael@example.com,(790)462-7306,Female,1975-06-08,2022-06-26
C009457,Erica,Wallace,kevin91@example.net,+1-812-666-5402x32742,Male,1982-02-20,2026-01-10
C009458,Suzanne,Anderson,fkelley@example.com,5976181596,Male,1976-01-11,2023-04-22
C009459,Miranda,Payne,heathersmith@example.net,001-943-246-7879x26622,Female,1966-03-13,2021-11-19
C009460,Eric,Perez,brian66@example.org,578-248-5524x9941,Female,1947-07-31,2025-05-18
C009461,Raymond,York,smithlauren@example.org,254-592-0556,Male,1937-11-12,2023-06-21
C009462,Karen,Shea,xjohnston@example.com,+1-399-935-6999,Male,1942-05-16,2022-11-12
C009463,Kristina,Ramirez,rachel84@example.com,001-757-535-8426x0682,Male,2006-09-16,2025-06-14
C009464,Carol,Holloway,kmcclure@example.org,6755532468,Female,1993-07-21,2021-10-11
C009465,Laura,Perez,katherine48@example.net,+1-566-938-9177x424,Male,1952-05-26,2025-10-27
C009466,Daniel,Friedman,edwardsrebecca@example.com,221.424.0125x9441,Male,1998-04-21,2023-04-05
C009467,Adam,Pittman,bennettjacqueline@example.com,+1-736-403-2411,Female,1996-06-19,2021-12-23
C009468,Kristen,Taylor,bjohnson@example.org,(361)568-5854x379,Female,2001-10-06,2022-08-15
C009469,Matthew,Meza,andrew07@example.com,001-806-454-1622x552,Female,1991-03-24,2024-09-03
C009470,Debra,Hall,callen@example.com,719-547-2782,Female,1948-07-20,2024-07-16
C009471,Ryan,Cooper,amanda22@example.org,+1-999-725-9216,Male,1998-02-24,2025-07-18
C009472,Jacqueline,Hernandez,nmiller@example.com,807-431-5419x232,Female,1951-11-01,2025-11-10
C009473,Brian,Holloway,stevenneal@example.org,+1-909-800-4658,Female,1942-03-13,2022-07-21
C009474,Lisa,Hutchinson,waltersbrian@example.net,001-427-583-7372x199,Male,1949-05-01,2025-09-19
C009475,Jacob,Lambert,paulasullivan@example.net,659.869.2548x575,Female,1996-09-24,2026-01-02
C009476,Tara,Ramirez,tlopez@example.net,+1-769-319-2375x5284,Female,1941-09-22,2025-04-20
C009477,Patrick,Green,drodriguez@example.net,(910)605-0852,Male,1992-09-25,2026-02-20
C009478,Cynthia,Bush,jerry97@example.com,987-702-4650x707,Female,1959-04-21,2025-09-25
C009479,Jennifer,Carroll,meganfreeman@example.com,362-610-3193,Male,1949-01-14,2025-03-30
C009480,William,Holmes,hannahsmith@example.net,001-256-947-2240x927,Male,1951-12-08,2023-12-24
C009481,John,Green,tmunoz@example.com,(931)228-8519x0996,Female,1982-12-05,2022-12-29
C009482,Mary,Vance,alexandra20@example.com,001-441-500-2203x97808,Male,1975-02-12,2021-10-20
C009483,Renee,Erickson,jimmybrewer@example.com,531-576-2610,Female,1999-11-14,2025-10-19
C009484,Christopher,Wright,rgarner@example.org,(577)511-9313x31409,Male,1978-03-30,2025-07-02
C009485,Ryan,Nunez,reneestanley@example.net,+1-557-788-5881x67228,Female,1993-06-24,2023-06-20
C009486,Lauren,Brown,omiller@example.com,001-573-329-3571x04141,Male,1951-08-20,2024-02-14
C009487,Cameron,Whitehead,zhenderson@example.org,+1-330-974-6318x0386,Female,1973-06-29,2022-11-30
C009488,Brittany,Ray,johndickerson@example.net,(662)296-1667x855,Male,1990-02-14,2024-09-22
C009489,Susan,West,dlopez@example.org,001-562-367-2765x29602,Female,1954-09-02,2026-03-30
C009490,Nathan,Cooper,boydcody@example.org,339-746-5221,Female,1938-07-01,2023-03-15
C009491,Scott,Ortiz,briansmith@example.net,922.366.4910x564,Male,1991-08-24,2023-07-03
C009492,Brian,Miller,lisawest@example.org,(553)963-8166x64187,Female,1997-09-12,2025-06-02
C009493,Robert,Smith,allison21@example.org,+1-983-851-7449x164,Male,1981-02-25,2026-01-23
C009494,Raymond,Schultz,larrywashington@example.org,697-411-1641,Female,2004-09-26,2022-01-02
C009495,Christopher,Duke,jenniferjones@example.org,+1-377-350-3121x5583,Male,1953-03-01,2023-10-01
C009496,Billy,White,whitneymartin@example.com,+1-996-726-8455,Male,1950-12-28,2023-07-13
C009497,Christine,Goodman,popepatricia@example.com,903-929-8822x062,Male,1965-02-25,2022-07-26
C009498,Catherine,Hood,rebeccawilliamson@example.org,308-688-9040,Male,2000-01-20,2024-12-05
C009499,Rose,Turner,taylorgordon@example.org,993-466-5956x928,Male,1946-01-11,2025-01-27
C009500,Jeffery,Oconnell,rodney83@example.net,355.785.7608x794,Male,1964-07-08,2023-07-26
C009501,Michael,Winters,torresjean@example.net,+1-339-469-9274,Male,2003-03-20,2023-06-01
C009502,Courtney,Kelley,jonathanrogers@example.com,8012961613,Male,1980-02-13,2024-04-21
C009503,Stephanie,Bennett,jeffrey98@example.org,001-376-512-1265x7412,Male,1951-08-20,2021-09-24
C009504,Cristina,Hartman,dana24@example.com,434.896.5181x9130,Female,1994-11-09,2022-02-16
C009505,Justin,Gonzalez,jarvismark@example.net,+1-483-299-3391,Male,1961-12-03,2024-05-20
C009506,Amanda,Meadows,umurphy@example.net,001-623-947-3466,Female,1998-10-10,2022-04-23
C009507,Henry,Haley,dsanchez@example.org,(883)960-9664,Female,1948-06-18,2023-03-28
C009508,Bethany,Schmidt,jacobmullen@example.org,3577594882,Female,1993-09-12,2025-01-14
C009509,Hunter,Miller,winterscharles@example.org,950.360.7827x85429,Male,1939-06-22,2025-04-24
C009510,Isaac,Padilla,zhawkins@example.net,+1-216-393-1122x68662,Female,1994-01-26,2022-10-28
C009511,Oscar,Harris,erin88@example.com,398-701-0155x39018,Male,1948-12-30,2022-12-18
C009512,Melissa,Perry,kellywalton@example.net,823-328-1011,Female,1958-10-15,2026-06-13
C009513,Raymond,Burgess,brittanyjohnson@example.com,(620)952-4969x766,Male,1967-09-01,2023-11-23
C009514,Jackson,Nunez,thomaswest@example.org,(571)883-2256x50043,Female,1971-08-11,2023-05-11
C009515,Jerome,Matthews,sarellano@example.net,+1-827-316-9452x688,Male,1944-08-05,2023-10-14
C009516,Kelsey,Edwards,micheleruiz@example.org,8902962528,Male,1952-07-24,2025-02-22
C009517,Marcus,Leblanc,yriley@example.org,+1-708-343-6436x230,Male,2006-02-12,2026-05-31
C009518,Andrew,Vasquez,msanchez@example.com,+1-885-477-2638,Male,1987-11-06,2024-04-26
C009519,Rebecca,Carr,travismccormick@example.net,+1-298-784-8848,Female,1937-08-23,2026-05-19
C009520,Beverly,Miller,pjenkins@example.org,732-404-3672x10582,Female,1963-03-27,2022-12-30
C009521,Stephanie,Harrington,mberry@example.org,+1-612-408-9026x375,Male,1975-01-06,2025-10-02
C009522,Margaret,Simon,adorsey@example.net,882.533.8336x913,Male,2001-04-13,2025-02-18
C009523,Philip,Macias,kellypadilla@example.net,7038112146,Male,2004-09-13,2024-11-29
C009524,Donald,Henderson,jasonjohnson@example.net,741-748-5294x3976,Male,1943-08-28,2024-07-16
C009525,Diane,Chase,waremichele@example.net,+1-495-653-1940x06708,Male,1969-06-23,2025-05-21
C009526,Daniel,Stone,vargasashley@example.org,+1-979-789-7086x20065,Male,1943-05-18,2026-06-19
C009527,Kyle,Johnson,patrickfoley@example.org,(782)581-5113x0192,Female,1956-10-09,2025-08-15
C009528,Kimberly,Miller,phillipharrison@example.org,+1-526-421-0481x5583,Female,1979-05-08,2021-07-11
C009529,Alexander,Miller,morrisonangela@example.org,001-477-860-1262x11705,Female,1945-11-21,2025-04-06
C009530,Yolanda,Manning,ymurphy@example.org,(872)514-8658x9961,Female,2000-12-27,2025-09-23
C009531,Mariah,Dyer,david87@example.net,+1-798-776-2023x92143,Male,1957-07-11,2023-03-13
C009532,Devon,Garcia,dale06@example.org,001-867-919-3626x340,Male,1953-03-18,2022-12-26
C009533,Aaron,Spencer,debrastewart@example.net,001-680-478-3721x7607,Male,1938-05-15,2023-03-25
C009534,Shawna,Campbell,gregory47@example.net,566.880.3429,Male,1953-06-27,2021-10-24
C009535,Todd,Schroeder,aschmitt@example.org,9753344830,Female,1943-05-17,2024-06-04
C009536,Christopher,Fox,rachel80@example.org,+1-935-867-7960,Male,1963-09-04,2026-02-17
C009537,Christopher,Baker,carl67@example.com,497.539.7061,Male,1992-12-01,2026-06-10
C009538,Steven,Russell,lking@example.org,(915)219-1819x81116,Male,1939-12-11,2022-05-10
C009539,Nancy,Miller,sochoa@example.net,(350)227-8263,Male,1957-07-23,2022-09-16
C009540,Christopher,Brown,simpsonjoshua@example.net,+1-666-399-7599x9504,Male,1946-04-06,2024-04-15
C009541,Amanda,Taylor,nathan69@example.net,(474)502-1189x62253,Male,1988-08-29,2026-03-24
C009542,Lisa,Smith,pstevens@example.org,5718646031,Male,1971-10-20,2023-08-20
C009543,Fernando,Castillo,ronald01@example.org,001-234-283-6795,Male,1969-10-07,2026-05-30
C009544,Mary,Phillips,robertssean@example.net,225-500-1713x6771,Female,1989-01-02,2022-06-18
C009545,Erin,Caldwell,smithchristian@example.com,404-278-5144,Female,1950-07-24,2024-08-27
C009546,Veronica,Anderson,mary72@example.com,001-858-872-9915x5970,Male,1986-03-03,2026-07-06
C009547,Sharon,Johnston,jessicagomez@example.net,(460)531-7490x1094,Male,1996-07-04,2023-06-01
C009548,Elaine,Taylor,benjamin36@example.com,(723)230-1708,Female,1989-02-23,2024-06-02
C009549,Jimmy,Pace,marilynfigueroa@example.com,495-402-3070x423,Male,1942-03-17,2024-07-20
C009550,Russell,Guerrero,sean88@example.org,5257989941,Female,1975-12-04,2025-12-08
C009551,Kevin,Owens,kennedylisa@example.net,957.840.6613,Male,1943-12-02,2022-09-09
C009552,Heather,Perkins,parkslaura@example.org,287-367-5704x4245,Male,1949-04-24,2022-11-21
C009553,James,Blair,edgar20@example.org,920.968.7076,Female,1960-05-04,2025-07-21
C009554,Emily,Sanchez,whitesamantha@example.com,315-252-1847x4017,Male,2003-11-18,2024-04-28
C009555,Suzanne,Garcia,myerschristy@example.net,(378)773-2423,Female,1993-12-26,2025-06-03
C009556,Stephanie,Berry,davidramos@example.com,001-376-618-9038,Male,1983-06-13,2024-06-13
C009557,April,Estrada,smithmatthew@example.net,7929987708,Male,1988-06-02,2023-01-21
C009558,Michael,Smith,johnsondonna@example.org,270.264.9093,Female,1961-11-04,2026-02-20
C009559,Sara,Wilson,thoward@example.org,(801)600-5490x671,Male,2006-11-04,2022-10-27
C009560,Denise,Jimenez,larsenmary@example.org,602-712-2599x79088,Male,1956-09-13,2022-06-08
C009561,Brittany,Miles,kellyconley@example.net,989.615.5400x68624,Male,1979-09-29,2025-10-18
C009562,Keith,Browning,kellyrichards@example.com,655.897.4921x702,Male,1960-01-19,2025-02-27
C009563,Gregory,Heath,brian31@example.org,898.439.5586,Male,1978-05-20,2025-01-19
C009564,Gregory,Mullins,dgarcia@example.net,696-811-8895,Female,1955-10-02,2025-03-17
C009565,Jacob,Reynolds,kurt89@example.org,4545366039,Female,2002-07-16,2025-05-31
C009566,Audrey,Cole,tara17@example.com,749.339.7208x86928,Male,2007-03-14,2022-04-11
C009567,Scott,Callahan,hwall@example.org,500-646-3683x0879,Female,1972-12-01,2021-11-17
C009568,Patrick,Christensen,gcrane@example.com,2274614105,Female,1966-11-19,2025-07-08
C009569,Brenda,Donaldson,tsnyder@example.net,620.534.1672,Female,2004-10-05,2022-11-04
C009570,Cynthia,Kennedy,fortega@example.org,+1-855-465-1701x24220,Male,1935-12-24,2023-09-06
C009571,Donald,Goodwin,reyesgeorge@example.net,6933859270,Male,1998-08-02,2024-08-22
C009572,Brandon,Clark,christina67@example.org,001-737-414-7119,Male,1963-11-02,2024-08-22
C009573,Rebecca,Dalton,oscarlopez@example.com,+1-443-263-3910,Male,1958-11-10,2023-08-22
C009574,Emily,Martinez,ambernelson@example.org,+1-566-829-2303,Male,1993-11-14,2022-03-13
C009575,Richard,King,scottariana@example.org,(807)843-8476x163,Male,1955-05-24,2024-09-02
C009576,Terrence,Conrad,valenciacarol@example.com,001-893-435-9854x7068,Male,1953-02-18,2025-03-31
C009577,Amanda,Shaw,ftran@example.com,607-734-0251x6980,Male,1998-06-18,2026-04-25
C009578,Paula,Woods,albert28@example.com,001-393-652-5166x37514,Female,1993-06-20,2023-07-10
C009579,Dylan,Schroeder,floresgeorge@example.org,415-580-9779x0736,Male,1938-12-27,2026-05-22
C009580,Andrea,Lynn,mgarcia@example.com,310.716.9822,Male,1944-12-14,2024-12-02
C009581,Laura,King,dtran@example.org,788-308-1441,Female,1950-02-02,2024-10-22
C009582,Sylvia,Patterson,yrodriguez@example.org,359.368.0373x415,Male,1942-05-04,2024-10-21
C009583,John,Jones,chad22@example.net,835-603-8903x24942,Female,1974-09-21,2021-11-27
C009584,Sandra,Gibson,mkennedy@example.org,2153028893,Male,1985-12-24,2026-06-29
C009585,Christina,Gross,xsolis@example.com,8553231391,Male,1999-05-26,2024-01-18
C009586,Christine,Campbell,jared55@example.net,713.754.7123x651,Male,1994-08-07,2022-05-12
C009587,Julia,Lopez,yatesstacie@example.net,(252)996-5906,Female,1975-12-18,2025-02-15
C009588,John,Jones,gblanchard@example.net,434.609.9858,Male,1945-05-30,2022-01-22
C009589,Alexa,Anderson,elizabeth11@example.com,803-232-8666,Female,1975-05-20,2021-09-11
C009590,Kevin,Robinson,jenniferhancock@example.com,(751)620-1413x46779,Male,1976-03-12,2026-06-30
C009591,Patricia,Hayes,nguyennathaniel@example.org,001-456-636-4873x8678,Female,1944-05-20,2024-08-29
C009592,April,Lopez,cheryl08@example.org,228-804-5054x177,Male,1977-01-13,2023-04-24
C009593,Phyllis,Fox,ffoster@example.net,899-269-2720,Male,1960-12-26,2021-12-17
C009594,Cheryl,Johnson,sellersaustin@example.org,001-549-450-5102x649,Female,1980-06-08,2023-03-22
C009595,Cory,Rogers,madison24@example.net,(250)949-3625x423,Male,1979-01-11,2022-05-19
C009596,Andrea,Gibson,maryaguilar@example.com,+1-300-424-3949x629,Female,1976-02-23,2023-02-20
C009597,Jacob,Herrera,annettematthews@example.org,914-871-8385x358,Female,1953-01-06,2023-05-18
C009598,Laura,Weaver,gcarrillo@example.com,001-679-753-1085x12587,Female,1951-09-03,2024-05-31
C009599,Reginald,Leblanc,deborah86@example.org,(711)355-3433x4468,Female,1950-04-10,2025-06-30
C009600,Danny,Jones,hughesmaria@example.net,001-355-785-3677x5742,Female,2008-01-12,2022-03-05
C009601,Joshua,Lynn,monroebarbara@example.org,276-380-9033x95111,Male,1943-01-04,2022-12-14
C009602,Kimberly,Alexander,taustin@example.net,266.651.3508x9822,Female,1989-06-01,2023-04-04
C009603,Deborah,Ramirez,amy36@example.com,8356721512,Female,2003-08-21,2021-12-25
C009604,Michael,Blankenship,hebertgerald@example.org,+1-766-691-9863x63987,Male,1978-06-29,2025-10-22
C009605,Robin,Silva,kevin14@example.net,(829)254-3566,Male,1973-10-12,2022-01-30
C009606,Amanda,Archer,johnsonshannon@example.com,4096916830,Male,1980-12-07,2021-11-13
C009607,Melody,James,perrytravis@example.net,+1-694-577-5324x619,Male,1955-02-25,2025-03-19
C009608,Jessica,Chen,pwinters@example.net,001-746-343-1806x253,Male,1993-03-18,2025-02-11
C009609,Monica,Goodman,kingcathy@example.com,467-452-8082x678,Female,1947-12-21,2023-11-26
C009610,Traci,Thomas,msanchez@example.com,+1-717-558-4783,Male,1952-09-27,2023-09-26
C009611,Hayden,Walker,sherrysmith@example.com,001-307-297-8068,Female,1995-02-07,2026-02-12
C009612,Amanda,Burton,cooperrodney@example.com,915-622-0649x851,Male,2002-12-24,2025-01-02
C009613,Kyle,Dean,pwebster@example.com,+1-284-343-2139x9844,Female,2006-03-01,2023-01-29
C009614,Anthony,Vang,andrewslauren@example.org,+1-440-729-5059x90837,Female,1972-04-29,2025-02-07
C009615,Derrick,Reeves,beckydavidson@example.net,(252)489-0958x868,Female,1951-11-28,2023-06-06
C009616,Timothy,Thomas,kaitlin76@example.org,(925)601-2079x2381,Female,1969-01-05,2024-09-14
C009617,Samantha,Leblanc,cabrerachristine@example.org,758.826.6493x8026,Female,2000-02-18,2026-03-14
C009618,Sonya,Mitchell,uallen@example.com,+1-360-948-8220,Female,1998-07-15,2023-03-29
C009619,Matthew,Long,oking@example.org,745-672-8709,Female,1949-08-30,2026-03-15
C009620,Jose,Hernandez,dbush@example.org,575-591-3362,Male,1958-10-14,2026-01-03
C009621,Brian,Robinson,ellismatthew@example.com,(579)681-5678,Female,1936-11-09,2021-08-24
C009622,Jennifer,Simmons,leslieconway@example.net,+1-655-305-7508x94787,Male,1947-02-03,2023-02-14
C009623,Kirk,Bond,pereznatalie@example.org,+1-834-258-1340x419,Female,1984-01-11,2026-03-21
C009624,Donald,Moreno,bhuang@example.com,364.216.9743,Male,1973-05-18,2025-05-23
C009625,Kevin,Singh,michaelbryant@example.net,578.454.0689x02763,Female,1987-08-24,2021-11-27
C009626,Haley,Page,phernandez@example.org,663.740.0360,Female,1962-04-07,2025-06-02
C009627,Elizabeth,Simpson,hbecker@example.com,670.370.4105x65663,Female,1990-05-27,2024-01-08
C009628,Cody,Maldonado,qhoffman@example.com,+1-693-820-0984x55326,Male,1982-09-02,2023-10-01
C009629,Patrick,Cole,emily82@example.com,356.906.1965x0312,Female,1983-04-24,2025-08-10
C009630,Felicia,Martinez,nicholasswanson@example.net,001-764-436-9810x0033,Female,1956-03-22,2026-02-28
C009631,Joshua,Massey,xwilson@example.com,327-644-4095x5392,Male,2005-05-25,2025-08-30
C009632,Vanessa,Brown,owenskenneth@example.org,375.330.1234,Male,1956-01-26,2023-07-02
C009633,Randy,Vega,ssnow@example.com,7774796392,Female,1966-07-31,2023-04-11
C009634,Ariel,Ruiz,markgoodwin@example.net,282.914.7219x625,Male,1996-11-29,2024-04-27
C009635,Ruth,Owens,priceamanda@example.org,5595118544,Female,2003-06-21,2024-04-18
C009636,Brandi,Lopez,vwheeler@example.com,+1-282-759-4790x667,Male,1985-01-05,2023-06-25
C009637,Christopher,Martinez,isnyder@example.com,+1-297-769-4816x65287,Female,1952-06-16,2023-06-15
C009638,Katherine,Ruiz,kevindavis@example.org,418.216.9893x5730,Male,1999-07-18,2022-07-11
C009639,Claudia,Stephens,david91@example.com,(361)335-8773,Female,1951-10-11,2024-02-21
C009640,David,Evans,rebecca63@example.org,6764331929,Male,1953-06-20,2022-09-22
C009641,Daniel,King,aprilvaldez@example.net,+1-225-722-1004,Female,1973-03-26,2022-12-12
C009642,Lauren,Hubbard,samantha49@example.net,399.716.6644,Female,2002-09-24,2026-05-10
C009643,Jacob,Norton,allison35@example.org,855-810-2503x414,Female,1969-04-01,2025-09-20
C009644,Benjamin,Pollard,johnbanks@example.net,493-920-7527x305,Female,1973-08-15,2024-06-21
C009645,Melissa,Miller,tanderson@example.com,796.587.2770x36566,Female,1953-01-19,2026-05-18
C009646,Jennifer,Banks,james84@example.com,+1-708-946-7517x71671,Female,1937-08-07,2022-09-19
C009647,Caitlin,Vaughan,fmurray@example.org,(388)749-5684x22269,Female,1961-05-21,2023-03-18
C009648,Debra,Hanson,eddiesmith@example.org,302.776.5923x9615,Male,1988-08-17,2022-07-26
C009649,Jacob,Sandoval,ypatel@example.com,001-788-417-9450x97344,Female,1959-03-07,2023-06-02
C009650,Lauren,Elliott,raymond44@example.org,001-821-692-0881x823,Male,1936-08-29,2023-05-24
C009651,Matthew,Wilkerson,amy04@example.org,001-875-444-4591,Male,1977-11-03,2021-11-10
C009652,Katherine,White,baileyeric@example.com,938.300.7774x4672,Female,1986-11-28,2023-12-15
C009653,Kristopher,Rice,ogonzalez@example.org,296-596-1051,Male,1946-09-21,2024-03-26
C009654,Lisa,Stanley,timothyblackburn@example.org,(793)402-6293,Male,1964-08-01,2025-10-10
C009655,Katie,Ashley,uanthony@example.net,(275)825-0720,Male,1957-01-29,2022-04-12
C009656,Anthony,Gomez,ccline@example.org,907.574.0791,Male,1962-04-16,2022-10-23
C009657,Emily,Beltran,joelcooper@example.com,+1-325-281-6291x642,Female,1957-09-02,2024-04-19
C009658,Jillian,Hall,karenhill@example.org,(254)745-5905,Male,1946-02-24,2024-04-07
C009659,Ashley,Fischer,shelleywood@example.org,471.660.5065x8933,Male,1952-09-20,2023-06-25
C009660,Matthew,Ross,ejones@example.org,(646)366-3964x968,Female,1987-01-19,2024-08-10
C009661,Todd,Meyer,hudsonmatthew@example.net,(875)326-3776x018,Female,1995-03-16,2022-10-14
C009662,Craig,Peck,jay77@example.com,892-811-1542x4592,Female,2005-10-26,2021-09-28
C009663,Samuel,Simmons,youngthomas@example.com,(482)478-2768x76263,Male,1957-02-26,2025-01-29
C009664,Ashlee,Fuller,kelly18@example.net,605-631-6316x6580,Female,1992-02-10,2024-11-04
C009665,Lindsey,Morrison,john68@example.org,834.923.8144,Male,1948-01-01,2023-03-02
C009666,Chad,Harvey,virginia16@example.org,+1-242-229-6948x8458,Male,1962-02-21,2023-06-13
C009667,Frederick,Hernandez,donaldedwards@example.net,(377)671-5985,Female,1953-05-03,2025-08-02
C009668,Daniel,Gonzalez,luke42@example.org,233-842-2951x2645,Female,1999-12-16,2022-08-24
C009669,Caitlyn,Hansen,denisefisher@example.net,(901)250-0881x9306,Female,1982-07-15,2022-08-30
C009670,Michelle,Mccarthy,barnettdavid@example.com,+1-705-358-1746x895,Male,1962-09-27,2023-01-27
C009671,Brian,Miller,xmitchell@example.com,+1-782-802-8470x4684,Female,1959-04-14,2025-05-09
C009672,Emily,Benson,sandra57@example.org,(624)920-3107x0299,Female,1979-06-11,2025-11-19
C009673,Chelsey,Oneill,johnsoncody@example.org,8705998259,Female,1938-08-20,2025-10-01
C009674,Valerie,Garcia,keithrodney@example.net,(561)877-1560,Male,1953-01-04,2022-04-14
C009675,Susan,Santiago,bakerrhonda@example.org,743-251-3361x4389,Male,2004-12-05,2022-12-14
C009676,David,Colon,mathisbobby@example.com,(590)436-7903x0826,Female,2004-09-04,2023-03-30
C009677,Brenda,Myers,cgonzales@example.com,4864632919,Male,1978-09-12,2025-12-21
C009678,Katie,Stanley,clinton23@example.com,744-928-9301x68544,Male,1944-02-02,2024-04-11
C009679,Cassandra,Leonard,mbrown@example.com,620.842.5630x77725,Female,1972-01-22,2021-09-21
C009680,Jennifer,Waters,marydoyle@example.net,926.742.5469x6774,Female,2006-04-22,2024-03-02
C009681,Jorge,Paul,jamesbarnett@example.org,484.973.4738,Female,1950-05-18,2022-11-07
C009682,Emily,Hunter,gerald76@example.org,001-414-768-4499x87157,Female,1963-04-28,2022-01-28
C009683,Cody,Steele,lauragarcia@example.net,803-466-4773x8942,Female,1979-05-26,2024-06-21
C009684,Michael,Gentry,tlambert@example.net,(209)859-7145,Female,1944-07-28,2026-04-02
C009685,Angela,Stewart,luisfernandez@example.com,578-348-8023x6191,Male,1962-09-17,2022-03-20
C009686,Philip,Mcdowell,alexandermatthew@example.org,(280)742-0486,Female,1999-04-05,2023-07-31
C009687,Lisa,Mills,kathleen26@example.net,001-407-631-6556,Female,1957-05-02,2024-11-23
C009688,Jennifer,Burke,robinsontodd@example.com,257-530-8147,Male,1973-12-28,2025-09-11
C009689,Jacqueline,Robinson,mmiller@example.com,993-401-3434,Female,1948-01-28,2023-10-19
C009690,Samantha,Jones,kristinabell@example.com,(530)268-0218,Female,1997-01-19,2026-05-18
C009691,Jacqueline,Christian,tenglish@example.net,2455003171,Male,1982-03-24,2023-07-07
C009692,Brooke,Mendez,tinaeverett@example.org,001-519-699-1870x5534,Male,1951-04-01,2022-12-24
C009693,Gregory,Thompson,jenniferoconnor@example.org,+1-372-324-3666x02026,Female,1964-09-22,2025-04-23
C009694,Veronica,Thomas,timothy46@example.net,934.658.8356,Male,1942-04-05,2022-06-19
C009695,Tracie,Webb,sherri90@example.com,+1-913-696-4042x351,Male,1968-07-26,2023-09-10
C009696,William,Black,ulyons@example.net,309.505.5806x73392,Female,2005-12-02,2024-12-27
C009697,Eric,Ingram,tnicholson@example.net,220.842.2700x676,Female,1959-04-30,2024-07-05
C009698,Courtney,Hicks,pagegregory@example.com,3793224664,Male,2005-10-02,2025-04-05
C009699,Matthew,Moody,tfowler@example.com,923-415-8570x59719,Male,1979-12-27,2022-10-24
C009700,Dawn,Taylor,manningcatherine@example.org,001-563-432-5548x305,Female,1972-04-17,2024-03-29
C009701,Denise,King,maria58@example.com,264-942-4619,Female,1958-02-05,2022-03-28
C009702,Brian,Brewer,dylan25@example.com,(981)355-8038x6881,Male,1965-08-21,2025-06-09
C009703,Elijah,Long,alexis88@example.org,267.920.6743x4517,Male,1978-02-12,2025-07-31
C009704,Jacqueline,Owens,haydenrichards@example.com,+1-459-527-5126,Female,1965-12-17,2022-10-16
C009705,Michael,Larson,lisa06@example.com,001-242-370-1679,Male,1937-06-24,2023-03-02
C009706,Diane,Ward,alan34@example.org,+1-522-542-6550x3167,Male,2002-04-27,2023-09-02
C009707,Kristen,Smith,uwinters@example.org,+1-301-718-1248x5112,Female,1945-07-31,2023-03-17
C009708,Anthony,Robinson,carriefigueroa@example.com,(468)682-8749x987,Male,1995-11-09,2021-09-16
C009709,Amanda,Day,brownrobert@example.org,001-386-682-0283x449,Female,1959-08-18,2022-05-23
C009710,Joshua,Williams,ishaffer@example.com,(873)922-7049x20851,Male,1940-04-14,2022-04-01
C009711,Christopher,Walker,jennifer21@example.net,848-592-8446,Female,1981-03-07,2025-11-17
C009712,Nathaniel,Martinez,beth71@example.com,+1-996-984-1026,Male,1965-01-22,2025-02-03
C009713,Jenny,Davis,rosalessteven@example.org,+1-608-223-8974x917,Male,1983-11-15,2024-11-30
C009714,Timothy,Ellis,melissagomez@example.org,+1-435-967-6637x4594,Female,1972-05-22,2022-09-14
C009715,Ronnie,Pena,davidrandall@example.com,388.424.9641,Male,1973-12-15,2022-08-27
C009716,Mary,Bishop,maldonadopriscilla@example.org,001-625-713-0678x49219,Male,1939-02-16,2024-02-10
C009717,Carlos,Watkins,douglas93@example.org,(428)399-0896,Male,1996-04-08,2022-08-13
C009718,Cindy,Nguyen,skelley@example.net,428.726.1448x38021,Female,1964-07-23,2023-10-08
C009719,George,Martinez,garcialaura@example.net,568-416-5951x94230,Female,1946-05-24,2026-01-01
C009720,Kerri,Miller,walkerhector@example.net,627-362-1119x105,Female,1961-08-26,2022-05-03
C009721,Scott,Rogers,rebecca90@example.com,255.774.1613x0294,Male,1941-09-30,2024-02-18
C009722,William,Richards,marissa92@example.com,(578)837-1311x62560,Male,2004-09-23,2025-09-29
C009723,Robert,Allen,jamesgonzalez@example.org,473.486.9369x46593,Female,1994-08-15,2023-05-02
C009724,Brandon,Fowler,joneal@example.net,992-572-1960x91895,Female,1988-03-14,2024-03-09
C009725,Aaron,Lee,danielle66@example.net,+1-317-484-2994,Male,2001-03-24,2022-10-01
C009726,Kathleen,Ellis,danielcannon@example.com,+1-882-364-9745x89287,Male,1963-11-25,2026-06-12
C009727,David,Sanchez,simstroy@example.net,270.308.6825,Female,2005-04-09,2021-11-29
C009728,Michael,Roberts,richard55@example.com,985-985-1687,Male,1960-03-01,2024-05-24
C009729,Carol,Adkins,joanmoran@example.com,+1-971-922-4522,Male,2003-09-20,2024-10-30
C009730,Ashley,Wilson,mbarnes@example.com,001-920-788-6737x58462,Male,1955-12-06,2025-07-25
C009731,Michelle,Miller,rlopez@example.net,320.515.2802x579,Female,1963-10-22,2025-12-18
C009732,Denise,Jackson,perezwesley@example.com,+1-474-298-8137x530,Female,1950-06-22,2025-10-31
C009733,Misty,Ross,kimberly55@example.com,489.220.7642,Female,2007-03-30,2023-09-28
C009734,Austin,Hall,steven61@example.net,+1-508-321-2735x06428,Male,1966-01-20,2021-10-30
C009735,Rebecca,Scott,amandawise@example.org,(355)851-1891,Female,1971-12-24,2024-07-28
C009736,Frank,Young,stephendean@example.net,+1-854-312-3943x773,Male,1948-04-29,2025-10-13
C009737,Jon,Shaw,ericacarrillo@example.org,(832)247-8333,Female,1963-06-10,2025-12-08
C009738,Thomas,Lopez,mckinneytiffany@example.com,001-672-877-9784x21678,Male,1983-06-25,2024-11-02
C009739,Miguel,Boyd,lewisleah@example.org,6023676106,Female,1951-07-20,2024-04-28
C009740,Matthew,Lee,howardanderson@example.com,726-249-9325,Male,1978-01-30,2022-01-04
C009741,Matthew,Rodriguez,paul62@example.org,2027014729,Female,1996-05-26,2023-12-29
C009742,Heather,Wright,jamiemoore@example.org,885-461-8794x4274,Male,1958-07-04,2022-10-04
C009743,Jacob,Huff,brian34@example.com,(977)874-0808x068,Male,1990-01-20,2022-12-30
C009744,Charles,Aguirre,thomasjennifer@example.net,001-991-682-0467,Female,1978-10-06,2023-10-07
C009745,Peter,Nichols,jonathan31@example.org,264-978-5661x2258,Male,1973-11-13,2026-02-25
C009746,Cheryl,Rodriguez,sanchezpatrick@example.org,+1-411-792-3898x456,Female,1952-01-01,2023-05-03
C009747,David,Herrera,eparker@example.com,+1-292-575-3890x7825,Male,2007-01-18,2023-01-16
C009748,Larry,Newton,oharris@example.org,7268089910,Male,1973-04-25,2024-08-02
C009749,Jessica,Cruz,mcbridedavid@example.net,2322194745,Female,1973-04-27,2023-08-06
C009750,James,Ortiz,joshuapage@example.net,+1-860-908-1535x4078,Male,1960-09-24,2025-05-04
C009751,Sarah,Perez,lopezevelyn@example.net,+1-339-552-3214x33612,Male,1961-07-26,2025-02-10
C009752,Karina,Arnold,epena@example.com,3664918966,Male,2006-07-10,2026-03-14
C009753,Dominique,Moore,jessica09@example.org,(294)301-3431,Female,1984-07-20,2022-08-17
C009754,Vincent,Miller,alexanderchristopher@example.org,(252)694-5629,Female,1952-03-02,2024-03-01
C009755,Manuel,Thomas,andrewmckenzie@example.com,001-421-290-9671x24108,Male,1979-10-23,2024-11-22
C009756,Larry,Turner,rharrington@example.com,+1-956-829-0341,Female,1970-06-04,2023-12-12
C009757,William,Perez,sabrina19@example.org,697-519-8967x67324,Male,1977-12-28,2024-06-15
C009758,Jason,Cook,tscott@example.net,+1-548-886-0257x39256,Female,1941-02-10,2022-09-27
C009759,Cassandra,Mcconnell,kirsten97@example.com,9504498341,Female,1950-02-16,2022-04-29
C009760,Matthew,Rocha,marcuscook@example.net,+1-398-890-5134,Female,1955-11-18,2024-06-26
C009761,Garrett,Mills,scameron@example.com,+1-786-326-7188,Female,1946-06-18,2025-04-05
C009762,Joshua,Sloan,juanbutler@example.org,349.779.1844,Female,1950-03-06,2024-11-10
C009763,Austin,Haynes,badams@example.com,+1-996-418-2749x27158,Male,1993-07-22,2022-09-21
C009764,Jose,Cline,grossmelissa@example.org,798.207.0735x969,Female,1984-06-15,2022-10-10
C009765,Jose,Lopez,epugh@example.net,6159541442,Female,1987-04-29,2025-05-18
C009766,Jessica,Maldonado,xhouston@example.net,390-372-7552x4607,Female,2004-04-05,2023-10-17
C009767,Laurie,Thompson,terrenceaustin@example.com,001-361-511-6048x735,Female,1938-06-28,2021-09-17
C009768,Victor,Lewis,johnochoa@example.net,757-869-4140x05923,Female,1939-02-07,2022-06-29
C009769,David,Smith,caitlincole@example.org,+1-390-828-1551,Male,1991-11-15,2022-12-05
C009770,Cody,Roberts,katherineblake@example.com,366.516.0044,Female,1954-12-20,2024-04-04
C009771,Jessica,Jones,jburton@example.com,780.789.9679x69936,Female,1986-11-07,2021-12-17
C009772,Cathy,Allen,penningtonwilliam@example.com,001-785-840-9164,Male,1992-03-23,2025-10-30
C009773,Cody,Avila,brooke91@example.com,646.221.3289x6430,Female,1984-12-30,2025-08-25
C009774,Jeffery,Jordan,hernandezrobert@example.com,001-281-867-1149,Female,1960-06-12,2023-10-02
C009775,James,Garcia,anna84@example.com,724-946-5448x5271,Male,1945-03-26,2024-04-18
C009776,Penny,Kramer,christophersimpson@example.org,6364225174,Male,1983-11-27,2022-10-20
C009777,Tammy,Peters,eorozco@example.org,(366)754-9051x26252,Male,1997-06-09,2025-07-14
C009778,Troy,Suarez,jenniferjordan@example.net,(567)840-1704x604,Female,2001-11-12,2025-11-06
C009779,Brittney,Hanson,catherine25@example.net,3058125113,Male,1997-09-01,2026-03-16
C009780,Dylan,Osborne,mckayanthony@example.com,673.314.8989x851,Female,1976-04-29,2024-01-29
C009781,Stacy,Villanueva,velazquezjohn@example.org,624-505-5849x2890,Female,1984-02-04,2026-06-30
C009782,Kathleen,Lopez,hernandezjessica@example.org,(514)771-4774,Female,1976-09-09,2025-01-02
C009783,Heather,Davis,eric65@example.org,982-539-9918,Female,1951-10-30,2022-10-20
C009784,Cristian,Sheppard,smithsara@example.org,4704936366,Male,1966-04-23,2025-09-26
C009785,Jeffrey,Berry,leahross@example.net,+1-541-700-7415,Male,1974-01-17,2024-03-20
C009786,Amy,Williams,danielsfrank@example.com,(216)495-9878x29874,Male,2005-02-16,2022-04-12
C009787,Joseph,Strickland,richardwilson@example.net,001-285-789-6398,Male,1953-03-29,2022-04-30
C009788,Lynn,Daniels,andersonbrooke@example.net,001-992-618-0627,Female,1946-04-15,2024-03-26
C009789,Dennis,Jones,jonathon65@example.org,001-411-562-0457x579,Female,1939-11-13,2025-12-10
C009790,James,Davis,mhoward@example.com,(792)747-2674,Male,2004-06-20,2023-02-04
C009791,Lindsey,Sutton,cummingsandrew@example.org,+1-468-472-9742,Male,1951-07-07,2024-07-02
C009792,Joshua,Smith,udavenport@example.org,(307)648-6542x57642,Male,1958-05-28,2024-09-03
C009793,Larry,Williamson,pattersondonald@example.org,001-340-596-0745x7364,Female,2006-09-02,2025-08-09
C009794,Joyce,White,justinsmith@example.net,+1-741-771-4796x6787,Female,2004-07-20,2023-01-12
C009795,Maria,Curtis,sheila91@example.net,001-332-996-9210x17792,Female,1938-05-08,2025-12-12
C009796,Katrina,Rodriguez,mkaufman@example.org,(227)872-5218x8586,Female,1984-12-06,2023-12-19
C009797,Christopher,Brown,phamandrew@example.org,+1-731-354-6281x438,Male,1943-07-08,2025-04-30
C009798,Cristina,Wilson,bryangeorge@example.com,780-577-6831,Male,2000-11-30,2022-12-30
C009799,Jessica,Pierce,leslie96@example.org,+1-766-588-2836x12573,Female,1978-02-26,2022-01-18
C009800,Karen,Reed,qbishop@example.org,+1-281-889-6997x846,Male,1985-12-08,2025-05-28
C009801,Derrick,Hodges,boonetara@example.com,(846)999-7061x76314,Female,1982-04-12,2022-02-15
C009802,Sharon,Hernandez,donna64@example.org,438-359-5620,Female,1940-12-17,2023-07-10
C009803,Natasha,Miller,lisahickman@example.org,2592071269,Male,1977-12-17,2021-12-22
C009804,Michael,Rivers,crawfordisabel@example.com,546-981-7285x07366,Male,1997-01-31,2025-10-05
C009805,Terry,Gonzales,mcguirestephen@example.org,(895)799-4622x782,Female,1981-09-04,2024-05-15
C009806,Jessica,Martin,kelly15@example.org,001-594-565-6371x48109,Female,1966-03-07,2024-01-28
C009807,Hannah,Barber,williamskevin@example.com,+1-774-447-0708x880,Female,2006-08-15,2025-05-31
C009808,Mary,Johnston,ywilliams@example.org,315.626.6511,Male,1968-01-15,2023-02-28
C009809,Marie,Chambers,qjohnson@example.org,001-339-820-0166,Female,1941-02-13,2023-08-27
C009810,Kevin,Smith,cirwin@example.com,851-355-2391x5606,Male,1955-07-06,2024-09-30
C009811,Luis,Navarro,llee@example.net,237-930-7895,Female,1965-01-22,2025-07-05
C009812,Jackie,Haynes,christopherlucas@example.org,+1-253-233-2661,Female,1977-09-10,2026-01-30
C009813,Matthew,Anderson,vclark@example.net,(499)423-1781x2384,Female,1990-05-31,2022-08-04
C009814,Joshua,Davis,novakpedro@example.org,254.688.4137x80895,Male,2003-12-20,2025-06-20
C009815,Hunter,Lawrence,turnerjames@example.net,597.222.1819x910,Male,1987-05-25,2021-07-27
C009816,Timothy,Morgan,andre25@example.org,001-210-736-0036,Female,1953-11-25,2021-11-26
C009817,Emily,Thomas,williamsonjoseph@example.org,001-708-639-8715x36359,Female,1978-10-18,2025-10-01
C009818,William,Ward,jasminearroyo@example.net,843-829-1362x33635,Female,1971-05-08,2023-02-13
C009819,Anthony,Conley,micheal82@example.com,(390)731-6439x4295,Female,1978-06-19,2022-05-14
C009820,Tamara,Miller,lisa56@example.com,859-922-6033x554,Male,1961-04-20,2021-08-22
C009821,Deborah,Li,daniel70@example.com,(870)741-5552x82260,Male,1941-06-25,2021-12-24
C009822,Timothy,Callahan,christianstone@example.org,001-407-830-3083x1711,Female,1941-05-04,2023-05-20
C009823,Jason,Johnson,obutler@example.org,001-531-607-9337x8423,Female,1977-12-03,2023-09-03
C009824,Michael,Carter,luke40@example.com,001-946-611-3352,Female,1942-04-19,2026-03-26
C009825,Ryan,Thornton,ocruz@example.net,5775490278,Female,1984-07-01,2023-05-29
C009826,Mackenzie,Higgins,antoniocasey@example.com,797.739.8336x51269,Male,1988-11-08,2024-04-21
C009827,Monica,Daniel,robert12@example.net,+1-551-902-7394x634,Female,1978-09-23,2023-04-24
C009828,Blake,Dean,herringhannah@example.org,(258)624-2220,Female,1998-09-17,2023-11-21
C009829,Angela,Murphy,royshepherd@example.org,001-236-963-0452x89205,Male,2006-07-16,2026-06-17
C009830,Clayton,Kramer,trujillodouglas@example.net,353.580.9056x942,Female,1999-07-30,2024-07-27
C009831,Kent,Briggs,glong@example.net,+1-547-878-6135x02828,Female,2005-06-21,2024-04-11
C009832,Richard,Moore,kristopherperez@example.org,414-808-0972,Female,1945-10-01,2024-10-23
C009833,Stephanie,Walters,hsloan@example.org,850-729-0102,Female,2005-10-10,2023-06-27
C009834,Angela,Durham,michaelkerr@example.org,221.229.5880x7644,Female,1981-09-29,2024-11-27
C009835,Nicole,Hines,caleb75@example.net,462-625-2160x2218,Male,1943-06-11,2024-09-30
C009836,Bradley,Williams,sandrawells@example.net,+1-734-466-5591,Male,1961-06-24,2022-10-19
C009837,Michele,Valdez,reyessteven@example.net,842.586.6533,Female,1961-08-21,2024-12-30
C009838,Tracy,Smith,rachael21@example.org,+1-507-473-0699,Female,1937-05-29,2022-08-01
C009839,Ashley,Gibbs,christopher58@example.org,001-914-269-1457x6432,Female,2000-06-12,2023-04-10
C009840,Catherine,Gibson,rbell@example.com,832.439.3448x82301,Female,1975-09-01,2025-08-12
C009841,Sean,Reid,rsmith@example.org,569-548-8888x18577,Male,1942-01-11,2023-09-20
C009842,Victoria,Weeks,petersonkerri@example.com,368-706-1961,Female,1984-08-11,2024-12-24
C009843,Rebecca,Knight,gwoods@example.net,834.689.0491x091,Female,1995-06-16,2024-03-18
C009844,Kimberly,Allen,andrew15@example.org,(722)710-8846x59328,Male,1962-12-28,2023-11-20
C009845,Crystal,Hall,zadams@example.org,8366716169,Female,2003-05-09,2023-04-27
C009846,Christopher,Holt,ross59@example.com,+1-523-486-5720x88213,Male,1940-02-02,2024-08-31
C009847,Ariana,Ponce,jturner@example.org,947-422-5765,Female,2006-04-19,2024-06-03
C009848,Debra,Jackson,elizabeth34@example.org,555.621.9174,Male,2000-08-16,2023-03-25
C009849,Larry,Soto,kathrynjefferson@example.net,914-912-7922,Female,1995-11-21,2021-12-09
C009850,Stacy,Green,ffox@example.org,534-438-7591,Female,1966-03-17,2022-06-08
C009851,Sarah,Washington,diane29@example.net,(276)827-8974x036,Female,1982-10-12,2024-11-22
C009852,Johnathan,Mcdonald,walkerlauren@example.net,(788)673-8310x18003,Male,1968-03-06,2024-08-05
C009853,Susan,Thompson,eric89@example.org,513.395.9507x7752,Female,1983-07-19,2022-03-28
C009854,Ricky,Jones,jeffery75@example.com,(369)338-5913x506,Male,1967-02-08,2023-04-07
C009855,Paul,Mason,eharrison@example.com,574.238.6931x0015,Male,1983-08-23,2022-08-14
C009856,Rebecca,Jefferson,vaughnsteven@example.org,6792747218,Female,1961-04-01,2023-03-06
C009857,Leonard,Alvarez,laurenbaker@example.org,687.740.9254,Male,1984-07-30,2024-12-12
C009858,Nicholas,Anderson,pgill@example.com,(863)518-7014,Female,1936-03-20,2022-11-06
C009859,Wayne,Dunn,landerson@example.org,627.653.8976,Female,1955-03-11,2025-06-04
C009860,Jennifer,Taylor,dellison@example.net,639.213.8746x3551,Male,1982-11-08,2023-03-16
C009861,James,Bates,sknight@example.com,944.945.4328x382,Male,1980-04-01,2025-08-05
C009862,Frank,Pratt,llee@example.net,419.644.9945,Male,1936-06-20,2026-03-02
C009863,Ashlee,Tucker,lauren22@example.com,961-781-3871x75098,Male,1947-12-17,2022-07-13
C009864,Joshua,Pennington,brettharris@example.org,001-833-592-0118x643,Female,1983-02-10,2023-11-07
C009865,Anna,Gallagher,juan42@example.net,322-602-9880x31826,Female,1939-07-17,2026-03-13
C009866,Amy,Diaz,scottholly@example.net,001-716-204-4957x74159,Female,1994-08-08,2022-06-19
C009867,Sherry,Wright,rcombs@example.net,001-833-718-4053x90807,Female,1953-01-01,2026-06-03
C009868,Rebecca,Smith,youngstacy@example.net,(294)570-8125x440,Female,1971-04-19,2023-05-13
C009869,Sarah,Pittman,traci68@example.com,001-940-467-7265x0184,Female,1963-01-25,2025-03-05
C009870,Jason,Walker,jennifergross@example.org,001-387-254-2979x813,Female,1955-08-17,2026-01-19
C009871,Rhonda,Kane,kennedyshannon@example.com,(271)292-0918x17680,Male,1998-01-09,2025-05-31
C009872,Christian,Wagner,veronica75@example.org,001-509-873-0127x5151,Male,1994-08-23,2021-12-26
C009873,Aimee,Rodriguez,kentjoshua@example.net,705-446-2683x5870,Male,1942-09-28,2026-01-28
C009874,Katherine,Morris,michele33@example.net,976.780.0053,Female,1939-09-19,2023-01-06
C009875,Robert,Ramirez,whitneywillis@example.org,6827802640,Female,1989-08-04,2025-02-02
C009876,Michelle,Johnson,lewisbrian@example.org,+1-617-532-1511,Male,1957-07-27,2025-07-25
C009877,Brittany,Summers,crodriguez@example.com,476-955-3915x53612,Female,2000-01-04,2022-05-30
C009878,Denise,Davidson,jacqueline14@example.net,617.972.0531x12661,Male,1946-07-17,2021-08-02
C009879,Lauren,Perry,meredith55@example.org,(656)241-1595x3885,Male,1982-03-03,2022-08-28
C009880,Belinda,Lopez,lawrenceanderson@example.com,+1-220-336-1576,Female,1952-10-13,2022-12-02
C009881,Karen,Lewis,ggibson@example.com,+1-824-329-3732x8026,Female,1983-03-24,2026-06-21
C009882,Christopher,Rodriguez,amandareese@example.net,253.563.7751,Male,1957-03-06,2023-03-20
C009883,Crystal,Luna,angelabrooks@example.net,+1-951-946-5538x0673,Male,1943-07-24,2026-01-29
C009884,Monica,Jones,charlene01@example.net,209-758-1725x53043,Female,1946-04-11,2022-04-16
C009885,Tamara,Buck,ana25@example.org,361.822.3210,Female,2000-01-01,2025-10-03
C009886,Lindsay,Stewart,fparks@example.net,8439852373,Female,1980-03-10,2022-01-13
C009887,Jennifer,Monroe,ehernandez@example.net,+1-338-390-7382x382,Female,1949-10-28,2021-09-28
C009888,Adrian,Parker,wchambers@example.com,+1-475-833-8545x80411,Male,1998-09-30,2025-10-19
C009889,Debra,Horne,michael11@example.com,001-288-582-4249x106,Female,2007-10-27,2022-12-20
C009890,Melanie,Ramirez,matthew19@example.org,001-356-282-2732x83528,Female,1946-08-31,2025-01-04
C009891,David,Davis,mark64@example.net,899.219.7913x589,Male,1968-09-10,2023-11-22
C009892,Richard,Hoover,charles40@example.net,715.422.2841x432,Male,1954-08-22,2023-07-06
C009893,Gina,Hall,rlee@example.org,744-247-7382,Female,2003-01-09,2022-03-23
C009894,Laura,Norton,catherinehernandez@example.org,655-237-0250x797,Female,1963-08-20,2025-01-20
C009895,Jacob,Walsh,daniel03@example.net,(269)996-1473x1916,Male,1996-09-01,2024-12-31
C009896,Bruce,Jennings,nelsonrussell@example.org,276.669.4365x9304,Female,1938-05-29,2024-04-08
C009897,Kiara,Young,hilldenise@example.org,001-488-738-2303x312,Male,1936-07-05,2024-02-08
C009898,Jean,Horn,jennifercastillo@example.com,+1-684-415-5340x36332,Male,1947-10-04,2025-11-24
C009899,Kaitlyn,Barker,maryhowell@example.org,956-623-7386x7169,Male,1979-11-19,2025-11-23
C009900,Jessica,Park,calderonlarry@example.com,2857703741,Male,1949-12-31,2025-01-15
C009901,Jacob,Crawford,morrischarles@example.net,700-775-2434x054,Male,1981-07-31,2024-07-18
C009902,Ricky,Williams,hobrien@example.org,(377)649-0209x3596,Female,2006-02-23,2025-08-24
C009903,Mary,Murillo,ctodd@example.net,+1-449-381-9574,Female,1995-02-23,2021-11-21
C009904,Edward,Charles,marissa89@example.net,001-804-379-2687x65467,Male,1966-11-12,2022-12-03
C009905,Lauren,Simmons,lharvey@example.org,778-757-1661,Male,1978-05-20,2026-07-03
C009906,Kristen,Ward,veronicawilson@example.org,+1-721-348-7551x8247,Female,1960-02-29,2024-01-13
C009907,Kimberly,Johnson,patrick89@example.org,319.232.2778x56011,Male,1955-02-14,2023-06-14
C009908,Benjamin,Robles,matthewromero@example.net,762.573.8206,Female,1999-09-23,2023-07-05
C009909,Benjamin,Stark,brian22@example.net,(837)996-5166,Female,1973-08-26,2025-01-19
C009910,Whitney,Velazquez,jonesdominique@example.net,001-283-782-6200,Male,1939-07-05,2022-09-28
C009911,Ashley,Anderson,moyermarie@example.com,(350)226-7127x9422,Female,1951-02-13,2024-01-02
C009912,Frank,Smith,rebeccacarter@example.org,001-349-339-8304x012,Male,1971-03-19,2022-05-08
C009913,Katelyn,Taylor,millertimothy@example.com,560.595.9786,Female,1947-10-03,2023-05-24
C009914,Daniel,Delgado,chris37@example.com,3972439774,Female,1956-09-12,2022-11-14
C009915,Robert,Stewart,zhart@example.net,001-834-903-2531,Male,1937-12-11,2026-05-07
C009916,Brandon,Myers,hrobinson@example.com,(985)464-3044x91907,Female,1979-03-15,2022-05-04
C009917,Stephen,Simpson,myoung@example.net,496-332-4338x478,Male,1955-12-10,2024-01-12
C009918,David,Lewis,spencerkristin@example.org,933.595.1475x260,Male,1980-08-27,2025-10-19
C009919,Steven,Bell,fishercynthia@example.com,242.246.4908x854,Female,1964-08-30,2026-04-20
C009920,Sarah,Salas,brittanyturner@example.com,450.368.9693,Female,2000-06-11,2023-04-03
C009921,Natalie,Summers,bowerskenneth@example.net,3262861140,Female,1997-03-27,2022-05-16
C009922,Anthony,Little,denise13@example.com,(933)750-9444,Male,1944-01-02,2023-10-01
C009923,Anthony,Foley,oliviaramos@example.com,(681)915-1574x09232,Female,1962-02-16,2025-11-07
C009924,Jessica,Walker,franklinrandy@example.com,(857)302-9302,Female,2004-08-24,2024-03-15
C009925,Corey,Garcia,monicatyler@example.net,405-621-7693x4218,Male,1942-12-22,2025-12-05
C009926,Brian,Myers,jjames@example.org,+1-601-518-4681,Male,1948-12-18,2022-03-21
C009927,Brianna,Hill,ywilcox@example.net,+1-730-649-4865x210,Male,1981-08-16,2024-11-06
C009928,Amy,Owens,rachel19@example.com,6888232888,Male,1999-05-11,2025-12-10
C009929,Catherine,Lopez,collinsdavid@example.com,+1-910-878-6319x9181,Female,1952-11-29,2022-06-05
C009930,Jason,Bryant,john26@example.net,(225)783-7509x559,Male,1967-10-16,2022-03-13
C009931,Sean,Williamson,raymondjames@example.com,+1-530-589-7873x52473,Female,1955-05-24,2022-12-01
C009932,Andrew,Lara,garyporter@example.com,+1-296-237-3031,Male,2004-03-28,2022-07-09
C009933,Kelly,Coleman,ambercampos@example.org,001-351-909-7506x151,Female,1958-02-02,2025-10-15
C009934,Katie,Perkins,josephweeks@example.org,521.272.1814x1194,Male,1941-07-05,2025-12-04
C009935,Holly,Martin,matthewcastaneda@example.com,001-767-704-8003,Male,1943-12-04,2026-07-05
C009936,Shelby,Norman,gwilliams@example.org,375-244-8147x1824,Male,1944-08-15,2024-11-29
C009937,David,Jackson,sshelton@example.net,001-622-929-2232,Female,1971-06-10,2023-07-24
C009938,Devon,Gross,davidgonzales@example.com,2977550824,Female,1947-12-03,2024-10-05
C009939,Grant,Dunn,rochakelly@example.com,(856)940-3496x186,Male,1974-01-09,2026-04-26
C009940,Christopher,Kramer,ghatfield@example.org,4933279096,Male,1948-07-22,2022-07-16
C009941,Diane,Williams,tammy19@example.net,422-913-9189x746,Male,1989-07-29,2026-03-20
C009942,Sharon,Jones,hawkinsanna@example.org,(600)376-8968x136,Female,1976-07-14,2023-04-10
C009943,Mark,Wagner,morrisonleroy@example.net,2978207750,Female,1986-09-25,2024-04-17
C009944,Paul,Crawford,kathryndelgado@example.org,789-536-0098x27780,Female,1977-03-19,2025-12-05
C009945,Ashley,Carpenter,yfoster@example.com,(965)320-7210x41755,Male,1957-02-17,2026-05-22
C009946,Vickie,Jackson,malikwelch@example.org,577.675.1700,Male,2000-03-08,2023-03-05
C009947,Brenda,Carter,diana00@example.org,984-643-6181,Male,1996-10-08,2022-03-17
C009948,Leslie,Barr,meyerphillip@example.org,435.588.1162,Male,1976-02-28,2026-01-05
C009949,Hannah,Atkinson,bellellen@example.org,001-822-852-9874x60988,Male,1961-04-07,2021-10-23
C009950,Stephen,Pierce,jameskim@example.org,618-239-5281x6965,Female,1964-07-08,2022-12-30
C009951,Barbara,West,bkelley@example.org,639.554.2195,Male,1937-12-01,2022-08-22
C009952,Lindsey,Roberts,john69@example.net,315.447.1078,Male,1963-09-13,2025-06-20
C009953,Ellen,Johnson,gonzalesjeffrey@example.com,+1-333-716-1840x4692,Male,1984-07-05,2025-09-11
C009954,Taylor,Rivera,regina38@example.net,+1-671-977-8630x93168,Female,1992-09-26,2023-07-09
C009955,Kevin,Pruitt,billymann@example.net,+1-200-371-8158x61137,Female,1965-01-06,2022-09-20
C009956,Roberto,Taylor,keithjill@example.org,544-492-3340,Female,1962-06-06,2024-03-25
C009957,Angela,Guzman,sethvillanueva@example.net,(270)418-3211,Male,1937-03-23,2024-07-24
C009958,Harry,Smith,jackglass@example.com,+1-567-627-7380x3818,Female,1985-11-25,2022-06-21
C009959,Stephanie,Obrien,bsmith@example.org,688.548.1419x3034,Female,1946-09-19,2022-04-20
C009960,Matthew,Pace,paul91@example.org,(859)677-1015x0479,Male,1964-11-18,2025-01-07
C009961,Samantha,Mitchell,fpeterson@example.com,001-873-615-1427,Female,1943-05-05,2023-05-18
C009962,Joy,Davis,foxkelli@example.org,001-416-833-0235x56960,Female,1936-11-23,2025-02-19
C009963,Crystal,Douglas,johnsonemily@example.org,9553529008,Male,2003-03-01,2021-12-14
C009964,Cynthia,Butler,hopkinsamanda@example.net,878-827-9317,Male,1952-11-29,2021-11-04
C009965,John,Hernandez,matthew31@example.com,611-910-7824,Female,1978-10-06,2024-12-29
C009966,Bryan,Bryan,victorodonnell@example.org,959-617-1455x03609,Male,1980-07-06,2025-12-18
C009967,Gary,Grimes,chamilton@example.com,+1-380-711-5347x84868,Female,2004-09-02,2024-06-29
C009968,Kaylee,Robinson,ohardin@example.net,+1-988-373-6852x875,Male,1942-10-16,2024-12-15
C009969,Dawn,Hardy,griffinamy@example.com,(804)629-0646x31169,Male,1988-01-09,2021-10-19
C009970,Danny,Norton,bryantaylor@example.net,(659)916-4187x82289,Female,1976-08-10,2026-02-06
C009971,Melissa,Boyd,ltaylor@example.org,(471)970-5855,Female,1999-01-09,2025-10-19
C009972,Angie,Stephens,dmoses@example.com,571.822.8110,Male,2005-06-14,2024-09-07
C009973,April,Lewis,johnmorrison@example.org,+1-286-219-8075x6396,Male,1940-06-29,2025-04-15
C009974,Stephanie,Clark,jacob46@example.org,7765134934,Male,1945-06-28,2022-12-11
C009975,Allison,Crawford,nicholas24@example.net,001-216-487-0500x41527,Male,1939-06-19,2023-06-05
C009976,Melissa,Jones,scollins@example.net,355-373-1976,Female,1977-05-31,2023-01-13
C009977,Sue,Vazquez,chelseaross@example.org,988-451-4481,Female,1956-05-24,2022-09-23
C009978,David,Kennedy,gillgabrielle@example.com,(727)923-9886x74943,Female,1983-10-07,2025-09-19
C009979,Laura,Thomas,englishscott@example.net,+1-882-624-3203x77539,Male,1974-06-08,2026-01-12
C009980,Lisa,Hinton,terri71@example.net,+1-907-571-2549x95655,Male,1978-11-02,2023-12-28
C009981,Richard,Petersen,gilljoseph@example.com,(719)779-9286x747,Female,1966-07-22,2023-03-18
C009982,Cynthia,Beck,david96@example.org,001-678-259-0899x2125,Female,1960-10-31,2022-09-05
C009983,Shelby,Wood,wheelercharles@example.net,982-804-0157,Female,1971-11-08,2022-11-27
C009984,Steven,Ewing,wyattmatthew@example.com,976-527-4399x3811,Male,1980-07-11,2022-03-03
C009985,Adrian,Hill,jesse36@example.net,661-536-1905,Male,1940-12-07,2022-01-22
C009986,Mary,Torres,angela08@example.com,441.322.0009x7591,Female,2003-12-11,2024-02-11
C009987,Patrick,Turner,xcarter@example.org,+1-267-827-7950x953,Female,2001-10-25,2023-05-18
C009988,James,Evans,smithluis@example.org,9805100341,Male,1961-05-03,2025-04-09
C009989,Jessica,Shepherd,larsonsamantha@example.com,+1-892-582-3315x923,Male,1981-11-02,2025-09-03
C009990,Sheena,Malone,bhill@example.net,001-469-706-3090x774,Female,1968-08-11,2025-11-30
C009991,Henry,Gordon,christopher35@example.com,527.399.7812,Female,2000-09-09,2026-06-02
C009992,Leah,Cooper,cynthia81@example.com,350-903-8528,Female,1984-05-26,2025-12-11
C009993,Arthur,Hill,michael63@example.com,2932381584,Male,1967-08-09,2021-12-24
C009994,James,Hines,tammy15@example.net,381-545-6508,Male,1962-03-06,2026-03-24
C009995,Fernando,Atkins,brandonmathis@example.com,(503)708-5099x372,Male,1984-07-12,2022-11-04
C009996,Scott,Hernandez,nicole09@example.org,+1-480-732-0648x5830,Female,2006-09-21,2025-11-26
C009997,Rebecca,Barton,cody90@example.org,231.545.1318x6455,Female,1960-11-30,2023-01-15
C009998,Michelle,Washington,phillipsholly@example.net,486-385-8356,Male,2001-04-28,2023-08-05
C009999,Michele,Charles,oliviagarza@example.net,(879)650-8681x777,Male,1945-09-23,2025-02-20
C010000,Aaron,Finley,vgonzalez@example.net,631.904.1326x3643,Male,1982-12-30,2023-05-06
