preference_id,customer_id,email_opt_in,sms_opt_in,preferred_language,preferred_channel,last_updated_date
PR000001,C000001,True,True,Spanish,Mobile App,2025-12-18
PR000002,C000002,True,True,English,SMS,2025-12-07
PR000003,C000003,True,True,Spanish,None,2025-07-31
PR000004,C000004,True,True,Spanish,Mobile App,2025-01-28
PR000005,C000005,True,True,English,Email,2026-03-27
PR000006,C000006,True,False,English,Mobile App,2025-09-29
PR000007,C000007,True,False,English,SMS,2025-05-02
PR000008,C000008,True,False,Spanish,Email,2025-09-06
PR000009,C000009,True,True,Spanish,Email,2023-01-04
PR000010,C000010,True,True,English,None,2023-09-27
PR000011,C000011,False,True,Spanish,Email,2022-10-25
PR000012,C000012,True,True,English,SMS,2024-01-19
PR000013,C000013,True,True,English,None,2024-11-16
PR000014,C000014,True,False,English,None,2022-10-28
PR000015,C000015,True,True,English,Email,2025-04-01
PR000016,C000016,False,True,English,Email,2026-03-18
PR000017,C000017,True,True,English,SMS,2026-06-02
PR000018,C000018,True,False,Spanish,Mobile App,2023-01-05
PR000019,C000019,True,True,English,Mobile App,2025-06-04
PR000020,C000020,False,False,English,SMS,2025-10-24
PR000021,C000021,False,False,English,Mobile App,2025-07-22
PR000022,C000022,True,True,English,SMS,2024-11-28
PR000023,C000023,True,True,Spanish,Mobile App,2025-02-07
PR000024,C000024,False,True,English,Mobile App,2026-07-05
PR000025,C000025,True,False,Spanish,Mobile App,2022-06-08
PR000026,C000026,False,False,English,Mobile App,2024-04-11
PR000027,C000027,True,True,Spanish,Mobile App,2023-07-28
PR000028,C000028,True,True,English,None,2026-04-14
PR000029,C000029,True,True,Spanish,Email,2026-06-18
PR000030,C000030,True,False,English,Email,2025-06-02
PR000031,C000031,True,True,Spanish,SMS,2025-09-10
PR000032,C000032,False,True,English,Mobile App,2023-08-09
PR000033,C000033,False,True,Spanish,Email,2025-10-27
PR000034,C000034,False,False,Spanish,Email,2024-09-24
PR000035,C000035,True,False,English,None,2023-12-03
PR000036,C000036,True,True,English,Mobile App,2026-04-07
PR000037,C000037,False,False,English,SMS,2024-04-09
PR000038,C000038,True,True,English,None,2025-05-19
PR000039,C000039,True,True,English,Mobile App,2024-04-08
PR000040,C000040,True,True,English,SMS,2023-05-30
PR000041,C000041,True,False,Spanish,Mobile App,2026-02-28
PR000042,C000042,True,True,English,Email,2023-05-06
PR000043,C000043,False,True,Spanish,Email,2024-05-14
PR000044,C000044,False,True,English,None,2024-10-21
PR000045,C000045,False,True,English,None,2026-03-24
PR000046,C000046,True,False,English,None,2024-10-16
PR000047,C000047,False,True,English,Email,2024-10-16
PR000048,C000048,False,True,Spanish,Email,2026-06-05
PR000049,C000049,True,True,English,Mobile App,2025-07-22
PR000050,C000050,True,True,English,Mobile App,2023-04-23
PR000051,C000051,False,True,English,Mobile App,2025-06-12
PR000052,C000052,True,True,English,Mobile App,2025-07-14
PR000053,C000053,True,False,English,Email,2026-06-20
PR000054,C000054,True,True,English,Email,2025-10-09
PR000055,C000055,True,False,Spanish,SMS,2026-01-26
PR000056,C000056,True,False,English,Email,2024-11-05
PR000057,C000057,True,True,Spanish,SMS,2024-11-19
PR000058,C000058,True,True,Spanish,Mobile App,2025-02-21
PR000059,C000059,False,False,English,SMS,2025-06-05
PR000060,C000060,False,True,English,None,2025-07-06
PR000061,C000061,True,True,English,Mobile App,2024-08-25
PR000062,C000062,True,False,English,None,2024-09-16
PR000063,C000063,False,False,English,None,2025-10-10
PR000064,C000064,True,True,Spanish,Email,2026-04-27
PR000065,C000065,True,True,English,Mobile App,2026-05-24
PR000066,C000066,False,True,Spanish,None,2026-06-30
PR000067,C000067,True,True,English,Email,2026-01-24
PR000068,C000068,True,True,English,None,2024-12-02
PR000069,C000069,False,False,English,None,2025-02-25
PR000070,C000070,False,True,English,SMS,2024-09-08
PR000071,C000071,True,True,English,SMS,2024-11-22
PR000072,C000072,True,True,Spanish,SMS,2025-12-20
PR000073,C000073,True,False,English,None,2024-05-20
PR000074,C000074,True,True,English,None,2023-10-17
PR000075,C000075,True,True,English,Mobile App,2025-02-03
PR000076,C000076,False,True,English,SMS,2025-08-05
PR000077,C000077,True,False,Spanish,Email,2026-05-11
PR000078,C000078,False,True,English,Mobile App,2024-07-02
PR000079,C000079,False,True,English,Email,2025-08-13
PR000080,C000080,True,True,Spanish,Mobile App,2025-02-04
PR000081,C000081,False,True,Spanish,Mobile App,2025-07-02
PR000082,C000082,True,False,Spanish,SMS,2026-06-17
PR000083,C000083,False,True,English,Email,2025-06-05
PR000084,C000084,True,True,English,Email,2024-08-16
PR000085,C000085,True,True,English,Mobile App,2024-08-01
PR000086,C000086,True,True,English,Mobile App,2026-06-28
PR000087,C000087,False,False,English,Email,2025-07-26
PR000088,C000088,True,False,English,Mobile App,2025-04-30
PR000089,C000089,False,True,English,None,2026-07-03
PR000090,C000090,True,True,English,Email,2025-04-11
PR000091,C000091,True,True,Spanish,Mobile App,2025-05-24
PR000092,C000092,False,True,English,SMS,2025-10-04
PR000093,C000093,True,True,English,Email,2024-09-30
PR000094,C000094,True,True,English,Mobile App,2025-12-03
PR000095,C000095,True,False,English,Email,2025-09-05
PR000096,C000096,True,True,English,SMS,2026-05-13
PR000097,C000097,True,False,Spanish,SMS,2025-04-13
PR000098,C000098,False,False,English,Mobile App,2024-12-01
PR000099,C000099,False,False,Spanish,Email,2025-10-22
PR000100,C000100,True,False,Spanish,None,2025-12-25
PR000101,C000101,False,True,English,Email,2026-05-12
PR000102,C000102,True,True,English,Mobile App,2026-06-28
PR000103,C000103,True,True,Spanish,Mobile App,2026-04-24
PR000104,C000104,True,False,English,Mobile App,2026-02-13
PR000105,C000105,True,False,English,Email,2023-02-19
PR000106,C000106,True,True,English,Email,2024-06-10
PR000107,C000107,True,False,Spanish,Email,2024-04-18
PR000108,C000108,False,True,English,Email,2023-03-20
PR000109,C000109,True,False,English,None,2026-01-17
PR000110,C000110,True,False,Spanish,None,2026-01-21
PR000111,C000111,True,True,English,Mobile App,2023-04-21
PR000112,C000112,True,True,English,Mobile App,2024-09-15
PR000113,C000113,False,False,English,None,2026-05-24
PR000114,C000114,True,True,English,None,2023-12-23
PR000115,C000115,True,True,English,Email,2025-03-13
PR000116,C000116,False,True,English,SMS,2024-01-02
PR000117,C000117,True,True,English,None,2025-10-01
PR000118,C000118,True,True,English,Mobile App,2024-08-18
PR000119,C000119,True,False,English,None,2026-03-29
PR000120,C000120,True,True,English,Mobile App,2026-03-30
PR000121,C000121,False,False,Spanish,None,2025-03-07
PR000122,C000122,True,True,English,Email,2026-06-10
PR000123,C000123,True,True,English,None,2025-06-24
PR000124,C000124,True,False,English,None,2023-12-19
PR000125,C000125,True,True,English,SMS,2023-10-27
PR000126,C000126,True,False,English,Email,2026-07-06
PR000127,C000127,False,False,English,SMS,2026-04-19
PR000128,C000128,False,True,English,None,2025-09-22
PR000129,C000129,True,False,English,None,2026-06-02
PR000130,C000130,True,False,English,Email,2024-03-17
PR000131,C000131,True,True,English,Email,2025-10-16
PR000132,C000132,True,True,English,Email,2025-02-02
PR000133,C000133,False,True,English,SMS,2026-06-05
PR000134,C000134,True,True,English,None,2025-02-01
PR000135,C000135,False,False,English,None,2026-03-13
PR000136,C000136,True,True,English,SMS,2025-01-13
PR000137,C000137,True,True,Spanish,None,2025-08-14
PR000138,C000138,False,True,English,SMS,2023-08-10
PR000139,C000139,True,True,Spanish,None,2026-02-05
PR000140,C000140,True,False,English,None,2025-08-30
PR000141,C000141,True,False,English,Mobile App,2025-12-17
PR000142,C000142,False,False,English,Mobile App,2026-06-07
PR000143,C000143,True,True,Spanish,SMS,2025-10-10
PR000144,C000144,True,True,Spanish,Email,2024-12-28
PR000145,C000145,True,True,English,None,2024-07-01
PR000146,C000146,False,False,Spanish,Email,2025-08-16
PR000147,C000147,False,False,English,Mobile App,2026-05-11
PR000148,C000148,True,True,English,None,2026-06-07
PR000149,C000149,True,True,Spanish,None,2024-03-18
PR000150,C000150,True,False,English,SMS,2025-12-21
PR000151,C000151,False,True,English,SMS,2023-07-25
PR000152,C000152,True,True,English,Mobile App,2022-08-23
PR000153,C000153,True,True,English,None,2025-04-25
PR000154,C000154,True,True,English,None,2025-12-13
PR000155,C000155,True,True,English,Email,2026-04-11
PR000156,C000156,True,True,Spanish,SMS,2026-06-15
PR000157,C000157,False,True,English,Mobile App,2025-09-11
PR000158,C000158,True,True,English,None,2026-05-23
PR000159,C000159,True,True,English,Email,2023-02-05
PR000160,C000160,False,True,English,None,2026-04-13
PR000161,C000161,False,True,Spanish,SMS,2026-06-16
PR000162,C000162,True,True,English,SMS,2025-12-06
PR000163,C000163,False,True,English,Mobile App,2023-08-15
PR000164,C000164,True,True,English,None,2026-06-12
PR000165,C000165,True,True,English,Mobile App,2026-01-11
PR000166,C000166,True,False,English,SMS,2026-02-09
PR000167,C000167,True,True,Spanish,Mobile App,2026-03-18
PR000168,C000168,True,True,English,Email,2026-03-31
PR000169,C000169,True,True,Spanish,None,2025-10-09
PR000170,C000170,True,True,English,Mobile App,2026-06-25
PR000171,C000171,True,False,English,SMS,2025-04-24
PR000172,C000172,True,True,English,Email,2024-02-05
PR000173,C000173,False,True,English,Mobile App,2025-12-28
PR000174,C000174,True,True,English,Mobile App,2024-01-26
PR000175,C000175,True,True,Spanish,None,2024-05-04
PR000176,C000176,True,True,English,Email,2026-05-15
PR000177,C000177,True,True,English,Email,2025-07-29
PR000178,C000178,True,True,English,SMS,2025-05-02
PR000179,C000179,False,True,English,Email,2025-10-17
PR000180,C000180,False,True,English,Mobile App,2023-11-26
PR000181,C000181,True,False,English,Email,2023-08-25
PR000182,C000182,True,True,English,Mobile App,2026-04-16
PR000183,C000183,True,True,English,None,2025-10-19
PR000184,C000184,False,True,English,Email,2023-09-18
PR000185,C000185,True,False,Spanish,None,2026-04-09
PR000186,C000186,True,False,English,Email,2024-09-25
PR000187,C000187,True,True,Spanish,Mobile App,2026-05-27
PR000188,C000188,True,True,Spanish,None,2025-07-08
PR000189,C000189,True,False,Spanish,SMS,2025-06-02
PR000190,C000190,False,False,Spanish,Email,2026-07-06
PR000191,C000191,False,True,Spanish,Mobile App,2026-05-22
PR000192,C000192,True,True,English,Email,2026-06-22
PR000193,C000193,True,True,Spanish,Mobile App,2025-07-18
PR000194,C000194,False,False,Spanish,SMS,2025-06-20
PR000195,C000195,True,False,English,None,2026-04-23
PR000196,C000196,True,True,Spanish,SMS,2025-06-09
PR000197,C000197,False,True,Spanish,None,2024-07-12
PR000198,C000198,True,False,English,Email,2026-06-27
PR000199,C000199,True,True,Spanish,None,2023-04-06
PR000200,C000200,True,True,Spanish,Mobile App,2026-04-02
PR000201,C000201,False,False,Spanish,Email,2026-06-12
PR000202,C000202,True,False,Spanish,None,2025-09-05
PR000203,C000203,True,True,English,Mobile App,2026-01-06
PR000204,C000204,True,True,English,Mobile App,2026-01-13
PR000205,C000205,True,True,Spanish,None,2025-07-12
PR000206,C000206,True,False,English,Email,2025-02-13
PR000207,C000207,True,True,English,SMS,2025-12-11
PR000208,C000208,True,True,English,Mobile App,2025-03-08
PR000209,C000209,False,False,Spanish,Mobile App,2026-01-28
PR000210,C000210,True,True,English,SMS,2025-02-02
PR000211,C000211,True,False,Spanish,None,2026-04-06
PR000212,C000212,True,True,English,Mobile App,2024-01-11
PR000213,C000213,True,True,English,Email,2025-05-22
PR000214,C000214,False,True,English,None,2025-12-11
PR000215,C000215,False,True,English,None,2026-01-25
PR000216,C000216,True,True,English,Mobile App,2022-05-19
PR000217,C000217,True,True,English,Email,2025-08-10
PR000218,C000218,False,True,Spanish,None,2025-12-28
PR000219,C000219,True,True,English,Email,2026-06-30
PR000220,C000220,True,False,English,None,2026-07-03
PR000221,C000221,True,True,English,SMS,2023-02-18
PR000222,C000222,False,False,English,None,2024-11-22
PR000223,C000223,True,False,English,Mobile App,2024-10-15
PR000224,C000224,False,False,Spanish,SMS,2024-03-20
PR000225,C000225,True,True,English,None,2025-03-05
PR000226,C000226,True,True,English,Mobile App,2026-05-05
PR000227,C000227,False,False,English,Email,2026-05-02
PR000228,C000228,True,True,Spanish,SMS,2025-01-05
PR000229,C000229,True,False,English,Mobile App,2024-05-11
PR000230,C000230,True,False,English,None,2025-04-28
PR000231,C000231,True,True,English,Email,2024-06-02
PR000232,C000232,True,False,English,Mobile App,2025-04-16
PR000233,C000233,True,True,English,None,2025-09-27
PR000234,C000234,True,False,Spanish,SMS,2025-02-06
PR000235,C000235,True,True,Spanish,SMS,2023-03-30
PR000236,C000236,True,True,Spanish,Mobile App,2024-07-12
PR000237,C000237,True,True,English,Mobile App,2025-03-04
PR000238,C000238,False,True,English,Mobile App,2025-09-10
PR000239,C000239,True,False,English,Email,2025-11-30
PR000240,C000240,True,True,English,Email,2025-10-17
PR000241,C000241,False,True,English,Email,2026-07-07
PR000242,C000242,True,True,English,SMS,2023-07-12
PR000243,C000243,False,False,Spanish,SMS,2026-05-06
PR000244,C000244,False,True,Spanish,None,2024-01-30
PR000245,C000245,False,False,Spanish,Email,2026-05-03
PR000246,C000246,True,True,English,None,2024-06-14
PR000247,C000247,True,False,English,Mobile App,2023-09-06
PR000248,C000248,False,True,English,None,2025-08-14
PR000249,C000249,True,False,English,SMS,2026-06-09
PR000250,C000250,False,True,English,None,2026-05-23
PR000251,C000251,True,True,English,Mobile App,2023-07-01
PR000252,C000252,True,True,Spanish,SMS,2025-10-08
PR000253,C000253,False,True,English,SMS,2026-05-26
PR000254,C000254,True,False,English,SMS,2025-04-21
PR000255,C000255,True,False,English,SMS,2024-12-07
PR000256,C000256,True,False,Spanish,None,2022-03-23
PR000257,C000257,True,True,English,None,2024-11-17
PR000258,C000258,True,False,English,Mobile App,2024-09-30
PR000259,C000259,True,True,English,Mobile App,2025-12-20
PR000260,C000260,True,True,English,SMS,2024-01-27
PR000261,C000261,True,False,English,None,2023-02-26
PR000262,C000262,True,False,English,Mobile App,2025-12-11
PR000263,C000263,True,False,Spanish,Mobile App,2026-04-13
PR000264,C000264,False,False,Spanish,None,2024-04-03
PR000265,C000265,True,True,English,Mobile App,2025-11-22
PR000266,C000266,False,True,English,None,2026-07-03
PR000267,C000267,True,True,English,SMS,2025-10-21
PR000268,C000268,True,True,English,None,2023-06-29
PR000269,C000269,False,False,English,SMS,2024-08-29
PR000270,C000270,False,True,English,None,2026-06-24
PR000271,C000271,False,True,English,Mobile App,2025-05-15
PR000272,C000272,True,True,English,Mobile App,2024-05-07
PR000273,C000273,True,False,English,None,2025-05-03
PR000274,C000274,True,True,Spanish,SMS,2025-06-21
PR000275,C000275,True,False,English,Email,2022-12-31
PR000276,C000276,True,True,English,None,2026-07-05
PR000277,C000277,True,True,English,Mobile App,2026-07-03
PR000278,C000278,True,True,Spanish,None,2025-04-19
PR000279,C000279,True,True,English,SMS,2026-03-10
PR000280,C000280,True,True,Spanish,Mobile App,2024-11-08
PR000281,C000281,True,True,English,Mobile App,2026-01-11
PR000282,C000282,True,True,English,Mobile App,2026-06-17
PR000283,C000283,True,True,English,Mobile App,2026-03-22
PR000284,C000284,True,True,English,Mobile App,2024-06-04
PR000285,C000285,True,True,English,None,2025-04-07
PR000286,C000286,True,True,English,SMS,2024-05-13
PR000287,C000287,True,False,English,None,2025-04-16
PR000288,C000288,True,True,Spanish,SMS,2025-04-23
PR000289,C000289,True,True,English,Email,2024-08-12
PR000290,C000290,True,True,English,Email,2025-03-20
PR000291,C000291,True,True,English,SMS,2026-06-26
PR000292,C000292,True,False,English,None,2026-03-02
PR000293,C000293,False,True,English,None,2025-07-20
PR000294,C000294,True,False,Spanish,None,2025-03-20
PR000295,C000295,True,True,English,Mobile App,2024-06-04
PR000296,C000296,True,True,English,SMS,2025-09-17
PR000297,C000297,True,False,Spanish,SMS,2025-07-01
PR000298,C000298,False,True,English,None,2024-07-08
PR000299,C000299,True,True,English,None,2025-05-30
PR000300,C000300,True,True,Spanish,None,2024-03-17
PR000301,C000301,True,True,Spanish,Mobile App,2026-07-07
PR000302,C000302,True,False,Spanish,None,2026-06-01
PR000303,C000303,True,False,English,Email,2024-06-10
PR000304,C000304,True,False,Spanish,SMS,2025-02-03
PR000305,C000305,True,True,English,None,2026-06-12
PR000306,C000306,True,True,English,Mobile App,2025-12-19
PR000307,C000307,True,False,Spanish,None,2022-08-09
PR000308,C000308,True,True,English,SMS,2024-11-15
PR000309,C000309,True,False,English,Mobile App,2025-05-02
PR000310,C000310,True,False,English,SMS,2024-08-17
PR000311,C000311,True,True,English,Email,2025-01-06
PR000312,C000312,True,False,English,Mobile App,2024-12-21
PR000313,C000313,True,False,English,SMS,2026-07-03
PR000314,C000314,False,True,English,Email,2025-08-23
PR000315,C000315,True,True,English,SMS,2024-06-14
PR000316,C000316,True,False,English,Mobile App,2025-04-21
PR000317,C000317,True,False,English,SMS,2026-06-23
PR000318,C000318,True,True,English,Email,2025-10-23
PR000319,C000319,False,True,English,Mobile App,2022-11-17
PR000320,C000320,False,False,Spanish,Email,2024-02-25
PR000321,C000321,True,False,English,None,2026-03-15
PR000322,C000322,True,True,English,Mobile App,2026-04-19
PR000323,C000323,False,False,English,SMS,2025-08-06
PR000324,C000324,False,True,English,Email,2026-06-27
PR000325,C000325,True,False,Spanish,Mobile App,2023-05-09
PR000326,C000326,False,False,English,None,2026-03-17
PR000327,C000327,False,False,Spanish,SMS,2025-06-03
PR000328,C000328,True,False,English,Mobile App,2022-12-17
PR000329,C000329,True,True,Spanish,None,2025-06-25
PR000330,C000330,True,True,English,None,2026-06-30
PR000331,C000331,True,False,Spanish,Mobile App,2025-08-17
PR000332,C000332,True,False,English,Email,2025-11-10
PR000333,C000333,False,True,English,None,2026-03-04
PR000334,C000334,True,False,English,None,2025-04-17
PR000335,C000335,False,True,English,SMS,2024-07-01
PR000336,C000336,False,True,Spanish,SMS,2025-06-27
PR000337,C000337,True,True,English,Mobile App,2026-04-27
PR000338,C000338,True,True,English,Email,2025-03-25
PR000339,C000339,True,True,English,SMS,2026-02-27
PR000340,C000340,True,True,English,Mobile App,2023-03-20
PR000341,C000341,False,True,English,Email,2026-05-24
PR000342,C000342,True,False,English,None,2024-02-26
PR000343,C000343,False,True,English,Mobile App,2024-11-16
PR000344,C000344,True,True,English,SMS,2026-06-28
PR000345,C000345,True,False,English,SMS,2026-04-09
PR000346,C000346,False,True,English,Email,2026-03-09
PR000347,C000347,True,True,English,None,2026-06-14
PR000348,C000348,False,False,English,SMS,2026-02-26
PR000349,C000349,True,True,Spanish,Mobile App,2025-03-19
PR000350,C000350,False,True,English,SMS,2024-04-30
PR000351,C000351,True,True,English,Email,2024-09-06
PR000352,C000352,False,False,English,None,2024-07-02
PR000353,C000353,False,False,English,Mobile App,2025-09-26
PR000354,C000354,True,True,Spanish,Email,2026-05-12
PR000355,C000355,True,True,English,Email,2026-04-05
PR000356,C000356,True,True,English,None,2025-04-25
PR000357,C000357,False,True,English,Email,2026-06-28
PR000358,C000358,False,True,English,SMS,2024-07-27
PR000359,C000359,False,False,English,Mobile App,2026-02-20
PR000360,C000360,True,True,English,Mobile App,2025-10-21
PR000361,C000361,True,True,English,Mobile App,2023-05-29
PR000362,C000362,False,True,English,None,2026-01-12
PR000363,C000363,True,False,English,Email,2024-05-14
PR000364,C000364,False,True,English,SMS,2025-01-03
PR000365,C000365,True,True,Spanish,Email,2026-06-01
PR000366,C000366,True,True,English,Mobile App,2026-04-05
PR000367,C000367,True,False,English,SMS,2026-06-15
PR000368,C000368,False,True,English,None,2026-03-09
PR000369,C000369,True,True,English,None,2026-03-26
PR000370,C000370,False,False,English,Mobile App,2026-05-07
PR000371,C000371,False,True,English,Mobile App,2023-01-13
PR000372,C000372,True,True,English,None,2024-12-09
PR000373,C000373,True,True,English,Email,2025-05-21
PR000374,C000374,True,False,Spanish,SMS,2025-11-04
PR000375,C000375,False,True,Spanish,None,2023-03-26
PR000376,C000376,True,True,Spanish,Email,2023-07-28
PR000377,C000377,True,True,Spanish,SMS,2025-02-27
PR000378,C000378,True,False,Spanish,SMS,2026-06-27
PR000379,C000379,False,False,English,Mobile App,2025-12-31
PR000380,C000380,True,True,English,Mobile App,2026-06-28
PR000381,C000381,True,True,English,None,2025-09-13
PR000382,C000382,False,True,English,Mobile App,2024-06-18
PR000383,C000383,True,True,English,None,2026-05-24
PR000384,C000384,True,True,English,SMS,2023-08-26
PR000385,C000385,False,False,English,Email,2025-10-01
PR000386,C000386,True,True,English,Email,2022-08-13
PR000387,C000387,False,True,Spanish,None,2025-09-01
PR000388,C000388,True,True,English,None,2024-08-30
PR000389,C000389,True,False,Spanish,None,2024-06-25
PR000390,C000390,False,True,English,Email,2022-05-29
PR000391,C000391,False,True,Spanish,Mobile App,2026-01-11
PR000392,C000392,False,True,Spanish,Mobile App,2025-10-31
PR000393,C000393,True,True,Spanish,None,2025-03-07
PR000394,C000394,True,True,English,Mobile App,2025-08-11
PR000395,C000395,True,False,Spanish,SMS,2022-08-16
PR000396,C000396,True,True,English,Mobile App,2025-07-19
PR000397,C000397,True,False,English,SMS,2026-01-10
PR000398,C000398,True,True,Spanish,Mobile App,2026-05-06
PR000399,C000399,False,True,English,Mobile App,2025-02-18
PR000400,C000400,False,False,English,None,2026-01-05
PR000401,C000401,True,False,Spanish,None,2025-10-25
PR000402,C000402,False,True,English,Email,2025-05-17
PR000403,C000403,True,True,Spanish,SMS,2023-11-17
PR000404,C000404,True,True,English,None,2026-03-20
PR000405,C000405,True,False,English,Mobile App,2025-12-27
PR000406,C000406,True,True,English,SMS,2026-06-28
PR000407,C000407,True,False,English,Mobile App,2026-03-26
PR000408,C000408,True,True,English,Email,2026-05-05
PR000409,C000409,True,True,English,SMS,2025-05-30
PR000410,C000410,True,False,Spanish,None,2022-02-10
PR000411,C000411,True,True,English,None,2025-02-18
PR000412,C000412,False,True,English,SMS,2026-02-14
PR000413,C000413,True,True,English,Email,2026-05-03
PR000414,C000414,True,True,Spanish,SMS,2026-03-15
PR000415,C000415,True,False,Spanish,SMS,2022-04-09
PR000416,C000416,True,True,English,None,2024-09-11
PR000417,C000417,True,False,English,Email,2024-07-31
PR000418,C000418,True,False,English,None,2026-01-25
PR000419,C000419,True,True,English,Mobile App,2022-11-03
PR000420,C000420,True,False,English,Email,2026-01-20
PR000421,C000421,True,True,Spanish,SMS,2025-04-07
PR000422,C000422,True,True,English,None,2026-03-16
PR000423,C000423,True,True,English,SMS,2026-01-25
PR000424,C000424,False,True,English,Mobile App,2024-08-20
PR000425,C000425,False,False,English,None,2026-04-09
PR000426,C000426,False,True,English,Mobile App,2024-01-29
PR000427,C000427,True,False,Spanish,SMS,2025-07-09
PR000428,C000428,True,True,Spanish,Mobile App,2025-06-06
PR000429,C000429,False,True,English,SMS,2026-02-20
PR000430,C000430,False,True,English,Mobile App,2025-09-19
PR000431,C000431,True,True,Spanish,Email,2026-01-16
PR000432,C000432,True,True,English,SMS,2024-09-08
PR000433,C000433,False,True,English,Email,2025-03-30
PR000434,C000434,False,False,English,None,2025-08-23
PR000435,C000435,False,True,English,None,2025-08-31
PR000436,C000436,True,True,English,None,2026-01-19
PR000437,C000437,False,True,English,Mobile App,2024-05-13
PR000438,C000438,False,False,Spanish,Email,2026-01-22
PR000439,C000439,True,True,English,SMS,2025-07-01
PR000440,C000440,True,False,Spanish,Mobile App,2025-06-30
PR000441,C000441,True,True,Spanish,Mobile App,2025-10-26
PR000442,C000442,True,False,English,SMS,2025-06-06
PR000443,C000443,True,True,English,Mobile App,2026-04-08
PR000444,C000444,True,False,English,SMS,2026-05-16
PR000445,C000445,True,True,English,SMS,2025-02-01
PR000446,C000446,True,True,English,None,2026-06-19
PR000447,C000447,True,True,English,None,2024-05-26
PR000448,C000448,False,True,English,SMS,2025-11-16
PR000449,C000449,True,True,English,SMS,2025-04-08
PR000450,C000450,True,False,English,SMS,2022-04-14
PR000451,C000451,True,True,English,Email,2025-08-26
PR000452,C000452,True,True,English,Mobile App,2026-07-06
PR000453,C000453,True,False,English,Mobile App,2026-03-13
PR000454,C000454,True,True,English,Email,2023-02-15
PR000455,C000455,True,True,Spanish,None,2023-04-19
PR000456,C000456,True,False,Spanish,SMS,2026-02-06
PR000457,C000457,False,True,English,SMS,2026-05-16
PR000458,C000458,True,True,English,SMS,2025-02-26
PR000459,C000459,True,True,Spanish,Email,2024-05-02
PR000460,C000460,True,False,English,None,2024-01-13
PR000461,C000461,True,False,English,Mobile App,2025-09-11
PR000462,C000462,True,True,English,Email,2023-10-07
PR000463,C000463,True,True,Spanish,None,2026-04-28
PR000464,C000464,True,True,Spanish,Email,2024-11-19
PR000465,C000465,True,True,English,Email,2026-06-12
PR000466,C000466,True,False,English,SMS,2026-06-04
PR000467,C000467,True,True,Spanish,Mobile App,2022-11-04
PR000468,C000468,False,False,Spanish,Email,2025-05-20
PR000469,C000469,True,False,English,Mobile App,2025-05-24
PR000470,C000470,False,True,English,Email,2025-11-15
PR000471,C000471,True,False,English,Email,2024-04-27
PR000472,C000472,False,False,English,Mobile App,2024-08-21
PR000473,C000473,True,False,English,SMS,2023-05-21
PR000474,C000474,True,True,English,SMS,2025-10-01
PR000475,C000475,True,True,English,SMS,2024-10-23
PR000476,C000476,True,False,Spanish,Email,2025-11-15
PR000477,C000477,True,True,Spanish,SMS,2024-06-22
PR000478,C000478,False,True,Spanish,Mobile App,2023-03-10
PR000479,C000479,True,True,English,None,2026-03-27
PR000480,C000480,True,False,Spanish,Email,2025-04-29
PR000481,C000481,True,True,English,SMS,2025-02-03
PR000482,C000482,True,False,Spanish,SMS,2026-05-02
PR000483,C000483,True,False,English,Mobile App,2025-04-12
PR000484,C000484,False,True,English,SMS,2025-06-27
PR000485,C000485,True,True,English,Mobile App,2025-12-28
PR000486,C000486,True,False,Spanish,Email,2026-04-14
PR000487,C000487,True,False,English,Email,2026-04-28
PR000488,C000488,True,False,English,Mobile App,2025-05-29
PR000489,C000489,True,False,Spanish,Email,2026-06-29
PR000490,C000490,True,True,English,Mobile App,2025-07-11
PR000491,C000491,False,True,English,SMS,2026-07-01
PR000492,C000492,True,True,English,Email,2024-05-13
PR000493,C000493,True,True,English,SMS,2024-10-01
PR000494,C000494,True,True,Spanish,SMS,2024-07-30
PR000495,C000495,False,True,English,Mobile App,2023-12-02
PR000496,C000496,True,True,Spanish,SMS,2026-04-23
PR000497,C000497,True,True,English,Mobile App,2026-03-08
PR000498,C000498,True,False,Spanish,Mobile App,2025-11-02
PR000499,C000499,True,True,English,Email,2026-05-12
PR000500,C000500,True,True,English,None,2025-10-02
PR000501,C000501,False,True,English,Mobile App,2024-11-05
PR000502,C000502,False,False,Spanish,SMS,2026-03-16
PR000503,C000503,True,True,English,Mobile App,2025-11-09
PR000504,C000504,True,False,English,Email,2023-09-30
PR000505,C000505,True,True,English,SMS,2025-06-08
PR000506,C000506,True,True,English,Email,2026-06-20
PR000507,C000507,False,True,Spanish,None,2026-06-03
PR000508,C000508,False,False,English,SMS,2026-05-23
PR000509,C000509,True,True,English,SMS,2026-05-21
PR000510,C000510,True,True,English,SMS,2026-06-08
PR000511,C000511,True,False,English,Mobile App,2026-03-03
PR000512,C000512,True,True,English,SMS,2024-04-08
PR000513,C000513,True,True,English,SMS,2026-04-27
PR000514,C000514,True,True,English,SMS,2025-10-02
PR000515,C000515,True,True,English,None,2025-04-14
PR000516,C000516,True,True,Spanish,None,2025-01-12
PR000517,C000517,True,True,Spanish,SMS,2022-11-24
PR000518,C000518,True,True,Spanish,None,2025-05-23
PR000519,C000519,True,True,English,Email,2025-09-21
PR000520,C000520,False,True,English,None,2025-05-08
PR000521,C000521,True,True,English,Mobile App,2023-03-09
PR000522,C000522,True,False,Spanish,Email,2023-10-10
PR000523,C000523,True,True,English,Mobile App,2026-01-27
PR000524,C000524,True,True,Spanish,Mobile App,2025-08-25
PR000525,C000525,True,False,English,None,2025-12-16
PR000526,C000526,True,False,English,Email,2026-04-23
PR000527,C000527,True,True,English,Email,2025-01-17
PR000528,C000528,False,True,English,Email,2024-11-13
PR000529,C000529,False,True,English,Mobile App,2025-06-25
PR000530,C000530,False,True,Spanish,None,2026-03-24
PR000531,C000531,False,False,English,Mobile App,2022-10-06
PR000532,C000532,True,True,English,None,2025-10-30
PR000533,C000533,True,True,Spanish,None,2024-06-21
PR000534,C000534,True,True,English,Email,2025-01-15
PR000535,C000535,True,True,Spanish,Mobile App,2023-08-09
PR000536,C000536,True,True,English,None,2026-07-07
PR000537,C000537,True,False,Spanish,Email,2024-10-26
PR000538,C000538,True,False,Spanish,None,2024-03-20
PR000539,C000539,True,True,Spanish,Email,2026-02-24
PR000540,C000540,True,False,English,None,2026-06-01
PR000541,C000541,True,True,English,None,2026-04-07
PR000542,C000542,True,False,English,Email,2022-03-28
PR000543,C000543,True,True,English,None,2025-12-17
PR000544,C000544,True,False,English,SMS,2023-11-05
PR000545,C000545,True,True,Spanish,None,2026-03-07
PR000546,C000546,True,False,English,Email,2022-07-15
PR000547,C000547,False,True,English,Email,2022-05-20
PR000548,C000548,True,True,Spanish,Email,2025-08-05
PR000549,C000549,True,True,English,SMS,2026-03-16
PR000550,C000550,True,True,Spanish,Mobile App,2026-01-24
PR000551,C000551,False,True,English,SMS,2026-06-18
PR000552,C000552,True,True,English,Mobile App,2025-07-01
PR000553,C000553,True,False,English,None,2026-07-04
PR000554,C000554,True,True,Spanish,SMS,2025-05-22
PR000555,C000555,True,True,English,Email,2024-11-27
PR000556,C000556,True,True,English,Mobile App,2025-01-27
PR000557,C000557,True,True,English,Mobile App,2026-05-20
PR000558,C000558,True,True,English,None,2026-04-19
PR000559,C000559,True,True,English,Email,2024-04-09
PR000560,C000560,True,True,Spanish,Email,2026-02-01
PR000561,C000561,False,True,English,Email,2026-06-11
PR000562,C000562,True,False,Spanish,Mobile App,2023-09-17
PR000563,C000563,True,True,English,Email,2022-04-30
PR000564,C000564,True,False,Spanish,SMS,2023-03-10
PR000565,C000565,False,True,English,None,2026-06-29
PR000566,C000566,True,True,English,Email,2024-10-30
PR000567,C000567,True,True,English,None,2026-06-22
PR000568,C000568,False,True,English,Email,2025-10-01
PR000569,C000569,True,False,English,Mobile App,2025-07-12
PR000570,C000570,True,True,English,Mobile App,2026-07-02
PR000571,C000571,True,True,English,SMS,2025-09-18
PR000572,C000572,True,False,English,None,2026-03-26
PR000573,C000573,True,True,Spanish,Email,2025-01-20
PR000574,C000574,True,True,Spanish,Email,2026-03-25
PR000575,C000575,True,False,English,None,2024-12-14
PR000576,C000576,True,False,Spanish,SMS,2025-08-08
PR000577,C000577,True,True,Spanish,None,2024-09-09
PR000578,C000578,False,True,English,Mobile App,2026-06-16
PR000579,C000579,True,True,English,SMS,2026-05-03
PR000580,C000580,True,True,English,Email,2024-02-08
PR000581,C000581,True,False,Spanish,Mobile App,2025-09-16
PR000582,C000582,False,True,English,None,2024-06-28
PR000583,C000583,True,True,Spanish,Email,2024-08-07
PR000584,C000584,False,True,English,SMS,2022-04-21
PR000585,C000585,False,True,English,None,2025-02-13
PR000586,C000586,False,True,English,None,2023-06-26
PR000587,C000587,True,True,English,Email,2026-04-05
PR000588,C000588,True,True,English,None,2026-06-23
PR000589,C000589,True,True,English,Email,2025-12-02
PR000590,C000590,True,True,English,Mobile App,2025-08-16
PR000591,C000591,True,False,English,Email,2025-02-15
PR000592,C000592,True,False,English,Mobile App,2026-03-04
PR000593,C000593,True,False,English,SMS,2024-08-02
PR000594,C000594,True,False,English,SMS,2024-03-22
PR000595,C000595,True,True,Spanish,None,2025-11-26
PR000596,C000596,True,False,Spanish,Mobile App,2026-02-06
PR000597,C000597,True,False,English,SMS,2025-04-13
PR000598,C000598,True,True,English,SMS,2026-05-25
PR000599,C000599,False,False,English,Email,2026-03-01
PR000600,C000600,True,True,English,SMS,2022-05-10
PR000601,C000601,False,False,English,Email,2025-08-08
PR000602,C000602,False,False,Spanish,SMS,2024-10-15
PR000603,C000603,False,True,English,Email,2025-04-12
PR000604,C000604,False,True,English,SMS,2023-12-03
PR000605,C000605,True,True,English,Email,2025-12-07
PR000606,C000606,False,False,English,SMS,2026-04-25
PR000607,C000607,True,False,English,None,2026-06-20
PR000608,C000608,False,True,English,Mobile App,2025-06-20
PR000609,C000609,True,False,English,Mobile App,2025-11-16
PR000610,C000610,True,True,Spanish,Email,2025-08-23
PR000611,C000611,False,True,English,None,2026-03-26
PR000612,C000612,True,True,English,Mobile App,2026-06-23
PR000613,C000613,True,True,English,None,2023-11-13
PR000614,C000614,False,True,English,None,2026-06-03
PR000615,C000615,True,False,English,None,2026-01-29
PR000616,C000616,False,True,English,Email,2025-07-26
PR000617,C000617,False,False,English,None,2026-06-17
PR000618,C000618,False,False,English,None,2023-09-09
PR000619,C000619,True,True,English,SMS,2026-06-27
PR000620,C000620,True,True,English,SMS,2026-07-03
PR000621,C000621,True,True,English,SMS,2025-06-25
PR000622,C000622,True,False,English,Mobile App,2026-07-03
PR000623,C000623,False,True,English,Mobile App,2025-07-14
PR000624,C000624,True,False,English,Mobile App,2026-03-01
PR000625,C000625,True,False,English,SMS,2026-05-13
PR000626,C000626,False,True,English,None,2024-12-23
PR000627,C000627,True,False,Spanish,None,2026-01-01
PR000628,C000628,False,True,English,Mobile App,2023-01-20
PR000629,C000629,True,False,Spanish,SMS,2024-12-23
PR000630,C000630,True,True,English,Mobile App,2025-10-31
PR000631,C000631,False,True,English,SMS,2023-06-16
PR000632,C000632,False,False,English,Email,2025-09-13
PR000633,C000633,True,True,English,Mobile App,2025-03-07
PR000634,C000634,True,True,English,Email,2023-08-04
PR000635,C000635,False,True,English,Email,2026-03-07
PR000636,C000636,True,True,English,Email,2025-11-01
PR000637,C000637,False,True,English,Mobile App,2023-11-30
PR000638,C000638,True,True,English,SMS,2026-04-07
PR000639,C000639,True,False,Spanish,Mobile App,2026-04-06
PR000640,C000640,True,False,English,SMS,2025-02-07
PR000641,C000641,True,True,English,Mobile App,2025-12-17
PR000642,C000642,True,False,Spanish,Email,2024-06-05
PR000643,C000643,True,False,English,None,2025-02-27
PR000644,C000644,True,True,Spanish,Mobile App,2024-06-05
PR000645,C000645,True,False,English,Email,2025-06-01
PR000646,C000646,True,True,English,None,2026-06-29
PR000647,C000647,False,False,Spanish,Email,2026-03-26
PR000648,C000648,True,True,Spanish,Mobile App,2023-07-07
PR000649,C000649,True,True,Spanish,None,2025-10-10
PR000650,C000650,True,False,English,SMS,2025-10-13
PR000651,C000651,True,False,Spanish,Mobile App,2022-05-10
PR000652,C000652,True,False,English,Email,2025-11-03
PR000653,C000653,True,True,English,Mobile App,2026-02-08
PR000654,C000654,True,True,English,Email,2023-12-24
PR000655,C000655,True,True,English,Email,2026-04-03
PR000656,C000656,True,False,English,Mobile App,2024-10-15
PR000657,C000657,False,True,English,SMS,2025-09-03
PR000658,C000658,False,True,English,Email,2022-07-30
PR000659,C000659,True,True,English,None,2024-04-10
PR000660,C000660,True,False,English,Mobile App,2025-03-30
PR000661,C000661,True,True,English,SMS,2026-02-01
PR000662,C000662,True,True,Spanish,None,2024-08-26
PR000663,C000663,True,True,English,SMS,2025-03-30
PR000664,C000664,True,False,English,None,2024-12-25
PR000665,C000665,True,True,English,Email,2025-06-03
PR000666,C000666,True,False,English,SMS,2024-07-21
PR000667,C000667,True,True,Spanish,Mobile App,2026-01-31
PR000668,C000668,True,True,Spanish,SMS,2025-11-03
PR000669,C000669,True,False,English,Mobile App,2026-03-06
PR000670,C000670,True,False,English,Email,2025-10-23
PR000671,C000671,True,True,English,None,2026-06-03
PR000672,C000672,True,True,English,None,2021-10-16
PR000673,C000673,True,True,English,Email,2026-03-27
PR000674,C000674,True,False,English,SMS,2025-06-05
PR000675,C000675,True,False,English,Email,2024-05-18
PR000676,C000676,True,True,English,None,2021-10-17
PR000677,C000677,True,False,English,Email,2026-02-22
PR000678,C000678,True,True,English,SMS,2026-06-08
PR000679,C000679,True,False,English,SMS,2024-10-27
PR000680,C000680,True,True,English,Email,2026-05-26
PR000681,C000681,False,True,English,Mobile App,2024-08-25
PR000682,C000682,True,True,English,Email,2026-06-07
PR000683,C000683,False,True,Spanish,None,2023-09-19
PR000684,C000684,True,False,English,Email,2022-07-28
PR000685,C000685,True,True,English,Mobile App,2025-09-12
PR000686,C000686,True,True,Spanish,None,2024-04-22
PR000687,C000687,False,True,Spanish,SMS,2023-11-18
PR000688,C000688,True,True,English,Mobile App,2025-10-31
PR000689,C000689,True,True,English,Email,2025-09-21
PR000690,C000690,False,True,English,None,2026-02-12
PR000691,C000691,True,False,Spanish,Mobile App,2024-03-15
PR000692,C000692,False,False,English,Email,2026-05-19
PR000693,C000693,True,True,English,Email,2026-03-31
PR000694,C000694,True,True,Spanish,Mobile App,2025-09-29
PR000695,C000695,True,True,English,None,2026-04-01
PR000696,C000696,True,True,English,None,2025-09-02
PR000697,C000697,False,True,English,None,2022-10-07
PR000698,C000698,True,True,English,SMS,2025-12-26
PR000699,C000699,True,True,English,None,2025-11-16
PR000700,C000700,False,True,English,None,2024-01-12
PR000701,C000701,True,True,English,Mobile App,2023-01-29
PR000702,C000702,True,True,English,SMS,2026-06-05
PR000703,C000703,True,True,English,Email,2025-02-19
PR000704,C000704,True,True,English,SMS,2022-02-19
PR000705,C000705,True,True,English,Mobile App,2025-01-05
PR000706,C000706,True,True,English,SMS,2024-12-09
PR000707,C000707,True,False,English,Email,2026-02-18
PR000708,C000708,True,False,English,Email,2025-12-19
PR000709,C000709,True,True,Spanish,Mobile App,2025-03-08
PR000710,C000710,True,False,English,Email,2025-08-30
PR000711,C000711,True,True,English,Email,2026-03-23
PR000712,C000712,False,True,English,Email,2025-07-16
PR000713,C000713,False,True,English,Email,2026-05-24
PR000714,C000714,True,True,English,None,2023-12-24
PR000715,C000715,True,False,Spanish,Email,2025-10-08
PR000716,C000716,True,True,English,Mobile App,2023-08-22
PR000717,C000717,True,True,English,Email,2026-03-07
PR000718,C000718,True,False,Spanish,Mobile App,2023-08-25
PR000719,C000719,True,True,Spanish,None,2024-01-09
PR000720,C000720,True,True,English,None,2024-04-24
PR000721,C000721,False,True,Spanish,Email,2024-05-15
PR000722,C000722,True,False,Spanish,None,2026-06-03
PR000723,C000723,True,True,English,None,2026-05-26
PR000724,C000724,True,True,English,SMS,2024-04-19
PR000725,C000725,False,False,English,None,2026-04-30
PR000726,C000726,True,True,English,None,2025-04-06
PR000727,C000727,True,True,English,Email,2023-12-04
PR000728,C000728,False,True,English,None,2026-01-13
PR000729,C000729,True,False,Spanish,None,2026-02-28
PR000730,C000730,True,False,English,None,2026-02-01
PR000731,C000731,False,False,English,SMS,2024-08-07
PR000732,C000732,False,True,Spanish,SMS,2023-12-03
PR000733,C000733,True,True,English,Email,2022-01-28
PR000734,C000734,False,True,English,SMS,2025-10-24
PR000735,C000735,False,True,English,None,2026-02-28
PR000736,C000736,True,True,English,SMS,2026-03-25
PR000737,C000737,True,True,English,Mobile App,2026-04-02
PR000738,C000738,True,True,English,SMS,2026-04-19
PR000739,C000739,True,True,English,Mobile App,2026-07-03
PR000740,C000740,False,True,English,Mobile App,2025-09-24
PR000741,C000741,True,True,English,Mobile App,2024-08-08
PR000742,C000742,True,False,English,SMS,2026-06-18
PR000743,C000743,True,True,English,None,2024-11-26
PR000744,C000744,False,True,English,None,2024-11-04
PR000745,C000745,False,False,English,Email,2025-11-22
PR000746,C000746,False,False,English,Mobile App,2023-12-24
PR000747,C000747,True,False,Spanish,Mobile App,2025-03-09
PR000748,C000748,True,True,English,Email,2026-05-20
PR000749,C000749,True,False,English,None,2026-01-28
PR000750,C000750,True,True,English,Email,2025-11-17
PR000751,C000751,True,True,Spanish,SMS,2024-08-18
PR000752,C000752,True,False,English,None,2025-08-03
PR000753,C000753,True,True,English,None,2025-04-02
PR000754,C000754,True,False,English,None,2026-06-07
PR000755,C000755,True,True,English,SMS,2024-03-07
PR000756,C000756,False,False,English,None,2026-03-12
PR000757,C000757,True,True,English,Mobile App,2025-07-20
PR000758,C000758,True,True,English,None,2025-10-27
PR000759,C000759,True,True,Spanish,SMS,2024-01-16
PR000760,C000760,True,False,Spanish,Email,2024-11-05
PR000761,C000761,False,True,English,SMS,2023-07-10
PR000762,C000762,False,True,English,Email,2024-08-29
PR000763,C000763,True,True,English,Email,2024-01-15
PR000764,C000764,True,True,English,Mobile App,2025-11-11
PR000765,C000765,True,True,English,Mobile App,2026-02-16
PR000766,C000766,False,True,English,None,2025-12-10
PR000767,C000767,False,False,English,SMS,2024-02-22
PR000768,C000768,True,False,English,None,2026-05-27
PR000769,C000769,True,False,Spanish,SMS,2024-12-21
PR000770,C000770,False,True,English,SMS,2025-09-03
PR000771,C000771,True,True,English,Email,2023-11-19
PR000772,C000772,True,False,Spanish,Mobile App,2024-12-23
PR000773,C000773,False,True,English,SMS,2023-09-08
PR000774,C000774,True,False,Spanish,None,2026-07-01
PR000775,C000775,True,False,English,Mobile App,2024-12-13
PR000776,C000776,True,True,English,Mobile App,2025-10-10
PR000777,C000777,True,False,English,Mobile App,2024-08-13
PR000778,C000778,True,True,English,None,2024-10-27
PR000779,C000779,True,False,English,None,2022-03-29
PR000780,C000780,True,True,Spanish,Mobile App,2026-05-16
PR000781,C000781,True,True,English,Mobile App,2025-09-08
PR000782,C000782,True,True,Spanish,Mobile App,2026-03-11
PR000783,C000783,True,True,English,Mobile App,2026-03-10
PR000784,C000784,True,True,English,Email,2023-06-12
PR000785,C000785,True,False,English,Email,2023-09-26
PR000786,C000786,True,True,English,None,2026-01-05
PR000787,C000787,True,True,English,Email,2026-02-20
PR000788,C000788,True,True,English,None,2024-01-25
PR000789,C000789,True,True,English,Mobile App,2025-09-10
PR000790,C000790,True,True,Spanish,Mobile App,2026-06-26
PR000791,C000791,True,True,Spanish,None,2026-05-25
PR000792,C000792,False,False,English,None,2024-02-05
PR000793,C000793,True,True,Spanish,None,2025-01-09
PR000794,C000794,True,False,English,Mobile App,2025-06-16
PR000795,C000795,False,True,English,SMS,2024-07-30
PR000796,C000796,True,True,English,Email,2026-05-26
PR000797,C000797,False,True,Spanish,Mobile App,2026-02-28
PR000798,C000798,True,True,Spanish,Mobile App,2025-03-27
PR000799,C000799,True,True,English,SMS,2024-11-28
PR000800,C000800,True,False,Spanish,SMS,2025-08-17
PR000801,C000801,True,True,Spanish,None,2024-08-06
PR000802,C000802,True,True,English,Email,2025-09-01
PR000803,C000803,True,True,English,None,2025-03-20
PR000804,C000804,False,False,English,None,2026-01-21
PR000805,C000805,True,True,English,Email,2024-04-01
PR000806,C000806,True,True,English,SMS,2025-08-11
PR000807,C000807,False,False,English,None,2023-07-21
PR000808,C000808,True,True,English,None,2026-03-13
PR000809,C000809,False,True,Spanish,Mobile App,2026-05-19
PR000810,C000810,True,True,Spanish,SMS,2025-09-11
PR000811,C000811,False,True,Spanish,SMS,2025-07-26
PR000812,C000812,True,True,English,SMS,2024-11-19
PR000813,C000813,True,True,English,SMS,2024-02-03
PR000814,C000814,False,True,English,None,2026-06-20
PR000815,C000815,False,True,English,Email,2026-01-10
PR000816,C000816,True,True,English,Mobile App,2023-02-02
PR000817,C000817,True,True,English,None,2024-02-20
PR000818,C000818,False,True,Spanish,SMS,2025-01-15
PR000819,C000819,True,True,Spanish,Mobile App,2025-07-03
PR000820,C000820,True,False,Spanish,SMS,2024-04-15
PR000821,C000821,True,True,English,Email,2024-09-04
PR000822,C000822,True,True,English,SMS,2025-06-10
PR000823,C000823,True,True,Spanish,SMS,2025-05-09
PR000824,C000824,True,True,Spanish,SMS,2025-08-19
PR000825,C000825,True,False,English,None,2026-04-26
PR000826,C000826,True,True,Spanish,SMS,2025-09-10
PR000827,C000827,True,True,Spanish,Mobile App,2024-02-15
PR000828,C000828,False,True,English,Mobile App,2026-03-19
PR000829,C000829,False,True,English,Mobile App,2023-01-16
PR000830,C000830,False,True,English,SMS,2023-11-11
PR000831,C000831,True,True,English,SMS,2026-03-13
PR000832,C000832,True,True,English,None,2025-08-12
PR000833,C000833,False,True,English,Email,2025-11-29
PR000834,C000834,False,True,English,Email,2023-06-12
PR000835,C000835,True,False,Spanish,SMS,2022-12-31
PR000836,C000836,True,True,English,None,2025-07-27
PR000837,C000837,True,True,English,None,2026-05-12
PR000838,C000838,True,True,English,Email,2026-06-24
PR000839,C000839,True,True,English,None,2025-04-27
PR000840,C000840,True,False,English,None,2025-12-25
PR000841,C000841,True,True,English,Email,2026-04-07
PR000842,C000842,True,True,English,Mobile App,2021-09-30
PR000843,C000843,True,False,English,Mobile App,2023-09-05
PR000844,C000844,False,True,English,Email,2026-03-25
PR000845,C000845,True,False,Spanish,SMS,2024-02-29
PR000846,C000846,True,True,English,None,2023-01-15
PR000847,C000847,True,False,Spanish,SMS,2026-07-06
PR000848,C000848,True,False,Spanish,Email,2026-06-14
PR000849,C000849,True,True,English,Email,2026-01-08
PR000850,C000850,True,True,English,None,2025-12-04
PR000851,C000851,True,True,English,Mobile App,2026-02-05
PR000852,C000852,True,False,Spanish,Email,2026-06-27
PR000853,C000853,True,True,English,SMS,2024-09-08
PR000854,C000854,True,False,English,None,2026-05-29
PR000855,C000855,True,True,English,None,2023-10-26
PR000856,C000856,True,True,English,SMS,2025-10-22
PR000857,C000857,False,True,English,SMS,2021-11-16
PR000858,C000858,False,True,Spanish,Email,2025-01-10
PR000859,C000859,False,True,Spanish,Mobile App,2026-04-24
PR000860,C000860,True,True,English,Email,2025-04-27
PR000861,C000861,False,False,English,None,2026-06-30
PR000862,C000862,True,True,English,None,2026-05-29
PR000863,C000863,True,False,English,None,2026-05-18
PR000864,C000864,False,False,English,Email,2024-12-26
PR000865,C000865,False,True,English,Email,2025-08-22
PR000866,C000866,True,False,English,Mobile App,2026-01-19
PR000867,C000867,True,True,Spanish,SMS,2025-10-08
PR000868,C000868,True,True,English,None,2025-05-10
PR000869,C000869,True,True,English,Mobile App,2026-05-08
PR000870,C000870,False,True,English,Email,2024-03-25
PR000871,C000871,True,True,Spanish,Email,2025-11-29
PR000872,C000872,True,True,Spanish,Mobile App,2025-01-19
PR000873,C000873,True,True,English,SMS,2023-12-07
PR000874,C000874,True,False,English,SMS,2025-04-19
PR000875,C000875,False,True,Spanish,Mobile App,2024-06-16
PR000876,C000876,True,False,English,Mobile App,2025-09-01
PR000877,C000877,True,True,English,SMS,2025-05-01
PR000878,C000878,True,False,English,Mobile App,2026-07-03
PR000879,C000879,False,False,English,Mobile App,2025-07-29
PR000880,C000880,False,True,English,SMS,2023-12-12
PR000881,C000881,True,False,English,SMS,2026-02-11
PR000882,C000882,True,False,English,Mobile App,2026-06-23
PR000883,C000883,False,True,Spanish,SMS,2022-05-21
PR000884,C000884,True,False,Spanish,None,2026-01-15
PR000885,C000885,True,False,Spanish,Email,2022-05-01
PR000886,C000886,True,False,English,Email,2026-04-24
PR000887,C000887,True,True,English,SMS,2026-01-26
PR000888,C000888,True,True,English,Email,2023-06-09
PR000889,C000889,True,True,Spanish,None,2026-01-29
PR000890,C000890,True,False,English,None,2025-04-03
PR000891,C000891,True,True,Spanish,Mobile App,2026-04-29
PR000892,C000892,True,False,English,Mobile App,2023-03-01
PR000893,C000893,True,False,English,None,2026-04-01
PR000894,C000894,True,False,English,None,2024-09-07
PR000895,C000895,True,True,English,SMS,2025-12-15
PR000896,C000896,True,True,English,SMS,2026-06-22
PR000897,C000897,True,True,English,SMS,2024-08-19
PR000898,C000898,True,False,Spanish,None,2025-10-19
PR000899,C000899,False,False,English,Email,2025-12-18
PR000900,C000900,True,True,English,Email,2026-03-29
PR000901,C000901,True,False,Spanish,Email,2024-05-30
PR000902,C000902,False,True,English,SMS,2023-11-15
PR000903,C000903,True,True,English,SMS,2025-03-23
PR000904,C000904,True,True,Spanish,SMS,2025-11-12
PR000905,C000905,False,True,English,Email,2025-02-05
PR000906,C000906,False,False,English,Mobile App,2026-03-12
PR000907,C000907,True,True,English,Email,2026-06-15
PR000908,C000908,True,True,Spanish,Email,2023-08-15
PR000909,C000909,True,False,English,SMS,2021-10-21
PR000910,C000910,False,True,English,None,2025-06-06
PR000911,C000911,True,True,Spanish,SMS,2023-06-04
PR000912,C000912,True,False,English,Mobile App,2022-10-28
PR000913,C000913,True,True,Spanish,Mobile App,2024-05-22
PR000914,C000914,True,True,English,None,2026-02-18
PR000915,C000915,True,True,English,Mobile App,2025-08-05
PR000916,C000916,True,False,English,Mobile App,2023-01-12
PR000917,C000917,False,True,English,None,2025-10-05
PR000918,C000918,True,True,English,Mobile App,2026-07-07
PR000919,C000919,True,True,English,None,2025-08-25
PR000920,C000920,True,True,English,Email,2025-10-03
PR000921,C000921,False,True,English,None,2025-02-14
PR000922,C000922,True,True,English,Email,2026-07-02
PR000923,C000923,True,True,English,None,2026-04-09
PR000924,C000924,True,True,English,Mobile App,2024-04-04
PR000925,C000925,False,True,Spanish,Email,2022-06-29
PR000926,C000926,False,True,Spanish,SMS,2025-04-01
PR000927,C000927,True,True,English,None,2023-01-15
PR000928,C000928,True,True,Spanish,Mobile App,2026-07-05
PR000929,C000929,True,True,English,None,2024-04-30
PR000930,C000930,True,False,English,Email,2023-07-14
PR000931,C000931,True,True,Spanish,None,2025-09-08
PR000932,C000932,True,True,English,Email,2026-03-06
PR000933,C000933,True,True,English,None,2026-03-15
PR000934,C000934,True,True,Spanish,SMS,2026-05-27
PR000935,C000935,True,False,English,Mobile App,2026-06-11
PR000936,C000936,True,True,English,SMS,2024-04-21
PR000937,C000937,True,False,Spanish,None,2025-09-17
PR000938,C000938,False,True,Spanish,SMS,2025-04-09
PR000939,C000939,True,False,English,Mobile App,2025-08-10
PR000940,C000940,True,True,English,None,2024-07-26
PR000941,C000941,True,True,English,Email,2025-10-14
PR000942,C000942,True,True,English,SMS,2024-12-16
PR000943,C000943,True,False,Spanish,Mobile App,2026-01-24
PR000944,C000944,True,False,Spanish,Email,2025-06-28
PR000945,C000945,False,True,English,None,2025-08-10
PR000946,C000946,True,True,English,SMS,2023-12-07
PR000947,C000947,True,True,Spanish,Mobile App,2026-06-12
PR000948,C000948,True,True,English,Email,2025-08-21
PR000949,C000949,True,True,English,None,2023-08-10
PR000950,C000950,False,False,English,None,2026-02-06
PR000951,C000951,True,True,English,SMS,2024-09-20
PR000952,C000952,False,True,Spanish,Email,2026-02-22
PR000953,C000953,True,True,Spanish,None,2024-07-27
PR000954,C000954,True,True,English,None,2025-02-09
PR000955,C000955,True,False,Spanish,SMS,2025-03-12
PR000956,C000956,True,False,Spanish,Email,2022-12-13
PR000957,C000957,True,True,Spanish,Email,2026-03-31
PR000958,C000958,True,True,Spanish,SMS,2025-04-16
PR000959,C000959,True,True,Spanish,None,2025-02-24
PR000960,C000960,False,True,English,Mobile App,2023-06-28
PR000961,C000961,True,False,English,None,2025-06-05
PR000962,C000962,True,False,English,SMS,2026-07-07
PR000963,C000963,True,True,English,None,2025-05-17
PR000964,C000964,True,True,English,None,2026-03-14
PR000965,C000965,True,False,English,SMS,2024-02-22
PR000966,C000966,True,True,English,SMS,2026-05-19
PR000967,C000967,True,True,English,None,2025-01-07
PR000968,C000968,False,True,Spanish,Mobile App,2025-03-20
PR000969,C000969,False,True,English,SMS,2024-12-21
PR000970,C000970,True,True,English,SMS,2025-10-06
PR000971,C000971,False,False,Spanish,Mobile App,2026-05-31
PR000972,C000972,True,True,Spanish,Email,2026-05-14
PR000973,C000973,True,False,Spanish,Mobile App,2024-11-20
PR000974,C000974,False,True,English,Mobile App,2025-02-27
PR000975,C000975,True,False,English,Mobile App,2025-10-30
PR000976,C000976,True,True,Spanish,SMS,2025-07-11
PR000977,C000977,True,True,Spanish,Mobile App,2022-12-26
PR000978,C000978,False,False,English,Email,2026-04-19
PR000979,C000979,True,True,English,Mobile App,2023-07-01
PR000980,C000980,True,False,English,SMS,2024-02-17
PR000981,C000981,True,False,English,SMS,2022-07-13
PR000982,C000982,True,True,Spanish,Mobile App,2025-07-22
PR000983,C000983,True,True,English,SMS,2025-04-28
PR000984,C000984,False,True,Spanish,Email,2026-03-10
PR000985,C000985,True,True,English,SMS,2026-06-10
PR000986,C000986,True,True,English,None,2024-12-19
PR000987,C000987,True,True,English,Mobile App,2024-09-06
PR000988,C000988,True,True,Spanish,Email,2024-03-24
PR000989,C000989,True,True,Spanish,SMS,2025-06-28
PR000990,C000990,True,True,Spanish,SMS,2025-02-26
PR000991,C000991,True,True,English,Mobile App,2026-07-04
PR000992,C000992,True,True,English,Mobile App,2026-04-02
PR000993,C000993,False,False,Spanish,SMS,2023-06-29
PR000994,C000994,True,True,English,SMS,2025-07-19
PR000995,C000995,True,True,English,Mobile App,2025-11-01
PR000996,C000996,True,True,English,SMS,2023-09-21
PR000997,C000997,False,True,English,SMS,2025-06-19
PR000998,C000998,True,False,English,Email,2025-10-18
PR000999,C000999,True,True,English,Mobile App,2026-05-07
PR001000,C001000,True,True,English,Mobile App,2025-06-12
PR001001,C001001,True,False,Spanish,Email,2023-09-24
PR001002,C001002,True,True,English,None,2024-03-01
PR001003,C001003,True,False,English,SMS,2022-07-11
PR001004,C001004,True,False,Spanish,Email,2026-06-27
PR001005,C001005,True,True,English,Mobile App,2026-07-04
PR001006,C001006,True,True,English,Mobile App,2024-07-12
PR001007,C001007,True,False,Spanish,Email,2024-12-02
PR001008,C001008,False,False,English,Mobile App,2026-06-24
PR001009,C001009,True,True,English,None,2024-11-26
PR001010,C001010,True,False,English,SMS,2025-01-14
PR001011,C001011,True,True,English,Mobile App,2026-06-28
PR001012,C001012,True,False,English,None,2025-06-21
PR001013,C001013,True,True,Spanish,Email,2023-02-02
PR001014,C001014,True,False,Spanish,None,2024-04-25
PR001015,C001015,False,False,Spanish,Mobile App,2026-03-24
PR001016,C001016,True,True,English,Mobile App,2026-03-04
PR001017,C001017,True,False,Spanish,SMS,2025-06-13
PR001018,C001018,False,True,Spanish,None,2026-06-13
PR001019,C001019,True,True,English,Email,2026-02-11
PR001020,C001020,True,True,English,Mobile App,2024-03-30
PR001021,C001021,True,False,Spanish,Email,2025-11-21
PR001022,C001022,True,True,English,Email,2026-04-28
PR001023,C001023,True,True,English,None,2023-12-02
PR001024,C001024,True,True,English,None,2024-04-07
PR001025,C001025,True,False,Spanish,Mobile App,2024-09-03
PR001026,C001026,True,True,English,None,2026-02-17
PR001027,C001027,True,True,English,Email,2025-01-28
PR001028,C001028,True,False,Spanish,Mobile App,2026-01-25
PR001029,C001029,False,True,English,None,2023-01-26
PR001030,C001030,True,False,English,SMS,2026-01-25
PR001031,C001031,False,True,Spanish,Mobile App,2026-06-26
PR001032,C001032,True,False,English,Email,2025-09-01
PR001033,C001033,True,False,Spanish,SMS,2026-06-25
PR001034,C001034,False,True,English,Mobile App,2026-05-25
PR001035,C001035,True,True,English,SMS,2026-05-28
PR001036,C001036,True,True,English,SMS,2025-05-05
PR001037,C001037,True,False,Spanish,SMS,2026-05-27
PR001038,C001038,True,True,Spanish,SMS,2026-06-20
PR001039,C001039,True,False,English,None,2026-05-19
PR001040,C001040,True,True,Spanish,SMS,2026-06-06
PR001041,C001041,False,True,Spanish,None,2025-01-04
PR001042,C001042,True,False,English,Mobile App,2023-12-23
PR001043,C001043,True,True,English,Email,2025-03-13
PR001044,C001044,True,True,English,Email,2024-10-13
PR001045,C001045,True,False,English,Mobile App,2025-10-24
PR001046,C001046,True,True,English,SMS,2026-01-14
PR001047,C001047,True,False,Spanish,Mobile App,2026-05-12
PR001048,C001048,True,False,English,None,2025-02-05
PR001049,C001049,True,True,Spanish,Email,2023-03-28
PR001050,C001050,True,False,English,Mobile App,2026-05-13
PR001051,C001051,True,True,English,Mobile App,2025-02-27
PR001052,C001052,True,True,English,Mobile App,2023-06-16
PR001053,C001053,True,True,Spanish,None,2025-10-15
PR001054,C001054,True,True,English,Email,2026-03-26
PR001055,C001055,False,True,Spanish,Mobile App,2025-12-27
PR001056,C001056,True,False,English,SMS,2024-11-30
PR001057,C001057,False,True,English,Mobile App,2025-12-15
PR001058,C001058,True,False,English,Email,2026-06-09
PR001059,C001059,True,True,English,Mobile App,2026-01-20
PR001060,C001060,True,True,English,Email,2026-04-26
PR001061,C001061,True,True,English,None,2025-05-03
PR001062,C001062,True,True,English,Mobile App,2024-05-09
PR001063,C001063,True,True,English,Mobile App,2026-02-04
PR001064,C001064,True,False,Spanish,None,2024-09-30
PR001065,C001065,True,True,English,Mobile App,2025-01-22
PR001066,C001066,False,False,English,Mobile App,2026-04-06
PR001067,C001067,True,True,Spanish,None,2025-01-24
PR001068,C001068,False,True,English,Email,2024-05-09
PR001069,C001069,False,True,English,Email,2024-11-18
PR001070,C001070,True,True,English,Email,2024-10-27
PR001071,C001071,False,True,English,Email,2026-07-03
PR001072,C001072,True,True,English,SMS,2025-11-11
PR001073,C001073,True,True,English,Mobile App,2024-09-30
PR001074,C001074,False,True,Spanish,Email,2025-08-20
PR001075,C001075,True,True,English,SMS,2026-04-26
PR001076,C001076,True,True,English,SMS,2024-08-18
PR001077,C001077,False,False,Spanish,None,2026-04-08
PR001078,C001078,True,True,English,None,2026-06-30
PR001079,C001079,True,False,Spanish,SMS,2025-05-25
PR001080,C001080,True,True,Spanish,SMS,2025-05-11
PR001081,C001081,True,False,English,None,2024-11-08
PR001082,C001082,False,False,Spanish,None,2023-07-07
PR001083,C001083,True,True,English,None,2025-12-11
PR001084,C001084,True,True,English,Mobile App,2025-11-22
PR001085,C001085,True,True,English,SMS,2024-03-13
PR001086,C001086,True,False,English,None,2026-06-01
PR001087,C001087,True,True,English,None,2026-05-29
PR001088,C001088,False,True,English,Mobile App,2023-08-04
PR001089,C001089,True,False,Spanish,SMS,2024-08-17
PR001090,C001090,True,False,English,Mobile App,2026-03-18
PR001091,C001091,False,True,Spanish,Mobile App,2025-11-19
PR001092,C001092,False,True,English,None,2026-02-18
PR001093,C001093,True,True,Spanish,Email,2025-02-07
PR001094,C001094,True,True,English,Email,2024-12-08
PR001095,C001095,True,True,English,Mobile App,2026-01-03
PR001096,C001096,True,False,English,SMS,2024-11-01
PR001097,C001097,True,False,English,None,2024-05-22
PR001098,C001098,True,True,English,Email,2025-08-30
PR001099,C001099,True,True,English,SMS,2024-12-06
PR001100,C001100,False,True,Spanish,SMS,2022-11-18
PR001101,C001101,False,True,Spanish,None,2025-04-08
PR001102,C001102,False,True,English,None,2026-06-15
PR001103,C001103,True,True,English,SMS,2024-11-06
PR001104,C001104,True,True,English,SMS,2026-07-01
PR001105,C001105,True,True,English,SMS,2025-05-21
PR001106,C001106,True,False,English,Mobile App,2025-07-22
PR001107,C001107,False,False,English,SMS,2022-09-21
PR001108,C001108,True,True,English,Email,2026-04-15
PR001109,C001109,True,True,Spanish,Email,2024-04-28
PR001110,C001110,True,True,Spanish,SMS,2024-11-04
PR001111,C001111,True,False,Spanish,SMS,2024-11-03
PR001112,C001112,False,True,English,SMS,2024-06-09
PR001113,C001113,True,True,Spanish,Email,2025-11-20
PR001114,C001114,True,False,English,SMS,2026-03-16
PR001115,C001115,False,True,English,Mobile App,2023-02-02
PR001116,C001116,True,True,English,Mobile App,2024-01-20
PR001117,C001117,False,True,English,Mobile App,2023-07-07
PR001118,C001118,True,True,Spanish,SMS,2025-10-10
PR001119,C001119,True,True,English,None,2025-01-18
PR001120,C001120,False,False,English,Email,2025-10-08
PR001121,C001121,False,True,Spanish,Email,2025-02-21
PR001122,C001122,True,False,English,Mobile App,2023-12-10
PR001123,C001123,False,True,English,Mobile App,2022-10-30
PR001124,C001124,True,False,Spanish,None,2026-06-09
PR001125,C001125,False,True,English,Email,2024-09-03
PR001126,C001126,True,False,English,Mobile App,2026-07-07
PR001127,C001127,True,True,Spanish,SMS,2026-06-01
PR001128,C001128,True,False,English,Mobile App,2026-04-27
PR001129,C001129,False,True,English,None,2025-04-11
PR001130,C001130,False,True,Spanish,SMS,2023-10-07
PR001131,C001131,True,True,English,Mobile App,2026-05-10
PR001132,C001132,True,True,English,Email,2026-04-08
PR001133,C001133,True,True,English,Mobile App,2025-11-15
PR001134,C001134,True,False,English,SMS,2026-03-13
PR001135,C001135,True,True,English,None,2025-12-07
PR001136,C001136,True,True,English,Email,2023-07-05
PR001137,C001137,True,True,English,SMS,2026-05-14
PR001138,C001138,True,False,Spanish,Email,2024-08-14
PR001139,C001139,True,False,English,Mobile App,2025-12-06
PR001140,C001140,True,False,English,SMS,2026-04-04
PR001141,C001141,True,False,English,Mobile App,2026-05-07
PR001142,C001142,True,True,English,Mobile App,2024-06-09
PR001143,C001143,True,True,Spanish,Mobile App,2025-03-02
PR001144,C001144,True,False,English,SMS,2025-05-25
PR001145,C001145,True,True,English,None,2022-07-06
PR001146,C001146,True,True,English,Email,2025-08-08
PR001147,C001147,False,True,Spanish,Email,2023-11-06
PR001148,C001148,True,True,English,None,2026-03-05
PR001149,C001149,True,True,English,Mobile App,2025-12-21
PR001150,C001150,True,False,Spanish,SMS,2022-10-08
PR001151,C001151,True,True,English,None,2026-06-17
PR001152,C001152,True,False,English,SMS,2024-11-25
PR001153,C001153,False,False,English,Mobile App,2026-06-23
PR001154,C001154,True,True,English,None,2026-06-21
PR001155,C001155,True,False,English,SMS,2025-05-15
PR001156,C001156,True,True,English,Email,2025-04-12
PR001157,C001157,True,True,Spanish,Mobile App,2024-08-07
PR001158,C001158,True,True,English,SMS,2026-03-21
PR001159,C001159,False,True,English,SMS,2026-03-24
PR001160,C001160,False,False,English,SMS,2026-06-02
PR001161,C001161,True,False,English,Mobile App,2025-12-26
PR001162,C001162,True,True,English,Mobile App,2024-07-21
PR001163,C001163,False,False,Spanish,Email,2026-05-19
PR001164,C001164,False,False,English,None,2026-06-11
PR001165,C001165,False,False,English,None,2025-11-03
PR001166,C001166,True,False,English,Mobile App,2025-09-01
PR001167,C001167,True,False,English,Email,2025-10-25
PR001168,C001168,True,True,English,None,2024-10-19
PR001169,C001169,True,False,English,None,2022-05-04
PR001170,C001170,False,False,English,Email,2026-06-01
PR001171,C001171,False,True,Spanish,None,2025-04-09
PR001172,C001172,True,False,Spanish,None,2024-04-22
PR001173,C001173,True,True,English,Mobile App,2025-09-29
PR001174,C001174,False,False,English,SMS,2026-05-21
PR001175,C001175,True,True,English,Mobile App,2026-01-21
PR001176,C001176,True,True,English,SMS,2023-02-13
PR001177,C001177,True,True,Spanish,Mobile App,2025-11-18
PR001178,C001178,True,True,Spanish,Mobile App,2026-05-27
PR001179,C001179,True,True,English,SMS,2025-09-11
PR001180,C001180,False,False,English,None,2025-11-08
PR001181,C001181,True,True,English,SMS,2025-10-11
PR001182,C001182,True,False,Spanish,SMS,2025-03-02
PR001183,C001183,False,True,English,SMS,2024-05-06
PR001184,C001184,False,True,English,Email,2026-01-04
PR001185,C001185,True,True,English,SMS,2026-03-03
PR001186,C001186,False,False,English,Mobile App,2025-05-01
PR001187,C001187,True,True,English,SMS,2026-06-25
PR001188,C001188,True,True,English,SMS,2025-08-11
PR001189,C001189,True,False,English,None,2025-12-18
PR001190,C001190,False,False,Spanish,None,2025-10-03
PR001191,C001191,True,True,English,Email,2025-03-26
PR001192,C001192,False,True,English,None,2026-04-23
PR001193,C001193,True,True,Spanish,None,2025-10-01
PR001194,C001194,False,True,English,Mobile App,2024-03-03
PR001195,C001195,True,True,Spanish,None,2022-12-10
PR001196,C001196,True,True,English,Email,2023-06-19
PR001197,C001197,True,True,English,Mobile App,2026-01-28
PR001198,C001198,False,True,Spanish,Mobile App,2025-09-24
PR001199,C001199,True,False,Spanish,None,2024-11-19
PR001200,C001200,False,True,English,Mobile App,2025-11-22
PR001201,C001201,True,True,English,SMS,2025-02-22
PR001202,C001202,True,True,English,Mobile App,2026-07-03
PR001203,C001203,True,True,English,SMS,2026-05-18
PR001204,C001204,True,True,English,Email,2023-12-15
PR001205,C001205,True,True,English,Email,2026-02-26
PR001206,C001206,True,True,English,SMS,2026-04-24
PR001207,C001207,True,True,English,SMS,2026-04-05
PR001208,C001208,True,True,English,Email,2026-04-15
PR001209,C001209,False,True,English,Mobile App,2025-06-28
PR001210,C001210,True,True,Spanish,None,2025-10-29
PR001211,C001211,True,True,English,None,2026-06-29
PR001212,C001212,True,True,English,SMS,2026-06-25
PR001213,C001213,False,False,English,None,2026-05-30
PR001214,C001214,True,True,English,Email,2024-03-03
PR001215,C001215,True,True,English,Mobile App,2025-01-14
PR001216,C001216,True,False,English,Email,2024-08-26
PR001217,C001217,True,False,English,SMS,2024-11-11
PR001218,C001218,True,True,English,SMS,2024-12-05
PR001219,C001219,True,False,English,Mobile App,2024-04-03
PR001220,C001220,True,True,Spanish,SMS,2026-02-07
PR001221,C001221,False,True,English,Mobile App,2026-02-05
PR001222,C001222,False,True,English,None,2026-07-05
PR001223,C001223,True,True,English,Email,2025-09-15
PR001224,C001224,True,True,Spanish,None,2025-12-10
PR001225,C001225,True,False,English,Mobile App,2025-12-03
PR001226,C001226,True,True,English,SMS,2024-05-26
PR001227,C001227,False,True,English,Email,2025-01-01
PR001228,C001228,True,True,English,Email,2023-03-07
PR001229,C001229,True,True,English,Email,2023-04-12
PR001230,C001230,True,True,English,Email,2024-03-18
PR001231,C001231,True,True,Spanish,None,2023-05-28
PR001232,C001232,False,False,English,SMS,2024-04-08
PR001233,C001233,True,False,English,Email,2025-01-20
PR001234,C001234,True,True,English,None,2025-11-05
PR001235,C001235,True,False,Spanish,SMS,2024-11-18
PR001236,C001236,False,True,Spanish,Email,2024-10-22
PR001237,C001237,True,True,English,Email,2026-03-28
PR001238,C001238,False,True,English,Email,2024-02-16
PR001239,C001239,True,True,English,SMS,2026-01-09
PR001240,C001240,True,True,English,Email,2025-11-06
PR001241,C001241,True,True,English,Mobile App,2025-12-29
PR001242,C001242,True,True,Spanish,SMS,2023-07-24
PR001243,C001243,True,False,English,Mobile App,2025-12-21
PR001244,C001244,True,True,English,Mobile App,2026-01-20
PR001245,C001245,True,False,English,None,2023-09-14
PR001246,C001246,True,False,English,SMS,2026-01-21
PR001247,C001247,True,True,English,Mobile App,2025-06-08
PR001248,C001248,False,True,English,Mobile App,2025-09-12
PR001249,C001249,False,True,English,None,2025-09-17
PR001250,C001250,False,False,English,None,2025-07-21
PR001251,C001251,True,True,English,None,2025-07-31
PR001252,C001252,True,False,Spanish,Mobile App,2026-04-20
PR001253,C001253,True,False,English,Mobile App,2024-02-22
PR001254,C001254,True,False,English,SMS,2024-09-17
PR001255,C001255,True,True,English,Mobile App,2025-06-17
PR001256,C001256,False,True,English,Mobile App,2026-01-28
PR001257,C001257,True,True,English,None,2024-12-10
PR001258,C001258,True,False,Spanish,Email,2023-12-31
PR001259,C001259,True,True,English,None,2024-07-23
PR001260,C001260,False,False,English,Mobile App,2025-01-29
PR001261,C001261,True,True,Spanish,None,2026-05-05
PR001262,C001262,True,True,English,Mobile App,2023-03-13
PR001263,C001263,True,True,English,SMS,2025-01-06
PR001264,C001264,True,True,English,Mobile App,2026-06-07
PR001265,C001265,True,False,English,SMS,2024-08-21
PR001266,C001266,True,True,English,SMS,2025-08-10
PR001267,C001267,True,True,English,SMS,2026-03-26
PR001268,C001268,True,True,English,SMS,2026-05-11
PR001269,C001269,True,True,English,Mobile App,2026-06-24
PR001270,C001270,False,False,English,Mobile App,2026-02-01
PR001271,C001271,True,True,English,SMS,2026-02-25
PR001272,C001272,True,True,Spanish,Email,2025-05-12
PR001273,C001273,True,True,English,None,2026-05-30
PR001274,C001274,True,True,Spanish,Email,2025-04-17
PR001275,C001275,True,False,English,Mobile App,2026-03-25
PR001276,C001276,True,True,English,Email,2026-04-29
PR001277,C001277,True,True,English,Email,2026-05-02
PR001278,C001278,False,False,Spanish,Mobile App,2025-06-22
PR001279,C001279,False,False,Spanish,Email,2022-10-01
PR001280,C001280,False,False,English,None,2026-02-14
PR001281,C001281,True,False,English,Email,2025-07-24
PR001282,C001282,True,True,English,None,2026-03-24
PR001283,C001283,False,False,English,None,2024-12-09
PR001284,C001284,False,True,Spanish,SMS,2024-07-25
PR001285,C001285,True,True,Spanish,Email,2022-09-14
PR001286,C001286,False,True,English,Email,2025-05-12
PR001287,C001287,True,True,English,Email,2025-08-16
PR001288,C001288,True,True,English,Email,2025-06-18
PR001289,C001289,True,True,English,SMS,2025-03-09
PR001290,C001290,False,False,English,Email,2026-02-05
PR001291,C001291,False,True,English,Mobile App,2026-03-11
PR001292,C001292,True,True,English,Email,2024-04-13
PR001293,C001293,False,True,English,Mobile App,2026-07-07
PR001294,C001294,False,True,English,SMS,2024-12-30
PR001295,C001295,True,True,English,None,2026-05-15
PR001296,C001296,True,True,English,Mobile App,2026-01-07
PR001297,C001297,True,False,English,SMS,2026-03-12
PR001298,C001298,True,True,English,SMS,2026-01-02
PR001299,C001299,True,False,English,SMS,2026-01-14
PR001300,C001300,True,True,English,None,2026-04-01
PR001301,C001301,True,True,English,Mobile App,2023-09-26
PR001302,C001302,True,False,English,Email,2026-04-14
PR001303,C001303,True,False,English,None,2026-05-29
PR001304,C001304,False,True,English,Mobile App,2025-08-27
PR001305,C001305,False,True,English,None,2026-02-07
PR001306,C001306,True,True,English,SMS,2023-07-28
PR001307,C001307,True,False,English,SMS,2025-02-24
PR001308,C001308,False,True,English,Email,2025-05-22
PR001309,C001309,True,True,English,None,2025-10-21
PR001310,C001310,True,False,English,Mobile App,2024-04-05
PR001311,C001311,True,True,Spanish,SMS,2025-05-17
PR001312,C001312,True,True,English,Mobile App,2022-12-25
PR001313,C001313,False,False,English,Email,2022-11-26
PR001314,C001314,True,True,English,SMS,2026-05-24
PR001315,C001315,True,True,English,Mobile App,2021-09-30
PR001316,C001316,True,False,English,SMS,2026-06-07
PR001317,C001317,False,False,English,None,2024-02-03
PR001318,C001318,True,True,Spanish,Mobile App,2024-05-25
PR001319,C001319,True,True,English,None,2024-09-30
PR001320,C001320,True,True,Spanish,Email,2025-11-12
PR001321,C001321,False,False,English,None,2025-05-28
PR001322,C001322,False,True,English,None,2023-01-02
PR001323,C001323,True,True,English,None,2025-12-11
PR001324,C001324,True,False,Spanish,Email,2025-05-09
PR001325,C001325,False,True,English,SMS,2024-12-23
PR001326,C001326,True,True,English,Mobile App,2026-05-18
PR001327,C001327,True,True,English,Mobile App,2026-03-23
PR001328,C001328,True,True,Spanish,Mobile App,2026-05-04
PR001329,C001329,False,True,English,SMS,2026-05-22
PR001330,C001330,True,True,English,SMS,2026-06-30
PR001331,C001331,True,True,Spanish,None,2025-02-03
PR001332,C001332,True,True,Spanish,SMS,2026-05-29
PR001333,C001333,True,True,Spanish,Mobile App,2022-03-19
PR001334,C001334,False,False,Spanish,None,2022-11-02
PR001335,C001335,False,False,Spanish,Mobile App,2024-06-10
PR001336,C001336,False,True,Spanish,None,2025-07-19
PR001337,C001337,True,True,English,SMS,2025-08-19
PR001338,C001338,True,True,English,Mobile App,2023-02-28
PR001339,C001339,True,True,English,SMS,2026-05-07
PR001340,C001340,True,True,English,Email,2025-11-17
PR001341,C001341,False,True,English,SMS,2025-04-24
PR001342,C001342,True,True,English,None,2024-10-11
PR001343,C001343,True,False,Spanish,None,2026-05-02
PR001344,C001344,True,True,Spanish,None,2025-12-07
PR001345,C001345,False,True,English,Email,2026-05-25
PR001346,C001346,False,True,English,SMS,2025-09-09
PR001347,C001347,True,True,Spanish,Email,2024-08-07
PR001348,C001348,True,True,Spanish,SMS,2024-06-18
PR001349,C001349,True,True,English,SMS,2026-03-27
PR001350,C001350,False,True,English,Email,2026-01-12
PR001351,C001351,False,False,English,None,2025-12-18
PR001352,C001352,True,True,English,None,2025-08-06
PR001353,C001353,True,True,English,SMS,2026-04-28
PR001354,C001354,True,False,English,Mobile App,2026-03-26
PR001355,C001355,True,True,English,Mobile App,2023-01-07
PR001356,C001356,False,False,Spanish,Mobile App,2026-07-06
PR001357,C001357,False,False,English,Email,2025-12-18
PR001358,C001358,True,True,English,Mobile App,2025-09-08
PR001359,C001359,False,True,Spanish,Email,2026-04-25
PR001360,C001360,True,False,Spanish,Mobile App,2026-06-15
PR001361,C001361,True,False,English,SMS,2025-10-13
PR001362,C001362,True,True,English,SMS,2024-10-21
PR001363,C001363,False,False,English,SMS,2025-05-21
PR001364,C001364,False,False,English,None,2025-09-24
PR001365,C001365,True,False,English,Mobile App,2026-05-31
PR001366,C001366,True,True,Spanish,None,2025-05-06
PR001367,C001367,True,True,English,None,2023-03-19
PR001368,C001368,False,True,English,None,2025-09-04
PR001369,C001369,True,True,English,None,2026-05-31
PR001370,C001370,True,True,English,None,2026-06-14
PR001371,C001371,True,True,English,Email,2026-07-04
PR001372,C001372,True,True,English,Mobile App,2024-06-20
PR001373,C001373,False,True,Spanish,SMS,2024-09-29
PR001374,C001374,True,True,English,Email,2026-06-26
PR001375,C001375,True,True,English,Mobile App,2025-09-08
PR001376,C001376,True,True,English,None,2024-04-12
PR001377,C001377,True,True,Spanish,Mobile App,2026-04-09
PR001378,C001378,True,True,English,None,2026-06-17
PR001379,C001379,True,False,Spanish,Mobile App,2025-05-12
PR001380,C001380,True,True,Spanish,Email,2024-08-08
PR001381,C001381,True,True,English,SMS,2026-06-22
PR001382,C001382,True,True,English,SMS,2024-08-14
PR001383,C001383,True,False,English,SMS,2026-02-24
PR001384,C001384,True,False,English,SMS,2025-08-30
PR001385,C001385,True,True,Spanish,None,2023-02-09
PR001386,C001386,True,False,English,SMS,2022-01-21
PR001387,C001387,False,True,Spanish,Email,2025-11-20
PR001388,C001388,True,False,English,SMS,2023-01-05
PR001389,C001389,True,False,English,None,2026-01-28
PR001390,C001390,True,True,English,Email,2026-04-30
PR001391,C001391,True,True,Spanish,Mobile App,2026-04-15
PR001392,C001392,True,True,English,None,2026-06-24
PR001393,C001393,True,True,English,Mobile App,2025-11-18
PR001394,C001394,True,False,English,SMS,2026-01-28
PR001395,C001395,False,True,Spanish,Email,2026-05-24
PR001396,C001396,True,True,Spanish,SMS,2023-06-15
PR001397,C001397,True,False,English,SMS,2024-09-30
PR001398,C001398,True,True,Spanish,None,2024-01-30
PR001399,C001399,True,True,Spanish,Mobile App,2024-04-28
PR001400,C001400,True,False,English,Email,2026-03-15
PR001401,C001401,True,True,English,None,2025-12-27
PR001402,C001402,True,True,English,Mobile App,2024-11-07
PR001403,C001403,True,True,English,Mobile App,2023-07-03
PR001404,C001404,False,False,English,Mobile App,2025-12-20
PR001405,C001405,True,False,Spanish,Mobile App,2023-08-13
PR001406,C001406,False,True,Spanish,Mobile App,2023-03-16
PR001407,C001407,True,True,English,Mobile App,2023-05-15
PR001408,C001408,True,False,English,Email,2026-05-25
PR001409,C001409,False,True,Spanish,Mobile App,2026-05-30
PR001410,C001410,False,True,English,Email,2024-11-08
PR001411,C001411,False,True,English,Mobile App,2025-12-20
PR001412,C001412,True,True,English,Email,2026-06-10
PR001413,C001413,True,True,English,Email,2026-05-09
PR001414,C001414,False,False,Spanish,SMS,2026-03-29
PR001415,C001415,True,False,English,None,2025-01-05
PR001416,C001416,False,False,English,Mobile App,2024-06-26
PR001417,C001417,True,True,English,Mobile App,2026-01-30
PR001418,C001418,True,True,English,Mobile App,2026-05-06
PR001419,C001419,True,True,English,Mobile App,2024-05-13
PR001420,C001420,True,False,Spanish,SMS,2025-11-07
PR001421,C001421,True,True,English,SMS,2024-05-08
PR001422,C001422,True,True,Spanish,None,2026-05-28
PR001423,C001423,False,True,English,None,2025-08-15
PR001424,C001424,True,True,English,Email,2023-08-18
PR001425,C001425,False,False,Spanish,SMS,2026-06-30
PR001426,C001426,False,True,English,Email,2026-04-12
PR001427,C001427,True,True,English,Email,2022-11-30
PR001428,C001428,False,False,Spanish,Mobile App,2026-06-24
PR001429,C001429,False,True,English,SMS,2026-06-11
PR001430,C001430,True,True,English,Email,2026-01-07
PR001431,C001431,True,True,Spanish,Mobile App,2025-06-08
PR001432,C001432,False,True,English,Mobile App,2026-02-01
PR001433,C001433,True,False,English,SMS,2024-05-20
PR001434,C001434,True,True,English,SMS,2025-08-09
PR001435,C001435,False,True,English,Email,2024-06-13
PR001436,C001436,False,False,English,Email,2024-03-12
PR001437,C001437,True,True,English,Mobile App,2025-08-03
PR001438,C001438,True,True,Spanish,Email,2025-06-12
PR001439,C001439,True,True,English,Email,2023-11-04
PR001440,C001440,False,True,Spanish,Email,2026-05-23
PR001441,C001441,True,True,Spanish,Mobile App,2025-12-26
PR001442,C001442,True,False,Spanish,Email,2025-03-23
PR001443,C001443,False,True,English,Mobile App,2023-09-02
PR001444,C001444,False,True,English,SMS,2026-01-16
PR001445,C001445,True,True,English,Mobile App,2026-06-13
PR001446,C001446,True,False,English,Mobile App,2026-02-01
PR001447,C001447,False,False,English,Email,2023-12-26
PR001448,C001448,False,False,English,None,2026-03-02
PR001449,C001449,False,True,English,Mobile App,2026-04-07
PR001450,C001450,True,False,English,Email,2023-07-04
PR001451,C001451,True,False,Spanish,None,2024-12-02
PR001452,C001452,True,True,English,None,2026-02-06
PR001453,C001453,True,True,English,None,2025-11-09
PR001454,C001454,False,False,English,None,2025-01-12
PR001455,C001455,False,False,English,SMS,2025-12-02
PR001456,C001456,False,False,Spanish,SMS,2026-05-27
PR001457,C001457,False,False,English,None,2025-12-17
PR001458,C001458,False,True,English,None,2023-06-26
PR001459,C001459,True,True,English,None,2025-08-24
PR001460,C001460,True,True,English,None,2023-10-10
PR001461,C001461,True,False,Spanish,Email,2022-11-27
PR001462,C001462,True,False,English,Mobile App,2024-10-07
PR001463,C001463,True,True,English,SMS,2025-01-02
PR001464,C001464,True,True,English,Mobile App,2025-03-19
PR001465,C001465,False,False,English,SMS,2024-08-15
PR001466,C001466,True,False,English,Mobile App,2025-05-30
PR001467,C001467,False,False,English,SMS,2024-11-07
PR001468,C001468,True,True,English,SMS,2026-05-10
PR001469,C001469,True,True,English,SMS,2024-08-21
PR001470,C001470,True,True,English,Mobile App,2026-07-06
PR001471,C001471,True,True,English,None,2024-06-04
PR001472,C001472,False,False,English,Email,2026-03-01
PR001473,C001473,True,True,Spanish,None,2026-02-12
PR001474,C001474,True,True,English,Mobile App,2023-02-25
PR001475,C001475,True,True,English,None,2025-08-21
PR001476,C001476,True,False,Spanish,Email,2025-01-25
PR001477,C001477,False,True,English,Email,2026-01-24
PR001478,C001478,True,True,English,Mobile App,2026-03-22
PR001479,C001479,True,True,Spanish,SMS,2023-05-07
PR001480,C001480,True,True,Spanish,Mobile App,2026-05-26
PR001481,C001481,False,True,Spanish,Email,2026-02-27
PR001482,C001482,True,True,English,Mobile App,2025-12-20
PR001483,C001483,True,True,English,SMS,2024-11-22
PR001484,C001484,True,True,English,Email,2026-02-04
PR001485,C001485,True,True,Spanish,Mobile App,2026-06-16
PR001486,C001486,True,True,English,None,2025-04-28
PR001487,C001487,False,False,English,SMS,2024-09-12
PR001488,C001488,False,True,Spanish,Email,2022-05-08
PR001489,C001489,True,True,English,SMS,2025-06-03
PR001490,C001490,False,True,English,Mobile App,2026-07-07
PR001491,C001491,True,True,Spanish,None,2026-04-28
PR001492,C001492,True,True,English,SMS,2026-01-15
PR001493,C001493,True,True,English,None,2026-06-25
PR001494,C001494,False,True,English,SMS,2026-03-08
PR001495,C001495,True,False,Spanish,Email,2023-11-21
PR001496,C001496,True,False,English,SMS,2023-10-06
PR001497,C001497,True,False,English,Mobile App,2026-03-18
PR001498,C001498,False,True,English,None,2023-10-06
PR001499,C001499,True,True,English,SMS,2024-03-11
PR001500,C001500,False,True,English,None,2024-03-06
PR001501,C001501,True,True,English,Mobile App,2024-06-27
PR001502,C001502,True,True,English,Email,2025-10-01
PR001503,C001503,True,True,English,None,2022-10-25
PR001504,C001504,True,True,English,Email,2023-03-10
PR001505,C001505,True,True,English,Email,2026-05-14
PR001506,C001506,True,True,English,SMS,2024-05-12
PR001507,C001507,True,False,English,SMS,2026-05-18
PR001508,C001508,True,True,English,Mobile App,2025-02-18
PR001509,C001509,False,True,English,Email,2023-11-14
PR001510,C001510,True,True,Spanish,Mobile App,2026-05-30
PR001511,C001511,True,True,English,Mobile App,2025-10-22
PR001512,C001512,True,True,English,None,2026-05-26
PR001513,C001513,True,False,English,Mobile App,2026-07-05
PR001514,C001514,True,True,English,Email,2024-06-24
PR001515,C001515,True,False,English,None,2026-05-08
PR001516,C001516,True,True,Spanish,None,2025-09-11
PR001517,C001517,True,True,Spanish,Email,2025-04-02
PR001518,C001518,False,False,English,SMS,2023-03-14
PR001519,C001519,True,True,English,SMS,2026-02-20
PR001520,C001520,True,True,English,SMS,2025-07-10
PR001521,C001521,True,False,English,SMS,2026-05-30
PR001522,C001522,True,True,Spanish,Mobile App,2026-06-20
PR001523,C001523,True,True,English,Mobile App,2026-05-14
PR001524,C001524,True,False,English,Email,2026-03-08
PR001525,C001525,True,False,Spanish,Email,2022-10-11
PR001526,C001526,True,True,English,None,2026-06-29
PR001527,C001527,True,True,English,Email,2025-11-14
PR001528,C001528,True,True,Spanish,None,2026-02-14
PR001529,C001529,True,True,English,Email,2025-12-16
PR001530,C001530,True,False,English,SMS,2025-08-09
PR001531,C001531,True,True,English,Mobile App,2026-06-28
PR001532,C001532,True,True,English,SMS,2026-05-29
PR001533,C001533,True,True,Spanish,None,2026-06-11
PR001534,C001534,True,True,English,SMS,2026-03-31
PR001535,C001535,True,True,English,SMS,2025-02-07
PR001536,C001536,True,True,Spanish,None,2024-09-10
PR001537,C001537,True,True,English,SMS,2024-03-30
PR001538,C001538,True,True,English,Email,2025-05-03
PR001539,C001539,True,True,Spanish,SMS,2022-10-09
PR001540,C001540,True,True,English,Email,2022-07-26
PR001541,C001541,True,True,English,None,2026-03-18
PR001542,C001542,True,True,English,SMS,2023-04-10
PR001543,C001543,True,True,Spanish,None,2023-06-12
PR001544,C001544,False,False,English,Mobile App,2024-01-19
PR001545,C001545,True,True,Spanish,SMS,2025-09-05
PR001546,C001546,False,True,English,Mobile App,2024-10-04
PR001547,C001547,False,True,Spanish,None,2025-01-11
PR001548,C001548,False,False,English,None,2022-09-14
PR001549,C001549,False,True,English,Mobile App,2026-06-12
PR001550,C001550,True,False,English,None,2024-12-29
PR001551,C001551,True,True,English,SMS,2024-04-05
PR001552,C001552,True,True,English,Mobile App,2026-05-20
PR001553,C001553,False,False,English,None,2025-05-05
PR001554,C001554,True,False,English,Mobile App,2023-12-22
PR001555,C001555,False,True,Spanish,SMS,2023-03-06
PR001556,C001556,True,True,Spanish,SMS,2025-01-19
PR001557,C001557,True,True,English,None,2025-07-05
PR001558,C001558,True,True,English,Mobile App,2022-04-02
PR001559,C001559,False,False,Spanish,Mobile App,2026-04-19
PR001560,C001560,True,False,Spanish,Mobile App,2025-05-10
PR001561,C001561,False,True,English,None,2024-05-11
PR001562,C001562,True,True,English,Email,2022-04-29
PR001563,C001563,True,True,Spanish,Email,2025-12-05
PR001564,C001564,True,False,Spanish,SMS,2024-04-26
PR001565,C001565,True,False,English,Mobile App,2024-11-18
PR001566,C001566,True,False,English,SMS,2025-07-31
PR001567,C001567,True,True,English,SMS,2025-05-22
PR001568,C001568,True,False,Spanish,Mobile App,2026-05-11
PR001569,C001569,False,True,English,None,2023-02-22
PR001570,C001570,True,True,English,Email,2025-08-06
PR001571,C001571,True,True,Spanish,Mobile App,2023-11-25
PR001572,C001572,True,False,Spanish,Email,2024-08-27
PR001573,C001573,True,True,English,None,2024-07-24
PR001574,C001574,True,True,Spanish,SMS,2026-06-07
PR001575,C001575,False,False,English,Email,2026-04-08
PR001576,C001576,False,True,Spanish,SMS,2024-03-09
PR001577,C001577,True,True,English,Mobile App,2025-06-25
PR001578,C001578,True,False,Spanish,SMS,2023-04-18
PR001579,C001579,True,False,Spanish,SMS,2025-09-22
PR001580,C001580,True,True,Spanish,None,2025-12-18
PR001581,C001581,True,True,English,None,2025-10-22
PR001582,C001582,True,True,Spanish,None,2026-05-04
PR001583,C001583,True,True,English,None,2023-12-02
PR001584,C001584,False,False,English,SMS,2026-07-02
PR001585,C001585,True,True,English,Mobile App,2025-10-23
PR001586,C001586,False,True,English,Email,2024-08-18
PR001587,C001587,True,True,English,Email,2025-11-27
PR001588,C001588,False,False,English,None,2026-06-21
PR001589,C001589,True,True,English,Email,2024-03-05
PR001590,C001590,True,True,English,Email,2025-08-21
PR001591,C001591,False,False,English,SMS,2026-07-03
PR001592,C001592,True,True,English,Mobile App,2024-11-08
PR001593,C001593,True,True,English,Email,2026-05-18
PR001594,C001594,True,True,English,Email,2024-12-13
PR001595,C001595,True,True,English,SMS,2025-10-14
PR001596,C001596,True,False,Spanish,None,2024-02-29
PR001597,C001597,True,True,English,None,2026-06-04
PR001598,C001598,True,True,Spanish,Mobile App,2025-11-24
PR001599,C001599,True,True,English,SMS,2022-11-30
PR001600,C001600,True,True,English,Email,2026-06-12
PR001601,C001601,True,True,Spanish,Mobile App,2026-06-01
PR001602,C001602,True,True,English,SMS,2025-07-10
PR001603,C001603,True,False,English,Email,2026-06-14
PR001604,C001604,True,True,English,Email,2025-01-11
PR001605,C001605,True,True,Spanish,SMS,2026-06-21
PR001606,C001606,True,True,English,Mobile App,2026-01-27
PR001607,C001607,True,True,English,Email,2024-12-17
PR001608,C001608,True,True,English,SMS,2024-02-27
PR001609,C001609,False,True,English,None,2026-02-24
PR001610,C001610,False,True,English,Mobile App,2025-03-11
PR001611,C001611,True,False,English,Mobile App,2024-05-19
PR001612,C001612,True,True,English,Email,2024-05-18
PR001613,C001613,True,True,Spanish,SMS,2024-03-06
PR001614,C001614,False,True,English,None,2025-05-11
PR001615,C001615,False,False,English,Email,2024-07-14
PR001616,C001616,True,True,English,Email,2026-03-11
PR001617,C001617,True,True,English,None,2025-08-23
PR001618,C001618,True,True,Spanish,SMS,2024-12-20
PR001619,C001619,True,False,Spanish,SMS,2025-10-04
PR001620,C001620,True,True,English,Mobile App,2026-01-12
PR001621,C001621,True,True,English,SMS,2025-01-22
PR001622,C001622,True,False,English,SMS,2025-01-13
PR001623,C001623,True,True,Spanish,None,2025-04-30
PR001624,C001624,False,False,English,Mobile App,2024-06-18
PR001625,C001625,True,True,English,None,2022-08-19
PR001626,C001626,True,True,English,Mobile App,2026-04-20
PR001627,C001627,True,True,English,Mobile App,2024-11-08
PR001628,C001628,False,True,English,Email,2026-04-26
PR001629,C001629,True,True,Spanish,Email,2024-11-08
PR001630,C001630,True,True,English,Email,2026-03-15
PR001631,C001631,True,True,Spanish,Mobile App,2026-06-05
PR001632,C001632,True,True,English,Email,2026-04-29
PR001633,C001633,True,True,English,Mobile App,2024-09-10
PR001634,C001634,True,True,Spanish,Email,2025-04-22
PR001635,C001635,True,False,English,Email,2025-02-04
PR001636,C001636,True,True,English,Mobile App,2023-08-25
PR001637,C001637,True,True,English,Email,2026-06-01
PR001638,C001638,True,True,Spanish,None,2025-12-05
PR001639,C001639,False,True,Spanish,Mobile App,2026-02-20
PR001640,C001640,True,True,English,SMS,2026-05-15
PR001641,C001641,True,False,English,SMS,2026-06-11
PR001642,C001642,True,True,Spanish,Mobile App,2025-02-22
PR001643,C001643,True,True,English,SMS,2022-05-05
PR001644,C001644,True,False,English,SMS,2024-06-14
PR001645,C001645,True,True,English,SMS,2026-04-27
PR001646,C001646,True,True,English,None,2025-08-29
PR001647,C001647,True,False,Spanish,Email,2026-05-29
PR001648,C001648,True,False,English,Mobile App,2025-01-09
PR001649,C001649,True,False,English,Email,2022-10-01
PR001650,C001650,True,False,English,Mobile App,2022-05-05
PR001651,C001651,True,True,English,Mobile App,2025-06-27
PR001652,C001652,True,False,Spanish,SMS,2024-08-11
PR001653,C001653,True,False,English,SMS,2024-12-10
PR001654,C001654,True,False,English,None,2026-01-24
PR001655,C001655,True,True,English,Email,2026-02-08
PR001656,C001656,False,True,Spanish,None,2022-10-24
PR001657,C001657,True,True,English,None,2023-12-21
PR001658,C001658,False,True,English,None,2025-10-19
PR001659,C001659,False,True,English,Mobile App,2025-11-22
PR001660,C001660,True,True,English,Email,2024-03-01
PR001661,C001661,False,True,English,SMS,2025-02-02
PR001662,C001662,True,True,English,Email,2024-08-16
PR001663,C001663,True,True,English,SMS,2026-03-01
PR001664,C001664,True,True,English,None,2026-03-30
PR001665,C001665,True,True,Spanish,SMS,2025-08-19
PR001666,C001666,False,True,English,SMS,2026-07-04
PR001667,C001667,True,True,English,Email,2025-01-29
PR001668,C001668,False,True,English,None,2025-12-03
PR001669,C001669,True,True,English,SMS,2025-01-27
PR001670,C001670,True,False,English,Mobile App,2022-09-16
PR001671,C001671,True,False,Spanish,Mobile App,2024-04-23
PR001672,C001672,True,False,Spanish,SMS,2026-06-11
PR001673,C001673,True,True,English,SMS,2025-05-28
PR001674,C001674,False,True,Spanish,None,2024-12-16
PR001675,C001675,True,True,English,Email,2025-06-28
PR001676,C001676,True,True,English,Email,2023-07-18
PR001677,C001677,False,True,English,SMS,2025-06-18
PR001678,C001678,True,True,English,Mobile App,2026-05-14
PR001679,C001679,True,True,English,SMS,2026-02-12
PR001680,C001680,True,True,English,SMS,2025-05-13
PR001681,C001681,False,False,English,Mobile App,2022-11-10
PR001682,C001682,True,False,English,Mobile App,2023-06-17
PR001683,C001683,True,False,English,Mobile App,2024-04-02
PR001684,C001684,True,False,English,None,2023-07-09
PR001685,C001685,True,True,English,Email,2025-12-24
PR001686,C001686,True,False,English,Email,2024-06-01
PR001687,C001687,False,True,English,SMS,2025-03-18
PR001688,C001688,True,True,Spanish,Mobile App,2026-06-23
PR001689,C001689,False,True,English,Mobile App,2024-12-06
PR001690,C001690,True,True,English,None,2026-06-03
PR001691,C001691,True,True,Spanish,SMS,2025-12-06
PR001692,C001692,True,True,English,Mobile App,2026-02-24
PR001693,C001693,True,True,English,None,2024-12-30
PR001694,C001694,True,False,English,None,2023-02-27
PR001695,C001695,True,True,English,Mobile App,2025-10-08
PR001696,C001696,True,True,English,Email,2026-05-13
PR001697,C001697,False,True,English,Email,2026-06-19
PR001698,C001698,False,True,English,SMS,2026-02-02
PR001699,C001699,True,False,English,Mobile App,2025-08-24
PR001700,C001700,False,False,Spanish,SMS,2024-02-19
PR001701,C001701,False,False,Spanish,Email,2025-01-08
PR001702,C001702,True,True,English,Mobile App,2026-02-19
PR001703,C001703,True,True,English,SMS,2026-02-16
PR001704,C001704,True,False,English,Mobile App,2026-06-26
PR001705,C001705,False,True,Spanish,Email,2025-04-21
PR001706,C001706,True,True,English,None,2023-05-03
PR001707,C001707,True,True,English,Email,2024-01-09
PR001708,C001708,True,True,Spanish,Mobile App,2026-04-21
PR001709,C001709,True,True,Spanish,Email,2026-03-24
PR001710,C001710,False,True,English,SMS,2024-03-15
PR001711,C001711,True,True,Spanish,Mobile App,2024-11-26
PR001712,C001712,True,True,English,Email,2024-12-17
PR001713,C001713,True,True,English,Mobile App,2023-10-17
PR001714,C001714,False,True,English,Mobile App,2025-03-28
PR001715,C001715,True,True,English,None,2024-05-31
PR001716,C001716,False,True,English,Mobile App,2026-06-20
PR001717,C001717,False,False,Spanish,None,2025-11-07
PR001718,C001718,False,True,English,Mobile App,2024-09-23
PR001719,C001719,True,True,English,Mobile App,2026-07-06
PR001720,C001720,False,True,English,Email,2025-08-29
PR001721,C001721,True,True,English,Email,2025-10-30
PR001722,C001722,False,False,English,None,2026-03-30
PR001723,C001723,True,True,English,Email,2023-11-16
PR001724,C001724,True,True,English,Email,2023-02-18
PR001725,C001725,True,True,Spanish,Email,2024-12-06
PR001726,C001726,False,False,English,SMS,2026-04-26
PR001727,C001727,True,True,Spanish,Email,2024-12-23
PR001728,C001728,True,True,English,Email,2022-10-23
PR001729,C001729,False,True,English,Mobile App,2025-07-15
PR001730,C001730,True,True,English,None,2024-09-07
PR001731,C001731,True,True,English,None,2024-08-29
PR001732,C001732,True,True,Spanish,Email,2024-07-27
PR001733,C001733,True,True,Spanish,Email,2023-09-20
PR001734,C001734,True,False,English,Mobile App,2024-11-19
PR001735,C001735,True,False,Spanish,None,2026-06-27
PR001736,C001736,True,False,English,Email,2022-07-01
PR001737,C001737,False,True,English,None,2025-11-13
PR001738,C001738,True,True,English,Email,2026-01-21
PR001739,C001739,True,False,Spanish,Email,2026-05-31
PR001740,C001740,False,False,English,SMS,2025-12-16
PR001741,C001741,True,False,English,Mobile App,2023-05-18
PR001742,C001742,True,True,Spanish,Mobile App,2024-06-08
PR001743,C001743,False,False,English,Mobile App,2021-11-15
PR001744,C001744,False,True,Spanish,SMS,2022-02-12
PR001745,C001745,True,True,Spanish,Email,2025-04-02
PR001746,C001746,True,True,Spanish,SMS,2024-04-07
PR001747,C001747,True,False,English,SMS,2023-11-23
PR001748,C001748,True,True,English,SMS,2025-07-23
PR001749,C001749,False,False,English,Mobile App,2024-04-03
PR001750,C001750,True,True,English,SMS,2023-09-15
PR001751,C001751,True,True,English,Email,2026-06-29
PR001752,C001752,True,True,Spanish,Email,2026-02-02
PR001753,C001753,True,True,Spanish,SMS,2025-05-13
PR001754,C001754,True,False,English,Email,2024-12-15
PR001755,C001755,False,True,English,Email,2025-06-30
PR001756,C001756,True,True,English,None,2022-12-16
PR001757,C001757,True,True,Spanish,SMS,2026-07-04
PR001758,C001758,True,True,English,Email,2024-10-03
PR001759,C001759,True,True,English,Email,2026-06-29
PR001760,C001760,False,True,English,Mobile App,2024-04-11
PR001761,C001761,True,True,English,SMS,2024-06-23
PR001762,C001762,True,True,English,SMS,2023-08-20
PR001763,C001763,False,True,English,Email,2026-04-21
PR001764,C001764,True,True,English,Email,2026-04-12
PR001765,C001765,True,True,English,SMS,2025-05-21
PR001766,C001766,True,True,English,Mobile App,2025-01-08
PR001767,C001767,True,True,English,None,2025-04-25
PR001768,C001768,True,False,Spanish,Email,2024-08-04
PR001769,C001769,True,True,Spanish,SMS,2022-10-13
PR001770,C001770,True,True,English,None,2023-03-27
PR001771,C001771,True,True,English,SMS,2026-01-12
PR001772,C001772,True,True,English,SMS,2025-01-07
PR001773,C001773,True,False,Spanish,Email,2025-04-28
PR001774,C001774,True,True,English,Mobile App,2024-08-27
PR001775,C001775,True,True,Spanish,None,2025-05-23
PR001776,C001776,True,True,Spanish,Email,2026-03-04
PR001777,C001777,True,False,English,Mobile App,2025-12-15
PR001778,C001778,True,True,English,SMS,2026-07-06
PR001779,C001779,False,True,English,Mobile App,2023-11-07
PR001780,C001780,True,True,English,SMS,2025-09-08
PR001781,C001781,True,False,English,Email,2024-11-08
PR001782,C001782,True,True,English,Mobile App,2023-05-03
PR001783,C001783,True,False,English,Email,2026-05-14
PR001784,C001784,False,True,English,Mobile App,2026-05-07
PR001785,C001785,True,False,English,Mobile App,2026-05-15
PR001786,C001786,True,True,English,SMS,2025-07-05
PR001787,C001787,False,True,Spanish,None,2026-07-05
PR001788,C001788,True,True,English,Email,2024-09-27
PR001789,C001789,True,True,Spanish,Mobile App,2023-10-06
PR001790,C001790,True,False,Spanish,Email,2025-10-07
PR001791,C001791,True,True,Spanish,Mobile App,2023-03-08
PR001792,C001792,False,False,English,Email,2023-01-10
PR001793,C001793,True,True,English,SMS,2025-12-03
PR001794,C001794,True,True,English,Mobile App,2026-01-16
PR001795,C001795,True,False,English,None,2026-05-29
PR001796,C001796,False,True,Spanish,Mobile App,2026-06-10
PR001797,C001797,True,False,English,Mobile App,2025-12-15
PR001798,C001798,True,False,English,Mobile App,2024-04-01
PR001799,C001799,True,False,English,None,2026-02-28
PR001800,C001800,True,True,English,SMS,2025-02-03
PR001801,C001801,True,True,English,Mobile App,2026-04-10
PR001802,C001802,True,True,English,SMS,2026-06-13
PR001803,C001803,False,True,Spanish,Mobile App,2026-06-12
PR001804,C001804,True,True,English,None,2025-02-09
PR001805,C001805,True,True,English,Email,2025-07-21
PR001806,C001806,True,True,English,None,2025-11-14
PR001807,C001807,True,True,English,None,2026-02-04
PR001808,C001808,False,False,Spanish,Email,2024-11-02
PR001809,C001809,True,False,English,None,2025-08-27
PR001810,C001810,False,True,Spanish,None,2024-04-20
PR001811,C001811,True,True,Spanish,Mobile App,2025-08-19
PR001812,C001812,True,True,English,Mobile App,2025-04-08
PR001813,C001813,True,False,Spanish,Email,2024-10-11
PR001814,C001814,True,True,English,SMS,2024-09-12
PR001815,C001815,True,False,English,None,2026-02-20
PR001816,C001816,True,True,English,Email,2025-12-05
PR001817,C001817,False,True,Spanish,None,2025-09-27
PR001818,C001818,True,True,Spanish,Mobile App,2023-07-26
PR001819,C001819,True,True,Spanish,Email,2026-06-07
PR001820,C001820,True,True,English,Mobile App,2026-04-20
PR001821,C001821,False,False,Spanish,Mobile App,2022-09-12
PR001822,C001822,False,False,Spanish,None,2023-10-13
PR001823,C001823,True,True,English,Email,2025-08-03
PR001824,C001824,False,True,Spanish,Mobile App,2025-12-09
PR001825,C001825,True,True,English,Mobile App,2025-11-01
PR001826,C001826,True,True,English,SMS,2024-10-14
PR001827,C001827,True,True,English,SMS,2023-11-05
PR001828,C001828,True,True,English,SMS,2026-06-25
PR001829,C001829,True,True,English,Email,2026-05-20
PR001830,C001830,True,True,English,None,2024-05-30
PR001831,C001831,True,False,English,None,2024-08-07
PR001832,C001832,False,True,English,Email,2025-04-12
PR001833,C001833,True,True,English,Email,2025-11-17
PR001834,C001834,True,True,English,Mobile App,2026-01-27
PR001835,C001835,False,True,Spanish,None,2023-04-14
PR001836,C001836,True,True,English,Email,2026-05-23
PR001837,C001837,False,False,English,None,2024-02-07
PR001838,C001838,True,True,Spanish,Mobile App,2025-01-23
PR001839,C001839,True,False,English,None,2023-05-25
PR001840,C001840,True,True,English,SMS,2024-12-08
PR001841,C001841,False,False,English,Email,2025-06-10
PR001842,C001842,True,False,English,SMS,2026-06-17
PR001843,C001843,False,True,English,SMS,2025-12-31
PR001844,C001844,True,False,Spanish,None,2023-07-13
PR001845,C001845,False,True,English,None,2026-03-16
PR001846,C001846,False,False,English,Email,2024-06-03
PR001847,C001847,True,True,English,Email,2026-03-23
PR001848,C001848,True,False,English,Mobile App,2023-06-03
PR001849,C001849,True,False,Spanish,SMS,2025-09-23
PR001850,C001850,True,True,English,None,2025-12-10
PR001851,C001851,True,False,English,Email,2024-09-01
PR001852,C001852,True,False,English,Mobile App,2026-06-18
PR001853,C001853,True,True,Spanish,None,2026-06-18
PR001854,C001854,True,False,English,Email,2026-03-23
PR001855,C001855,True,True,English,Mobile App,2025-06-13
PR001856,C001856,True,True,English,Mobile App,2023-04-03
PR001857,C001857,True,True,English,SMS,2025-03-04
PR001858,C001858,True,True,English,Mobile App,2025-08-30
PR001859,C001859,True,False,English,None,2023-05-16
PR001860,C001860,False,True,English,Email,2026-04-28
PR001861,C001861,True,False,Spanish,Email,2025-11-26
PR001862,C001862,True,True,Spanish,Mobile App,2025-11-21
PR001863,C001863,True,True,English,SMS,2025-07-31
PR001864,C001864,True,False,English,Mobile App,2024-08-17
PR001865,C001865,True,True,Spanish,Mobile App,2025-05-27
PR001866,C001866,True,False,English,None,2024-09-21
PR001867,C001867,True,True,Spanish,None,2026-03-04
PR001868,C001868,True,False,English,None,2025-11-25
PR001869,C001869,True,True,English,None,2024-09-07
PR001870,C001870,True,False,Spanish,Email,2026-03-04
PR001871,C001871,True,True,English,Email,2023-12-28
PR001872,C001872,True,False,English,None,2026-04-02
PR001873,C001873,False,True,English,Mobile App,2025-09-07
PR001874,C001874,True,True,English,Email,2025-10-17
PR001875,C001875,True,True,English,Mobile App,2024-05-20
PR001876,C001876,True,True,English,SMS,2025-06-03
PR001877,C001877,False,False,Spanish,Email,2026-06-27
PR001878,C001878,True,True,English,Mobile App,2025-04-17
PR001879,C001879,True,True,Spanish,SMS,2025-04-27
PR001880,C001880,True,False,English,Email,2025-03-08
PR001881,C001881,True,False,English,Email,2024-03-01
PR001882,C001882,False,True,Spanish,SMS,2025-01-31
PR001883,C001883,True,True,English,SMS,2025-08-24
PR001884,C001884,True,True,English,Email,2025-11-29
PR001885,C001885,True,True,English,Mobile App,2024-02-25
PR001886,C001886,True,True,Spanish,Mobile App,2022-01-06
PR001887,C001887,True,True,Spanish,Mobile App,2023-08-14
PR001888,C001888,True,True,English,SMS,2023-10-03
PR001889,C001889,True,True,English,Email,2024-05-20
PR001890,C001890,False,True,English,Mobile App,2025-09-01
PR001891,C001891,True,False,Spanish,None,2025-06-29
PR001892,C001892,True,True,English,SMS,2024-05-03
PR001893,C001893,False,False,English,SMS,2026-03-28
PR001894,C001894,True,True,Spanish,SMS,2026-07-03
PR001895,C001895,True,True,English,Mobile App,2024-03-04
PR001896,C001896,True,True,English,Mobile App,2026-05-01
PR001897,C001897,True,True,English,SMS,2026-01-23
PR001898,C001898,True,False,English,Mobile App,2026-01-04
PR001899,C001899,True,True,Spanish,Mobile App,2025-04-10
PR001900,C001900,True,True,English,None,2026-02-02
PR001901,C001901,True,True,English,Email,2022-05-31
PR001902,C001902,True,True,English,None,2026-06-14
PR001903,C001903,True,True,Spanish,None,2025-06-21
PR001904,C001904,True,False,English,SMS,2025-03-26
PR001905,C001905,False,True,English,None,2026-03-01
PR001906,C001906,True,False,Spanish,Mobile App,2026-06-01
PR001907,C001907,True,False,English,Mobile App,2026-03-21
PR001908,C001908,True,False,English,Mobile App,2025-07-07
PR001909,C001909,True,False,English,None,2025-11-18
PR001910,C001910,True,True,Spanish,SMS,2024-12-22
PR001911,C001911,True,False,English,None,2024-09-30
PR001912,C001912,True,False,English,None,2026-06-05
PR001913,C001913,False,True,English,Email,2026-05-23
PR001914,C001914,True,False,English,None,2026-04-28
PR001915,C001915,True,True,Spanish,SMS,2025-05-07
PR001916,C001916,True,True,English,None,2025-12-18
PR001917,C001917,True,True,English,None,2024-02-20
PR001918,C001918,False,True,English,None,2025-10-26
PR001919,C001919,True,True,English,None,2023-03-18
PR001920,C001920,True,True,English,Mobile App,2025-02-04
PR001921,C001921,True,False,Spanish,None,2025-08-12
PR001922,C001922,True,True,English,Email,2024-08-16
PR001923,C001923,True,False,English,None,2025-02-19
PR001924,C001924,True,False,English,SMS,2024-03-23
PR001925,C001925,False,True,English,Mobile App,2025-08-03
PR001926,C001926,False,True,English,Email,2023-12-21
PR001927,C001927,False,True,English,None,2026-06-14
PR001928,C001928,False,True,English,Email,2023-07-21
PR001929,C001929,False,False,English,Mobile App,2026-07-03
PR001930,C001930,True,False,English,Email,2026-01-24
PR001931,C001931,False,True,English,Email,2026-04-04
PR001932,C001932,True,True,English,None,2026-04-20
PR001933,C001933,True,True,English,SMS,2022-12-22
PR001934,C001934,False,True,English,Email,2025-04-06
PR001935,C001935,True,True,Spanish,None,2022-06-21
PR001936,C001936,False,False,English,Email,2025-04-06
PR001937,C001937,True,True,English,Email,2026-03-31
PR001938,C001938,True,False,English,Mobile App,2025-08-21
PR001939,C001939,True,False,English,Mobile App,2025-08-16
PR001940,C001940,False,False,English,None,2025-04-03
PR001941,C001941,True,True,English,SMS,2025-10-08
PR001942,C001942,True,True,English,SMS,2026-06-19
PR001943,C001943,True,False,English,Email,2025-07-09
PR001944,C001944,False,False,English,SMS,2023-06-11
PR001945,C001945,True,False,English,Email,2022-02-20
PR001946,C001946,True,True,English,SMS,2026-06-03
PR001947,C001947,True,True,English,Email,2026-07-07
PR001948,C001948,True,True,English,SMS,2025-08-22
PR001949,C001949,False,True,English,None,2025-12-19
PR001950,C001950,False,True,English,None,2025-01-07
PR001951,C001951,True,True,English,Email,2026-02-13
PR001952,C001952,True,True,Spanish,Email,2026-02-27
PR001953,C001953,True,False,English,SMS,2022-02-07
PR001954,C001954,True,True,English,None,2025-12-31
PR001955,C001955,True,True,English,None,2025-01-25
PR001956,C001956,True,False,English,Email,2024-12-14
PR001957,C001957,True,False,English,SMS,2026-05-11
PR001958,C001958,True,True,Spanish,Email,2026-05-24
PR001959,C001959,True,True,Spanish,None,2024-09-13
PR001960,C001960,True,False,English,SMS,2025-10-31
PR001961,C001961,True,True,Spanish,Mobile App,2025-09-25
PR001962,C001962,True,False,English,None,2023-01-23
PR001963,C001963,True,True,Spanish,Email,2024-09-25
PR001964,C001964,True,True,English,None,2026-05-25
PR001965,C001965,True,True,English,None,2025-03-30
PR001966,C001966,False,True,English,Mobile App,2026-03-09
PR001967,C001967,True,True,English,None,2026-01-07
PR001968,C001968,False,True,English,Email,2025-09-12
PR001969,C001969,False,False,Spanish,Email,2024-04-30
PR001970,C001970,True,True,English,Mobile App,2025-01-04
PR001971,C001971,False,False,English,SMS,2026-05-29
PR001972,C001972,True,False,English,Mobile App,2023-03-25
PR001973,C001973,True,True,English,SMS,2026-05-29
PR001974,C001974,False,True,Spanish,None,2024-01-18
PR001975,C001975,True,True,Spanish,SMS,2025-02-12
PR001976,C001976,True,True,Spanish,None,2026-04-08
PR001977,C001977,True,True,English,Mobile App,2023-06-01
PR001978,C001978,True,False,English,SMS,2026-01-04
PR001979,C001979,True,True,Spanish,None,2026-06-08
PR001980,C001980,False,True,English,None,2026-05-13
PR001981,C001981,True,True,English,Mobile App,2026-06-28
PR001982,C001982,False,True,English,None,2026-04-07
PR001983,C001983,True,True,English,SMS,2025-10-30
PR001984,C001984,True,False,Spanish,None,2025-06-14
PR001985,C001985,True,True,English,Email,2025-09-12
PR001986,C001986,True,True,Spanish,SMS,2023-05-31
PR001987,C001987,True,True,English,None,2026-02-11
PR001988,C001988,True,True,English,Mobile App,2024-07-05
PR001989,C001989,False,True,English,Email,2022-01-13
PR001990,C001990,False,False,Spanish,SMS,2026-03-31
PR001991,C001991,False,True,Spanish,None,2026-03-19
PR001992,C001992,False,True,English,Mobile App,2026-05-31
PR001993,C001993,True,True,English,None,2026-06-25
PR001994,C001994,True,True,English,Email,2025-12-10
PR001995,C001995,True,True,English,SMS,2024-02-22
PR001996,C001996,True,True,English,Email,2022-12-25
PR001997,C001997,False,True,English,SMS,2025-12-25
PR001998,C001998,False,False,English,None,2026-05-05
PR001999,C001999,False,True,English,SMS,2024-09-07
PR002000,C002000,True,False,English,SMS,2022-04-17
PR002001,C002001,True,False,English,None,2026-06-20
PR002002,C002002,False,True,English,SMS,2023-04-18
PR002003,C002003,True,True,English,Mobile App,2026-04-25
PR002004,C002004,False,False,English,Mobile App,2024-09-01
PR002005,C002005,True,True,English,SMS,2025-08-04
PR002006,C002006,False,True,Spanish,Mobile App,2025-05-19
PR002007,C002007,False,True,English,SMS,2023-05-21
PR002008,C002008,True,False,English,SMS,2024-06-03
PR002009,C002009,False,True,English,Email,2025-12-11
PR002010,C002010,True,False,English,Mobile App,2025-04-12
PR002011,C002011,False,True,Spanish,Mobile App,2022-07-22
PR002012,C002012,True,False,Spanish,None,2024-04-27
PR002013,C002013,True,True,English,None,2022-06-01
PR002014,C002014,True,True,English,Mobile App,2025-01-01
PR002015,C002015,True,True,English,Mobile App,2025-07-11
PR002016,C002016,False,False,English,SMS,2026-05-03
PR002017,C002017,True,True,English,None,2025-01-16
PR002018,C002018,True,True,English,None,2024-03-27
PR002019,C002019,False,True,Spanish,Email,2025-08-19
PR002020,C002020,True,True,English,None,2026-05-04
PR002021,C002021,False,True,English,None,2024-01-14
PR002022,C002022,True,True,English,None,2025-03-05
PR002023,C002023,True,True,English,SMS,2026-03-15
PR002024,C002024,True,True,English,Email,2025-07-20
PR002025,C002025,True,True,English,Email,2024-09-23
PR002026,C002026,True,True,English,Email,2024-01-27
PR002027,C002027,False,False,English,None,2026-01-07
PR002028,C002028,True,True,English,Email,2026-07-07
PR002029,C002029,True,True,Spanish,Mobile App,2026-05-30
PR002030,C002030,True,True,English,None,2025-04-03
PR002031,C002031,True,True,English,Mobile App,2025-12-15
PR002032,C002032,False,True,English,SMS,2026-02-06
PR002033,C002033,False,True,Spanish,SMS,2025-10-03
PR002034,C002034,True,True,English,SMS,2025-08-15
PR002035,C002035,True,False,English,Email,2026-05-10
PR002036,C002036,True,False,Spanish,Mobile App,2023-07-20
PR002037,C002037,True,True,English,Mobile App,2025-10-21
PR002038,C002038,True,True,English,None,2025-03-24
PR002039,C002039,True,True,Spanish,Mobile App,2025-10-02
PR002040,C002040,True,True,English,Mobile App,2022-09-07
PR002041,C002041,True,True,English,SMS,2026-02-24
PR002042,C002042,True,True,English,SMS,2025-04-12
PR002043,C002043,True,True,English,SMS,2026-01-21
PR002044,C002044,True,False,Spanish,SMS,2026-04-29
PR002045,C002045,False,True,English,Mobile App,2023-11-18
PR002046,C002046,True,True,Spanish,Email,2026-04-17
PR002047,C002047,False,True,English,Email,2024-06-14
PR002048,C002048,True,False,English,None,2025-12-23
PR002049,C002049,False,False,English,None,2023-03-03
PR002050,C002050,False,False,English,None,2026-01-03
PR002051,C002051,False,False,English,None,2024-12-18
PR002052,C002052,True,False,English,Mobile App,2025-09-20
PR002053,C002053,True,True,Spanish,Mobile App,2026-03-12
PR002054,C002054,True,False,English,Email,2023-07-19
PR002055,C002055,False,True,Spanish,SMS,2024-08-26
PR002056,C002056,True,False,Spanish,SMS,2023-07-30
PR002057,C002057,True,True,Spanish,SMS,2023-04-13
PR002058,C002058,False,False,English,SMS,2025-01-08
PR002059,C002059,True,False,English,None,2022-09-10
PR002060,C002060,True,True,Spanish,Mobile App,2023-08-26
PR002061,C002061,True,True,English,Mobile App,2022-03-01
PR002062,C002062,True,True,English,SMS,2026-07-07
PR002063,C002063,True,True,Spanish,Email,2023-10-04
PR002064,C002064,False,True,Spanish,SMS,2024-06-02
PR002065,C002065,True,True,English,None,2026-01-10
PR002066,C002066,True,False,Spanish,Email,2024-07-27
PR002067,C002067,True,False,English,Email,2023-04-03
PR002068,C002068,True,False,Spanish,Mobile App,2026-01-15
PR002069,C002069,True,True,Spanish,Mobile App,2025-08-26
PR002070,C002070,False,True,Spanish,Email,2024-10-25
PR002071,C002071,True,True,Spanish,None,2022-11-02
PR002072,C002072,True,True,Spanish,Mobile App,2026-03-09
PR002073,C002073,True,False,Spanish,SMS,2026-02-28
PR002074,C002074,False,False,English,SMS,2025-04-28
PR002075,C002075,True,True,Spanish,None,2025-03-20
PR002076,C002076,False,True,English,Mobile App,2024-06-04
PR002077,C002077,True,True,English,SMS,2025-09-21
PR002078,C002078,True,True,Spanish,None,2024-06-18
PR002079,C002079,False,True,English,SMS,2025-01-16
PR002080,C002080,True,True,English,SMS,2026-05-23
PR002081,C002081,True,True,English,Mobile App,2026-03-17
PR002082,C002082,False,False,English,SMS,2024-02-21
PR002083,C002083,True,True,English,Mobile App,2022-11-22
PR002084,C002084,True,True,Spanish,None,2026-04-03
PR002085,C002085,True,True,Spanish,Email,2024-07-29
PR002086,C002086,True,True,English,Email,2025-11-09
PR002087,C002087,True,True,Spanish,SMS,2025-09-09
PR002088,C002088,False,True,English,None,2025-09-10
PR002089,C002089,True,True,Spanish,SMS,2026-05-26
PR002090,C002090,True,True,English,None,2024-12-21
PR002091,C002091,False,True,English,Mobile App,2022-09-01
PR002092,C002092,False,False,English,None,2026-05-23
PR002093,C002093,True,True,Spanish,Mobile App,2025-02-10
PR002094,C002094,True,False,English,SMS,2026-02-12
PR002095,C002095,True,True,English,SMS,2025-10-10
PR002096,C002096,True,True,English,SMS,2025-04-08
PR002097,C002097,True,False,English,Email,2025-10-04
PR002098,C002098,True,True,English,None,2025-11-22
PR002099,C002099,False,False,English,Mobile App,2026-05-24
PR002100,C002100,True,True,English,SMS,2022-07-07
PR002101,C002101,False,True,English,Mobile App,2025-07-11
PR002102,C002102,True,True,English,SMS,2023-04-25
PR002103,C002103,False,True,English,SMS,2025-08-30
PR002104,C002104,False,True,English,Mobile App,2026-05-05
PR002105,C002105,False,True,English,Mobile App,2023-08-21
PR002106,C002106,True,False,English,SMS,2024-02-17
PR002107,C002107,True,True,English,Email,2026-04-11
PR002108,C002108,True,True,English,Mobile App,2023-02-20
PR002109,C002109,True,True,English,Email,2023-07-05
PR002110,C002110,True,False,English,None,2025-12-04
PR002111,C002111,False,True,English,Mobile App,2026-06-16
PR002112,C002112,True,True,Spanish,Email,2025-09-28
PR002113,C002113,True,False,Spanish,Mobile App,2026-04-14
PR002114,C002114,True,False,English,None,2024-08-18
PR002115,C002115,True,True,English,None,2025-12-15
PR002116,C002116,False,True,English,None,2025-05-19
PR002117,C002117,True,True,English,None,2023-07-12
PR002118,C002118,True,True,Spanish,SMS,2025-06-23
PR002119,C002119,True,True,Spanish,SMS,2026-06-30
PR002120,C002120,True,False,English,Email,2025-02-07
PR002121,C002121,True,True,English,Mobile App,2024-07-23
PR002122,C002122,True,False,English,Mobile App,2025-02-16
PR002123,C002123,True,True,English,SMS,2025-02-14
PR002124,C002124,False,True,Spanish,Mobile App,2026-06-15
PR002125,C002125,True,True,English,None,2025-04-15
PR002126,C002126,True,True,English,Email,2024-03-18
PR002127,C002127,False,True,English,None,2025-02-27
PR002128,C002128,True,False,English,SMS,2023-03-29
PR002129,C002129,False,True,English,Email,2026-06-27
PR002130,C002130,True,True,English,SMS,2026-05-16
PR002131,C002131,False,True,English,SMS,2026-03-09
PR002132,C002132,False,True,English,None,2024-12-10
PR002133,C002133,True,True,English,Mobile App,2026-01-27
PR002134,C002134,True,True,English,SMS,2025-09-19
PR002135,C002135,True,True,Spanish,Email,2022-09-08
PR002136,C002136,True,False,English,Mobile App,2026-06-13
PR002137,C002137,True,False,Spanish,Email,2025-02-20
PR002138,C002138,False,False,English,SMS,2026-01-28
PR002139,C002139,True,True,English,Email,2024-05-14
PR002140,C002140,True,True,English,Mobile App,2026-05-05
PR002141,C002141,True,True,English,None,2026-02-15
PR002142,C002142,True,True,English,Mobile App,2024-12-11
PR002143,C002143,True,True,English,Mobile App,2023-10-13
PR002144,C002144,False,False,English,SMS,2022-06-30
PR002145,C002145,True,False,English,Mobile App,2023-09-06
PR002146,C002146,True,False,English,Mobile App,2024-05-28
PR002147,C002147,True,True,English,Email,2024-10-09
PR002148,C002148,True,True,Spanish,SMS,2024-03-30
PR002149,C002149,False,True,English,None,2025-10-16
PR002150,C002150,True,False,English,Email,2025-05-30
PR002151,C002151,True,True,Spanish,SMS,2025-06-27
PR002152,C002152,True,True,Spanish,SMS,2025-11-13
PR002153,C002153,False,True,Spanish,Mobile App,2026-06-29
PR002154,C002154,True,False,Spanish,None,2023-07-27
PR002155,C002155,True,False,English,SMS,2022-10-17
PR002156,C002156,True,True,English,SMS,2026-01-09
PR002157,C002157,False,True,English,SMS,2022-05-14
PR002158,C002158,True,True,Spanish,None,2024-12-27
PR002159,C002159,True,True,Spanish,SMS,2025-10-10
PR002160,C002160,True,True,English,None,2025-08-26
PR002161,C002161,True,True,Spanish,Email,2026-02-16
PR002162,C002162,False,True,English,None,2026-01-23
PR002163,C002163,True,True,Spanish,SMS,2025-12-26
PR002164,C002164,True,False,English,None,2026-04-17
PR002165,C002165,True,True,Spanish,SMS,2026-03-19
PR002166,C002166,False,True,English,Email,2026-04-23
PR002167,C002167,True,True,English,SMS,2024-10-13
PR002168,C002168,True,False,English,Email,2025-11-04
PR002169,C002169,True,True,English,None,2026-02-16
PR002170,C002170,True,True,English,SMS,2024-08-18
PR002171,C002171,True,True,English,Email,2021-11-09
PR002172,C002172,False,True,English,None,2026-03-31
PR002173,C002173,True,False,Spanish,None,2026-02-25
PR002174,C002174,True,True,Spanish,SMS,2024-09-17
PR002175,C002175,True,True,English,Email,2025-10-18
PR002176,C002176,True,True,English,Mobile App,2023-07-02
PR002177,C002177,True,True,English,None,2024-09-15
PR002178,C002178,False,True,English,Mobile App,2024-10-14
PR002179,C002179,True,False,Spanish,Email,2024-07-11
PR002180,C002180,True,True,Spanish,SMS,2026-03-20
PR002181,C002181,True,True,English,None,2026-05-02
PR002182,C002182,False,True,Spanish,Email,2023-07-28
PR002183,C002183,True,True,Spanish,SMS,2026-07-02
PR002184,C002184,True,False,English,Mobile App,2026-06-07
PR002185,C002185,True,True,Spanish,SMS,2026-01-10
PR002186,C002186,True,False,English,None,2026-06-22
PR002187,C002187,False,False,English,Email,2023-04-01
PR002188,C002188,True,True,English,Email,2026-06-26
PR002189,C002189,True,False,Spanish,Mobile App,2023-12-23
PR002190,C002190,True,True,English,Mobile App,2026-06-22
PR002191,C002191,True,False,Spanish,SMS,2024-05-05
PR002192,C002192,True,False,English,Mobile App,2026-02-17
PR002193,C002193,True,True,Spanish,Email,2025-05-13
PR002194,C002194,True,False,Spanish,SMS,2022-02-09
PR002195,C002195,True,False,English,None,2022-12-20
PR002196,C002196,True,False,English,None,2025-12-12
PR002197,C002197,True,False,English,None,2025-10-19
PR002198,C002198,True,False,Spanish,Mobile App,2025-06-27
PR002199,C002199,True,True,English,Email,2024-01-20
PR002200,C002200,True,False,English,None,2026-01-03
PR002201,C002201,True,True,English,Mobile App,2025-03-15
PR002202,C002202,True,True,English,Email,2022-05-11
PR002203,C002203,True,True,English,Email,2026-04-05
PR002204,C002204,False,True,English,Mobile App,2026-05-19
PR002205,C002205,True,True,English,SMS,2024-08-31
PR002206,C002206,False,True,English,Mobile App,2022-06-22
PR002207,C002207,True,True,Spanish,SMS,2024-04-05
PR002208,C002208,False,False,English,None,2023-09-08
PR002209,C002209,True,True,Spanish,Email,2024-02-04
PR002210,C002210,True,False,English,SMS,2025-03-23
PR002211,C002211,True,True,English,None,2026-04-29
PR002212,C002212,False,True,English,None,2024-10-09
PR002213,C002213,False,True,Spanish,SMS,2026-03-18
PR002214,C002214,True,True,English,SMS,2023-04-26
PR002215,C002215,True,True,English,Email,2026-01-07
PR002216,C002216,True,True,English,Email,2024-06-02
PR002217,C002217,True,True,English,SMS,2024-09-27
PR002218,C002218,False,False,Spanish,None,2025-12-13
PR002219,C002219,True,True,English,Email,2024-02-08
PR002220,C002220,True,True,English,Mobile App,2025-05-27
PR002221,C002221,True,True,Spanish,SMS,2026-06-23
PR002222,C002222,False,True,English,Email,2026-06-23
PR002223,C002223,True,True,English,Email,2025-06-05
PR002224,C002224,True,True,English,None,2023-07-11
PR002225,C002225,True,False,Spanish,None,2026-02-09
PR002226,C002226,True,True,Spanish,Mobile App,2025-03-31
PR002227,C002227,True,True,Spanish,Email,2025-06-17
PR002228,C002228,False,True,English,SMS,2026-06-19
PR002229,C002229,False,False,English,SMS,2025-12-05
PR002230,C002230,True,False,Spanish,Mobile App,2026-06-29
PR002231,C002231,True,True,English,Mobile App,2024-01-31
PR002232,C002232,True,True,English,SMS,2025-07-02
PR002233,C002233,True,False,English,None,2025-06-06
PR002234,C002234,True,True,English,Email,2025-06-29
PR002235,C002235,True,False,Spanish,Mobile App,2026-06-12
PR002236,C002236,True,True,Spanish,Mobile App,2023-08-08
PR002237,C002237,True,False,Spanish,Mobile App,2025-08-07
PR002238,C002238,True,True,Spanish,Email,2026-06-26
PR002239,C002239,False,True,English,SMS,2026-03-06
PR002240,C002240,True,True,English,SMS,2026-06-01
PR002241,C002241,True,True,English,None,2024-06-23
PR002242,C002242,True,True,English,Mobile App,2025-09-12
PR002243,C002243,True,True,English,SMS,2026-02-12
PR002244,C002244,False,True,English,Email,2023-11-07
PR002245,C002245,True,True,English,SMS,2025-04-04
PR002246,C002246,True,True,Spanish,SMS,2025-03-24
PR002247,C002247,False,True,English,None,2026-01-20
PR002248,C002248,True,True,Spanish,SMS,2023-07-04
PR002249,C002249,True,True,Spanish,Email,2024-02-26
PR002250,C002250,True,True,Spanish,Mobile App,2026-05-18
PR002251,C002251,True,False,English,SMS,2025-03-07
PR002252,C002252,True,True,English,SMS,2026-07-03
PR002253,C002253,True,False,English,Mobile App,2023-10-13
PR002254,C002254,True,True,English,Mobile App,2025-06-09
PR002255,C002255,True,True,English,Email,2026-03-13
PR002256,C002256,True,True,Spanish,Mobile App,2026-04-23
PR002257,C002257,True,True,Spanish,SMS,2025-11-06
PR002258,C002258,True,False,English,None,2025-02-26
PR002259,C002259,False,False,English,Mobile App,2025-07-25
PR002260,C002260,True,True,English,None,2026-03-26
PR002261,C002261,False,True,English,None,2025-08-16
PR002262,C002262,True,True,English,None,2026-05-08
PR002263,C002263,True,False,English,None,2025-05-30
PR002264,C002264,True,True,Spanish,Email,2025-02-22
PR002265,C002265,True,True,Spanish,Mobile App,2025-09-25
PR002266,C002266,True,True,English,SMS,2024-12-27
PR002267,C002267,True,False,English,Mobile App,2025-05-10
PR002268,C002268,False,True,English,Mobile App,2026-03-19
PR002269,C002269,False,False,English,SMS,2023-11-18
PR002270,C002270,True,True,English,None,2023-09-16
PR002271,C002271,True,False,Spanish,SMS,2023-04-11
PR002272,C002272,True,False,English,Mobile App,2025-08-21
PR002273,C002273,False,False,English,None,2025-11-02
PR002274,C002274,False,True,English,None,2025-11-09
PR002275,C002275,True,True,Spanish,None,2026-06-14
PR002276,C002276,True,True,English,None,2024-04-13
PR002277,C002277,True,True,English,SMS,2026-02-28
PR002278,C002278,False,False,English,Email,2026-03-20
PR002279,C002279,True,False,English,None,2025-09-18
PR002280,C002280,False,True,English,Mobile App,2025-10-22
PR002281,C002281,False,False,English,None,2025-04-07
PR002282,C002282,True,True,English,None,2024-03-05
PR002283,C002283,True,False,English,Mobile App,2026-07-01
PR002284,C002284,True,True,English,Email,2025-08-27
PR002285,C002285,True,True,English,Mobile App,2025-11-11
PR002286,C002286,True,True,English,SMS,2026-01-31
PR002287,C002287,True,True,English,Mobile App,2025-04-03
PR002288,C002288,True,False,Spanish,SMS,2026-07-01
PR002289,C002289,True,False,English,Email,2025-01-09
PR002290,C002290,True,True,English,Mobile App,2022-11-20
PR002291,C002291,False,True,English,Email,2025-04-07
PR002292,C002292,True,True,Spanish,Email,2026-04-11
PR002293,C002293,False,True,Spanish,None,2024-07-30
PR002294,C002294,False,True,English,SMS,2024-02-26
PR002295,C002295,True,False,Spanish,Email,2023-08-19
PR002296,C002296,True,True,English,Email,2026-04-11
PR002297,C002297,True,False,English,SMS,2025-03-24
PR002298,C002298,True,False,English,SMS,2025-12-06
PR002299,C002299,True,True,Spanish,Email,2024-11-11
PR002300,C002300,True,False,English,None,2025-12-13
PR002301,C002301,True,False,Spanish,Email,2024-09-14
PR002302,C002302,True,False,Spanish,Mobile App,2025-09-18
PR002303,C002303,True,True,English,SMS,2025-11-30
PR002304,C002304,True,True,English,SMS,2026-05-01
PR002305,C002305,True,False,English,Mobile App,2026-06-29
PR002306,C002306,True,True,Spanish,Email,2026-05-10
PR002307,C002307,True,True,Spanish,None,2025-05-20
PR002308,C002308,True,True,English,Email,2026-05-05
PR002309,C002309,True,True,English,None,2026-05-14
PR002310,C002310,True,True,English,Email,2026-03-19
PR002311,C002311,False,False,English,Email,2026-05-25
PR002312,C002312,False,True,English,Email,2024-12-27
PR002313,C002313,True,True,Spanish,None,2023-09-09
PR002314,C002314,False,False,English,Mobile App,2024-02-09
PR002315,C002315,True,True,English,SMS,2026-03-20
PR002316,C002316,True,False,English,None,2025-10-09
PR002317,C002317,True,True,English,SMS,2026-02-27
PR002318,C002318,True,True,Spanish,None,2024-02-25
PR002319,C002319,True,False,English,None,2024-05-12
PR002320,C002320,True,True,Spanish,SMS,2025-11-26
PR002321,C002321,True,False,English,None,2025-11-17
PR002322,C002322,True,False,Spanish,Mobile App,2024-12-19
PR002323,C002323,False,True,English,Mobile App,2026-04-19
PR002324,C002324,False,True,Spanish,SMS,2026-05-04
PR002325,C002325,True,False,English,SMS,2025-07-25
PR002326,C002326,False,True,English,SMS,2025-07-08
PR002327,C002327,False,True,English,None,2026-05-21
PR002328,C002328,True,False,Spanish,Email,2022-09-18
PR002329,C002329,True,True,English,Mobile App,2026-04-16
PR002330,C002330,False,True,English,Email,2025-03-16
PR002331,C002331,True,True,English,SMS,2024-10-15
PR002332,C002332,False,False,Spanish,Mobile App,2026-05-22
PR002333,C002333,False,False,English,SMS,2024-12-30
PR002334,C002334,False,False,English,SMS,2025-01-30
PR002335,C002335,True,True,Spanish,SMS,2024-10-04
PR002336,C002336,True,True,English,None,2026-06-23
PR002337,C002337,True,True,Spanish,None,2025-04-26
PR002338,C002338,False,True,English,SMS,2025-06-01
PR002339,C002339,True,True,English,SMS,2026-01-12
PR002340,C002340,False,False,English,None,2024-07-03
PR002341,C002341,False,True,English,SMS,2025-07-31
PR002342,C002342,False,False,English,None,2024-11-17
PR002343,C002343,False,True,English,SMS,2024-12-14
PR002344,C002344,True,True,English,Mobile App,2026-07-02
PR002345,C002345,False,True,English,SMS,2023-07-07
PR002346,C002346,False,True,English,None,2026-01-17
PR002347,C002347,False,True,English,Mobile App,2025-05-10
PR002348,C002348,False,False,English,None,2025-09-03
PR002349,C002349,True,True,English,SMS,2025-02-01
PR002350,C002350,False,False,Spanish,Email,2024-05-14
PR002351,C002351,True,False,Spanish,SMS,2025-04-28
PR002352,C002352,True,True,English,SMS,2024-10-18
PR002353,C002353,True,True,Spanish,Mobile App,2025-07-15
PR002354,C002354,True,False,English,Email,2023-08-23
PR002355,C002355,True,True,Spanish,None,2024-02-26
PR002356,C002356,False,True,English,Mobile App,2024-09-10
PR002357,C002357,True,False,English,None,2022-10-01
PR002358,C002358,True,False,English,None,2024-05-22
PR002359,C002359,True,False,English,Email,2026-04-19
PR002360,C002360,True,False,Spanish,Mobile App,2024-01-31
PR002361,C002361,False,False,English,Email,2026-01-28
PR002362,C002362,True,True,Spanish,Mobile App,2025-02-13
PR002363,C002363,True,True,English,Email,2025-03-03
PR002364,C002364,True,False,English,None,2025-09-21
PR002365,C002365,True,True,Spanish,Mobile App,2023-11-02
PR002366,C002366,True,True,English,Mobile App,2024-09-18
PR002367,C002367,True,False,English,SMS,2025-08-17
PR002368,C002368,True,True,Spanish,None,2025-08-05
PR002369,C002369,False,True,English,Mobile App,2025-11-09
PR002370,C002370,True,True,English,None,2025-07-07
PR002371,C002371,True,True,English,None,2023-01-30
PR002372,C002372,True,True,English,Email,2026-05-13
PR002373,C002373,True,True,English,Email,2024-08-22
PR002374,C002374,False,False,English,SMS,2025-08-01
PR002375,C002375,True,True,English,Mobile App,2024-11-27
PR002376,C002376,True,True,English,SMS,2025-05-28
PR002377,C002377,True,True,Spanish,SMS,2025-05-06
PR002378,C002378,True,False,English,Email,2026-03-30
PR002379,C002379,True,False,Spanish,Email,2024-12-18
PR002380,C002380,True,True,English,None,2026-05-06
PR002381,C002381,True,True,English,None,2026-07-06
PR002382,C002382,True,True,Spanish,None,2024-09-14
PR002383,C002383,True,True,English,None,2025-11-11
PR002384,C002384,True,False,Spanish,SMS,2026-01-28
PR002385,C002385,True,False,English,Email,2023-03-26
PR002386,C002386,True,True,English,Email,2025-09-10
PR002387,C002387,True,True,Spanish,Email,2024-02-05
PR002388,C002388,True,True,English,SMS,2026-03-24
PR002389,C002389,True,True,Spanish,Mobile App,2023-05-24
PR002390,C002390,False,False,English,SMS,2026-01-31
PR002391,C002391,True,True,English,None,2025-04-25
PR002392,C002392,False,True,English,Mobile App,2024-10-06
PR002393,C002393,True,False,English,Mobile App,2024-01-03
PR002394,C002394,True,True,Spanish,None,2025-11-18
PR002395,C002395,False,False,English,Email,2026-03-13
PR002396,C002396,True,False,English,None,2025-09-30
PR002397,C002397,False,True,English,SMS,2024-12-10
PR002398,C002398,True,True,English,SMS,2025-05-02
PR002399,C002399,True,False,English,Email,2023-08-22
PR002400,C002400,True,False,English,Email,2026-05-29
PR002401,C002401,True,True,English,SMS,2025-02-22
PR002402,C002402,True,True,English,Mobile App,2025-02-03
PR002403,C002403,False,True,English,Email,2026-05-23
PR002404,C002404,True,True,English,Email,2025-05-08
PR002405,C002405,True,True,Spanish,SMS,2026-07-07
PR002406,C002406,False,True,English,Mobile App,2024-05-26
PR002407,C002407,False,True,Spanish,Email,2026-02-10
PR002408,C002408,True,True,English,Mobile App,2026-04-18
PR002409,C002409,True,True,English,None,2026-04-21
PR002410,C002410,False,False,English,Email,2024-03-27
PR002411,C002411,False,True,English,Email,2025-11-04
PR002412,C002412,False,True,English,Mobile App,2026-01-28
PR002413,C002413,False,False,Spanish,Mobile App,2025-04-19
PR002414,C002414,True,True,Spanish,SMS,2026-03-27
PR002415,C002415,False,True,English,None,2026-07-07
PR002416,C002416,False,True,Spanish,Mobile App,2024-06-02
PR002417,C002417,False,True,English,Mobile App,2025-01-19
PR002418,C002418,True,True,English,SMS,2026-04-12
PR002419,C002419,False,True,Spanish,Mobile App,2022-03-06
PR002420,C002420,True,False,English,Mobile App,2026-02-06
PR002421,C002421,True,True,English,None,2026-03-05
PR002422,C002422,True,True,English,SMS,2026-06-20
PR002423,C002423,True,False,English,None,2025-12-09
PR002424,C002424,True,True,Spanish,Email,2026-05-29
PR002425,C002425,True,False,Spanish,None,2023-05-10
PR002426,C002426,True,True,Spanish,Mobile App,2026-01-25
PR002427,C002427,True,False,English,None,2026-01-11
PR002428,C002428,True,False,English,None,2022-05-07
PR002429,C002429,True,True,Spanish,Email,2025-04-19
PR002430,C002430,True,True,Spanish,Email,2025-08-07
PR002431,C002431,True,True,English,None,2022-10-18
PR002432,C002432,False,False,English,Mobile App,2025-07-10
PR002433,C002433,True,True,English,Email,2025-09-08
PR002434,C002434,True,True,English,None,2023-12-01
PR002435,C002435,True,False,English,None,2022-09-10
PR002436,C002436,True,False,English,None,2026-06-19
PR002437,C002437,True,True,English,Email,2021-10-17
PR002438,C002438,False,True,English,SMS,2024-10-12
PR002439,C002439,True,True,English,SMS,2024-02-24
PR002440,C002440,False,False,English,Mobile App,2025-10-29
PR002441,C002441,True,False,English,Mobile App,2025-06-18
PR002442,C002442,False,False,Spanish,None,2024-10-08
PR002443,C002443,True,False,English,Email,2026-01-05
PR002444,C002444,False,True,English,Mobile App,2026-02-20
PR002445,C002445,False,True,English,Email,2026-06-05
PR002446,C002446,True,False,English,SMS,2026-03-09
PR002447,C002447,False,True,English,Mobile App,2025-10-06
PR002448,C002448,True,False,Spanish,Email,2025-02-17
PR002449,C002449,True,False,English,None,2024-06-17
PR002450,C002450,True,False,English,Mobile App,2026-06-14
PR002451,C002451,True,True,English,None,2023-11-16
PR002452,C002452,True,True,English,None,2023-12-29
PR002453,C002453,True,True,English,Mobile App,2024-01-22
PR002454,C002454,True,False,English,Email,2025-03-17
PR002455,C002455,True,True,English,None,2026-04-30
PR002456,C002456,False,False,English,SMS,2024-04-03
PR002457,C002457,True,False,English,Mobile App,2023-08-08
PR002458,C002458,True,True,English,SMS,2026-04-23
PR002459,C002459,True,False,English,SMS,2024-11-18
PR002460,C002460,False,True,English,Mobile App,2023-04-18
PR002461,C002461,True,False,Spanish,Mobile App,2025-03-04
PR002462,C002462,False,False,Spanish,SMS,2024-11-30
PR002463,C002463,True,False,English,None,2026-04-20
PR002464,C002464,True,False,English,Mobile App,2026-06-18
PR002465,C002465,True,True,Spanish,SMS,2024-10-17
PR002466,C002466,True,True,English,Mobile App,2023-07-30
PR002467,C002467,True,True,English,None,2026-01-21
PR002468,C002468,True,True,English,Email,2026-06-17
PR002469,C002469,True,False,English,Mobile App,2025-12-09
PR002470,C002470,True,True,English,SMS,2026-03-29
PR002471,C002471,True,True,Spanish,Mobile App,2026-05-13
PR002472,C002472,False,True,English,None,2024-05-18
PR002473,C002473,True,True,Spanish,Mobile App,2025-10-01
PR002474,C002474,False,False,English,Mobile App,2025-10-20
PR002475,C002475,True,False,English,Email,2026-02-23
PR002476,C002476,True,True,Spanish,None,2026-01-18
PR002477,C002477,True,True,English,Mobile App,2026-02-04
PR002478,C002478,True,True,Spanish,SMS,2025-05-06
PR002479,C002479,True,True,English,Mobile App,2024-09-08
PR002480,C002480,True,False,English,SMS,2026-05-22
PR002481,C002481,True,False,English,SMS,2025-06-02
PR002482,C002482,True,True,Spanish,SMS,2026-04-13
PR002483,C002483,True,False,Spanish,Email,2023-03-03
PR002484,C002484,True,True,English,Mobile App,2026-06-28
PR002485,C002485,False,False,English,SMS,2024-09-29
PR002486,C002486,False,False,English,Mobile App,2026-04-24
PR002487,C002487,True,True,English,Mobile App,2025-11-20
PR002488,C002488,True,False,English,Mobile App,2026-06-02
PR002489,C002489,False,False,English,Mobile App,2024-02-28
PR002490,C002490,False,True,English,SMS,2024-10-06
PR002491,C002491,True,True,Spanish,SMS,2025-03-02
PR002492,C002492,True,True,English,Email,2026-01-09
PR002493,C002493,False,True,English,SMS,2025-12-14
PR002494,C002494,True,True,English,SMS,2025-09-30
PR002495,C002495,True,False,English,Email,2023-04-28
PR002496,C002496,True,False,English,SMS,2023-02-19
PR002497,C002497,False,True,English,Email,2025-10-02
PR002498,C002498,True,True,English,Email,2026-06-12
PR002499,C002499,True,True,English,SMS,2025-01-31
PR002500,C002500,True,True,English,SMS,2026-04-29
PR002501,C002501,True,False,Spanish,Mobile App,2022-10-08
PR002502,C002502,True,True,English,Mobile App,2025-09-01
PR002503,C002503,True,True,Spanish,None,2025-03-15
PR002504,C002504,False,True,Spanish,SMS,2025-11-26
PR002505,C002505,True,True,English,Mobile App,2026-01-19
PR002506,C002506,False,False,English,Mobile App,2023-03-14
PR002507,C002507,True,False,Spanish,SMS,2026-04-12
PR002508,C002508,True,True,Spanish,SMS,2026-07-06
PR002509,C002509,False,False,Spanish,None,2025-09-30
PR002510,C002510,False,False,English,Email,2024-01-21
PR002511,C002511,True,False,English,Mobile App,2025-02-05
PR002512,C002512,True,True,Spanish,None,2026-05-24
PR002513,C002513,True,False,English,SMS,2022-06-15
PR002514,C002514,True,False,English,SMS,2024-12-24
PR002515,C002515,False,False,English,None,2025-07-21
PR002516,C002516,True,True,English,Email,2026-06-04
PR002517,C002517,True,True,English,Mobile App,2023-08-08
PR002518,C002518,True,True,English,SMS,2025-07-06
PR002519,C002519,True,True,Spanish,Email,2026-04-13
PR002520,C002520,True,False,English,Email,2025-05-12
PR002521,C002521,True,True,English,Email,2026-02-12
PR002522,C002522,True,False,English,Mobile App,2025-03-06
PR002523,C002523,True,True,English,Mobile App,2026-04-23
PR002524,C002524,True,True,English,SMS,2024-07-24
PR002525,C002525,False,True,English,None,2025-08-25
PR002526,C002526,True,True,English,SMS,2022-11-12
PR002527,C002527,True,False,English,None,2025-02-01
PR002528,C002528,True,False,English,Mobile App,2024-03-27
PR002529,C002529,True,True,English,Email,2025-09-23
PR002530,C002530,True,True,Spanish,Mobile App,2025-12-03
PR002531,C002531,True,False,English,Mobile App,2025-06-01
PR002532,C002532,True,False,Spanish,Mobile App,2025-11-08
PR002533,C002533,True,False,English,Email,2025-03-25
PR002534,C002534,True,True,Spanish,Mobile App,2024-11-19
PR002535,C002535,False,True,English,Mobile App,2026-06-09
PR002536,C002536,True,True,Spanish,None,2023-09-30
PR002537,C002537,False,True,English,SMS,2025-08-26
PR002538,C002538,True,True,English,Mobile App,2025-12-16
PR002539,C002539,True,True,Spanish,SMS,2023-06-07
PR002540,C002540,False,False,English,Email,2023-09-15
PR002541,C002541,True,True,English,SMS,2024-12-19
PR002542,C002542,True,False,English,SMS,2023-11-21
PR002543,C002543,True,True,English,Mobile App,2026-05-03
PR002544,C002544,True,True,English,Mobile App,2025-01-23
PR002545,C002545,True,True,English,Email,2025-06-26
PR002546,C002546,True,True,English,Mobile App,2026-06-20
PR002547,C002547,True,True,English,SMS,2024-02-08
PR002548,C002548,True,True,Spanish,Mobile App,2023-05-28
PR002549,C002549,True,True,English,Mobile App,2026-06-24
PR002550,C002550,False,True,English,Mobile App,2024-11-12
PR002551,C002551,True,True,English,Email,2025-04-12
PR002552,C002552,False,True,Spanish,None,2026-07-04
PR002553,C002553,True,True,Spanish,SMS,2025-12-21
PR002554,C002554,False,False,Spanish,None,2026-02-05
PR002555,C002555,True,True,Spanish,Mobile App,2023-04-05
PR002556,C002556,True,False,English,Mobile App,2026-05-11
PR002557,C002557,True,False,English,Email,2025-10-26
PR002558,C002558,True,True,English,SMS,2025-12-14
PR002559,C002559,False,True,English,None,2026-06-27
PR002560,C002560,True,True,English,Email,2025-02-18
PR002561,C002561,True,True,English,None,2021-11-16
PR002562,C002562,True,True,English,SMS,2026-05-25
PR002563,C002563,True,True,English,None,2023-12-04
PR002564,C002564,True,True,English,Mobile App,2024-12-21
PR002565,C002565,False,True,English,Email,2026-06-26
PR002566,C002566,True,True,English,None,2024-06-30
PR002567,C002567,True,True,English,Mobile App,2026-05-28
PR002568,C002568,True,True,English,Email,2025-03-03
PR002569,C002569,False,True,English,Mobile App,2025-10-25
PR002570,C002570,False,False,Spanish,SMS,2024-04-26
PR002571,C002571,False,False,English,Mobile App,2026-04-14
PR002572,C002572,False,True,English,None,2026-01-29
PR002573,C002573,True,True,English,None,2026-03-22
PR002574,C002574,False,True,English,SMS,2026-03-22
PR002575,C002575,False,True,English,Email,2024-02-13
PR002576,C002576,True,False,English,Email,2026-01-27
PR002577,C002577,False,True,English,Email,2022-03-10
PR002578,C002578,True,True,English,Email,2026-04-27
PR002579,C002579,True,True,Spanish,None,2024-12-29
PR002580,C002580,True,False,English,Email,2026-04-03
PR002581,C002581,True,True,English,Mobile App,2023-11-06
PR002582,C002582,False,True,English,Mobile App,2024-01-10
PR002583,C002583,True,True,English,SMS,2024-12-22
PR002584,C002584,True,False,Spanish,Mobile App,2026-05-09
PR002585,C002585,True,True,Spanish,Email,2024-05-16
PR002586,C002586,False,False,English,None,2025-09-04
PR002587,C002587,False,True,Spanish,None,2026-07-07
PR002588,C002588,False,True,English,Email,2025-06-30
PR002589,C002589,True,True,English,Email,2025-12-28
PR002590,C002590,True,True,English,SMS,2025-01-18
PR002591,C002591,True,True,English,None,2024-12-01
PR002592,C002592,True,True,English,Mobile App,2026-05-06
PR002593,C002593,False,True,English,None,2026-02-23
PR002594,C002594,False,True,English,Email,2024-08-29
PR002595,C002595,True,True,English,None,2025-08-05
PR002596,C002596,True,False,English,SMS,2025-05-17
PR002597,C002597,True,True,English,SMS,2024-08-10
PR002598,C002598,True,True,Spanish,Email,2024-08-15
PR002599,C002599,True,True,English,None,2022-04-30
PR002600,C002600,True,True,English,Mobile App,2025-03-01
PR002601,C002601,True,False,English,Email,2024-01-26
PR002602,C002602,True,True,English,SMS,2026-03-26
PR002603,C002603,True,False,Spanish,SMS,2025-03-28
PR002604,C002604,True,True,English,Email,2025-06-06
PR002605,C002605,True,True,Spanish,None,2025-02-22
PR002606,C002606,True,True,English,Email,2024-10-20
PR002607,C002607,True,True,English,SMS,2024-11-29
PR002608,C002608,True,False,English,None,2023-10-26
PR002609,C002609,True,True,English,None,2024-03-11
PR002610,C002610,False,True,English,None,2025-06-16
PR002611,C002611,True,False,English,SMS,2025-03-19
PR002612,C002612,True,False,English,Mobile App,2026-04-28
PR002613,C002613,False,False,English,Mobile App,2023-06-27
PR002614,C002614,False,False,English,Mobile App,2025-03-15
PR002615,C002615,True,True,English,SMS,2022-04-28
PR002616,C002616,True,True,English,Email,2024-04-14
PR002617,C002617,True,False,English,Email,2026-05-30
PR002618,C002618,False,True,English,Mobile App,2026-06-28
PR002619,C002619,True,False,Spanish,Email,2025-11-27
PR002620,C002620,True,False,English,Mobile App,2026-03-02
PR002621,C002621,False,True,English,SMS,2023-08-01
PR002622,C002622,True,True,Spanish,None,2026-03-31
PR002623,C002623,True,False,English,SMS,2025-06-13
PR002624,C002624,True,True,English,Email,2023-06-09
PR002625,C002625,True,True,English,Mobile App,2024-03-15
PR002626,C002626,False,True,English,None,2022-08-06
PR002627,C002627,False,True,English,Email,2022-04-24
PR002628,C002628,False,True,English,SMS,2025-02-05
PR002629,C002629,False,True,English,Mobile App,2024-10-05
PR002630,C002630,True,False,English,Email,2025-11-10
PR002631,C002631,True,False,English,SMS,2023-04-02
PR002632,C002632,True,True,English,Mobile App,2025-07-12
PR002633,C002633,True,False,English,None,2023-12-03
PR002634,C002634,False,True,English,Email,2023-06-16
PR002635,C002635,True,False,English,Email,2023-03-09
PR002636,C002636,True,True,English,Mobile App,2026-03-12
PR002637,C002637,True,False,English,Email,2026-07-02
PR002638,C002638,True,False,English,SMS,2026-06-11
PR002639,C002639,True,False,Spanish,Mobile App,2024-08-21
PR002640,C002640,True,True,English,None,2025-09-16
PR002641,C002641,True,True,English,Mobile App,2026-02-04
PR002642,C002642,False,False,English,SMS,2023-03-21
PR002643,C002643,True,True,English,Email,2026-01-20
PR002644,C002644,True,False,English,None,2025-10-19
PR002645,C002645,True,True,English,SMS,2026-02-02
PR002646,C002646,True,True,English,SMS,2025-10-08
PR002647,C002647,True,True,English,SMS,2025-11-16
PR002648,C002648,False,True,Spanish,Mobile App,2024-02-17
PR002649,C002649,True,True,English,None,2026-01-02
PR002650,C002650,True,True,Spanish,SMS,2023-06-04
PR002651,C002651,True,False,English,SMS,2026-03-07
PR002652,C002652,True,True,English,Mobile App,2023-08-29
PR002653,C002653,True,True,English,None,2025-11-10
PR002654,C002654,True,True,English,Mobile App,2025-06-18
PR002655,C002655,True,False,English,SMS,2025-03-12
PR002656,C002656,False,False,English,Email,2025-06-13
PR002657,C002657,True,True,English,Mobile App,2026-04-09
PR002658,C002658,True,False,English,SMS,2026-01-27
PR002659,C002659,True,True,Spanish,None,2024-08-08
PR002660,C002660,True,True,English,Mobile App,2026-02-25
PR002661,C002661,True,True,English,Mobile App,2026-06-10
PR002662,C002662,True,True,English,SMS,2025-09-18
PR002663,C002663,True,True,English,Mobile App,2026-06-11
PR002664,C002664,True,True,English,SMS,2026-03-27
PR002665,C002665,True,True,Spanish,SMS,2025-10-11
PR002666,C002666,False,True,English,SMS,2025-05-09
PR002667,C002667,True,True,English,SMS,2022-05-29
PR002668,C002668,True,True,Spanish,Email,2024-07-15
PR002669,C002669,False,True,English,None,2026-03-31
PR002670,C002670,True,False,English,Email,2024-07-07
PR002671,C002671,True,True,English,SMS,2026-03-14
PR002672,C002672,False,False,Spanish,SMS,2023-11-26
PR002673,C002673,True,True,English,Mobile App,2025-09-15
PR002674,C002674,True,True,English,SMS,2024-01-06
PR002675,C002675,False,True,English,None,2023-07-18
PR002676,C002676,True,True,English,SMS,2026-05-26
PR002677,C002677,True,True,English,Email,2025-07-04
PR002678,C002678,True,False,English,Mobile App,2024-06-13
PR002679,C002679,True,True,English,Email,2025-12-09
PR002680,C002680,False,False,English,None,2024-07-26
PR002681,C002681,False,True,Spanish,Email,2022-11-07
PR002682,C002682,True,True,English,Mobile App,2025-07-01
PR002683,C002683,True,True,Spanish,None,2023-06-27
PR002684,C002684,True,True,English,Mobile App,2025-01-12
PR002685,C002685,True,True,English,SMS,2025-08-23
PR002686,C002686,True,True,English,SMS,2025-01-19
PR002687,C002687,False,True,English,SMS,2023-08-30
PR002688,C002688,False,False,Spanish,None,2026-05-26
PR002689,C002689,False,True,English,Mobile App,2026-02-15
PR002690,C002690,True,True,Spanish,SMS,2026-04-25
PR002691,C002691,True,False,English,None,2026-02-05
PR002692,C002692,True,False,English,Email,2026-04-17
PR002693,C002693,True,False,English,None,2026-04-09
PR002694,C002694,False,False,English,Mobile App,2025-06-20
PR002695,C002695,True,True,English,Mobile App,2025-10-26
PR002696,C002696,True,False,Spanish,SMS,2025-08-15
PR002697,C002697,True,True,Spanish,None,2025-08-29
PR002698,C002698,False,True,English,None,2026-02-13
PR002699,C002699,False,True,Spanish,SMS,2025-03-30
PR002700,C002700,True,True,English,None,2025-11-09
PR002701,C002701,True,False,English,None,2026-05-30
PR002702,C002702,True,True,English,SMS,2026-06-23
PR002703,C002703,True,True,English,Mobile App,2026-05-24
PR002704,C002704,True,True,English,Mobile App,2025-09-19
PR002705,C002705,True,False,English,Email,2026-07-07
PR002706,C002706,True,True,Spanish,Email,2022-09-01
PR002707,C002707,False,True,Spanish,SMS,2025-03-17
PR002708,C002708,True,False,English,Email,2025-09-15
PR002709,C002709,True,True,Spanish,Email,2024-11-29
PR002710,C002710,True,True,English,SMS,2023-11-25
PR002711,C002711,True,True,English,Mobile App,2024-05-21
PR002712,C002712,True,True,English,Mobile App,2023-08-10
PR002713,C002713,True,True,English,None,2025-12-20
PR002714,C002714,False,True,English,SMS,2025-08-18
PR002715,C002715,True,False,English,Mobile App,2025-03-06
PR002716,C002716,True,True,English,None,2026-06-28
PR002717,C002717,False,True,English,Mobile App,2026-06-29
PR002718,C002718,True,True,English,None,2025-01-11
PR002719,C002719,True,True,English,SMS,2025-12-21
PR002720,C002720,True,False,Spanish,SMS,2023-06-12
PR002721,C002721,True,False,English,SMS,2025-08-06
PR002722,C002722,True,True,English,Mobile App,2023-11-06
PR002723,C002723,False,True,English,SMS,2025-06-12
PR002724,C002724,True,True,English,None,2025-02-25
PR002725,C002725,False,False,English,Mobile App,2025-01-15
PR002726,C002726,True,True,English,Email,2026-01-01
PR002727,C002727,True,True,Spanish,None,2024-03-06
PR002728,C002728,True,True,English,Mobile App,2024-12-17
PR002729,C002729,False,True,Spanish,Email,2025-08-05
PR002730,C002730,True,False,English,SMS,2025-04-29
PR002731,C002731,True,True,English,SMS,2026-04-07
PR002732,C002732,False,True,English,SMS,2021-12-12
PR002733,C002733,True,True,English,SMS,2024-12-31
PR002734,C002734,True,True,English,Mobile App,2024-08-12
PR002735,C002735,True,True,English,Mobile App,2026-06-09
PR002736,C002736,True,False,English,Email,2025-09-24
PR002737,C002737,False,True,English,SMS,2025-06-19
PR002738,C002738,True,True,English,Mobile App,2025-08-31
PR002739,C002739,True,True,English,SMS,2023-10-18
PR002740,C002740,False,False,English,Email,2026-07-02
PR002741,C002741,True,True,Spanish,Email,2024-08-09
PR002742,C002742,False,False,English,None,2025-04-22
PR002743,C002743,True,True,Spanish,Email,2025-06-22
PR002744,C002744,True,True,Spanish,Mobile App,2023-06-21
PR002745,C002745,True,True,English,Email,2026-06-17
PR002746,C002746,True,False,English,Email,2026-06-07
PR002747,C002747,True,False,English,SMS,2025-02-14
PR002748,C002748,True,True,English,None,2025-03-08
PR002749,C002749,True,False,Spanish,None,2023-05-29
PR002750,C002750,True,False,English,Mobile App,2024-02-11
PR002751,C002751,True,True,English,None,2024-02-15
PR002752,C002752,True,True,Spanish,SMS,2024-11-15
PR002753,C002753,True,False,English,SMS,2026-03-01
PR002754,C002754,True,True,English,None,2025-08-17
PR002755,C002755,True,True,English,Email,2025-04-18
PR002756,C002756,True,True,English,Email,2024-12-23
PR002757,C002757,True,True,English,SMS,2026-06-23
PR002758,C002758,True,False,English,Email,2025-05-07
PR002759,C002759,True,False,English,None,2026-02-25
PR002760,C002760,True,False,English,Mobile App,2025-12-15
PR002761,C002761,False,True,English,SMS,2026-06-17
PR002762,C002762,True,False,English,Mobile App,2025-08-03
PR002763,C002763,False,False,English,Email,2025-02-04
PR002764,C002764,True,True,Spanish,Mobile App,2025-12-28
PR002765,C002765,True,True,English,SMS,2025-05-07
PR002766,C002766,True,True,Spanish,SMS,2026-07-06
PR002767,C002767,False,True,English,None,2026-05-27
PR002768,C002768,True,True,English,None,2025-05-18
PR002769,C002769,False,False,English,None,2026-06-12
PR002770,C002770,False,False,Spanish,SMS,2025-10-02
PR002771,C002771,True,True,Spanish,None,2026-02-20
PR002772,C002772,True,True,English,Mobile App,2026-03-14
PR002773,C002773,True,True,Spanish,SMS,2025-12-09
PR002774,C002774,True,True,English,None,2026-06-08
PR002775,C002775,True,True,English,SMS,2026-04-03
PR002776,C002776,True,True,English,Mobile App,2023-08-07
PR002777,C002777,True,False,Spanish,SMS,2024-12-23
PR002778,C002778,False,True,English,Mobile App,2026-01-16
PR002779,C002779,True,True,English,None,2026-05-26
PR002780,C002780,True,True,English,Mobile App,2026-01-12
PR002781,C002781,True,False,English,Email,2025-09-11
PR002782,C002782,False,False,English,Mobile App,2026-05-10
PR002783,C002783,True,True,English,Email,2026-07-06
PR002784,C002784,True,True,English,Email,2022-09-16
PR002785,C002785,False,False,English,Email,2025-12-16
PR002786,C002786,True,True,English,SMS,2023-12-16
PR002787,C002787,True,True,English,SMS,2024-08-03
PR002788,C002788,True,True,English,None,2026-04-19
PR002789,C002789,False,False,Spanish,None,2026-04-14
PR002790,C002790,True,True,English,None,2026-05-11
PR002791,C002791,False,True,English,Mobile App,2025-11-26
PR002792,C002792,True,False,Spanish,SMS,2022-08-13
PR002793,C002793,False,True,English,Email,2024-11-16
PR002794,C002794,True,True,English,SMS,2025-11-22
PR002795,C002795,True,True,Spanish,SMS,2026-03-01
PR002796,C002796,True,True,English,SMS,2025-10-30
PR002797,C002797,True,True,English,SMS,2025-09-28
PR002798,C002798,True,False,English,Mobile App,2026-04-23
PR002799,C002799,True,True,English,Email,2023-11-13
PR002800,C002800,True,False,English,None,2026-05-19
PR002801,C002801,True,True,English,Email,2023-06-13
PR002802,C002802,True,False,Spanish,Email,2026-06-19
PR002803,C002803,False,False,Spanish,Mobile App,2023-12-15
PR002804,C002804,False,True,Spanish,SMS,2025-01-30
PR002805,C002805,True,True,English,Mobile App,2024-10-20
PR002806,C002806,True,True,English,Email,2025-08-22
PR002807,C002807,True,True,English,SMS,2026-03-25
PR002808,C002808,False,True,Spanish,SMS,2025-06-26
PR002809,C002809,False,True,English,SMS,2025-05-30
PR002810,C002810,True,False,English,None,2025-09-21
PR002811,C002811,False,True,English,Mobile App,2025-10-13
PR002812,C002812,True,True,English,SMS,2023-11-09
PR002813,C002813,True,True,English,Email,2026-03-11
PR002814,C002814,False,True,English,SMS,2024-04-13
PR002815,C002815,True,True,Spanish,Email,2025-04-10
PR002816,C002816,True,True,English,Email,2024-11-03
PR002817,C002817,True,False,Spanish,None,2026-04-07
PR002818,C002818,True,True,Spanish,SMS,2025-11-27
PR002819,C002819,True,True,English,Mobile App,2026-07-02
PR002820,C002820,True,True,English,SMS,2022-07-14
PR002821,C002821,True,True,English,Email,2023-03-01
PR002822,C002822,True,True,English,Mobile App,2025-11-29
PR002823,C002823,True,True,Spanish,SMS,2023-07-29
PR002824,C002824,False,True,English,SMS,2025-05-03
PR002825,C002825,True,True,English,Mobile App,2025-11-30
PR002826,C002826,True,True,English,None,2025-04-30
PR002827,C002827,True,True,English,Mobile App,2025-10-22
PR002828,C002828,False,True,Spanish,SMS,2026-02-17
PR002829,C002829,True,False,Spanish,Mobile App,2024-05-11
PR002830,C002830,True,False,English,Email,2026-07-02
PR002831,C002831,True,True,Spanish,None,2026-02-13
PR002832,C002832,True,True,English,Email,2026-05-21
PR002833,C002833,False,True,English,SMS,2024-09-14
PR002834,C002834,False,True,English,Email,2026-04-04
PR002835,C002835,True,True,English,None,2025-07-17
PR002836,C002836,True,True,English,None,2026-06-13
PR002837,C002837,False,True,English,Email,2026-03-23
PR002838,C002838,True,False,English,Email,2026-06-04
PR002839,C002839,True,True,English,SMS,2026-06-12
PR002840,C002840,True,False,English,SMS,2026-04-27
PR002841,C002841,False,True,English,Email,2026-01-18
PR002842,C002842,True,True,English,Mobile App,2024-09-08
PR002843,C002843,True,True,Spanish,None,2026-01-31
PR002844,C002844,False,False,Spanish,Email,2025-03-02
PR002845,C002845,False,False,Spanish,Mobile App,2026-04-06
PR002846,C002846,True,True,English,Mobile App,2026-06-06
PR002847,C002847,True,False,Spanish,Email,2025-03-10
PR002848,C002848,True,False,Spanish,Email,2025-10-25
PR002849,C002849,False,False,English,SMS,2023-11-09
PR002850,C002850,True,False,English,SMS,2025-03-09
PR002851,C002851,True,False,English,Mobile App,2025-07-11
PR002852,C002852,False,True,English,SMS,2025-10-18
PR002853,C002853,False,False,English,SMS,2024-03-13
PR002854,C002854,True,True,Spanish,None,2024-11-03
PR002855,C002855,True,False,Spanish,None,2025-02-05
PR002856,C002856,True,False,Spanish,Mobile App,2026-04-29
PR002857,C002857,True,True,Spanish,Email,2025-01-06
PR002858,C002858,True,True,English,SMS,2025-03-19
PR002859,C002859,True,True,Spanish,Email,2026-06-18
PR002860,C002860,True,True,English,None,2025-08-29
PR002861,C002861,True,False,English,Email,2026-06-23
PR002862,C002862,True,True,English,Email,2024-09-13
PR002863,C002863,True,True,English,SMS,2025-08-23
PR002864,C002864,False,True,Spanish,SMS,2023-04-13
PR002865,C002865,True,True,English,SMS,2025-12-23
PR002866,C002866,True,False,English,SMS,2026-03-30
PR002867,C002867,True,True,English,Email,2025-12-29
PR002868,C002868,True,False,English,Mobile App,2026-05-20
PR002869,C002869,True,True,English,None,2022-12-17
PR002870,C002870,True,True,Spanish,None,2026-05-23
PR002871,C002871,True,True,Spanish,SMS,2026-07-04
PR002872,C002872,True,True,Spanish,None,2025-10-03
PR002873,C002873,True,False,English,Email,2025-05-07
PR002874,C002874,False,False,English,None,2026-04-08
PR002875,C002875,False,True,English,SMS,2025-09-30
PR002876,C002876,True,False,English,SMS,2026-06-12
PR002877,C002877,True,True,Spanish,Mobile App,2026-06-20
PR002878,C002878,True,True,English,Mobile App,2026-03-03
PR002879,C002879,False,True,English,Email,2025-01-03
PR002880,C002880,True,False,Spanish,SMS,2024-05-16
PR002881,C002881,True,True,English,Mobile App,2023-07-11
PR002882,C002882,False,False,English,SMS,2025-11-10
PR002883,C002883,True,False,English,SMS,2026-01-18
PR002884,C002884,True,False,English,None,2025-11-22
PR002885,C002885,True,True,English,None,2025-10-20
PR002886,C002886,True,False,Spanish,SMS,2024-03-12
PR002887,C002887,True,True,English,SMS,2026-03-20
PR002888,C002888,True,True,Spanish,Mobile App,2024-09-11
PR002889,C002889,False,False,English,Email,2026-05-31
PR002890,C002890,True,False,English,SMS,2023-02-23
PR002891,C002891,True,True,English,None,2026-02-11
PR002892,C002892,True,True,English,Mobile App,2025-10-17
PR002893,C002893,True,True,English,Email,2026-06-16
PR002894,C002894,True,True,English,Mobile App,2026-02-10
PR002895,C002895,True,True,English,Mobile App,2025-07-10
PR002896,C002896,True,False,Spanish,None,2026-05-16
PR002897,C002897,True,True,Spanish,SMS,2024-09-25
PR002898,C002898,False,False,English,Email,2025-06-27
PR002899,C002899,True,True,English,Mobile App,2025-04-18
PR002900,C002900,True,True,English,None,2026-01-24
PR002901,C002901,False,True,English,Mobile App,2026-06-05
PR002902,C002902,True,False,English,Email,2026-05-24
PR002903,C002903,True,True,English,Email,2026-03-31
PR002904,C002904,True,True,English,SMS,2024-10-17
PR002905,C002905,True,True,English,Email,2026-03-26
PR002906,C002906,True,True,English,Email,2025-11-28
PR002907,C002907,False,False,Spanish,None,2025-06-08
PR002908,C002908,False,False,English,Mobile App,2025-08-09
PR002909,C002909,False,False,Spanish,None,2026-06-29
PR002910,C002910,True,False,English,Mobile App,2024-11-28
PR002911,C002911,False,True,English,SMS,2025-10-24
PR002912,C002912,True,True,Spanish,Email,2025-07-13
PR002913,C002913,True,True,English,Mobile App,2026-03-12
PR002914,C002914,True,True,Spanish,None,2026-06-24
PR002915,C002915,False,False,English,None,2026-04-14
PR002916,C002916,True,True,English,Mobile App,2025-06-20
PR002917,C002917,True,True,Spanish,None,2025-10-16
PR002918,C002918,False,False,English,SMS,2025-06-19
PR002919,C002919,True,True,English,Email,2025-02-23
PR002920,C002920,False,True,English,Mobile App,2026-05-21
PR002921,C002921,False,True,Spanish,Email,2025-05-01
PR002922,C002922,True,True,English,Mobile App,2026-03-19
PR002923,C002923,True,False,English,Email,2026-01-21
PR002924,C002924,True,False,Spanish,None,2026-05-02
PR002925,C002925,True,True,Spanish,None,2026-02-09
PR002926,C002926,True,False,Spanish,SMS,2026-05-07
PR002927,C002927,False,True,Spanish,Mobile App,2025-03-10
PR002928,C002928,True,True,English,SMS,2025-07-13
PR002929,C002929,False,True,Spanish,SMS,2026-06-18
PR002930,C002930,True,False,Spanish,Email,2026-06-02
PR002931,C002931,True,False,English,Email,2026-03-12
PR002932,C002932,True,True,Spanish,SMS,2026-03-20
PR002933,C002933,False,True,Spanish,Mobile App,2026-05-21
PR002934,C002934,True,True,Spanish,Mobile App,2026-05-15
PR002935,C002935,True,False,English,None,2025-03-16
PR002936,C002936,False,False,English,Email,2025-03-23
PR002937,C002937,True,False,Spanish,Email,2023-11-04
PR002938,C002938,True,True,English,Mobile App,2025-09-19
PR002939,C002939,True,True,English,SMS,2025-04-04
PR002940,C002940,False,True,English,Email,2023-10-22
PR002941,C002941,True,False,English,SMS,2024-06-29
PR002942,C002942,True,True,English,Email,2025-11-01
PR002943,C002943,True,True,English,Mobile App,2025-10-17
PR002944,C002944,False,True,English,Mobile App,2026-01-24
PR002945,C002945,True,False,Spanish,Mobile App,2025-06-04
PR002946,C002946,True,True,English,SMS,2026-06-02
PR002947,C002947,True,False,Spanish,Mobile App,2022-01-16
PR002948,C002948,True,True,English,None,2024-12-04
PR002949,C002949,True,False,English,Mobile App,2026-06-15
PR002950,C002950,True,True,English,Mobile App,2022-06-24
PR002951,C002951,False,True,Spanish,None,2026-04-22
PR002952,C002952,True,True,English,Email,2025-02-07
PR002953,C002953,False,True,Spanish,Mobile App,2023-01-18
PR002954,C002954,True,False,Spanish,Email,2024-10-02
PR002955,C002955,True,True,Spanish,None,2025-05-09
PR002956,C002956,True,True,English,SMS,2026-06-08
PR002957,C002957,True,True,Spanish,None,2024-10-12
PR002958,C002958,True,True,English,None,2024-02-23
PR002959,C002959,False,True,Spanish,SMS,2023-05-03
PR002960,C002960,False,True,English,Mobile App,2024-06-01
PR002961,C002961,True,False,English,Mobile App,2026-01-06
PR002962,C002962,True,True,English,None,2025-04-23
PR002963,C002963,True,True,Spanish,SMS,2024-09-04
PR002964,C002964,False,False,English,SMS,2024-02-25
PR002965,C002965,True,True,English,Email,2024-10-25
PR002966,C002966,True,False,English,None,2025-02-25
PR002967,C002967,True,True,English,SMS,2026-03-28
PR002968,C002968,True,True,Spanish,Mobile App,2026-02-27
PR002969,C002969,True,False,English,None,2024-06-30
PR002970,C002970,True,True,English,Email,2023-09-15
PR002971,C002971,False,False,English,Mobile App,2025-06-06
PR002972,C002972,True,False,Spanish,SMS,2023-08-08
PR002973,C002973,True,False,Spanish,Mobile App,2024-05-29
PR002974,C002974,True,False,English,Email,2024-05-07
PR002975,C002975,True,True,English,Mobile App,2025-06-27
PR002976,C002976,True,False,English,None,2026-05-05
PR002977,C002977,True,True,Spanish,Mobile App,2023-09-04
PR002978,C002978,True,True,Spanish,SMS,2021-11-20
PR002979,C002979,False,True,English,None,2026-06-25
PR002980,C002980,True,True,English,SMS,2025-10-02
PR002981,C002981,False,False,English,None,2025-05-29
PR002982,C002982,True,False,English,SMS,2024-01-01
PR002983,C002983,True,True,English,Email,2025-09-21
PR002984,C002984,False,True,English,Mobile App,2023-12-26
PR002985,C002985,True,True,English,Mobile App,2026-03-05
PR002986,C002986,True,True,English,SMS,2022-10-03
PR002987,C002987,False,True,English,Email,2025-04-11
PR002988,C002988,True,False,Spanish,Mobile App,2025-12-23
PR002989,C002989,True,False,Spanish,SMS,2021-12-18
PR002990,C002990,True,True,Spanish,SMS,2025-11-03
PR002991,C002991,True,True,English,Email,2024-10-25
PR002992,C002992,True,False,English,Email,2025-08-26
PR002993,C002993,True,True,English,Mobile App,2025-01-13
PR002994,C002994,True,True,English,Email,2026-03-02
PR002995,C002995,True,True,English,Mobile App,2025-11-30
PR002996,C002996,True,True,English,None,2024-09-10
PR002997,C002997,True,False,English,Mobile App,2026-04-26
PR002998,C002998,True,True,English,Email,2025-03-20
PR002999,C002999,True,True,English,SMS,2026-06-16
PR003000,C003000,True,False,English,Email,2026-01-23
PR003001,C003001,True,True,English,SMS,2026-04-30
PR003002,C003002,True,True,English,Email,2026-04-16
PR003003,C003003,False,False,Spanish,Email,2026-07-05
PR003004,C003004,True,True,English,SMS,2025-12-12
PR003005,C003005,True,True,English,SMS,2025-02-14
PR003006,C003006,True,True,Spanish,Email,2024-09-09
PR003007,C003007,True,False,English,Email,2025-09-07
PR003008,C003008,True,False,English,Mobile App,2024-11-28
PR003009,C003009,True,True,English,SMS,2026-03-15
PR003010,C003010,False,True,English,None,2025-09-18
PR003011,C003011,True,True,Spanish,None,2026-04-09
PR003012,C003012,True,True,English,Mobile App,2026-03-02
PR003013,C003013,True,True,English,SMS,2025-06-05
PR003014,C003014,False,True,English,None,2026-04-13
PR003015,C003015,True,True,English,Email,2025-04-09
PR003016,C003016,True,True,English,Email,2025-11-30
PR003017,C003017,True,True,Spanish,None,2025-04-18
PR003018,C003018,True,True,Spanish,Email,2025-09-27
PR003019,C003019,False,True,English,Email,2026-06-29
PR003020,C003020,True,True,English,SMS,2023-06-27
PR003021,C003021,True,False,English,Mobile App,2025-02-25
PR003022,C003022,True,True,English,None,2025-02-11
PR003023,C003023,True,False,Spanish,Email,2023-11-25
PR003024,C003024,True,True,English,Email,2026-03-05
PR003025,C003025,False,True,Spanish,Email,2026-04-12
PR003026,C003026,True,True,English,Mobile App,2025-01-05
PR003027,C003027,True,False,English,SMS,2024-06-06
PR003028,C003028,True,False,English,None,2026-06-30
PR003029,C003029,False,True,Spanish,None,2026-05-10
PR003030,C003030,True,False,Spanish,Mobile App,2026-03-16
PR003031,C003031,True,False,English,Email,2026-04-24
PR003032,C003032,True,True,English,Mobile App,2024-09-13
PR003033,C003033,True,True,Spanish,None,2024-01-27
PR003034,C003034,False,True,English,None,2026-06-20
PR003035,C003035,True,False,English,SMS,2025-04-27
PR003036,C003036,False,True,English,Email,2026-06-08
PR003037,C003037,True,True,Spanish,None,2026-04-22
PR003038,C003038,False,True,English,Mobile App,2026-06-05
PR003039,C003039,True,False,English,None,2025-10-08
PR003040,C003040,False,True,English,SMS,2026-04-22
PR003041,C003041,True,True,Spanish,Mobile App,2025-05-15
PR003042,C003042,False,False,English,None,2024-02-16
PR003043,C003043,True,True,English,SMS,2026-05-02
PR003044,C003044,False,True,English,Email,2024-08-10
PR003045,C003045,True,True,Spanish,SMS,2024-05-28
PR003046,C003046,True,True,Spanish,SMS,2026-03-23
PR003047,C003047,True,True,English,SMS,2024-11-04
PR003048,C003048,True,True,English,None,2024-10-27
PR003049,C003049,True,True,English,Email,2025-08-15
PR003050,C003050,False,True,English,Email,2025-03-07
PR003051,C003051,True,False,English,Email,2026-04-25
PR003052,C003052,False,True,English,Email,2026-05-08
PR003053,C003053,True,False,English,None,2024-11-24
PR003054,C003054,True,False,English,Email,2023-05-14
PR003055,C003055,False,True,Spanish,Email,2025-09-25
PR003056,C003056,True,False,English,Mobile App,2025-05-18
PR003057,C003057,True,True,English,SMS,2025-10-26
PR003058,C003058,True,True,English,Email,2026-06-14
PR003059,C003059,False,True,English,Mobile App,2026-01-14
PR003060,C003060,True,False,Spanish,Email,2025-03-25
PR003061,C003061,True,True,English,SMS,2026-06-13
PR003062,C003062,True,False,English,SMS,2026-06-24
PR003063,C003063,True,True,Spanish,Email,2026-03-13
PR003064,C003064,True,False,English,Mobile App,2024-10-28
PR003065,C003065,True,False,English,Email,2025-07-04
PR003066,C003066,True,True,English,None,2025-10-10
PR003067,C003067,True,True,English,Mobile App,2022-11-07
PR003068,C003068,True,False,English,Email,2026-07-06
PR003069,C003069,False,True,English,Mobile App,2026-03-23
PR003070,C003070,True,False,English,SMS,2025-07-05
PR003071,C003071,False,True,English,Mobile App,2024-12-08
PR003072,C003072,True,False,English,SMS,2024-12-29
PR003073,C003073,True,True,English,Mobile App,2025-11-21
PR003074,C003074,False,True,English,Email,2025-06-30
PR003075,C003075,True,False,Spanish,Email,2022-11-01
PR003076,C003076,True,True,Spanish,Mobile App,2026-02-27
PR003077,C003077,True,False,English,Mobile App,2026-05-06
PR003078,C003078,True,True,English,Email,2026-07-05
PR003079,C003079,True,True,English,Email,2024-01-23
PR003080,C003080,False,True,English,None,2024-05-28
PR003081,C003081,False,False,English,SMS,2024-10-30
PR003082,C003082,True,False,English,Mobile App,2025-11-23
PR003083,C003083,True,False,English,None,2026-06-25
PR003084,C003084,False,False,Spanish,Email,2026-04-25
PR003085,C003085,True,True,English,Email,2024-04-09
PR003086,C003086,True,True,English,Mobile App,2025-04-12
PR003087,C003087,False,True,Spanish,SMS,2026-07-04
PR003088,C003088,True,False,English,Mobile App,2024-06-05
PR003089,C003089,False,False,English,Email,2025-12-10
PR003090,C003090,False,True,English,Email,2023-09-16
PR003091,C003091,True,True,English,Email,2024-08-03
PR003092,C003092,True,True,English,SMS,2025-07-28
PR003093,C003093,True,False,English,None,2026-06-28
PR003094,C003094,True,True,Spanish,SMS,2026-01-10
PR003095,C003095,True,False,Spanish,Email,2026-07-01
PR003096,C003096,True,True,English,Mobile App,2023-09-05
PR003097,C003097,True,True,English,None,2025-06-16
PR003098,C003098,True,True,Spanish,None,2025-05-25
PR003099,C003099,True,True,English,Mobile App,2026-04-05
PR003100,C003100,False,True,English,SMS,2025-02-18
PR003101,C003101,True,True,English,None,2023-09-18
PR003102,C003102,True,True,English,Mobile App,2024-07-31
PR003103,C003103,True,False,Spanish,Email,2024-05-22
PR003104,C003104,True,False,English,SMS,2025-12-18
PR003105,C003105,False,True,English,None,2026-04-07
PR003106,C003106,True,True,English,None,2024-11-09
PR003107,C003107,False,True,Spanish,SMS,2023-03-17
PR003108,C003108,True,True,English,None,2023-10-03
PR003109,C003109,False,True,English,Email,2022-11-01
PR003110,C003110,True,True,English,None,2024-11-10
PR003111,C003111,False,False,Spanish,SMS,2023-11-05
PR003112,C003112,True,True,English,None,2026-04-05
PR003113,C003113,True,True,English,Email,2025-02-27
PR003114,C003114,True,True,English,Mobile App,2024-01-23
PR003115,C003115,False,True,English,Email,2025-12-04
PR003116,C003116,False,True,Spanish,Email,2024-10-03
PR003117,C003117,False,False,English,Email,2026-04-02
PR003118,C003118,True,False,Spanish,Email,2024-05-09
PR003119,C003119,True,True,English,None,2024-10-14
PR003120,C003120,True,True,English,Email,2024-09-28
PR003121,C003121,True,True,English,Mobile App,2024-10-14
PR003122,C003122,True,False,English,SMS,2026-05-19
PR003123,C003123,True,True,English,None,2023-01-26
PR003124,C003124,False,False,English,Email,2025-12-01
PR003125,C003125,True,False,English,None,2025-10-08
PR003126,C003126,True,True,English,SMS,2026-06-10
PR003127,C003127,True,True,English,SMS,2026-01-11
PR003128,C003128,True,False,English,Mobile App,2026-07-07
PR003129,C003129,False,True,Spanish,Mobile App,2025-10-09
PR003130,C003130,True,False,Spanish,Email,2023-06-11
PR003131,C003131,True,True,English,Email,2024-10-27
PR003132,C003132,True,False,Spanish,Email,2025-06-17
PR003133,C003133,True,True,English,Email,2025-03-18
PR003134,C003134,True,False,Spanish,Email,2025-12-12
PR003135,C003135,True,False,Spanish,SMS,2025-09-08
PR003136,C003136,True,True,Spanish,Mobile App,2024-08-11
PR003137,C003137,True,False,English,SMS,2025-08-23
PR003138,C003138,True,False,Spanish,None,2026-03-20
PR003139,C003139,False,False,English,Email,2025-06-01
PR003140,C003140,False,True,English,Email,2025-05-16
PR003141,C003141,False,False,Spanish,Email,2025-07-12
PR003142,C003142,False,False,English,SMS,2026-04-11
PR003143,C003143,False,True,English,None,2024-03-15
PR003144,C003144,True,True,English,Email,2026-03-08
PR003145,C003145,True,True,English,Mobile App,2024-12-16
PR003146,C003146,True,False,English,None,2023-05-23
PR003147,C003147,True,True,English,Mobile App,2024-05-04
PR003148,C003148,True,True,English,Mobile App,2024-03-30
PR003149,C003149,True,False,English,None,2025-01-07
PR003150,C003150,True,True,English,SMS,2026-03-08
PR003151,C003151,True,True,English,None,2025-12-11
PR003152,C003152,False,True,English,Mobile App,2026-06-25
PR003153,C003153,False,True,English,Mobile App,2023-12-24
PR003154,C003154,False,False,English,SMS,2025-09-27
PR003155,C003155,False,True,English,None,2025-04-13
PR003156,C003156,False,True,Spanish,Mobile App,2024-05-14
PR003157,C003157,False,True,English,None,2024-11-12
PR003158,C003158,True,True,English,None,2026-06-09
PR003159,C003159,False,True,English,None,2026-04-09
PR003160,C003160,True,True,English,None,2023-05-06
PR003161,C003161,True,True,Spanish,Email,2024-10-20
PR003162,C003162,False,True,English,SMS,2026-02-13
PR003163,C003163,False,False,English,SMS,2025-05-26
PR003164,C003164,True,False,English,Email,2024-10-10
PR003165,C003165,True,True,English,None,2025-09-22
PR003166,C003166,True,False,English,None,2024-09-29
PR003167,C003167,True,False,English,Email,2026-03-18
PR003168,C003168,True,True,Spanish,SMS,2026-06-12
PR003169,C003169,False,False,English,Email,2024-01-31
PR003170,C003170,False,True,English,Email,2026-06-25
PR003171,C003171,True,True,English,Email,2023-08-01
PR003172,C003172,True,True,English,None,2026-05-08
PR003173,C003173,True,True,English,Mobile App,2026-05-24
PR003174,C003174,True,True,English,Mobile App,2025-06-09
PR003175,C003175,False,True,English,SMS,2024-02-15
PR003176,C003176,True,True,English,Email,2025-07-02
PR003177,C003177,False,True,English,SMS,2025-08-31
PR003178,C003178,True,True,English,None,2026-05-22
PR003179,C003179,False,False,Spanish,None,2025-11-23
PR003180,C003180,False,False,English,SMS,2026-06-20
PR003181,C003181,True,True,English,None,2026-06-20
PR003182,C003182,True,True,English,Mobile App,2025-08-12
PR003183,C003183,True,False,English,SMS,2026-02-25
PR003184,C003184,True,True,Spanish,SMS,2026-05-30
PR003185,C003185,True,True,English,Mobile App,2022-09-14
PR003186,C003186,False,False,English,SMS,2024-04-12
PR003187,C003187,False,True,Spanish,SMS,2026-04-06
PR003188,C003188,True,True,Spanish,SMS,2026-01-15
PR003189,C003189,True,True,English,Mobile App,2025-07-15
PR003190,C003190,False,True,English,None,2026-04-25
PR003191,C003191,False,False,English,Email,2025-09-19
PR003192,C003192,False,True,English,SMS,2025-12-28
PR003193,C003193,True,True,Spanish,SMS,2023-03-25
PR003194,C003194,True,False,English,SMS,2023-08-21
PR003195,C003195,True,True,Spanish,SMS,2024-01-17
PR003196,C003196,True,True,English,None,2026-05-26
PR003197,C003197,True,True,Spanish,Email,2024-11-03
PR003198,C003198,True,True,Spanish,None,2026-06-15
PR003199,C003199,True,True,English,Mobile App,2024-12-28
PR003200,C003200,False,True,English,Email,2026-06-26
PR003201,C003201,True,True,English,SMS,2024-07-15
PR003202,C003202,True,True,English,SMS,2026-05-18
PR003203,C003203,True,False,English,Mobile App,2026-05-22
PR003204,C003204,True,True,English,None,2024-04-12
PR003205,C003205,True,False,Spanish,Email,2026-05-25
PR003206,C003206,True,False,Spanish,Email,2025-12-23
PR003207,C003207,False,False,English,None,2025-05-18
PR003208,C003208,True,False,English,None,2026-06-11
PR003209,C003209,True,True,Spanish,Email,2025-04-04
PR003210,C003210,True,True,English,Mobile App,2024-07-18
PR003211,C003211,True,True,English,SMS,2026-05-30
PR003212,C003212,True,True,English,None,2025-03-29
PR003213,C003213,False,False,Spanish,None,2026-03-10
PR003214,C003214,True,False,Spanish,Mobile App,2024-08-21
PR003215,C003215,False,False,English,SMS,2025-06-02
PR003216,C003216,True,True,English,None,2025-01-16
PR003217,C003217,True,False,English,None,2026-04-10
PR003218,C003218,False,True,English,SMS,2025-11-01
PR003219,C003219,True,True,English,Email,2026-04-10
PR003220,C003220,True,False,Spanish,None,2025-06-10
PR003221,C003221,True,True,English,SMS,2024-05-17
PR003222,C003222,True,True,Spanish,Mobile App,2026-06-22
PR003223,C003223,True,False,English,Email,2026-04-13
PR003224,C003224,True,False,Spanish,Email,2024-05-29
PR003225,C003225,True,False,English,Email,2025-04-07
PR003226,C003226,True,False,English,None,2026-04-12
PR003227,C003227,True,False,English,SMS,2026-05-29
PR003228,C003228,False,True,English,Mobile App,2023-09-25
PR003229,C003229,True,True,English,Mobile App,2025-05-27
PR003230,C003230,True,True,English,Email,2024-03-20
PR003231,C003231,False,True,English,SMS,2026-03-19
PR003232,C003232,True,True,Spanish,Mobile App,2024-03-19
PR003233,C003233,False,True,English,Email,2026-06-17
PR003234,C003234,False,True,English,Email,2026-07-06
PR003235,C003235,False,True,English,Mobile App,2025-06-27
PR003236,C003236,True,True,English,None,2026-06-14
PR003237,C003237,True,True,English,SMS,2026-03-25
PR003238,C003238,True,False,English,Mobile App,2026-06-03
PR003239,C003239,False,False,English,SMS,2024-09-28
PR003240,C003240,True,False,English,Email,2024-05-10
PR003241,C003241,True,True,Spanish,None,2024-11-13
PR003242,C003242,True,True,English,Mobile App,2024-07-21
PR003243,C003243,True,False,Spanish,Email,2023-07-17
PR003244,C003244,True,True,Spanish,SMS,2026-05-24
PR003245,C003245,False,True,English,SMS,2024-12-04
PR003246,C003246,False,True,Spanish,SMS,2026-05-08
PR003247,C003247,True,True,English,None,2026-03-10
PR003248,C003248,True,True,English,None,2025-12-20
PR003249,C003249,False,True,English,None,2023-10-10
PR003250,C003250,True,True,English,SMS,2026-01-16
PR003251,C003251,False,False,English,Mobile App,2025-09-06
PR003252,C003252,True,True,English,Email,2025-10-02
PR003253,C003253,True,True,Spanish,Email,2024-01-27
PR003254,C003254,True,True,English,SMS,2025-07-27
PR003255,C003255,True,False,English,Mobile App,2026-06-28
PR003256,C003256,True,True,English,None,2025-10-29
PR003257,C003257,True,True,English,Mobile App,2024-02-19
PR003258,C003258,True,True,Spanish,Email,2025-09-26
PR003259,C003259,True,False,Spanish,None,2024-10-22
PR003260,C003260,True,True,Spanish,Mobile App,2025-02-06
PR003261,C003261,True,False,English,Mobile App,2026-06-19
PR003262,C003262,True,True,English,Mobile App,2026-01-23
PR003263,C003263,True,True,English,Mobile App,2025-08-18
PR003264,C003264,True,False,Spanish,Mobile App,2023-10-28
PR003265,C003265,True,False,English,SMS,2025-03-06
PR003266,C003266,False,True,English,Mobile App,2024-03-17
PR003267,C003267,True,False,English,SMS,2025-03-28
PR003268,C003268,True,True,Spanish,Mobile App,2024-12-07
PR003269,C003269,False,True,English,Email,2024-04-02
PR003270,C003270,True,True,English,SMS,2024-10-22
PR003271,C003271,True,True,English,None,2026-06-02
PR003272,C003272,True,True,English,None,2026-05-03
PR003273,C003273,False,True,Spanish,Email,2025-11-26
PR003274,C003274,True,True,English,SMS,2025-08-31
PR003275,C003275,True,True,English,Mobile App,2022-08-05
PR003276,C003276,True,True,English,Email,2026-05-31
PR003277,C003277,True,True,Spanish,None,2026-03-22
PR003278,C003278,False,True,English,Mobile App,2026-04-27
PR003279,C003279,True,False,English,SMS,2024-02-15
PR003280,C003280,True,True,English,SMS,2025-05-22
PR003281,C003281,True,True,Spanish,Email,2026-07-05
PR003282,C003282,True,False,English,Mobile App,2025-12-30
PR003283,C003283,True,True,English,None,2026-04-03
PR003284,C003284,True,True,Spanish,None,2025-02-13
PR003285,C003285,True,False,English,Email,2025-07-14
PR003286,C003286,True,False,Spanish,Mobile App,2024-06-01
PR003287,C003287,True,True,English,Email,2025-07-23
PR003288,C003288,True,True,English,Mobile App,2025-12-17
PR003289,C003289,True,True,English,None,2026-05-08
PR003290,C003290,False,True,English,None,2026-02-15
PR003291,C003291,False,True,English,Email,2024-09-13
PR003292,C003292,False,True,Spanish,Email,2026-06-06
PR003293,C003293,True,False,English,Email,2022-04-02
PR003294,C003294,True,True,English,None,2024-03-26
PR003295,C003295,False,True,English,Mobile App,2026-07-05
PR003296,C003296,True,True,Spanish,SMS,2023-03-20
PR003297,C003297,False,True,Spanish,None,2023-02-02
PR003298,C003298,True,False,English,Mobile App,2026-04-04
PR003299,C003299,True,True,Spanish,Mobile App,2025-06-17
PR003300,C003300,False,True,English,None,2022-08-06
PR003301,C003301,True,False,English,None,2026-04-05
PR003302,C003302,False,False,English,Email,2024-09-26
PR003303,C003303,True,True,English,Email,2024-12-28
PR003304,C003304,True,False,Spanish,Mobile App,2026-01-22
PR003305,C003305,True,True,English,None,2026-05-01
PR003306,C003306,True,True,English,SMS,2026-07-06
PR003307,C003307,True,True,English,Mobile App,2024-12-29
PR003308,C003308,False,False,English,SMS,2025-09-01
PR003309,C003309,True,False,English,SMS,2025-09-17
PR003310,C003310,True,True,English,Mobile App,2026-03-31
PR003311,C003311,True,True,English,Mobile App,2025-12-26
PR003312,C003312,False,True,Spanish,None,2025-10-17
PR003313,C003313,True,True,English,Email,2025-01-06
PR003314,C003314,True,True,English,None,2026-06-01
PR003315,C003315,False,True,English,Mobile App,2025-11-18
PR003316,C003316,True,False,English,SMS,2025-02-16
PR003317,C003317,True,True,English,Email,2026-05-07
PR003318,C003318,False,True,Spanish,SMS,2025-09-19
PR003319,C003319,True,True,Spanish,Mobile App,2025-09-22
PR003320,C003320,True,False,English,Email,2025-06-15
PR003321,C003321,True,True,English,Mobile App,2025-02-14
PR003322,C003322,False,False,English,None,2025-04-07
PR003323,C003323,True,True,English,None,2023-11-26
PR003324,C003324,True,True,English,Mobile App,2024-12-10
PR003325,C003325,True,False,English,SMS,2024-05-01
PR003326,C003326,True,True,English,Email,2026-05-22
PR003327,C003327,False,True,English,Mobile App,2026-06-28
PR003328,C003328,True,False,English,SMS,2024-09-24
PR003329,C003329,False,True,English,Email,2026-06-28
PR003330,C003330,False,True,Spanish,Mobile App,2026-06-30
PR003331,C003331,True,False,English,SMS,2025-11-23
PR003332,C003332,False,True,English,None,2025-02-15
PR003333,C003333,True,False,English,Mobile App,2025-12-07
PR003334,C003334,True,True,English,Mobile App,2026-02-21
PR003335,C003335,False,True,English,Email,2026-05-30
PR003336,C003336,False,True,English,SMS,2024-02-06
PR003337,C003337,True,False,English,None,2025-07-25
PR003338,C003338,True,True,Spanish,Email,2026-01-22
PR003339,C003339,False,True,Spanish,SMS,2025-09-26
PR003340,C003340,True,False,English,SMS,2026-04-17
PR003341,C003341,True,True,English,Mobile App,2026-05-20
PR003342,C003342,True,True,English,SMS,2025-03-29
PR003343,C003343,True,True,English,None,2023-06-16
PR003344,C003344,False,True,English,Mobile App,2026-06-08
PR003345,C003345,True,False,English,Mobile App,2024-08-15
PR003346,C003346,True,True,English,None,2025-08-08
PR003347,C003347,True,True,English,None,2025-11-30
PR003348,C003348,True,False,Spanish,None,2025-03-05
PR003349,C003349,True,False,English,Email,2024-06-25
PR003350,C003350,True,True,English,Mobile App,2025-12-13
PR003351,C003351,True,True,English,Mobile App,2024-09-21
PR003352,C003352,True,True,Spanish,Email,2025-11-19
PR003353,C003353,True,False,English,Email,2025-12-19
PR003354,C003354,True,True,Spanish,Mobile App,2025-05-10
PR003355,C003355,True,True,English,Email,2025-04-07
PR003356,C003356,False,True,Spanish,Mobile App,2025-12-07
PR003357,C003357,True,True,English,Email,2025-04-18
PR003358,C003358,True,True,English,SMS,2024-09-16
PR003359,C003359,True,True,Spanish,Mobile App,2024-08-26
PR003360,C003360,True,False,English,None,2026-07-07
PR003361,C003361,True,True,English,SMS,2024-09-13
PR003362,C003362,True,True,English,Email,2026-07-03
PR003363,C003363,True,True,Spanish,Email,2026-06-30
PR003364,C003364,True,True,Spanish,Email,2025-01-11
PR003365,C003365,False,True,English,Email,2024-08-18
PR003366,C003366,False,False,English,Email,2022-09-10
PR003367,C003367,True,True,Spanish,Mobile App,2026-06-17
PR003368,C003368,False,False,English,Email,2023-08-28
PR003369,C003369,True,True,English,Mobile App,2026-02-09
PR003370,C003370,True,True,Spanish,Email,2024-10-06
PR003371,C003371,True,False,Spanish,Email,2025-12-20
PR003372,C003372,True,False,English,Email,2026-06-24
PR003373,C003373,True,True,Spanish,SMS,2025-05-02
PR003374,C003374,False,True,Spanish,Mobile App,2025-02-14
PR003375,C003375,True,False,English,None,2026-04-19
PR003376,C003376,True,True,English,Email,2024-07-19
PR003377,C003377,True,True,Spanish,Email,2026-02-05
PR003378,C003378,False,False,Spanish,SMS,2024-11-16
PR003379,C003379,False,False,English,Mobile App,2025-03-10
PR003380,C003380,False,True,English,Mobile App,2024-01-13
PR003381,C003381,True,False,English,Email,2025-12-19
PR003382,C003382,True,True,English,Mobile App,2025-10-18
PR003383,C003383,True,True,English,None,2023-04-29
PR003384,C003384,True,True,English,None,2025-12-09
PR003385,C003385,True,False,Spanish,None,2024-02-19
PR003386,C003386,False,True,English,None,2024-11-10
PR003387,C003387,False,True,English,SMS,2023-09-22
PR003388,C003388,True,True,Spanish,Mobile App,2026-07-06
PR003389,C003389,True,True,English,Email,2023-01-08
PR003390,C003390,True,False,Spanish,Mobile App,2025-05-29
PR003391,C003391,False,True,English,Email,2023-07-07
PR003392,C003392,False,True,English,None,2025-05-24
PR003393,C003393,True,False,English,Email,2026-03-18
PR003394,C003394,False,True,English,Email,2025-04-27
PR003395,C003395,False,True,English,Email,2024-04-29
PR003396,C003396,True,True,English,Mobile App,2026-06-21
PR003397,C003397,True,False,Spanish,SMS,2026-05-23
PR003398,C003398,True,True,English,Mobile App,2026-05-29
PR003399,C003399,False,True,Spanish,SMS,2022-09-02
PR003400,C003400,True,True,English,Email,2024-06-01
PR003401,C003401,True,False,English,SMS,2023-09-20
PR003402,C003402,True,True,English,Email,2026-05-06
PR003403,C003403,False,True,English,None,2025-05-23
PR003404,C003404,True,False,Spanish,SMS,2025-02-28
PR003405,C003405,True,True,English,Mobile App,2024-12-16
PR003406,C003406,False,False,English,None,2024-07-19
PR003407,C003407,True,True,English,Mobile App,2024-01-01
PR003408,C003408,False,True,English,Mobile App,2024-06-04
PR003409,C003409,False,True,English,SMS,2022-11-05
PR003410,C003410,True,False,English,Mobile App,2025-03-19
PR003411,C003411,True,True,English,None,2025-10-29
PR003412,C003412,False,True,English,Email,2026-06-04
PR003413,C003413,False,False,English,None,2025-12-27
PR003414,C003414,False,False,English,SMS,2025-09-05
PR003415,C003415,True,False,English,SMS,2025-03-09
PR003416,C003416,True,True,English,None,2026-02-01
PR003417,C003417,False,True,English,SMS,2025-09-23
PR003418,C003418,False,False,English,Mobile App,2025-02-27
PR003419,C003419,True,False,English,Email,2026-02-03
PR003420,C003420,True,False,Spanish,SMS,2025-10-19
PR003421,C003421,True,False,English,Email,2024-08-24
PR003422,C003422,True,True,Spanish,None,2024-10-01
PR003423,C003423,True,True,Spanish,Mobile App,2025-04-08
PR003424,C003424,False,True,Spanish,Email,2026-01-28
PR003425,C003425,True,True,English,None,2025-09-08
PR003426,C003426,True,True,Spanish,Email,2024-11-30
PR003427,C003427,True,False,English,SMS,2024-08-16
PR003428,C003428,False,True,English,Email,2026-06-28
PR003429,C003429,True,True,Spanish,Email,2025-03-28
PR003430,C003430,False,True,English,SMS,2025-07-13
PR003431,C003431,True,True,English,Email,2026-04-11
PR003432,C003432,True,False,Spanish,SMS,2026-06-28
PR003433,C003433,True,False,English,SMS,2024-09-30
PR003434,C003434,True,True,Spanish,Email,2025-03-27
PR003435,C003435,True,True,Spanish,Mobile App,2026-01-04
PR003436,C003436,True,True,English,SMS,2022-09-05
PR003437,C003437,True,False,English,Mobile App,2025-06-01
PR003438,C003438,True,True,English,SMS,2025-06-26
PR003439,C003439,False,True,English,SMS,2024-07-20
PR003440,C003440,False,True,English,SMS,2026-03-19
PR003441,C003441,True,True,Spanish,SMS,2024-11-02
PR003442,C003442,False,True,English,SMS,2025-05-10
PR003443,C003443,False,False,English,Email,2023-10-24
PR003444,C003444,True,False,English,None,2026-01-24
PR003445,C003445,True,True,English,None,2025-05-26
PR003446,C003446,True,True,English,None,2026-03-25
PR003447,C003447,True,False,English,SMS,2024-11-23
PR003448,C003448,False,True,English,Email,2026-05-26
PR003449,C003449,True,False,Spanish,None,2025-04-14
PR003450,C003450,True,True,English,Email,2026-04-08
PR003451,C003451,True,True,English,SMS,2025-04-16
PR003452,C003452,True,True,English,None,2025-11-27
PR003453,C003453,False,True,Spanish,Mobile App,2026-04-23
PR003454,C003454,True,True,English,None,2026-03-20
PR003455,C003455,True,True,English,SMS,2025-10-13
PR003456,C003456,True,True,English,Mobile App,2025-05-13
PR003457,C003457,True,True,Spanish,Mobile App,2026-05-27
PR003458,C003458,False,True,English,None,2026-01-12
PR003459,C003459,True,True,English,None,2023-10-14
PR003460,C003460,True,True,English,None,2026-04-26
PR003461,C003461,True,False,English,Mobile App,2023-08-10
PR003462,C003462,True,False,English,None,2026-03-10
PR003463,C003463,True,False,English,None,2026-03-23
PR003464,C003464,True,False,English,None,2024-03-16
PR003465,C003465,True,True,Spanish,None,2024-10-17
PR003466,C003466,True,False,English,SMS,2023-09-17
PR003467,C003467,True,False,English,SMS,2025-11-28
PR003468,C003468,True,True,English,Mobile App,2024-03-23
PR003469,C003469,True,False,Spanish,SMS,2025-03-31
PR003470,C003470,False,True,English,Email,2025-01-01
PR003471,C003471,True,False,English,Mobile App,2026-05-25
PR003472,C003472,True,True,Spanish,Email,2024-11-23
PR003473,C003473,True,True,Spanish,Email,2025-10-09
PR003474,C003474,True,True,English,Email,2025-03-21
PR003475,C003475,True,True,Spanish,None,2026-06-01
PR003476,C003476,True,False,English,Email,2025-11-15
PR003477,C003477,True,True,English,Email,2025-09-15
PR003478,C003478,True,True,English,Email,2026-06-23
PR003479,C003479,True,False,Spanish,Mobile App,2026-03-23
PR003480,C003480,True,True,Spanish,None,2022-06-11
PR003481,C003481,True,True,Spanish,Email,2024-02-01
PR003482,C003482,False,False,Spanish,Email,2025-09-22
PR003483,C003483,True,True,English,Mobile App,2024-09-29
PR003484,C003484,True,False,English,Email,2026-01-12
PR003485,C003485,True,True,English,Mobile App,2025-12-06
PR003486,C003486,False,True,English,None,2026-04-26
PR003487,C003487,True,True,English,None,2023-10-12
PR003488,C003488,True,False,Spanish,Mobile App,2025-01-15
PR003489,C003489,True,False,English,SMS,2025-11-18
PR003490,C003490,True,True,English,None,2025-07-09
PR003491,C003491,True,False,Spanish,None,2025-05-07
PR003492,C003492,False,True,English,None,2024-06-22
PR003493,C003493,True,True,English,None,2026-03-07
PR003494,C003494,True,True,English,SMS,2026-02-21
PR003495,C003495,True,True,Spanish,Mobile App,2023-11-20
PR003496,C003496,False,True,English,None,2026-06-24
PR003497,C003497,True,False,Spanish,SMS,2025-06-12
PR003498,C003498,True,False,English,Mobile App,2023-11-12
PR003499,C003499,True,True,English,Mobile App,2026-06-25
PR003500,C003500,True,True,English,SMS,2026-04-27
PR003501,C003501,False,True,English,Mobile App,2026-01-29
PR003502,C003502,True,False,English,Email,2025-10-06
PR003503,C003503,True,True,English,Email,2025-12-21
PR003504,C003504,True,False,Spanish,Mobile App,2024-10-23
PR003505,C003505,True,True,English,None,2025-03-05
PR003506,C003506,True,True,English,SMS,2022-10-17
PR003507,C003507,True,False,Spanish,Email,2025-12-22
PR003508,C003508,True,True,English,None,2025-02-21
PR003509,C003509,True,True,English,SMS,2023-01-01
PR003510,C003510,True,True,Spanish,Mobile App,2024-05-29
PR003511,C003511,False,True,Spanish,None,2023-08-31
PR003512,C003512,False,True,English,None,2022-05-07
PR003513,C003513,False,True,English,None,2025-08-08
PR003514,C003514,False,True,English,SMS,2026-06-17
PR003515,C003515,False,True,Spanish,Email,2024-09-19
PR003516,C003516,False,True,Spanish,Email,2022-04-09
PR003517,C003517,True,True,English,None,2024-04-24
PR003518,C003518,False,False,English,None,2026-01-13
PR003519,C003519,False,True,English,Email,2023-09-06
PR003520,C003520,True,True,English,Email,2025-05-22
PR003521,C003521,False,True,English,SMS,2024-09-03
PR003522,C003522,True,True,English,Email,2026-06-28
PR003523,C003523,True,True,English,Mobile App,2024-02-01
PR003524,C003524,False,True,Spanish,Email,2026-06-01
PR003525,C003525,True,False,English,SMS,2023-03-12
PR003526,C003526,False,True,English,Mobile App,2026-05-03
PR003527,C003527,True,True,English,Mobile App,2025-07-09
PR003528,C003528,True,True,English,Email,2024-09-09
PR003529,C003529,True,True,English,SMS,2025-02-01
PR003530,C003530,True,True,English,Email,2023-05-13
PR003531,C003531,False,False,English,SMS,2025-03-03
PR003532,C003532,True,False,Spanish,None,2024-11-30
PR003533,C003533,True,False,English,Mobile App,2025-12-23
PR003534,C003534,True,True,English,Email,2026-04-30
PR003535,C003535,False,False,Spanish,None,2026-04-19
PR003536,C003536,True,False,Spanish,Email,2026-06-09
PR003537,C003537,True,True,English,Email,2026-06-17
PR003538,C003538,True,False,English,None,2025-12-09
PR003539,C003539,True,True,English,Mobile App,2026-01-21
PR003540,C003540,True,True,English,Mobile App,2026-06-08
PR003541,C003541,True,True,English,SMS,2025-05-25
PR003542,C003542,False,False,English,None,2025-06-12
PR003543,C003543,False,True,Spanish,None,2024-07-23
PR003544,C003544,True,True,English,Email,2026-05-04
PR003545,C003545,True,False,English,Email,2026-07-02
PR003546,C003546,True,True,Spanish,Email,2023-10-18
PR003547,C003547,True,False,Spanish,SMS,2025-09-08
PR003548,C003548,True,True,Spanish,Email,2026-06-16
PR003549,C003549,False,True,English,None,2026-07-05
PR003550,C003550,True,False,English,Email,2026-07-03
PR003551,C003551,True,True,Spanish,None,2023-04-01
PR003552,C003552,True,False,English,Mobile App,2026-01-07
PR003553,C003553,True,True,English,Mobile App,2026-06-10
PR003554,C003554,True,True,Spanish,SMS,2023-12-18
PR003555,C003555,True,True,English,SMS,2023-03-15
PR003556,C003556,False,True,English,Email,2026-02-07
PR003557,C003557,False,True,English,None,2022-09-11
PR003558,C003558,True,True,English,Email,2025-07-02
PR003559,C003559,True,True,English,SMS,2022-09-26
PR003560,C003560,True,True,English,SMS,2026-06-05
PR003561,C003561,True,True,English,SMS,2026-06-17
PR003562,C003562,True,True,English,Email,2026-05-12
PR003563,C003563,False,True,English,SMS,2026-04-01
PR003564,C003564,True,False,Spanish,Mobile App,2025-01-23
PR003565,C003565,True,False,English,Mobile App,2022-11-13
PR003566,C003566,True,False,English,None,2026-06-15
PR003567,C003567,True,True,English,Email,2026-02-03
PR003568,C003568,True,True,English,None,2025-10-04
PR003569,C003569,True,True,English,None,2024-11-05
PR003570,C003570,True,False,English,Email,2025-05-16
PR003571,C003571,True,False,English,Email,2026-02-23
PR003572,C003572,False,True,English,Mobile App,2023-09-23
PR003573,C003573,False,False,Spanish,SMS,2026-04-23
PR003574,C003574,True,True,English,Email,2023-11-06
PR003575,C003575,True,True,English,Email,2026-06-27
PR003576,C003576,True,False,Spanish,Mobile App,2026-02-12
PR003577,C003577,True,True,Spanish,Email,2026-06-06
PR003578,C003578,True,True,English,None,2026-04-29
PR003579,C003579,False,True,Spanish,SMS,2023-03-12
PR003580,C003580,True,False,English,SMS,2026-03-07
PR003581,C003581,True,False,English,None,2026-06-13
PR003582,C003582,True,True,English,SMS,2026-06-28
PR003583,C003583,True,True,English,SMS,2026-02-12
PR003584,C003584,True,True,English,None,2026-06-11
PR003585,C003585,True,True,English,Mobile App,2025-05-30
PR003586,C003586,False,True,English,None,2025-05-24
PR003587,C003587,False,True,English,None,2023-12-05
PR003588,C003588,True,True,Spanish,Email,2026-02-26
PR003589,C003589,True,False,English,Mobile App,2026-02-28
PR003590,C003590,False,True,English,SMS,2025-01-07
PR003591,C003591,True,True,English,Email,2024-04-01
PR003592,C003592,True,True,English,Email,2024-10-02
PR003593,C003593,True,False,Spanish,Email,2025-01-12
PR003594,C003594,True,False,English,Mobile App,2023-09-03
PR003595,C003595,True,True,English,SMS,2026-01-08
PR003596,C003596,False,False,English,Email,2024-12-30
PR003597,C003597,True,True,English,SMS,2025-04-30
PR003598,C003598,True,True,English,Mobile App,2026-03-29
PR003599,C003599,True,True,Spanish,None,2025-05-07
PR003600,C003600,True,False,Spanish,Mobile App,2026-06-08
PR003601,C003601,True,True,English,SMS,2025-07-20
PR003602,C003602,False,True,English,Mobile App,2025-07-17
PR003603,C003603,True,False,Spanish,Mobile App,2023-05-08
PR003604,C003604,True,False,Spanish,None,2025-08-01
PR003605,C003605,True,False,English,None,2025-12-12
PR003606,C003606,False,True,English,SMS,2025-09-24
PR003607,C003607,True,False,English,Email,2025-01-30
PR003608,C003608,True,True,English,Mobile App,2024-09-05
PR003609,C003609,True,True,Spanish,SMS,2024-12-30
PR003610,C003610,False,True,Spanish,None,2026-04-27
PR003611,C003611,False,False,English,SMS,2026-06-29
PR003612,C003612,True,True,English,Mobile App,2026-01-14
PR003613,C003613,True,True,Spanish,Mobile App,2024-11-08
PR003614,C003614,True,True,English,Email,2025-11-17
PR003615,C003615,True,True,English,Email,2024-05-20
PR003616,C003616,False,True,Spanish,Email,2026-03-20
PR003617,C003617,False,False,English,SMS,2026-06-20
PR003618,C003618,True,False,English,None,2026-02-08
PR003619,C003619,True,True,Spanish,None,2025-06-24
PR003620,C003620,True,False,English,SMS,2025-11-13
PR003621,C003621,False,False,English,SMS,2026-02-03
PR003622,C003622,False,True,Spanish,SMS,2025-06-03
PR003623,C003623,True,False,Spanish,Email,2026-06-03
PR003624,C003624,True,True,English,Mobile App,2026-02-05
PR003625,C003625,True,True,English,Mobile App,2022-04-01
PR003626,C003626,True,False,English,Email,2025-01-24
PR003627,C003627,True,False,English,None,2026-02-04
PR003628,C003628,True,True,Spanish,None,2025-04-11
PR003629,C003629,True,False,English,Email,2023-06-27
PR003630,C003630,True,True,Spanish,None,2026-04-10
PR003631,C003631,False,True,English,Email,2025-06-05
PR003632,C003632,True,True,English,None,2025-12-29
PR003633,C003633,True,False,English,None,2023-03-29
PR003634,C003634,True,True,Spanish,None,2023-03-23
PR003635,C003635,False,True,English,Email,2024-11-13
PR003636,C003636,True,True,Spanish,Email,2025-06-11
PR003637,C003637,True,True,English,Mobile App,2025-09-08
PR003638,C003638,True,False,English,None,2025-09-07
PR003639,C003639,True,True,Spanish,Mobile App,2026-04-13
PR003640,C003640,True,True,English,Email,2025-10-19
PR003641,C003641,True,False,English,Email,2024-06-17
PR003642,C003642,True,False,English,Email,2024-11-09
PR003643,C003643,True,True,Spanish,Email,2025-12-25
PR003644,C003644,True,True,English,Email,2023-11-24
PR003645,C003645,True,False,English,Email,2024-05-14
PR003646,C003646,True,False,Spanish,Email,2026-03-29
PR003647,C003647,False,True,English,None,2024-09-01
PR003648,C003648,True,True,English,None,2026-03-20
PR003649,C003649,True,True,English,SMS,2026-01-27
PR003650,C003650,True,True,English,None,2025-05-21
PR003651,C003651,True,True,English,Mobile App,2024-12-29
PR003652,C003652,True,True,English,None,2026-03-02
PR003653,C003653,False,True,English,None,2025-06-24
PR003654,C003654,True,True,English,None,2022-09-24
PR003655,C003655,True,True,English,Email,2025-02-23
PR003656,C003656,False,True,Spanish,SMS,2024-06-02
PR003657,C003657,False,False,Spanish,SMS,2025-03-05
PR003658,C003658,True,True,English,Mobile App,2023-06-26
PR003659,C003659,True,True,Spanish,SMS,2025-07-26
PR003660,C003660,True,True,English,None,2024-08-01
PR003661,C003661,True,False,Spanish,Mobile App,2026-05-20
PR003662,C003662,True,True,English,None,2022-02-06
PR003663,C003663,True,True,English,Email,2025-05-21
PR003664,C003664,False,True,English,Email,2026-05-28
PR003665,C003665,False,True,English,Email,2026-04-05
PR003666,C003666,True,True,English,SMS,2026-04-29
PR003667,C003667,True,False,English,Email,2023-07-13
PR003668,C003668,True,True,Spanish,Email,2026-02-13
PR003669,C003669,True,True,English,None,2024-05-28
PR003670,C003670,True,True,English,Mobile App,2024-07-21
PR003671,C003671,True,False,English,None,2025-03-05
PR003672,C003672,True,False,Spanish,Mobile App,2026-02-13
PR003673,C003673,False,True,English,Email,2026-04-22
PR003674,C003674,False,True,Spanish,Email,2026-04-17
PR003675,C003675,True,True,English,SMS,2024-05-20
PR003676,C003676,True,True,English,None,2025-12-26
PR003677,C003677,True,True,English,Mobile App,2026-04-04
PR003678,C003678,False,False,English,SMS,2026-04-26
PR003679,C003679,True,False,English,SMS,2026-01-17
PR003680,C003680,True,True,Spanish,SMS,2026-04-09
PR003681,C003681,True,False,English,None,2026-05-23
PR003682,C003682,True,False,English,Mobile App,2026-07-03
PR003683,C003683,True,True,English,Email,2022-09-14
PR003684,C003684,False,True,English,None,2026-05-17
PR003685,C003685,True,True,English,SMS,2026-01-22
PR003686,C003686,False,True,Spanish,Email,2025-10-31
PR003687,C003687,True,False,English,SMS,2023-08-31
PR003688,C003688,True,True,Spanish,None,2025-10-15
PR003689,C003689,True,True,Spanish,Mobile App,2025-07-06
PR003690,C003690,True,True,Spanish,SMS,2025-12-31
PR003691,C003691,True,True,English,Mobile App,2026-05-13
PR003692,C003692,True,False,English,Mobile App,2024-05-29
PR003693,C003693,True,False,Spanish,Email,2026-06-03
PR003694,C003694,True,True,English,None,2024-11-27
PR003695,C003695,False,True,Spanish,Mobile App,2025-04-26
PR003696,C003696,True,True,English,SMS,2025-05-05
PR003697,C003697,False,True,English,Mobile App,2024-01-24
PR003698,C003698,True,True,English,Email,2025-10-11
PR003699,C003699,True,True,English,SMS,2024-05-31
PR003700,C003700,True,False,English,Email,2026-07-04
PR003701,C003701,True,True,English,Email,2026-04-19
PR003702,C003702,True,True,English,Email,2025-09-26
PR003703,C003703,True,False,English,SMS,2026-02-17
PR003704,C003704,False,True,English,SMS,2023-11-02
PR003705,C003705,True,True,English,None,2024-11-04
PR003706,C003706,True,True,Spanish,SMS,2024-08-19
PR003707,C003707,True,True,English,Email,2025-01-01
PR003708,C003708,False,True,English,Mobile App,2024-01-13
PR003709,C003709,False,True,Spanish,Email,2026-04-12
PR003710,C003710,True,True,Spanish,SMS,2025-12-22
PR003711,C003711,True,True,English,SMS,2024-04-18
PR003712,C003712,True,True,Spanish,Email,2024-10-04
PR003713,C003713,False,False,Spanish,Mobile App,2025-02-11
PR003714,C003714,True,True,Spanish,Email,2025-08-13
PR003715,C003715,True,False,English,None,2024-10-02
PR003716,C003716,True,False,English,None,2025-09-05
PR003717,C003717,True,True,English,Email,2025-03-16
PR003718,C003718,True,True,English,Email,2025-05-30
PR003719,C003719,False,True,English,None,2026-05-28
PR003720,C003720,True,False,Spanish,Email,2024-11-15
PR003721,C003721,True,False,English,Email,2026-06-16
PR003722,C003722,True,True,English,None,2025-09-08
PR003723,C003723,False,True,English,Mobile App,2025-12-23
PR003724,C003724,True,True,English,SMS,2026-02-07
PR003725,C003725,False,False,English,Mobile App,2025-08-21
PR003726,C003726,True,False,English,None,2024-06-27
PR003727,C003727,True,False,English,None,2023-11-23
PR003728,C003728,False,True,Spanish,None,2025-04-04
PR003729,C003729,False,True,English,Email,2026-05-30
PR003730,C003730,False,True,English,SMS,2022-11-12
PR003731,C003731,True,True,English,Mobile App,2026-06-02
PR003732,C003732,True,True,English,SMS,2026-04-21
PR003733,C003733,True,True,English,Email,2026-06-29
PR003734,C003734,True,True,English,Email,2022-08-31
PR003735,C003735,True,False,English,Mobile App,2025-07-19
PR003736,C003736,False,False,Spanish,SMS,2026-06-05
PR003737,C003737,True,False,Spanish,Email,2024-03-17
PR003738,C003738,True,True,English,SMS,2025-11-26
PR003739,C003739,True,True,English,Email,2025-10-20
PR003740,C003740,True,True,English,SMS,2023-11-05
PR003741,C003741,True,True,Spanish,None,2023-07-11
PR003742,C003742,False,True,English,Mobile App,2023-05-03
PR003743,C003743,True,True,English,Mobile App,2023-05-18
PR003744,C003744,True,True,Spanish,SMS,2024-12-26
PR003745,C003745,True,False,Spanish,None,2025-09-28
PR003746,C003746,True,True,English,Mobile App,2026-02-24
PR003747,C003747,True,True,English,SMS,2025-08-20
PR003748,C003748,False,True,Spanish,Email,2024-06-13
PR003749,C003749,True,True,English,SMS,2026-02-27
PR003750,C003750,True,False,English,SMS,2025-12-16
PR003751,C003751,True,False,Spanish,SMS,2025-10-06
PR003752,C003752,True,True,English,SMS,2024-09-18
PR003753,C003753,True,False,English,Email,2025-10-16
PR003754,C003754,True,True,Spanish,None,2024-07-01
PR003755,C003755,False,False,English,Mobile App,2024-02-22
PR003756,C003756,True,True,Spanish,Mobile App,2026-06-30
PR003757,C003757,True,True,English,Mobile App,2024-03-19
PR003758,C003758,True,True,English,None,2024-08-10
PR003759,C003759,True,True,English,Mobile App,2026-05-25
PR003760,C003760,True,True,English,Email,2026-02-22
PR003761,C003761,True,False,English,SMS,2024-08-31
PR003762,C003762,True,False,English,Mobile App,2026-04-18
PR003763,C003763,True,True,English,Email,2026-03-13
PR003764,C003764,False,True,English,Mobile App,2026-03-06
PR003765,C003765,True,True,English,Email,2025-11-30
PR003766,C003766,False,True,Spanish,None,2022-03-17
PR003767,C003767,True,True,Spanish,Email,2026-02-16
PR003768,C003768,True,False,Spanish,None,2026-06-16
PR003769,C003769,True,False,Spanish,Email,2026-05-18
PR003770,C003770,True,True,Spanish,Email,2026-02-14
PR003771,C003771,False,False,English,SMS,2024-02-24
PR003772,C003772,False,False,English,Email,2023-06-23
PR003773,C003773,False,True,English,None,2025-05-05
PR003774,C003774,True,True,Spanish,Email,2025-01-29
PR003775,C003775,True,False,English,Email,2024-12-28
PR003776,C003776,True,True,English,SMS,2025-02-17
PR003777,C003777,False,True,English,SMS,2026-05-27
PR003778,C003778,True,True,Spanish,SMS,2025-01-24
PR003779,C003779,True,True,English,Email,2025-12-17
PR003780,C003780,True,False,English,Email,2024-09-29
PR003781,C003781,True,False,English,None,2022-10-24
PR003782,C003782,True,False,Spanish,Mobile App,2026-07-03
PR003783,C003783,True,True,English,Mobile App,2026-05-20
PR003784,C003784,False,True,English,None,2024-12-05
PR003785,C003785,True,True,English,SMS,2026-05-28
PR003786,C003786,False,False,Spanish,Email,2025-09-01
PR003787,C003787,True,True,English,Mobile App,2023-09-05
PR003788,C003788,False,True,English,None,2025-07-07
PR003789,C003789,True,True,English,None,2024-12-27
PR003790,C003790,False,True,English,SMS,2026-04-27
PR003791,C003791,True,True,Spanish,Email,2026-06-10
PR003792,C003792,True,True,English,SMS,2025-10-24
PR003793,C003793,True,False,English,None,2026-04-06
PR003794,C003794,False,True,English,Mobile App,2025-09-26
PR003795,C003795,True,True,English,Mobile App,2025-10-15
PR003796,C003796,True,True,Spanish,Mobile App,2024-11-10
PR003797,C003797,True,True,English,Mobile App,2026-01-06
PR003798,C003798,True,False,Spanish,None,2025-01-09
PR003799,C003799,False,False,English,SMS,2023-11-23
PR003800,C003800,True,True,English,Email,2026-03-15
PR003801,C003801,True,False,English,SMS,2026-01-06
PR003802,C003802,True,False,English,SMS,2024-02-28
PR003803,C003803,True,False,Spanish,Email,2025-12-28
PR003804,C003804,True,False,English,Email,2023-04-01
PR003805,C003805,True,False,Spanish,None,2026-05-24
PR003806,C003806,True,True,English,None,2026-04-18
PR003807,C003807,True,True,Spanish,Mobile App,2024-10-26
PR003808,C003808,False,False,Spanish,None,2022-08-22
PR003809,C003809,True,False,English,Email,2024-07-29
PR003810,C003810,True,True,English,None,2024-12-22
PR003811,C003811,False,True,English,None,2026-06-25
PR003812,C003812,True,True,English,Mobile App,2026-05-08
PR003813,C003813,True,False,English,Email,2026-02-20
PR003814,C003814,True,False,English,None,2025-03-11
PR003815,C003815,True,True,English,None,2025-03-12
PR003816,C003816,True,True,English,Mobile App,2025-09-30
PR003817,C003817,True,False,Spanish,Email,2026-05-10
PR003818,C003818,True,False,English,SMS,2023-09-07
PR003819,C003819,True,False,English,None,2026-03-30
PR003820,C003820,False,True,Spanish,Email,2026-04-22
PR003821,C003821,False,True,English,None,2026-02-01
PR003822,C003822,False,True,English,Email,2025-06-08
PR003823,C003823,False,True,English,SMS,2024-11-26
PR003824,C003824,True,True,English,Mobile App,2025-02-05
PR003825,C003825,True,True,English,SMS,2026-03-04
PR003826,C003826,True,True,English,SMS,2024-06-15
PR003827,C003827,True,True,English,Mobile App,2024-07-19
PR003828,C003828,True,True,Spanish,Email,2025-09-16
PR003829,C003829,True,True,English,None,2024-03-03
PR003830,C003830,True,True,English,None,2024-08-03
PR003831,C003831,False,False,English,SMS,2021-10-20
PR003832,C003832,False,True,English,SMS,2025-04-26
PR003833,C003833,False,True,English,SMS,2026-01-30
PR003834,C003834,False,True,Spanish,SMS,2025-07-25
PR003835,C003835,False,True,English,Email,2026-01-24
PR003836,C003836,True,True,Spanish,Mobile App,2026-01-16
PR003837,C003837,False,True,English,Email,2026-04-07
PR003838,C003838,True,True,English,Mobile App,2026-05-21
PR003839,C003839,True,True,English,SMS,2026-04-05
PR003840,C003840,False,True,Spanish,None,2023-07-29
PR003841,C003841,False,True,Spanish,None,2026-02-05
PR003842,C003842,True,True,English,Mobile App,2026-07-04
PR003843,C003843,True,False,English,Email,2024-04-27
PR003844,C003844,True,True,English,None,2024-05-13
PR003845,C003845,True,True,Spanish,Email,2024-02-13
PR003846,C003846,False,True,English,None,2025-03-08
PR003847,C003847,True,False,English,Email,2026-06-17
PR003848,C003848,True,False,English,Email,2024-06-04
PR003849,C003849,True,True,Spanish,SMS,2025-12-06
PR003850,C003850,True,True,English,Mobile App,2025-04-30
PR003851,C003851,True,True,Spanish,None,2025-05-31
PR003852,C003852,True,False,English,Mobile App,2025-06-24
PR003853,C003853,True,True,English,None,2026-06-28
PR003854,C003854,True,True,English,SMS,2026-07-05
PR003855,C003855,False,False,Spanish,SMS,2023-06-18
PR003856,C003856,True,False,English,Mobile App,2025-09-29
PR003857,C003857,True,True,English,Email,2025-11-15
PR003858,C003858,True,True,Spanish,None,2023-04-25
PR003859,C003859,True,True,Spanish,Email,2026-05-13
PR003860,C003860,True,False,Spanish,Mobile App,2026-01-28
PR003861,C003861,True,True,English,Mobile App,2024-06-09
PR003862,C003862,True,True,English,None,2026-03-19
PR003863,C003863,False,True,English,Mobile App,2026-06-04
PR003864,C003864,True,True,English,Email,2026-02-18
PR003865,C003865,True,False,Spanish,Email,2022-05-31
PR003866,C003866,True,True,Spanish,SMS,2023-02-09
PR003867,C003867,True,False,Spanish,SMS,2026-06-17
PR003868,C003868,False,True,English,None,2025-05-21
PR003869,C003869,True,True,English,SMS,2023-11-09
PR003870,C003870,True,True,English,SMS,2026-05-05
PR003871,C003871,True,True,English,None,2026-04-02
PR003872,C003872,True,False,English,SMS,2025-10-23
PR003873,C003873,True,True,English,None,2025-04-09
PR003874,C003874,True,True,English,None,2024-03-02
PR003875,C003875,True,True,Spanish,Email,2022-11-26
PR003876,C003876,True,True,English,Email,2026-07-07
PR003877,C003877,False,False,English,None,2023-02-22
PR003878,C003878,True,True,English,SMS,2026-01-06
PR003879,C003879,False,False,English,Mobile App,2024-11-15
PR003880,C003880,True,True,English,SMS,2025-09-16
PR003881,C003881,True,True,English,None,2026-04-26
PR003882,C003882,True,True,Spanish,Mobile App,2022-07-18
PR003883,C003883,True,False,English,Email,2024-06-09
PR003884,C003884,True,True,Spanish,Mobile App,2026-04-13
PR003885,C003885,True,True,English,None,2024-12-21
PR003886,C003886,True,False,Spanish,Email,2025-03-07
PR003887,C003887,True,True,Spanish,SMS,2023-02-01
PR003888,C003888,True,True,English,Mobile App,2026-02-22
PR003889,C003889,True,True,English,Email,2024-10-05
PR003890,C003890,True,True,English,Mobile App,2026-06-09
PR003891,C003891,True,False,English,None,2024-01-16
PR003892,C003892,True,True,English,Mobile App,2026-03-23
PR003893,C003893,False,True,English,Email,2024-07-26
PR003894,C003894,True,False,Spanish,SMS,2025-06-22
PR003895,C003895,True,True,English,SMS,2025-12-21
PR003896,C003896,True,True,English,None,2022-06-08
PR003897,C003897,False,True,English,Email,2026-02-26
PR003898,C003898,True,True,English,Mobile App,2026-06-06
PR003899,C003899,True,True,English,Mobile App,2024-12-21
PR003900,C003900,False,False,English,Mobile App,2026-06-05
PR003901,C003901,True,True,English,Mobile App,2026-07-05
PR003902,C003902,True,True,English,None,2024-04-28
PR003903,C003903,True,True,English,Email,2026-06-10
PR003904,C003904,True,False,Spanish,None,2023-12-14
PR003905,C003905,True,True,English,SMS,2024-10-21
PR003906,C003906,True,False,Spanish,None,2024-12-05
PR003907,C003907,True,True,English,None,2026-05-04
PR003908,C003908,True,True,English,Email,2025-10-13
PR003909,C003909,True,True,English,None,2026-01-29
PR003910,C003910,True,False,English,Mobile App,2025-10-01
PR003911,C003911,True,False,Spanish,Email,2024-08-22
PR003912,C003912,False,True,English,SMS,2025-06-21
PR003913,C003913,False,True,English,None,2025-02-01
PR003914,C003914,True,True,English,None,2026-03-09
PR003915,C003915,True,True,Spanish,SMS,2025-08-28
PR003916,C003916,False,False,English,SMS,2026-05-19
PR003917,C003917,True,False,English,Mobile App,2026-03-22
PR003918,C003918,False,True,English,Mobile App,2026-06-23
PR003919,C003919,False,True,English,Mobile App,2024-05-27
PR003920,C003920,True,True,English,Mobile App,2025-10-17
PR003921,C003921,True,False,English,SMS,2026-05-10
PR003922,C003922,True,True,English,Email,2025-01-26
PR003923,C003923,True,False,English,None,2021-12-26
PR003924,C003924,True,True,English,Email,2024-06-29
PR003925,C003925,False,True,English,None,2026-05-11
PR003926,C003926,False,False,English,Mobile App,2026-05-03
PR003927,C003927,True,True,English,Mobile App,2025-07-23
PR003928,C003928,True,True,English,Mobile App,2026-05-19
PR003929,C003929,True,True,English,None,2026-02-23
PR003930,C003930,True,True,English,None,2026-03-22
PR003931,C003931,True,True,English,None,2024-06-17
PR003932,C003932,True,True,English,Email,2026-02-05
PR003933,C003933,True,True,English,SMS,2022-11-22
PR003934,C003934,False,True,English,Email,2025-01-29
PR003935,C003935,True,True,English,Email,2024-03-23
PR003936,C003936,False,True,Spanish,None,2022-02-13
PR003937,C003937,True,False,Spanish,SMS,2026-06-27
PR003938,C003938,True,True,Spanish,Email,2025-09-25
PR003939,C003939,True,True,English,Mobile App,2023-08-26
PR003940,C003940,True,True,English,SMS,2026-03-23
PR003941,C003941,True,True,Spanish,Email,2026-05-15
PR003942,C003942,False,False,English,Mobile App,2024-03-14
PR003943,C003943,True,True,English,None,2024-03-10
PR003944,C003944,True,True,Spanish,None,2025-02-25
PR003945,C003945,True,False,English,None,2024-02-22
PR003946,C003946,True,False,English,None,2024-08-05
PR003947,C003947,True,True,English,Email,2024-04-02
PR003948,C003948,True,False,English,None,2024-01-18
PR003949,C003949,False,True,Spanish,Mobile App,2026-04-18
PR003950,C003950,True,True,Spanish,None,2025-10-23
PR003951,C003951,True,True,Spanish,SMS,2026-05-14
PR003952,C003952,True,True,English,Mobile App,2025-04-22
PR003953,C003953,False,True,Spanish,SMS,2025-11-05
PR003954,C003954,True,False,English,None,2025-07-29
PR003955,C003955,True,False,English,Email,2024-12-03
PR003956,C003956,False,False,English,None,2025-07-10
PR003957,C003957,True,False,English,Mobile App,2026-06-09
PR003958,C003958,True,True,English,Mobile App,2024-05-20
PR003959,C003959,False,False,English,Email,2025-05-27
PR003960,C003960,True,True,English,SMS,2025-12-02
PR003961,C003961,False,True,English,Mobile App,2026-03-15
PR003962,C003962,True,True,English,SMS,2025-04-02
PR003963,C003963,True,True,English,SMS,2026-04-12
PR003964,C003964,False,True,Spanish,Email,2025-08-21
PR003965,C003965,True,False,Spanish,Mobile App,2026-04-17
PR003966,C003966,True,True,Spanish,SMS,2026-06-18
PR003967,C003967,True,True,Spanish,Mobile App,2025-05-11
PR003968,C003968,False,False,English,Mobile App,2026-01-05
PR003969,C003969,True,False,English,Email,2024-09-22
PR003970,C003970,False,True,English,Mobile App,2025-11-26
PR003971,C003971,True,True,English,SMS,2025-10-06
PR003972,C003972,True,True,English,None,2026-07-03
PR003973,C003973,False,True,English,None,2026-02-09
PR003974,C003974,True,True,English,Email,2025-06-09
PR003975,C003975,True,True,Spanish,None,2026-04-21
PR003976,C003976,True,True,Spanish,SMS,2024-03-24
PR003977,C003977,False,False,Spanish,Mobile App,2024-05-31
PR003978,C003978,True,True,English,Mobile App,2024-07-06
PR003979,C003979,False,True,English,Email,2026-02-15
PR003980,C003980,False,True,English,Email,2025-08-19
PR003981,C003981,False,False,English,SMS,2024-02-21
PR003982,C003982,False,True,English,Email,2026-05-06
PR003983,C003983,False,True,Spanish,Email,2023-07-29
PR003984,C003984,True,True,English,SMS,2026-01-26
PR003985,C003985,True,False,Spanish,Email,2025-02-15
PR003986,C003986,True,False,Spanish,Mobile App,2023-10-13
PR003987,C003987,True,False,English,None,2024-01-01
PR003988,C003988,True,False,English,Email,2024-09-08
PR003989,C003989,True,False,English,Email,2026-02-06
PR003990,C003990,False,True,English,None,2026-06-01
PR003991,C003991,True,False,English,SMS,2026-04-07
PR003992,C003992,True,True,English,Email,2025-05-19
PR003993,C003993,True,True,Spanish,None,2026-02-10
PR003994,C003994,True,True,Spanish,SMS,2021-12-27
PR003995,C003995,True,True,English,None,2025-06-29
PR003996,C003996,False,True,Spanish,None,2026-07-06
PR003997,C003997,True,True,Spanish,Mobile App,2024-06-03
PR003998,C003998,True,True,English,SMS,2025-08-06
PR003999,C003999,True,True,English,SMS,2024-09-06
PR004000,C004000,False,True,English,Email,2026-02-19
PR004001,C004001,True,False,English,Mobile App,2025-07-05
PR004002,C004002,True,True,English,Email,2026-07-05
PR004003,C004003,True,True,English,Mobile App,2025-03-03
PR004004,C004004,False,False,English,Mobile App,2024-12-28
PR004005,C004005,True,False,Spanish,Mobile App,2024-01-03
PR004006,C004006,True,True,Spanish,SMS,2022-10-22
PR004007,C004007,False,True,English,Mobile App,2024-08-17
PR004008,C004008,True,True,English,SMS,2026-04-20
PR004009,C004009,False,True,English,None,2026-04-30
PR004010,C004010,False,True,English,Mobile App,2025-04-17
PR004011,C004011,True,True,English,Email,2026-05-27
PR004012,C004012,True,True,English,Mobile App,2026-03-15
PR004013,C004013,True,True,English,Mobile App,2026-04-11
PR004014,C004014,True,True,English,SMS,2024-09-14
PR004015,C004015,True,False,English,Email,2025-11-22
PR004016,C004016,True,False,English,Email,2025-05-11
PR004017,C004017,False,True,English,Email,2026-03-30
PR004018,C004018,True,True,English,SMS,2026-05-23
PR004019,C004019,True,True,English,Email,2024-04-11
PR004020,C004020,True,True,Spanish,Mobile App,2026-04-17
PR004021,C004021,True,True,English,SMS,2023-11-19
PR004022,C004022,False,False,English,SMS,2026-05-11
PR004023,C004023,True,True,English,None,2025-04-14
PR004024,C004024,True,True,Spanish,None,2024-09-28
PR004025,C004025,False,False,English,Email,2026-04-28
PR004026,C004026,True,True,Spanish,Mobile App,2026-06-12
PR004027,C004027,True,False,English,None,2026-01-01
PR004028,C004028,True,True,English,SMS,2026-03-18
PR004029,C004029,False,False,English,SMS,2026-03-01
PR004030,C004030,True,True,Spanish,Mobile App,2024-11-13
PR004031,C004031,False,False,English,Email,2023-09-06
PR004032,C004032,True,False,English,None,2025-10-11
PR004033,C004033,True,True,English,Email,2024-12-06
PR004034,C004034,True,True,English,Email,2025-03-22
PR004035,C004035,False,True,English,Mobile App,2023-09-20
PR004036,C004036,True,False,English,None,2026-06-04
PR004037,C004037,True,True,Spanish,None,2025-08-29
PR004038,C004038,True,True,English,SMS,2025-01-30
PR004039,C004039,True,False,English,None,2024-08-12
PR004040,C004040,False,True,English,Mobile App,2024-12-08
PR004041,C004041,True,False,English,Email,2026-01-18
PR004042,C004042,True,False,English,None,2026-04-07
PR004043,C004043,False,True,English,Mobile App,2024-03-21
PR004044,C004044,False,True,English,Email,2025-11-30
PR004045,C004045,True,True,English,SMS,2024-02-10
PR004046,C004046,True,False,Spanish,Mobile App,2026-01-08
PR004047,C004047,True,True,English,Email,2023-12-07
PR004048,C004048,True,True,English,SMS,2022-06-26
PR004049,C004049,True,False,English,SMS,2024-06-12
PR004050,C004050,True,False,English,Email,2022-04-28
PR004051,C004051,True,False,English,SMS,2025-01-07
PR004052,C004052,True,True,English,Mobile App,2024-10-15
PR004053,C004053,True,False,English,Mobile App,2026-04-24
PR004054,C004054,True,False,Spanish,SMS,2026-06-21
PR004055,C004055,False,True,English,Mobile App,2026-01-12
PR004056,C004056,True,False,Spanish,None,2025-07-20
PR004057,C004057,True,False,Spanish,SMS,2024-08-14
PR004058,C004058,True,False,English,SMS,2024-12-30
PR004059,C004059,False,True,English,Mobile App,2026-06-01
PR004060,C004060,True,True,English,SMS,2025-01-17
PR004061,C004061,True,True,English,None,2026-07-01
PR004062,C004062,True,True,Spanish,None,2025-04-16
PR004063,C004063,True,False,English,Mobile App,2024-12-16
PR004064,C004064,True,True,Spanish,Mobile App,2025-11-30
PR004065,C004065,False,True,English,SMS,2025-10-17
PR004066,C004066,False,True,English,SMS,2025-12-23
PR004067,C004067,True,True,Spanish,None,2024-02-22
PR004068,C004068,True,True,Spanish,None,2024-03-27
PR004069,C004069,True,True,English,None,2026-04-05
PR004070,C004070,True,False,English,None,2025-06-04
PR004071,C004071,True,True,English,Email,2026-02-03
PR004072,C004072,True,True,English,Email,2025-12-16
PR004073,C004073,True,True,English,Email,2026-06-21
PR004074,C004074,False,True,English,Email,2025-11-15
PR004075,C004075,True,False,English,None,2026-04-25
PR004076,C004076,True,False,English,Mobile App,2026-02-02
PR004077,C004077,True,True,English,Email,2026-06-15
PR004078,C004078,True,True,English,None,2024-03-14
PR004079,C004079,True,True,English,SMS,2024-02-02
PR004080,C004080,True,True,English,Email,2023-10-11
PR004081,C004081,False,True,English,Email,2025-11-09
PR004082,C004082,True,False,English,Mobile App,2026-01-04
PR004083,C004083,True,True,English,Mobile App,2022-06-25
PR004084,C004084,True,False,English,None,2026-06-17
PR004085,C004085,True,True,English,Mobile App,2026-06-28
PR004086,C004086,True,True,English,Mobile App,2024-10-02
PR004087,C004087,True,True,Spanish,None,2023-11-25
PR004088,C004088,True,True,Spanish,Mobile App,2025-02-28
PR004089,C004089,True,True,English,SMS,2025-07-27
PR004090,C004090,True,True,English,None,2026-04-27
PR004091,C004091,True,False,English,Email,2026-03-12
PR004092,C004092,True,True,English,None,2024-06-01
PR004093,C004093,False,False,English,Email,2023-11-12
PR004094,C004094,True,True,English,None,2025-06-21
PR004095,C004095,True,False,English,None,2026-03-19
PR004096,C004096,True,False,English,Mobile App,2025-08-08
PR004097,C004097,True,True,English,SMS,2024-09-06
PR004098,C004098,True,True,Spanish,SMS,2025-02-02
PR004099,C004099,True,True,Spanish,Mobile App,2026-01-03
PR004100,C004100,True,True,Spanish,Mobile App,2025-05-12
PR004101,C004101,True,True,English,Email,2026-01-18
PR004102,C004102,True,True,Spanish,SMS,2026-05-22
PR004103,C004103,True,True,English,Email,2025-12-11
PR004104,C004104,True,True,English,None,2025-10-02
PR004105,C004105,True,True,Spanish,Email,2026-06-15
PR004106,C004106,True,True,English,Email,2023-03-04
PR004107,C004107,True,True,English,Email,2025-04-21
PR004108,C004108,True,False,English,SMS,2025-09-06
PR004109,C004109,True,False,English,Email,2026-05-30
PR004110,C004110,False,False,English,None,2025-11-09
PR004111,C004111,True,True,English,SMS,2024-10-20
PR004112,C004112,True,True,English,SMS,2026-04-14
PR004113,C004113,True,False,English,None,2024-05-12
PR004114,C004114,True,False,English,Email,2025-11-30
PR004115,C004115,True,True,Spanish,SMS,2025-11-15
PR004116,C004116,False,False,English,SMS,2025-01-14
PR004117,C004117,False,True,English,SMS,2025-11-19
PR004118,C004118,False,True,English,SMS,2022-08-22
PR004119,C004119,True,True,English,Mobile App,2026-03-25
PR004120,C004120,False,True,English,SMS,2023-03-19
PR004121,C004121,True,True,English,SMS,2025-07-23
PR004122,C004122,True,False,English,SMS,2026-06-23
PR004123,C004123,True,True,Spanish,SMS,2026-03-06
PR004124,C004124,True,True,English,None,2026-02-03
PR004125,C004125,False,False,English,Email,2022-09-07
PR004126,C004126,True,False,Spanish,Mobile App,2024-05-14
PR004127,C004127,True,True,English,Mobile App,2025-03-11
PR004128,C004128,True,False,Spanish,SMS,2024-09-09
PR004129,C004129,True,False,Spanish,Mobile App,2025-04-18
PR004130,C004130,True,True,English,Email,2023-10-30
PR004131,C004131,True,False,English,Email,2025-10-30
PR004132,C004132,True,True,English,SMS,2025-07-20
PR004133,C004133,True,True,English,Mobile App,2026-01-13
PR004134,C004134,True,True,Spanish,SMS,2022-11-17
PR004135,C004135,True,True,English,None,2025-10-09
PR004136,C004136,True,False,English,SMS,2025-07-11
PR004137,C004137,True,False,Spanish,Mobile App,2025-04-30
PR004138,C004138,True,False,Spanish,Email,2022-12-17
PR004139,C004139,True,True,English,None,2024-01-27
PR004140,C004140,True,False,English,Mobile App,2024-10-08
PR004141,C004141,True,True,English,None,2026-06-06
PR004142,C004142,True,True,Spanish,Email,2026-06-30
PR004143,C004143,True,True,Spanish,Email,2026-01-21
PR004144,C004144,True,False,English,SMS,2025-04-12
PR004145,C004145,False,True,Spanish,SMS,2025-10-04
PR004146,C004146,False,False,English,None,2022-09-23
PR004147,C004147,True,True,English,Mobile App,2025-05-14
PR004148,C004148,True,False,English,Mobile App,2024-04-21
PR004149,C004149,True,True,English,None,2026-06-16
PR004150,C004150,True,True,English,Email,2026-06-24
PR004151,C004151,True,False,English,Mobile App,2022-10-01
PR004152,C004152,False,True,Spanish,SMS,2024-08-11
PR004153,C004153,False,True,English,Email,2026-05-26
PR004154,C004154,True,True,English,None,2023-10-21
PR004155,C004155,True,True,Spanish,Mobile App,2026-03-01
PR004156,C004156,True,True,English,SMS,2026-01-12
PR004157,C004157,True,True,Spanish,SMS,2025-09-18
PR004158,C004158,True,False,English,Mobile App,2026-04-16
PR004159,C004159,False,False,Spanish,SMS,2025-08-25
PR004160,C004160,True,True,English,None,2026-03-05
PR004161,C004161,True,True,Spanish,Mobile App,2026-06-17
PR004162,C004162,True,True,Spanish,None,2024-06-20
PR004163,C004163,True,False,Spanish,SMS,2026-05-29
PR004164,C004164,True,True,English,Email,2026-06-04
PR004165,C004165,True,True,English,Email,2025-07-21
PR004166,C004166,True,False,English,SMS,2023-11-11
PR004167,C004167,False,True,English,Email,2021-12-07
PR004168,C004168,True,False,English,Email,2024-09-21
PR004169,C004169,True,False,English,None,2026-04-14
PR004170,C004170,False,False,English,Mobile App,2026-03-05
PR004171,C004171,True,True,Spanish,Mobile App,2025-10-12
PR004172,C004172,True,True,English,SMS,2025-08-18
PR004173,C004173,True,True,English,Email,2025-03-29
PR004174,C004174,True,False,English,SMS,2024-12-06
PR004175,C004175,True,False,Spanish,Mobile App,2025-07-17
PR004176,C004176,True,False,English,None,2026-06-25
PR004177,C004177,False,True,Spanish,SMS,2026-01-24
PR004178,C004178,True,True,English,Email,2026-03-02
PR004179,C004179,True,True,Spanish,None,2026-03-24
PR004180,C004180,True,False,English,SMS,2023-09-10
PR004181,C004181,False,True,English,SMS,2025-07-10
PR004182,C004182,True,False,English,None,2026-06-19
PR004183,C004183,True,True,English,Mobile App,2025-04-23
PR004184,C004184,False,False,English,Email,2026-04-30
PR004185,C004185,True,True,Spanish,None,2026-06-06
PR004186,C004186,True,False,English,None,2025-04-14
PR004187,C004187,True,True,Spanish,Email,2026-05-13
PR004188,C004188,False,True,English,Email,2025-03-31
PR004189,C004189,True,False,English,Email,2023-01-16
PR004190,C004190,True,True,English,Mobile App,2026-04-26
PR004191,C004191,True,True,English,Email,2023-06-21
PR004192,C004192,True,True,Spanish,Mobile App,2024-04-12
PR004193,C004193,True,True,English,None,2025-10-26
PR004194,C004194,True,False,Spanish,Mobile App,2024-01-06
PR004195,C004195,False,False,English,Email,2025-07-28
PR004196,C004196,False,True,English,Mobile App,2026-05-03
PR004197,C004197,False,True,English,None,2025-08-26
PR004198,C004198,True,True,English,None,2026-04-15
PR004199,C004199,True,True,English,None,2026-06-26
PR004200,C004200,False,True,English,None,2024-08-22
PR004201,C004201,False,True,Spanish,None,2026-04-09
PR004202,C004202,False,True,English,Email,2025-04-16
PR004203,C004203,True,False,Spanish,Mobile App,2026-04-08
PR004204,C004204,True,False,English,Email,2023-08-12
PR004205,C004205,True,True,English,Email,2023-10-30
PR004206,C004206,True,True,Spanish,None,2024-02-16
PR004207,C004207,True,True,English,SMS,2025-03-31
PR004208,C004208,True,True,English,Mobile App,2026-01-30
PR004209,C004209,True,False,Spanish,Mobile App,2026-04-07
PR004210,C004210,True,True,English,Email,2026-01-23
PR004211,C004211,False,True,English,Mobile App,2026-06-19
PR004212,C004212,True,True,Spanish,Mobile App,2024-12-19
PR004213,C004213,True,True,English,None,2023-04-15
PR004214,C004214,True,True,Spanish,Email,2026-07-03
PR004215,C004215,True,True,English,Mobile App,2025-05-04
PR004216,C004216,False,False,Spanish,Mobile App,2024-10-27
PR004217,C004217,False,True,English,Email,2021-10-21
PR004218,C004218,True,True,English,SMS,2025-12-26
PR004219,C004219,False,True,English,Email,2022-12-19
PR004220,C004220,True,True,English,Email,2025-12-28
PR004221,C004221,True,False,Spanish,Mobile App,2026-06-24
PR004222,C004222,True,True,English,SMS,2025-02-24
PR004223,C004223,True,False,English,Email,2026-04-14
PR004224,C004224,True,False,English,Email,2025-11-24
PR004225,C004225,True,True,English,None,2024-04-05
PR004226,C004226,True,True,English,Email,2024-06-07
PR004227,C004227,True,True,Spanish,Mobile App,2026-06-03
PR004228,C004228,True,True,English,SMS,2025-07-13
PR004229,C004229,True,False,Spanish,Email,2025-06-12
PR004230,C004230,True,False,English,Email,2025-11-26
PR004231,C004231,True,False,English,None,2025-01-11
PR004232,C004232,True,False,English,Mobile App,2025-09-19
PR004233,C004233,True,True,English,Mobile App,2024-10-20
PR004234,C004234,True,False,English,Mobile App,2026-06-20
PR004235,C004235,False,True,English,Email,2025-12-12
PR004236,C004236,True,False,English,Mobile App,2023-12-28
PR004237,C004237,True,True,English,Email,2025-12-18
PR004238,C004238,True,True,Spanish,Email,2024-01-26
PR004239,C004239,True,True,Spanish,Mobile App,2023-04-20
PR004240,C004240,True,False,English,SMS,2026-03-19
PR004241,C004241,True,True,English,Mobile App,2026-06-04
PR004242,C004242,True,False,English,SMS,2026-05-05
PR004243,C004243,True,True,English,SMS,2025-09-21
PR004244,C004244,True,True,English,Mobile App,2024-10-06
PR004245,C004245,True,False,English,Mobile App,2026-01-05
PR004246,C004246,True,True,English,SMS,2022-12-23
PR004247,C004247,True,True,English,SMS,2026-02-24
PR004248,C004248,True,True,English,SMS,2026-06-07
PR004249,C004249,True,True,Spanish,Email,2022-12-01
PR004250,C004250,True,True,Spanish,Email,2025-12-05
PR004251,C004251,False,True,English,SMS,2025-11-13
PR004252,C004252,True,True,Spanish,SMS,2022-08-25
PR004253,C004253,True,True,English,SMS,2025-11-19
PR004254,C004254,True,False,English,Mobile App,2025-03-11
PR004255,C004255,True,True,English,Mobile App,2026-05-18
PR004256,C004256,True,True,Spanish,Email,2026-07-07
PR004257,C004257,False,True,English,SMS,2022-01-27
PR004258,C004258,True,True,English,None,2024-03-30
PR004259,C004259,True,True,Spanish,Email,2024-01-30
PR004260,C004260,False,True,English,Mobile App,2026-05-13
PR004261,C004261,True,False,English,None,2026-02-28
PR004262,C004262,False,True,English,None,2025-09-22
PR004263,C004263,True,True,English,Email,2026-05-18
PR004264,C004264,True,True,Spanish,SMS,2026-04-20
PR004265,C004265,True,True,English,Mobile App,2025-08-16
PR004266,C004266,True,False,English,Email,2026-02-19
PR004267,C004267,True,False,English,Email,2024-09-08
PR004268,C004268,True,True,English,None,2022-05-18
PR004269,C004269,True,True,Spanish,Mobile App,2025-05-01
PR004270,C004270,True,True,English,SMS,2026-07-05
PR004271,C004271,True,True,English,None,2024-01-27
PR004272,C004272,True,True,English,None,2025-01-17
PR004273,C004273,True,True,English,Mobile App,2024-08-18
PR004274,C004274,True,False,English,Mobile App,2025-09-17
PR004275,C004275,True,True,English,Mobile App,2025-08-09
PR004276,C004276,True,True,English,Mobile App,2025-03-16
PR004277,C004277,True,False,English,Mobile App,2026-05-05
PR004278,C004278,True,True,Spanish,Mobile App,2026-04-10
PR004279,C004279,True,True,English,None,2025-07-06
PR004280,C004280,True,True,Spanish,Mobile App,2024-04-19
PR004281,C004281,True,False,English,SMS,2026-06-29
PR004282,C004282,True,True,Spanish,Mobile App,2025-11-04
PR004283,C004283,True,True,English,SMS,2026-06-25
PR004284,C004284,True,True,Spanish,Email,2026-05-13
PR004285,C004285,False,False,English,Mobile App,2022-05-27
PR004286,C004286,False,True,English,SMS,2025-11-22
PR004287,C004287,True,False,Spanish,None,2025-11-14
PR004288,C004288,True,True,English,SMS,2024-09-16
PR004289,C004289,False,False,English,Email,2026-06-30
PR004290,C004290,True,True,English,Email,2025-09-12
PR004291,C004291,True,True,English,None,2024-03-15
PR004292,C004292,False,False,English,None,2025-12-09
PR004293,C004293,False,False,English,None,2025-04-30
PR004294,C004294,True,False,English,Mobile App,2024-07-21
PR004295,C004295,True,False,English,SMS,2024-01-02
PR004296,C004296,True,False,English,None,2024-11-21
PR004297,C004297,True,False,English,Email,2025-07-23
PR004298,C004298,True,True,Spanish,None,2025-08-28
PR004299,C004299,True,True,English,None,2024-08-15
PR004300,C004300,True,False,English,Email,2025-10-15
PR004301,C004301,True,True,English,None,2022-07-27
PR004302,C004302,True,True,English,Email,2026-01-01
PR004303,C004303,True,True,English,None,2023-02-19
PR004304,C004304,True,False,Spanish,Mobile App,2026-03-20
PR004305,C004305,True,True,English,None,2026-03-19
PR004306,C004306,True,False,English,Email,2026-06-28
PR004307,C004307,True,True,English,SMS,2024-09-01
PR004308,C004308,True,True,English,None,2025-12-03
PR004309,C004309,True,True,Spanish,SMS,2023-05-08
PR004310,C004310,True,True,English,None,2024-07-02
PR004311,C004311,True,True,English,None,2025-02-07
PR004312,C004312,True,True,English,SMS,2024-11-19
PR004313,C004313,True,False,Spanish,SMS,2026-02-13
PR004314,C004314,True,False,English,Email,2024-11-03
PR004315,C004315,True,True,Spanish,SMS,2026-02-07
PR004316,C004316,True,True,English,None,2026-06-14
PR004317,C004317,False,True,English,SMS,2026-02-19
PR004318,C004318,True,True,English,Email,2026-02-23
PR004319,C004319,True,True,English,Mobile App,2023-07-24
PR004320,C004320,True,True,English,Email,2025-05-12
PR004321,C004321,False,True,English,SMS,2026-07-04
PR004322,C004322,True,True,English,SMS,2025-02-17
PR004323,C004323,True,True,Spanish,None,2025-12-07
PR004324,C004324,True,True,English,Email,2023-07-17
PR004325,C004325,True,True,English,Email,2025-02-07
PR004326,C004326,True,True,English,None,2026-04-22
PR004327,C004327,True,False,English,Mobile App,2023-08-18
PR004328,C004328,True,True,English,SMS,2026-03-24
PR004329,C004329,True,False,English,SMS,2026-06-14
PR004330,C004330,True,False,English,None,2025-12-29
PR004331,C004331,True,True,English,None,2026-06-18
PR004332,C004332,True,False,English,Mobile App,2024-10-14
PR004333,C004333,True,False,English,None,2022-11-29
PR004334,C004334,False,True,English,None,2025-11-13
PR004335,C004335,True,True,English,Mobile App,2025-08-28
PR004336,C004336,True,False,Spanish,SMS,2025-08-12
PR004337,C004337,True,False,English,Mobile App,2025-01-24
PR004338,C004338,True,True,English,Email,2025-12-04
PR004339,C004339,False,True,English,Mobile App,2024-03-24
PR004340,C004340,True,False,English,SMS,2026-06-23
PR004341,C004341,False,True,Spanish,SMS,2025-03-05
PR004342,C004342,True,False,Spanish,SMS,2023-04-28
PR004343,C004343,True,False,English,Mobile App,2025-03-01
PR004344,C004344,True,True,English,Mobile App,2025-10-18
PR004345,C004345,False,False,English,SMS,2024-04-30
PR004346,C004346,True,True,English,SMS,2025-08-27
PR004347,C004347,True,False,English,None,2026-03-23
PR004348,C004348,True,True,English,None,2026-02-10
PR004349,C004349,False,True,Spanish,SMS,2026-04-14
PR004350,C004350,True,True,English,SMS,2024-06-30
PR004351,C004351,False,True,English,Mobile App,2025-07-07
PR004352,C004352,True,True,English,SMS,2026-03-22
PR004353,C004353,True,False,Spanish,Email,2026-03-15
PR004354,C004354,True,False,English,Mobile App,2023-06-07
PR004355,C004355,True,True,English,None,2023-05-31
PR004356,C004356,True,True,Spanish,None,2026-07-06
PR004357,C004357,True,True,Spanish,None,2025-04-26
PR004358,C004358,True,True,English,Mobile App,2025-05-25
PR004359,C004359,True,True,English,Mobile App,2026-07-02
PR004360,C004360,True,False,Spanish,SMS,2024-09-04
PR004361,C004361,True,True,English,None,2026-03-02
PR004362,C004362,True,True,English,SMS,2023-01-07
PR004363,C004363,True,True,English,SMS,2026-05-26
PR004364,C004364,False,True,English,Email,2022-03-19
PR004365,C004365,False,True,English,Email,2026-02-14
PR004366,C004366,True,True,English,None,2025-04-12
PR004367,C004367,True,False,English,None,2026-06-12
PR004368,C004368,False,False,English,None,2024-06-11
PR004369,C004369,True,False,English,SMS,2025-10-26
PR004370,C004370,True,False,Spanish,SMS,2023-01-24
PR004371,C004371,False,True,English,SMS,2025-10-09
PR004372,C004372,False,True,English,None,2026-07-06
PR004373,C004373,True,True,English,Email,2025-02-06
PR004374,C004374,True,True,Spanish,SMS,2022-10-19
PR004375,C004375,True,True,English,SMS,2025-09-16
PR004376,C004376,False,True,English,Mobile App,2026-06-05
PR004377,C004377,False,False,Spanish,SMS,2025-11-07
PR004378,C004378,False,False,Spanish,Email,2023-04-05
PR004379,C004379,True,True,English,SMS,2024-01-04
PR004380,C004380,False,True,Spanish,Mobile App,2025-11-10
PR004381,C004381,True,True,English,Email,2026-06-04
PR004382,C004382,True,True,English,Email,2025-02-24
PR004383,C004383,True,False,English,Email,2026-06-26
PR004384,C004384,True,True,English,None,2024-05-15
PR004385,C004385,True,True,English,None,2026-06-01
PR004386,C004386,True,True,English,Mobile App,2023-06-23
PR004387,C004387,True,True,Spanish,Email,2026-04-30
PR004388,C004388,True,True,English,None,2024-11-12
PR004389,C004389,False,True,Spanish,Email,2025-12-18
PR004390,C004390,True,True,Spanish,None,2026-06-13
PR004391,C004391,True,True,English,Mobile App,2025-05-15
PR004392,C004392,True,True,English,None,2025-09-10
PR004393,C004393,False,True,English,Mobile App,2025-12-05
PR004394,C004394,True,True,Spanish,SMS,2025-07-13
PR004395,C004395,True,True,English,Mobile App,2025-12-26
PR004396,C004396,True,True,English,Email,2026-01-01
PR004397,C004397,True,True,English,Email,2025-11-08
PR004398,C004398,False,True,English,Mobile App,2025-06-17
PR004399,C004399,False,True,English,None,2026-03-12
PR004400,C004400,True,True,English,Email,2023-06-26
PR004401,C004401,True,True,English,SMS,2026-01-16
PR004402,C004402,True,True,English,Mobile App,2026-05-02
PR004403,C004403,False,False,English,Email,2026-05-22
PR004404,C004404,False,True,Spanish,Mobile App,2025-05-26
PR004405,C004405,True,True,English,Mobile App,2026-07-02
PR004406,C004406,True,True,English,SMS,2024-12-11
PR004407,C004407,True,False,English,None,2024-05-28
PR004408,C004408,False,True,English,Email,2023-02-20
PR004409,C004409,True,False,Spanish,None,2024-12-13
PR004410,C004410,True,True,English,Mobile App,2026-06-28
PR004411,C004411,True,True,English,Mobile App,2022-07-18
PR004412,C004412,False,False,English,Email,2025-11-01
PR004413,C004413,True,True,English,Mobile App,2026-03-19
PR004414,C004414,True,False,English,Mobile App,2026-07-04
PR004415,C004415,True,False,English,Email,2025-08-15
PR004416,C004416,False,False,English,Email,2024-07-22
PR004417,C004417,True,True,Spanish,Mobile App,2026-05-13
PR004418,C004418,False,True,English,None,2025-11-10
PR004419,C004419,True,True,English,None,2026-03-13
PR004420,C004420,False,True,English,Email,2026-05-08
PR004421,C004421,True,True,English,None,2025-04-13
PR004422,C004422,True,True,English,Email,2023-01-05
PR004423,C004423,True,True,Spanish,Mobile App,2025-03-27
PR004424,C004424,False,True,English,SMS,2025-12-30
PR004425,C004425,True,True,Spanish,Email,2026-05-14
PR004426,C004426,False,True,English,Mobile App,2025-07-02
PR004427,C004427,True,True,Spanish,Email,2024-07-20
PR004428,C004428,False,True,English,SMS,2025-04-23
PR004429,C004429,False,True,English,SMS,2026-06-16
PR004430,C004430,True,True,English,Email,2025-12-25
PR004431,C004431,False,False,English,None,2026-05-07
PR004432,C004432,True,True,Spanish,Mobile App,2025-10-09
PR004433,C004433,False,False,Spanish,None,2022-06-25
PR004434,C004434,True,False,English,Email,2025-04-02
PR004435,C004435,True,False,Spanish,Email,2023-07-22
PR004436,C004436,True,True,English,Email,2023-10-13
PR004437,C004437,False,False,English,SMS,2026-05-30
PR004438,C004438,False,False,English,None,2026-01-23
PR004439,C004439,True,False,English,Mobile App,2025-09-03
PR004440,C004440,False,True,Spanish,SMS,2024-05-05
PR004441,C004441,False,False,English,None,2023-09-09
PR004442,C004442,False,True,Spanish,SMS,2026-05-26
PR004443,C004443,True,False,Spanish,Mobile App,2025-05-10
PR004444,C004444,True,True,English,Mobile App,2024-07-30
PR004445,C004445,True,True,English,Email,2026-04-14
PR004446,C004446,True,True,Spanish,SMS,2026-01-26
PR004447,C004447,True,False,English,Mobile App,2025-12-28
PR004448,C004448,False,True,Spanish,None,2026-06-08
PR004449,C004449,False,True,English,SMS,2025-12-13
PR004450,C004450,True,False,Spanish,Mobile App,2025-08-18
PR004451,C004451,False,False,Spanish,SMS,2025-11-25
PR004452,C004452,True,False,Spanish,None,2024-02-03
PR004453,C004453,True,True,English,Mobile App,2026-03-23
PR004454,C004454,False,False,English,Mobile App,2025-06-05
PR004455,C004455,False,True,English,None,2022-11-06
PR004456,C004456,False,True,English,Mobile App,2024-09-23
PR004457,C004457,True,True,English,Email,2023-12-29
PR004458,C004458,False,False,English,Mobile App,2025-03-10
PR004459,C004459,True,True,English,Mobile App,2026-03-12
PR004460,C004460,False,False,English,SMS,2026-04-22
PR004461,C004461,True,False,Spanish,None,2026-01-07
PR004462,C004462,True,False,English,Email,2024-12-28
PR004463,C004463,True,True,English,Mobile App,2025-08-03
PR004464,C004464,True,True,English,SMS,2026-03-16
PR004465,C004465,True,True,English,Mobile App,2024-06-18
PR004466,C004466,False,False,Spanish,Email,2024-09-12
PR004467,C004467,False,True,English,Mobile App,2025-11-14
PR004468,C004468,True,True,Spanish,None,2025-10-26
PR004469,C004469,True,True,English,None,2026-05-17
PR004470,C004470,True,True,English,Email,2024-06-27
PR004471,C004471,True,False,Spanish,Mobile App,2023-02-26
PR004472,C004472,True,True,English,Mobile App,2022-11-02
PR004473,C004473,True,True,English,Mobile App,2025-07-26
PR004474,C004474,True,True,English,Mobile App,2024-07-16
PR004475,C004475,True,False,Spanish,Email,2025-04-13
PR004476,C004476,True,False,English,Mobile App,2025-07-10
PR004477,C004477,False,True,English,Mobile App,2025-12-11
PR004478,C004478,True,True,English,SMS,2026-06-21
PR004479,C004479,True,False,Spanish,Mobile App,2023-06-07
PR004480,C004480,True,True,English,None,2023-01-29
PR004481,C004481,True,False,English,Email,2026-02-20
PR004482,C004482,False,False,English,Email,2025-05-04
PR004483,C004483,True,False,English,SMS,2023-04-01
PR004484,C004484,True,True,English,SMS,2024-09-11
PR004485,C004485,True,True,English,SMS,2025-01-16
PR004486,C004486,True,False,English,SMS,2025-01-16
PR004487,C004487,True,True,English,None,2025-07-05
PR004488,C004488,True,False,Spanish,None,2026-01-14
PR004489,C004489,False,False,English,Mobile App,2024-07-27
PR004490,C004490,True,True,English,None,2026-05-09
PR004491,C004491,True,True,English,SMS,2025-09-11
PR004492,C004492,True,True,Spanish,SMS,2026-04-09
PR004493,C004493,True,False,English,SMS,2022-08-10
PR004494,C004494,True,False,Spanish,SMS,2023-08-24
PR004495,C004495,True,True,Spanish,Email,2025-09-22
PR004496,C004496,False,True,English,None,2025-06-04
PR004497,C004497,False,True,English,Mobile App,2025-04-25
PR004498,C004498,True,True,English,SMS,2022-06-16
PR004499,C004499,True,True,Spanish,SMS,2026-06-28
PR004500,C004500,True,True,English,SMS,2026-05-08
PR004501,C004501,True,True,English,None,2025-01-22
PR004502,C004502,True,True,English,Email,2026-06-08
PR004503,C004503,True,True,Spanish,SMS,2024-08-05
PR004504,C004504,True,True,Spanish,SMS,2026-02-15
PR004505,C004505,True,True,English,Email,2023-09-06
PR004506,C004506,False,False,English,Email,2025-08-29
PR004507,C004507,True,True,English,Mobile App,2022-07-23
PR004508,C004508,False,True,Spanish,None,2026-04-24
PR004509,C004509,False,False,Spanish,None,2023-01-10
PR004510,C004510,True,True,English,Email,2026-06-13
PR004511,C004511,True,True,Spanish,Mobile App,2026-04-02
PR004512,C004512,False,False,English,Email,2025-09-03
PR004513,C004513,True,False,Spanish,Email,2026-05-24
PR004514,C004514,True,True,Spanish,Email,2024-07-03
PR004515,C004515,False,True,English,SMS,2025-11-23
PR004516,C004516,True,False,English,Email,2025-04-19
PR004517,C004517,True,True,Spanish,Email,2025-12-11
PR004518,C004518,False,True,Spanish,Email,2026-04-13
PR004519,C004519,True,True,English,None,2025-08-06
PR004520,C004520,True,False,English,Mobile App,2026-05-28
PR004521,C004521,True,True,English,Mobile App,2025-01-28
PR004522,C004522,True,True,Spanish,None,2023-12-08
PR004523,C004523,False,False,Spanish,SMS,2026-02-02
PR004524,C004524,True,False,Spanish,SMS,2025-08-12
PR004525,C004525,True,True,English,None,2023-03-16
PR004526,C004526,True,True,English,Email,2026-06-15
PR004527,C004527,True,False,Spanish,SMS,2026-03-07
PR004528,C004528,True,False,Spanish,SMS,2026-03-13
PR004529,C004529,True,True,English,None,2023-09-01
PR004530,C004530,False,False,English,SMS,2025-02-24
PR004531,C004531,True,True,English,Mobile App,2026-06-11
PR004532,C004532,True,False,English,SMS,2022-07-05
PR004533,C004533,True,True,English,Email,2025-04-20
PR004534,C004534,True,True,Spanish,Email,2023-07-06
PR004535,C004535,True,False,Spanish,Mobile App,2026-03-06
PR004536,C004536,True,False,Spanish,None,2026-04-15
PR004537,C004537,True,False,English,None,2024-05-10
PR004538,C004538,True,True,English,Mobile App,2025-11-04
PR004539,C004539,True,True,English,None,2026-05-22
PR004540,C004540,True,True,English,Mobile App,2024-09-27
PR004541,C004541,True,False,Spanish,Email,2022-10-15
PR004542,C004542,False,False,English,None,2026-05-14
PR004543,C004543,True,True,English,Email,2024-12-11
PR004544,C004544,True,True,English,SMS,2025-03-04
PR004545,C004545,True,True,Spanish,SMS,2026-07-05
PR004546,C004546,True,True,English,Email,2025-01-09
PR004547,C004547,True,True,English,Email,2025-11-08
PR004548,C004548,True,True,English,None,2023-01-09
PR004549,C004549,True,True,English,SMS,2025-10-01
PR004550,C004550,True,False,English,Email,2026-03-01
PR004551,C004551,True,False,English,None,2026-01-02
PR004552,C004552,False,True,English,Mobile App,2025-10-27
PR004553,C004553,True,True,Spanish,SMS,2024-02-08
PR004554,C004554,True,True,English,Email,2026-04-23
PR004555,C004555,False,True,English,SMS,2026-07-01
PR004556,C004556,True,True,English,SMS,2025-01-03
PR004557,C004557,True,False,Spanish,None,2024-02-26
PR004558,C004558,True,True,English,SMS,2022-05-22
PR004559,C004559,True,True,Spanish,None,2024-02-27
PR004560,C004560,True,True,Spanish,Mobile App,2022-06-27
PR004561,C004561,True,False,English,Email,2026-06-21
PR004562,C004562,True,True,Spanish,Email,2026-01-26
PR004563,C004563,True,True,English,SMS,2026-05-03
PR004564,C004564,True,True,English,SMS,2022-04-19
PR004565,C004565,True,True,English,SMS,2026-02-10
PR004566,C004566,True,True,Spanish,None,2025-12-15
PR004567,C004567,True,True,English,Email,2026-02-18
PR004568,C004568,True,False,English,Email,2025-09-26
PR004569,C004569,True,False,English,Mobile App,2025-12-06
PR004570,C004570,False,False,English,Email,2025-07-09
PR004571,C004571,True,True,English,None,2025-03-05
PR004572,C004572,True,False,English,Mobile App,2024-03-03
PR004573,C004573,True,True,English,SMS,2025-09-08
PR004574,C004574,True,True,English,Email,2023-12-09
PR004575,C004575,True,False,English,Email,2023-03-29
PR004576,C004576,True,True,English,SMS,2025-03-20
PR004577,C004577,True,False,English,SMS,2024-02-03
PR004578,C004578,True,False,English,Email,2024-12-17
PR004579,C004579,False,True,English,Mobile App,2024-08-17
PR004580,C004580,True,False,Spanish,Email,2025-11-06
PR004581,C004581,True,False,Spanish,SMS,2025-02-25
PR004582,C004582,True,True,English,SMS,2026-07-05
PR004583,C004583,True,False,English,SMS,2024-12-17
PR004584,C004584,True,True,Spanish,Mobile App,2025-11-05
PR004585,C004585,True,False,English,SMS,2026-06-13
PR004586,C004586,True,True,English,SMS,2026-01-29
PR004587,C004587,True,True,Spanish,Email,2024-06-22
PR004588,C004588,True,True,English,Mobile App,2026-01-11
PR004589,C004589,True,False,English,Mobile App,2025-09-15
PR004590,C004590,True,True,English,None,2024-01-31
PR004591,C004591,True,False,English,Email,2026-04-26
PR004592,C004592,False,True,English,None,2025-01-27
PR004593,C004593,False,True,English,Mobile App,2023-10-14
PR004594,C004594,True,True,English,SMS,2025-01-05
PR004595,C004595,True,True,English,None,2026-06-21
PR004596,C004596,True,True,English,Email,2025-10-24
PR004597,C004597,True,True,English,Mobile App,2025-10-25
PR004598,C004598,True,True,English,Email,2023-10-03
PR004599,C004599,True,True,English,None,2025-07-19
PR004600,C004600,True,True,English,Mobile App,2024-09-20
PR004601,C004601,True,True,English,None,2026-04-11
PR004602,C004602,True,False,English,None,2025-10-02
PR004603,C004603,False,True,Spanish,SMS,2026-06-30
PR004604,C004604,True,True,Spanish,Mobile App,2026-05-01
PR004605,C004605,True,True,English,None,2026-07-03
PR004606,C004606,False,True,English,SMS,2024-07-26
PR004607,C004607,True,True,English,Mobile App,2025-09-03
PR004608,C004608,True,False,English,None,2026-06-24
PR004609,C004609,True,False,English,Mobile App,2026-01-15
PR004610,C004610,True,False,English,SMS,2025-05-10
PR004611,C004611,True,True,English,Email,2024-12-10
PR004612,C004612,True,False,Spanish,Email,2022-07-20
PR004613,C004613,True,True,English,Mobile App,2025-12-29
PR004614,C004614,True,False,Spanish,Mobile App,2025-11-19
PR004615,C004615,True,True,English,Email,2024-12-24
PR004616,C004616,True,True,English,SMS,2026-06-27
PR004617,C004617,False,True,English,Mobile App,2025-08-08
PR004618,C004618,True,True,English,SMS,2025-10-18
PR004619,C004619,True,True,English,None,2025-03-01
PR004620,C004620,True,True,English,SMS,2026-05-18
PR004621,C004621,True,True,Spanish,Email,2026-04-16
PR004622,C004622,True,True,English,Mobile App,2025-04-28
PR004623,C004623,False,False,English,Mobile App,2025-12-07
PR004624,C004624,True,False,English,Mobile App,2025-08-18
PR004625,C004625,True,True,English,Email,2024-02-25
PR004626,C004626,True,True,Spanish,SMS,2025-11-30
PR004627,C004627,True,False,English,SMS,2022-09-11
PR004628,C004628,True,True,Spanish,Mobile App,2024-11-24
PR004629,C004629,False,True,English,Email,2025-02-11
PR004630,C004630,True,True,English,SMS,2024-07-28
PR004631,C004631,True,True,English,SMS,2025-06-25
PR004632,C004632,True,False,Spanish,None,2023-07-22
PR004633,C004633,True,True,English,SMS,2025-09-03
PR004634,C004634,True,True,Spanish,Email,2025-08-19
PR004635,C004635,False,True,Spanish,Email,2024-11-07
PR004636,C004636,True,True,English,None,2023-10-07
PR004637,C004637,False,True,Spanish,Email,2025-08-04
PR004638,C004638,True,True,English,None,2026-06-01
PR004639,C004639,True,True,English,Mobile App,2024-07-27
PR004640,C004640,True,False,English,SMS,2025-05-30
PR004641,C004641,True,True,English,SMS,2025-06-09
PR004642,C004642,False,True,English,Mobile App,2025-03-18
PR004643,C004643,True,True,English,Mobile App,2026-07-05
PR004644,C004644,True,True,English,SMS,2025-09-28
PR004645,C004645,True,True,English,None,2026-06-12
PR004646,C004646,True,True,English,SMS,2026-06-12
PR004647,C004647,True,True,English,Email,2023-01-06
PR004648,C004648,False,True,English,Mobile App,2025-11-21
PR004649,C004649,False,False,English,Email,2026-04-12
PR004650,C004650,False,False,Spanish,Mobile App,2025-11-26
PR004651,C004651,False,True,English,Email,2026-04-30
PR004652,C004652,True,False,English,Mobile App,2026-03-23
PR004653,C004653,True,False,Spanish,Email,2024-10-25
PR004654,C004654,False,True,English,SMS,2026-06-16
PR004655,C004655,True,False,English,Mobile App,2024-04-23
PR004656,C004656,True,True,Spanish,None,2024-06-05
PR004657,C004657,True,True,English,Email,2023-12-31
PR004658,C004658,True,False,Spanish,SMS,2023-02-14
PR004659,C004659,True,True,English,None,2025-01-28
PR004660,C004660,True,False,English,None,2024-09-12
PR004661,C004661,True,True,Spanish,None,2024-05-26
PR004662,C004662,True,False,Spanish,SMS,2024-03-14
PR004663,C004663,True,False,English,Email,2026-06-23
PR004664,C004664,False,False,English,None,2026-06-11
PR004665,C004665,False,True,English,Mobile App,2026-06-02
PR004666,C004666,True,False,English,Mobile App,2022-09-18
PR004667,C004667,True,False,English,SMS,2024-02-01
PR004668,C004668,True,True,English,Email,2025-11-06
PR004669,C004669,True,False,English,None,2026-05-19
PR004670,C004670,True,True,Spanish,Email,2022-12-21
PR004671,C004671,False,False,English,Email,2024-10-27
PR004672,C004672,True,True,Spanish,SMS,2026-07-06
PR004673,C004673,True,True,English,SMS,2025-01-27
PR004674,C004674,True,True,Spanish,SMS,2026-03-07
PR004675,C004675,True,False,Spanish,Email,2024-10-27
PR004676,C004676,True,True,English,None,2022-07-08
PR004677,C004677,True,False,Spanish,Email,2026-03-07
PR004678,C004678,True,False,English,Email,2026-03-23
PR004679,C004679,True,False,English,SMS,2024-07-31
PR004680,C004680,True,True,English,Email,2025-05-02
PR004681,C004681,True,True,English,Email,2025-06-23
PR004682,C004682,False,False,Spanish,Email,2023-07-09
PR004683,C004683,True,True,English,Email,2023-08-24
PR004684,C004684,False,True,English,Email,2026-06-12
PR004685,C004685,False,False,English,Mobile App,2026-01-31
PR004686,C004686,True,True,English,Email,2026-01-31
PR004687,C004687,True,False,English,SMS,2024-10-08
PR004688,C004688,True,False,English,None,2025-07-17
PR004689,C004689,True,False,English,Mobile App,2026-05-31
PR004690,C004690,True,True,Spanish,Email,2026-06-15
PR004691,C004691,False,True,Spanish,Mobile App,2026-06-21
PR004692,C004692,False,False,Spanish,SMS,2025-08-28
PR004693,C004693,True,True,English,None,2024-04-01
PR004694,C004694,True,True,English,Email,2023-11-29
PR004695,C004695,False,True,Spanish,Email,2025-11-05
PR004696,C004696,True,False,English,Email,2026-03-12
PR004697,C004697,True,True,English,SMS,2024-11-26
PR004698,C004698,True,True,Spanish,Email,2024-04-26
PR004699,C004699,False,False,English,Email,2024-02-10
PR004700,C004700,True,True,English,Mobile App,2024-12-11
PR004701,C004701,False,True,English,SMS,2026-06-20
PR004702,C004702,True,False,English,SMS,2024-10-20
PR004703,C004703,True,True,Spanish,None,2025-09-26
PR004704,C004704,True,True,Spanish,Mobile App,2026-02-25
PR004705,C004705,False,True,English,SMS,2026-05-20
PR004706,C004706,True,True,English,Email,2023-07-02
PR004707,C004707,True,True,Spanish,Mobile App,2026-06-19
PR004708,C004708,True,False,Spanish,SMS,2026-06-10
PR004709,C004709,True,True,English,SMS,2025-04-20
PR004710,C004710,True,True,Spanish,Email,2025-07-19
PR004711,C004711,True,True,English,None,2025-08-15
PR004712,C004712,True,True,English,SMS,2026-07-07
PR004713,C004713,False,True,Spanish,None,2026-03-10
PR004714,C004714,True,True,Spanish,SMS,2025-01-04
PR004715,C004715,True,True,English,None,2024-09-20
PR004716,C004716,True,True,English,None,2025-06-10
PR004717,C004717,False,False,English,Email,2023-11-10
PR004718,C004718,True,False,English,Mobile App,2023-08-23
PR004719,C004719,True,True,English,Email,2026-04-08
PR004720,C004720,True,False,English,None,2026-06-22
PR004721,C004721,True,False,English,None,2025-08-07
PR004722,C004722,True,True,Spanish,None,2024-12-07
PR004723,C004723,True,True,English,None,2024-09-27
PR004724,C004724,False,True,English,None,2025-08-08
PR004725,C004725,True,False,English,SMS,2026-04-10
PR004726,C004726,False,True,English,Mobile App,2025-05-24
PR004727,C004727,True,True,English,SMS,2026-03-19
PR004728,C004728,False,True,Spanish,Email,2024-06-13
PR004729,C004729,True,True,English,SMS,2025-03-07
PR004730,C004730,True,True,English,Mobile App,2026-03-22
PR004731,C004731,True,True,Spanish,None,2023-12-04
PR004732,C004732,True,True,English,Email,2023-10-17
PR004733,C004733,False,True,English,None,2024-05-07
PR004734,C004734,False,True,English,None,2025-07-23
PR004735,C004735,True,True,English,Mobile App,2023-11-08
PR004736,C004736,False,False,English,Email,2026-05-21
PR004737,C004737,True,True,Spanish,None,2024-06-18
PR004738,C004738,True,True,English,SMS,2024-11-09
PR004739,C004739,True,False,English,Email,2025-02-21
PR004740,C004740,True,True,English,Email,2023-09-04
PR004741,C004741,False,False,English,Mobile App,2026-06-04
PR004742,C004742,True,False,English,SMS,2023-08-27
PR004743,C004743,True,True,English,SMS,2025-01-23
PR004744,C004744,True,False,English,Mobile App,2024-08-16
PR004745,C004745,False,True,Spanish,None,2025-12-19
PR004746,C004746,True,True,Spanish,None,2024-05-01
PR004747,C004747,True,True,English,SMS,2024-07-10
PR004748,C004748,True,False,English,Mobile App,2026-03-17
PR004749,C004749,True,True,English,Email,2023-09-11
PR004750,C004750,True,True,English,None,2022-09-11
PR004751,C004751,False,True,Spanish,Mobile App,2026-07-06
PR004752,C004752,False,True,English,Mobile App,2026-05-15
PR004753,C004753,True,True,English,None,2026-03-30
PR004754,C004754,True,False,English,Email,2024-02-03
PR004755,C004755,True,False,English,None,2026-02-11
PR004756,C004756,True,True,English,Mobile App,2025-12-12
PR004757,C004757,True,True,English,SMS,2025-04-19
PR004758,C004758,True,True,Spanish,Email,2024-06-12
PR004759,C004759,True,False,Spanish,Email,2026-04-05
PR004760,C004760,False,True,English,Mobile App,2026-05-29
PR004761,C004761,True,True,English,Email,2022-05-28
PR004762,C004762,True,False,English,None,2026-04-24
PR004763,C004763,True,False,English,Mobile App,2025-07-30
PR004764,C004764,True,True,English,SMS,2025-03-11
PR004765,C004765,True,True,English,SMS,2023-12-26
PR004766,C004766,True,True,English,Mobile App,2025-02-06
PR004767,C004767,True,True,English,Email,2024-09-12
PR004768,C004768,True,True,English,Email,2024-02-19
PR004769,C004769,True,True,Spanish,None,2025-11-28
PR004770,C004770,True,True,Spanish,Mobile App,2025-09-29
PR004771,C004771,True,False,English,Mobile App,2025-07-19
PR004772,C004772,False,True,English,SMS,2026-06-29
PR004773,C004773,True,False,English,None,2025-07-22
PR004774,C004774,True,True,English,Email,2024-07-12
PR004775,C004775,True,False,English,None,2025-05-28
PR004776,C004776,True,True,English,SMS,2026-05-31
PR004777,C004777,True,False,English,None,2024-05-19
PR004778,C004778,True,True,Spanish,Mobile App,2026-02-27
PR004779,C004779,True,False,English,Email,2024-04-28
PR004780,C004780,False,True,Spanish,Mobile App,2024-09-19
PR004781,C004781,False,True,English,SMS,2026-03-24
PR004782,C004782,True,True,English,Email,2026-07-07
PR004783,C004783,False,True,English,Email,2025-08-09
PR004784,C004784,True,True,English,None,2022-12-07
PR004785,C004785,True,True,English,Mobile App,2026-05-31
PR004786,C004786,False,True,English,SMS,2025-08-19
PR004787,C004787,True,False,Spanish,None,2025-01-13
PR004788,C004788,False,True,Spanish,Email,2025-01-21
PR004789,C004789,False,True,Spanish,None,2025-10-13
PR004790,C004790,False,True,Spanish,Email,2026-02-25
PR004791,C004791,True,True,English,Email,2024-01-24
PR004792,C004792,False,True,English,Email,2024-08-10
PR004793,C004793,True,True,Spanish,Mobile App,2023-12-14
PR004794,C004794,True,False,English,Email,2025-04-26
PR004795,C004795,True,False,English,Mobile App,2025-03-12
PR004796,C004796,True,False,English,None,2026-05-23
PR004797,C004797,True,False,English,SMS,2026-02-17
PR004798,C004798,True,True,English,None,2026-01-02
PR004799,C004799,True,True,English,SMS,2024-09-13
PR004800,C004800,True,True,English,SMS,2023-10-12
PR004801,C004801,False,True,English,Mobile App,2026-05-24
PR004802,C004802,True,True,English,Email,2025-11-11
PR004803,C004803,True,False,English,Mobile App,2023-04-26
PR004804,C004804,True,True,English,Email,2026-05-03
PR004805,C004805,True,True,English,Mobile App,2025-03-04
PR004806,C004806,True,False,Spanish,None,2025-01-22
PR004807,C004807,True,True,Spanish,SMS,2025-03-29
PR004808,C004808,True,True,Spanish,Email,2024-10-04
PR004809,C004809,False,True,Spanish,Email,2025-08-23
PR004810,C004810,True,False,English,Email,2026-06-20
PR004811,C004811,True,True,English,Mobile App,2026-04-07
PR004812,C004812,True,False,English,None,2026-01-08
PR004813,C004813,True,True,English,None,2026-06-29
PR004814,C004814,False,True,English,Mobile App,2026-04-22
PR004815,C004815,True,False,English,None,2026-04-03
PR004816,C004816,True,True,English,SMS,2025-06-19
PR004817,C004817,True,False,Spanish,Mobile App,2026-03-31
PR004818,C004818,True,False,Spanish,Email,2026-03-28
PR004819,C004819,True,True,English,Mobile App,2024-03-01
PR004820,C004820,True,True,Spanish,SMS,2025-05-09
PR004821,C004821,True,True,English,Mobile App,2021-10-31
PR004822,C004822,True,True,English,SMS,2025-11-10
PR004823,C004823,False,False,English,SMS,2024-07-31
PR004824,C004824,True,True,English,None,2025-09-04
PR004825,C004825,True,False,Spanish,None,2024-07-08
PR004826,C004826,True,True,English,SMS,2026-06-14
PR004827,C004827,True,False,English,Mobile App,2026-05-17
PR004828,C004828,True,True,English,Mobile App,2025-01-12
PR004829,C004829,True,True,Spanish,None,2026-04-18
PR004830,C004830,True,True,English,None,2024-11-23
PR004831,C004831,True,True,English,None,2023-12-15
PR004832,C004832,True,True,English,Mobile App,2026-04-27
PR004833,C004833,True,True,Spanish,None,2025-05-22
PR004834,C004834,False,False,English,None,2025-12-20
PR004835,C004835,True,True,Spanish,None,2025-08-23
PR004836,C004836,True,False,English,Mobile App,2024-08-24
PR004837,C004837,False,True,English,Email,2025-01-06
PR004838,C004838,False,True,Spanish,Mobile App,2025-03-08
PR004839,C004839,True,True,English,SMS,2023-12-09
PR004840,C004840,False,False,English,Email,2023-03-01
PR004841,C004841,True,True,English,SMS,2024-03-31
PR004842,C004842,True,True,English,SMS,2026-07-04
PR004843,C004843,True,True,Spanish,Mobile App,2024-04-22
PR004844,C004844,False,True,Spanish,None,2024-08-24
PR004845,C004845,True,True,English,None,2025-01-13
PR004846,C004846,True,True,English,SMS,2024-07-30
PR004847,C004847,True,False,English,None,2022-02-18
PR004848,C004848,False,True,English,None,2025-10-16
PR004849,C004849,True,True,English,Mobile App,2025-06-05
PR004850,C004850,True,False,English,Mobile App,2026-07-07
PR004851,C004851,True,True,Spanish,Email,2026-04-16
PR004852,C004852,True,False,English,Email,2025-09-08
PR004853,C004853,False,True,Spanish,SMS,2025-04-14
PR004854,C004854,True,True,Spanish,Mobile App,2026-01-09
PR004855,C004855,False,True,English,Mobile App,2023-08-23
PR004856,C004856,True,True,Spanish,SMS,2026-02-27
PR004857,C004857,True,True,English,None,2023-08-07
PR004858,C004858,True,True,English,Email,2022-05-04
PR004859,C004859,True,True,English,SMS,2026-04-08
PR004860,C004860,True,False,English,SMS,2026-06-01
PR004861,C004861,True,True,English,None,2026-01-11
PR004862,C004862,True,False,English,None,2026-06-23
PR004863,C004863,True,True,Spanish,Email,2025-07-01
PR004864,C004864,True,True,English,Mobile App,2026-02-11
PR004865,C004865,True,False,Spanish,Email,2025-08-19
PR004866,C004866,True,True,English,None,2024-12-21
PR004867,C004867,True,False,English,Mobile App,2025-11-12
PR004868,C004868,False,False,English,Email,2024-06-29
PR004869,C004869,True,False,English,Email,2026-02-11
PR004870,C004870,True,True,English,Mobile App,2026-03-20
PR004871,C004871,True,True,English,SMS,2026-06-25
PR004872,C004872,True,True,Spanish,SMS,2024-07-23
PR004873,C004873,True,False,Spanish,SMS,2025-12-03
PR004874,C004874,True,True,English,None,2025-05-24
PR004875,C004875,True,True,English,Email,2025-11-24
PR004876,C004876,False,True,English,Email,2026-01-17
PR004877,C004877,True,True,English,None,2026-03-11
PR004878,C004878,True,True,English,Mobile App,2024-08-19
PR004879,C004879,True,True,English,Email,2024-08-19
PR004880,C004880,True,True,English,Email,2024-04-23
PR004881,C004881,True,False,English,SMS,2025-08-19
PR004882,C004882,True,True,English,SMS,2026-01-11
PR004883,C004883,True,True,English,SMS,2026-06-13
PR004884,C004884,True,True,Spanish,Mobile App,2026-04-28
PR004885,C004885,False,True,Spanish,SMS,2025-10-08
PR004886,C004886,True,True,English,None,2026-07-07
PR004887,C004887,True,True,English,Email,2026-03-17
PR004888,C004888,True,False,English,Email,2026-03-30
PR004889,C004889,True,True,English,Email,2024-07-14
PR004890,C004890,True,False,English,None,2026-05-24
PR004891,C004891,True,True,English,Email,2024-02-20
PR004892,C004892,True,True,English,None,2023-04-24
PR004893,C004893,True,False,Spanish,Mobile App,2023-02-25
PR004894,C004894,True,True,English,SMS,2026-03-05
PR004895,C004895,True,True,English,SMS,2025-10-02
PR004896,C004896,True,False,English,SMS,2026-04-05
PR004897,C004897,True,False,English,SMS,2023-04-15
PR004898,C004898,False,True,Spanish,Mobile App,2025-10-07
PR004899,C004899,False,True,English,Mobile App,2026-06-23
PR004900,C004900,True,True,Spanish,SMS,2026-04-17
PR004901,C004901,False,False,English,SMS,2024-04-25
PR004902,C004902,True,True,Spanish,Email,2023-06-30
PR004903,C004903,False,True,English,None,2025-09-03
PR004904,C004904,False,False,English,SMS,2025-10-15
PR004905,C004905,True,True,Spanish,Email,2025-12-08
PR004906,C004906,True,False,English,Email,2025-04-27
PR004907,C004907,True,False,Spanish,Email,2026-01-14
PR004908,C004908,True,False,English,None,2026-06-24
PR004909,C004909,True,False,English,Mobile App,2022-09-26
PR004910,C004910,True,True,English,Email,2024-01-05
PR004911,C004911,True,True,English,Email,2025-09-27
PR004912,C004912,True,True,Spanish,Mobile App,2026-03-22
PR004913,C004913,False,True,English,SMS,2024-10-31
PR004914,C004914,True,True,English,SMS,2026-02-23
PR004915,C004915,False,False,English,Mobile App,2026-04-28
PR004916,C004916,False,False,English,SMS,2025-10-15
PR004917,C004917,True,True,English,Email,2026-05-07
PR004918,C004918,True,False,English,None,2022-12-20
PR004919,C004919,True,False,English,SMS,2026-03-25
PR004920,C004920,False,True,English,Mobile App,2026-03-25
PR004921,C004921,True,False,Spanish,None,2025-07-23
PR004922,C004922,True,True,Spanish,Email,2026-01-31
PR004923,C004923,True,True,Spanish,Email,2025-06-09
PR004924,C004924,True,False,English,Mobile App,2026-06-22
PR004925,C004925,True,True,Spanish,Mobile App,2026-06-10
PR004926,C004926,True,False,Spanish,Email,2023-05-24
PR004927,C004927,False,True,English,Mobile App,2024-07-16
PR004928,C004928,True,True,English,None,2025-11-17
PR004929,C004929,True,True,English,Email,2025-07-27
PR004930,C004930,True,False,Spanish,None,2025-05-06
PR004931,C004931,True,True,English,SMS,2026-06-29
PR004932,C004932,True,True,Spanish,Email,2023-07-10
PR004933,C004933,False,True,English,Mobile App,2024-12-06
PR004934,C004934,False,True,English,None,2025-07-23
PR004935,C004935,True,False,Spanish,Email,2022-09-26
PR004936,C004936,False,True,English,Email,2026-06-02
PR004937,C004937,True,False,English,SMS,2024-11-25
PR004938,C004938,True,False,Spanish,SMS,2026-06-18
PR004939,C004939,True,True,English,SMS,2026-04-19
PR004940,C004940,False,False,Spanish,SMS,2024-12-31
PR004941,C004941,False,False,English,Mobile App,2025-07-29
PR004942,C004942,True,False,Spanish,None,2025-11-08
PR004943,C004943,False,False,English,SMS,2024-08-07
PR004944,C004944,False,True,English,Mobile App,2026-03-02
PR004945,C004945,True,True,English,Email,2025-07-26
PR004946,C004946,False,False,English,None,2024-07-29
PR004947,C004947,True,True,English,SMS,2024-02-10
PR004948,C004948,True,False,English,None,2025-03-22
PR004949,C004949,False,True,Spanish,SMS,2025-06-06
PR004950,C004950,True,True,English,Email,2026-06-06
PR004951,C004951,True,True,English,Mobile App,2026-01-06
PR004952,C004952,True,True,English,None,2023-01-22
PR004953,C004953,True,True,English,Mobile App,2025-03-10
PR004954,C004954,False,True,English,SMS,2024-07-01
PR004955,C004955,True,True,English,Email,2024-05-27
PR004956,C004956,True,True,Spanish,None,2025-06-04
PR004957,C004957,True,True,Spanish,Mobile App,2026-04-11
PR004958,C004958,True,False,Spanish,SMS,2022-07-25
PR004959,C004959,True,True,Spanish,Email,2024-06-05
PR004960,C004960,True,False,English,None,2025-11-04
PR004961,C004961,True,True,English,Mobile App,2025-01-22
PR004962,C004962,False,True,English,None,2025-11-12
PR004963,C004963,True,True,Spanish,Email,2025-12-01
PR004964,C004964,False,True,English,Email,2026-06-07
PR004965,C004965,True,False,Spanish,Email,2025-01-30
PR004966,C004966,False,True,Spanish,None,2026-06-06
PR004967,C004967,True,True,English,Email,2026-02-28
PR004968,C004968,True,True,English,SMS,2024-09-21
PR004969,C004969,True,True,English,Email,2026-02-26
PR004970,C004970,True,True,Spanish,SMS,2026-03-17
PR004971,C004971,True,True,English,Email,2024-02-03
PR004972,C004972,False,True,English,Mobile App,2026-05-24
PR004973,C004973,True,True,English,None,2022-10-07
PR004974,C004974,False,True,English,SMS,2026-04-10
PR004975,C004975,True,False,English,None,2024-03-30
PR004976,C004976,False,False,English,SMS,2024-11-01
PR004977,C004977,False,True,English,SMS,2024-11-28
PR004978,C004978,False,True,English,Mobile App,2025-08-31
PR004979,C004979,True,False,English,None,2026-06-22
PR004980,C004980,True,True,English,None,2024-03-04
PR004981,C004981,True,False,Spanish,Email,2025-09-01
PR004982,C004982,True,True,English,None,2023-05-22
PR004983,C004983,True,False,English,Mobile App,2025-08-10
PR004984,C004984,True,True,Spanish,Email,2025-11-24
PR004985,C004985,True,True,English,Mobile App,2025-10-18
PR004986,C004986,True,False,English,SMS,2024-05-09
PR004987,C004987,False,True,English,Mobile App,2024-07-14
PR004988,C004988,False,True,English,Email,2024-04-16
PR004989,C004989,True,True,English,None,2023-02-16
PR004990,C004990,False,False,English,SMS,2026-06-18
PR004991,C004991,False,False,English,Email,2026-05-26
PR004992,C004992,True,True,English,SMS,2023-12-01
PR004993,C004993,False,False,English,Email,2025-09-08
PR004994,C004994,False,True,English,SMS,2023-10-07
PR004995,C004995,True,True,English,SMS,2024-12-01
PR004996,C004996,True,False,English,None,2023-04-01
PR004997,C004997,True,True,English,Email,2026-03-22
PR004998,C004998,False,True,English,None,2023-12-06
PR004999,C004999,False,True,Spanish,SMS,2026-04-01
PR005000,C005000,True,False,English,Email,2026-04-13
PR005001,C005001,True,True,English,Mobile App,2025-08-25
PR005002,C005002,True,False,English,Mobile App,2025-11-01
PR005003,C005003,True,True,Spanish,Email,2024-08-11
PR005004,C005004,True,True,English,None,2025-12-07
PR005005,C005005,True,True,English,None,2026-01-12
PR005006,C005006,True,True,Spanish,Email,2026-06-02
PR005007,C005007,True,True,English,SMS,2024-03-28
PR005008,C005008,False,False,English,None,2024-01-05
PR005009,C005009,True,False,English,SMS,2026-06-06
PR005010,C005010,True,True,English,Email,2026-02-12
PR005011,C005011,True,False,English,Mobile App,2025-07-18
PR005012,C005012,True,True,English,Mobile App,2025-04-13
PR005013,C005013,True,True,English,SMS,2023-07-14
PR005014,C005014,True,False,English,Mobile App,2026-05-09
PR005015,C005015,False,True,English,None,2026-03-20
PR005016,C005016,False,False,Spanish,None,2026-07-06
PR005017,C005017,False,True,English,Mobile App,2025-07-17
PR005018,C005018,False,False,English,Mobile App,2024-11-22
PR005019,C005019,False,False,English,None,2025-10-19
PR005020,C005020,True,True,English,Mobile App,2023-05-30
PR005021,C005021,True,True,English,None,2024-12-23
PR005022,C005022,True,True,English,SMS,2024-01-22
PR005023,C005023,True,True,English,SMS,2024-08-15
PR005024,C005024,True,True,English,None,2026-06-11
PR005025,C005025,True,True,English,Mobile App,2023-09-14
PR005026,C005026,True,True,English,Email,2024-03-05
PR005027,C005027,False,False,Spanish,SMS,2022-01-04
PR005028,C005028,True,True,English,Email,2026-01-01
PR005029,C005029,True,False,English,None,2025-03-30
PR005030,C005030,True,True,English,SMS,2022-10-14
PR005031,C005031,True,True,English,None,2022-02-23
PR005032,C005032,True,True,Spanish,SMS,2025-06-19
PR005033,C005033,True,False,English,Email,2026-02-14
PR005034,C005034,True,False,Spanish,SMS,2024-07-09
PR005035,C005035,True,True,English,Email,2025-01-04
PR005036,C005036,True,True,English,None,2026-03-30
PR005037,C005037,False,True,English,Email,2025-03-08
PR005038,C005038,True,False,Spanish,Mobile App,2022-11-23
PR005039,C005039,False,False,English,Mobile App,2026-04-14
PR005040,C005040,True,True,Spanish,None,2026-04-08
PR005041,C005041,True,True,English,Email,2026-03-29
PR005042,C005042,True,True,English,Email,2026-01-14
PR005043,C005043,False,True,English,Mobile App,2026-01-25
PR005044,C005044,False,True,English,SMS,2022-07-17
PR005045,C005045,True,True,English,SMS,2026-05-27
PR005046,C005046,True,False,English,Mobile App,2024-01-25
PR005047,C005047,True,True,Spanish,Mobile App,2024-03-16
PR005048,C005048,True,True,English,SMS,2024-04-14
PR005049,C005049,True,True,English,Email,2026-06-23
PR005050,C005050,False,False,Spanish,SMS,2026-06-29
PR005051,C005051,True,False,English,Email,2025-10-20
PR005052,C005052,False,True,Spanish,Email,2025-03-30
PR005053,C005053,True,False,English,Email,2025-02-24
PR005054,C005054,True,False,English,Mobile App,2025-10-10
PR005055,C005055,True,True,English,Mobile App,2023-11-15
PR005056,C005056,True,True,English,Mobile App,2025-03-19
PR005057,C005057,True,True,English,None,2026-06-04
PR005058,C005058,True,False,English,SMS,2026-06-13
PR005059,C005059,True,True,English,SMS,2026-04-16
PR005060,C005060,True,False,English,Mobile App,2025-04-23
PR005061,C005061,True,True,Spanish,SMS,2026-06-06
PR005062,C005062,True,False,English,None,2025-04-28
PR005063,C005063,False,True,Spanish,SMS,2024-01-15
PR005064,C005064,True,True,English,None,2025-05-11
PR005065,C005065,True,True,English,Mobile App,2025-07-10
PR005066,C005066,True,True,Spanish,Mobile App,2024-11-08
PR005067,C005067,True,True,English,SMS,2024-07-20
PR005068,C005068,True,True,English,None,2026-06-30
PR005069,C005069,False,True,Spanish,None,2024-11-30
PR005070,C005070,False,True,English,SMS,2022-11-27
PR005071,C005071,True,False,English,SMS,2025-03-21
PR005072,C005072,True,True,English,SMS,2026-03-26
PR005073,C005073,True,True,Spanish,None,2025-05-09
PR005074,C005074,True,True,English,Mobile App,2025-06-28
PR005075,C005075,True,True,English,Email,2026-02-03
PR005076,C005076,True,False,Spanish,SMS,2025-01-08
PR005077,C005077,True,True,Spanish,SMS,2024-09-10
PR005078,C005078,True,True,English,Mobile App,2024-11-17
PR005079,C005079,True,True,English,SMS,2025-11-18
PR005080,C005080,False,False,English,Email,2026-04-09
PR005081,C005081,False,True,English,Email,2026-02-19
PR005082,C005082,True,False,English,Mobile App,2025-05-16
PR005083,C005083,True,True,English,SMS,2026-03-05
PR005084,C005084,True,True,English,Email,2026-04-11
PR005085,C005085,True,True,English,SMS,2025-01-06
PR005086,C005086,True,True,English,None,2023-03-28
PR005087,C005087,True,True,Spanish,SMS,2025-11-04
PR005088,C005088,True,True,English,Mobile App,2022-04-01
PR005089,C005089,True,False,English,Email,2026-03-08
PR005090,C005090,True,True,English,Mobile App,2026-01-24
PR005091,C005091,True,False,English,None,2026-03-16
PR005092,C005092,True,True,English,Email,2026-03-27
PR005093,C005093,True,True,English,None,2025-07-01
PR005094,C005094,False,True,English,Mobile App,2024-12-21
PR005095,C005095,True,True,English,Email,2025-06-17
PR005096,C005096,True,False,English,None,2023-04-24
PR005097,C005097,True,True,English,Email,2024-05-04
PR005098,C005098,True,False,English,Mobile App,2026-03-08
PR005099,C005099,True,False,English,None,2023-03-13
PR005100,C005100,True,True,Spanish,Mobile App,2025-01-28
PR005101,C005101,True,True,English,SMS,2025-07-11
PR005102,C005102,True,False,English,Mobile App,2026-06-27
PR005103,C005103,True,True,English,Mobile App,2025-03-01
PR005104,C005104,True,True,English,Mobile App,2026-03-20
PR005105,C005105,True,False,English,SMS,2025-06-17
PR005106,C005106,True,True,Spanish,Mobile App,2024-07-06
PR005107,C005107,True,True,Spanish,Email,2023-10-29
PR005108,C005108,True,True,English,SMS,2026-04-01
PR005109,C005109,True,False,English,Mobile App,2025-06-09
PR005110,C005110,True,True,English,Email,2025-07-31
PR005111,C005111,True,True,English,None,2025-09-24
PR005112,C005112,False,True,English,Mobile App,2026-04-16
PR005113,C005113,True,True,English,Mobile App,2026-06-04
PR005114,C005114,True,True,English,SMS,2025-06-03
PR005115,C005115,True,True,English,Email,2024-10-29
PR005116,C005116,True,True,English,Mobile App,2026-06-12
PR005117,C005117,True,True,English,Email,2026-05-02
PR005118,C005118,False,True,English,Mobile App,2024-08-03
PR005119,C005119,False,True,English,Email,2026-04-20
PR005120,C005120,True,False,Spanish,SMS,2025-01-19
PR005121,C005121,True,True,Spanish,None,2024-05-31
PR005122,C005122,True,True,English,Mobile App,2026-06-16
PR005123,C005123,True,True,English,SMS,2024-09-02
PR005124,C005124,True,True,Spanish,None,2026-02-02
PR005125,C005125,True,False,English,Email,2025-09-19
PR005126,C005126,True,True,Spanish,Email,2023-01-13
PR005127,C005127,True,True,Spanish,SMS,2026-03-15
PR005128,C005128,True,True,English,Email,2026-04-22
PR005129,C005129,True,True,Spanish,Mobile App,2024-06-27
PR005130,C005130,True,False,English,Email,2026-04-30
PR005131,C005131,True,False,English,Mobile App,2026-06-30
PR005132,C005132,False,False,English,None,2025-09-20
PR005133,C005133,True,False,English,SMS,2024-10-14
PR005134,C005134,True,True,English,None,2026-07-04
PR005135,C005135,True,True,English,SMS,2023-07-06
PR005136,C005136,True,True,English,None,2024-01-22
PR005137,C005137,True,False,English,Email,2026-01-01
PR005138,C005138,True,True,English,Mobile App,2026-02-25
PR005139,C005139,False,False,Spanish,None,2024-06-06
PR005140,C005140,True,True,English,None,2025-05-31
PR005141,C005141,True,True,English,Email,2024-05-15
PR005142,C005142,True,False,Spanish,Email,2025-10-28
PR005143,C005143,True,False,English,Mobile App,2023-10-07
PR005144,C005144,True,True,Spanish,None,2024-02-25
PR005145,C005145,True,True,Spanish,None,2026-05-07
PR005146,C005146,False,True,Spanish,Email,2023-12-12
PR005147,C005147,True,True,Spanish,SMS,2022-11-13
PR005148,C005148,False,True,English,Mobile App,2025-04-09
PR005149,C005149,True,True,English,Mobile App,2025-12-19
PR005150,C005150,True,True,English,None,2026-04-15
PR005151,C005151,True,True,English,Email,2025-12-28
PR005152,C005152,True,False,English,Email,2023-08-24
PR005153,C005153,True,True,English,Email,2026-04-08
PR005154,C005154,True,True,English,Email,2024-05-05
PR005155,C005155,True,False,English,SMS,2025-12-08
PR005156,C005156,False,True,English,SMS,2026-02-25
PR005157,C005157,True,True,English,SMS,2023-12-25
PR005158,C005158,True,True,English,Mobile App,2023-09-26
PR005159,C005159,True,True,English,Mobile App,2023-08-24
PR005160,C005160,False,True,English,Email,2023-07-29
PR005161,C005161,True,True,English,Email,2024-03-31
PR005162,C005162,True,False,English,SMS,2026-04-23
PR005163,C005163,True,True,English,Email,2024-10-08
PR005164,C005164,True,True,English,Mobile App,2025-02-18
PR005165,C005165,True,True,English,Email,2023-09-19
PR005166,C005166,True,True,Spanish,SMS,2026-05-08
PR005167,C005167,True,True,English,None,2025-12-31
PR005168,C005168,False,False,Spanish,Mobile App,2025-06-03
PR005169,C005169,False,False,English,Email,2023-11-14
PR005170,C005170,False,True,English,None,2026-01-10
PR005171,C005171,True,True,English,Email,2024-12-22
PR005172,C005172,True,True,English,None,2026-06-24
PR005173,C005173,False,True,English,Mobile App,2026-07-07
PR005174,C005174,False,True,English,Email,2024-06-08
PR005175,C005175,True,True,English,None,2025-07-09
PR005176,C005176,True,True,Spanish,None,2026-02-14
PR005177,C005177,True,True,English,Email,2026-05-26
PR005178,C005178,True,True,English,Mobile App,2024-12-23
PR005179,C005179,True,True,English,None,2022-09-14
PR005180,C005180,True,True,English,Email,2026-02-23
PR005181,C005181,True,True,English,Email,2025-07-04
PR005182,C005182,True,True,Spanish,Mobile App,2026-01-14
PR005183,C005183,True,True,Spanish,None,2024-09-22
PR005184,C005184,True,True,English,None,2026-05-15
PR005185,C005185,True,True,English,Email,2026-06-01
PR005186,C005186,True,True,English,None,2026-06-24
PR005187,C005187,True,False,English,Email,2023-08-03
PR005188,C005188,True,False,English,Email,2026-04-05
PR005189,C005189,True,False,Spanish,Email,2026-04-10
PR005190,C005190,True,False,English,None,2024-12-06
PR005191,C005191,True,True,English,Email,2023-02-27
PR005192,C005192,True,True,English,Mobile App,2023-08-26
PR005193,C005193,True,True,English,None,2025-09-18
PR005194,C005194,False,True,English,Email,2026-02-17
PR005195,C005195,True,True,English,Email,2026-04-24
PR005196,C005196,False,True,English,Mobile App,2026-06-18
PR005197,C005197,False,True,English,Email,2026-06-25
PR005198,C005198,False,True,English,None,2026-03-08
PR005199,C005199,False,False,English,None,2023-08-17
PR005200,C005200,True,True,English,SMS,2026-05-04
PR005201,C005201,True,True,English,Email,2024-04-17
PR005202,C005202,True,True,Spanish,Email,2024-07-22
PR005203,C005203,True,True,English,SMS,2023-10-29
PR005204,C005204,True,True,English,None,2026-07-05
PR005205,C005205,True,True,Spanish,Mobile App,2025-08-25
PR005206,C005206,True,True,English,SMS,2022-11-17
PR005207,C005207,True,True,English,SMS,2026-01-05
PR005208,C005208,True,True,English,Email,2024-02-23
PR005209,C005209,True,False,English,SMS,2025-08-21
PR005210,C005210,True,True,English,SMS,2026-05-18
PR005211,C005211,False,False,English,Email,2025-11-14
PR005212,C005212,True,False,English,None,2025-10-03
PR005213,C005213,True,True,English,None,2025-01-17
PR005214,C005214,True,False,Spanish,None,2026-02-14
PR005215,C005215,True,True,English,Email,2025-05-11
PR005216,C005216,True,False,English,Mobile App,2024-12-03
PR005217,C005217,False,True,English,SMS,2024-11-02
PR005218,C005218,False,True,English,Email,2025-01-07
PR005219,C005219,True,True,English,SMS,2026-06-15
PR005220,C005220,True,True,Spanish,Email,2026-01-15
PR005221,C005221,True,True,English,None,2023-06-30
PR005222,C005222,True,False,English,Email,2026-01-14
PR005223,C005223,False,True,English,Email,2026-05-02
PR005224,C005224,True,True,English,Mobile App,2026-02-07
PR005225,C005225,False,True,English,Email,2025-01-03
PR005226,C005226,False,True,English,Mobile App,2024-07-17
PR005227,C005227,False,False,Spanish,SMS,2022-10-29
PR005228,C005228,True,False,English,Mobile App,2026-02-23
PR005229,C005229,False,True,Spanish,Mobile App,2025-02-14
PR005230,C005230,True,True,English,Email,2025-06-13
PR005231,C005231,False,False,English,Email,2024-12-22
PR005232,C005232,True,False,Spanish,None,2025-08-08
PR005233,C005233,True,True,Spanish,Email,2026-05-23
PR005234,C005234,True,True,English,Mobile App,2024-10-13
PR005235,C005235,True,True,English,None,2023-12-26
PR005236,C005236,True,True,English,SMS,2025-11-04
PR005237,C005237,False,True,English,SMS,2025-05-09
PR005238,C005238,True,False,English,Mobile App,2026-05-03
PR005239,C005239,False,False,Spanish,SMS,2025-12-31
PR005240,C005240,True,True,Spanish,None,2026-04-14
PR005241,C005241,True,True,English,Mobile App,2026-02-02
PR005242,C005242,True,True,English,Mobile App,2025-03-28
PR005243,C005243,True,True,English,None,2025-01-20
PR005244,C005244,True,True,English,Mobile App,2024-08-06
PR005245,C005245,True,True,Spanish,SMS,2026-05-04
PR005246,C005246,True,False,English,Email,2021-12-08
PR005247,C005247,True,True,English,Mobile App,2024-11-16
PR005248,C005248,True,False,English,SMS,2026-07-03
PR005249,C005249,False,True,English,Mobile App,2026-04-27
PR005250,C005250,True,True,Spanish,Email,2025-12-19
PR005251,C005251,True,True,Spanish,Mobile App,2026-03-24
PR005252,C005252,True,True,English,Mobile App,2025-07-06
PR005253,C005253,True,True,Spanish,Mobile App,2025-07-11
PR005254,C005254,False,True,English,SMS,2025-07-09
PR005255,C005255,False,True,English,Mobile App,2024-02-17
PR005256,C005256,False,True,English,Email,2026-06-16
PR005257,C005257,True,False,English,SMS,2024-05-03
PR005258,C005258,True,True,English,None,2026-06-22
PR005259,C005259,True,True,Spanish,SMS,2022-03-18
PR005260,C005260,False,True,English,Email,2026-05-10
PR005261,C005261,False,True,Spanish,Mobile App,2023-09-03
PR005262,C005262,True,False,English,Mobile App,2023-03-30
PR005263,C005263,False,False,English,Mobile App,2025-11-16
PR005264,C005264,False,True,English,Mobile App,2026-03-18
PR005265,C005265,False,True,English,None,2025-05-23
PR005266,C005266,True,True,Spanish,Email,2024-12-14
PR005267,C005267,True,True,English,SMS,2026-04-30
PR005268,C005268,True,False,Spanish,Mobile App,2026-04-24
PR005269,C005269,True,True,English,Mobile App,2024-07-03
PR005270,C005270,False,True,English,Email,2025-10-05
PR005271,C005271,True,True,Spanish,SMS,2024-09-13
PR005272,C005272,True,True,English,None,2024-10-29
PR005273,C005273,True,False,English,Email,2023-03-05
PR005274,C005274,False,True,English,Email,2026-04-20
PR005275,C005275,True,False,English,None,2023-07-09
PR005276,C005276,True,False,English,Mobile App,2025-10-04
PR005277,C005277,False,True,Spanish,Mobile App,2026-06-07
PR005278,C005278,True,True,English,None,2025-05-01
PR005279,C005279,True,True,English,Email,2025-11-04
PR005280,C005280,False,True,English,Email,2025-06-30
PR005281,C005281,True,False,English,Email,2024-09-20
PR005282,C005282,True,False,English,None,2026-05-14
PR005283,C005283,False,True,Spanish,None,2026-04-20
PR005284,C005284,False,True,Spanish,Mobile App,2023-05-17
PR005285,C005285,True,False,English,None,2022-01-02
PR005286,C005286,True,True,Spanish,Mobile App,2026-05-17
PR005287,C005287,True,True,English,Email,2022-01-03
PR005288,C005288,True,False,English,SMS,2024-01-18
PR005289,C005289,False,True,English,Email,2024-12-01
PR005290,C005290,False,True,English,Email,2026-07-05
PR005291,C005291,True,True,English,SMS,2024-09-23
PR005292,C005292,True,True,English,None,2023-05-17
PR005293,C005293,True,True,English,Mobile App,2026-07-05
PR005294,C005294,False,True,English,Mobile App,2026-03-22
PR005295,C005295,True,False,English,Mobile App,2026-05-18
PR005296,C005296,False,False,English,Mobile App,2026-03-28
PR005297,C005297,True,True,English,Email,2026-03-02
PR005298,C005298,True,False,Spanish,Mobile App,2025-10-05
PR005299,C005299,True,True,Spanish,Mobile App,2025-07-03
PR005300,C005300,True,True,English,SMS,2025-04-06
PR005301,C005301,False,True,English,Mobile App,2024-05-01
PR005302,C005302,False,True,Spanish,SMS,2026-06-04
PR005303,C005303,True,True,English,SMS,2025-05-16
PR005304,C005304,True,True,English,Mobile App,2025-09-28
PR005305,C005305,True,False,English,SMS,2026-04-22
PR005306,C005306,True,True,Spanish,None,2025-05-28
PR005307,C005307,False,True,Spanish,None,2025-10-08
PR005308,C005308,False,True,English,Mobile App,2023-06-13
PR005309,C005309,False,True,English,SMS,2025-10-18
PR005310,C005310,False,True,Spanish,SMS,2025-06-07
PR005311,C005311,True,False,English,SMS,2026-04-24
PR005312,C005312,True,False,Spanish,None,2026-06-14
PR005313,C005313,False,True,English,SMS,2025-12-18
PR005314,C005314,True,True,English,None,2025-08-17
PR005315,C005315,True,True,Spanish,None,2026-04-05
PR005316,C005316,True,True,Spanish,SMS,2025-11-30
PR005317,C005317,True,False,English,None,2022-05-16
PR005318,C005318,True,False,English,Email,2026-01-25
PR005319,C005319,False,True,English,Email,2026-02-28
PR005320,C005320,True,True,English,SMS,2025-01-28
PR005321,C005321,True,True,English,Mobile App,2025-04-14
PR005322,C005322,False,True,English,Mobile App,2025-06-07
PR005323,C005323,False,True,Spanish,SMS,2025-08-25
PR005324,C005324,True,True,English,Email,2022-11-30
PR005325,C005325,True,False,English,Email,2023-03-04
PR005326,C005326,True,True,Spanish,None,2025-06-04
PR005327,C005327,False,True,Spanish,Mobile App,2026-03-11
PR005328,C005328,False,False,Spanish,Email,2025-10-05
PR005329,C005329,True,True,Spanish,SMS,2025-07-22
PR005330,C005330,True,True,English,Mobile App,2023-08-31
PR005331,C005331,True,True,English,Mobile App,2021-12-29
PR005332,C005332,True,False,Spanish,Mobile App,2026-05-14
PR005333,C005333,True,False,English,None,2025-12-31
PR005334,C005334,True,True,English,Mobile App,2026-05-06
PR005335,C005335,True,True,English,None,2026-05-02
PR005336,C005336,True,True,English,Mobile App,2025-03-25
PR005337,C005337,False,False,English,Mobile App,2025-02-21
PR005338,C005338,True,True,English,None,2023-02-03
PR005339,C005339,True,True,Spanish,Mobile App,2025-08-22
PR005340,C005340,True,True,English,SMS,2024-11-12
PR005341,C005341,False,False,English,SMS,2026-03-21
PR005342,C005342,True,False,English,Email,2024-07-22
PR005343,C005343,True,True,English,Email,2026-06-26
PR005344,C005344,True,False,Spanish,None,2025-12-11
PR005345,C005345,True,True,English,SMS,2024-08-26
PR005346,C005346,True,False,Spanish,SMS,2025-11-05
PR005347,C005347,True,True,English,Email,2024-02-14
PR005348,C005348,True,False,English,None,2025-04-10
PR005349,C005349,False,False,Spanish,SMS,2026-04-12
PR005350,C005350,True,True,Spanish,None,2025-10-24
PR005351,C005351,True,True,Spanish,Email,2026-04-26
PR005352,C005352,True,True,English,Email,2022-06-14
PR005353,C005353,True,False,Spanish,Mobile App,2022-09-09
PR005354,C005354,False,True,English,SMS,2026-05-15
PR005355,C005355,True,False,Spanish,SMS,2024-08-25
PR005356,C005356,True,True,English,Mobile App,2025-09-30
PR005357,C005357,False,False,English,None,2026-03-02
PR005358,C005358,True,True,English,Mobile App,2026-05-21
PR005359,C005359,True,False,Spanish,SMS,2024-03-20
PR005360,C005360,True,True,English,Mobile App,2026-03-09
PR005361,C005361,True,True,English,Mobile App,2024-04-17
PR005362,C005362,True,True,English,Email,2026-03-28
PR005363,C005363,False,True,English,Email,2025-03-26
PR005364,C005364,True,False,English,Mobile App,2026-03-27
PR005365,C005365,True,True,Spanish,Mobile App,2024-06-20
PR005366,C005366,True,True,English,Mobile App,2026-01-13
PR005367,C005367,True,False,English,SMS,2026-06-25
PR005368,C005368,True,True,English,Mobile App,2026-06-20
PR005369,C005369,False,True,English,SMS,2026-04-19
PR005370,C005370,False,True,English,Mobile App,2024-12-04
PR005371,C005371,True,True,English,Mobile App,2024-11-27
PR005372,C005372,True,False,Spanish,None,2025-12-21
PR005373,C005373,True,True,English,Mobile App,2026-01-19
PR005374,C005374,True,True,English,Mobile App,2025-05-21
PR005375,C005375,True,True,Spanish,Email,2023-01-15
PR005376,C005376,True,True,English,Email,2026-06-26
PR005377,C005377,True,False,English,Mobile App,2026-01-03
PR005378,C005378,True,True,Spanish,Mobile App,2025-06-11
PR005379,C005379,False,False,English,Email,2026-06-26
PR005380,C005380,True,True,Spanish,Email,2026-02-27
PR005381,C005381,True,False,English,Mobile App,2026-04-23
PR005382,C005382,True,True,English,Mobile App,2026-02-16
PR005383,C005383,True,True,Spanish,Mobile App,2024-01-15
PR005384,C005384,True,True,English,None,2026-06-27
PR005385,C005385,True,True,Spanish,SMS,2022-09-01
PR005386,C005386,True,False,English,SMS,2026-06-18
PR005387,C005387,False,True,Spanish,None,2025-10-18
PR005388,C005388,True,True,English,Mobile App,2026-07-05
PR005389,C005389,False,False,Spanish,Mobile App,2025-11-13
PR005390,C005390,True,False,English,SMS,2022-03-31
PR005391,C005391,True,False,English,SMS,2024-07-14
PR005392,C005392,False,True,English,Mobile App,2026-04-24
PR005393,C005393,True,False,English,Mobile App,2024-09-06
PR005394,C005394,True,True,English,None,2026-01-02
PR005395,C005395,False,True,English,None,2026-03-08
PR005396,C005396,True,True,Spanish,Mobile App,2026-05-26
PR005397,C005397,False,True,English,Mobile App,2025-12-29
PR005398,C005398,False,True,English,None,2024-11-05
PR005399,C005399,True,False,English,None,2026-01-03
PR005400,C005400,False,False,English,SMS,2026-07-06
PR005401,C005401,True,True,Spanish,Mobile App,2026-05-01
PR005402,C005402,True,True,English,Mobile App,2021-12-02
PR005403,C005403,True,True,English,SMS,2025-10-19
PR005404,C005404,False,False,Spanish,None,2025-03-07
PR005405,C005405,True,True,Spanish,Email,2022-01-01
PR005406,C005406,True,False,English,Email,2023-11-30
PR005407,C005407,False,True,English,Mobile App,2026-03-18
PR005408,C005408,True,False,Spanish,Email,2024-01-21
PR005409,C005409,False,True,Spanish,Mobile App,2026-05-04
PR005410,C005410,False,True,English,Mobile App,2023-04-26
PR005411,C005411,True,False,English,SMS,2023-01-21
PR005412,C005412,True,True,English,Mobile App,2025-08-23
PR005413,C005413,False,True,English,SMS,2022-03-29
PR005414,C005414,False,True,English,Email,2026-07-06
PR005415,C005415,True,True,English,SMS,2024-12-17
PR005416,C005416,True,False,English,Mobile App,2025-11-14
PR005417,C005417,True,True,English,Mobile App,2026-01-11
PR005418,C005418,False,True,English,SMS,2023-11-03
PR005419,C005419,True,True,English,SMS,2023-11-02
PR005420,C005420,True,True,English,Mobile App,2026-04-08
PR005421,C005421,True,True,English,Email,2023-08-27
PR005422,C005422,True,True,English,None,2026-06-19
PR005423,C005423,True,True,English,None,2023-09-07
PR005424,C005424,False,True,English,None,2025-01-24
PR005425,C005425,True,False,English,None,2026-04-02
PR005426,C005426,True,False,English,Mobile App,2026-05-17
PR005427,C005427,True,False,English,None,2025-04-13
PR005428,C005428,False,True,Spanish,None,2022-01-29
PR005429,C005429,True,True,English,Mobile App,2024-06-11
PR005430,C005430,True,True,English,None,2026-06-12
PR005431,C005431,True,False,Spanish,Email,2026-03-07
PR005432,C005432,True,True,English,Mobile App,2026-06-08
PR005433,C005433,True,True,English,None,2026-05-30
PR005434,C005434,True,False,English,SMS,2026-05-27
PR005435,C005435,False,True,English,None,2024-11-01
PR005436,C005436,True,True,English,Mobile App,2026-06-14
PR005437,C005437,True,False,Spanish,None,2026-04-30
PR005438,C005438,True,True,English,SMS,2025-08-11
PR005439,C005439,True,True,English,Mobile App,2023-03-12
PR005440,C005440,True,False,English,SMS,2026-04-28
PR005441,C005441,False,False,English,Mobile App,2025-10-26
PR005442,C005442,True,False,English,Email,2025-07-31
PR005443,C005443,False,True,English,None,2025-03-08
PR005444,C005444,True,False,English,Mobile App,2022-07-08
PR005445,C005445,True,False,English,Email,2026-04-26
PR005446,C005446,True,False,English,Email,2026-05-07
PR005447,C005447,False,True,English,None,2025-03-29
PR005448,C005448,False,False,English,SMS,2025-05-13
PR005449,C005449,True,True,Spanish,SMS,2024-05-23
PR005450,C005450,True,True,English,SMS,2025-03-20
PR005451,C005451,True,True,English,Email,2026-06-15
PR005452,C005452,True,False,Spanish,None,2025-01-13
PR005453,C005453,True,True,English,Email,2024-04-09
PR005454,C005454,True,False,English,None,2026-06-10
PR005455,C005455,False,True,English,Mobile App,2024-04-16
PR005456,C005456,True,True,English,None,2023-06-18
PR005457,C005457,True,True,English,None,2023-12-02
PR005458,C005458,False,False,English,Email,2026-02-16
PR005459,C005459,True,True,English,SMS,2026-06-20
PR005460,C005460,True,False,English,None,2024-01-13
PR005461,C005461,True,True,English,SMS,2025-02-08
PR005462,C005462,True,True,English,None,2026-04-22
PR005463,C005463,True,True,English,Mobile App,2026-02-11
PR005464,C005464,True,False,English,Email,2026-06-15
PR005465,C005465,True,True,English,SMS,2023-05-07
PR005466,C005466,True,True,English,Email,2022-10-06
PR005467,C005467,True,False,Spanish,SMS,2023-12-22
PR005468,C005468,True,True,English,Mobile App,2025-03-13
PR005469,C005469,True,True,Spanish,SMS,2026-01-07
PR005470,C005470,True,True,English,None,2026-07-03
PR005471,C005471,False,True,English,Email,2026-02-11
PR005472,C005472,True,True,English,Email,2025-10-24
PR005473,C005473,True,True,English,SMS,2026-01-15
PR005474,C005474,True,False,English,None,2026-07-05
PR005475,C005475,True,True,English,Email,2026-05-29
PR005476,C005476,True,True,English,Mobile App,2026-02-22
PR005477,C005477,True,True,Spanish,Email,2026-05-02
PR005478,C005478,False,False,English,SMS,2023-05-02
PR005479,C005479,True,True,English,Mobile App,2025-01-12
PR005480,C005480,True,True,English,Mobile App,2026-07-02
PR005481,C005481,True,True,English,SMS,2025-08-14
PR005482,C005482,True,False,Spanish,SMS,2026-05-05
PR005483,C005483,True,False,English,SMS,2025-03-26
PR005484,C005484,True,True,Spanish,None,2025-07-04
PR005485,C005485,False,True,English,SMS,2025-12-09
PR005486,C005486,True,True,English,SMS,2024-10-11
PR005487,C005487,True,True,English,Email,2025-10-13
PR005488,C005488,True,False,English,Mobile App,2026-01-15
PR005489,C005489,True,True,English,Email,2026-02-14
PR005490,C005490,True,True,Spanish,SMS,2024-06-11
PR005491,C005491,False,True,Spanish,None,2025-05-15
PR005492,C005492,True,True,English,None,2026-06-14
PR005493,C005493,True,True,English,SMS,2026-01-14
PR005494,C005494,True,False,English,Mobile App,2026-05-06
PR005495,C005495,False,False,English,SMS,2024-10-17
PR005496,C005496,False,False,English,SMS,2026-02-07
PR005497,C005497,True,True,English,Mobile App,2026-06-02
PR005498,C005498,True,True,Spanish,Email,2025-08-23
PR005499,C005499,True,True,English,Mobile App,2025-11-15
PR005500,C005500,False,True,Spanish,Email,2023-10-03
PR005501,C005501,True,True,English,Mobile App,2024-05-31
PR005502,C005502,False,True,English,Mobile App,2025-09-16
PR005503,C005503,True,True,English,Email,2026-05-19
PR005504,C005504,True,True,Spanish,SMS,2026-05-28
PR005505,C005505,True,True,Spanish,Email,2025-10-17
PR005506,C005506,True,True,English,Email,2023-05-05
PR005507,C005507,False,False,English,SMS,2023-09-02
PR005508,C005508,False,True,English,Mobile App,2025-07-29
PR005509,C005509,True,True,Spanish,SMS,2026-05-05
PR005510,C005510,True,False,Spanish,None,2026-06-27
PR005511,C005511,True,False,Spanish,Email,2026-01-18
PR005512,C005512,False,True,Spanish,SMS,2025-06-01
PR005513,C005513,True,False,English,SMS,2025-10-12
PR005514,C005514,True,True,English,SMS,2025-02-09
PR005515,C005515,True,True,Spanish,SMS,2022-05-29
PR005516,C005516,True,False,English,Mobile App,2026-05-31
PR005517,C005517,False,True,English,None,2024-01-22
PR005518,C005518,True,False,Spanish,SMS,2023-07-12
PR005519,C005519,True,True,English,Mobile App,2025-02-09
PR005520,C005520,True,False,English,Mobile App,2026-04-11
PR005521,C005521,False,True,English,None,2026-03-28
PR005522,C005522,True,True,English,None,2024-10-31
PR005523,C005523,True,True,English,Mobile App,2025-11-03
PR005524,C005524,False,True,English,SMS,2025-07-28
PR005525,C005525,True,False,English,Email,2025-04-03
PR005526,C005526,True,True,English,SMS,2024-09-28
PR005527,C005527,True,True,English,SMS,2025-08-11
PR005528,C005528,True,True,English,SMS,2025-06-12
PR005529,C005529,True,False,Spanish,Email,2026-02-04
PR005530,C005530,True,True,Spanish,SMS,2025-09-19
PR005531,C005531,True,True,English,Email,2026-06-04
PR005532,C005532,False,False,English,None,2026-06-10
PR005533,C005533,True,False,English,None,2024-05-24
PR005534,C005534,False,True,English,Email,2026-04-22
PR005535,C005535,True,True,English,SMS,2024-05-02
PR005536,C005536,True,False,English,SMS,2026-06-08
PR005537,C005537,True,True,English,Mobile App,2026-02-16
PR005538,C005538,True,True,English,SMS,2025-03-14
PR005539,C005539,False,False,Spanish,SMS,2023-07-15
PR005540,C005540,True,True,English,Email,2025-12-20
PR005541,C005541,False,False,English,Mobile App,2025-10-10
PR005542,C005542,True,False,English,SMS,2026-02-23
PR005543,C005543,True,False,English,SMS,2025-09-25
PR005544,C005544,False,True,Spanish,Email,2025-10-06
PR005545,C005545,True,True,English,None,2025-09-08
PR005546,C005546,True,False,English,Email,2026-03-15
PR005547,C005547,False,False,English,None,2026-05-22
PR005548,C005548,True,False,English,None,2025-09-06
PR005549,C005549,True,True,English,Email,2024-04-20
PR005550,C005550,True,False,English,None,2024-04-04
PR005551,C005551,True,False,Spanish,None,2025-12-13
PR005552,C005552,False,False,English,None,2022-06-12
PR005553,C005553,True,False,English,Mobile App,2024-02-07
PR005554,C005554,True,True,Spanish,Email,2026-06-10
PR005555,C005555,True,True,Spanish,SMS,2026-04-11
PR005556,C005556,True,True,English,Mobile App,2024-06-04
PR005557,C005557,True,True,English,None,2025-05-17
PR005558,C005558,True,True,English,Mobile App,2025-05-22
PR005559,C005559,True,True,English,Email,2023-10-31
PR005560,C005560,False,True,Spanish,None,2026-03-09
PR005561,C005561,True,True,Spanish,Email,2026-06-23
PR005562,C005562,True,True,English,SMS,2026-05-18
PR005563,C005563,True,True,English,None,2026-05-21
PR005564,C005564,False,True,Spanish,None,2024-08-05
PR005565,C005565,False,True,English,SMS,2025-10-09
PR005566,C005566,True,True,English,Mobile App,2025-09-17
PR005567,C005567,True,True,English,Email,2025-07-22
PR005568,C005568,True,True,English,Email,2023-01-12
PR005569,C005569,True,True,English,Email,2024-12-26
PR005570,C005570,True,True,English,None,2024-10-31
PR005571,C005571,True,True,English,SMS,2026-01-28
PR005572,C005572,True,False,English,None,2022-02-16
PR005573,C005573,True,True,English,None,2026-02-09
PR005574,C005574,True,False,English,None,2026-02-26
PR005575,C005575,True,True,English,SMS,2025-08-03
PR005576,C005576,True,True,Spanish,Mobile App,2025-12-10
PR005577,C005577,True,True,Spanish,Mobile App,2026-05-09
PR005578,C005578,True,False,Spanish,Mobile App,2026-01-24
PR005579,C005579,True,False,English,None,2026-03-23
PR005580,C005580,False,False,Spanish,None,2026-07-06
PR005581,C005581,True,False,English,SMS,2025-05-18
PR005582,C005582,True,False,English,Email,2024-04-12
PR005583,C005583,True,False,English,None,2026-06-18
PR005584,C005584,True,True,Spanish,Mobile App,2026-05-06
PR005585,C005585,False,False,English,Email,2025-12-02
PR005586,C005586,True,True,Spanish,Email,2024-06-17
PR005587,C005587,True,True,English,None,2026-03-08
PR005588,C005588,True,False,Spanish,Email,2023-01-25
PR005589,C005589,True,True,Spanish,Email,2025-07-29
PR005590,C005590,True,False,English,None,2026-04-18
PR005591,C005591,True,False,Spanish,Email,2026-02-11
PR005592,C005592,False,True,English,Mobile App,2024-05-15
PR005593,C005593,False,True,English,Mobile App,2025-03-21
PR005594,C005594,True,True,English,SMS,2024-08-09
PR005595,C005595,True,False,English,Mobile App,2026-02-14
PR005596,C005596,True,True,English,None,2022-12-12
PR005597,C005597,True,True,English,Mobile App,2025-05-02
PR005598,C005598,True,True,English,None,2024-08-23
PR005599,C005599,False,True,English,SMS,2026-03-03
PR005600,C005600,True,True,Spanish,SMS,2026-07-05
PR005601,C005601,True,True,English,Mobile App,2022-10-01
PR005602,C005602,False,True,English,None,2024-02-29
PR005603,C005603,False,True,English,None,2026-06-07
PR005604,C005604,True,False,English,Email,2026-07-04
PR005605,C005605,True,True,English,None,2025-08-01
PR005606,C005606,True,False,Spanish,Mobile App,2023-10-12
PR005607,C005607,True,False,English,SMS,2024-01-22
PR005608,C005608,True,True,English,None,2025-12-31
PR005609,C005609,True,False,English,Email,2026-06-07
PR005610,C005610,True,True,English,Mobile App,2026-03-12
PR005611,C005611,True,False,English,None,2023-08-17
PR005612,C005612,True,False,English,None,2025-07-02
PR005613,C005613,True,False,English,Email,2026-03-30
PR005614,C005614,True,True,Spanish,None,2026-03-22
PR005615,C005615,True,True,Spanish,Mobile App,2026-07-05
PR005616,C005616,True,False,English,None,2025-10-11
PR005617,C005617,True,True,Spanish,SMS,2026-05-20
PR005618,C005618,True,False,English,Mobile App,2023-11-15
PR005619,C005619,True,True,English,SMS,2026-01-11
PR005620,C005620,False,True,English,SMS,2026-02-28
PR005621,C005621,True,True,English,Email,2025-12-01
PR005622,C005622,True,False,English,None,2024-06-20
PR005623,C005623,True,False,English,Mobile App,2026-04-27
PR005624,C005624,True,False,English,Email,2026-05-15
PR005625,C005625,True,True,English,Email,2025-08-02
PR005626,C005626,True,True,English,SMS,2022-11-29
PR005627,C005627,False,False,English,None,2026-05-31
PR005628,C005628,False,False,English,Email,2024-04-14
PR005629,C005629,True,True,English,None,2024-10-28
PR005630,C005630,False,True,Spanish,Mobile App,2025-07-19
PR005631,C005631,True,False,English,Mobile App,2025-11-29
PR005632,C005632,True,False,Spanish,SMS,2026-04-06
PR005633,C005633,True,False,English,None,2026-04-22
PR005634,C005634,True,False,English,Mobile App,2023-06-09
PR005635,C005635,True,True,English,None,2025-12-29
PR005636,C005636,True,True,Spanish,Mobile App,2026-06-18
PR005637,C005637,True,True,English,None,2022-08-17
PR005638,C005638,True,True,English,None,2025-11-09
PR005639,C005639,False,True,English,None,2025-10-01
PR005640,C005640,True,True,English,None,2022-11-12
PR005641,C005641,True,True,English,Email,2026-05-07
PR005642,C005642,True,False,English,Email,2026-03-20
PR005643,C005643,True,True,Spanish,Email,2026-04-28
PR005644,C005644,True,True,English,None,2025-12-23
PR005645,C005645,True,True,Spanish,Mobile App,2025-07-13
PR005646,C005646,True,True,Spanish,None,2025-11-16
PR005647,C005647,True,False,Spanish,Mobile App,2026-04-03
PR005648,C005648,False,True,English,SMS,2024-12-02
PR005649,C005649,False,True,Spanish,Email,2025-01-30
PR005650,C005650,False,True,English,SMS,2026-01-19
PR005651,C005651,True,False,English,None,2026-05-19
PR005652,C005652,False,True,English,Mobile App,2025-12-07
PR005653,C005653,True,False,English,SMS,2024-06-19
PR005654,C005654,True,False,Spanish,Mobile App,2026-05-06
PR005655,C005655,True,True,English,SMS,2025-11-08
PR005656,C005656,False,True,English,Email,2026-01-06
PR005657,C005657,True,False,English,SMS,2026-01-26
PR005658,C005658,True,False,English,Mobile App,2025-08-11
PR005659,C005659,True,True,English,Mobile App,2025-08-30
PR005660,C005660,False,True,Spanish,Mobile App,2025-09-22
PR005661,C005661,False,True,English,SMS,2024-12-03
PR005662,C005662,True,True,Spanish,None,2024-12-18
PR005663,C005663,False,True,Spanish,SMS,2026-05-25
PR005664,C005664,False,False,English,None,2026-05-04
PR005665,C005665,True,False,English,None,2022-02-25
PR005666,C005666,True,False,English,SMS,2025-07-24
PR005667,C005667,True,True,English,Email,2026-06-12
PR005668,C005668,True,False,English,Mobile App,2025-06-05
PR005669,C005669,False,True,Spanish,Mobile App,2025-02-05
PR005670,C005670,False,True,English,SMS,2025-08-30
PR005671,C005671,True,True,Spanish,SMS,2024-06-29
PR005672,C005672,False,True,English,SMS,2023-08-18
PR005673,C005673,True,True,Spanish,Mobile App,2025-08-27
PR005674,C005674,True,True,English,Email,2024-05-09
PR005675,C005675,False,True,English,SMS,2025-09-29
PR005676,C005676,True,True,English,SMS,2025-09-16
PR005677,C005677,False,False,Spanish,None,2026-01-02
PR005678,C005678,True,False,English,SMS,2025-10-04
PR005679,C005679,True,True,Spanish,SMS,2026-04-29
PR005680,C005680,True,True,English,SMS,2021-12-01
PR005681,C005681,True,False,English,Email,2023-10-29
PR005682,C005682,True,False,English,Mobile App,2026-01-07
PR005683,C005683,True,False,English,Email,2025-11-03
PR005684,C005684,True,True,English,None,2025-05-13
PR005685,C005685,True,True,English,None,2024-05-05
PR005686,C005686,True,True,English,None,2024-05-10
PR005687,C005687,True,False,English,Email,2026-04-04
PR005688,C005688,True,True,English,SMS,2024-09-05
PR005689,C005689,True,False,English,Mobile App,2024-10-05
PR005690,C005690,True,True,English,None,2024-11-25
PR005691,C005691,False,True,Spanish,SMS,2025-11-26
PR005692,C005692,True,False,English,SMS,2023-02-15
PR005693,C005693,True,True,English,None,2026-05-21
PR005694,C005694,True,False,English,Email,2024-10-17
PR005695,C005695,True,False,English,Mobile App,2025-07-01
PR005696,C005696,True,True,English,SMS,2022-12-13
PR005697,C005697,True,True,English,Email,2025-08-22
PR005698,C005698,True,True,English,SMS,2026-06-09
PR005699,C005699,True,True,English,None,2025-09-19
PR005700,C005700,True,False,English,None,2022-09-17
PR005701,C005701,True,True,English,Mobile App,2025-12-05
PR005702,C005702,True,False,Spanish,Email,2025-11-07
PR005703,C005703,False,True,English,Email,2026-05-28
PR005704,C005704,False,True,Spanish,Mobile App,2023-12-30
PR005705,C005705,True,False,English,SMS,2023-04-21
PR005706,C005706,True,True,English,SMS,2023-12-12
PR005707,C005707,True,True,English,None,2025-04-03
PR005708,C005708,True,True,English,SMS,2025-11-17
PR005709,C005709,True,False,Spanish,None,2026-05-23
PR005710,C005710,True,True,English,None,2026-03-26
PR005711,C005711,True,False,English,Mobile App,2026-03-25
PR005712,C005712,True,True,Spanish,Email,2025-08-30
PR005713,C005713,True,True,Spanish,None,2025-10-08
PR005714,C005714,True,False,English,Email,2025-10-21
PR005715,C005715,True,True,English,SMS,2025-04-05
PR005716,C005716,False,False,English,Email,2026-03-26
PR005717,C005717,True,False,Spanish,Mobile App,2026-01-16
PR005718,C005718,True,False,English,SMS,2025-03-07
PR005719,C005719,True,False,English,SMS,2025-08-30
PR005720,C005720,True,True,Spanish,Mobile App,2026-03-04
PR005721,C005721,False,False,English,Mobile App,2023-11-19
PR005722,C005722,True,True,Spanish,None,2024-03-06
PR005723,C005723,True,True,English,None,2025-08-01
PR005724,C005724,False,True,English,Email,2025-10-09
PR005725,C005725,True,False,Spanish,Mobile App,2025-11-30
PR005726,C005726,True,True,English,SMS,2025-02-15
PR005727,C005727,True,True,English,Mobile App,2024-09-02
PR005728,C005728,False,True,English,Mobile App,2023-11-13
PR005729,C005729,True,False,English,SMS,2023-05-21
PR005730,C005730,True,True,Spanish,Mobile App,2022-08-05
PR005731,C005731,True,True,English,Email,2023-10-01
PR005732,C005732,True,True,English,Mobile App,2026-04-29
PR005733,C005733,True,True,English,Mobile App,2025-12-06
PR005734,C005734,True,True,Spanish,Mobile App,2026-05-04
PR005735,C005735,True,True,English,None,2026-04-10
PR005736,C005736,False,False,Spanish,Email,2025-10-17
PR005737,C005737,True,True,English,SMS,2026-06-24
PR005738,C005738,True,True,English,SMS,2023-03-07
PR005739,C005739,True,False,English,Email,2025-07-13
PR005740,C005740,True,True,English,Email,2026-06-12
PR005741,C005741,True,True,English,SMS,2025-04-18
PR005742,C005742,True,False,Spanish,Mobile App,2026-04-16
PR005743,C005743,True,True,Spanish,Mobile App,2026-05-29
PR005744,C005744,True,False,English,None,2025-10-26
PR005745,C005745,False,True,English,None,2025-09-21
PR005746,C005746,False,True,English,Email,2024-02-23
PR005747,C005747,True,True,English,SMS,2023-11-17
PR005748,C005748,True,True,English,Mobile App,2026-01-20
PR005749,C005749,True,False,English,Email,2025-09-27
PR005750,C005750,True,True,English,None,2025-12-14
PR005751,C005751,True,False,English,Mobile App,2025-02-26
PR005752,C005752,True,True,English,SMS,2024-05-19
PR005753,C005753,True,True,English,None,2026-04-08
PR005754,C005754,True,False,English,Mobile App,2022-04-17
PR005755,C005755,True,True,Spanish,SMS,2025-02-02
PR005756,C005756,True,False,Spanish,None,2024-10-18
PR005757,C005757,True,True,English,Email,2026-03-04
PR005758,C005758,False,True,English,Mobile App,2023-02-19
PR005759,C005759,True,False,English,Email,2025-04-09
PR005760,C005760,False,False,English,SMS,2026-05-04
PR005761,C005761,True,False,Spanish,Mobile App,2026-05-06
PR005762,C005762,False,False,English,None,2022-11-25
PR005763,C005763,True,True,Spanish,Mobile App,2024-11-25
PR005764,C005764,True,True,English,Mobile App,2025-10-03
PR005765,C005765,True,False,Spanish,Mobile App,2024-08-15
PR005766,C005766,False,False,English,Mobile App,2025-06-16
PR005767,C005767,True,False,English,SMS,2026-06-28
PR005768,C005768,False,False,English,Email,2025-05-14
PR005769,C005769,False,False,Spanish,Email,2025-03-30
PR005770,C005770,True,False,English,Mobile App,2025-11-08
PR005771,C005771,True,False,English,Email,2026-04-29
PR005772,C005772,True,True,Spanish,Email,2024-12-30
PR005773,C005773,False,True,English,SMS,2026-06-14
PR005774,C005774,False,True,English,Mobile App,2024-05-27
PR005775,C005775,True,True,English,Mobile App,2026-05-06
PR005776,C005776,False,True,English,Email,2026-03-18
PR005777,C005777,True,True,Spanish,Email,2022-04-27
PR005778,C005778,True,True,Spanish,Mobile App,2025-11-10
PR005779,C005779,False,False,English,Email,2025-01-16
PR005780,C005780,True,True,Spanish,SMS,2025-08-18
PR005781,C005781,True,True,English,SMS,2026-01-24
PR005782,C005782,True,False,English,SMS,2025-10-15
PR005783,C005783,True,True,English,SMS,2023-01-15
PR005784,C005784,True,False,English,None,2026-04-14
PR005785,C005785,True,True,English,SMS,2023-04-23
PR005786,C005786,False,True,Spanish,Email,2025-03-17
PR005787,C005787,True,True,Spanish,Mobile App,2024-06-22
PR005788,C005788,False,True,English,SMS,2026-06-02
PR005789,C005789,True,True,English,SMS,2026-07-06
PR005790,C005790,True,True,English,Mobile App,2023-04-17
PR005791,C005791,True,True,English,Mobile App,2023-08-23
PR005792,C005792,True,False,Spanish,Mobile App,2025-09-01
PR005793,C005793,True,True,English,Mobile App,2026-06-14
PR005794,C005794,False,True,Spanish,SMS,2025-09-13
PR005795,C005795,False,True,Spanish,None,2025-12-29
PR005796,C005796,False,True,English,Email,2026-05-12
PR005797,C005797,False,True,English,None,2026-07-03
PR005798,C005798,True,True,English,Email,2025-09-27
PR005799,C005799,False,True,English,Mobile App,2026-01-09
PR005800,C005800,True,False,Spanish,None,2025-08-09
PR005801,C005801,True,True,English,Mobile App,2023-05-31
PR005802,C005802,True,True,English,Email,2026-05-22
PR005803,C005803,True,True,English,None,2026-01-30
PR005804,C005804,False,True,Spanish,Email,2023-01-27
PR005805,C005805,False,True,Spanish,Email,2026-05-14
PR005806,C005806,False,False,English,SMS,2026-03-17
PR005807,C005807,False,False,English,Mobile App,2024-09-30
PR005808,C005808,False,True,English,None,2022-04-17
PR005809,C005809,False,False,English,Email,2025-10-25
PR005810,C005810,True,True,English,None,2026-01-23
PR005811,C005811,False,True,English,Email,2024-04-10
PR005812,C005812,True,True,English,Mobile App,2026-05-23
PR005813,C005813,False,False,Spanish,None,2026-01-05
PR005814,C005814,True,False,Spanish,Email,2026-05-18
PR005815,C005815,False,True,English,SMS,2026-06-26
PR005816,C005816,True,True,Spanish,Email,2022-01-08
PR005817,C005817,True,False,Spanish,Mobile App,2025-09-13
PR005818,C005818,True,False,English,Mobile App,2026-05-16
PR005819,C005819,False,False,English,None,2026-05-24
PR005820,C005820,True,True,English,SMS,2024-09-21
PR005821,C005821,False,True,Spanish,Mobile App,2026-02-21
PR005822,C005822,True,True,English,Mobile App,2023-09-30
PR005823,C005823,True,True,English,SMS,2025-08-12
PR005824,C005824,False,False,English,None,2024-02-23
PR005825,C005825,False,True,English,Mobile App,2024-12-14
PR005826,C005826,True,True,English,Mobile App,2026-02-27
PR005827,C005827,False,True,English,None,2026-06-09
PR005828,C005828,True,True,English,None,2024-02-10
PR005829,C005829,True,True,English,Mobile App,2026-01-22
PR005830,C005830,True,True,English,SMS,2024-01-29
PR005831,C005831,True,True,Spanish,Email,2025-12-06
PR005832,C005832,True,True,English,Email,2023-10-01
PR005833,C005833,True,True,English,None,2025-09-09
PR005834,C005834,True,True,English,SMS,2025-02-07
PR005835,C005835,True,False,Spanish,None,2025-03-28
PR005836,C005836,True,True,English,Mobile App,2024-01-02
PR005837,C005837,True,True,English,Email,2025-07-09
PR005838,C005838,True,False,Spanish,SMS,2026-05-31
PR005839,C005839,True,True,English,None,2026-01-17
PR005840,C005840,False,False,English,SMS,2023-10-02
PR005841,C005841,True,True,English,Email,2022-04-12
PR005842,C005842,True,False,English,Mobile App,2026-04-22
PR005843,C005843,True,True,English,SMS,2023-02-28
PR005844,C005844,True,True,English,Mobile App,2026-06-17
PR005845,C005845,False,False,English,Mobile App,2026-01-16
PR005846,C005846,True,False,Spanish,Mobile App,2023-02-01
PR005847,C005847,False,False,English,Email,2024-09-21
PR005848,C005848,True,True,Spanish,None,2024-03-04
PR005849,C005849,True,False,Spanish,None,2026-01-18
PR005850,C005850,True,True,Spanish,Email,2025-01-11
PR005851,C005851,True,False,English,None,2024-06-21
PR005852,C005852,False,True,English,Email,2021-08-14
PR005853,C005853,True,True,Spanish,SMS,2023-08-19
PR005854,C005854,True,True,English,SMS,2024-10-19
PR005855,C005855,True,False,English,Email,2026-06-14
PR005856,C005856,True,False,English,SMS,2026-02-01
PR005857,C005857,True,True,Spanish,None,2026-04-11
PR005858,C005858,True,True,English,Email,2025-09-21
PR005859,C005859,True,True,English,Mobile App,2026-04-23
PR005860,C005860,True,True,English,None,2025-01-01
PR005861,C005861,False,False,English,None,2025-08-08
PR005862,C005862,False,False,English,Email,2025-02-19
PR005863,C005863,True,True,Spanish,None,2025-10-15
PR005864,C005864,True,True,Spanish,SMS,2024-09-06
PR005865,C005865,True,True,English,Email,2026-05-18
PR005866,C005866,True,False,Spanish,Email,2024-03-08
PR005867,C005867,True,False,English,Email,2025-10-25
PR005868,C005868,True,True,English,Email,2023-04-18
PR005869,C005869,True,True,English,SMS,2024-12-09
PR005870,C005870,True,True,English,Email,2026-06-08
PR005871,C005871,True,True,English,None,2025-12-06
PR005872,C005872,True,False,English,None,2026-06-03
PR005873,C005873,True,True,English,Mobile App,2025-10-08
PR005874,C005874,True,False,English,Email,2026-05-13
PR005875,C005875,True,True,English,Email,2026-06-01
PR005876,C005876,True,False,Spanish,Mobile App,2024-07-14
PR005877,C005877,True,True,Spanish,SMS,2024-11-22
PR005878,C005878,True,False,Spanish,SMS,2026-06-24
PR005879,C005879,True,True,Spanish,Mobile App,2026-03-30
PR005880,C005880,True,True,English,Mobile App,2026-03-26
PR005881,C005881,True,False,English,Email,2025-09-19
PR005882,C005882,True,True,English,Email,2024-12-24
PR005883,C005883,True,True,Spanish,Email,2022-09-15
PR005884,C005884,True,True,English,SMS,2026-05-10
PR005885,C005885,True,False,English,Mobile App,2025-09-12
PR005886,C005886,False,False,English,None,2023-01-05
PR005887,C005887,False,False,English,None,2026-06-10
PR005888,C005888,True,True,Spanish,None,2025-09-01
PR005889,C005889,True,False,English,Email,2026-05-24
PR005890,C005890,True,True,Spanish,Email,2025-04-29
PR005891,C005891,True,False,Spanish,SMS,2025-01-08
PR005892,C005892,True,True,English,SMS,2026-05-04
PR005893,C005893,True,False,English,Mobile App,2025-12-14
PR005894,C005894,True,True,English,None,2023-01-28
PR005895,C005895,True,True,Spanish,None,2026-05-11
PR005896,C005896,True,True,English,None,2025-11-21
PR005897,C005897,True,True,English,Email,2025-12-12
PR005898,C005898,True,True,English,None,2024-03-17
PR005899,C005899,True,True,English,Email,2024-05-15
PR005900,C005900,True,True,Spanish,Mobile App,2025-01-08
PR005901,C005901,True,True,Spanish,Email,2026-02-23
PR005902,C005902,True,False,English,SMS,2024-10-01
PR005903,C005903,True,False,English,SMS,2025-12-28
PR005904,C005904,True,True,Spanish,Email,2025-11-03
PR005905,C005905,False,False,English,SMS,2025-08-25
PR005906,C005906,True,False,English,Mobile App,2023-11-02
PR005907,C005907,False,True,English,None,2026-06-12
PR005908,C005908,True,False,English,None,2024-12-13
PR005909,C005909,False,True,English,SMS,2024-01-06
PR005910,C005910,True,True,Spanish,None,2025-06-30
PR005911,C005911,False,True,Spanish,Email,2026-02-16
PR005912,C005912,True,True,English,Email,2026-05-13
PR005913,C005913,True,True,Spanish,None,2026-06-08
PR005914,C005914,True,False,English,Email,2026-04-30
PR005915,C005915,True,False,English,SMS,2024-04-02
PR005916,C005916,False,True,Spanish,None,2025-02-08
PR005917,C005917,True,False,English,SMS,2024-09-01
PR005918,C005918,False,False,English,SMS,2024-12-01
PR005919,C005919,True,False,Spanish,Email,2025-06-08
PR005920,C005920,False,True,English,None,2025-02-27
PR005921,C005921,True,False,Spanish,Mobile App,2025-04-20
PR005922,C005922,True,False,English,None,2024-09-15
PR005923,C005923,True,True,English,Mobile App,2023-01-14
PR005924,C005924,False,True,English,SMS,2026-06-08
PR005925,C005925,False,False,English,SMS,2024-11-07
PR005926,C005926,False,True,English,None,2022-07-20
PR005927,C005927,True,True,English,None,2026-06-07
PR005928,C005928,False,True,English,None,2024-03-21
PR005929,C005929,True,True,English,None,2023-09-23
PR005930,C005930,True,True,English,Email,2025-04-29
PR005931,C005931,False,True,English,SMS,2023-04-22
PR005932,C005932,False,True,English,SMS,2023-01-28
PR005933,C005933,True,False,English,Email,2025-10-24
PR005934,C005934,True,False,Spanish,Mobile App,2025-02-10
PR005935,C005935,True,True,English,Mobile App,2026-06-11
PR005936,C005936,True,True,English,Mobile App,2026-04-04
PR005937,C005937,True,False,English,None,2025-02-03
PR005938,C005938,True,True,English,None,2026-06-04
PR005939,C005939,True,False,Spanish,Email,2023-08-11
PR005940,C005940,False,True,English,None,2026-06-09
PR005941,C005941,False,True,Spanish,Mobile App,2024-10-05
PR005942,C005942,True,True,English,Mobile App,2022-09-21
PR005943,C005943,True,False,English,SMS,2025-09-14
PR005944,C005944,True,True,English,Mobile App,2024-07-17
PR005945,C005945,True,True,English,Mobile App,2022-04-05
PR005946,C005946,True,True,English,Email,2024-06-12
PR005947,C005947,True,True,English,None,2025-09-11
PR005948,C005948,True,True,English,None,2025-06-12
PR005949,C005949,True,True,English,None,2026-04-18
PR005950,C005950,False,True,English,Mobile App,2026-06-15
PR005951,C005951,True,True,Spanish,None,2024-06-06
PR005952,C005952,True,False,Spanish,SMS,2023-11-22
PR005953,C005953,True,False,Spanish,None,2026-06-23
PR005954,C005954,True,False,English,Mobile App,2026-05-09
PR005955,C005955,True,True,English,None,2026-02-12
PR005956,C005956,True,False,English,SMS,2023-05-13
PR005957,C005957,False,True,English,None,2026-01-22
PR005958,C005958,True,True,English,Mobile App,2022-05-11
PR005959,C005959,True,True,Spanish,Email,2026-03-22
PR005960,C005960,True,True,English,Mobile App,2026-03-30
PR005961,C005961,True,False,English,None,2024-01-25
PR005962,C005962,False,True,Spanish,Mobile App,2024-05-17
PR005963,C005963,True,True,English,None,2025-09-07
PR005964,C005964,True,False,English,SMS,2023-12-29
PR005965,C005965,False,True,English,None,2024-07-25
PR005966,C005966,True,False,Spanish,SMS,2026-07-03
PR005967,C005967,True,False,English,SMS,2024-09-22
PR005968,C005968,True,True,Spanish,Email,2025-03-03
PR005969,C005969,True,False,Spanish,Mobile App,2026-05-31
PR005970,C005970,True,True,English,SMS,2025-09-17
PR005971,C005971,False,True,English,None,2023-06-13
PR005972,C005972,False,True,English,None,2024-05-28
PR005973,C005973,True,False,English,SMS,2024-05-28
PR005974,C005974,True,True,English,SMS,2026-01-23
PR005975,C005975,True,True,English,Email,2026-03-02
PR005976,C005976,True,False,English,None,2026-04-26
PR005977,C005977,False,False,English,SMS,2026-05-19
PR005978,C005978,False,True,English,SMS,2026-01-23
PR005979,C005979,True,True,Spanish,Email,2026-03-04
PR005980,C005980,True,True,English,Email,2026-05-16
PR005981,C005981,True,True,English,Email,2026-06-10
PR005982,C005982,True,True,Spanish,SMS,2025-08-02
PR005983,C005983,True,True,English,Mobile App,2025-01-15
PR005984,C005984,True,True,English,Email,2025-03-09
PR005985,C005985,False,False,English,None,2026-06-14
PR005986,C005986,True,False,English,None,2023-06-25
PR005987,C005987,False,False,English,SMS,2024-09-17
PR005988,C005988,False,False,English,SMS,2023-12-26
PR005989,C005989,True,False,English,Mobile App,2025-07-19
PR005990,C005990,True,True,English,Email,2026-05-21
PR005991,C005991,False,True,Spanish,SMS,2026-03-28
PR005992,C005992,False,True,English,None,2022-09-26
PR005993,C005993,True,True,English,Email,2026-05-26
PR005994,C005994,False,True,English,Mobile App,2026-04-04
PR005995,C005995,True,True,English,None,2025-11-24
PR005996,C005996,True,True,English,Email,2026-04-24
PR005997,C005997,False,False,English,Email,2024-02-13
PR005998,C005998,True,True,English,Email,2025-12-24
PR005999,C005999,True,True,Spanish,Email,2026-02-20
PR006000,C006000,False,True,English,Mobile App,2022-02-12
PR006001,C006001,True,True,English,None,2025-06-03
PR006002,C006002,True,True,English,None,2026-03-08
PR006003,C006003,False,True,Spanish,Mobile App,2025-12-21
PR006004,C006004,False,True,English,None,2026-01-27
PR006005,C006005,True,True,English,None,2024-05-27
PR006006,C006006,False,True,English,Mobile App,2022-08-27
PR006007,C006007,True,True,English,Mobile App,2025-08-25
PR006008,C006008,False,True,English,None,2024-01-12
PR006009,C006009,False,True,Spanish,None,2025-09-14
PR006010,C006010,False,False,Spanish,None,2025-04-28
PR006011,C006011,True,True,Spanish,Mobile App,2025-05-19
PR006012,C006012,False,False,Spanish,SMS,2026-06-12
PR006013,C006013,True,True,English,None,2023-12-18
PR006014,C006014,False,True,English,None,2024-12-26
PR006015,C006015,True,True,Spanish,None,2024-01-24
PR006016,C006016,False,True,English,Email,2024-12-31
PR006017,C006017,False,True,Spanish,Email,2026-07-01
PR006018,C006018,False,False,English,Email,2026-01-06
PR006019,C006019,False,True,English,Email,2025-10-30
PR006020,C006020,True,True,English,None,2025-11-23
PR006021,C006021,True,True,English,SMS,2025-03-22
PR006022,C006022,True,True,English,SMS,2025-04-09
PR006023,C006023,False,True,English,SMS,2025-05-15
PR006024,C006024,True,True,English,Mobile App,2026-07-06
PR006025,C006025,True,False,Spanish,None,2025-03-15
PR006026,C006026,True,True,English,None,2023-07-27
PR006027,C006027,True,True,English,Mobile App,2026-06-26
PR006028,C006028,False,False,Spanish,None,2025-08-29
PR006029,C006029,True,True,English,Email,2024-12-07
PR006030,C006030,True,False,English,Mobile App,2026-06-01
PR006031,C006031,False,True,English,Email,2023-09-18
PR006032,C006032,True,True,English,SMS,2024-07-07
PR006033,C006033,False,False,English,Email,2025-02-11
PR006034,C006034,True,False,English,SMS,2025-11-01
PR006035,C006035,True,False,Spanish,SMS,2024-09-14
PR006036,C006036,True,False,English,SMS,2024-04-18
PR006037,C006037,False,True,English,SMS,2023-06-26
PR006038,C006038,True,False,English,SMS,2023-09-02
PR006039,C006039,False,False,English,None,2026-03-12
PR006040,C006040,False,False,English,Mobile App,2022-08-27
PR006041,C006041,True,False,English,None,2024-07-01
PR006042,C006042,False,True,English,None,2026-05-11
PR006043,C006043,True,True,Spanish,Email,2024-02-28
PR006044,C006044,True,True,English,Mobile App,2024-03-12
PR006045,C006045,False,False,English,SMS,2025-12-24
PR006046,C006046,False,True,English,Mobile App,2025-05-10
PR006047,C006047,True,True,Spanish,SMS,2026-04-26
PR006048,C006048,True,True,English,Mobile App,2025-07-30
PR006049,C006049,True,False,English,SMS,2025-06-23
PR006050,C006050,True,True,English,SMS,2026-04-23
PR006051,C006051,True,True,Spanish,None,2024-06-12
PR006052,C006052,True,False,Spanish,Mobile App,2025-03-10
PR006053,C006053,True,False,English,Email,2026-06-15
PR006054,C006054,True,True,English,Mobile App,2024-01-30
PR006055,C006055,True,False,Spanish,Mobile App,2022-05-04
PR006056,C006056,True,False,English,SMS,2026-06-14
PR006057,C006057,True,True,Spanish,Email,2024-12-03
PR006058,C006058,False,True,English,SMS,2024-10-27
PR006059,C006059,True,True,English,Email,2024-01-04
PR006060,C006060,True,True,English,None,2026-02-07
PR006061,C006061,True,True,English,Mobile App,2024-07-27
PR006062,C006062,True,True,English,Mobile App,2025-02-18
PR006063,C006063,True,True,Spanish,Email,2023-02-11
PR006064,C006064,False,False,English,Mobile App,2026-06-26
PR006065,C006065,True,True,English,Email,2026-06-11
PR006066,C006066,False,True,English,SMS,2022-11-20
PR006067,C006067,True,False,English,Mobile App,2026-02-12
PR006068,C006068,False,True,English,SMS,2026-05-30
PR006069,C006069,True,True,Spanish,Email,2026-04-14
PR006070,C006070,True,True,Spanish,Mobile App,2024-12-03
PR006071,C006071,True,False,English,None,2024-03-04
PR006072,C006072,False,True,English,None,2025-11-03
PR006073,C006073,True,True,English,Email,2026-02-12
PR006074,C006074,True,False,English,Email,2026-06-10
PR006075,C006075,True,True,English,Mobile App,2025-10-22
PR006076,C006076,False,True,English,Mobile App,2026-04-21
PR006077,C006077,False,True,Spanish,Mobile App,2023-12-17
PR006078,C006078,True,False,English,Mobile App,2025-05-11
PR006079,C006079,False,True,English,Mobile App,2026-03-12
PR006080,C006080,False,True,English,Mobile App,2025-07-22
PR006081,C006081,True,True,English,SMS,2025-08-11
PR006082,C006082,True,True,English,Mobile App,2023-10-09
PR006083,C006083,False,True,Spanish,None,2026-07-03
PR006084,C006084,True,True,Spanish,Email,2024-08-29
PR006085,C006085,True,True,Spanish,None,2025-10-06
PR006086,C006086,True,True,Spanish,None,2026-04-18
PR006087,C006087,True,False,English,SMS,2025-03-11
PR006088,C006088,True,True,English,None,2026-07-03
PR006089,C006089,True,True,Spanish,None,2025-10-01
PR006090,C006090,True,True,English,Mobile App,2024-12-03
PR006091,C006091,False,True,English,None,2024-04-27
PR006092,C006092,True,True,English,None,2025-07-14
PR006093,C006093,True,True,English,SMS,2026-03-19
PR006094,C006094,True,False,English,Email,2025-01-20
PR006095,C006095,False,True,English,None,2025-10-21
PR006096,C006096,False,True,Spanish,Mobile App,2024-11-05
PR006097,C006097,True,False,English,SMS,2026-04-16
PR006098,C006098,True,True,English,None,2025-03-12
PR006099,C006099,True,True,English,None,2025-02-16
PR006100,C006100,False,True,English,Email,2026-01-29
PR006101,C006101,True,True,English,Mobile App,2026-02-25
PR006102,C006102,True,False,English,Email,2025-12-05
PR006103,C006103,True,False,English,Email,2024-06-20
PR006104,C006104,True,False,English,None,2021-12-26
PR006105,C006105,True,True,English,Mobile App,2023-08-30
PR006106,C006106,True,False,Spanish,Email,2025-04-03
PR006107,C006107,True,True,English,Email,2026-01-23
PR006108,C006108,True,True,English,SMS,2025-04-02
PR006109,C006109,True,True,Spanish,Mobile App,2026-04-26
PR006110,C006110,True,True,Spanish,Mobile App,2023-01-19
PR006111,C006111,True,True,English,SMS,2024-05-15
PR006112,C006112,True,True,English,Email,2025-10-09
PR006113,C006113,True,True,English,Email,2026-06-10
PR006114,C006114,False,False,English,Email,2026-05-01
PR006115,C006115,True,True,English,SMS,2024-06-25
PR006116,C006116,False,True,English,Email,2026-01-16
PR006117,C006117,True,False,English,None,2022-05-26
PR006118,C006118,True,False,Spanish,SMS,2026-02-08
PR006119,C006119,False,True,Spanish,SMS,2026-06-01
PR006120,C006120,False,True,English,None,2025-12-04
PR006121,C006121,False,True,English,Email,2026-03-18
PR006122,C006122,True,True,English,SMS,2025-09-30
PR006123,C006123,False,True,Spanish,Mobile App,2024-11-07
PR006124,C006124,False,True,English,Email,2026-05-16
PR006125,C006125,True,True,English,None,2026-06-08
PR006126,C006126,False,True,English,Email,2025-09-26
PR006127,C006127,False,False,English,Mobile App,2024-02-25
PR006128,C006128,True,False,English,None,2025-07-13
PR006129,C006129,False,True,English,SMS,2026-06-22
PR006130,C006130,True,True,Spanish,SMS,2025-10-15
PR006131,C006131,True,True,English,Email,2024-02-06
PR006132,C006132,True,True,English,Email,2023-04-25
PR006133,C006133,True,False,Spanish,Email,2024-10-23
PR006134,C006134,False,False,English,None,2026-06-14
PR006135,C006135,True,False,English,Mobile App,2024-11-28
PR006136,C006136,True,True,English,SMS,2025-04-24
PR006137,C006137,True,False,English,Mobile App,2025-07-01
PR006138,C006138,True,False,English,Mobile App,2025-06-02
PR006139,C006139,True,False,English,SMS,2025-07-24
PR006140,C006140,False,True,Spanish,None,2025-01-21
PR006141,C006141,True,False,Spanish,SMS,2024-10-11
PR006142,C006142,True,True,English,Mobile App,2024-12-23
PR006143,C006143,True,True,Spanish,SMS,2026-04-09
PR006144,C006144,False,True,English,SMS,2023-07-01
PR006145,C006145,True,True,English,None,2025-03-22
PR006146,C006146,True,True,English,SMS,2026-04-04
PR006147,C006147,True,False,English,None,2025-02-27
PR006148,C006148,False,True,Spanish,Mobile App,2023-03-25
PR006149,C006149,False,False,Spanish,None,2026-06-24
PR006150,C006150,True,True,English,Mobile App,2022-12-01
PR006151,C006151,True,False,English,Email,2025-07-25
PR006152,C006152,True,True,English,SMS,2022-08-03
PR006153,C006153,True,True,English,SMS,2022-12-06
PR006154,C006154,True,True,English,Mobile App,2026-03-16
PR006155,C006155,True,True,English,Mobile App,2025-03-24
PR006156,C006156,True,False,English,Mobile App,2026-06-09
PR006157,C006157,True,False,English,Mobile App,2025-04-08
PR006158,C006158,True,True,English,Email,2024-03-10
PR006159,C006159,False,False,English,None,2025-03-05
PR006160,C006160,True,True,English,Email,2026-07-07
PR006161,C006161,True,True,English,Mobile App,2024-07-01
PR006162,C006162,True,True,English,None,2026-05-26
PR006163,C006163,True,True,English,Mobile App,2024-02-16
PR006164,C006164,True,True,Spanish,Mobile App,2025-12-20
PR006165,C006165,True,False,English,Email,2025-04-28
PR006166,C006166,True,False,English,Email,2026-04-13
PR006167,C006167,True,True,English,Mobile App,2023-11-30
PR006168,C006168,True,True,Spanish,None,2023-09-25
PR006169,C006169,False,True,English,None,2024-06-23
PR006170,C006170,True,False,English,Email,2026-06-29
PR006171,C006171,True,False,English,Email,2025-06-17
PR006172,C006172,False,False,Spanish,Mobile App,2025-12-02
PR006173,C006173,True,True,English,SMS,2023-10-04
PR006174,C006174,False,True,English,Email,2026-07-02
PR006175,C006175,True,True,English,Email,2026-07-01
PR006176,C006176,True,False,English,Mobile App,2025-09-28
PR006177,C006177,True,True,English,Mobile App,2024-04-23
PR006178,C006178,False,True,Spanish,Email,2023-06-05
PR006179,C006179,True,False,Spanish,SMS,2024-09-13
PR006180,C006180,True,True,English,Email,2026-06-28
PR006181,C006181,False,False,Spanish,Email,2026-02-02
PR006182,C006182,False,True,Spanish,SMS,2024-12-21
PR006183,C006183,True,False,English,None,2024-10-14
PR006184,C006184,False,True,English,None,2026-04-20
PR006185,C006185,False,True,English,Email,2024-11-12
PR006186,C006186,True,True,English,None,2025-08-13
PR006187,C006187,False,True,English,None,2025-10-01
PR006188,C006188,True,False,English,SMS,2024-04-25
PR006189,C006189,False,False,English,None,2025-05-02
PR006190,C006190,True,False,Spanish,Mobile App,2026-06-05
PR006191,C006191,True,True,English,SMS,2026-06-29
PR006192,C006192,True,True,English,Email,2025-10-21
PR006193,C006193,False,True,English,None,2025-01-26
PR006194,C006194,True,True,English,Email,2026-05-03
PR006195,C006195,True,True,English,Mobile App,2026-06-17
PR006196,C006196,True,True,English,Mobile App,2023-11-23
PR006197,C006197,False,True,Spanish,None,2023-10-02
PR006198,C006198,False,True,Spanish,Email,2023-10-13
PR006199,C006199,False,True,English,None,2026-06-29
PR006200,C006200,True,True,English,Email,2025-12-30
PR006201,C006201,False,False,English,None,2025-01-26
PR006202,C006202,False,True,English,None,2026-07-07
PR006203,C006203,False,True,English,None,2025-09-06
PR006204,C006204,True,False,English,Email,2023-10-30
PR006205,C006205,False,True,English,Email,2026-04-03
PR006206,C006206,False,False,Spanish,Email,2026-05-28
PR006207,C006207,False,True,English,Mobile App,2024-09-08
PR006208,C006208,True,True,English,None,2024-07-23
PR006209,C006209,True,True,English,SMS,2025-11-30
PR006210,C006210,True,False,English,None,2025-02-17
PR006211,C006211,True,False,English,Mobile App,2026-04-23
PR006212,C006212,True,False,English,SMS,2022-07-24
PR006213,C006213,True,False,Spanish,SMS,2026-01-07
PR006214,C006214,True,True,English,Email,2025-09-25
PR006215,C006215,True,False,English,Email,2022-10-24
PR006216,C006216,False,False,Spanish,None,2026-07-05
PR006217,C006217,True,False,English,SMS,2024-08-09
PR006218,C006218,True,False,Spanish,Email,2026-02-08
PR006219,C006219,False,False,Spanish,None,2026-02-19
PR006220,C006220,True,False,English,SMS,2025-12-18
PR006221,C006221,True,False,English,Mobile App,2025-05-30
PR006222,C006222,True,True,English,None,2026-04-23
PR006223,C006223,True,True,English,None,2026-01-31
PR006224,C006224,False,True,English,None,2026-03-21
PR006225,C006225,True,False,English,Mobile App,2026-06-19
PR006226,C006226,True,False,Spanish,Mobile App,2025-04-04
PR006227,C006227,False,False,English,SMS,2025-06-05
PR006228,C006228,False,False,Spanish,None,2024-02-19
PR006229,C006229,True,True,English,Email,2024-10-25
PR006230,C006230,False,True,English,Email,2023-11-10
PR006231,C006231,True,True,Spanish,Email,2022-02-08
PR006232,C006232,True,False,English,Email,2025-01-04
PR006233,C006233,False,False,English,SMS,2025-10-07
PR006234,C006234,True,True,English,None,2025-03-13
PR006235,C006235,True,False,Spanish,SMS,2025-11-19
PR006236,C006236,False,False,English,SMS,2022-07-25
PR006237,C006237,True,True,Spanish,None,2026-06-08
PR006238,C006238,False,False,Spanish,SMS,2026-04-21
PR006239,C006239,False,False,English,Mobile App,2025-11-25
PR006240,C006240,True,False,Spanish,None,2022-06-26
PR006241,C006241,False,False,Spanish,None,2026-02-26
PR006242,C006242,True,True,Spanish,SMS,2026-01-27
PR006243,C006243,False,False,English,Email,2025-09-09
PR006244,C006244,True,False,Spanish,Mobile App,2024-12-17
PR006245,C006245,True,False,Spanish,Email,2024-10-22
PR006246,C006246,True,True,English,SMS,2025-12-09
PR006247,C006247,False,False,English,None,2024-10-20
PR006248,C006248,True,True,Spanish,None,2026-05-05
PR006249,C006249,True,True,English,Mobile App,2026-03-06
PR006250,C006250,True,True,English,Email,2024-12-16
PR006251,C006251,True,True,English,Email,2025-06-10
PR006252,C006252,False,False,English,SMS,2026-03-03
PR006253,C006253,True,True,English,SMS,2025-08-26
PR006254,C006254,False,True,English,Email,2025-07-17
PR006255,C006255,False,True,English,Mobile App,2025-11-08
PR006256,C006256,True,False,English,None,2026-03-06
PR006257,C006257,False,False,Spanish,SMS,2025-01-28
PR006258,C006258,False,True,English,Mobile App,2025-10-09
PR006259,C006259,True,False,Spanish,Mobile App,2025-12-12
PR006260,C006260,True,False,English,Mobile App,2025-09-24
PR006261,C006261,True,True,English,Email,2024-10-16
PR006262,C006262,False,True,Spanish,SMS,2024-09-04
PR006263,C006263,False,False,English,SMS,2025-07-26
PR006264,C006264,True,True,English,None,2025-11-23
PR006265,C006265,True,True,English,SMS,2026-03-10
PR006266,C006266,False,True,English,SMS,2023-06-09
PR006267,C006267,True,False,Spanish,SMS,2026-05-30
PR006268,C006268,True,True,Spanish,Email,2025-07-10
PR006269,C006269,True,True,English,Email,2025-08-15
PR006270,C006270,False,True,English,Mobile App,2026-06-06
PR006271,C006271,True,False,Spanish,Email,2024-05-13
PR006272,C006272,False,True,English,None,2026-05-20
PR006273,C006273,True,False,English,Email,2023-10-26
PR006274,C006274,False,False,English,Email,2026-06-11
PR006275,C006275,False,False,English,Mobile App,2022-06-13
PR006276,C006276,True,True,English,SMS,2022-12-31
PR006277,C006277,True,True,Spanish,None,2026-06-13
PR006278,C006278,True,True,English,SMS,2025-03-07
PR006279,C006279,True,True,English,SMS,2024-07-10
PR006280,C006280,True,True,English,SMS,2022-12-07
PR006281,C006281,True,True,English,Mobile App,2024-08-15
PR006282,C006282,True,True,Spanish,SMS,2025-09-11
PR006283,C006283,True,False,Spanish,None,2025-09-19
PR006284,C006284,True,True,Spanish,Email,2025-12-08
PR006285,C006285,True,True,English,None,2025-11-24
PR006286,C006286,True,True,Spanish,SMS,2026-06-13
PR006287,C006287,True,False,English,None,2022-07-22
PR006288,C006288,True,False,English,SMS,2025-03-05
PR006289,C006289,True,False,English,Email,2025-07-27
PR006290,C006290,True,True,English,SMS,2024-03-24
PR006291,C006291,True,False,English,None,2025-09-07
PR006292,C006292,True,True,English,None,2025-06-20
PR006293,C006293,True,True,Spanish,None,2024-06-13
PR006294,C006294,True,True,English,Mobile App,2025-11-26
PR006295,C006295,False,False,English,None,2026-07-03
PR006296,C006296,True,True,English,SMS,2026-04-22
PR006297,C006297,True,True,English,Mobile App,2025-11-03
PR006298,C006298,False,True,English,SMS,2025-01-24
PR006299,C006299,True,True,Spanish,Mobile App,2025-05-16
PR006300,C006300,True,True,English,Email,2026-06-10
PR006301,C006301,True,True,English,Mobile App,2023-12-17
PR006302,C006302,True,True,English,Email,2026-01-14
PR006303,C006303,True,True,English,None,2025-12-11
PR006304,C006304,True,True,Spanish,Email,2026-05-27
PR006305,C006305,True,False,English,Mobile App,2023-01-13
PR006306,C006306,True,False,English,Mobile App,2023-02-23
PR006307,C006307,False,True,Spanish,None,2025-09-10
PR006308,C006308,True,True,Spanish,Email,2025-12-31
PR006309,C006309,True,True,English,Mobile App,2025-04-10
PR006310,C006310,False,True,English,Email,2026-01-22
PR006311,C006311,True,True,Spanish,None,2026-05-02
PR006312,C006312,True,True,Spanish,Email,2026-06-16
PR006313,C006313,False,True,English,SMS,2025-12-17
PR006314,C006314,False,False,English,Email,2025-11-28
PR006315,C006315,True,False,English,None,2026-04-03
PR006316,C006316,False,True,English,Email,2023-05-17
PR006317,C006317,False,True,English,None,2022-09-06
PR006318,C006318,True,False,Spanish,Mobile App,2025-10-08
PR006319,C006319,True,True,English,Email,2026-01-14
PR006320,C006320,False,True,Spanish,Email,2024-05-09
PR006321,C006321,False,False,English,None,2025-10-12
PR006322,C006322,True,False,Spanish,Mobile App,2026-04-11
PR006323,C006323,True,True,English,Mobile App,2021-11-17
PR006324,C006324,True,True,English,SMS,2025-07-09
PR006325,C006325,False,True,English,SMS,2025-07-29
PR006326,C006326,True,True,English,Email,2026-06-28
PR006327,C006327,False,True,English,None,2026-06-14
PR006328,C006328,True,True,Spanish,SMS,2024-09-01
PR006329,C006329,True,True,Spanish,Email,2025-05-24
PR006330,C006330,True,False,English,SMS,2024-11-24
PR006331,C006331,True,True,English,SMS,2025-08-08
PR006332,C006332,True,True,English,Mobile App,2024-12-31
PR006333,C006333,True,True,English,None,2023-12-17
PR006334,C006334,True,True,Spanish,None,2025-10-29
PR006335,C006335,True,True,Spanish,Email,2026-07-07
PR006336,C006336,False,True,English,Email,2025-03-21
PR006337,C006337,True,True,English,SMS,2025-04-25
PR006338,C006338,False,True,Spanish,SMS,2025-01-07
PR006339,C006339,True,True,English,Email,2026-06-11
PR006340,C006340,False,True,Spanish,SMS,2023-03-26
PR006341,C006341,True,False,English,Email,2025-11-07
PR006342,C006342,True,False,English,None,2022-07-11
PR006343,C006343,False,True,Spanish,Email,2025-07-07
PR006344,C006344,True,True,English,Email,2023-09-24
PR006345,C006345,True,False,English,SMS,2024-01-20
PR006346,C006346,True,True,Spanish,SMS,2023-07-26
PR006347,C006347,False,True,English,SMS,2026-05-20
PR006348,C006348,True,True,English,SMS,2025-10-19
PR006349,C006349,True,True,English,Mobile App,2026-03-12
PR006350,C006350,True,False,English,Mobile App,2025-06-02
PR006351,C006351,True,True,English,Email,2024-06-11
PR006352,C006352,True,True,English,Mobile App,2026-03-06
PR006353,C006353,True,False,English,SMS,2026-07-03
PR006354,C006354,True,False,English,SMS,2024-09-10
PR006355,C006355,True,False,English,Email,2025-06-16
PR006356,C006356,True,True,Spanish,None,2022-05-21
PR006357,C006357,True,False,English,None,2024-12-28
PR006358,C006358,True,True,English,Mobile App,2025-02-05
PR006359,C006359,False,True,Spanish,None,2022-07-16
PR006360,C006360,False,True,Spanish,SMS,2026-02-25
PR006361,C006361,True,False,English,None,2025-02-07
PR006362,C006362,True,True,English,None,2024-06-12
PR006363,C006363,True,True,English,SMS,2025-11-28
PR006364,C006364,True,True,Spanish,None,2025-11-25
PR006365,C006365,True,False,English,Email,2026-03-11
PR006366,C006366,True,False,English,Email,2024-07-14
PR006367,C006367,True,True,English,Mobile App,2025-05-20
PR006368,C006368,True,False,English,Email,2025-03-27
PR006369,C006369,True,False,English,Email,2024-04-02
PR006370,C006370,True,False,English,None,2026-03-17
PR006371,C006371,True,False,English,Email,2026-03-19
PR006372,C006372,True,True,English,Email,2025-05-22
PR006373,C006373,True,False,English,None,2024-06-17
PR006374,C006374,True,True,English,None,2024-04-06
PR006375,C006375,True,True,English,None,2022-10-22
PR006376,C006376,True,True,Spanish,Mobile App,2025-06-05
PR006377,C006377,True,True,English,None,2026-06-09
PR006378,C006378,True,True,English,None,2026-07-01
PR006379,C006379,True,True,English,Email,2025-09-09
PR006380,C006380,False,True,English,SMS,2023-01-17
PR006381,C006381,True,False,English,Email,2024-04-21
PR006382,C006382,True,False,Spanish,SMS,2024-01-16
PR006383,C006383,True,False,Spanish,SMS,2025-07-19
PR006384,C006384,False,True,Spanish,None,2025-08-25
PR006385,C006385,True,True,English,Mobile App,2023-08-14
PR006386,C006386,True,True,Spanish,None,2024-01-05
PR006387,C006387,True,True,English,Email,2026-04-21
PR006388,C006388,True,False,English,Email,2025-11-18
PR006389,C006389,True,False,Spanish,SMS,2026-02-17
PR006390,C006390,False,True,English,None,2025-10-28
PR006391,C006391,True,False,Spanish,SMS,2025-12-20
PR006392,C006392,True,True,Spanish,SMS,2026-06-19
PR006393,C006393,True,True,English,Email,2025-07-17
PR006394,C006394,True,False,English,SMS,2026-07-07
PR006395,C006395,True,False,English,None,2026-04-25
PR006396,C006396,True,True,English,SMS,2026-01-21
PR006397,C006397,True,False,English,None,2026-05-24
PR006398,C006398,True,False,English,Email,2023-03-01
PR006399,C006399,True,True,English,Mobile App,2022-10-13
PR006400,C006400,True,True,English,Mobile App,2025-10-22
PR006401,C006401,True,True,Spanish,Email,2025-08-27
PR006402,C006402,True,True,English,Email,2024-10-26
PR006403,C006403,True,False,English,None,2025-05-02
PR006404,C006404,True,True,English,None,2022-05-11
PR006405,C006405,True,False,Spanish,Mobile App,2024-05-05
PR006406,C006406,False,True,Spanish,SMS,2025-11-14
PR006407,C006407,True,True,English,Mobile App,2024-05-04
PR006408,C006408,True,True,English,SMS,2026-05-30
PR006409,C006409,True,True,English,Mobile App,2026-01-22
PR006410,C006410,True,True,English,Email,2026-03-20
PR006411,C006411,True,True,English,None,2023-12-29
PR006412,C006412,False,False,Spanish,None,2024-12-07
PR006413,C006413,True,True,Spanish,None,2026-06-18
PR006414,C006414,True,True,English,SMS,2023-04-25
PR006415,C006415,False,True,English,Email,2026-05-31
PR006416,C006416,True,True,Spanish,Mobile App,2024-12-25
PR006417,C006417,True,False,Spanish,SMS,2025-04-23
PR006418,C006418,True,False,English,None,2026-06-17
PR006419,C006419,True,True,English,None,2023-12-09
PR006420,C006420,True,False,Spanish,SMS,2026-06-28
PR006421,C006421,True,True,English,Email,2023-05-24
PR006422,C006422,False,False,English,Mobile App,2025-01-20
PR006423,C006423,False,True,English,SMS,2026-04-28
PR006424,C006424,True,True,Spanish,SMS,2025-12-10
PR006425,C006425,False,True,English,Email,2026-02-06
PR006426,C006426,True,False,English,Email,2024-12-25
PR006427,C006427,False,True,English,None,2026-05-31
PR006428,C006428,True,True,English,Email,2026-06-10
PR006429,C006429,True,False,English,None,2025-12-24
PR006430,C006430,True,True,English,SMS,2025-09-21
PR006431,C006431,True,True,English,Email,2026-04-09
PR006432,C006432,True,True,English,SMS,2025-11-08
PR006433,C006433,True,True,English,None,2026-03-26
PR006434,C006434,True,True,English,SMS,2025-02-22
PR006435,C006435,True,True,English,SMS,2025-12-11
PR006436,C006436,True,False,English,None,2026-02-15
PR006437,C006437,True,True,English,None,2026-06-30
PR006438,C006438,True,True,English,Email,2023-06-29
PR006439,C006439,True,True,English,Mobile App,2025-03-01
PR006440,C006440,True,False,English,SMS,2026-02-19
PR006441,C006441,True,True,English,None,2026-07-01
PR006442,C006442,True,True,English,Mobile App,2025-03-25
PR006443,C006443,True,True,English,SMS,2026-04-18
PR006444,C006444,True,True,English,None,2026-03-27
PR006445,C006445,True,False,English,SMS,2025-11-19
PR006446,C006446,True,True,English,Email,2026-01-16
PR006447,C006447,True,True,Spanish,Mobile App,2023-09-18
PR006448,C006448,True,True,Spanish,Mobile App,2026-05-02
PR006449,C006449,False,True,Spanish,Mobile App,2026-05-23
PR006450,C006450,True,False,English,SMS,2022-04-16
PR006451,C006451,True,True,Spanish,SMS,2026-01-16
PR006452,C006452,True,True,English,Mobile App,2025-03-26
PR006453,C006453,True,True,English,Email,2026-04-25
PR006454,C006454,True,True,English,None,2025-10-30
PR006455,C006455,False,True,English,Mobile App,2023-12-07
PR006456,C006456,True,True,English,SMS,2025-03-09
PR006457,C006457,True,False,Spanish,None,2023-12-25
PR006458,C006458,True,True,English,Mobile App,2026-04-11
PR006459,C006459,True,True,English,Mobile App,2024-08-31
PR006460,C006460,True,False,English,SMS,2026-04-21
PR006461,C006461,True,True,English,None,2024-02-19
PR006462,C006462,True,False,English,Mobile App,2025-01-18
PR006463,C006463,False,True,Spanish,Mobile App,2026-06-10
PR006464,C006464,True,True,Spanish,Email,2024-03-05
PR006465,C006465,True,False,English,None,2023-07-06
PR006466,C006466,True,False,English,Email,2026-05-23
PR006467,C006467,True,False,English,Email,2026-06-15
PR006468,C006468,False,True,English,Mobile App,2023-02-07
PR006469,C006469,False,False,Spanish,Email,2025-09-02
PR006470,C006470,True,True,English,Mobile App,2024-09-11
PR006471,C006471,False,True,English,SMS,2025-03-31
PR006472,C006472,True,True,Spanish,None,2024-04-24
PR006473,C006473,True,False,English,Email,2024-08-24
PR006474,C006474,True,False,English,None,2026-04-25
PR006475,C006475,True,True,English,None,2026-03-09
PR006476,C006476,True,True,Spanish,None,2025-07-26
PR006477,C006477,True,False,Spanish,Email,2025-12-02
PR006478,C006478,True,False,Spanish,Mobile App,2024-01-15
PR006479,C006479,True,True,Spanish,Mobile App,2025-07-20
PR006480,C006480,True,True,English,SMS,2022-11-08
PR006481,C006481,True,False,English,Mobile App,2024-04-12
PR006482,C006482,False,False,English,None,2025-12-11
PR006483,C006483,True,True,English,None,2026-07-06
PR006484,C006484,True,True,English,SMS,2024-09-08
PR006485,C006485,False,False,English,Email,2025-03-05
PR006486,C006486,True,True,English,Email,2023-02-18
PR006487,C006487,False,False,Spanish,Mobile App,2026-06-28
PR006488,C006488,True,True,English,SMS,2026-02-11
PR006489,C006489,False,True,Spanish,SMS,2024-05-14
PR006490,C006490,True,True,Spanish,Email,2026-04-04
PR006491,C006491,True,False,English,Email,2024-02-25
PR006492,C006492,True,False,English,Email,2025-10-30
PR006493,C006493,True,False,English,SMS,2026-05-26
PR006494,C006494,True,False,Spanish,None,2026-05-06
PR006495,C006495,False,False,English,Mobile App,2023-08-05
PR006496,C006496,True,False,English,None,2026-06-14
PR006497,C006497,True,True,English,Email,2026-05-05
PR006498,C006498,False,True,English,SMS,2022-10-22
PR006499,C006499,True,True,English,SMS,2025-12-03
PR006500,C006500,True,True,English,Mobile App,2022-06-22
PR006501,C006501,True,False,Spanish,Mobile App,2024-10-17
PR006502,C006502,True,False,English,Email,2026-04-01
PR006503,C006503,False,True,Spanish,Email,2025-11-11
PR006504,C006504,True,True,English,Email,2025-02-23
PR006505,C006505,True,False,English,Email,2025-02-26
PR006506,C006506,True,True,Spanish,Mobile App,2024-10-04
PR006507,C006507,False,True,Spanish,Email,2026-05-18
PR006508,C006508,True,True,English,None,2026-05-05
PR006509,C006509,True,True,English,SMS,2026-04-16
PR006510,C006510,True,True,English,SMS,2022-10-11
PR006511,C006511,True,True,English,Mobile App,2025-12-30
PR006512,C006512,False,True,English,None,2026-03-16
PR006513,C006513,True,True,English,SMS,2023-03-18
PR006514,C006514,True,False,Spanish,Email,2021-12-19
PR006515,C006515,True,False,English,SMS,2023-06-25
PR006516,C006516,False,True,English,Mobile App,2025-11-14
PR006517,C006517,True,True,English,Mobile App,2024-06-19
PR006518,C006518,False,False,English,None,2026-05-08
PR006519,C006519,True,True,English,None,2024-10-16
PR006520,C006520,True,True,English,Email,2023-05-10
PR006521,C006521,True,False,English,Email,2026-05-23
PR006522,C006522,True,True,English,Email,2023-03-13
PR006523,C006523,True,True,English,SMS,2024-06-07
PR006524,C006524,True,False,English,Email,2026-02-13
PR006525,C006525,False,True,English,Email,2025-10-13
PR006526,C006526,True,True,English,None,2026-05-25
PR006527,C006527,True,True,English,Email,2025-07-22
PR006528,C006528,True,False,English,SMS,2026-02-12
PR006529,C006529,True,True,English,None,2026-01-10
PR006530,C006530,True,False,English,SMS,2026-03-16
PR006531,C006531,False,False,Spanish,Email,2025-11-02
PR006532,C006532,True,True,English,Mobile App,2026-07-05
PR006533,C006533,True,True,Spanish,SMS,2025-12-17
PR006534,C006534,True,True,Spanish,Email,2023-05-08
PR006535,C006535,True,True,English,Email,2026-02-13
PR006536,C006536,False,False,English,None,2026-03-21
PR006537,C006537,True,True,English,Email,2026-01-25
PR006538,C006538,False,True,Spanish,None,2023-04-01
PR006539,C006539,False,False,English,Email,2023-01-08
PR006540,C006540,True,True,Spanish,Mobile App,2026-05-17
PR006541,C006541,True,False,English,Email,2024-07-23
PR006542,C006542,True,True,English,None,2024-08-16
PR006543,C006543,True,True,English,SMS,2023-12-15
PR006544,C006544,False,True,English,SMS,2023-03-04
PR006545,C006545,True,False,English,Mobile App,2026-03-01
PR006546,C006546,True,False,English,SMS,2024-07-26
PR006547,C006547,True,True,Spanish,None,2026-04-29
PR006548,C006548,True,True,English,Email,2026-06-16
PR006549,C006549,True,True,English,Email,2024-11-22
PR006550,C006550,False,True,English,Email,2026-04-03
PR006551,C006551,True,True,English,SMS,2023-07-03
PR006552,C006552,False,True,Spanish,Mobile App,2026-06-14
PR006553,C006553,True,True,English,Mobile App,2026-01-26
PR006554,C006554,False,False,Spanish,SMS,2025-08-01
PR006555,C006555,True,True,Spanish,Email,2025-05-19
PR006556,C006556,True,True,English,Email,2026-06-04
PR006557,C006557,True,True,English,Mobile App,2022-03-18
PR006558,C006558,False,True,English,None,2026-06-17
PR006559,C006559,True,True,English,Email,2026-05-14
PR006560,C006560,False,True,Spanish,SMS,2024-07-31
PR006561,C006561,True,True,English,Email,2026-05-27
PR006562,C006562,True,True,English,None,2026-02-18
PR006563,C006563,False,False,English,None,2024-11-15
PR006564,C006564,True,True,English,Email,2024-09-06
PR006565,C006565,False,False,English,Mobile App,2023-08-19
PR006566,C006566,False,False,English,Email,2024-10-15
PR006567,C006567,False,False,English,None,2025-09-23
PR006568,C006568,False,False,English,SMS,2026-06-11
PR006569,C006569,True,True,English,None,2022-11-09
PR006570,C006570,True,True,English,Email,2026-07-06
PR006571,C006571,False,True,Spanish,Mobile App,2025-10-07
PR006572,C006572,True,True,English,SMS,2025-10-11
PR006573,C006573,True,True,English,Email,2024-09-15
PR006574,C006574,True,False,English,None,2026-02-11
PR006575,C006575,True,True,Spanish,SMS,2025-10-07
PR006576,C006576,True,True,English,None,2023-09-06
PR006577,C006577,True,True,Spanish,SMS,2024-05-11
PR006578,C006578,True,False,English,Email,2026-07-06
PR006579,C006579,True,True,English,None,2026-04-27
PR006580,C006580,False,True,English,Email,2025-05-10
PR006581,C006581,True,True,English,SMS,2025-08-08
PR006582,C006582,False,False,English,SMS,2023-04-04
PR006583,C006583,True,False,English,Email,2026-02-12
PR006584,C006584,True,False,Spanish,None,2026-03-15
PR006585,C006585,True,True,Spanish,None,2021-12-18
PR006586,C006586,False,True,English,Mobile App,2024-12-24
PR006587,C006587,True,False,Spanish,SMS,2025-12-13
PR006588,C006588,True,True,English,None,2025-08-12
PR006589,C006589,True,True,English,None,2025-03-12
PR006590,C006590,True,True,English,None,2025-05-31
PR006591,C006591,False,False,English,Mobile App,2023-08-21
PR006592,C006592,True,True,Spanish,Email,2025-12-01
PR006593,C006593,True,True,English,None,2025-11-20
PR006594,C006594,True,False,English,Email,2025-06-18
PR006595,C006595,True,False,Spanish,SMS,2022-11-21
PR006596,C006596,False,True,Spanish,SMS,2025-01-18
PR006597,C006597,True,True,English,None,2026-04-04
PR006598,C006598,True,True,Spanish,Email,2025-08-10
PR006599,C006599,True,True,Spanish,None,2021-09-05
PR006600,C006600,True,False,English,Email,2024-08-19
PR006601,C006601,True,False,English,Mobile App,2025-06-15
PR006602,C006602,False,True,Spanish,Email,2026-03-05
PR006603,C006603,True,True,English,SMS,2026-05-02
PR006604,C006604,True,True,Spanish,None,2026-02-21
PR006605,C006605,False,False,English,None,2025-06-07
PR006606,C006606,False,False,English,Mobile App,2026-05-04
PR006607,C006607,True,True,English,SMS,2025-03-26
PR006608,C006608,True,True,English,Mobile App,2026-06-17
PR006609,C006609,True,False,English,None,2025-09-25
PR006610,C006610,True,True,English,Email,2025-04-27
PR006611,C006611,True,True,English,Mobile App,2026-04-22
PR006612,C006612,True,True,English,Mobile App,2024-07-26
PR006613,C006613,True,True,English,Mobile App,2026-05-22
PR006614,C006614,False,True,Spanish,Mobile App,2026-07-01
PR006615,C006615,True,False,English,Email,2025-04-13
PR006616,C006616,False,True,English,SMS,2024-10-01
PR006617,C006617,True,True,English,SMS,2024-05-14
PR006618,C006618,True,False,Spanish,Email,2026-07-03
PR006619,C006619,True,True,English,None,2025-07-05
PR006620,C006620,True,True,English,Mobile App,2026-06-10
PR006621,C006621,True,True,Spanish,None,2025-10-04
PR006622,C006622,True,True,English,Email,2026-03-12
PR006623,C006623,True,True,Spanish,SMS,2025-05-31
PR006624,C006624,True,False,Spanish,None,2025-07-31
PR006625,C006625,True,False,Spanish,SMS,2025-11-21
PR006626,C006626,False,False,English,None,2025-01-16
PR006627,C006627,True,True,English,None,2025-03-21
PR006628,C006628,False,True,English,SMS,2024-11-23
PR006629,C006629,True,True,English,Mobile App,2026-06-15
PR006630,C006630,False,True,Spanish,None,2024-02-14
PR006631,C006631,False,True,English,Mobile App,2025-09-26
PR006632,C006632,True,False,English,None,2025-05-24
PR006633,C006633,True,False,Spanish,Email,2026-01-01
PR006634,C006634,True,True,English,Email,2025-06-02
PR006635,C006635,True,True,English,None,2026-01-31
PR006636,C006636,True,True,English,None,2026-06-08
PR006637,C006637,False,False,Spanish,SMS,2023-04-19
PR006638,C006638,True,True,English,Mobile App,2025-09-18
PR006639,C006639,True,True,Spanish,Mobile App,2023-04-26
PR006640,C006640,False,True,Spanish,SMS,2024-04-05
PR006641,C006641,False,False,English,None,2026-07-02
PR006642,C006642,True,True,English,Mobile App,2025-05-09
PR006643,C006643,True,True,English,None,2025-12-06
PR006644,C006644,False,True,English,SMS,2025-03-30
PR006645,C006645,True,False,English,SMS,2023-10-28
PR006646,C006646,True,True,Spanish,Mobile App,2026-03-13
PR006647,C006647,False,False,English,SMS,2025-07-28
PR006648,C006648,True,True,English,Mobile App,2025-12-22
PR006649,C006649,True,False,Spanish,None,2026-01-19
PR006650,C006650,True,True,English,Mobile App,2025-03-15
PR006651,C006651,True,True,English,SMS,2024-12-26
PR006652,C006652,True,True,English,Mobile App,2026-06-21
PR006653,C006653,True,False,Spanish,SMS,2025-08-08
PR006654,C006654,True,True,English,Email,2026-04-01
PR006655,C006655,True,True,Spanish,Email,2025-05-02
PR006656,C006656,False,False,English,SMS,2026-04-08
PR006657,C006657,False,False,English,Email,2025-05-15
PR006658,C006658,True,False,English,Email,2022-05-31
PR006659,C006659,True,False,English,Email,2026-05-30
PR006660,C006660,False,True,English,SMS,2024-12-10
PR006661,C006661,True,True,English,None,2024-09-01
PR006662,C006662,True,False,English,Mobile App,2024-06-19
PR006663,C006663,True,False,English,SMS,2026-03-08
PR006664,C006664,True,False,English,Email,2024-04-02
PR006665,C006665,True,False,English,Mobile App,2024-12-14
PR006666,C006666,True,True,English,SMS,2023-09-29
PR006667,C006667,True,False,Spanish,None,2024-11-05
PR006668,C006668,True,False,Spanish,None,2025-12-18
PR006669,C006669,True,False,Spanish,Email,2023-10-13
PR006670,C006670,True,True,English,Mobile App,2025-03-03
PR006671,C006671,True,True,English,Mobile App,2026-06-21
PR006672,C006672,True,True,English,Mobile App,2026-06-11
PR006673,C006673,True,True,English,None,2025-04-13
PR006674,C006674,True,True,English,SMS,2026-03-21
PR006675,C006675,True,False,English,None,2026-03-24
PR006676,C006676,True,True,English,None,2023-01-31
PR006677,C006677,False,True,English,None,2025-09-13
PR006678,C006678,False,True,English,SMS,2025-10-16
PR006679,C006679,True,True,Spanish,Mobile App,2026-05-03
PR006680,C006680,True,True,English,SMS,2022-12-02
PR006681,C006681,False,False,English,Email,2025-12-13
PR006682,C006682,True,True,English,Mobile App,2025-06-17
PR006683,C006683,True,True,Spanish,Email,2026-06-24
PR006684,C006684,False,True,English,None,2026-05-05
PR006685,C006685,False,True,English,Email,2026-02-28
PR006686,C006686,False,True,English,None,2025-04-22
PR006687,C006687,True,False,English,Email,2025-08-18
PR006688,C006688,True,True,English,Mobile App,2023-03-07
PR006689,C006689,True,True,Spanish,None,2024-12-14
PR006690,C006690,True,True,English,Email,2026-05-28
PR006691,C006691,True,True,English,Email,2026-03-20
PR006692,C006692,False,True,Spanish,None,2025-11-04
PR006693,C006693,False,True,Spanish,Email,2026-02-04
PR006694,C006694,True,True,English,Email,2026-06-16
PR006695,C006695,True,False,English,Mobile App,2025-09-19
PR006696,C006696,True,True,English,Email,2026-02-26
PR006697,C006697,False,True,English,Mobile App,2025-06-23
PR006698,C006698,True,True,English,Email,2025-07-26
PR006699,C006699,False,True,English,Mobile App,2026-05-03
PR006700,C006700,False,False,Spanish,None,2026-06-29
PR006701,C006701,True,False,English,SMS,2026-06-20
PR006702,C006702,True,True,Spanish,SMS,2025-07-07
PR006703,C006703,True,False,English,None,2026-02-24
PR006704,C006704,True,True,English,None,2026-02-21
PR006705,C006705,True,False,English,SMS,2026-07-05
PR006706,C006706,False,True,Spanish,Email,2025-03-16
PR006707,C006707,False,False,English,Mobile App,2023-08-15
PR006708,C006708,True,True,English,None,2024-08-26
PR006709,C006709,True,False,English,Email,2022-03-26
PR006710,C006710,True,True,English,SMS,2025-03-27
PR006711,C006711,True,True,Spanish,Email,2024-04-01
PR006712,C006712,False,True,English,Email,2026-06-23
PR006713,C006713,False,False,Spanish,SMS,2026-06-16
PR006714,C006714,True,True,Spanish,Email,2026-01-15
PR006715,C006715,True,True,English,SMS,2025-12-03
PR006716,C006716,True,False,English,Mobile App,2025-12-16
PR006717,C006717,False,True,English,SMS,2026-05-20
PR006718,C006718,True,True,English,Mobile App,2025-09-03
PR006719,C006719,True,True,English,SMS,2021-08-10
PR006720,C006720,True,True,English,Email,2025-12-01
PR006721,C006721,True,False,Spanish,SMS,2025-06-14
PR006722,C006722,True,False,English,Mobile App,2026-03-16
PR006723,C006723,False,False,Spanish,Email,2024-11-12
PR006724,C006724,True,True,English,Email,2026-01-02
PR006725,C006725,True,True,English,Email,2025-04-12
PR006726,C006726,False,True,English,Mobile App,2026-01-25
PR006727,C006727,True,True,English,None,2022-07-27
PR006728,C006728,True,False,Spanish,SMS,2024-10-03
PR006729,C006729,True,False,English,Mobile App,2026-05-24
PR006730,C006730,True,True,English,Email,2023-06-08
PR006731,C006731,True,True,English,SMS,2024-01-06
PR006732,C006732,True,False,English,Mobile App,2026-01-29
PR006733,C006733,False,False,English,SMS,2025-04-18
PR006734,C006734,True,False,Spanish,Mobile App,2025-11-25
PR006735,C006735,False,True,English,Email,2025-08-12
PR006736,C006736,True,False,English,Mobile App,2026-02-07
PR006737,C006737,True,True,English,None,2023-07-07
PR006738,C006738,True,False,English,None,2021-10-23
PR006739,C006739,True,True,English,Mobile App,2024-10-11
PR006740,C006740,True,True,English,None,2026-06-10
PR006741,C006741,True,False,Spanish,Mobile App,2026-06-08
PR006742,C006742,True,True,English,None,2025-01-02
PR006743,C006743,True,True,Spanish,SMS,2023-05-24
PR006744,C006744,True,False,English,Mobile App,2025-10-31
PR006745,C006745,True,True,English,Mobile App,2023-03-07
PR006746,C006746,True,False,English,Email,2023-10-11
PR006747,C006747,True,False,English,None,2023-10-14
PR006748,C006748,True,True,Spanish,SMS,2026-06-13
PR006749,C006749,True,True,English,Mobile App,2026-06-15
PR006750,C006750,False,False,English,Mobile App,2026-05-28
PR006751,C006751,True,True,English,Mobile App,2024-06-24
PR006752,C006752,True,True,English,Mobile App,2024-09-25
PR006753,C006753,True,True,English,SMS,2025-02-20
PR006754,C006754,True,True,English,Mobile App,2023-06-29
PR006755,C006755,True,True,English,SMS,2023-11-29
PR006756,C006756,False,False,Spanish,None,2025-05-21
PR006757,C006757,False,False,English,None,2025-08-13
PR006758,C006758,True,True,English,Email,2025-09-07
PR006759,C006759,True,True,English,SMS,2025-12-11
PR006760,C006760,True,True,English,Mobile App,2025-02-10
PR006761,C006761,False,True,English,SMS,2025-02-16
PR006762,C006762,True,False,English,Mobile App,2025-08-09
PR006763,C006763,False,True,English,Email,2025-01-26
PR006764,C006764,False,False,English,Mobile App,2024-05-24
PR006765,C006765,False,False,Spanish,SMS,2026-06-24
PR006766,C006766,True,False,English,SMS,2025-12-12
PR006767,C006767,True,True,English,Mobile App,2024-06-17
PR006768,C006768,False,False,English,None,2025-11-22
PR006769,C006769,True,True,English,SMS,2025-06-02
PR006770,C006770,False,True,Spanish,Mobile App,2023-10-05
PR006771,C006771,False,True,Spanish,SMS,2025-05-31
PR006772,C006772,False,False,English,Mobile App,2024-08-02
PR006773,C006773,True,True,English,SMS,2026-01-16
PR006774,C006774,False,False,English,None,2025-09-12
PR006775,C006775,True,True,English,Email,2026-07-06
PR006776,C006776,True,True,Spanish,SMS,2025-11-29
PR006777,C006777,True,True,English,SMS,2025-12-28
PR006778,C006778,True,False,English,None,2025-05-29
PR006779,C006779,True,False,English,Mobile App,2026-04-22
PR006780,C006780,True,True,Spanish,Email,2026-07-06
PR006781,C006781,True,False,Spanish,Email,2024-04-05
PR006782,C006782,False,False,Spanish,Mobile App,2026-05-28
PR006783,C006783,True,True,English,Email,2026-05-03
PR006784,C006784,True,False,Spanish,Mobile App,2026-06-18
PR006785,C006785,True,True,English,Mobile App,2025-07-04
PR006786,C006786,False,False,English,None,2022-01-11
PR006787,C006787,True,True,Spanish,SMS,2023-11-15
PR006788,C006788,True,True,English,SMS,2026-04-04
PR006789,C006789,True,True,English,SMS,2025-09-15
PR006790,C006790,True,True,English,Mobile App,2025-05-06
PR006791,C006791,True,True,Spanish,Mobile App,2026-06-23
PR006792,C006792,False,False,English,Mobile App,2025-02-12
PR006793,C006793,True,True,Spanish,None,2024-11-26
PR006794,C006794,True,False,English,SMS,2025-02-12
PR006795,C006795,True,True,English,Email,2023-12-11
PR006796,C006796,True,False,English,SMS,2023-12-16
PR006797,C006797,True,True,English,Email,2023-09-19
PR006798,C006798,True,True,English,None,2026-04-07
PR006799,C006799,True,False,Spanish,None,2025-11-14
PR006800,C006800,True,False,English,None,2025-03-20
PR006801,C006801,False,True,English,SMS,2026-04-29
PR006802,C006802,False,False,English,Email,2025-05-07
PR006803,C006803,True,False,English,SMS,2026-06-11
PR006804,C006804,True,True,English,Mobile App,2023-11-22
PR006805,C006805,True,True,Spanish,Email,2025-04-08
PR006806,C006806,True,True,English,Mobile App,2025-06-11
PR006807,C006807,True,True,English,Mobile App,2024-07-19
PR006808,C006808,True,True,English,Email,2025-07-06
PR006809,C006809,False,True,English,Mobile App,2025-11-06
PR006810,C006810,True,True,English,Mobile App,2025-05-05
PR006811,C006811,True,False,English,Email,2026-05-06
PR006812,C006812,True,True,English,Mobile App,2026-01-18
PR006813,C006813,False,True,English,Mobile App,2026-03-28
PR006814,C006814,False,False,English,SMS,2024-09-04
PR006815,C006815,False,False,English,None,2026-02-27
PR006816,C006816,True,True,English,Mobile App,2024-05-29
PR006817,C006817,True,False,English,Mobile App,2025-10-29
PR006818,C006818,True,False,English,Email,2025-10-29
PR006819,C006819,False,True,English,Mobile App,2026-04-04
PR006820,C006820,True,False,Spanish,Mobile App,2025-04-08
PR006821,C006821,False,False,Spanish,SMS,2025-11-15
PR006822,C006822,False,True,English,Email,2025-06-23
PR006823,C006823,True,False,English,Mobile App,2025-10-23
PR006824,C006824,True,True,English,Email,2026-03-06
PR006825,C006825,False,True,English,Email,2025-04-25
PR006826,C006826,True,True,English,Email,2022-06-30
PR006827,C006827,True,True,English,None,2026-06-26
PR006828,C006828,True,True,English,None,2026-05-10
PR006829,C006829,True,True,English,SMS,2025-10-09
PR006830,C006830,True,True,English,SMS,2025-02-11
PR006831,C006831,False,True,Spanish,None,2026-05-25
PR006832,C006832,True,True,English,None,2026-02-16
PR006833,C006833,True,True,English,Email,2022-09-13
PR006834,C006834,True,False,Spanish,Email,2023-08-26
PR006835,C006835,True,True,English,Mobile App,2021-11-23
PR006836,C006836,True,False,English,Mobile App,2026-07-04
PR006837,C006837,True,True,Spanish,Email,2026-03-10
PR006838,C006838,True,True,Spanish,SMS,2026-03-13
PR006839,C006839,True,True,English,SMS,2023-06-24
PR006840,C006840,True,True,English,Mobile App,2024-09-21
PR006841,C006841,False,True,English,Mobile App,2024-02-20
PR006842,C006842,False,False,English,SMS,2026-05-30
PR006843,C006843,True,True,English,SMS,2026-04-13
PR006844,C006844,False,True,English,Email,2024-05-19
PR006845,C006845,True,True,English,Mobile App,2025-12-07
PR006846,C006846,True,True,English,SMS,2025-08-01
PR006847,C006847,False,True,English,None,2026-05-07
PR006848,C006848,True,True,English,SMS,2026-06-27
PR006849,C006849,True,False,English,SMS,2024-12-03
PR006850,C006850,True,True,Spanish,Mobile App,2024-02-08
PR006851,C006851,True,True,English,Email,2025-12-15
PR006852,C006852,False,True,Spanish,None,2025-12-22
PR006853,C006853,True,True,Spanish,None,2025-08-14
PR006854,C006854,True,False,Spanish,None,2026-03-25
PR006855,C006855,False,True,English,Email,2026-05-17
PR006856,C006856,True,True,English,Email,2024-12-31
PR006857,C006857,True,False,Spanish,None,2022-10-13
PR006858,C006858,True,True,English,SMS,2026-06-10
PR006859,C006859,True,True,English,Mobile App,2026-03-15
PR006860,C006860,True,True,English,Mobile App,2023-10-05
PR006861,C006861,True,True,English,Email,2025-04-20
PR006862,C006862,True,False,Spanish,Mobile App,2026-05-24
PR006863,C006863,True,True,English,Email,2026-04-01
PR006864,C006864,True,True,Spanish,Email,2026-03-14
PR006865,C006865,True,False,Spanish,Mobile App,2024-07-12
PR006866,C006866,True,True,English,Mobile App,2026-07-05
PR006867,C006867,True,True,English,SMS,2026-01-13
PR006868,C006868,True,True,English,Mobile App,2025-08-25
PR006869,C006869,True,True,Spanish,SMS,2024-12-11
PR006870,C006870,True,True,English,Mobile App,2026-06-17
PR006871,C006871,True,True,English,Email,2026-03-18
PR006872,C006872,True,False,Spanish,None,2023-12-18
PR006873,C006873,True,False,English,Email,2026-06-02
PR006874,C006874,False,False,English,Mobile App,2026-06-22
PR006875,C006875,True,True,English,Email,2024-07-22
PR006876,C006876,False,True,English,SMS,2024-04-09
PR006877,C006877,True,True,English,SMS,2025-03-12
PR006878,C006878,True,True,English,None,2025-10-27
PR006879,C006879,True,False,Spanish,SMS,2026-02-25
PR006880,C006880,True,True,English,Email,2024-12-02
PR006881,C006881,False,True,Spanish,SMS,2025-10-28
PR006882,C006882,True,False,English,Mobile App,2026-06-26
PR006883,C006883,True,False,English,Email,2026-06-09
PR006884,C006884,True,False,English,Mobile App,2025-11-27
PR006885,C006885,True,True,English,Mobile App,2025-12-07
PR006886,C006886,True,True,Spanish,SMS,2026-06-28
PR006887,C006887,False,True,English,SMS,2023-09-16
PR006888,C006888,True,True,English,Mobile App,2025-01-29
PR006889,C006889,True,False,English,None,2023-09-05
PR006890,C006890,False,True,Spanish,None,2024-05-29
PR006891,C006891,False,True,English,Email,2026-02-25
PR006892,C006892,True,True,English,Mobile App,2026-05-21
PR006893,C006893,True,False,Spanish,SMS,2025-03-24
PR006894,C006894,False,False,English,None,2024-10-13
PR006895,C006895,True,True,English,Email,2025-02-18
PR006896,C006896,True,False,Spanish,Email,2026-03-14
PR006897,C006897,True,True,Spanish,Email,2025-08-22
PR006898,C006898,True,True,English,SMS,2023-10-27
PR006899,C006899,True,True,Spanish,Mobile App,2023-06-14
PR006900,C006900,False,False,English,SMS,2024-01-23
PR006901,C006901,True,True,Spanish,Email,2025-03-30
PR006902,C006902,True,True,Spanish,Email,2024-03-04
PR006903,C006903,True,True,Spanish,None,2024-12-27
PR006904,C006904,True,True,Spanish,Mobile App,2025-12-16
PR006905,C006905,True,True,Spanish,SMS,2026-03-31
PR006906,C006906,False,True,English,Email,2024-05-18
PR006907,C006907,True,True,Spanish,Mobile App,2025-03-03
PR006908,C006908,True,True,English,Email,2025-10-31
PR006909,C006909,False,True,English,SMS,2025-10-22
PR006910,C006910,False,True,English,None,2025-09-20
PR006911,C006911,True,True,English,Mobile App,2024-10-19
PR006912,C006912,False,True,English,Email,2026-01-29
PR006913,C006913,False,True,English,SMS,2024-11-02
PR006914,C006914,True,True,English,SMS,2025-01-17
PR006915,C006915,True,False,English,Mobile App,2025-11-14
PR006916,C006916,False,True,Spanish,Email,2026-04-26
PR006917,C006917,False,False,English,Mobile App,2025-01-26
PR006918,C006918,True,False,English,None,2025-05-13
PR006919,C006919,True,False,English,Email,2025-08-28
PR006920,C006920,True,True,English,Mobile App,2024-03-22
PR006921,C006921,True,True,Spanish,Mobile App,2026-02-25
PR006922,C006922,False,True,English,Mobile App,2025-07-09
PR006923,C006923,True,True,English,Mobile App,2025-03-08
PR006924,C006924,True,True,Spanish,SMS,2024-01-05
PR006925,C006925,True,True,English,Email,2025-01-28
PR006926,C006926,False,False,English,None,2025-03-06
PR006927,C006927,True,True,English,Email,2026-01-17
PR006928,C006928,True,False,Spanish,Email,2026-01-07
PR006929,C006929,True,True,English,Email,2026-01-17
PR006930,C006930,True,True,English,Mobile App,2026-06-02
PR006931,C006931,False,False,English,Mobile App,2025-06-14
PR006932,C006932,True,True,English,Mobile App,2024-12-15
PR006933,C006933,True,True,English,SMS,2025-12-22
PR006934,C006934,False,True,Spanish,SMS,2025-09-21
PR006935,C006935,True,True,English,Mobile App,2025-12-07
PR006936,C006936,False,True,Spanish,Email,2025-10-11
PR006937,C006937,False,True,Spanish,Mobile App,2026-02-09
PR006938,C006938,True,True,English,SMS,2025-01-29
PR006939,C006939,True,True,English,SMS,2025-09-04
PR006940,C006940,False,False,Spanish,Email,2023-05-23
PR006941,C006941,True,True,Spanish,Mobile App,2024-11-20
PR006942,C006942,True,True,English,Email,2025-01-17
PR006943,C006943,True,False,English,Email,2025-02-07
PR006944,C006944,True,False,Spanish,Email,2024-10-29
PR006945,C006945,True,True,Spanish,Mobile App,2026-03-19
PR006946,C006946,True,True,English,SMS,2024-07-01
PR006947,C006947,True,True,English,Email,2025-12-05
PR006948,C006948,True,True,English,Email,2023-07-27
PR006949,C006949,False,True,English,None,2025-11-06
PR006950,C006950,True,True,English,None,2026-06-17
PR006951,C006951,True,True,English,Mobile App,2026-04-25
PR006952,C006952,True,True,English,SMS,2025-06-24
PR006953,C006953,True,False,Spanish,Mobile App,2025-07-29
PR006954,C006954,True,True,Spanish,None,2026-07-05
PR006955,C006955,False,False,English,None,2023-12-03
PR006956,C006956,True,True,Spanish,Email,2024-07-03
PR006957,C006957,True,True,English,None,2026-05-08
PR006958,C006958,True,True,English,Email,2026-02-12
PR006959,C006959,True,True,English,Email,2023-11-25
PR006960,C006960,False,True,English,Email,2026-06-22
PR006961,C006961,True,False,English,Email,2026-05-23
PR006962,C006962,True,True,English,None,2024-03-25
PR006963,C006963,True,False,English,Mobile App,2025-01-02
PR006964,C006964,True,True,English,SMS,2025-04-14
PR006965,C006965,True,True,Spanish,SMS,2025-04-19
PR006966,C006966,True,True,English,SMS,2023-08-27
PR006967,C006967,True,True,English,SMS,2025-08-30
PR006968,C006968,False,False,English,None,2026-02-23
PR006969,C006969,False,False,English,None,2024-09-19
PR006970,C006970,True,False,Spanish,Email,2025-09-03
PR006971,C006971,True,False,Spanish,None,2025-09-02
PR006972,C006972,True,False,Spanish,SMS,2024-09-11
PR006973,C006973,True,True,Spanish,Email,2022-02-06
PR006974,C006974,True,False,English,Mobile App,2023-12-12
PR006975,C006975,True,True,Spanish,SMS,2023-11-25
PR006976,C006976,True,False,English,SMS,2023-11-27
PR006977,C006977,True,False,Spanish,Email,2025-12-13
PR006978,C006978,True,True,English,Mobile App,2024-01-14
PR006979,C006979,True,True,English,Email,2022-06-15
PR006980,C006980,True,False,English,SMS,2026-04-12
PR006981,C006981,False,False,English,Mobile App,2025-11-04
PR006982,C006982,True,False,Spanish,None,2024-06-16
PR006983,C006983,True,True,English,Email,2025-08-08
PR006984,C006984,True,False,English,Email,2024-12-10
PR006985,C006985,True,False,English,SMS,2025-12-09
PR006986,C006986,False,False,English,SMS,2024-09-10
PR006987,C006987,False,False,English,Mobile App,2025-06-29
PR006988,C006988,True,True,English,SMS,2024-02-06
PR006989,C006989,False,True,English,Mobile App,2026-06-07
PR006990,C006990,True,True,English,Email,2022-07-12
PR006991,C006991,True,False,English,Mobile App,2022-10-04
PR006992,C006992,True,True,English,Email,2025-12-03
PR006993,C006993,False,True,English,SMS,2026-02-16
PR006994,C006994,False,False,English,None,2025-05-21
PR006995,C006995,True,False,English,Mobile App,2026-06-15
PR006996,C006996,True,True,English,None,2025-06-29
PR006997,C006997,True,True,English,Mobile App,2022-07-22
PR006998,C006998,True,False,English,Mobile App,2026-04-27
PR006999,C006999,True,False,English,Email,2023-04-25
PR007000,C007000,False,True,English,Email,2026-06-28
PR007001,C007001,True,True,Spanish,Mobile App,2023-07-30
PR007002,C007002,True,True,English,Email,2026-02-09
PR007003,C007003,True,True,English,None,2026-05-23
PR007004,C007004,True,False,English,SMS,2025-07-05
PR007005,C007005,True,True,English,SMS,2025-02-27
PR007006,C007006,False,True,Spanish,Email,2026-05-31
PR007007,C007007,True,True,English,SMS,2026-05-02
PR007008,C007008,False,True,Spanish,SMS,2025-04-04
PR007009,C007009,False,True,English,SMS,2025-12-23
PR007010,C007010,True,True,English,Email,2025-12-15
PR007011,C007011,True,False,English,Email,2025-06-28
PR007012,C007012,True,False,English,Email,2025-09-07
PR007013,C007013,True,False,English,Mobile App,2026-04-26
PR007014,C007014,True,True,English,None,2023-10-10
PR007015,C007015,True,True,Spanish,Email,2025-08-01
PR007016,C007016,True,False,Spanish,None,2025-10-21
PR007017,C007017,True,True,English,Mobile App,2026-01-30
PR007018,C007018,True,True,English,Email,2025-09-21
PR007019,C007019,True,True,English,Mobile App,2023-10-30
PR007020,C007020,False,True,English,Mobile App,2026-04-02
PR007021,C007021,False,True,English,SMS,2026-05-24
PR007022,C007022,True,True,English,Mobile App,2024-08-27
PR007023,C007023,True,False,English,SMS,2024-04-30
PR007024,C007024,False,True,Spanish,SMS,2026-04-19
PR007025,C007025,True,True,English,SMS,2023-03-12
PR007026,C007026,True,True,English,None,2024-02-05
PR007027,C007027,True,True,English,None,2025-04-05
PR007028,C007028,True,True,English,SMS,2026-04-04
PR007029,C007029,True,True,English,SMS,2025-12-05
PR007030,C007030,False,True,Spanish,None,2023-09-06
PR007031,C007031,True,True,English,SMS,2024-02-01
PR007032,C007032,True,True,English,SMS,2023-06-24
PR007033,C007033,False,True,English,Email,2024-05-14
PR007034,C007034,True,True,Spanish,Mobile App,2025-08-11
PR007035,C007035,False,False,English,Email,2022-04-11
PR007036,C007036,False,True,English,Mobile App,2025-04-03
PR007037,C007037,True,True,Spanish,Email,2025-11-12
PR007038,C007038,False,True,English,None,2025-09-26
PR007039,C007039,True,False,English,Email,2025-08-21
PR007040,C007040,True,True,English,Email,2025-12-27
PR007041,C007041,True,False,English,None,2024-10-18
PR007042,C007042,True,False,English,SMS,2026-06-12
PR007043,C007043,True,True,English,Email,2026-07-05
PR007044,C007044,True,False,English,SMS,2023-04-14
PR007045,C007045,True,False,Spanish,None,2025-12-30
PR007046,C007046,True,True,English,SMS,2025-08-28
PR007047,C007047,True,True,Spanish,None,2024-09-11
PR007048,C007048,True,True,English,None,2026-06-01
PR007049,C007049,True,False,English,Mobile App,2025-12-04
PR007050,C007050,False,True,English,SMS,2023-02-10
PR007051,C007051,True,False,English,None,2025-03-02
PR007052,C007052,True,True,English,Mobile App,2022-07-23
PR007053,C007053,True,True,Spanish,SMS,2024-07-08
PR007054,C007054,True,True,Spanish,Mobile App,2025-08-06
PR007055,C007055,True,False,English,Mobile App,2023-07-08
PR007056,C007056,True,False,English,SMS,2026-04-05
PR007057,C007057,True,True,English,Mobile App,2024-11-09
PR007058,C007058,True,False,English,Email,2025-04-18
PR007059,C007059,True,True,English,None,2025-08-15
PR007060,C007060,True,True,English,None,2022-10-12
PR007061,C007061,True,True,Spanish,None,2024-11-12
PR007062,C007062,False,True,English,Mobile App,2025-09-16
PR007063,C007063,True,True,English,Email,2023-10-01
PR007064,C007064,True,True,Spanish,SMS,2025-07-24
PR007065,C007065,True,True,English,SMS,2025-12-18
PR007066,C007066,True,True,English,Email,2026-04-05
PR007067,C007067,True,True,Spanish,None,2024-06-27
PR007068,C007068,True,True,English,Email,2022-03-21
PR007069,C007069,True,True,English,Mobile App,2022-10-29
PR007070,C007070,False,True,English,SMS,2026-04-06
PR007071,C007071,True,True,English,SMS,2024-08-08
PR007072,C007072,True,False,English,None,2025-02-25
PR007073,C007073,True,True,English,SMS,2026-06-22
PR007074,C007074,False,True,English,Email,2026-04-10
PR007075,C007075,False,False,English,Mobile App,2025-04-08
PR007076,C007076,True,True,Spanish,Email,2026-06-25
PR007077,C007077,True,True,English,SMS,2025-03-10
PR007078,C007078,True,True,English,Email,2023-06-11
PR007079,C007079,True,False,English,None,2022-11-01
PR007080,C007080,True,True,English,SMS,2026-06-13
PR007081,C007081,False,False,English,None,2025-09-24
PR007082,C007082,True,True,English,Mobile App,2025-01-01
PR007083,C007083,True,False,English,None,2026-06-01
PR007084,C007084,True,True,Spanish,Email,2026-03-21
PR007085,C007085,True,True,English,Email,2025-12-09
PR007086,C007086,True,True,English,None,2025-10-26
PR007087,C007087,True,True,English,Mobile App,2026-03-05
PR007088,C007088,True,True,English,None,2025-02-04
PR007089,C007089,False,True,English,Mobile App,2026-04-12
PR007090,C007090,True,False,Spanish,Email,2023-12-17
PR007091,C007091,False,False,English,Mobile App,2023-07-02
PR007092,C007092,True,True,English,Mobile App,2023-07-24
PR007093,C007093,True,True,English,Mobile App,2025-03-17
PR007094,C007094,False,True,English,Mobile App,2025-07-23
PR007095,C007095,False,True,Spanish,Email,2022-10-19
PR007096,C007096,True,True,English,None,2026-05-28
PR007097,C007097,True,True,English,SMS,2026-05-02
PR007098,C007098,True,False,Spanish,Email,2024-12-14
PR007099,C007099,True,False,English,None,2026-07-03
PR007100,C007100,True,True,English,Email,2023-11-29
PR007101,C007101,True,False,Spanish,Mobile App,2026-06-09
PR007102,C007102,False,True,English,Email,2026-03-03
PR007103,C007103,True,True,English,SMS,2026-01-28
PR007104,C007104,False,True,English,None,2022-06-15
PR007105,C007105,False,False,English,None,2026-06-02
PR007106,C007106,True,True,English,None,2021-12-05
PR007107,C007107,True,True,English,None,2022-12-17
PR007108,C007108,True,False,English,None,2026-01-20
PR007109,C007109,True,True,Spanish,Email,2025-05-28
PR007110,C007110,True,True,English,Mobile App,2023-10-22
PR007111,C007111,False,True,English,Mobile App,2026-06-21
PR007112,C007112,True,False,English,SMS,2024-12-08
PR007113,C007113,True,False,Spanish,None,2026-06-20
PR007114,C007114,False,True,English,Email,2023-10-26
PR007115,C007115,True,False,English,None,2026-04-27
PR007116,C007116,True,True,English,Email,2022-11-13
PR007117,C007117,True,True,English,SMS,2025-06-17
PR007118,C007118,False,True,English,Email,2023-09-26
PR007119,C007119,True,True,English,SMS,2025-11-11
PR007120,C007120,True,True,Spanish,None,2025-12-05
PR007121,C007121,True,True,English,None,2026-04-19
PR007122,C007122,False,False,English,None,2026-07-03
PR007123,C007123,True,True,English,Mobile App,2025-09-08
PR007124,C007124,True,False,English,Mobile App,2026-06-16
PR007125,C007125,True,True,English,Email,2023-08-25
PR007126,C007126,True,True,English,Email,2025-10-07
PR007127,C007127,True,True,English,Email,2025-02-24
PR007128,C007128,True,True,English,Mobile App,2026-05-23
PR007129,C007129,True,False,English,Email,2023-12-30
PR007130,C007130,True,True,Spanish,None,2026-03-20
PR007131,C007131,False,True,English,Email,2024-02-22
PR007132,C007132,True,False,English,Email,2024-11-11
PR007133,C007133,True,True,English,SMS,2025-07-26
PR007134,C007134,True,False,English,Mobile App,2022-10-16
PR007135,C007135,False,True,English,Mobile App,2025-11-17
PR007136,C007136,True,False,Spanish,None,2023-01-30
PR007137,C007137,True,True,Spanish,Mobile App,2024-12-08
PR007138,C007138,True,False,Spanish,Mobile App,2025-12-07
PR007139,C007139,True,True,English,SMS,2026-07-07
PR007140,C007140,True,True,English,Email,2026-02-10
PR007141,C007141,False,False,English,Email,2024-07-12
PR007142,C007142,True,True,English,SMS,2026-06-30
PR007143,C007143,True,False,Spanish,SMS,2025-04-24
PR007144,C007144,False,False,Spanish,None,2025-07-20
PR007145,C007145,False,False,English,SMS,2025-01-05
PR007146,C007146,True,False,English,None,2025-03-27
PR007147,C007147,False,True,Spanish,None,2024-07-05
PR007148,C007148,True,True,English,Email,2025-12-16
PR007149,C007149,True,False,English,Email,2021-11-18
PR007150,C007150,True,True,English,Mobile App,2025-10-13
PR007151,C007151,True,False,English,Email,2026-07-01
PR007152,C007152,True,True,English,Email,2026-06-15
PR007153,C007153,True,True,English,SMS,2023-12-07
PR007154,C007154,True,True,Spanish,SMS,2023-12-28
PR007155,C007155,True,True,English,Mobile App,2025-09-14
PR007156,C007156,False,False,English,SMS,2025-02-15
PR007157,C007157,True,True,English,None,2021-12-02
PR007158,C007158,False,True,English,Mobile App,2025-02-27
PR007159,C007159,True,True,English,SMS,2022-09-06
PR007160,C007160,True,False,Spanish,Email,2024-07-14
PR007161,C007161,True,True,English,Mobile App,2023-12-14
PR007162,C007162,True,True,Spanish,Mobile App,2024-03-20
PR007163,C007163,False,True,Spanish,SMS,2026-04-30
PR007164,C007164,True,True,English,None,2025-11-29
PR007165,C007165,True,True,English,Mobile App,2023-04-05
PR007166,C007166,False,True,English,None,2023-06-07
PR007167,C007167,True,False,English,SMS,2026-02-02
PR007168,C007168,True,False,English,SMS,2026-03-13
PR007169,C007169,True,True,English,Email,2025-05-14
PR007170,C007170,True,True,English,SMS,2024-08-04
PR007171,C007171,True,False,Spanish,None,2025-05-17
PR007172,C007172,True,True,Spanish,None,2024-04-17
PR007173,C007173,True,True,English,Mobile App,2021-10-06
PR007174,C007174,True,True,English,None,2026-02-12
PR007175,C007175,True,False,English,None,2025-07-03
PR007176,C007176,True,True,English,SMS,2026-04-06
PR007177,C007177,True,True,Spanish,Email,2023-06-22
PR007178,C007178,True,True,English,SMS,2025-02-14
PR007179,C007179,False,False,Spanish,None,2025-11-20
PR007180,C007180,True,True,English,Mobile App,2026-03-25
PR007181,C007181,False,False,Spanish,SMS,2026-06-02
PR007182,C007182,True,True,Spanish,None,2026-05-26
PR007183,C007183,False,True,English,SMS,2026-04-29
PR007184,C007184,True,True,Spanish,Mobile App,2024-09-17
PR007185,C007185,True,True,English,Mobile App,2026-02-26
PR007186,C007186,False,True,Spanish,Mobile App,2026-01-11
PR007187,C007187,True,True,English,Mobile App,2025-04-02
PR007188,C007188,False,True,Spanish,Mobile App,2025-09-28
PR007189,C007189,True,True,English,SMS,2026-06-06
PR007190,C007190,True,True,English,Mobile App,2025-07-22
PR007191,C007191,True,True,English,None,2024-11-25
PR007192,C007192,False,False,English,Mobile App,2026-05-28
PR007193,C007193,True,True,English,SMS,2024-11-05
PR007194,C007194,True,True,English,SMS,2025-02-07
PR007195,C007195,True,True,English,Email,2026-03-11
PR007196,C007196,False,True,English,None,2026-04-24
PR007197,C007197,True,False,English,Email,2025-06-01
PR007198,C007198,True,True,English,Email,2025-11-20
PR007199,C007199,False,False,Spanish,Mobile App,2026-07-05
PR007200,C007200,False,True,Spanish,Email,2026-04-28
PR007201,C007201,False,False,English,None,2026-04-05
PR007202,C007202,True,True,English,None,2022-05-13
PR007203,C007203,True,False,English,SMS,2026-06-25
PR007204,C007204,True,True,English,Mobile App,2026-07-03
PR007205,C007205,True,True,English,None,2026-04-02
PR007206,C007206,True,True,Spanish,Mobile App,2026-06-12
PR007207,C007207,True,True,English,Mobile App,2024-12-28
PR007208,C007208,True,True,English,None,2025-08-24
PR007209,C007209,True,True,English,None,2023-02-17
PR007210,C007210,True,True,English,Mobile App,2026-02-15
PR007211,C007211,True,True,English,Mobile App,2026-05-11
PR007212,C007212,True,False,English,SMS,2025-06-27
PR007213,C007213,False,True,English,None,2026-06-18
PR007214,C007214,True,True,English,Mobile App,2024-02-18
PR007215,C007215,True,False,English,SMS,2025-02-16
PR007216,C007216,True,False,Spanish,SMS,2025-09-03
PR007217,C007217,True,True,English,SMS,2025-04-14
PR007218,C007218,True,True,English,Email,2024-09-19
PR007219,C007219,True,False,English,Email,2026-06-20
PR007220,C007220,True,True,English,Email,2025-03-18
PR007221,C007221,True,False,English,None,2022-08-31
PR007222,C007222,True,True,English,None,2025-12-18
PR007223,C007223,True,True,English,None,2022-06-16
PR007224,C007224,True,True,English,Mobile App,2024-04-08
PR007225,C007225,True,True,English,Email,2026-04-11
PR007226,C007226,True,True,English,None,2025-09-21
PR007227,C007227,False,True,English,Mobile App,2025-06-16
PR007228,C007228,True,True,Spanish,Email,2024-04-27
PR007229,C007229,True,True,English,SMS,2025-11-22
PR007230,C007230,True,True,Spanish,Mobile App,2022-04-15
PR007231,C007231,True,False,English,SMS,2025-12-15
PR007232,C007232,False,True,Spanish,None,2026-06-23
PR007233,C007233,True,False,English,None,2024-12-20
PR007234,C007234,True,True,Spanish,Email,2026-01-16
PR007235,C007235,True,False,English,Mobile App,2025-05-28
PR007236,C007236,True,True,English,None,2023-10-04
PR007237,C007237,True,True,English,Mobile App,2023-06-01
PR007238,C007238,True,False,English,None,2026-03-15
PR007239,C007239,False,False,Spanish,None,2025-09-14
PR007240,C007240,False,True,Spanish,None,2026-03-30
PR007241,C007241,False,True,English,None,2023-05-02
PR007242,C007242,True,False,English,Mobile App,2026-01-06
PR007243,C007243,True,True,English,Mobile App,2024-08-29
PR007244,C007244,True,False,English,None,2026-07-01
PR007245,C007245,True,True,Spanish,None,2026-06-14
PR007246,C007246,True,False,Spanish,Mobile App,2026-04-06
PR007247,C007247,True,True,Spanish,SMS,2023-10-21
PR007248,C007248,True,True,English,SMS,2026-06-15
PR007249,C007249,True,True,Spanish,None,2026-01-20
PR007250,C007250,False,True,English,Mobile App,2026-06-15
PR007251,C007251,False,True,English,SMS,2025-02-19
PR007252,C007252,True,True,Spanish,SMS,2025-04-30
PR007253,C007253,False,True,Spanish,Mobile App,2025-02-05
PR007254,C007254,True,False,English,Mobile App,2023-10-13
PR007255,C007255,False,True,English,SMS,2025-11-19
PR007256,C007256,False,True,English,Mobile App,2024-11-22
PR007257,C007257,True,True,English,SMS,2024-01-29
PR007258,C007258,True,True,English,None,2022-09-20
PR007259,C007259,False,True,English,Mobile App,2022-08-11
PR007260,C007260,False,True,English,Mobile App,2026-04-01
PR007261,C007261,True,True,English,None,2026-06-23
PR007262,C007262,False,True,English,None,2026-05-19
PR007263,C007263,True,True,English,None,2023-09-12
PR007264,C007264,True,True,Spanish,Mobile App,2026-02-28
PR007265,C007265,True,True,English,Email,2026-07-02
PR007266,C007266,False,False,English,SMS,2024-10-10
PR007267,C007267,True,True,English,SMS,2025-11-21
PR007268,C007268,True,False,Spanish,None,2026-03-20
PR007269,C007269,False,True,English,None,2026-04-20
PR007270,C007270,True,True,Spanish,Mobile App,2025-07-09
PR007271,C007271,True,False,English,Email,2026-01-29
PR007272,C007272,False,False,English,SMS,2023-07-03
PR007273,C007273,True,False,English,Mobile App,2026-07-07
PR007274,C007274,True,True,English,SMS,2025-04-03
PR007275,C007275,True,True,English,None,2026-07-03
PR007276,C007276,False,True,English,Email,2024-06-15
PR007277,C007277,True,True,English,None,2025-07-20
PR007278,C007278,True,True,English,Email,2025-02-25
PR007279,C007279,True,True,English,None,2024-08-17
PR007280,C007280,False,True,Spanish,Email,2025-09-30
PR007281,C007281,True,True,Spanish,SMS,2026-07-02
PR007282,C007282,False,True,English,None,2023-08-15
PR007283,C007283,True,True,English,SMS,2026-04-21
PR007284,C007284,True,True,English,Email,2024-09-23
PR007285,C007285,True,True,English,Mobile App,2025-05-11
PR007286,C007286,True,True,English,SMS,2025-12-06
PR007287,C007287,True,True,English,None,2022-05-12
PR007288,C007288,False,False,Spanish,Mobile App,2026-06-28
PR007289,C007289,False,True,English,SMS,2024-03-30
PR007290,C007290,True,False,Spanish,Email,2026-03-11
PR007291,C007291,False,True,English,Mobile App,2024-08-30
PR007292,C007292,True,True,English,Mobile App,2025-08-23
PR007293,C007293,True,True,English,Email,2026-03-27
PR007294,C007294,True,False,English,Email,2023-11-08
PR007295,C007295,True,True,Spanish,Mobile App,2025-05-31
PR007296,C007296,True,True,English,None,2025-06-26
PR007297,C007297,True,True,Spanish,None,2025-09-27
PR007298,C007298,True,True,Spanish,Mobile App,2026-06-01
PR007299,C007299,True,True,English,Mobile App,2026-02-01
PR007300,C007300,False,False,English,SMS,2026-05-09
PR007301,C007301,True,True,English,Email,2024-12-01
PR007302,C007302,True,False,Spanish,None,2026-01-22
PR007303,C007303,True,True,Spanish,Email,2024-07-31
PR007304,C007304,False,True,English,None,2025-01-28
PR007305,C007305,False,True,English,Mobile App,2025-06-28
PR007306,C007306,False,True,English,Mobile App,2025-11-09
PR007307,C007307,True,False,English,Email,2025-03-21
PR007308,C007308,True,True,English,None,2024-06-02
PR007309,C007309,True,True,Spanish,SMS,2026-03-07
PR007310,C007310,False,True,English,None,2023-12-23
PR007311,C007311,True,True,English,Mobile App,2025-10-16
PR007312,C007312,False,False,English,None,2025-06-12
PR007313,C007313,False,True,Spanish,None,2025-07-28
PR007314,C007314,True,True,English,None,2025-08-12
PR007315,C007315,True,False,English,Mobile App,2023-07-28
PR007316,C007316,True,False,English,SMS,2025-07-02
PR007317,C007317,True,True,English,Mobile App,2025-12-29
PR007318,C007318,True,True,English,Email,2025-05-16
PR007319,C007319,False,True,English,SMS,2025-12-14
PR007320,C007320,False,True,English,SMS,2026-02-14
PR007321,C007321,False,False,English,Email,2026-05-25
PR007322,C007322,True,True,English,SMS,2023-06-03
PR007323,C007323,True,False,Spanish,Email,2026-04-04
PR007324,C007324,True,True,English,SMS,2025-08-30
PR007325,C007325,True,True,English,Mobile App,2025-02-06
PR007326,C007326,True,False,Spanish,Mobile App,2026-02-19
PR007327,C007327,True,True,English,SMS,2024-10-30
PR007328,C007328,True,True,Spanish,SMS,2025-12-09
PR007329,C007329,True,True,English,Email,2026-03-12
PR007330,C007330,True,True,Spanish,SMS,2026-06-20
PR007331,C007331,True,True,English,None,2026-02-18
PR007332,C007332,True,False,English,SMS,2026-01-20
PR007333,C007333,True,True,English,Mobile App,2023-08-14
PR007334,C007334,True,True,English,Mobile App,2022-07-16
PR007335,C007335,False,True,English,SMS,2025-11-23
PR007336,C007336,True,False,English,Email,2025-06-04
PR007337,C007337,True,False,English,Email,2025-07-25
PR007338,C007338,True,True,Spanish,Mobile App,2024-10-30
PR007339,C007339,True,False,English,SMS,2023-01-31
PR007340,C007340,True,True,Spanish,SMS,2022-08-31
PR007341,C007341,True,True,English,None,2025-03-12
PR007342,C007342,False,True,English,SMS,2025-07-17
PR007343,C007343,False,False,Spanish,SMS,2026-02-28
PR007344,C007344,True,True,English,SMS,2025-04-14
PR007345,C007345,True,False,English,None,2026-01-01
PR007346,C007346,True,True,English,SMS,2026-04-03
PR007347,C007347,False,False,English,Mobile App,2024-10-09
PR007348,C007348,True,True,Spanish,Mobile App,2025-10-03
PR007349,C007349,True,False,English,Email,2025-11-07
PR007350,C007350,True,True,English,Email,2026-03-08
PR007351,C007351,False,True,Spanish,SMS,2023-07-14
PR007352,C007352,False,True,Spanish,SMS,2024-12-19
PR007353,C007353,False,True,Spanish,Mobile App,2026-04-27
PR007354,C007354,True,True,Spanish,Mobile App,2023-12-04
PR007355,C007355,True,True,Spanish,SMS,2025-12-26
PR007356,C007356,True,False,English,SMS,2026-06-20
PR007357,C007357,False,True,English,Email,2023-01-08
PR007358,C007358,True,True,Spanish,SMS,2026-05-14
PR007359,C007359,True,True,English,SMS,2023-07-06
PR007360,C007360,False,True,English,SMS,2025-10-16
PR007361,C007361,True,True,English,Mobile App,2025-09-27
PR007362,C007362,True,False,Spanish,Mobile App,2024-05-17
PR007363,C007363,True,True,English,None,2023-09-20
PR007364,C007364,True,False,Spanish,Mobile App,2026-03-07
PR007365,C007365,True,True,English,Email,2021-11-13
PR007366,C007366,True,True,English,SMS,2025-02-13
PR007367,C007367,True,False,English,Email,2024-03-02
PR007368,C007368,True,False,English,Mobile App,2023-12-19
PR007369,C007369,True,True,Spanish,None,2026-05-29
PR007370,C007370,True,False,English,Mobile App,2023-08-15
PR007371,C007371,True,True,Spanish,SMS,2024-10-10
PR007372,C007372,True,True,English,None,2025-05-27
PR007373,C007373,False,True,English,None,2025-08-09
PR007374,C007374,True,False,English,SMS,2025-12-30
PR007375,C007375,True,False,English,SMS,2024-11-04
PR007376,C007376,True,True,English,SMS,2026-04-11
PR007377,C007377,False,False,English,None,2026-06-22
PR007378,C007378,True,True,Spanish,None,2026-06-01
PR007379,C007379,True,True,English,Mobile App,2022-12-04
PR007380,C007380,False,True,Spanish,Mobile App,2026-03-07
PR007381,C007381,True,True,English,Mobile App,2025-03-27
PR007382,C007382,True,False,English,Mobile App,2023-12-09
PR007383,C007383,True,False,Spanish,None,2025-07-12
PR007384,C007384,False,True,Spanish,Mobile App,2026-06-22
PR007385,C007385,True,True,English,Mobile App,2025-06-16
PR007386,C007386,False,True,English,None,2024-01-23
PR007387,C007387,True,True,English,None,2024-12-13
PR007388,C007388,True,True,English,None,2025-04-22
PR007389,C007389,True,False,English,Mobile App,2025-06-18
PR007390,C007390,True,False,English,None,2025-01-26
PR007391,C007391,True,False,English,SMS,2023-02-01
PR007392,C007392,True,False,English,None,2025-09-28
PR007393,C007393,True,True,English,Email,2025-04-04
PR007394,C007394,False,True,English,Mobile App,2024-11-18
PR007395,C007395,True,True,English,Mobile App,2022-07-19
PR007396,C007396,True,True,English,None,2024-11-22
PR007397,C007397,True,True,English,SMS,2025-12-21
PR007398,C007398,True,True,Spanish,SMS,2026-03-26
PR007399,C007399,True,True,English,Email,2025-06-04
PR007400,C007400,True,True,Spanish,Mobile App,2024-06-19
PR007401,C007401,True,True,English,SMS,2024-10-13
PR007402,C007402,False,True,English,SMS,2022-09-28
PR007403,C007403,True,False,English,Mobile App,2023-10-21
PR007404,C007404,True,True,Spanish,Mobile App,2023-07-17
PR007405,C007405,True,False,English,Email,2025-11-17
PR007406,C007406,True,True,English,SMS,2024-11-23
PR007407,C007407,True,True,Spanish,Mobile App,2024-03-14
PR007408,C007408,True,False,English,None,2026-05-23
PR007409,C007409,True,True,English,Mobile App,2025-05-21
PR007410,C007410,True,False,Spanish,Email,2026-03-04
PR007411,C007411,True,False,English,Email,2023-11-06
PR007412,C007412,True,True,English,SMS,2022-09-19
PR007413,C007413,True,True,English,SMS,2025-08-21
PR007414,C007414,True,True,English,Email,2022-06-30
PR007415,C007415,False,True,English,Email,2026-05-05
PR007416,C007416,True,True,English,Mobile App,2026-06-23
PR007417,C007417,True,True,Spanish,None,2025-05-08
PR007418,C007418,True,True,English,Mobile App,2025-01-12
PR007419,C007419,True,True,English,SMS,2025-11-24
PR007420,C007420,True,True,English,SMS,2026-02-26
PR007421,C007421,True,True,English,Mobile App,2024-03-24
PR007422,C007422,True,True,English,SMS,2024-03-01
PR007423,C007423,True,True,English,SMS,2024-03-11
PR007424,C007424,True,True,English,None,2023-07-12
PR007425,C007425,True,True,English,SMS,2026-01-20
PR007426,C007426,True,True,English,None,2026-05-27
PR007427,C007427,True,True,Spanish,Mobile App,2025-08-24
PR007428,C007428,True,True,English,Mobile App,2024-11-05
PR007429,C007429,False,False,English,Email,2025-02-20
PR007430,C007430,False,True,English,Email,2026-07-05
PR007431,C007431,True,True,English,Email,2026-04-23
PR007432,C007432,True,True,English,SMS,2026-06-10
PR007433,C007433,True,True,Spanish,Mobile App,2026-01-12
PR007434,C007434,True,True,English,Email,2023-10-31
PR007435,C007435,True,True,English,SMS,2024-06-03
PR007436,C007436,False,False,English,SMS,2022-11-28
PR007437,C007437,True,False,Spanish,Email,2023-04-02
PR007438,C007438,False,True,Spanish,Mobile App,2026-06-01
PR007439,C007439,False,True,English,Email,2023-04-01
PR007440,C007440,True,True,Spanish,Email,2022-08-12
PR007441,C007441,False,True,Spanish,None,2026-03-13
PR007442,C007442,True,True,English,Email,2024-06-29
PR007443,C007443,True,True,English,None,2024-06-19
PR007444,C007444,False,False,English,SMS,2024-09-14
PR007445,C007445,True,True,English,Email,2024-01-22
PR007446,C007446,True,False,English,Mobile App,2024-06-10
PR007447,C007447,False,True,English,Email,2024-10-16
PR007448,C007448,True,True,English,Mobile App,2026-05-28
PR007449,C007449,True,True,Spanish,None,2026-04-14
PR007450,C007450,True,False,English,None,2026-04-30
PR007451,C007451,True,False,English,SMS,2024-08-23
PR007452,C007452,False,True,Spanish,SMS,2023-06-24
PR007453,C007453,False,True,English,None,2024-12-02
PR007454,C007454,True,True,Spanish,None,2023-01-04
PR007455,C007455,True,True,Spanish,Email,2024-06-24
PR007456,C007456,True,False,Spanish,Mobile App,2024-12-13
PR007457,C007457,True,True,English,Email,2026-06-24
PR007458,C007458,True,True,English,Mobile App,2025-01-20
PR007459,C007459,True,False,English,Mobile App,2024-03-06
PR007460,C007460,True,True,English,Email,2024-08-31
PR007461,C007461,True,False,Spanish,Mobile App,2026-01-08
PR007462,C007462,True,True,English,SMS,2026-05-05
PR007463,C007463,False,True,English,None,2026-05-02
PR007464,C007464,True,False,English,Mobile App,2025-08-05
PR007465,C007465,False,True,English,SMS,2025-10-13
PR007466,C007466,True,True,English,None,2026-04-08
PR007467,C007467,True,True,English,Email,2024-12-22
PR007468,C007468,False,False,English,None,2026-02-16
PR007469,C007469,False,False,Spanish,SMS,2026-02-26
PR007470,C007470,True,True,English,Email,2026-05-08
PR007471,C007471,True,True,English,Mobile App,2026-04-05
PR007472,C007472,False,True,English,SMS,2025-09-12
PR007473,C007473,False,True,Spanish,SMS,2026-06-27
PR007474,C007474,True,True,Spanish,SMS,2023-02-19
PR007475,C007475,True,False,English,None,2025-01-10
PR007476,C007476,True,True,English,Email,2026-05-07
PR007477,C007477,False,False,Spanish,Email,2025-10-28
PR007478,C007478,True,True,English,SMS,2026-03-23
PR007479,C007479,True,True,English,None,2026-03-30
PR007480,C007480,True,False,Spanish,Email,2025-01-26
PR007481,C007481,True,True,English,SMS,2024-04-16
PR007482,C007482,True,True,English,None,2025-07-25
PR007483,C007483,False,False,English,Mobile App,2025-09-23
PR007484,C007484,False,True,English,Mobile App,2024-07-21
PR007485,C007485,False,False,English,None,2025-12-27
PR007486,C007486,True,True,English,Mobile App,2026-03-31
PR007487,C007487,False,True,English,Mobile App,2026-03-19
PR007488,C007488,True,True,Spanish,SMS,2026-05-23
PR007489,C007489,False,True,English,Mobile App,2026-05-19
PR007490,C007490,True,True,English,None,2025-06-08
PR007491,C007491,True,True,English,Mobile App,2025-12-26
PR007492,C007492,False,False,English,Email,2022-09-23
PR007493,C007493,False,False,English,SMS,2026-01-04
PR007494,C007494,True,False,English,Email,2026-06-17
PR007495,C007495,True,True,Spanish,Mobile App,2025-09-26
PR007496,C007496,True,True,English,SMS,2023-09-01
PR007497,C007497,False,True,English,Email,2026-02-27
PR007498,C007498,True,True,English,SMS,2022-07-13
PR007499,C007499,True,True,Spanish,Email,2024-03-24
PR007500,C007500,True,True,English,SMS,2026-06-16
PR007501,C007501,True,True,English,None,2024-03-28
PR007502,C007502,True,False,Spanish,Email,2025-05-04
PR007503,C007503,True,False,English,SMS,2026-06-06
PR007504,C007504,True,True,English,SMS,2026-06-22
PR007505,C007505,True,False,English,Mobile App,2025-05-19
PR007506,C007506,False,False,English,None,2024-12-30
PR007507,C007507,True,False,English,Mobile App,2025-12-19
PR007508,C007508,True,True,English,SMS,2026-02-06
PR007509,C007509,True,False,English,Mobile App,2026-07-07
PR007510,C007510,False,False,Spanish,Mobile App,2026-04-20
PR007511,C007511,True,False,English,SMS,2025-11-04
PR007512,C007512,True,True,English,Mobile App,2025-09-14
PR007513,C007513,True,True,English,None,2025-04-11
PR007514,C007514,True,True,English,None,2025-11-12
PR007515,C007515,True,False,English,SMS,2026-07-04
PR007516,C007516,False,True,English,None,2025-10-15
PR007517,C007517,False,True,English,None,2026-06-29
PR007518,C007518,True,True,Spanish,Mobile App,2022-03-17
PR007519,C007519,False,True,English,SMS,2024-03-27
PR007520,C007520,True,False,English,Email,2024-10-11
PR007521,C007521,True,True,English,Mobile App,2026-06-23
PR007522,C007522,True,False,English,Mobile App,2024-09-18
PR007523,C007523,False,False,English,None,2024-05-18
PR007524,C007524,True,True,Spanish,SMS,2024-11-17
PR007525,C007525,True,False,Spanish,None,2026-01-19
PR007526,C007526,True,True,English,None,2026-04-17
PR007527,C007527,True,True,Spanish,Mobile App,2026-01-07
PR007528,C007528,False,False,English,Email,2026-05-13
PR007529,C007529,True,True,English,None,2026-03-26
PR007530,C007530,True,True,English,SMS,2026-02-01
PR007531,C007531,False,False,English,None,2026-05-23
PR007532,C007532,True,False,Spanish,SMS,2024-01-27
PR007533,C007533,True,True,English,Email,2026-06-17
PR007534,C007534,True,False,English,Email,2026-02-12
PR007535,C007535,True,True,English,SMS,2024-12-30
PR007536,C007536,False,True,English,None,2022-10-22
PR007537,C007537,True,True,English,SMS,2025-11-19
PR007538,C007538,True,True,English,Mobile App,2026-04-17
PR007539,C007539,True,True,Spanish,None,2025-07-31
PR007540,C007540,True,True,English,SMS,2022-10-07
PR007541,C007541,False,True,English,Mobile App,2025-04-01
PR007542,C007542,True,True,English,Mobile App,2026-07-04
PR007543,C007543,False,False,English,SMS,2026-05-18
PR007544,C007544,True,True,English,Mobile App,2024-07-03
PR007545,C007545,True,True,Spanish,None,2026-06-08
PR007546,C007546,False,True,Spanish,None,2025-06-26
PR007547,C007547,False,False,Spanish,Mobile App,2025-10-02
PR007548,C007548,True,True,English,SMS,2025-12-14
PR007549,C007549,True,True,English,Mobile App,2024-09-13
PR007550,C007550,True,False,English,Email,2025-08-04
PR007551,C007551,False,False,English,Email,2025-11-28
PR007552,C007552,True,False,English,Mobile App,2026-06-23
PR007553,C007553,False,False,English,None,2025-01-28
PR007554,C007554,True,False,Spanish,SMS,2025-07-29
PR007555,C007555,True,True,Spanish,Mobile App,2025-05-09
PR007556,C007556,True,False,Spanish,SMS,2023-06-09
PR007557,C007557,True,True,English,Email,2026-04-03
PR007558,C007558,True,False,English,Mobile App,2025-08-16
PR007559,C007559,True,True,English,None,2025-05-14
PR007560,C007560,False,False,English,Mobile App,2026-05-28
PR007561,C007561,True,True,English,Mobile App,2025-06-23
PR007562,C007562,True,False,English,SMS,2026-06-06
PR007563,C007563,False,False,English,Mobile App,2023-05-01
PR007564,C007564,False,False,English,Mobile App,2025-09-25
PR007565,C007565,True,True,Spanish,None,2025-02-03
PR007566,C007566,False,False,Spanish,Mobile App,2025-04-02
PR007567,C007567,True,False,English,Mobile App,2025-12-19
PR007568,C007568,True,True,English,SMS,2026-06-01
PR007569,C007569,False,True,English,None,2025-03-06
PR007570,C007570,True,True,English,SMS,2025-11-18
PR007571,C007571,False,False,Spanish,Mobile App,2025-01-30
PR007572,C007572,True,False,English,None,2025-10-11
PR007573,C007573,True,True,Spanish,SMS,2026-03-30
PR007574,C007574,True,True,English,SMS,2026-04-11
PR007575,C007575,False,True,English,SMS,2025-01-10
PR007576,C007576,True,True,English,Mobile App,2023-11-23
PR007577,C007577,True,False,Spanish,None,2025-04-03
PR007578,C007578,True,True,English,Mobile App,2025-12-17
PR007579,C007579,True,False,English,Email,2025-01-21
PR007580,C007580,True,False,English,Email,2026-03-27
PR007581,C007581,True,True,English,SMS,2025-05-30
PR007582,C007582,True,True,English,SMS,2024-09-02
PR007583,C007583,True,False,English,None,2024-01-24
PR007584,C007584,True,True,English,None,2026-02-10
PR007585,C007585,True,True,Spanish,None,2024-11-28
PR007586,C007586,True,False,English,Email,2025-08-21
PR007587,C007587,True,True,English,None,2025-02-07
PR007588,C007588,False,False,Spanish,Mobile App,2025-11-10
PR007589,C007589,True,True,Spanish,SMS,2026-01-20
PR007590,C007590,True,True,English,Mobile App,2025-03-30
PR007591,C007591,True,False,Spanish,Email,2025-05-03
PR007592,C007592,True,True,English,Email,2024-09-08
PR007593,C007593,True,True,Spanish,SMS,2025-08-06
PR007594,C007594,True,False,English,Email,2024-05-16
PR007595,C007595,True,True,English,SMS,2024-09-05
PR007596,C007596,True,True,Spanish,Mobile App,2024-01-18
PR007597,C007597,True,True,English,Mobile App,2025-09-06
PR007598,C007598,False,True,English,Email,2025-12-23
PR007599,C007599,True,True,English,Mobile App,2025-03-18
PR007600,C007600,True,True,English,None,2026-01-23
PR007601,C007601,True,False,English,Mobile App,2025-12-17
PR007602,C007602,True,True,English,Mobile App,2026-06-09
PR007603,C007603,True,True,English,SMS,2024-08-13
PR007604,C007604,True,True,English,Email,2024-03-25
PR007605,C007605,True,True,Spanish,Email,2026-04-16
PR007606,C007606,False,True,English,Email,2025-05-11
PR007607,C007607,True,False,English,SMS,2024-11-12
PR007608,C007608,True,False,Spanish,Email,2024-03-17
PR007609,C007609,True,False,English,Mobile App,2025-12-06
PR007610,C007610,True,False,English,None,2025-01-31
PR007611,C007611,False,True,English,None,2025-01-02
PR007612,C007612,True,False,English,SMS,2025-07-25
PR007613,C007613,True,False,English,None,2026-01-09
PR007614,C007614,True,True,English,SMS,2026-03-25
PR007615,C007615,False,True,English,None,2024-07-31
PR007616,C007616,False,True,English,SMS,2025-02-08
PR007617,C007617,False,True,Spanish,Mobile App,2023-10-14
PR007618,C007618,False,False,English,Email,2026-01-08
PR007619,C007619,True,True,English,SMS,2025-11-02
PR007620,C007620,True,False,English,Email,2021-07-30
PR007621,C007621,False,True,English,SMS,2024-12-16
PR007622,C007622,True,True,English,Mobile App,2025-10-21
PR007623,C007623,False,True,English,Email,2025-12-25
PR007624,C007624,True,False,English,None,2024-07-20
PR007625,C007625,True,True,English,SMS,2025-09-24
PR007626,C007626,True,False,Spanish,Mobile App,2026-07-04
PR007627,C007627,True,False,English,None,2023-07-09
PR007628,C007628,True,True,Spanish,Mobile App,2026-03-13
PR007629,C007629,True,False,English,SMS,2026-03-02
PR007630,C007630,True,True,English,Email,2025-09-20
PR007631,C007631,True,False,English,Mobile App,2026-03-15
PR007632,C007632,False,True,English,None,2026-05-15
PR007633,C007633,True,True,English,Mobile App,2024-01-21
PR007634,C007634,False,True,Spanish,None,2025-11-16
PR007635,C007635,False,True,English,Email,2025-09-15
PR007636,C007636,True,True,English,SMS,2025-02-19
PR007637,C007637,True,True,English,None,2025-03-25
PR007638,C007638,False,False,English,Mobile App,2026-06-08
PR007639,C007639,True,False,English,None,2023-06-03
PR007640,C007640,True,False,English,SMS,2026-03-18
PR007641,C007641,False,True,English,Email,2024-09-15
PR007642,C007642,True,True,English,Email,2025-08-09
PR007643,C007643,True,True,English,None,2023-07-30
PR007644,C007644,True,True,English,SMS,2026-04-08
PR007645,C007645,True,True,English,SMS,2024-11-20
PR007646,C007646,True,True,Spanish,Email,2026-02-09
PR007647,C007647,True,True,English,None,2026-07-01
PR007648,C007648,False,False,English,None,2025-11-16
PR007649,C007649,False,True,Spanish,Mobile App,2025-09-02
PR007650,C007650,True,True,English,SMS,2025-04-07
PR007651,C007651,True,False,English,Email,2026-02-09
PR007652,C007652,False,True,English,SMS,2025-10-19
PR007653,C007653,True,True,English,SMS,2025-11-26
PR007654,C007654,True,False,English,SMS,2023-10-07
PR007655,C007655,True,False,English,Mobile App,2025-03-22
PR007656,C007656,True,False,English,Email,2026-03-25
PR007657,C007657,True,True,English,None,2024-08-30
PR007658,C007658,True,True,English,None,2025-06-24
PR007659,C007659,True,True,Spanish,SMS,2026-03-09
PR007660,C007660,True,False,Spanish,Mobile App,2025-10-22
PR007661,C007661,True,True,English,SMS,2025-09-08
PR007662,C007662,True,True,Spanish,SMS,2024-12-15
PR007663,C007663,True,False,English,Email,2026-05-30
PR007664,C007664,False,True,English,Mobile App,2025-06-19
PR007665,C007665,True,True,Spanish,Email,2025-03-27
PR007666,C007666,False,True,English,None,2026-06-17
PR007667,C007667,True,False,English,None,2024-01-23
PR007668,C007668,False,True,English,Mobile App,2026-01-27
PR007669,C007669,True,True,English,SMS,2026-01-06
PR007670,C007670,True,True,English,Mobile App,2026-05-25
PR007671,C007671,True,True,English,SMS,2022-02-14
PR007672,C007672,False,True,English,None,2025-10-29
PR007673,C007673,True,True,English,SMS,2022-10-28
PR007674,C007674,True,False,English,SMS,2025-01-12
PR007675,C007675,False,True,English,Email,2022-05-14
PR007676,C007676,True,True,English,SMS,2023-10-11
PR007677,C007677,True,True,Spanish,None,2024-10-21
PR007678,C007678,True,False,Spanish,Mobile App,2025-12-18
PR007679,C007679,True,False,English,None,2026-07-01
PR007680,C007680,True,True,Spanish,None,2023-08-01
PR007681,C007681,False,False,English,SMS,2021-12-19
PR007682,C007682,True,True,English,Email,2025-02-02
PR007683,C007683,True,True,Spanish,None,2024-07-20
PR007684,C007684,True,True,English,None,2025-01-10
PR007685,C007685,False,True,English,SMS,2026-04-02
PR007686,C007686,True,True,English,Email,2026-04-24
PR007687,C007687,True,True,Spanish,Email,2022-01-09
PR007688,C007688,True,False,English,Mobile App,2022-06-05
PR007689,C007689,True,True,English,Email,2026-06-15
PR007690,C007690,True,True,English,SMS,2026-05-08
PR007691,C007691,True,False,English,Email,2023-10-27
PR007692,C007692,False,True,English,Email,2025-08-19
PR007693,C007693,True,True,English,None,2025-05-25
PR007694,C007694,True,True,English,Email,2023-08-02
PR007695,C007695,True,True,English,SMS,2025-06-21
PR007696,C007696,False,True,English,Email,2025-07-15
PR007697,C007697,True,True,English,SMS,2025-06-07
PR007698,C007698,False,False,Spanish,Email,2026-06-14
PR007699,C007699,False,False,English,None,2025-03-08
PR007700,C007700,True,False,Spanish,Mobile App,2024-01-28
PR007701,C007701,True,False,Spanish,Mobile App,2026-07-03
PR007702,C007702,True,True,English,Email,2023-08-23
PR007703,C007703,True,False,English,None,2026-03-27
PR007704,C007704,True,True,English,SMS,2026-06-20
PR007705,C007705,False,True,English,None,2024-08-30
PR007706,C007706,True,True,English,Mobile App,2025-02-23
PR007707,C007707,True,False,English,Email,2026-07-06
PR007708,C007708,True,True,English,None,2026-06-04
PR007709,C007709,True,True,Spanish,Email,2026-04-13
PR007710,C007710,True,False,English,SMS,2026-04-25
PR007711,C007711,True,False,English,SMS,2025-03-31
PR007712,C007712,True,False,English,Mobile App,2026-05-05
PR007713,C007713,True,False,English,Email,2023-06-04
PR007714,C007714,False,False,Spanish,Email,2023-12-22
PR007715,C007715,True,False,English,SMS,2026-05-05
PR007716,C007716,True,False,Spanish,Email,2026-05-17
PR007717,C007717,True,False,Spanish,None,2023-07-30
PR007718,C007718,True,True,English,Mobile App,2024-10-19
PR007719,C007719,True,True,English,Mobile App,2026-07-06
PR007720,C007720,True,True,Spanish,SMS,2025-01-23
PR007721,C007721,True,True,Spanish,SMS,2025-07-25
PR007722,C007722,True,False,Spanish,None,2026-02-18
PR007723,C007723,True,True,English,SMS,2026-04-16
PR007724,C007724,True,True,Spanish,Mobile App,2025-11-14
PR007725,C007725,False,True,English,SMS,2026-06-06
PR007726,C007726,False,True,Spanish,SMS,2023-06-08
PR007727,C007727,True,True,English,None,2022-10-30
PR007728,C007728,True,False,Spanish,SMS,2026-06-16
PR007729,C007729,False,True,English,Email,2025-01-05
PR007730,C007730,True,True,English,Mobile App,2026-02-09
PR007731,C007731,True,True,English,None,2025-06-17
PR007732,C007732,False,True,English,Mobile App,2025-04-28
PR007733,C007733,True,True,English,SMS,2024-02-28
PR007734,C007734,False,True,English,Email,2026-03-03
PR007735,C007735,True,True,English,Email,2025-12-02
PR007736,C007736,True,True,English,Email,2023-10-15
PR007737,C007737,True,False,English,Email,2026-05-10
PR007738,C007738,True,False,English,SMS,2024-02-19
PR007739,C007739,True,False,Spanish,Email,2024-01-13
PR007740,C007740,False,False,English,Mobile App,2026-07-02
PR007741,C007741,True,True,English,Email,2026-04-02
PR007742,C007742,True,True,English,None,2025-03-22
PR007743,C007743,True,False,English,SMS,2025-09-30
PR007744,C007744,False,True,English,None,2024-11-14
PR007745,C007745,True,False,Spanish,Email,2025-08-17
PR007746,C007746,True,True,Spanish,Mobile App,2025-10-17
PR007747,C007747,True,True,English,None,2024-10-25
PR007748,C007748,True,True,English,Email,2022-02-07
PR007749,C007749,True,True,English,SMS,2026-04-10
PR007750,C007750,True,False,English,SMS,2023-09-26
PR007751,C007751,True,False,English,None,2024-11-15
PR007752,C007752,True,False,English,SMS,2023-12-26
PR007753,C007753,True,True,English,None,2025-05-16
PR007754,C007754,True,True,English,None,2022-07-20
PR007755,C007755,True,True,English,Email,2026-04-03
PR007756,C007756,True,False,English,Mobile App,2024-08-21
PR007757,C007757,True,False,English,Email,2025-01-05
PR007758,C007758,False,False,English,Mobile App,2026-04-18
PR007759,C007759,True,False,English,SMS,2025-07-17
PR007760,C007760,True,True,English,Mobile App,2023-02-05
PR007761,C007761,True,True,English,Email,2023-08-10
PR007762,C007762,True,True,English,None,2024-05-15
PR007763,C007763,False,False,Spanish,Mobile App,2026-06-12
PR007764,C007764,True,True,English,Mobile App,2025-10-14
PR007765,C007765,True,True,Spanish,Mobile App,2026-06-10
PR007766,C007766,True,False,English,Email,2026-05-30
PR007767,C007767,True,False,English,SMS,2026-04-11
PR007768,C007768,True,True,English,SMS,2026-05-31
PR007769,C007769,True,True,English,SMS,2025-10-30
PR007770,C007770,True,True,English,None,2025-10-04
PR007771,C007771,False,True,English,None,2025-07-04
PR007772,C007772,True,False,English,Mobile App,2023-06-12
PR007773,C007773,True,True,Spanish,SMS,2023-06-27
PR007774,C007774,False,True,English,Email,2024-05-28
PR007775,C007775,True,False,English,None,2026-02-19
PR007776,C007776,True,True,Spanish,Mobile App,2026-07-04
PR007777,C007777,True,True,English,SMS,2026-02-12
PR007778,C007778,False,True,Spanish,Email,2026-03-14
PR007779,C007779,True,True,English,None,2023-06-15
PR007780,C007780,True,True,Spanish,None,2025-09-14
PR007781,C007781,True,True,English,Mobile App,2025-10-28
PR007782,C007782,False,False,English,None,2025-12-30
PR007783,C007783,True,True,Spanish,Mobile App,2026-07-03
PR007784,C007784,True,True,English,SMS,2025-10-02
PR007785,C007785,True,True,English,SMS,2026-04-20
PR007786,C007786,True,True,English,Mobile App,2026-03-22
PR007787,C007787,True,True,English,Mobile App,2026-05-13
PR007788,C007788,True,True,English,None,2025-03-28
PR007789,C007789,True,True,English,Mobile App,2026-03-18
PR007790,C007790,True,True,English,Email,2024-08-09
PR007791,C007791,True,True,English,Mobile App,2024-08-15
PR007792,C007792,True,True,English,SMS,2026-03-11
PR007793,C007793,True,True,English,Mobile App,2026-06-13
PR007794,C007794,True,True,English,SMS,2026-06-30
PR007795,C007795,True,True,English,SMS,2026-06-12
PR007796,C007796,True,False,English,SMS,2025-08-15
PR007797,C007797,False,False,English,Mobile App,2022-12-18
PR007798,C007798,True,False,English,SMS,2023-08-21
PR007799,C007799,True,True,English,SMS,2025-06-25
PR007800,C007800,True,False,English,None,2025-04-04
PR007801,C007801,False,False,Spanish,SMS,2022-08-18
PR007802,C007802,True,True,English,Email,2026-02-09
PR007803,C007803,False,False,English,Email,2026-04-21
PR007804,C007804,True,True,Spanish,None,2025-11-05
PR007805,C007805,True,True,English,SMS,2024-10-20
PR007806,C007806,False,False,English,Mobile App,2026-07-01
PR007807,C007807,False,True,English,SMS,2026-03-02
PR007808,C007808,True,True,English,Mobile App,2025-09-29
PR007809,C007809,True,False,English,Email,2024-05-23
PR007810,C007810,False,True,English,Email,2025-04-19
PR007811,C007811,False,True,Spanish,Email,2024-06-24
PR007812,C007812,True,True,Spanish,Email,2025-07-23
PR007813,C007813,True,False,Spanish,Email,2025-11-17
PR007814,C007814,True,True,English,Email,2026-04-01
PR007815,C007815,True,False,Spanish,None,2025-07-19
PR007816,C007816,True,True,Spanish,None,2026-06-20
PR007817,C007817,True,True,Spanish,SMS,2023-07-03
PR007818,C007818,True,False,English,SMS,2026-06-09
PR007819,C007819,False,True,English,SMS,2025-03-26
PR007820,C007820,True,False,Spanish,None,2026-05-28
PR007821,C007821,True,True,English,Email,2024-01-26
PR007822,C007822,True,True,English,Mobile App,2022-10-27
PR007823,C007823,False,False,Spanish,Mobile App,2023-07-10
PR007824,C007824,False,True,English,None,2023-03-23
PR007825,C007825,True,False,Spanish,Email,2022-01-12
PR007826,C007826,True,False,English,Email,2026-07-05
PR007827,C007827,False,False,English,None,2025-07-10
PR007828,C007828,True,False,English,None,2024-09-21
PR007829,C007829,True,True,Spanish,Email,2025-01-28
PR007830,C007830,True,True,English,Mobile App,2026-05-11
PR007831,C007831,True,True,English,SMS,2025-04-04
PR007832,C007832,True,True,English,SMS,2023-12-20
PR007833,C007833,False,True,Spanish,Email,2024-07-01
PR007834,C007834,True,True,English,Email,2024-08-05
PR007835,C007835,True,True,English,Mobile App,2026-03-22
PR007836,C007836,False,True,English,Email,2023-03-31
PR007837,C007837,True,False,English,Mobile App,2025-11-07
PR007838,C007838,True,False,Spanish,SMS,2023-09-30
PR007839,C007839,False,False,English,SMS,2024-01-18
PR007840,C007840,False,True,Spanish,None,2025-08-03
PR007841,C007841,True,True,Spanish,SMS,2026-03-18
PR007842,C007842,True,True,English,Mobile App,2023-08-27
PR007843,C007843,True,False,English,SMS,2025-10-14
PR007844,C007844,True,False,English,Mobile App,2024-04-10
PR007845,C007845,False,True,English,Email,2026-06-01
PR007846,C007846,False,False,English,None,2025-04-13
PR007847,C007847,True,True,Spanish,Mobile App,2026-03-29
PR007848,C007848,False,False,English,Mobile App,2024-11-10
PR007849,C007849,False,True,Spanish,Mobile App,2023-06-08
PR007850,C007850,False,False,English,Mobile App,2026-01-18
PR007851,C007851,True,True,Spanish,None,2026-04-14
PR007852,C007852,False,True,Spanish,SMS,2026-06-01
PR007853,C007853,True,True,English,Email,2025-06-05
PR007854,C007854,True,True,English,Email,2025-07-31
PR007855,C007855,False,True,Spanish,Mobile App,2026-06-24
PR007856,C007856,True,False,English,None,2025-05-02
PR007857,C007857,True,False,English,SMS,2025-11-10
PR007858,C007858,True,True,English,None,2026-06-27
PR007859,C007859,False,False,English,Mobile App,2025-01-16
PR007860,C007860,True,False,Spanish,Mobile App,2025-04-27
PR007861,C007861,True,False,English,Email,2023-03-22
PR007862,C007862,True,True,English,Mobile App,2025-12-09
PR007863,C007863,True,False,Spanish,Mobile App,2022-04-11
PR007864,C007864,True,True,English,None,2026-04-14
PR007865,C007865,False,False,English,SMS,2025-04-14
PR007866,C007866,False,False,English,SMS,2023-10-07
PR007867,C007867,False,True,English,SMS,2025-04-10
PR007868,C007868,True,True,English,SMS,2026-02-14
PR007869,C007869,True,False,Spanish,None,2024-05-18
PR007870,C007870,True,True,Spanish,Email,2024-10-15
PR007871,C007871,False,True,Spanish,None,2026-06-09
PR007872,C007872,False,False,English,None,2026-04-05
PR007873,C007873,True,False,English,SMS,2024-07-15
PR007874,C007874,True,True,English,None,2026-04-07
PR007875,C007875,True,True,English,None,2025-12-11
PR007876,C007876,True,False,Spanish,Email,2026-06-23
PR007877,C007877,True,False,English,None,2025-12-31
PR007878,C007878,True,True,English,None,2025-06-01
PR007879,C007879,True,False,English,Mobile App,2024-07-13
PR007880,C007880,True,True,English,Email,2024-08-21
PR007881,C007881,True,True,English,None,2025-11-25
PR007882,C007882,False,True,Spanish,SMS,2026-02-12
PR007883,C007883,True,True,English,None,2025-02-18
PR007884,C007884,False,False,English,SMS,2026-05-17
PR007885,C007885,True,True,Spanish,None,2026-03-27
PR007886,C007886,True,True,Spanish,Mobile App,2025-01-08
PR007887,C007887,True,True,English,SMS,2025-11-28
PR007888,C007888,True,True,English,None,2026-05-30
PR007889,C007889,False,False,Spanish,SMS,2025-04-12
PR007890,C007890,True,False,English,Mobile App,2026-06-09
PR007891,C007891,True,True,English,SMS,2023-12-20
PR007892,C007892,True,True,English,Mobile App,2024-09-17
PR007893,C007893,False,False,English,SMS,2026-01-20
PR007894,C007894,True,True,English,SMS,2026-03-21
PR007895,C007895,True,False,English,Mobile App,2024-10-19
PR007896,C007896,False,True,English,Mobile App,2026-05-06
PR007897,C007897,True,False,English,SMS,2026-07-04
PR007898,C007898,True,True,English,Email,2025-12-18
PR007899,C007899,True,True,English,Email,2025-08-16
PR007900,C007900,False,True,English,None,2024-04-09
PR007901,C007901,True,True,English,Mobile App,2023-11-02
PR007902,C007902,True,True,English,Email,2024-09-19
PR007903,C007903,True,True,English,Mobile App,2025-01-21
PR007904,C007904,False,True,English,Email,2023-04-14
PR007905,C007905,False,True,English,SMS,2026-05-22
PR007906,C007906,True,True,English,None,2025-09-28
PR007907,C007907,True,True,English,Email,2025-11-29
PR007908,C007908,True,True,English,SMS,2024-05-06
PR007909,C007909,True,True,English,None,2025-01-27
PR007910,C007910,True,True,Spanish,Email,2023-07-13
PR007911,C007911,True,False,English,None,2026-06-04
PR007912,C007912,False,False,English,Mobile App,2026-07-02
PR007913,C007913,False,True,Spanish,Mobile App,2026-03-24
PR007914,C007914,True,True,English,Email,2023-11-14
PR007915,C007915,True,True,English,Email,2026-05-15
PR007916,C007916,True,True,Spanish,Email,2025-09-02
PR007917,C007917,False,False,English,Mobile App,2024-07-24
PR007918,C007918,True,True,English,Mobile App,2026-02-27
PR007919,C007919,True,True,English,Mobile App,2025-10-05
PR007920,C007920,True,False,Spanish,Mobile App,2025-04-23
PR007921,C007921,True,True,English,SMS,2024-04-14
PR007922,C007922,True,True,English,SMS,2026-05-18
PR007923,C007923,True,True,Spanish,None,2026-06-25
PR007924,C007924,True,True,English,Email,2025-10-27
PR007925,C007925,True,False,English,Mobile App,2024-12-12
PR007926,C007926,True,True,English,Mobile App,2026-06-28
PR007927,C007927,True,False,English,SMS,2025-08-10
PR007928,C007928,True,False,Spanish,Mobile App,2024-01-08
PR007929,C007929,False,True,English,SMS,2025-10-04
PR007930,C007930,False,True,Spanish,Mobile App,2024-05-02
PR007931,C007931,True,False,Spanish,None,2025-08-03
PR007932,C007932,True,True,English,Email,2026-06-21
PR007933,C007933,False,True,English,Mobile App,2025-10-31
PR007934,C007934,True,True,English,SMS,2026-06-21
PR007935,C007935,False,True,English,None,2023-12-20
PR007936,C007936,True,True,English,Mobile App,2026-01-31
PR007937,C007937,False,True,English,None,2025-08-05
PR007938,C007938,False,True,English,Email,2026-03-10
PR007939,C007939,True,True,Spanish,Mobile App,2024-04-17
PR007940,C007940,True,True,English,None,2025-10-04
PR007941,C007941,False,True,English,Mobile App,2025-09-19
PR007942,C007942,False,True,English,Email,2022-03-09
PR007943,C007943,True,False,Spanish,Mobile App,2024-12-02
PR007944,C007944,True,True,Spanish,Email,2026-04-27
PR007945,C007945,False,True,Spanish,SMS,2023-07-21
PR007946,C007946,True,False,Spanish,SMS,2023-04-23
PR007947,C007947,False,True,English,Mobile App,2023-01-24
PR007948,C007948,True,True,Spanish,Email,2025-07-04
PR007949,C007949,False,True,English,None,2024-03-19
PR007950,C007950,True,True,Spanish,None,2026-04-25
PR007951,C007951,True,True,English,None,2024-02-28
PR007952,C007952,True,False,English,None,2026-03-23
PR007953,C007953,False,True,English,None,2025-07-14
PR007954,C007954,True,True,English,None,2023-09-03
PR007955,C007955,True,True,Spanish,Email,2026-04-02
PR007956,C007956,True,True,English,None,2026-04-04
PR007957,C007957,False,False,Spanish,SMS,2025-03-12
PR007958,C007958,True,True,English,SMS,2025-12-04
PR007959,C007959,True,True,English,None,2025-03-05
PR007960,C007960,True,True,English,Email,2025-01-24
PR007961,C007961,False,True,Spanish,Email,2023-12-01
PR007962,C007962,False,True,English,SMS,2025-10-23
PR007963,C007963,True,True,English,Email,2025-02-01
PR007964,C007964,True,True,English,Mobile App,2024-08-17
PR007965,C007965,True,True,Spanish,Mobile App,2025-08-16
PR007966,C007966,True,False,Spanish,SMS,2026-02-13
PR007967,C007967,True,True,English,None,2026-01-21
PR007968,C007968,True,True,English,Mobile App,2024-07-26
PR007969,C007969,False,True,Spanish,None,2025-03-11
PR007970,C007970,True,True,English,Mobile App,2022-03-07
PR007971,C007971,False,False,English,Mobile App,2026-05-14
PR007972,C007972,False,True,Spanish,None,2026-01-20
PR007973,C007973,True,False,English,Email,2026-01-14
PR007974,C007974,True,False,English,SMS,2026-07-06
PR007975,C007975,True,False,English,Mobile App,2026-05-31
PR007976,C007976,False,True,English,Mobile App,2024-06-24
PR007977,C007977,False,False,English,Email,2026-06-10
PR007978,C007978,True,False,English,Email,2026-01-21
PR007979,C007979,True,True,English,Email,2023-09-04
PR007980,C007980,True,False,Spanish,SMS,2025-10-23
PR007981,C007981,False,True,English,Mobile App,2025-02-06
PR007982,C007982,True,False,English,Email,2026-05-05
PR007983,C007983,False,True,English,SMS,2024-09-08
PR007984,C007984,True,True,English,Mobile App,2024-02-06
PR007985,C007985,True,True,English,Mobile App,2025-06-30
PR007986,C007986,True,True,English,Mobile App,2024-07-28
PR007987,C007987,True,False,English,None,2025-09-13
PR007988,C007988,True,True,English,Email,2023-10-05
PR007989,C007989,True,False,English,Email,2024-06-15
PR007990,C007990,True,True,English,Mobile App,2023-06-04
PR007991,C007991,True,True,English,Email,2023-10-06
PR007992,C007992,True,False,English,Mobile App,2025-06-30
PR007993,C007993,True,False,English,Mobile App,2023-05-25
PR007994,C007994,True,False,English,Mobile App,2023-06-15
PR007995,C007995,False,False,English,Mobile App,2023-11-21
PR007996,C007996,True,True,English,None,2023-06-23
PR007997,C007997,False,True,English,Email,2023-06-02
PR007998,C007998,True,False,English,None,2026-03-21
PR007999,C007999,False,True,English,Mobile App,2026-05-21
PR008000,C008000,True,True,English,Email,2025-11-21
PR008001,C008001,True,False,Spanish,Email,2025-09-19
PR008002,C008002,False,True,English,None,2026-05-15
PR008003,C008003,True,True,Spanish,Mobile App,2025-05-30
PR008004,C008004,False,True,English,SMS,2026-04-08
PR008005,C008005,True,True,Spanish,Email,2025-06-12
PR008006,C008006,True,True,Spanish,Email,2025-11-26
PR008007,C008007,False,False,English,Email,2023-10-27
PR008008,C008008,True,True,English,None,2024-02-08
PR008009,C008009,False,False,English,SMS,2025-05-30
PR008010,C008010,True,True,Spanish,None,2025-08-24
PR008011,C008011,True,False,English,SMS,2026-06-16
PR008012,C008012,True,True,English,Mobile App,2026-01-05
PR008013,C008013,True,True,English,Mobile App,2023-03-09
PR008014,C008014,True,True,English,None,2025-03-17
PR008015,C008015,True,True,Spanish,Mobile App,2025-11-01
PR008016,C008016,True,True,English,SMS,2025-02-28
PR008017,C008017,True,False,Spanish,SMS,2026-04-04
PR008018,C008018,True,True,English,Email,2026-04-18
PR008019,C008019,True,True,Spanish,SMS,2026-06-08
PR008020,C008020,True,True,English,SMS,2024-05-08
PR008021,C008021,True,False,English,Mobile App,2024-05-02
PR008022,C008022,True,False,English,SMS,2023-09-21
PR008023,C008023,True,False,English,Mobile App,2024-11-17
PR008024,C008024,False,False,Spanish,SMS,2026-03-29
PR008025,C008025,False,True,Spanish,None,2026-05-04
PR008026,C008026,True,True,Spanish,Mobile App,2024-05-24
PR008027,C008027,True,True,Spanish,Email,2025-10-26
PR008028,C008028,True,True,Spanish,None,2026-04-24
PR008029,C008029,True,True,Spanish,SMS,2025-05-22
PR008030,C008030,True,True,Spanish,SMS,2026-03-24
PR008031,C008031,True,False,English,Email,2025-05-16
PR008032,C008032,True,False,Spanish,Mobile App,2023-04-09
PR008033,C008033,False,False,Spanish,SMS,2026-04-16
PR008034,C008034,True,True,English,Email,2026-05-31
PR008035,C008035,True,False,English,SMS,2025-07-11
PR008036,C008036,True,True,English,Email,2024-07-10
PR008037,C008037,True,True,English,SMS,2022-11-20
PR008038,C008038,True,True,English,SMS,2026-04-05
PR008039,C008039,True,False,English,Email,2025-05-02
PR008040,C008040,True,True,English,Email,2025-06-29
PR008041,C008041,True,False,English,SMS,2026-04-05
PR008042,C008042,True,True,Spanish,Email,2023-10-03
PR008043,C008043,False,False,English,Email,2026-07-04
PR008044,C008044,True,False,English,Email,2026-01-17
PR008045,C008045,False,True,English,Mobile App,2025-07-11
PR008046,C008046,False,True,English,None,2024-03-29
PR008047,C008047,True,False,English,Email,2025-04-02
PR008048,C008048,True,False,English,Email,2026-05-17
PR008049,C008049,True,True,English,Mobile App,2024-10-29
PR008050,C008050,False,True,English,Email,2025-07-25
PR008051,C008051,False,True,English,None,2025-12-30
PR008052,C008052,False,False,Spanish,SMS,2026-02-04
PR008053,C008053,True,True,Spanish,None,2025-08-01
PR008054,C008054,True,True,Spanish,Email,2023-04-04
PR008055,C008055,True,True,English,SMS,2024-07-20
PR008056,C008056,True,True,Spanish,Mobile App,2025-02-05
PR008057,C008057,False,True,English,SMS,2023-10-13
PR008058,C008058,True,True,English,SMS,2026-03-10
PR008059,C008059,False,True,English,None,2026-05-13
PR008060,C008060,True,False,English,None,2026-02-19
PR008061,C008061,True,True,Spanish,None,2025-03-01
PR008062,C008062,True,True,English,Mobile App,2025-10-06
PR008063,C008063,True,False,English,Email,2024-06-06
PR008064,C008064,True,True,Spanish,Mobile App,2026-06-11
PR008065,C008065,True,True,Spanish,Mobile App,2025-06-27
PR008066,C008066,True,True,English,None,2023-06-11
PR008067,C008067,True,False,English,Email,2026-06-24
PR008068,C008068,False,True,English,Email,2026-03-13
PR008069,C008069,False,False,English,Email,2025-02-12
PR008070,C008070,True,True,English,SMS,2023-09-09
PR008071,C008071,True,True,English,None,2024-04-10
PR008072,C008072,False,False,English,SMS,2025-09-18
PR008073,C008073,True,True,English,Mobile App,2026-06-29
PR008074,C008074,True,True,Spanish,Email,2025-01-25
PR008075,C008075,False,True,English,Mobile App,2025-02-15
PR008076,C008076,True,True,Spanish,SMS,2025-09-08
PR008077,C008077,True,True,English,Mobile App,2024-12-15
PR008078,C008078,True,True,English,Email,2023-12-29
PR008079,C008079,True,True,English,None,2026-03-16
PR008080,C008080,True,False,English,Mobile App,2024-01-02
PR008081,C008081,False,True,English,Mobile App,2025-04-21
PR008082,C008082,True,True,English,Mobile App,2026-06-21
PR008083,C008083,True,True,English,None,2025-11-26
PR008084,C008084,True,True,Spanish,Email,2026-07-07
PR008085,C008085,True,True,English,None,2024-12-22
PR008086,C008086,False,False,English,Mobile App,2026-02-14
PR008087,C008087,False,False,Spanish,Mobile App,2026-03-06
PR008088,C008088,True,False,Spanish,Mobile App,2024-11-02
PR008089,C008089,False,True,Spanish,None,2024-08-08
PR008090,C008090,False,True,English,Mobile App,2025-11-06
PR008091,C008091,False,False,English,Mobile App,2025-10-19
PR008092,C008092,False,True,English,SMS,2025-06-29
PR008093,C008093,True,False,English,Email,2024-07-09
PR008094,C008094,True,True,Spanish,SMS,2024-04-01
PR008095,C008095,True,False,Spanish,SMS,2026-02-28
PR008096,C008096,False,True,English,SMS,2026-04-17
PR008097,C008097,True,False,English,Email,2026-06-24
PR008098,C008098,True,False,English,Email,2023-06-17
PR008099,C008099,False,False,English,SMS,2024-03-12
PR008100,C008100,True,False,English,Mobile App,2025-11-08
PR008101,C008101,True,False,English,None,2025-08-29
PR008102,C008102,True,False,Spanish,None,2025-03-05
PR008103,C008103,True,True,Spanish,None,2024-04-06
PR008104,C008104,True,False,Spanish,SMS,2026-04-17
PR008105,C008105,True,True,English,SMS,2026-06-23
PR008106,C008106,True,False,Spanish,SMS,2025-11-23
PR008107,C008107,True,False,English,Email,2025-12-10
PR008108,C008108,True,True,Spanish,Email,2026-06-02
PR008109,C008109,True,False,English,Mobile App,2026-05-25
PR008110,C008110,False,False,English,None,2023-04-21
PR008111,C008111,True,True,Spanish,Email,2024-11-25
PR008112,C008112,True,True,English,Email,2025-09-22
PR008113,C008113,True,False,English,Email,2025-07-09
PR008114,C008114,True,False,English,SMS,2025-04-08
PR008115,C008115,True,True,English,Mobile App,2026-07-06
PR008116,C008116,False,True,English,SMS,2026-04-01
PR008117,C008117,True,True,Spanish,Email,2026-05-29
PR008118,C008118,True,False,Spanish,None,2026-01-23
PR008119,C008119,True,True,Spanish,Mobile App,2025-08-13
PR008120,C008120,False,True,Spanish,Mobile App,2026-04-02
PR008121,C008121,True,True,English,Email,2026-03-04
PR008122,C008122,True,True,English,Mobile App,2022-12-17
PR008123,C008123,False,True,English,Mobile App,2022-09-28
PR008124,C008124,True,True,English,SMS,2026-06-29
PR008125,C008125,True,False,English,None,2026-05-30
PR008126,C008126,True,True,English,None,2025-12-06
PR008127,C008127,False,False,English,Email,2026-04-19
PR008128,C008128,True,False,English,Email,2024-07-03
PR008129,C008129,True,False,English,SMS,2026-04-19
PR008130,C008130,False,False,English,SMS,2025-11-20
PR008131,C008131,False,True,Spanish,Mobile App,2023-12-01
PR008132,C008132,True,True,English,SMS,2026-06-12
PR008133,C008133,True,True,Spanish,SMS,2025-08-08
PR008134,C008134,False,True,English,SMS,2026-01-11
PR008135,C008135,True,False,English,SMS,2025-11-06
PR008136,C008136,True,True,English,SMS,2026-07-06
PR008137,C008137,True,True,English,SMS,2025-07-02
PR008138,C008138,True,True,English,SMS,2024-10-08
PR008139,C008139,True,False,Spanish,None,2026-06-11
PR008140,C008140,True,True,English,SMS,2025-10-30
PR008141,C008141,True,True,Spanish,SMS,2026-03-22
PR008142,C008142,True,True,English,SMS,2024-07-15
PR008143,C008143,True,True,Spanish,Mobile App,2025-02-04
PR008144,C008144,True,False,English,Mobile App,2024-10-15
PR008145,C008145,True,False,English,Email,2026-04-03
PR008146,C008146,True,True,Spanish,SMS,2024-05-01
PR008147,C008147,False,True,Spanish,Mobile App,2024-04-02
PR008148,C008148,True,True,Spanish,Email,2024-04-09
PR008149,C008149,True,True,English,Mobile App,2026-07-01
PR008150,C008150,True,True,Spanish,SMS,2024-06-05
PR008151,C008151,True,True,English,Email,2026-05-23
PR008152,C008152,True,True,English,Mobile App,2025-06-05
PR008153,C008153,False,True,Spanish,Mobile App,2024-11-14
PR008154,C008154,True,True,English,None,2025-07-09
PR008155,C008155,True,True,English,Email,2026-07-05
PR008156,C008156,True,True,English,SMS,2024-01-12
PR008157,C008157,True,False,English,Mobile App,2023-11-06
PR008158,C008158,False,True,English,Email,2026-06-01
PR008159,C008159,False,False,English,Mobile App,2025-06-21
PR008160,C008160,True,False,English,Email,2024-06-30
PR008161,C008161,True,True,Spanish,Email,2026-01-07
PR008162,C008162,True,True,English,None,2025-06-25
PR008163,C008163,False,True,English,Email,2021-11-13
PR008164,C008164,True,True,English,SMS,2024-09-04
PR008165,C008165,True,False,English,SMS,2025-11-04
PR008166,C008166,False,True,English,SMS,2025-11-16
PR008167,C008167,True,True,English,SMS,2026-01-31
PR008168,C008168,True,True,English,None,2024-04-25
PR008169,C008169,False,True,English,Mobile App,2025-06-18
PR008170,C008170,True,False,English,Email,2026-04-26
PR008171,C008171,True,False,English,Mobile App,2023-02-16
PR008172,C008172,True,True,English,Email,2024-07-18
PR008173,C008173,True,True,Spanish,Mobile App,2025-04-12
PR008174,C008174,False,True,English,Mobile App,2025-09-28
PR008175,C008175,True,False,English,Email,2026-01-15
PR008176,C008176,True,False,English,Mobile App,2026-01-18
PR008177,C008177,True,False,English,SMS,2025-12-05
PR008178,C008178,True,True,Spanish,Mobile App,2025-06-23
PR008179,C008179,True,True,English,None,2026-02-27
PR008180,C008180,True,True,English,SMS,2026-05-25
PR008181,C008181,True,True,English,Email,2026-04-08
PR008182,C008182,True,True,English,Mobile App,2025-09-09
PR008183,C008183,True,True,English,Email,2023-08-10
PR008184,C008184,True,True,English,Email,2024-12-01
PR008185,C008185,True,False,English,None,2026-03-10
PR008186,C008186,True,True,Spanish,SMS,2024-11-16
PR008187,C008187,True,False,English,Mobile App,2026-06-05
PR008188,C008188,True,False,English,Email,2025-08-27
PR008189,C008189,True,True,Spanish,Email,2026-03-30
PR008190,C008190,True,True,Spanish,Mobile App,2026-06-26
PR008191,C008191,True,True,English,Email,2026-03-26
PR008192,C008192,True,True,English,SMS,2024-07-19
PR008193,C008193,True,True,English,Mobile App,2023-08-21
PR008194,C008194,False,True,English,SMS,2023-02-13
PR008195,C008195,True,True,English,None,2025-12-25
PR008196,C008196,True,False,Spanish,SMS,2026-03-15
PR008197,C008197,False,False,English,SMS,2024-05-13
PR008198,C008198,True,True,English,Mobile App,2026-06-11
PR008199,C008199,True,True,English,None,2025-06-19
PR008200,C008200,True,True,English,None,2026-06-28
PR008201,C008201,False,True,English,Mobile App,2025-01-27
PR008202,C008202,False,False,English,SMS,2026-03-24
PR008203,C008203,True,True,English,SMS,2026-07-06
PR008204,C008204,True,False,English,Email,2025-07-17
PR008205,C008205,False,True,Spanish,Email,2023-09-30
PR008206,C008206,True,False,English,Email,2025-09-25
PR008207,C008207,True,True,English,Mobile App,2025-08-08
PR008208,C008208,False,True,English,Email,2023-03-21
PR008209,C008209,False,True,Spanish,None,2024-09-14
PR008210,C008210,True,True,English,Mobile App,2025-09-28
PR008211,C008211,True,True,English,Mobile App,2023-06-12
PR008212,C008212,False,False,English,Mobile App,2026-06-20
PR008213,C008213,True,True,Spanish,Mobile App,2025-10-01
PR008214,C008214,True,True,English,Mobile App,2026-02-09
PR008215,C008215,False,False,English,Email,2025-07-23
PR008216,C008216,True,False,English,Email,2024-08-02
PR008217,C008217,True,False,English,Mobile App,2024-12-07
PR008218,C008218,True,True,Spanish,Email,2026-04-13
PR008219,C008219,True,True,English,SMS,2025-04-18
PR008220,C008220,False,True,English,Mobile App,2025-07-11
PR008221,C008221,True,True,Spanish,Email,2026-01-29
PR008222,C008222,True,False,English,Mobile App,2025-07-12
PR008223,C008223,True,True,Spanish,None,2024-03-21
PR008224,C008224,True,True,English,SMS,2026-06-16
PR008225,C008225,False,True,English,SMS,2025-05-23
PR008226,C008226,True,False,Spanish,None,2026-02-02
PR008227,C008227,True,True,English,SMS,2026-06-14
PR008228,C008228,True,False,Spanish,Mobile App,2025-10-23
PR008229,C008229,False,True,English,Email,2025-07-17
PR008230,C008230,True,True,English,Mobile App,2023-06-03
PR008231,C008231,True,True,English,None,2025-08-27
PR008232,C008232,True,True,English,SMS,2024-12-17
PR008233,C008233,True,True,Spanish,Email,2025-10-20
PR008234,C008234,False,True,Spanish,SMS,2026-05-02
PR008235,C008235,True,False,English,Email,2024-12-15
PR008236,C008236,True,True,English,Email,2024-07-19
PR008237,C008237,True,False,English,SMS,2025-09-04
PR008238,C008238,True,False,English,Email,2024-03-07
PR008239,C008239,True,True,Spanish,None,2026-04-04
PR008240,C008240,True,True,English,Mobile App,2024-10-21
PR008241,C008241,True,False,English,Mobile App,2024-04-19
PR008242,C008242,True,False,Spanish,Email,2022-08-13
PR008243,C008243,False,False,Spanish,SMS,2024-08-20
PR008244,C008244,False,True,English,Email,2025-07-01
PR008245,C008245,True,False,Spanish,None,2026-06-29
PR008246,C008246,True,True,Spanish,Email,2025-04-29
PR008247,C008247,True,False,English,Mobile App,2024-08-16
PR008248,C008248,True,True,English,Mobile App,2026-02-19
PR008249,C008249,False,False,English,Mobile App,2023-05-06
PR008250,C008250,False,True,English,Mobile App,2026-06-08
PR008251,C008251,False,False,English,None,2025-08-06
PR008252,C008252,True,False,Spanish,SMS,2026-07-07
PR008253,C008253,True,True,English,SMS,2025-11-05
PR008254,C008254,True,True,English,Mobile App,2024-02-01
PR008255,C008255,True,False,Spanish,Mobile App,2026-07-02
PR008256,C008256,False,True,English,SMS,2026-06-02
PR008257,C008257,True,True,English,None,2025-06-22
PR008258,C008258,True,True,Spanish,Email,2025-03-10
PR008259,C008259,True,True,English,Email,2023-11-27
PR008260,C008260,True,True,Spanish,Mobile App,2026-03-19
PR008261,C008261,True,True,Spanish,None,2026-01-06
PR008262,C008262,True,False,Spanish,SMS,2025-11-04
PR008263,C008263,False,True,English,SMS,2025-04-15
PR008264,C008264,True,True,Spanish,SMS,2025-07-26
PR008265,C008265,True,True,English,None,2024-07-13
PR008266,C008266,True,True,English,SMS,2025-10-22
PR008267,C008267,True,True,English,SMS,2024-09-09
PR008268,C008268,False,True,English,Mobile App,2024-08-15
PR008269,C008269,True,False,Spanish,Mobile App,2025-11-15
PR008270,C008270,True,True,Spanish,Email,2022-11-26
PR008271,C008271,True,False,Spanish,SMS,2024-01-02
PR008272,C008272,True,True,English,Mobile App,2025-03-19
PR008273,C008273,True,True,English,None,2026-04-05
PR008274,C008274,False,True,Spanish,None,2026-05-05
PR008275,C008275,False,True,English,Mobile App,2026-02-02
PR008276,C008276,True,True,English,Mobile App,2026-06-11
PR008277,C008277,False,False,English,SMS,2025-12-25
PR008278,C008278,True,False,English,None,2026-02-03
PR008279,C008279,True,False,English,Email,2026-01-16
PR008280,C008280,True,False,English,SMS,2025-07-31
PR008281,C008281,False,True,English,None,2025-08-19
PR008282,C008282,True,False,Spanish,SMS,2025-05-29
PR008283,C008283,False,True,English,Email,2026-01-21
PR008284,C008284,True,False,English,Email,2026-05-24
PR008285,C008285,False,False,English,Mobile App,2024-03-17
PR008286,C008286,True,False,English,Mobile App,2022-11-15
PR008287,C008287,True,False,English,Email,2023-08-01
PR008288,C008288,True,False,English,Mobile App,2026-07-06
PR008289,C008289,False,True,English,None,2023-07-21
PR008290,C008290,False,True,Spanish,SMS,2024-02-27
PR008291,C008291,True,False,English,Mobile App,2024-01-12
PR008292,C008292,False,True,Spanish,None,2024-08-29
PR008293,C008293,True,True,English,Mobile App,2025-03-11
PR008294,C008294,True,True,English,None,2024-03-05
PR008295,C008295,True,True,English,Email,2026-06-16
PR008296,C008296,True,False,English,Mobile App,2024-01-26
PR008297,C008297,True,True,Spanish,Mobile App,2026-03-28
PR008298,C008298,True,True,English,None,2026-04-13
PR008299,C008299,True,True,Spanish,SMS,2024-05-21
PR008300,C008300,False,False,English,SMS,2026-01-29
PR008301,C008301,True,True,English,SMS,2023-03-07
PR008302,C008302,False,False,Spanish,Mobile App,2025-02-07
PR008303,C008303,False,True,English,Mobile App,2026-06-14
PR008304,C008304,True,True,Spanish,Mobile App,2026-04-20
PR008305,C008305,True,True,English,None,2026-01-27
PR008306,C008306,True,False,English,Mobile App,2025-06-03
PR008307,C008307,True,True,English,SMS,2025-06-26
PR008308,C008308,True,True,English,SMS,2025-04-25
PR008309,C008309,False,True,English,SMS,2024-10-08
PR008310,C008310,True,True,English,Email,2026-02-08
PR008311,C008311,True,True,Spanish,Mobile App,2026-03-12
PR008312,C008312,True,True,Spanish,Mobile App,2026-06-24
PR008313,C008313,True,True,English,Email,2026-02-01
PR008314,C008314,True,False,English,Email,2026-07-05
PR008315,C008315,True,False,English,Mobile App,2024-10-13
PR008316,C008316,True,True,Spanish,Mobile App,2026-04-10
PR008317,C008317,True,True,English,Mobile App,2025-04-12
PR008318,C008318,True,True,English,Email,2026-06-25
PR008319,C008319,True,True,English,SMS,2023-03-20
PR008320,C008320,False,False,English,None,2022-01-18
PR008321,C008321,True,True,English,Mobile App,2026-04-11
PR008322,C008322,False,False,English,None,2026-06-12
PR008323,C008323,False,True,English,Mobile App,2025-10-04
PR008324,C008324,False,False,Spanish,Mobile App,2026-06-05
PR008325,C008325,True,True,English,SMS,2024-10-11
PR008326,C008326,True,False,English,SMS,2026-03-24
PR008327,C008327,True,False,English,None,2025-04-14
PR008328,C008328,False,True,English,None,2023-10-17
PR008329,C008329,True,False,English,None,2025-11-21
PR008330,C008330,True,True,Spanish,Email,2026-01-22
PR008331,C008331,True,True,English,Email,2025-06-06
PR008332,C008332,True,False,English,Email,2023-05-31
PR008333,C008333,True,True,English,Email,2025-11-29
PR008334,C008334,True,False,English,SMS,2026-05-24
PR008335,C008335,False,True,English,None,2024-07-15
PR008336,C008336,True,True,English,None,2026-02-12
PR008337,C008337,True,True,Spanish,SMS,2025-02-10
PR008338,C008338,False,True,English,Email,2026-07-02
PR008339,C008339,True,True,English,Mobile App,2025-12-13
PR008340,C008340,True,False,English,Mobile App,2026-04-02
PR008341,C008341,True,False,Spanish,Email,2026-05-23
PR008342,C008342,True,True,Spanish,Email,2026-04-12
PR008343,C008343,True,True,English,None,2026-04-04
PR008344,C008344,True,True,English,Email,2025-01-01
PR008345,C008345,True,True,English,Mobile App,2026-04-15
PR008346,C008346,True,True,English,Email,2026-06-08
PR008347,C008347,True,True,English,Mobile App,2024-05-17
PR008348,C008348,True,True,English,SMS,2026-03-09
PR008349,C008349,True,True,Spanish,None,2024-07-06
PR008350,C008350,True,True,English,None,2024-06-28
PR008351,C008351,True,False,Spanish,Email,2023-08-05
PR008352,C008352,True,True,English,None,2023-08-13
PR008353,C008353,True,False,English,Email,2025-09-14
PR008354,C008354,False,True,English,Email,2026-04-01
PR008355,C008355,True,False,English,SMS,2026-01-15
PR008356,C008356,True,True,English,Email,2023-04-08
PR008357,C008357,True,True,English,None,2024-08-12
PR008358,C008358,True,True,English,SMS,2025-11-07
PR008359,C008359,True,True,English,None,2026-06-13
PR008360,C008360,False,False,Spanish,Mobile App,2025-08-17
PR008361,C008361,True,True,English,SMS,2026-06-28
PR008362,C008362,True,True,English,Mobile App,2025-12-06
PR008363,C008363,True,True,Spanish,Email,2026-03-08
PR008364,C008364,True,True,English,SMS,2023-08-08
PR008365,C008365,True,True,Spanish,Mobile App,2026-03-19
PR008366,C008366,False,True,Spanish,SMS,2025-08-11
PR008367,C008367,True,True,English,Email,2026-07-03
PR008368,C008368,True,True,Spanish,None,2026-06-28
PR008369,C008369,True,True,Spanish,Email,2025-03-06
PR008370,C008370,True,False,English,Mobile App,2024-09-25
PR008371,C008371,True,True,English,Mobile App,2024-04-03
PR008372,C008372,False,True,English,SMS,2026-04-08
PR008373,C008373,True,True,Spanish,SMS,2025-12-18
PR008374,C008374,False,False,Spanish,Mobile App,2026-06-30
PR008375,C008375,True,True,English,SMS,2026-05-01
PR008376,C008376,False,True,English,Email,2025-02-17
PR008377,C008377,True,False,English,Email,2025-06-04
PR008378,C008378,False,True,English,SMS,2026-04-15
PR008379,C008379,True,False,English,Email,2024-08-24
PR008380,C008380,False,True,English,Mobile App,2025-09-10
PR008381,C008381,True,True,Spanish,SMS,2024-12-14
PR008382,C008382,False,True,Spanish,None,2025-06-24
PR008383,C008383,True,False,Spanish,None,2026-04-09
PR008384,C008384,True,True,English,SMS,2026-01-18
PR008385,C008385,True,True,Spanish,SMS,2026-04-21
PR008386,C008386,False,True,English,SMS,2025-05-13
PR008387,C008387,True,False,English,Email,2026-06-01
PR008388,C008388,True,True,English,None,2026-01-27
PR008389,C008389,False,True,English,Mobile App,2026-06-14
PR008390,C008390,True,True,English,Email,2023-03-24
PR008391,C008391,True,True,English,Mobile App,2026-07-05
PR008392,C008392,True,True,English,Email,2022-04-03
PR008393,C008393,True,True,English,SMS,2026-06-30
PR008394,C008394,True,True,English,Email,2023-10-21
PR008395,C008395,False,True,English,None,2023-02-17
PR008396,C008396,True,True,English,Email,2024-11-16
PR008397,C008397,False,True,English,SMS,2026-04-03
PR008398,C008398,True,True,English,SMS,2026-03-23
PR008399,C008399,True,False,Spanish,None,2022-08-19
PR008400,C008400,True,False,English,Mobile App,2025-10-29
PR008401,C008401,True,True,Spanish,SMS,2023-05-31
PR008402,C008402,True,True,English,Mobile App,2025-04-30
PR008403,C008403,True,True,Spanish,Email,2026-03-03
PR008404,C008404,True,True,English,Mobile App,2025-04-25
PR008405,C008405,False,True,English,Email,2025-01-30
PR008406,C008406,True,False,English,None,2026-05-31
PR008407,C008407,True,False,English,Mobile App,2024-09-21
PR008408,C008408,True,True,English,Mobile App,2026-05-22
PR008409,C008409,True,True,English,Email,2026-06-16
PR008410,C008410,False,True,English,Email,2025-05-08
PR008411,C008411,True,True,English,SMS,2025-12-23
PR008412,C008412,True,True,Spanish,Email,2024-11-08
PR008413,C008413,False,True,English,Email,2026-07-07
PR008414,C008414,False,True,English,None,2026-03-18
PR008415,C008415,True,True,English,Email,2025-08-22
PR008416,C008416,False,False,English,Email,2024-03-30
PR008417,C008417,True,False,English,None,2024-05-18
PR008418,C008418,False,True,English,Email,2024-11-04
PR008419,C008419,False,True,English,None,2026-01-06
PR008420,C008420,False,True,English,SMS,2026-03-31
PR008421,C008421,False,True,English,SMS,2025-12-21
PR008422,C008422,False,True,English,Mobile App,2025-09-24
PR008423,C008423,True,True,English,Email,2023-05-28
PR008424,C008424,True,False,English,SMS,2026-01-04
PR008425,C008425,True,True,English,Mobile App,2023-08-27
PR008426,C008426,False,True,English,None,2025-03-16
PR008427,C008427,True,True,Spanish,Mobile App,2025-05-21
PR008428,C008428,True,True,Spanish,SMS,2026-03-24
PR008429,C008429,True,False,Spanish,None,2024-08-27
PR008430,C008430,True,True,Spanish,SMS,2024-12-26
PR008431,C008431,False,True,English,None,2026-02-06
PR008432,C008432,True,True,English,None,2025-12-10
PR008433,C008433,True,False,English,SMS,2025-07-25
PR008434,C008434,True,True,English,Email,2025-08-15
PR008435,C008435,True,False,English,SMS,2026-03-21
PR008436,C008436,True,False,English,Email,2026-07-06
PR008437,C008437,True,True,English,SMS,2023-02-10
PR008438,C008438,True,True,English,Email,2024-04-01
PR008439,C008439,True,True,English,Mobile App,2025-05-02
PR008440,C008440,True,True,English,Mobile App,2024-02-28
PR008441,C008441,True,True,English,Mobile App,2025-06-13
PR008442,C008442,True,True,Spanish,SMS,2025-04-01
PR008443,C008443,False,True,English,None,2025-06-16
PR008444,C008444,True,False,English,SMS,2026-01-19
PR008445,C008445,True,True,English,SMS,2025-11-27
PR008446,C008446,True,True,English,Mobile App,2022-10-07
PR008447,C008447,False,True,Spanish,None,2026-01-06
PR008448,C008448,False,True,English,Mobile App,2023-03-22
PR008449,C008449,False,True,English,None,2025-04-17
PR008450,C008450,True,False,English,SMS,2025-08-13
PR008451,C008451,True,True,English,Email,2026-05-03
PR008452,C008452,False,False,English,SMS,2026-02-08
PR008453,C008453,True,False,Spanish,Email,2026-04-09
PR008454,C008454,True,False,English,None,2025-03-10
PR008455,C008455,False,True,English,Mobile App,2023-07-24
PR008456,C008456,True,False,Spanish,None,2025-08-30
PR008457,C008457,True,True,English,Email,2021-12-22
PR008458,C008458,True,True,English,Email,2025-04-26
PR008459,C008459,True,True,Spanish,Email,2023-08-27
PR008460,C008460,False,True,Spanish,SMS,2026-01-02
PR008461,C008461,True,False,Spanish,SMS,2023-07-31
PR008462,C008462,True,False,English,Email,2024-02-13
PR008463,C008463,False,True,English,Email,2025-10-25
PR008464,C008464,True,True,English,SMS,2025-07-17
PR008465,C008465,False,False,English,Mobile App,2024-05-27
PR008466,C008466,True,False,English,None,2026-07-07
PR008467,C008467,True,True,English,Email,2025-08-29
PR008468,C008468,True,True,English,Mobile App,2025-10-13
PR008469,C008469,True,True,Spanish,Mobile App,2026-05-23
PR008470,C008470,False,True,Spanish,SMS,2026-01-13
PR008471,C008471,False,True,English,Mobile App,2025-02-11
PR008472,C008472,True,True,English,None,2024-11-21
PR008473,C008473,False,True,English,None,2025-01-05
PR008474,C008474,False,True,Spanish,None,2026-01-23
PR008475,C008475,True,True,Spanish,None,2025-12-15
PR008476,C008476,False,True,Spanish,Email,2025-09-26
PR008477,C008477,False,False,English,SMS,2026-03-03
PR008478,C008478,True,True,English,Mobile App,2026-04-15
PR008479,C008479,True,True,English,SMS,2025-05-01
PR008480,C008480,True,False,English,None,2025-08-26
PR008481,C008481,True,True,English,SMS,2023-12-19
PR008482,C008482,True,True,Spanish,Mobile App,2026-05-16
PR008483,C008483,True,True,English,Mobile App,2024-10-14
PR008484,C008484,True,False,English,SMS,2024-06-07
PR008485,C008485,True,True,Spanish,Mobile App,2026-02-16
PR008486,C008486,False,False,Spanish,SMS,2026-03-17
PR008487,C008487,True,True,English,Email,2024-12-22
PR008488,C008488,True,True,English,None,2024-07-18
PR008489,C008489,True,False,English,Mobile App,2023-11-07
PR008490,C008490,True,False,Spanish,Email,2025-08-30
PR008491,C008491,False,False,English,Mobile App,2026-03-10
PR008492,C008492,False,True,Spanish,None,2023-04-10
PR008493,C008493,True,False,English,Email,2026-06-15
PR008494,C008494,True,True,English,None,2026-03-10
PR008495,C008495,True,False,English,SMS,2026-06-23
PR008496,C008496,True,True,English,SMS,2025-11-25
PR008497,C008497,True,False,Spanish,Email,2026-03-28
PR008498,C008498,True,False,English,Mobile App,2022-11-30
PR008499,C008499,True,True,English,Email,2026-01-10
PR008500,C008500,True,False,English,Email,2024-01-01
PR008501,C008501,True,False,English,None,2024-11-22
PR008502,C008502,False,True,English,Mobile App,2025-09-02
PR008503,C008503,True,False,Spanish,None,2026-03-08
PR008504,C008504,True,True,English,Email,2026-04-07
PR008505,C008505,True,True,English,Mobile App,2022-06-04
PR008506,C008506,False,True,English,None,2026-06-13
PR008507,C008507,True,False,Spanish,SMS,2022-11-08
PR008508,C008508,True,True,English,SMS,2026-02-02
PR008509,C008509,False,False,English,SMS,2025-04-16
PR008510,C008510,False,True,English,Mobile App,2025-10-12
PR008511,C008511,True,False,English,Mobile App,2024-01-27
PR008512,C008512,True,False,English,Mobile App,2024-12-27
PR008513,C008513,True,False,English,SMS,2023-12-09
PR008514,C008514,True,True,Spanish,None,2026-04-25
PR008515,C008515,True,True,English,SMS,2026-07-06
PR008516,C008516,True,False,Spanish,Email,2026-01-22
PR008517,C008517,True,True,English,Email,2025-03-22
PR008518,C008518,True,False,English,SMS,2025-04-10
PR008519,C008519,False,True,English,Email,2025-09-21
PR008520,C008520,True,True,English,None,2026-04-28
PR008521,C008521,True,False,English,Email,2024-10-05
PR008522,C008522,True,True,Spanish,None,2023-07-06
PR008523,C008523,True,True,Spanish,Email,2026-04-09
PR008524,C008524,True,True,English,None,2026-03-27
PR008525,C008525,False,True,English,None,2026-01-27
PR008526,C008526,False,True,English,Email,2024-09-08
PR008527,C008527,True,True,English,None,2026-06-09
PR008528,C008528,False,False,English,Email,2025-01-23
PR008529,C008529,True,False,Spanish,SMS,2026-07-01
PR008530,C008530,True,True,English,None,2022-08-03
PR008531,C008531,True,True,English,None,2026-07-04
PR008532,C008532,False,False,English,Mobile App,2026-07-03
PR008533,C008533,True,True,Spanish,Mobile App,2026-04-09
PR008534,C008534,True,False,English,Email,2025-04-23
PR008535,C008535,True,True,Spanish,None,2023-04-13
PR008536,C008536,True,True,Spanish,Mobile App,2022-09-17
PR008537,C008537,True,True,Spanish,Mobile App,2023-07-29
PR008538,C008538,True,True,Spanish,None,2025-12-10
PR008539,C008539,False,False,English,SMS,2021-11-11
PR008540,C008540,True,True,Spanish,Mobile App,2023-10-23
PR008541,C008541,True,True,English,None,2026-06-26
PR008542,C008542,False,True,Spanish,Mobile App,2024-11-13
PR008543,C008543,True,False,English,Email,2025-07-18
PR008544,C008544,True,True,English,Mobile App,2025-10-03
PR008545,C008545,False,False,Spanish,SMS,2025-08-24
PR008546,C008546,True,True,English,Email,2026-06-03
PR008547,C008547,False,False,Spanish,SMS,2024-06-14
PR008548,C008548,True,True,Spanish,None,2026-03-26
PR008549,C008549,False,True,Spanish,Mobile App,2025-12-06
PR008550,C008550,True,True,Spanish,Email,2026-04-27
PR008551,C008551,True,False,English,Mobile App,2024-03-06
PR008552,C008552,True,True,Spanish,Mobile App,2024-08-10
PR008553,C008553,False,True,Spanish,Mobile App,2026-01-01
PR008554,C008554,True,False,English,Email,2025-03-17
PR008555,C008555,False,True,English,Email,2026-06-19
PR008556,C008556,True,True,English,None,2026-06-17
PR008557,C008557,False,False,English,None,2024-07-29
PR008558,C008558,False,True,English,Mobile App,2023-11-09
PR008559,C008559,True,False,English,None,2023-06-15
PR008560,C008560,False,True,English,None,2023-07-10
PR008561,C008561,True,False,English,Mobile App,2025-06-08
PR008562,C008562,True,True,Spanish,SMS,2024-12-21
PR008563,C008563,True,False,Spanish,None,2024-11-14
PR008564,C008564,True,True,English,SMS,2024-05-29
PR008565,C008565,False,True,English,Mobile App,2026-01-17
PR008566,C008566,True,True,English,Mobile App,2026-03-24
PR008567,C008567,True,True,English,Email,2026-04-05
PR008568,C008568,True,True,English,Email,2024-06-10
PR008569,C008569,False,True,English,Mobile App,2024-09-18
PR008570,C008570,True,True,English,Mobile App,2024-04-06
PR008571,C008571,False,True,English,None,2026-04-14
PR008572,C008572,True,False,English,None,2024-11-01
PR008573,C008573,True,True,English,Email,2026-06-28
PR008574,C008574,False,True,English,SMS,2025-03-10
PR008575,C008575,True,True,English,Email,2022-11-11
PR008576,C008576,True,True,English,Mobile App,2026-06-20
PR008577,C008577,True,False,Spanish,None,2026-06-15
PR008578,C008578,True,True,English,Email,2026-06-29
PR008579,C008579,True,False,English,SMS,2025-08-11
PR008580,C008580,False,False,English,Email,2025-11-02
PR008581,C008581,True,False,English,Mobile App,2023-05-18
PR008582,C008582,True,True,Spanish,SMS,2023-06-28
PR008583,C008583,False,True,English,None,2024-01-10
PR008584,C008584,True,True,Spanish,Email,2024-11-01
PR008585,C008585,False,False,Spanish,Mobile App,2025-05-16
PR008586,C008586,True,True,English,Email,2026-06-14
PR008587,C008587,True,True,English,SMS,2024-07-16
PR008588,C008588,True,True,English,None,2022-11-04
PR008589,C008589,True,True,Spanish,Mobile App,2023-08-08
PR008590,C008590,True,True,English,Email,2023-04-22
PR008591,C008591,True,True,English,None,2024-10-09
PR008592,C008592,True,True,English,None,2025-06-14
PR008593,C008593,False,True,English,Mobile App,2025-08-11
PR008594,C008594,False,False,English,SMS,2025-07-21
PR008595,C008595,False,False,English,Mobile App,2026-04-08
PR008596,C008596,False,True,English,Mobile App,2025-02-23
PR008597,C008597,True,True,English,None,2025-03-14
PR008598,C008598,True,True,English,Mobile App,2025-10-31
PR008599,C008599,False,True,English,None,2024-04-18
PR008600,C008600,False,True,English,SMS,2024-01-26
PR008601,C008601,True,True,Spanish,SMS,2025-02-16
PR008602,C008602,True,False,English,Email,2025-10-05
PR008603,C008603,True,False,Spanish,Email,2025-12-25
PR008604,C008604,True,False,English,Email,2026-05-30
PR008605,C008605,False,True,English,None,2025-03-07
PR008606,C008606,False,True,English,SMS,2024-05-27
PR008607,C008607,True,False,English,None,2025-08-01
PR008608,C008608,True,True,Spanish,Mobile App,2026-03-01
PR008609,C008609,True,False,Spanish,None,2024-09-16
PR008610,C008610,False,True,English,None,2023-04-08
PR008611,C008611,True,True,English,Email,2026-06-29
PR008612,C008612,True,True,Spanish,Email,2025-07-30
PR008613,C008613,True,True,English,Email,2026-06-22
PR008614,C008614,True,True,English,SMS,2026-05-22
PR008615,C008615,True,True,English,Email,2024-11-11
PR008616,C008616,False,True,Spanish,Mobile App,2025-03-03
PR008617,C008617,True,False,English,Mobile App,2026-01-26
PR008618,C008618,True,False,English,None,2026-04-10
PR008619,C008619,True,False,Spanish,None,2025-09-20
PR008620,C008620,True,True,Spanish,None,2025-09-18
PR008621,C008621,True,False,Spanish,None,2026-04-23
PR008622,C008622,False,True,Spanish,SMS,2026-02-11
PR008623,C008623,False,False,Spanish,SMS,2024-07-12
PR008624,C008624,False,True,English,Mobile App,2023-10-16
PR008625,C008625,True,True,Spanish,Mobile App,2024-08-23
PR008626,C008626,False,True,Spanish,Email,2025-04-27
PR008627,C008627,True,True,English,Mobile App,2026-06-23
PR008628,C008628,True,True,English,None,2024-09-10
PR008629,C008629,True,True,English,Email,2026-06-16
PR008630,C008630,True,False,English,SMS,2026-07-01
PR008631,C008631,True,False,English,Email,2026-03-10
PR008632,C008632,True,False,English,Mobile App,2026-01-21
PR008633,C008633,True,True,English,Email,2026-01-17
PR008634,C008634,True,False,English,Email,2025-11-09
PR008635,C008635,True,True,Spanish,Email,2022-04-15
PR008636,C008636,True,True,English,SMS,2026-04-25
PR008637,C008637,True,True,Spanish,None,2025-08-02
PR008638,C008638,True,True,Spanish,Email,2026-01-11
PR008639,C008639,True,False,English,None,2025-05-15
PR008640,C008640,True,True,Spanish,None,2024-10-19
PR008641,C008641,True,True,Spanish,Mobile App,2026-06-22
PR008642,C008642,False,True,English,SMS,2025-08-10
PR008643,C008643,True,True,Spanish,SMS,2026-06-10
PR008644,C008644,True,True,English,None,2025-10-23
PR008645,C008645,True,True,English,SMS,2026-04-02
PR008646,C008646,True,True,English,SMS,2026-05-12
PR008647,C008647,True,True,Spanish,Mobile App,2024-06-01
PR008648,C008648,True,False,Spanish,Mobile App,2025-02-08
PR008649,C008649,True,True,Spanish,SMS,2026-04-17
PR008650,C008650,True,False,English,Email,2026-05-26
PR008651,C008651,True,True,Spanish,SMS,2026-06-17
PR008652,C008652,True,False,Spanish,Email,2025-12-18
PR008653,C008653,False,True,Spanish,Email,2024-05-13
PR008654,C008654,True,True,Spanish,None,2025-08-17
PR008655,C008655,True,False,English,SMS,2025-12-17
PR008656,C008656,True,True,English,Mobile App,2026-05-18
PR008657,C008657,True,False,English,Mobile App,2022-11-20
PR008658,C008658,True,True,English,Email,2026-06-17
PR008659,C008659,True,False,English,Email,2025-09-08
PR008660,C008660,True,False,English,Mobile App,2024-06-23
PR008661,C008661,False,True,English,Email,2026-05-31
PR008662,C008662,True,True,English,Email,2022-09-29
PR008663,C008663,True,True,Spanish,SMS,2026-06-10
PR008664,C008664,True,False,English,Email,2024-10-09
PR008665,C008665,True,True,English,SMS,2026-06-28
PR008666,C008666,True,False,English,Email,2026-05-20
PR008667,C008667,False,True,English,Mobile App,2025-10-05
PR008668,C008668,False,True,English,Mobile App,2025-10-14
PR008669,C008669,True,True,Spanish,None,2025-12-27
PR008670,C008670,False,False,English,Email,2026-06-01
PR008671,C008671,True,True,English,SMS,2025-01-09
PR008672,C008672,True,False,English,Mobile App,2022-01-07
PR008673,C008673,True,True,English,None,2023-03-11
PR008674,C008674,True,True,Spanish,Mobile App,2026-04-12
PR008675,C008675,False,False,English,None,2026-06-06
PR008676,C008676,True,True,Spanish,Email,2026-05-26
PR008677,C008677,False,True,English,SMS,2023-11-29
PR008678,C008678,False,False,English,Mobile App,2026-03-07
PR008679,C008679,True,False,English,None,2026-01-26
PR008680,C008680,True,True,English,Mobile App,2025-09-03
PR008681,C008681,True,True,Spanish,Email,2026-06-11
PR008682,C008682,True,True,English,SMS,2026-01-15
PR008683,C008683,True,True,Spanish,SMS,2024-03-21
PR008684,C008684,True,True,English,Mobile App,2026-02-24
PR008685,C008685,True,True,English,None,2024-02-21
PR008686,C008686,False,False,Spanish,Email,2026-04-06
PR008687,C008687,True,True,English,Email,2024-04-10
PR008688,C008688,True,False,Spanish,SMS,2024-12-30
PR008689,C008689,True,True,English,None,2024-12-02
PR008690,C008690,False,True,English,None,2026-04-11
PR008691,C008691,True,False,Spanish,Mobile App,2026-06-07
PR008692,C008692,True,True,English,Mobile App,2026-06-19
PR008693,C008693,False,True,English,Email,2025-06-17
PR008694,C008694,True,False,Spanish,Mobile App,2026-06-28
PR008695,C008695,True,False,English,SMS,2024-11-22
PR008696,C008696,False,True,Spanish,Email,2026-02-06
PR008697,C008697,False,True,Spanish,Email,2022-08-05
PR008698,C008698,True,True,English,None,2025-04-19
PR008699,C008699,True,True,English,Email,2024-01-15
PR008700,C008700,True,False,English,Email,2024-08-11
PR008701,C008701,False,False,English,None,2025-06-28
PR008702,C008702,True,False,English,Email,2025-09-03
PR008703,C008703,True,True,English,Mobile App,2025-06-12
PR008704,C008704,False,True,Spanish,None,2024-02-05
PR008705,C008705,True,False,English,SMS,2025-12-07
PR008706,C008706,True,False,Spanish,Email,2025-11-02
PR008707,C008707,False,True,English,SMS,2022-02-25
PR008708,C008708,True,True,Spanish,None,2025-10-19
PR008709,C008709,True,False,Spanish,None,2023-06-08
PR008710,C008710,True,False,English,None,2025-08-30
PR008711,C008711,True,True,English,Email,2025-08-17
PR008712,C008712,True,True,Spanish,SMS,2025-02-12
PR008713,C008713,True,True,English,SMS,2026-05-04
PR008714,C008714,True,False,English,SMS,2024-07-13
PR008715,C008715,True,True,English,Mobile App,2026-05-09
PR008716,C008716,True,True,Spanish,None,2023-12-16
PR008717,C008717,True,True,English,Mobile App,2025-10-07
PR008718,C008718,True,True,Spanish,None,2025-05-10
PR008719,C008719,True,True,English,Mobile App,2025-12-27
PR008720,C008720,False,False,English,None,2024-01-13
PR008721,C008721,True,False,English,SMS,2026-03-06
PR008722,C008722,True,True,English,Mobile App,2025-01-14
PR008723,C008723,False,True,Spanish,SMS,2026-06-19
PR008724,C008724,True,True,English,SMS,2026-02-17
PR008725,C008725,False,False,Spanish,Mobile App,2025-06-10
PR008726,C008726,True,False,English,Email,2025-11-21
PR008727,C008727,False,False,Spanish,Mobile App,2025-11-04
PR008728,C008728,True,False,Spanish,Mobile App,2026-03-06
PR008729,C008729,True,True,English,SMS,2026-04-02
PR008730,C008730,True,True,English,Email,2024-10-07
PR008731,C008731,True,True,English,Mobile App,2026-03-02
PR008732,C008732,True,False,English,SMS,2022-12-14
PR008733,C008733,True,True,Spanish,Mobile App,2026-06-03
PR008734,C008734,True,False,English,None,2025-05-06
PR008735,C008735,True,True,Spanish,SMS,2024-07-30
PR008736,C008736,True,True,English,Email,2024-02-24
PR008737,C008737,True,True,Spanish,SMS,2026-06-11
PR008738,C008738,True,False,English,None,2026-04-02
PR008739,C008739,True,True,English,SMS,2022-11-14
PR008740,C008740,True,False,English,Email,2024-01-23
PR008741,C008741,True,True,English,SMS,2026-01-11
PR008742,C008742,True,False,English,Mobile App,2025-08-21
PR008743,C008743,True,True,English,Email,2023-09-10
PR008744,C008744,False,False,English,SMS,2025-06-11
PR008745,C008745,False,True,English,SMS,2026-02-26
PR008746,C008746,True,False,English,Email,2024-06-05
PR008747,C008747,False,True,English,Mobile App,2022-12-30
PR008748,C008748,True,True,English,Email,2026-04-28
PR008749,C008749,False,True,English,Mobile App,2026-06-16
PR008750,C008750,True,False,English,SMS,2026-01-15
PR008751,C008751,False,True,English,Email,2024-01-29
PR008752,C008752,True,True,English,Mobile App,2025-12-10
PR008753,C008753,True,True,English,SMS,2026-05-13
PR008754,C008754,False,True,English,None,2026-06-24
PR008755,C008755,False,False,English,None,2025-05-18
PR008756,C008756,True,True,English,Mobile App,2025-04-24
PR008757,C008757,True,True,English,SMS,2023-05-12
PR008758,C008758,True,True,English,Email,2024-09-10
PR008759,C008759,False,True,Spanish,Email,2023-12-17
PR008760,C008760,False,True,English,Mobile App,2024-03-24
PR008761,C008761,True,True,Spanish,SMS,2025-12-28
PR008762,C008762,True,False,English,Mobile App,2025-04-15
PR008763,C008763,False,True,Spanish,Mobile App,2026-02-26
PR008764,C008764,True,True,Spanish,SMS,2026-03-03
PR008765,C008765,False,False,Spanish,Mobile App,2022-09-08
PR008766,C008766,True,True,Spanish,Mobile App,2025-04-19
PR008767,C008767,True,True,English,Mobile App,2026-02-26
PR008768,C008768,False,False,English,None,2025-01-25
PR008769,C008769,False,True,English,Mobile App,2026-03-15
PR008770,C008770,False,True,English,None,2025-03-19
PR008771,C008771,True,True,English,SMS,2026-06-25
PR008772,C008772,False,False,English,SMS,2025-10-06
PR008773,C008773,True,True,English,None,2024-04-12
PR008774,C008774,True,False,Spanish,None,2023-08-28
PR008775,C008775,True,True,English,SMS,2025-01-15
PR008776,C008776,False,True,Spanish,SMS,2025-02-02
PR008777,C008777,False,True,English,Email,2025-03-16
PR008778,C008778,True,True,English,Email,2026-05-22
PR008779,C008779,True,True,Spanish,Email,2024-04-12
PR008780,C008780,False,False,English,Mobile App,2024-05-28
PR008781,C008781,True,False,English,SMS,2026-06-25
PR008782,C008782,True,True,English,Email,2023-11-12
PR008783,C008783,True,True,English,Mobile App,2026-02-16
PR008784,C008784,True,True,English,Mobile App,2025-12-28
PR008785,C008785,True,False,English,None,2025-05-10
PR008786,C008786,True,True,Spanish,Email,2026-06-14
PR008787,C008787,False,False,English,Email,2024-07-23
PR008788,C008788,True,True,English,Email,2024-03-26
PR008789,C008789,True,True,English,SMS,2025-10-06
PR008790,C008790,True,True,English,None,2026-07-02
PR008791,C008791,True,True,Spanish,Email,2023-12-13
PR008792,C008792,True,True,English,None,2024-10-20
PR008793,C008793,True,False,English,None,2026-07-03
PR008794,C008794,True,True,English,SMS,2026-07-05
PR008795,C008795,False,False,Spanish,Mobile App,2025-11-11
PR008796,C008796,True,True,English,Mobile App,2026-04-04
PR008797,C008797,False,True,English,None,2026-04-28
PR008798,C008798,False,True,English,None,2026-05-29
PR008799,C008799,True,False,English,Email,2026-04-04
PR008800,C008800,False,False,Spanish,SMS,2024-06-22
PR008801,C008801,True,True,Spanish,SMS,2024-02-02
PR008802,C008802,True,False,English,SMS,2022-12-27
PR008803,C008803,True,True,English,SMS,2025-11-06
PR008804,C008804,True,False,Spanish,SMS,2023-03-24
PR008805,C008805,True,False,English,SMS,2025-12-24
PR008806,C008806,False,True,Spanish,None,2025-05-22
PR008807,C008807,True,False,English,SMS,2025-05-13
PR008808,C008808,False,True,Spanish,Mobile App,2025-05-30
PR008809,C008809,True,False,English,Mobile App,2022-08-14
PR008810,C008810,False,True,English,None,2024-10-17
PR008811,C008811,True,False,English,Mobile App,2025-04-15
PR008812,C008812,True,True,English,Email,2026-06-26
PR008813,C008813,True,True,English,SMS,2023-02-07
PR008814,C008814,True,True,English,Mobile App,2026-06-20
PR008815,C008815,True,False,English,None,2026-06-09
PR008816,C008816,True,True,English,Email,2024-11-05
PR008817,C008817,True,True,English,SMS,2022-07-14
PR008818,C008818,True,True,English,Email,2024-12-21
PR008819,C008819,False,True,English,Email,2024-09-04
PR008820,C008820,True,True,English,Email,2025-11-19
PR008821,C008821,True,True,English,None,2023-01-05
PR008822,C008822,True,True,English,SMS,2026-02-09
PR008823,C008823,True,True,English,Email,2022-01-01
PR008824,C008824,False,False,English,Email,2024-11-07
PR008825,C008825,False,True,English,None,2024-06-15
PR008826,C008826,True,True,English,Email,2026-03-14
PR008827,C008827,False,False,English,Mobile App,2025-11-10
PR008828,C008828,True,True,English,SMS,2026-01-20
PR008829,C008829,True,True,Spanish,Mobile App,2025-11-27
PR008830,C008830,True,True,English,Mobile App,2022-12-31
PR008831,C008831,False,True,English,SMS,2026-03-29
PR008832,C008832,True,True,Spanish,Mobile App,2024-05-26
PR008833,C008833,True,True,English,Mobile App,2025-09-18
PR008834,C008834,True,True,English,None,2025-01-23
PR008835,C008835,True,False,English,Email,2026-03-22
PR008836,C008836,True,False,English,SMS,2022-06-14
PR008837,C008837,False,False,English,Mobile App,2026-04-21
PR008838,C008838,True,True,English,Mobile App,2025-12-05
PR008839,C008839,True,True,English,SMS,2026-04-13
PR008840,C008840,True,True,English,Mobile App,2025-06-25
PR008841,C008841,True,True,English,Email,2025-11-20
PR008842,C008842,True,True,English,None,2023-12-02
PR008843,C008843,True,False,English,Email,2024-10-07
PR008844,C008844,True,True,Spanish,Email,2026-05-01
PR008845,C008845,True,True,English,None,2024-09-13
PR008846,C008846,True,False,English,Email,2026-07-02
PR008847,C008847,True,True,English,Email,2026-05-31
PR008848,C008848,True,True,English,SMS,2025-10-04
PR008849,C008849,False,False,English,Mobile App,2026-06-15
PR008850,C008850,True,True,English,SMS,2026-04-21
PR008851,C008851,True,False,English,None,2024-06-26
PR008852,C008852,True,False,English,Email,2026-06-28
PR008853,C008853,True,True,Spanish,Email,2025-08-04
PR008854,C008854,True,True,English,None,2024-10-06
PR008855,C008855,True,False,English,None,2025-05-25
PR008856,C008856,True,True,Spanish,Mobile App,2026-02-02
PR008857,C008857,True,False,English,Email,2024-03-18
PR008858,C008858,False,True,Spanish,SMS,2025-10-10
PR008859,C008859,True,True,Spanish,None,2023-06-05
PR008860,C008860,False,True,English,Mobile App,2024-03-25
PR008861,C008861,True,False,English,Email,2023-09-29
PR008862,C008862,True,True,English,Mobile App,2026-02-28
PR008863,C008863,True,False,English,SMS,2022-08-10
PR008864,C008864,True,False,Spanish,Email,2024-05-12
PR008865,C008865,True,True,Spanish,Email,2026-05-09
PR008866,C008866,True,True,English,Email,2026-01-20
PR008867,C008867,True,True,English,SMS,2024-03-09
PR008868,C008868,False,False,English,Email,2022-09-08
PR008869,C008869,True,True,English,None,2025-04-09
PR008870,C008870,True,False,English,None,2024-09-10
PR008871,C008871,True,True,Spanish,Email,2022-09-17
PR008872,C008872,False,True,Spanish,Email,2023-10-25
PR008873,C008873,True,False,Spanish,SMS,2026-03-16
PR008874,C008874,True,True,English,Mobile App,2026-07-06
PR008875,C008875,False,True,English,SMS,2026-01-01
PR008876,C008876,True,True,English,None,2025-04-03
PR008877,C008877,True,False,English,None,2026-06-19
PR008878,C008878,True,False,Spanish,Mobile App,2023-08-02
PR008879,C008879,True,False,Spanish,Mobile App,2026-01-07
PR008880,C008880,False,True,English,SMS,2026-05-20
PR008881,C008881,True,False,English,Email,2026-01-22
PR008882,C008882,False,True,English,SMS,2026-04-17
PR008883,C008883,True,True,English,SMS,2025-11-02
PR008884,C008884,True,False,Spanish,Mobile App,2026-02-09
PR008885,C008885,True,True,English,None,2024-09-10
PR008886,C008886,False,True,English,Mobile App,2023-04-17
PR008887,C008887,True,True,English,Mobile App,2025-09-28
PR008888,C008888,True,False,English,Mobile App,2024-10-06
PR008889,C008889,False,False,Spanish,Mobile App,2023-04-12
PR008890,C008890,True,False,Spanish,Mobile App,2026-06-21
PR008891,C008891,False,False,Spanish,None,2026-06-16
PR008892,C008892,True,True,English,Email,2025-04-19
PR008893,C008893,True,True,Spanish,Mobile App,2025-06-18
PR008894,C008894,True,True,English,Mobile App,2023-11-28
PR008895,C008895,True,True,English,None,2023-03-06
PR008896,C008896,True,True,English,SMS,2026-03-29
PR008897,C008897,False,False,English,SMS,2024-12-07
PR008898,C008898,True,True,Spanish,None,2026-05-08
PR008899,C008899,True,True,English,Email,2022-12-03
PR008900,C008900,True,False,English,Mobile App,2024-10-06
PR008901,C008901,False,False,English,Mobile App,2025-07-31
PR008902,C008902,False,True,English,Email,2023-05-27
PR008903,C008903,True,False,English,None,2024-11-27
PR008904,C008904,False,True,English,Mobile App,2026-06-09
PR008905,C008905,True,True,Spanish,Email,2025-12-14
PR008906,C008906,True,True,Spanish,Email,2026-03-10
PR008907,C008907,True,True,English,None,2025-01-04
PR008908,C008908,False,True,English,Email,2026-06-06
PR008909,C008909,False,True,English,None,2025-08-20
PR008910,C008910,True,False,English,Email,2023-09-08
PR008911,C008911,True,False,Spanish,None,2023-11-07
PR008912,C008912,True,True,English,Email,2026-01-05
PR008913,C008913,True,True,English,Email,2024-12-12
PR008914,C008914,True,False,English,Mobile App,2025-06-05
PR008915,C008915,True,True,English,SMS,2025-03-05
PR008916,C008916,True,True,English,SMS,2024-01-30
PR008917,C008917,True,True,Spanish,Mobile App,2024-01-21
PR008918,C008918,True,True,English,None,2026-01-03
PR008919,C008919,True,True,Spanish,Email,2026-06-11
PR008920,C008920,True,True,English,Mobile App,2026-04-17
PR008921,C008921,True,False,English,SMS,2025-09-17
PR008922,C008922,False,True,English,Email,2025-08-26
PR008923,C008923,True,True,English,SMS,2023-12-17
PR008924,C008924,False,False,English,Mobile App,2026-07-01
PR008925,C008925,True,True,Spanish,SMS,2025-03-04
PR008926,C008926,True,True,Spanish,Email,2026-05-30
PR008927,C008927,True,True,English,Email,2026-02-15
PR008928,C008928,True,True,Spanish,Mobile App,2023-11-04
PR008929,C008929,True,True,English,Mobile App,2022-11-09
PR008930,C008930,False,False,English,SMS,2026-01-14
PR008931,C008931,True,False,English,None,2026-03-26
PR008932,C008932,True,False,English,Email,2026-06-23
PR008933,C008933,True,True,English,None,2023-11-18
PR008934,C008934,True,False,English,Email,2026-01-07
PR008935,C008935,True,True,English,SMS,2025-04-11
PR008936,C008936,False,False,English,SMS,2025-07-06
PR008937,C008937,True,True,English,Mobile App,2024-12-04
PR008938,C008938,True,False,Spanish,None,2025-11-22
PR008939,C008939,True,True,English,SMS,2025-02-15
PR008940,C008940,False,True,English,Email,2026-07-07
PR008941,C008941,True,True,English,Email,2023-12-13
PR008942,C008942,False,False,English,SMS,2026-03-14
PR008943,C008943,True,True,English,Email,2023-09-06
PR008944,C008944,False,False,Spanish,Mobile App,2024-06-04
PR008945,C008945,False,True,English,Mobile App,2024-07-17
PR008946,C008946,True,False,English,SMS,2023-07-04
PR008947,C008947,True,True,English,None,2026-07-02
PR008948,C008948,True,True,English,None,2023-03-23
PR008949,C008949,False,False,English,SMS,2022-09-30
PR008950,C008950,True,True,Spanish,SMS,2025-05-29
PR008951,C008951,True,True,English,Mobile App,2025-06-29
PR008952,C008952,True,True,English,Mobile App,2022-05-13
PR008953,C008953,False,True,English,Email,2026-05-23
PR008954,C008954,True,True,English,SMS,2024-03-26
PR008955,C008955,True,True,English,SMS,2024-08-17
PR008956,C008956,True,True,Spanish,Mobile App,2024-03-26
PR008957,C008957,False,False,English,Mobile App,2026-06-18
PR008958,C008958,True,True,English,None,2024-05-08
PR008959,C008959,False,True,English,SMS,2022-12-12
PR008960,C008960,True,False,English,SMS,2025-08-14
PR008961,C008961,True,True,Spanish,None,2022-06-30
PR008962,C008962,False,True,English,SMS,2026-06-28
PR008963,C008963,True,False,English,SMS,2024-12-18
PR008964,C008964,True,False,English,None,2025-02-26
PR008965,C008965,True,False,English,Email,2024-05-14
PR008966,C008966,False,True,English,Mobile App,2023-08-29
PR008967,C008967,True,False,English,SMS,2026-04-21
PR008968,C008968,True,True,English,None,2025-03-16
PR008969,C008969,True,True,English,SMS,2024-06-23
PR008970,C008970,False,True,Spanish,SMS,2024-09-20
PR008971,C008971,True,False,English,Email,2025-12-13
PR008972,C008972,True,False,English,None,2025-11-01
PR008973,C008973,True,False,English,None,2025-04-14
PR008974,C008974,True,False,English,Mobile App,2025-08-08
PR008975,C008975,True,True,English,SMS,2025-07-18
PR008976,C008976,True,True,English,Mobile App,2024-12-07
PR008977,C008977,True,True,English,Mobile App,2026-04-07
PR008978,C008978,False,False,English,Mobile App,2022-10-06
PR008979,C008979,True,True,English,SMS,2026-03-26
PR008980,C008980,False,False,English,Email,2024-12-31
PR008981,C008981,True,True,English,Mobile App,2024-07-29
PR008982,C008982,True,False,English,Email,2026-01-11
PR008983,C008983,True,False,English,Mobile App,2026-04-02
PR008984,C008984,False,True,English,SMS,2025-02-02
PR008985,C008985,False,True,English,None,2026-01-06
PR008986,C008986,True,True,English,SMS,2026-05-20
PR008987,C008987,True,False,English,None,2023-03-14
PR008988,C008988,True,False,English,Mobile App,2022-04-23
PR008989,C008989,True,True,English,Mobile App,2025-12-15
PR008990,C008990,True,True,Spanish,None,2026-07-05
PR008991,C008991,True,True,English,SMS,2026-04-20
PR008992,C008992,True,True,Spanish,Email,2025-02-26
PR008993,C008993,True,True,English,None,2026-02-08
PR008994,C008994,False,False,Spanish,SMS,2024-11-28
PR008995,C008995,False,True,Spanish,None,2024-06-30
PR008996,C008996,True,True,Spanish,SMS,2026-03-17
PR008997,C008997,False,True,Spanish,None,2025-10-15
PR008998,C008998,True,False,English,SMS,2021-11-29
PR008999,C008999,True,False,English,SMS,2023-08-28
PR009000,C009000,False,True,English,Email,2023-06-25
PR009001,C009001,False,True,English,SMS,2025-08-07
PR009002,C009002,True,True,English,Mobile App,2022-05-11
PR009003,C009003,True,True,English,SMS,2026-03-13
PR009004,C009004,True,False,English,None,2026-06-25
PR009005,C009005,True,True,English,None,2026-07-07
PR009006,C009006,False,False,English,SMS,2026-06-23
PR009007,C009007,False,True,Spanish,Email,2026-05-07
PR009008,C009008,True,True,Spanish,Email,2022-09-03
PR009009,C009009,True,False,Spanish,Email,2026-04-11
PR009010,C009010,True,True,Spanish,None,2023-10-31
PR009011,C009011,False,True,Spanish,SMS,2025-05-07
PR009012,C009012,True,True,Spanish,Mobile App,2026-06-23
PR009013,C009013,True,False,English,Mobile App,2024-08-17
PR009014,C009014,True,True,English,Email,2026-01-08
PR009015,C009015,True,True,English,None,2022-11-03
PR009016,C009016,True,False,Spanish,Email,2023-10-14
PR009017,C009017,False,True,English,SMS,2026-06-30
PR009018,C009018,False,False,English,Email,2025-10-10
PR009019,C009019,False,True,English,Mobile App,2023-04-12
PR009020,C009020,True,False,Spanish,Email,2026-05-04
PR009021,C009021,True,False,English,SMS,2026-03-05
PR009022,C009022,True,False,English,Email,2024-09-24
PR009023,C009023,True,False,English,Mobile App,2025-10-04
PR009024,C009024,False,True,English,Mobile App,2025-10-13
PR009025,C009025,True,False,English,Mobile App,2023-08-17
PR009026,C009026,True,False,English,None,2024-05-20
PR009027,C009027,True,True,English,None,2026-06-11
PR009028,C009028,True,False,Spanish,Email,2025-11-16
PR009029,C009029,True,True,Spanish,Email,2025-09-22
PR009030,C009030,False,True,English,None,2023-08-21
PR009031,C009031,True,True,English,SMS,2024-11-27
PR009032,C009032,True,False,Spanish,Email,2025-11-28
PR009033,C009033,True,True,English,Mobile App,2025-09-14
PR009034,C009034,True,True,Spanish,None,2024-06-30
PR009035,C009035,False,True,English,Email,2025-11-13
PR009036,C009036,True,True,English,SMS,2024-10-09
PR009037,C009037,True,False,Spanish,Email,2026-01-10
PR009038,C009038,True,True,English,Mobile App,2026-01-23
PR009039,C009039,True,True,English,SMS,2026-03-01
PR009040,C009040,True,True,English,None,2024-12-04
PR009041,C009041,True,True,English,SMS,2025-12-10
PR009042,C009042,True,False,Spanish,None,2026-06-07
PR009043,C009043,False,True,English,SMS,2023-08-26
PR009044,C009044,True,True,English,Mobile App,2024-06-20
PR009045,C009045,False,True,Spanish,Email,2026-03-29
PR009046,C009046,True,False,English,SMS,2025-04-15
PR009047,C009047,False,True,English,Email,2025-06-14
PR009048,C009048,True,True,English,None,2026-01-10
PR009049,C009049,False,False,English,SMS,2026-07-02
PR009050,C009050,True,True,Spanish,None,2026-02-10
PR009051,C009051,True,True,English,SMS,2024-03-07
PR009052,C009052,False,True,Spanish,Mobile App,2026-04-30
PR009053,C009053,True,True,English,Mobile App,2026-06-22
PR009054,C009054,True,True,English,Mobile App,2025-04-08
PR009055,C009055,True,True,Spanish,SMS,2025-05-15
PR009056,C009056,True,False,Spanish,Email,2025-12-06
PR009057,C009057,True,True,English,None,2022-07-12
PR009058,C009058,True,True,Spanish,Email,2026-06-01
PR009059,C009059,False,False,English,None,2024-12-21
PR009060,C009060,False,False,English,Email,2026-06-23
PR009061,C009061,False,True,Spanish,Email,2024-03-20
PR009062,C009062,True,False,English,SMS,2026-04-02
PR009063,C009063,False,False,English,Mobile App,2026-03-15
PR009064,C009064,True,True,English,SMS,2025-10-03
PR009065,C009065,True,False,English,SMS,2025-03-24
PR009066,C009066,True,False,English,None,2026-01-02
PR009067,C009067,True,False,English,Email,2024-12-20
PR009068,C009068,True,False,English,Mobile App,2025-12-15
PR009069,C009069,False,False,English,SMS,2026-05-28
PR009070,C009070,False,True,English,SMS,2024-11-24
PR009071,C009071,True,False,English,None,2024-06-13
PR009072,C009072,True,False,English,Email,2026-06-07
PR009073,C009073,False,False,English,None,2025-10-11
PR009074,C009074,False,True,Spanish,None,2024-08-22
PR009075,C009075,False,True,English,Email,2024-01-01
PR009076,C009076,True,False,English,Email,2024-12-20
PR009077,C009077,True,True,English,None,2025-11-05
PR009078,C009078,True,False,English,Mobile App,2025-12-03
PR009079,C009079,True,True,Spanish,Mobile App,2026-03-08
PR009080,C009080,True,True,English,Mobile App,2024-06-22
PR009081,C009081,True,True,English,Email,2026-02-13
PR009082,C009082,False,False,Spanish,Mobile App,2026-04-09
PR009083,C009083,True,True,English,Mobile App,2024-05-13
PR009084,C009084,False,True,English,None,2023-04-11
PR009085,C009085,True,True,Spanish,SMS,2025-08-06
PR009086,C009086,True,True,English,Mobile App,2024-10-14
PR009087,C009087,True,False,English,None,2024-12-09
PR009088,C009088,True,True,English,Mobile App,2026-07-04
PR009089,C009089,True,True,Spanish,Email,2025-12-07
PR009090,C009090,True,True,English,Mobile App,2025-02-25
PR009091,C009091,True,True,English,SMS,2024-02-15
PR009092,C009092,False,False,Spanish,SMS,2026-01-23
PR009093,C009093,True,True,English,None,2026-03-12
PR009094,C009094,True,True,English,None,2024-09-04
PR009095,C009095,True,True,English,None,2024-10-18
PR009096,C009096,True,False,Spanish,SMS,2026-04-11
PR009097,C009097,True,False,English,Mobile App,2024-09-05
PR009098,C009098,True,True,English,Mobile App,2026-05-26
PR009099,C009099,True,True,English,None,2024-01-24
PR009100,C009100,True,True,Spanish,SMS,2026-05-05
PR009101,C009101,True,True,English,Email,2022-02-27
PR009102,C009102,True,True,English,SMS,2026-06-10
PR009103,C009103,True,True,English,Email,2025-07-09
PR009104,C009104,True,True,English,Mobile App,2025-02-23
PR009105,C009105,True,True,English,Mobile App,2026-04-10
PR009106,C009106,True,False,English,SMS,2026-01-17
PR009107,C009107,False,True,English,Mobile App,2024-05-01
PR009108,C009108,True,True,English,SMS,2025-09-27
PR009109,C009109,False,True,English,Email,2026-06-08
PR009110,C009110,True,False,English,Email,2026-02-22
PR009111,C009111,False,False,English,Mobile App,2026-06-06
PR009112,C009112,False,True,Spanish,Email,2026-06-29
PR009113,C009113,True,True,Spanish,SMS,2025-10-14
PR009114,C009114,True,True,Spanish,None,2026-04-27
PR009115,C009115,True,True,English,None,2023-04-29
PR009116,C009116,True,True,English,Email,2022-01-24
PR009117,C009117,True,False,Spanish,Email,2022-09-05
PR009118,C009118,True,False,English,None,2026-05-28
PR009119,C009119,False,True,English,SMS,2024-06-11
PR009120,C009120,True,True,English,Email,2025-03-31
PR009121,C009121,False,False,English,SMS,2022-09-24
PR009122,C009122,True,True,Spanish,None,2023-10-04
PR009123,C009123,True,False,English,SMS,2024-07-08
PR009124,C009124,True,True,English,None,2025-06-17
PR009125,C009125,True,True,English,None,2025-12-03
PR009126,C009126,True,False,English,Mobile App,2023-11-21
PR009127,C009127,False,False,English,SMS,2025-10-22
PR009128,C009128,True,False,English,SMS,2024-05-12
PR009129,C009129,True,True,Spanish,Mobile App,2025-02-21
PR009130,C009130,True,False,English,None,2023-06-27
PR009131,C009131,True,True,Spanish,Mobile App,2026-04-01
PR009132,C009132,True,False,English,None,2026-05-27
PR009133,C009133,True,True,English,Mobile App,2024-08-25
PR009134,C009134,True,True,English,None,2023-10-09
PR009135,C009135,True,False,English,None,2026-03-22
PR009136,C009136,True,True,English,Email,2025-12-10
PR009137,C009137,True,True,English,Email,2024-08-05
PR009138,C009138,False,True,English,SMS,2026-07-03
PR009139,C009139,False,True,English,Email,2026-02-07
PR009140,C009140,False,True,Spanish,SMS,2024-05-03
PR009141,C009141,True,False,Spanish,SMS,2024-05-19
PR009142,C009142,True,True,English,None,2022-06-01
PR009143,C009143,False,True,English,SMS,2025-01-20
PR009144,C009144,True,True,English,None,2026-06-22
PR009145,C009145,True,False,English,None,2026-07-07
PR009146,C009146,True,True,English,Mobile App,2024-10-14
PR009147,C009147,False,True,English,Email,2025-08-24
PR009148,C009148,True,False,English,Mobile App,2026-04-11
PR009149,C009149,True,True,Spanish,None,2025-06-05
PR009150,C009150,True,True,English,None,2024-04-13
PR009151,C009151,False,True,English,None,2024-11-21
PR009152,C009152,True,True,English,Mobile App,2025-12-02
PR009153,C009153,True,True,Spanish,Email,2025-07-29
PR009154,C009154,True,True,English,SMS,2025-08-15
PR009155,C009155,True,True,Spanish,Mobile App,2026-01-11
PR009156,C009156,True,True,English,None,2024-11-23
PR009157,C009157,True,True,English,Email,2025-11-03
PR009158,C009158,True,True,Spanish,None,2023-09-03
PR009159,C009159,True,True,English,Email,2026-06-17
PR009160,C009160,False,False,English,Mobile App,2026-05-05
PR009161,C009161,True,True,English,None,2025-11-23
PR009162,C009162,True,True,Spanish,Mobile App,2026-06-15
PR009163,C009163,True,True,English,None,2025-11-30
PR009164,C009164,False,True,English,SMS,2026-01-08
PR009165,C009165,True,True,English,Email,2024-12-22
PR009166,C009166,True,False,Spanish,Email,2025-07-29
PR009167,C009167,True,True,Spanish,Mobile App,2025-01-05
PR009168,C009168,False,True,English,SMS,2022-12-20
PR009169,C009169,True,False,English,Email,2024-01-31
PR009170,C009170,True,False,English,SMS,2026-06-24
PR009171,C009171,False,True,English,SMS,2022-03-26
PR009172,C009172,False,True,Spanish,None,2025-11-12
PR009173,C009173,True,True,English,SMS,2026-07-07
PR009174,C009174,True,True,English,SMS,2025-05-25
PR009175,C009175,True,True,English,SMS,2024-01-27
PR009176,C009176,False,False,English,SMS,2026-04-11
PR009177,C009177,True,False,English,None,2025-09-25
PR009178,C009178,True,True,Spanish,Mobile App,2026-06-01
PR009179,C009179,False,True,English,Mobile App,2025-05-01
PR009180,C009180,True,False,English,SMS,2025-09-11
PR009181,C009181,False,True,English,Email,2026-06-17
PR009182,C009182,True,True,English,Mobile App,2025-07-22
PR009183,C009183,True,False,English,Email,2025-08-09
PR009184,C009184,True,False,English,SMS,2024-01-27
PR009185,C009185,False,True,Spanish,Mobile App,2024-10-31
PR009186,C009186,False,False,English,None,2025-01-12
PR009187,C009187,True,True,English,SMS,2026-05-29
PR009188,C009188,False,True,English,Email,2026-04-28
PR009189,C009189,True,True,English,Mobile App,2026-02-27
PR009190,C009190,True,True,English,None,2025-12-09
PR009191,C009191,True,False,English,Mobile App,2026-04-01
PR009192,C009192,True,True,Spanish,Email,2025-06-15
PR009193,C009193,False,True,English,None,2025-05-27
PR009194,C009194,True,False,Spanish,Email,2025-08-25
PR009195,C009195,True,True,English,Email,2026-01-08
PR009196,C009196,False,True,English,Mobile App,2025-10-04
PR009197,C009197,True,True,English,Email,2025-06-23
PR009198,C009198,False,True,English,SMS,2023-03-27
PR009199,C009199,True,True,English,SMS,2025-07-17
PR009200,C009200,True,True,English,Mobile App,2026-06-25
PR009201,C009201,True,True,English,Mobile App,2024-01-09
PR009202,C009202,True,False,English,Email,2024-10-12
PR009203,C009203,True,True,Spanish,Email,2021-12-16
PR009204,C009204,False,False,English,SMS,2025-03-28
PR009205,C009205,True,False,English,Email,2025-03-11
PR009206,C009206,True,True,Spanish,Mobile App,2026-01-23
PR009207,C009207,True,False,Spanish,None,2025-04-02
PR009208,C009208,True,False,English,Mobile App,2025-04-24
PR009209,C009209,True,True,Spanish,None,2026-04-07
PR009210,C009210,True,True,Spanish,Mobile App,2025-02-03
PR009211,C009211,False,False,English,Email,2022-12-12
PR009212,C009212,True,False,English,Email,2026-04-21
PR009213,C009213,True,False,English,SMS,2025-11-06
PR009214,C009214,False,True,English,SMS,2026-06-18
PR009215,C009215,False,True,English,SMS,2026-06-30
PR009216,C009216,True,True,English,Email,2026-06-01
PR009217,C009217,True,True,English,Email,2023-12-22
PR009218,C009218,False,True,English,None,2024-03-19
PR009219,C009219,True,True,English,Email,2026-02-10
PR009220,C009220,False,False,English,Mobile App,2025-12-06
PR009221,C009221,True,True,English,SMS,2025-08-19
PR009222,C009222,True,False,English,Mobile App,2023-08-29
PR009223,C009223,True,False,Spanish,Email,2025-04-11
PR009224,C009224,True,True,English,SMS,2026-05-19
PR009225,C009225,False,True,Spanish,SMS,2024-07-20
PR009226,C009226,True,True,English,None,2025-05-02
PR009227,C009227,True,False,Spanish,SMS,2026-04-29
PR009228,C009228,True,False,English,Mobile App,2023-07-09
PR009229,C009229,True,False,English,None,2025-05-04
PR009230,C009230,False,True,English,SMS,2026-06-22
PR009231,C009231,True,True,English,None,2024-01-20
PR009232,C009232,True,True,English,Mobile App,2025-02-25
PR009233,C009233,True,False,English,Mobile App,2022-12-02
PR009234,C009234,True,True,Spanish,SMS,2025-09-29
PR009235,C009235,True,False,English,Email,2025-06-04
PR009236,C009236,True,False,English,SMS,2025-07-08
PR009237,C009237,True,True,Spanish,SMS,2026-02-22
PR009238,C009238,False,True,English,SMS,2026-02-11
PR009239,C009239,True,True,English,None,2026-01-30
PR009240,C009240,True,True,English,Email,2025-07-23
PR009241,C009241,False,False,Spanish,Email,2024-09-16
PR009242,C009242,True,True,Spanish,Email,2026-04-13
PR009243,C009243,True,False,English,None,2024-07-21
PR009244,C009244,True,True,Spanish,SMS,2023-12-21
PR009245,C009245,True,True,Spanish,None,2026-03-25
PR009246,C009246,True,True,English,Email,2022-11-02
PR009247,C009247,True,True,Spanish,None,2025-01-26
PR009248,C009248,False,True,English,Mobile App,2024-08-25
PR009249,C009249,True,False,English,Email,2025-09-30
PR009250,C009250,True,False,English,Mobile App,2026-01-17
PR009251,C009251,False,True,English,None,2026-06-29
PR009252,C009252,True,True,English,Email,2025-12-16
PR009253,C009253,False,True,Spanish,Mobile App,2025-10-26
PR009254,C009254,True,True,English,Email,2026-05-07
PR009255,C009255,True,False,English,SMS,2025-08-19
PR009256,C009256,False,False,English,SMS,2023-12-07
PR009257,C009257,True,True,Spanish,Mobile App,2023-07-23
PR009258,C009258,False,True,English,None,2025-11-19
PR009259,C009259,True,True,Spanish,SMS,2023-08-19
PR009260,C009260,True,True,English,None,2026-01-27
PR009261,C009261,True,True,Spanish,Mobile App,2026-05-14
PR009262,C009262,True,False,English,None,2024-08-12
PR009263,C009263,True,True,English,Mobile App,2022-12-19
PR009264,C009264,False,True,Spanish,Email,2025-04-15
PR009265,C009265,True,True,English,Email,2025-12-10
PR009266,C009266,True,False,English,SMS,2024-02-07
PR009267,C009267,True,False,English,Email,2026-01-11
PR009268,C009268,True,False,English,Mobile App,2025-02-25
PR009269,C009269,True,False,Spanish,Email,2023-04-11
PR009270,C009270,True,False,English,SMS,2026-03-29
PR009271,C009271,True,False,Spanish,SMS,2024-11-13
PR009272,C009272,True,True,English,Mobile App,2024-10-29
PR009273,C009273,True,True,English,None,2026-05-05
PR009274,C009274,True,True,English,None,2025-03-20
PR009275,C009275,False,True,English,None,2024-01-28
PR009276,C009276,True,True,English,SMS,2026-05-08
PR009277,C009277,True,True,English,Mobile App,2023-06-16
PR009278,C009278,True,True,English,None,2026-04-21
PR009279,C009279,True,True,Spanish,Email,2025-08-27
PR009280,C009280,True,True,Spanish,Email,2025-04-04
PR009281,C009281,True,True,Spanish,Email,2025-07-25
PR009282,C009282,True,True,English,Email,2025-05-30
PR009283,C009283,True,True,English,None,2025-09-09
PR009284,C009284,True,True,Spanish,None,2025-05-19
PR009285,C009285,True,False,English,None,2024-04-27
PR009286,C009286,True,False,Spanish,SMS,2023-07-08
PR009287,C009287,True,True,Spanish,SMS,2026-04-21
PR009288,C009288,True,False,English,Email,2024-09-25
PR009289,C009289,True,True,English,SMS,2025-03-10
PR009290,C009290,True,True,English,None,2026-02-20
PR009291,C009291,True,False,English,Mobile App,2026-06-17
PR009292,C009292,True,True,English,Mobile App,2025-01-06
PR009293,C009293,False,False,English,Mobile App,2026-06-19
PR009294,C009294,True,False,English,Email,2023-01-19
PR009295,C009295,False,True,English,Email,2025-07-23
PR009296,C009296,True,True,English,SMS,2026-04-09
PR009297,C009297,False,True,English,None,2024-08-12
PR009298,C009298,False,True,English,SMS,2025-05-07
PR009299,C009299,True,True,English,Mobile App,2026-03-21
PR009300,C009300,True,False,English,Mobile App,2026-06-09
PR009301,C009301,True,False,English,Mobile App,2024-09-17
PR009302,C009302,True,True,Spanish,Email,2022-06-19
PR009303,C009303,True,True,English,Mobile App,2026-04-01
PR009304,C009304,False,False,English,None,2023-09-30
PR009305,C009305,False,False,English,SMS,2025-10-19
PR009306,C009306,False,False,English,None,2026-05-22
PR009307,C009307,True,True,Spanish,None,2023-04-12
PR009308,C009308,True,True,Spanish,None,2025-12-28
PR009309,C009309,False,False,English,Email,2026-05-30
PR009310,C009310,False,True,English,Mobile App,2025-07-10
PR009311,C009311,False,True,Spanish,Email,2023-07-19
PR009312,C009312,False,True,English,None,2026-06-18
PR009313,C009313,False,True,Spanish,None,2025-05-20
PR009314,C009314,False,True,English,Email,2026-06-12
PR009315,C009315,True,False,English,Mobile App,2025-08-12
PR009316,C009316,False,False,Spanish,Mobile App,2026-06-18
PR009317,C009317,False,False,English,Mobile App,2023-11-02
PR009318,C009318,True,True,English,Mobile App,2026-06-02
PR009319,C009319,True,True,English,Email,2025-07-19
PR009320,C009320,True,True,English,Mobile App,2024-10-15
PR009321,C009321,True,False,English,Mobile App,2024-11-21
PR009322,C009322,True,True,English,SMS,2026-02-20
PR009323,C009323,True,True,English,None,2024-04-08
PR009324,C009324,True,True,Spanish,SMS,2026-03-21
PR009325,C009325,True,True,English,Mobile App,2026-06-26
PR009326,C009326,True,False,Spanish,SMS,2024-12-20
PR009327,C009327,False,True,English,SMS,2026-01-24
PR009328,C009328,True,False,English,Email,2026-06-29
PR009329,C009329,True,True,English,Mobile App,2024-09-24
PR009330,C009330,True,True,Spanish,Email,2026-01-31
PR009331,C009331,True,True,Spanish,Email,2025-02-26
PR009332,C009332,True,False,Spanish,Email,2026-02-14
PR009333,C009333,False,False,English,Email,2026-01-24
PR009334,C009334,False,True,English,Email,2026-02-16
PR009335,C009335,True,True,English,Mobile App,2024-09-09
PR009336,C009336,False,False,Spanish,Mobile App,2025-07-13
PR009337,C009337,True,True,Spanish,SMS,2026-06-12
PR009338,C009338,True,True,English,SMS,2023-01-26
PR009339,C009339,True,False,English,None,2025-06-07
PR009340,C009340,True,True,English,Mobile App,2026-02-15
PR009341,C009341,False,True,English,Email,2026-03-14
PR009342,C009342,True,False,English,Mobile App,2023-01-15
PR009343,C009343,False,True,Spanish,None,2025-12-23
PR009344,C009344,True,True,English,Mobile App,2026-06-14
PR009345,C009345,True,True,Spanish,Email,2025-09-23
PR009346,C009346,False,True,English,SMS,2026-06-17
PR009347,C009347,True,False,English,SMS,2026-04-24
PR009348,C009348,True,True,English,Mobile App,2024-09-06
PR009349,C009349,True,True,English,None,2026-05-27
PR009350,C009350,True,True,English,None,2025-04-06
PR009351,C009351,True,True,Spanish,Email,2026-06-05
PR009352,C009352,False,False,Spanish,Email,2025-11-17
PR009353,C009353,False,False,English,SMS,2021-11-06
PR009354,C009354,True,False,English,None,2026-07-07
PR009355,C009355,True,False,Spanish,SMS,2026-06-21
PR009356,C009356,False,True,English,None,2026-06-10
PR009357,C009357,True,True,English,Email,2023-08-03
PR009358,C009358,True,True,English,SMS,2026-07-02
PR009359,C009359,True,True,Spanish,SMS,2026-01-02
PR009360,C009360,True,True,English,Email,2026-05-23
PR009361,C009361,True,True,English,SMS,2025-09-29
PR009362,C009362,True,True,English,SMS,2025-07-13
PR009363,C009363,True,False,English,SMS,2025-03-26
PR009364,C009364,True,False,English,Mobile App,2025-11-02
PR009365,C009365,False,True,Spanish,Mobile App,2024-02-09
PR009366,C009366,True,True,English,Email,2026-02-07
PR009367,C009367,True,False,English,None,2025-06-21
PR009368,C009368,True,False,English,Mobile App,2025-11-02
PR009369,C009369,False,True,English,Mobile App,2026-06-17
PR009370,C009370,False,True,Spanish,Email,2023-05-02
PR009371,C009371,False,True,English,SMS,2026-05-15
PR009372,C009372,True,True,Spanish,Email,2022-10-24
PR009373,C009373,True,True,English,None,2025-01-03
PR009374,C009374,True,False,English,SMS,2023-03-21
PR009375,C009375,True,True,English,Mobile App,2026-03-17
PR009376,C009376,True,False,English,Mobile App,2025-10-09
PR009377,C009377,True,True,English,SMS,2026-06-18
PR009378,C009378,True,True,English,Mobile App,2024-02-28
PR009379,C009379,True,True,English,None,2026-04-29
PR009380,C009380,True,True,English,Email,2025-08-03
PR009381,C009381,False,False,English,Email,2026-05-30
PR009382,C009382,True,True,English,None,2026-07-06
PR009383,C009383,False,True,Spanish,Email,2025-02-21
PR009384,C009384,True,False,Spanish,SMS,2025-11-23
PR009385,C009385,True,True,English,Email,2025-07-12
PR009386,C009386,True,True,English,Mobile App,2026-03-16
PR009387,C009387,True,True,English,SMS,2024-09-06
PR009388,C009388,False,False,English,Mobile App,2026-05-14
PR009389,C009389,True,False,English,Email,2023-12-10
PR009390,C009390,True,True,English,None,2026-06-21
PR009391,C009391,True,False,English,Mobile App,2026-03-20
PR009392,C009392,False,True,English,SMS,2026-06-20
PR009393,C009393,True,False,English,None,2025-12-16
PR009394,C009394,True,True,English,Email,2026-03-22
PR009395,C009395,True,False,English,SMS,2026-04-29
PR009396,C009396,False,False,English,Mobile App,2025-05-30
PR009397,C009397,True,False,Spanish,Email,2024-12-21
PR009398,C009398,True,True,English,Email,2026-04-06
PR009399,C009399,True,True,English,SMS,2025-05-22
PR009400,C009400,True,True,Spanish,None,2025-08-11
PR009401,C009401,True,False,English,SMS,2025-08-06
PR009402,C009402,True,True,English,SMS,2026-07-01
PR009403,C009403,True,False,English,None,2024-08-21
PR009404,C009404,True,True,English,None,2025-01-26
PR009405,C009405,False,True,English,Email,2025-07-22
PR009406,C009406,True,True,English,SMS,2026-01-22
PR009407,C009407,True,True,Spanish,SMS,2026-05-29
PR009408,C009408,True,True,English,Mobile App,2025-12-21
PR009409,C009409,False,True,English,Mobile App,2022-12-01
PR009410,C009410,True,False,English,Mobile App,2026-01-19
PR009411,C009411,True,True,English,Email,2024-09-08
PR009412,C009412,True,True,English,Email,2026-05-12
PR009413,C009413,False,False,English,Mobile App,2024-04-07
PR009414,C009414,False,True,English,None,2023-01-01
PR009415,C009415,True,True,Spanish,Mobile App,2024-04-06
PR009416,C009416,True,False,Spanish,None,2025-11-30
PR009417,C009417,True,True,English,Email,2025-09-27
PR009418,C009418,True,False,English,SMS,2026-06-25
PR009419,C009419,True,True,English,Email,2026-01-29
PR009420,C009420,True,True,English,None,2026-04-13
PR009421,C009421,False,True,Spanish,None,2026-07-02
PR009422,C009422,False,True,English,None,2024-11-19
PR009423,C009423,True,True,English,Mobile App,2023-09-06
PR009424,C009424,False,True,English,None,2022-11-30
PR009425,C009425,True,False,English,Mobile App,2026-05-03
PR009426,C009426,True,False,Spanish,Mobile App,2025-12-09
PR009427,C009427,True,True,English,SMS,2025-10-06
PR009428,C009428,True,True,Spanish,None,2026-06-26
PR009429,C009429,True,True,English,SMS,2024-06-14
PR009430,C009430,True,False,Spanish,SMS,2024-07-17
PR009431,C009431,True,True,English,Email,2024-06-13
PR009432,C009432,True,False,English,None,2026-03-28
PR009433,C009433,True,True,Spanish,None,2021-11-25
PR009434,C009434,False,False,English,Mobile App,2025-05-25
PR009435,C009435,False,False,English,Mobile App,2024-07-06
PR009436,C009436,True,False,Spanish,Mobile App,2026-04-02
PR009437,C009437,True,True,English,SMS,2025-02-24
PR009438,C009438,True,True,English,Email,2025-06-21
PR009439,C009439,True,True,English,Email,2024-10-27
PR009440,C009440,True,True,English,Email,2026-06-03
PR009441,C009441,True,True,English,Email,2026-05-30
PR009442,C009442,True,True,English,SMS,2024-03-20
PR009443,C009443,True,False,English,None,2026-03-15
PR009444,C009444,True,False,Spanish,SMS,2026-05-22
PR009445,C009445,True,True,Spanish,Mobile App,2025-03-05
PR009446,C009446,False,False,English,Mobile App,2025-04-21
PR009447,C009447,True,True,English,None,2025-10-01
PR009448,C009448,True,True,English,Mobile App,2022-04-25
PR009449,C009449,False,True,Spanish,SMS,2025-10-16
PR009450,C009450,False,True,English,None,2022-10-18
PR009451,C009451,True,True,English,SMS,2026-04-26
PR009452,C009452,True,False,English,Email,2026-02-09
PR009453,C009453,True,True,Spanish,Email,2024-08-04
PR009454,C009454,False,True,English,Mobile App,2025-11-23
PR009455,C009455,False,True,Spanish,Mobile App,2025-12-20
PR009456,C009456,True,True,English,None,2025-02-01
PR009457,C009457,True,True,Spanish,Mobile App,2026-05-16
PR009458,C009458,True,False,English,None,2025-08-09
PR009459,C009459,True,True,English,Mobile App,2024-09-18
PR009460,C009460,True,False,English,None,2025-12-18
PR009461,C009461,True,True,Spanish,Email,2024-04-28
PR009462,C009462,True,False,Spanish,Email,2024-12-13
PR009463,C009463,True,True,English,Mobile App,2025-09-25
PR009464,C009464,False,False,Spanish,None,2023-02-04
PR009465,C009465,False,False,English,SMS,2025-11-17
PR009466,C009466,True,True,English,Email,2026-04-20
PR009467,C009467,True,False,Spanish,SMS,2022-05-31
PR009468,C009468,True,True,Spanish,Mobile App,2026-06-10
PR009469,C009469,True,True,Spanish,None,2026-01-27
PR009470,C009470,False,True,Spanish,None,2024-11-22
PR009471,C009471,True,True,English,Email,2025-07-21
PR009472,C009472,True,True,English,None,2025-11-30
PR009473,C009473,True,True,Spanish,SMS,2024-05-28
PR009474,C009474,True,True,English,Email,2026-05-25
PR009475,C009475,True,False,English,None,2026-04-13
PR009476,C009476,True,True,Spanish,None,2025-11-06
PR009477,C009477,True,False,English,Email,2026-05-02
PR009478,C009478,True,True,English,Email,2026-02-14
PR009479,C009479,True,True,English,SMS,2026-05-26
PR009480,C009480,False,False,English,None,2026-02-17
PR009481,C009481,True,True,English,None,2023-11-13
PR009482,C009482,True,True,Spanish,Email,2023-03-08
PR009483,C009483,True,False,English,None,2025-12-11
PR009484,C009484,True,True,Spanish,Email,2026-02-16
PR009485,C009485,True,True,English,Email,2023-06-20
PR009486,C009486,True,False,English,Mobile App,2024-05-24
PR009487,C009487,False,False,English,Mobile App,2023-09-03
PR009488,C009488,True,False,English,Email,2026-05-01
PR009489,C009489,True,False,English,Email,2026-04-27
PR009490,C009490,True,False,English,Mobile App,2024-12-13
PR009491,C009491,True,False,English,SMS,2024-12-18
PR009492,C009492,True,True,English,Mobile App,2026-07-05
PR009493,C009493,True,True,English,Email,2026-04-17
PR009494,C009494,True,True,English,None,2022-09-19
PR009495,C009495,True,True,English,Email,2024-05-30
PR009496,C009496,True,True,English,None,2024-02-03
PR009497,C009497,True,True,English,None,2025-05-31
PR009498,C009498,False,True,English,Email,2025-02-12
PR009499,C009499,True,True,English,Mobile App,2025-05-28
PR009500,C009500,True,True,English,None,2026-02-18
PR009501,C009501,True,True,Spanish,SMS,2023-08-03
PR009502,C009502,True,True,Spanish,SMS,2024-09-14
PR009503,C009503,False,False,English,None,2023-09-09
PR009504,C009504,True,True,English,Email,2025-07-14
PR009505,C009505,False,False,English,Mobile App,2025-10-13
PR009506,C009506,True,True,Spanish,None,2024-10-28
PR009507,C009507,True,True,Spanish,SMS,2024-03-03
PR009508,C009508,True,False,English,None,2025-12-17
PR009509,C009509,True,True,Spanish,Email,2025-09-11
PR009510,C009510,True,False,English,None,2025-10-02
PR009511,C009511,False,True,Spanish,SMS,2024-01-13
PR009512,C009512,True,True,English,Mobile App,2026-06-16
PR009513,C009513,False,True,English,Mobile App,2025-08-31
PR009514,C009514,True,True,English,None,2023-05-18
PR009515,C009515,True,False,Spanish,Mobile App,2024-10-18
PR009516,C009516,False,True,English,Email,2025-07-19
PR009517,C009517,True,False,English,Email,2026-06-01
PR009518,C009518,True,True,English,SMS,2024-12-02
PR009519,C009519,True,False,English,SMS,2026-06-14
PR009520,C009520,False,True,Spanish,Email,2026-04-18
PR009521,C009521,True,False,Spanish,SMS,2026-07-07
PR009522,C009522,True,False,English,Mobile App,2026-03-25
PR009523,C009523,True,False,English,Email,2026-01-28
PR009524,C009524,True,True,English,SMS,2026-01-28
PR009525,C009525,True,True,English,None,2025-12-29
PR009526,C009526,True,True,English,SMS,2026-06-23
PR009527,C009527,True,True,Spanish,None,2026-04-30
PR009528,C009528,True,True,English,Mobile App,2024-10-06
PR009529,C009529,False,True,English,None,2025-05-21
PR009530,C009530,True,True,English,Email,2026-05-02
PR009531,C009531,True,True,English,Email,2024-02-10
PR009532,C009532,True,True,Spanish,SMS,2023-06-20
PR009533,C009533,True,True,English,SMS,2023-12-26
PR009534,C009534,True,False,Spanish,None,2026-03-01
PR009535,C009535,True,True,English,Email,2026-03-06
PR009536,C009536,False,False,Spanish,None,2026-03-08
PR009537,C009537,False,False,English,None,2026-06-25
PR009538,C009538,True,False,English,SMS,2026-05-14
PR009539,C009539,False,True,English,SMS,2024-08-26
PR009540,C009540,False,True,English,None,2024-06-29
PR009541,C009541,True,False,Spanish,Mobile App,2026-04-09
PR009542,C009542,False,False,English,SMS,2025-02-04
PR009543,C009543,True,False,English,Email,2026-06-09
PR009544,C009544,True,True,English,Mobile App,2026-04-20
PR009545,C009545,True,True,English,None,2026-01-29
PR009546,C009546,True,True,English,SMS,2026-07-07
PR009547,C009547,False,True,English,Mobile App,2024-06-15
PR009548,C009548,True,False,English,Mobile App,2026-05-18
PR009549,C009549,True,True,Spanish,Mobile App,2025-05-11
PR009550,C009550,True,True,English,Email,2026-01-06
PR009551,C009551,True,False,English,Mobile App,2023-07-19
PR009552,C009552,False,True,English,None,2025-11-24
PR009553,C009553,True,False,English,Mobile App,2026-04-18
PR009554,C009554,True,True,English,Email,2024-06-14
PR009555,C009555,True,True,English,Mobile App,2025-06-27
PR009556,C009556,True,True,English,SMS,2026-05-14
PR009557,C009557,True,True,English,Mobile App,2024-11-13
PR009558,C009558,False,False,Spanish,Mobile App,2026-04-26
PR009559,C009559,True,True,English,None,2025-12-31
PR009560,C009560,False,False,English,SMS,2025-01-20
PR009561,C009561,True,False,Spanish,None,2026-05-29
PR009562,C009562,True,False,Spanish,Email,2025-04-16
PR009563,C009563,True,False,English,Email,2025-12-24
PR009564,C009564,True,True,English,Mobile App,2025-06-03
PR009565,C009565,True,False,English,SMS,2026-01-05
PR009566,C009566,False,True,English,None,2022-04-11
PR009567,C009567,True,True,Spanish,None,2024-09-01
PR009568,C009568,True,True,Spanish,None,2025-09-13
PR009569,C009569,True,True,English,Email,2023-07-21
PR009570,C009570,True,True,English,SMS,2023-11-11
PR009571,C009571,False,True,English,SMS,2026-06-10
PR009572,C009572,True,True,English,None,2026-03-22
PR009573,C009573,True,False,English,None,2024-06-12
PR009574,C009574,True,True,English,Email,2025-08-02
PR009575,C009575,True,True,Spanish,SMS,2025-09-22
PR009576,C009576,True,True,English,Mobile App,2026-03-19
PR009577,C009577,True,True,English,None,2026-05-03
PR009578,C009578,False,True,English,Mobile App,2025-04-09
PR009579,C009579,True,True,English,SMS,2026-06-30
PR009580,C009580,True,True,Spanish,Mobile App,2025-03-26
PR009581,C009581,False,True,English,SMS,2026-06-12
PR009582,C009582,True,False,English,Mobile App,2025-04-04
PR009583,C009583,False,True,Spanish,Mobile App,2023-05-22
PR009584,C009584,True,False,English,Mobile App,2026-07-01
PR009585,C009585,False,True,English,None,2026-02-14
PR009586,C009586,True,True,English,Email,2022-06-30
PR009587,C009587,True,True,English,None,2025-03-07
PR009588,C009588,True,False,Spanish,None,2025-07-16
PR009589,C009589,True,True,English,Mobile App,2024-12-15
PR009590,C009590,True,True,English,SMS,2026-06-30
PR009591,C009591,True,False,English,Mobile App,2026-04-15
PR009592,C009592,True,True,English,SMS,2023-04-25
PR009593,C009593,False,True,English,Email,2023-12-02
PR009594,C009594,False,True,English,None,2025-08-10
PR009595,C009595,True,True,English,SMS,2025-10-04
PR009596,C009596,True,True,English,Mobile App,2024-01-16
PR009597,C009597,True,False,English,SMS,2024-09-20
PR009598,C009598,False,True,English,Mobile App,2025-07-29
PR009599,C009599,True,True,English,None,2026-05-14
PR009600,C009600,True,True,English,Email,2025-11-14
PR009601,C009601,True,False,English,None,2026-05-12
PR009602,C009602,True,True,English,None,2023-11-01
PR009603,C009603,True,False,Spanish,Email,2025-01-05
PR009604,C009604,True,True,English,Mobile App,2026-04-11
PR009605,C009605,False,True,English,None,2022-02-14
PR009606,C009606,False,True,Spanish,None,2022-11-18
PR009607,C009607,True,True,English,Email,2025-09-02
PR009608,C009608,False,False,Spanish,SMS,2026-05-13
PR009609,C009609,False,False,Spanish,None,2026-02-28
PR009610,C009610,True,False,English,None,2026-04-30
PR009611,C009611,True,True,English,SMS,2026-06-04
PR009612,C009612,True,False,English,SMS,2025-02-20
PR009613,C009613,False,True,English,SMS,2026-01-02
PR009614,C009614,True,False,English,None,2025-11-16
PR009615,C009615,True,False,English,None,2025-08-18
PR009616,C009616,True,False,English,None,2025-01-01
PR009617,C009617,True,False,English,None,2026-04-11
PR009618,C009618,True,True,Spanish,None,2025-07-11
PR009619,C009619,True,True,English,SMS,2026-07-03
PR009620,C009620,True,False,English,None,2026-01-21
PR009621,C009621,False,True,English,Mobile App,2025-08-12
PR009622,C009622,False,True,English,SMS,2024-07-22
PR009623,C009623,False,True,English,None,2026-05-03
PR009624,C009624,True,True,English,SMS,2025-07-21
PR009625,C009625,True,True,Spanish,Mobile App,2025-11-25
PR009626,C009626,True,True,English,Email,2025-11-23
PR009627,C009627,True,True,English,None,2024-03-11
PR009628,C009628,True,True,Spanish,None,2025-05-01
PR009629,C009629,True,False,English,SMS,2026-04-27
PR009630,C009630,False,False,Spanish,None,2026-06-23
PR009631,C009631,True,False,English,Mobile App,2026-04-08
PR009632,C009632,True,False,English,SMS,2023-11-22
PR009633,C009633,True,True,English,Mobile App,2023-05-31
PR009634,C009634,True,True,English,SMS,2026-02-21
PR009635,C009635,True,False,English,Email,2025-12-18
PR009636,C009636,False,False,English,Email,2024-03-17
PR009637,C009637,False,False,English,Email,2024-05-29
PR009638,C009638,False,False,English,Mobile App,2024-10-29
PR009639,C009639,True,True,Spanish,Mobile App,2025-08-11
PR009640,C009640,True,False,Spanish,None,2023-02-02
PR009641,C009641,True,False,Spanish,Mobile App,2025-02-13
PR009642,C009642,True,True,English,Mobile App,2026-05-12
PR009643,C009643,True,False,Spanish,SMS,2025-11-29
PR009644,C009644,True,False,English,SMS,2026-02-14
PR009645,C009645,False,True,English,Mobile App,2026-05-18
PR009646,C009646,False,True,English,Mobile App,2025-07-02
PR009647,C009647,True,True,English,SMS,2023-09-18
PR009648,C009648,True,True,English,Email,2022-08-22
PR009649,C009649,True,True,English,SMS,2025-06-08
PR009650,C009650,True,True,English,Email,2024-09-30
PR009651,C009651,True,False,English,Mobile App,2023-11-30
PR009652,C009652,False,True,English,SMS,2025-04-14
PR009653,C009653,True,True,English,SMS,2025-11-05
PR009654,C009654,True,False,English,Mobile App,2026-01-23
PR009655,C009655,True,False,English,Mobile App,2025-06-01
PR009656,C009656,True,False,Spanish,SMS,2023-01-20
PR009657,C009657,True,True,English,Mobile App,2025-02-05
PR009658,C009658,True,False,English,Email,2025-01-05
PR009659,C009659,True,True,English,Mobile App,2024-04-05
PR009660,C009660,True,True,Spanish,None,2026-02-11
PR009661,C009661,True,False,English,Email,2023-07-26
PR009662,C009662,True,True,Spanish,Mobile App,2025-11-08
PR009663,C009663,True,True,English,Email,2025-12-30
PR009664,C009664,True,True,English,SMS,2025-03-18
PR009665,C009665,True,False,English,SMS,2023-05-06
PR009666,C009666,True,True,Spanish,Email,2025-03-13
PR009667,C009667,True,True,English,Mobile App,2025-12-04
PR009668,C009668,True,True,Spanish,Email,2025-01-04
PR009669,C009669,True,False,English,Mobile App,2023-08-21
PR009670,C009670,True,True,English,Mobile App,2025-05-12
PR009671,C009671,True,True,English,None,2025-08-13
PR009672,C009672,True,False,Spanish,SMS,2025-12-18
PR009673,C009673,True,False,English,Mobile App,2025-12-13
PR009674,C009674,True,True,English,SMS,2024-06-30
PR009675,C009675,True,True,English,Mobile App,2024-07-23
PR009676,C009676,True,True,Spanish,None,2024-11-04
PR009677,C009677,False,True,English,SMS,2026-01-22
PR009678,C009678,True,True,Spanish,Email,2026-04-18
PR009679,C009679,True,True,English,None,2023-04-24
PR009680,C009680,True,True,English,Email,2026-06-17
PR009681,C009681,True,True,English,None,2023-07-06
PR009682,C009682,True,True,English,SMS,2024-03-21
PR009683,C009683,False,True,Spanish,Email,2025-01-06
PR009684,C009684,True,False,Spanish,SMS,2026-04-20
PR009685,C009685,True,True,English,None,2024-01-22
PR009686,C009686,True,True,English,Mobile App,2025-09-12
PR009687,C009687,True,True,English,Email,2025-05-15
PR009688,C009688,True,True,English,Mobile App,2025-11-12
PR009689,C009689,False,False,English,Email,2024-11-08
PR009690,C009690,True,True,English,Email,2026-06-25
PR009691,C009691,False,False,English,SMS,2023-09-02
PR009692,C009692,True,True,English,Email,2023-03-15
PR009693,C009693,False,False,English,None,2026-03-09
PR009694,C009694,False,True,English,Email,2024-09-11
PR009695,C009695,True,True,English,Email,2026-06-25
PR009696,C009696,True,False,English,Email,2026-05-22
PR009697,C009697,True,True,English,None,2025-04-01
PR009698,C009698,True,True,Spanish,SMS,2026-04-14
PR009699,C009699,True,False,English,None,2023-08-06
PR009700,C009700,True,True,English,Email,2025-09-23
PR009701,C009701,True,True,Spanish,None,2023-04-18
PR009702,C009702,True,False,English,SMS,2026-06-01
PR009703,C009703,False,True,English,Email,2026-02-22
PR009704,C009704,True,False,English,Mobile App,2025-02-19
PR009705,C009705,True,True,English,Mobile App,2025-10-13
PR009706,C009706,False,True,English,None,2025-01-16
PR009707,C009707,True,True,English,SMS,2025-04-08
PR009708,C009708,False,False,Spanish,Email,2022-12-23
PR009709,C009709,False,True,English,Email,2026-01-12
PR009710,C009710,True,False,English,None,2022-08-02
PR009711,C009711,False,True,English,Mobile App,2026-01-06
PR009712,C009712,True,True,English,Mobile App,2025-09-04
PR009713,C009713,True,True,English,None,2025-01-14
PR009714,C009714,True,False,English,Email,2024-11-17
PR009715,C009715,False,True,English,None,2023-03-01
PR009716,C009716,True,True,English,Email,2026-03-31
PR009717,C009717,True,False,English,Email,2024-03-24
PR009718,C009718,True,True,Spanish,Mobile App,2024-06-05
PR009719,C009719,False,False,English,Email,2026-06-15
PR009720,C009720,True,True,English,Mobile App,2024-07-24
PR009721,C009721,True,False,English,Mobile App,2025-04-03
PR009722,C009722,False,False,English,SMS,2026-01-19
PR009723,C009723,False,True,English,Email,2024-03-09
PR009724,C009724,True,True,English,Mobile App,2026-05-09
PR009725,C009725,True,True,Spanish,Email,2025-04-22
PR009726,C009726,True,True,English,SMS,2026-06-13
PR009727,C009727,True,True,English,Mobile App,2022-01-21
PR009728,C009728,True,False,Spanish,Mobile App,2025-09-11
PR009729,C009729,False,False,English,Mobile App,2025-06-03
PR009730,C009730,True,True,English,Mobile App,2026-03-21
PR009731,C009731,True,True,Spanish,Email,2026-05-04
PR009732,C009732,False,False,English,Mobile App,2026-03-05
PR009733,C009733,True,False,English,SMS,2026-02-08
PR009734,C009734,False,False,English,SMS,2024-11-12
PR009735,C009735,True,True,English,None,2025-08-30
PR009736,C009736,True,False,English,Mobile App,2026-06-24
PR009737,C009737,True,True,English,Email,2026-04-29
PR009738,C009738,True,True,English,SMS,2025-10-22
PR009739,C009739,True,True,Spanish,None,2026-06-19
PR009740,C009740,True,False,English,Email,2023-10-05
PR009741,C009741,True,False,English,SMS,2024-03-17
PR009742,C009742,True,False,Spanish,SMS,2025-10-28
PR009743,C009743,True,True,English,Mobile App,2023-10-05
PR009744,C009744,True,True,Spanish,Email,2026-07-06
PR009745,C009745,True,True,English,Email,2026-03-08
PR009746,C009746,False,False,English,Email,2024-05-29
PR009747,C009747,True,True,Spanish,SMS,2023-04-23
PR009748,C009748,True,True,Spanish,None,2025-08-12
PR009749,C009749,True,True,English,Mobile App,2024-06-18
PR009750,C009750,True,True,English,None,2026-01-11
PR009751,C009751,True,False,Spanish,Email,2026-06-02
PR009752,C009752,True,True,English,None,2026-04-03
PR009753,C009753,True,True,English,None,2024-09-03
PR009754,C009754,False,False,English,SMS,2025-05-05
PR009755,C009755,True,True,English,SMS,2026-01-04
PR009756,C009756,False,True,English,Email,2025-05-31
PR009757,C009757,False,True,English,Mobile App,2025-04-20
PR009758,C009758,False,True,English,Mobile App,2024-07-25
PR009759,C009759,False,True,English,Mobile App,2023-04-13
PR009760,C009760,False,False,English,Email,2026-06-02
PR009761,C009761,True,True,English,Email,2025-11-11
PR009762,C009762,True,True,English,SMS,2026-03-06
PR009763,C009763,True,False,Spanish,None,2025-03-23
PR009764,C009764,True,True,English,Mobile App,2026-03-06
PR009765,C009765,True,False,Spanish,Email,2026-03-15
PR009766,C009766,True,True,English,SMS,2024-03-10
PR009767,C009767,True,True,Spanish,SMS,2024-06-20
PR009768,C009768,True,True,English,SMS,2023-08-25
PR009769,C009769,True,False,English,SMS,2022-12-18
PR009770,C009770,False,True,English,None,2025-04-25
PR009771,C009771,True,True,English,None,2024-05-02
PR009772,C009772,False,False,English,Email,2026-04-01
PR009773,C009773,True,True,English,Mobile App,2026-04-29
PR009774,C009774,True,True,English,None,2025-08-12
PR009775,C009775,True,True,English,None,2024-07-13
PR009776,C009776,True,True,English,SMS,2024-12-07
PR009777,C009777,True,False,English,Mobile App,2025-07-19
PR009778,C009778,True,True,English,SMS,2026-05-13
PR009779,C009779,True,False,Spanish,Mobile App,2026-06-07
PR009780,C009780,True,True,Spanish,Email,2026-04-26
PR009781,C009781,True,True,English,Mobile App,2026-07-03
PR009782,C009782,True,True,English,None,2025-03-23
PR009783,C009783,True,False,English,SMS,2023-10-04
PR009784,C009784,True,False,English,Email,2025-11-28
PR009785,C009785,True,True,English,Mobile App,2025-07-31
PR009786,C009786,True,True,English,SMS,2024-01-15
PR009787,C009787,True,True,English,Email,2024-03-04
PR009788,C009788,True,True,English,None,2024-09-10
PR009789,C009789,False,True,English,Email,2026-02-11
PR009790,C009790,False,True,English,None,2023-10-05
PR009791,C009791,True,False,English,None,2025-11-14
PR009792,C009792,False,True,English,SMS,2025-03-23
PR009793,C009793,True,True,English,None,2026-06-14
PR009794,C009794,True,False,Spanish,SMS,2024-11-26
PR009795,C009795,False,True,English,Mobile App,2026-04-16
PR009796,C009796,True,False,English,None,2025-08-29
PR009797,C009797,True,False,Spanish,None,2025-09-27
PR009798,C009798,True,False,English,SMS,2023-09-02
PR009799,C009799,True,False,English,SMS,2025-11-24
PR009800,C009800,True,False,English,Email,2025-08-04
PR009801,C009801,True,True,English,SMS,2023-05-04
PR009802,C009802,True,True,Spanish,SMS,2023-10-22
PR009803,C009803,True,False,Spanish,SMS,2026-01-02
PR009804,C009804,True,True,English,Mobile App,2026-02-20
PR009805,C009805,False,False,English,Email,2026-03-26
PR009806,C009806,True,True,English,SMS,2024-04-07
PR009807,C009807,True,True,English,Mobile App,2025-09-12
PR009808,C009808,True,True,Spanish,Mobile App,2024-09-24
PR009809,C009809,True,False,English,SMS,2025-01-02
PR009810,C009810,True,False,English,None,2025-10-22
PR009811,C009811,True,True,English,SMS,2025-11-16
PR009812,C009812,True,False,English,Email,2026-05-10
PR009813,C009813,True,True,Spanish,SMS,2024-12-22
PR009814,C009814,True,False,Spanish,Mobile App,2025-12-01
PR009815,C009815,False,True,English,None,2024-01-06
PR009816,C009816,False,False,English,SMS,2023-12-09
PR009817,C009817,True,True,English,Mobile App,2026-01-29
PR009818,C009818,True,True,English,SMS,2025-01-25
PR009819,C009819,True,True,English,Email,2022-11-17
PR009820,C009820,True,True,English,None,2025-12-27
PR009821,C009821,True,True,English,Email,2022-11-10
PR009822,C009822,True,False,English,SMS,2025-11-29
PR009823,C009823,True,True,English,SMS,2026-06-06
PR009824,C009824,True,True,English,None,2026-05-17
PR009825,C009825,True,False,English,Email,2023-12-19
PR009826,C009826,True,True,English,Mobile App,2025-12-17
PR009827,C009827,True,False,English,Email,2025-06-09
PR009828,C009828,True,True,English,None,2024-09-30
PR009829,C009829,False,True,Spanish,Email,2026-07-03
PR009830,C009830,True,True,Spanish,Email,2025-02-27
PR009831,C009831,True,False,Spanish,Mobile App,2026-07-07
PR009832,C009832,False,True,English,None,2025-05-10
PR009833,C009833,False,True,English,None,2023-10-06
PR009834,C009834,False,False,Spanish,Email,2025-06-19
PR009835,C009835,True,False,English,Email,2025-01-10
PR009836,C009836,True,True,Spanish,Mobile App,2024-03-17
PR009837,C009837,True,False,English,None,2025-08-14
PR009838,C009838,True,True,English,Mobile App,2023-02-14
PR009839,C009839,True,True,English,None,2024-10-12
PR009840,C009840,True,False,Spanish,Mobile App,2025-12-26
PR009841,C009841,True,False,English,None,2025-11-26
PR009842,C009842,True,True,English,Mobile App,2025-09-26
PR009843,C009843,False,True,Spanish,Email,2024-10-05
PR009844,C009844,True,True,Spanish,Email,2025-10-28
PR009845,C009845,False,True,English,Mobile App,2023-08-16
PR009846,C009846,True,True,English,Mobile App,2025-12-13
PR009847,C009847,False,True,Spanish,SMS,2026-06-08
PR009848,C009848,False,False,English,None,2025-10-13
PR009849,C009849,True,True,English,None,2023-07-22
PR009850,C009850,True,False,English,SMS,2025-07-22
PR009851,C009851,True,True,English,SMS,2026-04-04
PR009852,C009852,True,True,English,Mobile App,2025-12-13
PR009853,C009853,True,True,Spanish,SMS,2026-05-15
PR009854,C009854,True,True,English,SMS,2025-03-27
PR009855,C009855,True,True,English,SMS,2023-09-03
PR009856,C009856,False,True,English,Email,2025-01-04
PR009857,C009857,True,True,Spanish,SMS,2025-01-06
PR009858,C009858,False,True,English,Email,2024-01-03
PR009859,C009859,True,True,English,SMS,2026-02-09
PR009860,C009860,False,True,English,Email,2024-02-12
PR009861,C009861,True,False,English,Email,2026-05-24
PR009862,C009862,True,False,English,Mobile App,2026-03-28
PR009863,C009863,False,True,English,None,2025-11-10
PR009864,C009864,True,False,Spanish,Mobile App,2024-07-24
PR009865,C009865,True,False,English,Email,2026-04-06
PR009866,C009866,True,True,Spanish,SMS,2022-07-10
PR009867,C009867,True,True,English,SMS,2026-06-27
PR009868,C009868,True,False,English,Mobile App,2024-12-15
PR009869,C009869,True,True,English,Mobile App,2026-04-22
PR009870,C009870,True,True,Spanish,Mobile App,2026-02-27
PR009871,C009871,True,False,Spanish,None,2025-05-31
PR009872,C009872,True,True,English,Mobile App,2024-07-28
PR009873,C009873,True,True,English,SMS,2026-06-18
PR009874,C009874,True,True,Spanish,SMS,2026-06-25
PR009875,C009875,True,True,English,None,2025-09-14
PR009876,C009876,False,False,English,Email,2025-10-20
PR009877,C009877,False,True,Spanish,None,2024-05-18
PR009878,C009878,False,True,English,None,2026-03-21
PR009879,C009879,False,True,English,Email,2024-11-05
PR009880,C009880,True,False,English,Mobile App,2025-06-02
PR009881,C009881,True,True,English,Mobile App,2026-06-25
PR009882,C009882,True,True,English,SMS,2025-07-15
PR009883,C009883,True,True,Spanish,Mobile App,2026-05-01
PR009884,C009884,False,False,English,SMS,2026-04-09
PR009885,C009885,True,False,English,Email,2026-02-22
PR009886,C009886,True,False,English,Email,2025-09-22
PR009887,C009887,False,True,English,SMS,2023-12-10
PR009888,C009888,True,True,English,Email,2025-11-30
PR009889,C009889,True,True,English,Mobile App,2024-03-20
PR009890,C009890,True,False,English,SMS,2025-04-24
PR009891,C009891,False,True,English,Email,2023-12-16
PR009892,C009892,True,True,English,Mobile App,2024-07-22
PR009893,C009893,True,False,English,SMS,2024-04-25
PR009894,C009894,True,False,Spanish,Mobile App,2025-07-23
PR009895,C009895,False,False,English,Mobile App,2025-08-25
PR009896,C009896,True,True,English,SMS,2026-02-19
PR009897,C009897,True,True,Spanish,SMS,2024-04-06
PR009898,C009898,True,False,English,SMS,2026-01-04
PR009899,C009899,False,True,English,Mobile App,2026-01-20
PR009900,C009900,True,True,English,Mobile App,2026-06-28
PR009901,C009901,False,False,English,Mobile App,2026-01-26
PR009902,C009902,True,True,Spanish,None,2025-10-02
PR009903,C009903,True,False,Spanish,None,2023-06-29
PR009904,C009904,True,True,English,Mobile App,2024-07-29
PR009905,C009905,True,True,English,Mobile App,2026-07-05
PR009906,C009906,True,True,Spanish,Email,2026-01-29
PR009907,C009907,True,True,English,Mobile App,2023-06-25
PR009908,C009908,True,True,English,Email,2026-03-02
PR009909,C009909,False,False,Spanish,Mobile App,2026-04-26
PR009910,C009910,True,False,English,SMS,2023-10-02
PR009911,C009911,True,True,English,None,2024-05-13
PR009912,C009912,True,True,English,Mobile App,2025-01-20
PR009913,C009913,False,True,English,Mobile App,2025-03-13
PR009914,C009914,True,False,Spanish,Email,2025-12-19
PR009915,C009915,False,True,Spanish,Mobile App,2026-05-22
PR009916,C009916,True,False,English,None,2025-04-14
PR009917,C009917,True,True,English,Email,2024-07-08
PR009918,C009918,True,True,English,SMS,2025-10-19
PR009919,C009919,True,False,English,Email,2026-05-18
PR009920,C009920,True,False,English,SMS,2025-02-22
PR009921,C009921,True,False,English,Mobile App,2023-07-01
PR009922,C009922,True,False,English,SMS,2026-02-09
PR009923,C009923,True,True,English,SMS,2026-02-04
PR009924,C009924,False,True,English,None,2024-12-10
PR009925,C009925,False,True,English,Email,2026-06-05
PR009926,C009926,False,True,English,None,2026-04-24
PR009927,C009927,True,True,Spanish,None,2024-11-21
PR009928,C009928,True,True,English,SMS,2026-03-06
PR009929,C009929,True,False,Spanish,None,2024-12-15
PR009930,C009930,True,True,English,SMS,2025-06-17
PR009931,C009931,True,True,English,None,2026-03-23
PR009932,C009932,True,False,English,None,2023-09-30
PR009933,C009933,True,True,English,SMS,2026-03-19
PR009934,C009934,True,True,English,None,2026-05-27
PR009935,C009935,True,False,English,Mobile App,2026-07-07
PR009936,C009936,True,False,English,SMS,2026-04-24
PR009937,C009937,True,True,English,None,2025-07-19
PR009938,C009938,True,True,Spanish,None,2026-01-09
PR009939,C009939,True,False,English,None,2026-06-13
PR009940,C009940,True,True,Spanish,Mobile App,2023-03-16
PR009941,C009941,True,True,Spanish,None,2026-03-24
PR009942,C009942,True,False,Spanish,SMS,2023-07-12
PR009943,C009943,True,True,English,Email,2025-11-27
PR009944,C009944,True,True,English,Mobile App,2026-05-11
PR009945,C009945,True,True,Spanish,SMS,2026-05-28
PR009946,C009946,False,True,Spanish,None,2024-09-29
PR009947,C009947,True,False,English,Mobile App,2022-08-20
PR009948,C009948,True,False,English,None,2026-03-14
PR009949,C009949,True,False,Spanish,SMS,2023-09-29
PR009950,C009950,False,True,English,Email,2023-09-13
PR009951,C009951,True,True,English,None,2024-06-24
PR009952,C009952,True,False,English,SMS,2026-05-16
PR009953,C009953,True,False,Spanish,SMS,2026-03-16
PR009954,C009954,True,True,English,SMS,2025-01-06
PR009955,C009955,False,False,English,SMS,2026-06-16
PR009956,C009956,True,True,English,Email,2025-03-29
PR009957,C009957,True,True,Spanish,None,2025-05-27
PR009958,C009958,True,True,English,Email,2026-01-28
PR009959,C009959,True,True,English,SMS,2023-04-16
PR009960,C009960,True,True,English,None,2026-01-17
PR009961,C009961,True,False,Spanish,Mobile App,2026-04-11
PR009962,C009962,True,True,English,Email,2025-02-28
PR009963,C009963,True,False,English,Email,2024-08-05
PR009964,C009964,True,False,English,Mobile App,2023-10-27
PR009965,C009965,True,False,English,Email,2025-03-06
PR009966,C009966,True,True,Spanish,Email,2026-03-09
PR009967,C009967,True,False,English,Mobile App,2025-10-20
PR009968,C009968,False,True,English,SMS,2025-02-21
PR009969,C009969,False,True,Spanish,None,2025-12-16
PR009970,C009970,True,True,English,Mobile App,2026-02-21
PR009971,C009971,True,True,English,Mobile App,2026-05-10
PR009972,C009972,True,False,English,Email,2026-05-25
PR009973,C009973,True,True,English,Email,2025-09-12
PR009974,C009974,True,True,English,Email,2025-02-10
PR009975,C009975,True,True,English,Email,2023-06-20
PR009976,C009976,True,False,English,SMS,2026-03-31
PR009977,C009977,False,False,English,None,2024-01-24
PR009978,C009978,True,True,English,Email,2026-01-03
PR009979,C009979,True,True,English,None,2026-05-02
PR009980,C009980,True,False,Spanish,SMS,2024-01-14
PR009981,C009981,False,False,English,SMS,2025-01-23
PR009982,C009982,True,False,English,SMS,2023-10-05
PR009983,C009983,True,False,English,None,2024-09-05
PR009984,C009984,False,True,English,Mobile App,2025-04-07
PR009985,C009985,True,True,English,SMS,2023-05-30
PR009986,C009986,False,False,English,Mobile App,2025-06-21
PR009987,C009987,True,True,Spanish,None,2024-06-25
PR009988,C009988,False,True,English,None,2025-06-16
PR009989,C009989,True,True,English,SMS,2026-03-14
PR009990,C009990,True,False,English,None,2026-06-13
PR009991,C009991,False,False,English,Email,2026-06-02
PR009992,C009992,True,True,English,SMS,2026-04-26
PR009993,C009993,True,False,English,None,2023-02-15
PR009994,C009994,False,True,English,Mobile App,2026-04-14
PR009995,C009995,True,True,English,Mobile App,2024-05-15
PR009996,C009996,False,True,English,None,2026-06-24
PR009997,C009997,True,False,English,Email,2023-11-03
PR009998,C009998,True,False,English,Mobile App,2026-07-05
PR009999,C009999,False,True,English,Mobile App,2025-09-18
PR010000,C010000,False,True,English,SMS,2025-08-03
