address_id,customer_id,address_type,street_address,city,state,zip_code
A000001,C000001,Home,391 Santos Valleys Suite 490,Tampa,FL,35581
A000002,C000002,Home,444 Scott Crescent Apt. 941,Gainesville,FL,95024
A000003,C000003,Home,79660 Walker Coves,Miami,FL,10872
A000004,C000004,Home,33827 Tammy Parkways,Tampa,FL,06677
A000005,C000005,Home,30211 Strickland Neck,Naples,FL,51243
A000006,C000006,Home,2702 Young Passage,Hollywood,FL,20177
A000007,C000006,Mailing,603 Peters Alley,Pembroke Pines,FL,71643
A000008,C000007,Home,8886 Nicholas Mission Apt. 275,Jacksonville,FL,12049
A000009,C000008,Home,4732 Jeffrey Lights Suite 982,Fort Lauderdale,FL,12149
A000010,C000009,Home,175 Jason Stravenue Suite 946,Jacksonville,FL,44062
A000011,C000010,Home,582 Michael Mission,Tampa,FL,99021
A000012,C000011,Home,283 Barbara Fork,Pembroke Pines,FL,35110
A000013,C000012,Home,593 Briggs Street Apt. 496,Davie,FL,13733
A000014,C000013,Home,24595 Bullock Meadow,Miami,FL,05844
A000015,C000014,Home,88833 Bennett Ferry Suite 951,West Palm Beach,FL,17703
A000016,C000015,Home,06231 Maria Corner,Naples,FL,41813
A000017,C000016,Home,2643 Heath Plains,Orlando,FL,12812
A000018,C000017,Home,00085 Williams Valley Suite 436,Hollywood,FL,36971
A000019,C000018,Home,920 John Inlet Apt. 276,Naples,FL,15418
A000020,C000019,Home,86256 Diana Mills,Sarasota,FL,09381
A000021,C000020,Home,19236 Turner Club Suite 882,Jacksonville,FL,39058
A000022,C000021,Home,2571 Eric Way Apt. 513,Orlando,FL,29428
A000023,C000022,Home,71241 Jessica Drive Suite 219,Davie,FL,84752
A000024,C000023,Home,73617 Shane Square,Naples,FL,41645
A000025,C000023,Mailing,293 Romero Ways,Jacksonville,FL,34927
A000026,C000024,Home,3243 James Motorway,West Palm Beach,FL,20031
A000027,C000025,Home,2595 Mendez Pass,Miami,FL,00875
A000028,C000026,Home,847 Stacy Overpass,Miami,FL,29248
A000029,C000026,Mailing,3620 Sheppard Bypass Suite 168,Tallahassee,FL,53082
A000030,C000027,Home,83409 Jones Canyon Suite 549,West Palm Beach,FL,58024
A000031,C000027,Mailing,7647 Graves Walks Suite 281,Tallahassee,FL,54834
A000032,C000028,Home,6968 Hubbard Island Apt. 463,Tampa,FL,70073
A000033,C000029,Home,01097 Mcbride Terrace,Tallahassee,FL,91383
A000034,C000030,Home,54983 Carlos Court,Naples,FL,94241
A000035,C000031,Home,17434 Blanchard Pass,West Palm Beach,FL,18872
A000036,C000032,Home,693 Stephanie Field,Tallahassee,FL,60387
A000037,C000033,Home,46596 Collins Fall Apt. 628,Miami,FL,98553
A000038,C000033,Mailing,889 Baldwin Hollow,Davie,FL,13074
A000039,C000034,Home,2727 Garcia Forks,Davie,FL,77997
A000040,C000035,Home,80105 Karen Expressway Suite 665,Miami,FL,70403
A000041,C000036,Home,72019 Brian Stravenue,Davie,FL,44297
A000042,C000036,Mailing,24678 Jamie Square,Tallahassee,FL,47937
A000043,C000037,Home,3520 Andrew Camp,Sarasota,FL,97854
A000044,C000038,Home,809 Salazar Lake Suite 273,Tallahassee,FL,16375
A000045,C000039,Home,5130 Benjamin Bypass,Davie,FL,76949
A000046,C000040,Home,9387 Kimberly Groves Suite 730,Davie,FL,12857
A000047,C000041,Home,909 Taylor Divide,Boca Raton,FL,28723
A000048,C000042,Home,8953 Bailey Station Suite 117,Hollywood,FL,98139
A000049,C000043,Home,759 Christy Overpass,Gainesville,FL,67263
A000050,C000044,Home,37484 Rachel Corner Apt. 527,Naples,FL,75561
A000051,C000045,Home,97008 Williams Station Apt. 348,Orlando,FL,33850
A000052,C000045,Mailing,498 Angelica Lock Apt. 943,Tallahassee,FL,50450
A000053,C000046,Home,816 Fuller Spurs Apt. 894,Coral Springs,FL,47858
A000054,C000046,Mailing,684 Taylor Ports Apt. 287,Boca Raton,FL,30715
A000055,C000047,Home,962 Brown Path,Miami,FL,27513
A000056,C000047,Mailing,1589 Camacho Drive Apt. 362,Gainesville,FL,24575
A000057,C000048,Home,9089 Stanley Squares,Hollywood,FL,86310
A000058,C000049,Home,602 George Valleys Suite 015,Hollywood,FL,61062
A000059,C000049,Mailing,671 Eric Bypass Suite 604,Miami,FL,64550
A000060,C000050,Home,6959 Sharp Cove Apt. 423,Tampa,FL,17182
A000061,C000050,Mailing,5850 Williams Springs,Coral Springs,FL,34702
A000062,C000051,Home,174 Haley Ramp Apt. 212,Fort Lauderdale,FL,60313
A000063,C000051,Mailing,311 Wright Parkway,Miami,FL,50401
A000064,C000052,Home,04191 Turner Falls Apt. 626,Boca Raton,FL,41447
A000065,C000053,Home,17518 Meyer Stream Apt. 195,Jacksonville,FL,35663
A000066,C000054,Home,26374 Lisa Alley Suite 441,Fort Lauderdale,FL,02190
A000067,C000055,Home,74468 Brandy Views,Miami,FL,81848
A000068,C000056,Home,022 Matthew Brook,Sarasota,FL,88600
A000069,C000056,Mailing,2546 William Land Suite 612,Miami,FL,47080
A000070,C000057,Home,07087 Susan Forks Apt. 948,Hollywood,FL,01023
A000071,C000057,Mailing,395 Johnson Cape,Tampa,FL,48032
A000072,C000058,Home,97595 Thomas Crescent,Gainesville,FL,05781
A000073,C000058,Mailing,99933 Todd Well Apt. 963,Orlando,FL,43877
A000074,C000059,Home,5190 Hall Crossing Suite 678,Coral Springs,FL,62675
A000075,C000060,Home,717 Perkins Ferry Suite 723,Davie,FL,04735
A000076,C000061,Home,85111 Rhodes Field,Fort Lauderdale,FL,90199
A000077,C000062,Home,4866 Reeves Lodge Suite 039,Jacksonville,FL,33579
A000078,C000063,Home,14573 Jason Alley,Davie,FL,08455
A000079,C000064,Home,348 Ryan Isle Suite 370,Gainesville,FL,40623
A000080,C000065,Home,05234 Franklin Estate,Orlando,FL,92009
A000081,C000066,Home,67399 Allen Pass Apt. 974,Tallahassee,FL,12262
A000082,C000067,Home,45905 Brown Valley Apt. 570,Coral Springs,FL,44858
A000083,C000068,Home,31730 Burns Park Suite 995,Coral Springs,FL,66027
A000084,C000069,Home,498 Kristin Creek,Orlando,FL,97066
A000085,C000070,Home,7031 Andrew Lakes Suite 829,Pembroke Pines,FL,94593
A000086,C000071,Home,2622 Hudson Extension Apt. 965,Tallahassee,FL,91205
A000087,C000072,Home,6908 Castillo Knolls,Sarasota,FL,24018
A000088,C000072,Mailing,4839 Peter Brook Apt. 365,Hollywood,FL,22470
A000089,C000073,Home,33167 Chavez Squares Suite 681,Tallahassee,FL,60752
A000090,C000073,Mailing,08624 Michelle Glen Suite 056,Gainesville,FL,61449
A000091,C000074,Home,928 Wendy Divide,Tampa,FL,53667
A000092,C000075,Home,628 Sexton Land,Tallahassee,FL,04241
A000093,C000076,Home,77944 Jose Parks Apt. 330,Hollywood,FL,72269
A000094,C000077,Home,64620 Justin Mount Suite 468,West Palm Beach,FL,83889
A000095,C000078,Home,532 Joseph Greens,Orlando,FL,61743
A000096,C000079,Home,1668 Diana Corners Suite 485,Orlando,FL,30877
A000097,C000080,Home,38883 Kimberly Pines Apt. 660,West Palm Beach,FL,28612
A000098,C000080,Mailing,774 Stacy Loaf Suite 830,Coral Springs,FL,44295
A000099,C000081,Home,418 Hernandez Islands Apt. 213,Miami,FL,80557
A000100,C000082,Home,646 Mcmahon Neck,Boca Raton,FL,91536
A000101,C000082,Mailing,548 Bowman River,Boca Raton,FL,51386
A000102,C000083,Home,33795 Leonard Square Apt. 972,Davie,FL,19994
A000103,C000084,Home,60584 John Meadow Suite 687,Fort Lauderdale,FL,68098
A000104,C000085,Home,1773 Ronnie Corner,Orlando,FL,61322
A000105,C000085,Mailing,892 April Mews Apt. 567,Sarasota,FL,20091
A000106,C000086,Home,1977 Thomas Parkway Apt. 766,West Palm Beach,FL,63884
A000107,C000087,Home,314 Daniel Lane Apt. 767,Naples,FL,88673
A000108,C000088,Home,1035 Jillian Square,Pembroke Pines,FL,39056
A000109,C000088,Mailing,083 Thornton Highway,Hollywood,FL,05188
A000110,C000089,Home,77057 Katie Meadow,Miami,FL,12796
A000111,C000090,Home,527 Holly Creek Apt. 156,Tampa,FL,57188
A000112,C000091,Home,0388 Flores Brook,Jacksonville,FL,86622
A000113,C000092,Home,65730 Sara Parkways,Orlando,FL,04057
A000114,C000093,Home,7271 Davis Knoll Apt. 208,Coral Springs,FL,00861
A000115,C000094,Home,9559 Gonzalez Key Apt. 547,Sarasota,FL,64777
A000116,C000095,Home,6693 Benjamin Lane,Davie,FL,82950
A000117,C000096,Home,17720 Joseph Harbors,Pembroke Pines,FL,10408
A000118,C000097,Home,095 Anderson Orchard Suite 607,Tampa,FL,95277
A000119,C000098,Home,326 Archer Via Suite 139,West Palm Beach,FL,56215
A000120,C000099,Home,487 Haas Pines Apt. 330,Tallahassee,FL,57645
A000121,C000099,Mailing,862 Rodriguez Lock,Gainesville,FL,79243
A000122,C000100,Home,3555 Long Meadows Apt. 110,Jacksonville,FL,15906
A000123,C000101,Home,367 Horn Creek Suite 460,Miami,FL,86776
A000124,C000102,Home,387 Robert View,Tampa,FL,80001
A000125,C000103,Home,4876 Lisa Road,West Palm Beach,FL,12623
A000126,C000103,Mailing,26540 Angela Fork,West Palm Beach,FL,15590
A000127,C000104,Home,95771 Hurst Manors,Boca Raton,FL,88160
A000128,C000104,Mailing,6615 Castro Fall,Coral Springs,FL,08059
A000129,C000105,Home,5920 Weaver Forest,Davie,FL,84217
A000130,C000105,Mailing,58866 Adam Village Apt. 148,Orlando,FL,67536
A000131,C000106,Home,30213 Mary Alley Apt. 349,Davie,FL,80614
A000132,C000107,Home,271 Ward Canyon Apt. 766,Naples,FL,60558
A000133,C000108,Home,400 Newman Parkway Apt. 865,Orlando,FL,35918
A000134,C000109,Home,64861 Robert Junctions Suite 615,Hollywood,FL,45144
A000135,C000110,Home,3495 Evans Prairie Suite 776,Orlando,FL,69670
A000136,C000110,Mailing,47953 Kevin Motorway,Coral Springs,FL,54040
A000137,C000111,Home,705 Ricky Shoals,Fort Lauderdale,FL,85214
A000138,C000112,Home,648 Tamara Port Suite 834,Jacksonville,FL,92203
A000139,C000113,Home,8901 Ronald Wells Suite 114,Sarasota,FL,23389
A000140,C000114,Home,0074 Kimberly Lakes Suite 840,Tallahassee,FL,07403
A000141,C000115,Home,71216 Patel Port Suite 364,Sarasota,FL,47510
A000142,C000115,Mailing,073 Moore Land Apt. 822,Fort Lauderdale,FL,41172
A000143,C000116,Home,803 Davis Motorway Suite 645,Jacksonville,FL,23459
A000144,C000116,Mailing,30512 Wilson Cliffs,Davie,FL,71155
A000145,C000117,Home,0346 Reyes Field Suite 907,Davie,FL,56231
A000146,C000118,Home,5167 Summers Courts,Tampa,FL,25935
A000147,C000119,Home,27046 Todd Extension,Sarasota,FL,67034
A000148,C000120,Home,47221 Buck Mission Apt. 495,Davie,FL,40713
A000149,C000120,Mailing,4723 Austin Walk Suite 555,Sarasota,FL,92504
A000150,C000121,Home,1595 Blake Freeway Suite 741,Naples,FL,04977
A000151,C000122,Home,0380 Anderson Street,Miami,FL,24318
A000152,C000123,Home,585 Daniel Summit,Miami,FL,01180
A000153,C000124,Home,5840 Michael Fields Apt. 377,West Palm Beach,FL,23062
A000154,C000125,Home,9160 Lisa Field,Davie,FL,12833
A000155,C000126,Home,1065 Rodriguez Overpass,Miami,FL,87595
A000156,C000127,Home,2602 Mayo Harbor,Pembroke Pines,FL,57802
A000157,C000127,Mailing,224 Amber Shoal Apt. 007,Naples,FL,57564
A000158,C000128,Home,68638 Gloria Terrace Suite 897,Tampa,FL,44945
A000159,C000128,Mailing,143 Bryan Heights Suite 999,Fort Lauderdale,FL,49583
A000160,C000129,Home,2303 Michael Spur,Naples,FL,58952
A000161,C000130,Home,6582 Washington Forks Suite 037,Fort Lauderdale,FL,75120
A000162,C000131,Home,968 Williams Plains,Gainesville,FL,15333
A000163,C000131,Mailing,647 Phillips Fort,Orlando,FL,06348
A000164,C000132,Home,8364 Brown Harbors Apt. 467,Miami,FL,14236
A000165,C000133,Home,7874 Cory Hollow Apt. 727,Fort Lauderdale,FL,07648
A000166,C000134,Home,7343 Heidi Parkway,Miami,FL,23652
A000167,C000135,Home,81107 Charles Locks Apt. 602,Gainesville,FL,63237
A000168,C000135,Mailing,6319 Stephanie Manors Apt. 356,Gainesville,FL,31058
A000169,C000136,Home,0802 Wood Camp,Hollywood,FL,96553
A000170,C000136,Mailing,600 Riley Ports Apt. 407,Jacksonville,FL,02424
A000171,C000137,Home,8756 Rebecca Route,Jacksonville,FL,42726
A000172,C000138,Home,6797 Nicole Mews,Tallahassee,FL,17658
A000173,C000138,Mailing,477 Madison Crossroad,West Palm Beach,FL,63132
A000174,C000139,Home,952 Gina Circle,Tampa,FL,23303
A000175,C000140,Home,49491 Cruz Plain Apt. 706,West Palm Beach,FL,38782
A000176,C000141,Home,6755 Prince Burgs Suite 642,West Palm Beach,FL,38831
A000177,C000142,Home,881 Cummings Ranch Suite 937,Miami,FL,20653
A000178,C000143,Home,19456 Fritz Mission,Gainesville,FL,21941
A000179,C000144,Home,9295 Brown Trafficway,West Palm Beach,FL,06158
A000180,C000145,Home,60784 Jones Ramp,Fort Lauderdale,FL,38008
A000181,C000146,Home,15704 Sullivan Forest,Coral Springs,FL,95807
A000182,C000147,Home,48626 Jennifer Track,Boca Raton,FL,60923
A000183,C000147,Mailing,2046 Wilson Unions Apt. 771,Coral Springs,FL,01206
A000184,C000148,Home,083 Mcneil Walks,Jacksonville,FL,13694
A000185,C000149,Home,41564 Hamilton Crest Apt. 334,West Palm Beach,FL,06654
A000186,C000150,Home,0422 Scott Plaza Apt. 942,Orlando,FL,14321
A000187,C000151,Home,8872 Bishop Square,Boca Raton,FL,97276
A000188,C000152,Home,7776 Ware Wall Suite 399,Gainesville,FL,91166
A000189,C000153,Home,4206 Sanders Loop,Pembroke Pines,FL,43058
A000190,C000153,Mailing,3973 May Turnpike,Jacksonville,FL,69321
A000191,C000154,Home,427 Kristen Key,Jacksonville,FL,93655
A000192,C000155,Home,35539 Edward Falls Apt. 473,Davie,FL,52499
A000193,C000156,Home,037 Baker Square,Boca Raton,FL,79687
A000194,C000157,Home,12731 Robert Square Apt. 558,Pembroke Pines,FL,94193
A000195,C000157,Mailing,27248 Shea Vista Apt. 829,Jacksonville,FL,65595
A000196,C000158,Home,045 Smith Knoll Suite 057,Miami,FL,86803
A000197,C000159,Home,03311 Olson Plain Suite 733,Tallahassee,FL,40483
A000198,C000159,Mailing,08250 Connor Underpass Suite 146,Hollywood,FL,72617
A000199,C000160,Home,67784 Roberts Pine,Orlando,FL,49508
A000200,C000160,Mailing,3980 Jeffrey Light Apt. 959,Sarasota,FL,49082
A000201,C000161,Home,08209 Keith Valleys,West Palm Beach,FL,97654
A000202,C000162,Home,585 Hoffman Shore,Miami,FL,53210
A000203,C000163,Home,661 Kyle Well Apt. 829,Naples,FL,10196
A000204,C000163,Mailing,04552 Taylor Corner,Fort Lauderdale,FL,10170
A000205,C000164,Home,4001 Kent Forks,Naples,FL,74655
A000206,C000165,Home,9058 Bailey Islands,Orlando,FL,75294
A000207,C000166,Home,10633 Shannon Vista Suite 245,Gainesville,FL,11788
A000208,C000166,Mailing,3908 Powers Forge,Pembroke Pines,FL,17092
A000209,C000167,Home,3151 Miguel Heights,Gainesville,FL,61183
A000210,C000168,Home,189 Levine Island,Sarasota,FL,17326
A000211,C000169,Home,468 Bryant Cliffs,Sarasota,FL,61799
A000212,C000169,Mailing,513 Hansen Path Apt. 986,Pembroke Pines,FL,60398
A000213,C000170,Home,861 Justin Mall,Pembroke Pines,FL,01493
A000214,C000171,Home,66340 Steve Avenue Apt. 527,West Palm Beach,FL,90582
A000215,C000172,Home,4775 Butler Mountains,West Palm Beach,FL,63305
A000216,C000172,Mailing,3856 Dale Islands Apt. 309,Pembroke Pines,FL,07326
A000217,C000173,Home,753 Jason Route Suite 994,Pembroke Pines,FL,91667
A000218,C000174,Home,319 Joseph Tunnel Suite 719,Miami,FL,99021
A000219,C000175,Home,3279 Christopher Forge,West Palm Beach,FL,23714
A000220,C000176,Home,56523 Francis Dam Suite 861,Coral Springs,FL,10510
A000221,C000177,Home,45565 Ruben Circles Apt. 618,Orlando,FL,90292
A000222,C000178,Home,75788 Stephen Turnpike Apt. 551,Boca Raton,FL,85520
A000223,C000179,Home,5244 Walker View Suite 377,Coral Springs,FL,96710
A000224,C000179,Mailing,74113 Julie Parkway Apt. 303,Miami,FL,77971
A000225,C000180,Home,84086 Joshua Groves Apt. 794,Sarasota,FL,03651
A000226,C000181,Home,712 Webb Prairie Apt. 963,West Palm Beach,FL,46020
A000227,C000182,Home,135 Barbara Field,Pembroke Pines,FL,29354
A000228,C000183,Home,32324 James Ports Apt. 222,Fort Lauderdale,FL,44497
A000229,C000184,Home,415 Price Road Apt. 637,Pembroke Pines,FL,34258
A000230,C000185,Home,86147 Kyle Mountains,Gainesville,FL,94991
A000231,C000186,Home,04579 Amy Cliffs,Boca Raton,FL,64988
A000232,C000187,Home,64257 Guerrero Rue,Jacksonville,FL,70276
A000233,C000188,Home,849 Linda Drives,Gainesville,FL,64020
A000234,C000188,Mailing,5866 Keith Park Apt. 366,Sarasota,FL,03229
A000235,C000189,Home,4899 Rose Villages Suite 825,Gainesville,FL,74572
A000236,C000189,Mailing,05690 Don Villages Apt. 868,Gainesville,FL,79057
A000237,C000190,Home,814 Jill Drive,Coral Springs,FL,23756
A000238,C000191,Home,71872 Rios Lodge,Gainesville,FL,00628
A000239,C000192,Home,718 Obrien Alley,Gainesville,FL,53779
A000240,C000193,Home,3194 Foster Village,Tampa,FL,49505
A000241,C000193,Mailing,75813 Alexandra Place Suite 863,Coral Springs,FL,03188
A000242,C000194,Home,09372 Jose Shores,Coral Springs,FL,32227
A000243,C000195,Home,2217 Megan Village Suite 092,Orlando,FL,43812
A000244,C000196,Home,244 Louis Isle Apt. 665,West Palm Beach,FL,04116
A000245,C000197,Home,096 Larry Cliff,West Palm Beach,FL,77014
A000246,C000198,Home,769 Young Club,Tallahassee,FL,60323
A000247,C000199,Home,5081 Kevin Prairie,Miami,FL,14815
A000248,C000200,Home,464 Veronica Corners,Miami,FL,20000
A000249,C000200,Mailing,802 Woods Park,Boca Raton,FL,60852
A000250,C000201,Home,7345 Ortiz Neck,Tallahassee,FL,08939
A000251,C000202,Home,68637 Steele Overpass,Hollywood,FL,11504
A000252,C000203,Home,9480 Wendy Fords Suite 682,West Palm Beach,FL,30417
A000253,C000204,Home,71535 Davis Cape,Miami,FL,42406
A000254,C000205,Home,525 Robert Cliff,Tampa,FL,02850
A000255,C000205,Mailing,477 Cheryl Mountains Suite 238,Hollywood,FL,94995
A000256,C000206,Home,4136 Maddox Mission Suite 461,Hollywood,FL,05550
A000257,C000206,Mailing,0760 Henderson Burgs,Fort Lauderdale,FL,22310
A000258,C000207,Home,29861 Sheppard Light Apt. 291,Tallahassee,FL,80485
A000259,C000208,Home,06021 Knox Lodge,Tampa,FL,67102
A000260,C000208,Mailing,897 Cynthia Crossroad Suite 964,Boca Raton,FL,68230
A000261,C000209,Home,2669 Garcia Valley Suite 834,Pembroke Pines,FL,67770
A000262,C000210,Home,1180 Mary Centers Apt. 628,Naples,FL,46205
A000263,C000210,Mailing,37485 Edward Place Suite 127,Naples,FL,36098
A000264,C000211,Home,11258 Montgomery Gateway Apt. 844,Sarasota,FL,88055
A000265,C000212,Home,09659 Baker Unions Apt. 268,Tampa,FL,72000
A000266,C000213,Home,89524 Emma Lodge,Naples,FL,39766
A000267,C000214,Home,2897 Cameron Port,Boca Raton,FL,37598
A000268,C000214,Mailing,11315 Petersen Parkway Apt. 411,Tallahassee,FL,97933
A000269,C000215,Home,6256 Herring Islands Apt. 771,West Palm Beach,FL,99479
A000270,C000216,Home,136 Heather Corners,Miami,FL,41902
A000271,C000217,Home,3466 Elizabeth Terrace,Naples,FL,52945
A000272,C000218,Home,364 Cooper Mountains,Miami,FL,92696
A000273,C000219,Home,81961 Arnold Wall,Tallahassee,FL,25585
A000274,C000219,Mailing,961 Adrian Pine,West Palm Beach,FL,73571
A000275,C000220,Home,5175 David Spurs,Naples,FL,84294
A000276,C000221,Home,232 Albert Forges Suite 235,Naples,FL,90879
A000277,C000222,Home,60605 Courtney Spring,Hollywood,FL,79482
A000278,C000223,Home,95381 Pennington Road,Jacksonville,FL,29480
A000279,C000224,Home,6590 Jorge Viaduct,Tampa,FL,35400
A000280,C000225,Home,0116 Garcia Manors Apt. 280,Miami,FL,02557
A000281,C000226,Home,71933 Nathan Brooks Apt. 791,West Palm Beach,FL,76135
A000282,C000227,Home,188 Heather Villages Apt. 290,Orlando,FL,64583
A000283,C000228,Home,646 Michelle Ridges,Naples,FL,27695
A000284,C000229,Home,953 Jim Walks Suite 095,Hollywood,FL,83764
A000285,C000229,Mailing,7735 Douglas Orchard,Sarasota,FL,16667
A000286,C000230,Home,9261 Billy Valley Apt. 629,Hollywood,FL,58850
A000287,C000231,Home,818 Sanders Harbor Apt. 624,Tallahassee,FL,53712
A000288,C000232,Home,19040 Alice Points,Davie,FL,94127
A000289,C000233,Home,905 Arnold Turnpike Suite 329,Pembroke Pines,FL,91072
A000290,C000234,Home,06601 Anderson Brooks,Tallahassee,FL,79269
A000291,C000235,Home,7511 Williams Landing Apt. 729,West Palm Beach,FL,28312
A000292,C000236,Home,73604 Adrienne Mountains,Boca Raton,FL,04273
A000293,C000236,Mailing,000 Hall Causeway Apt. 995,West Palm Beach,FL,62248
A000294,C000237,Home,66948 Franco Greens,Gainesville,FL,73341
A000295,C000238,Home,1638 Baldwin Overpass,Naples,FL,17104
A000296,C000239,Home,20559 Elizabeth Haven Suite 951,Sarasota,FL,97378
A000297,C000240,Home,5859 Tami Isle Suite 344,Orlando,FL,74763
A000298,C000240,Mailing,38461 Kathy Cliff,Pembroke Pines,FL,08401
A000299,C000241,Home,19566 Holland Track,Miami,FL,03779
A000300,C000242,Home,76468 Keller Cliffs,Boca Raton,FL,70090
A000301,C000242,Mailing,456 Hess Course Apt. 974,West Palm Beach,FL,68318
A000302,C000243,Home,08706 Juan Square Apt. 619,Gainesville,FL,13332
A000303,C000244,Home,850 Marquez Garden,Miami,FL,73330
A000304,C000245,Home,3064 Bennett Mission,Orlando,FL,27304
A000305,C000246,Home,749 April Port Suite 664,Fort Lauderdale,FL,11591
A000306,C000247,Home,029 Judy Light Apt. 479,Sarasota,FL,60092
A000307,C000248,Home,418 Monica Burg Suite 428,Orlando,FL,73077
A000308,C000249,Home,1642 Thornton Rapids Suite 538,Pembroke Pines,FL,63554
A000309,C000250,Home,32208 Ryan Dam,Orlando,FL,36542
A000310,C000251,Home,79579 Terrence Crossroad Apt. 106,Boca Raton,FL,96219
A000311,C000252,Home,4680 Alvarez Creek Suite 406,Hollywood,FL,58979
A000312,C000253,Home,0411 Kennedy Summit,Sarasota,FL,52833
A000313,C000254,Home,29723 Vanessa Way,Sarasota,FL,95278
A000314,C000255,Home,796 Charles Island,Miami,FL,65008
A000315,C000255,Mailing,1967 Mary Branch Suite 767,Jacksonville,FL,37461
A000316,C000256,Home,2158 Ortega Groves Apt. 971,Gainesville,FL,65743
A000317,C000256,Mailing,144 Patrick Forges Suite 841,Coral Springs,FL,83811
A000318,C000257,Home,51612 Gonzales Freeway,Miami,FL,00590
A000319,C000258,Home,7530 Jonathan Course,Jacksonville,FL,58373
A000320,C000259,Home,687 Jessica Orchard,Pembroke Pines,FL,93514
A000321,C000259,Mailing,489 Felicia Tunnel Suite 096,Miami,FL,61269
A000322,C000260,Home,9607 Mark Crossing Suite 945,Tampa,FL,39835
A000323,C000261,Home,015 Heather Mountains,Boca Raton,FL,57706
A000324,C000262,Home,58655 Sean Pike Apt. 482,Pembroke Pines,FL,88452
A000325,C000263,Home,514 Ashley Mountains,Boca Raton,FL,71479
A000326,C000264,Home,32658 Hill Tunnel Suite 801,Gainesville,FL,95770
A000327,C000265,Home,555 Austin Radial Apt. 881,Naples,FL,31117
A000328,C000265,Mailing,574 Patton Corner Suite 472,Hollywood,FL,24396
A000329,C000266,Home,5708 Nguyen Mews,Jacksonville,FL,76270
A000330,C000267,Home,855 Joshua Extension Suite 868,West Palm Beach,FL,32565
A000331,C000268,Home,666 Hickman Knolls,Davie,FL,91469
A000332,C000268,Mailing,27109 Daniel Rapids,Boca Raton,FL,13094
A000333,C000269,Home,25928 John Extension Suite 827,West Palm Beach,FL,60855
A000334,C000270,Home,02204 Carrillo Locks Apt. 278,Pembroke Pines,FL,72829
A000335,C000271,Home,40368 Rebecca Lodge,Davie,FL,34156
A000336,C000272,Home,7156 Christina Land Suite 563,Naples,FL,09460
A000337,C000273,Home,2772 Rivera Path,Coral Springs,FL,79893
A000338,C000273,Mailing,49852 Joseph Pine Apt. 014,Sarasota,FL,90611
A000339,C000274,Home,9160 Alan Well Suite 581,Boca Raton,FL,16321
A000340,C000275,Home,65015 Aguirre Station Apt. 470,Naples,FL,70581
A000341,C000275,Mailing,75919 Banks Springs,Coral Springs,FL,89354
A000342,C000276,Home,992 Brown Summit Suite 357,Coral Springs,FL,20835
A000343,C000277,Home,82826 Diane Ridges,Miami,FL,25796
A000344,C000278,Home,2650 Donald Cape Apt. 356,Gainesville,FL,92633
A000345,C000279,Home,5017 Katherine Pike,Naples,FL,14178
A000346,C000279,Mailing,866 Delgado Trace,Davie,FL,23472
A000347,C000280,Home,5137 Heather Port,Orlando,FL,77999
A000348,C000280,Mailing,0535 Bradley Court Apt. 893,Coral Springs,FL,36307
A000349,C000281,Home,764 Jacqueline Overpass Suite 465,Orlando,FL,58921
A000350,C000281,Mailing,011 David Springs,Coral Springs,FL,82144
A000351,C000282,Home,2724 Jessica Station,Tallahassee,FL,89245
A000352,C000283,Home,1380 Kimberly Shore Suite 944,Coral Springs,FL,55903
A000353,C000284,Home,2253 Ralph Lights Apt. 380,Naples,FL,46095
A000354,C000284,Mailing,4310 Kevin Brooks Apt. 374,Hollywood,FL,51198
A000355,C000285,Home,9625 Monique Valleys Suite 106,Hollywood,FL,06812
A000356,C000285,Mailing,0266 Schmitt Meadows,Naples,FL,13115
A000357,C000286,Home,06220 Jason Spurs,Sarasota,FL,82008
A000358,C000286,Mailing,8619 Moran Mission,Orlando,FL,41219
A000359,C000287,Home,544 Bradley Ramp,Jacksonville,FL,62049
A000360,C000288,Home,195 Mckee Villages,Tallahassee,FL,44830
A000361,C000288,Mailing,50532 Lam Avenue,Sarasota,FL,89749
A000362,C000289,Home,24311 Jonathan Club,Boca Raton,FL,72991
A000363,C000290,Home,150 Tina Vista,Fort Lauderdale,FL,93190
A000364,C000291,Home,431 Holt Forest,Coral Springs,FL,74986
A000365,C000292,Home,336 Curtis Field,Davie,FL,20489
A000366,C000293,Home,088 Emily Unions,Coral Springs,FL,33507
A000367,C000294,Home,1917 May Divide,West Palm Beach,FL,19257
A000368,C000294,Mailing,0566 Keith Spur Suite 890,Gainesville,FL,71729
A000369,C000295,Home,407 Samuel Square Apt. 428,Gainesville,FL,96817
A000370,C000295,Mailing,102 Beasley Ridge Suite 159,Sarasota,FL,43398
A000371,C000296,Home,8311 Amy Springs Suite 351,Boca Raton,FL,03995
A000372,C000297,Home,19212 Myers Road Suite 099,West Palm Beach,FL,62919
A000373,C000298,Home,78022 Kline Spring,Hollywood,FL,54450
A000374,C000299,Home,10152 Theresa Shores Apt. 913,Miami,FL,12779
A000375,C000300,Home,5109 Mary Island,Naples,FL,03499
A000376,C000301,Home,966 Perkins Ramp,Miami,FL,35762
A000377,C000302,Home,970 Barbara Trace,Tampa,FL,40316
A000378,C000303,Home,6294 Williams Cliffs Suite 356,Fort Lauderdale,FL,95610
A000379,C000304,Home,5122 Kayla Land Suite 322,Tampa,FL,75985
A000380,C000305,Home,70394 Rowland Cliff,Davie,FL,30974
A000381,C000306,Home,37042 Bullock Coves Suite 983,Fort Lauderdale,FL,34937
A000382,C000307,Home,456 Figueroa Row Suite 398,Hollywood,FL,26161
A000383,C000308,Home,68944 Watts Course,Pembroke Pines,FL,07838
A000384,C000308,Mailing,82613 Allen Loop Apt. 958,West Palm Beach,FL,53050
A000385,C000309,Home,551 Joyce Streets Apt. 116,Tallahassee,FL,90397
A000386,C000309,Mailing,9085 Brown Ville Suite 213,Coral Springs,FL,40480
A000387,C000310,Home,9185 Robinson Plaza Suite 678,Orlando,FL,30816
A000388,C000311,Home,98083 Nicole Center Apt. 195,Pembroke Pines,FL,47800
A000389,C000312,Home,467 Adam Flats,Naples,FL,32113
A000390,C000312,Mailing,03117 Bush Trail Apt. 436,Fort Lauderdale,FL,16780
A000391,C000313,Home,0864 Mcintyre Hills Suite 334,Pembroke Pines,FL,94233
A000392,C000314,Home,80677 Bobby Forges Suite 657,Tallahassee,FL,44718
A000393,C000315,Home,346 Flores Ports,Coral Springs,FL,11726
A000394,C000316,Home,05096 Charles Spurs Apt. 287,Jacksonville,FL,73278
A000395,C000316,Mailing,360 Smith Street Suite 554,Tampa,FL,59291
A000396,C000317,Home,05305 Curtis Garden Apt. 039,Davie,FL,95743
A000397,C000318,Home,13440 Kevin Spur,Jacksonville,FL,33454
A000398,C000319,Home,32984 Jacob Isle Apt. 036,Miami,FL,22355
A000399,C000320,Home,55662 Hill Freeway,Tallahassee,FL,12502
A000400,C000321,Home,3265 Boyer Mall Suite 330,Naples,FL,71821
A000401,C000322,Home,2131 Emily Mountains Apt. 573,Jacksonville,FL,83903
A000402,C000323,Home,93397 Kristen Drive,Hollywood,FL,10394
A000403,C000324,Home,86933 Rowe Cliff,Coral Springs,FL,09036
A000404,C000325,Home,76665 Ronald Row Suite 738,Tampa,FL,03248
A000405,C000325,Mailing,31071 Anderson Street Apt. 907,Gainesville,FL,97810
A000406,C000326,Home,7747 Torres Fort Suite 182,Hollywood,FL,62363
A000407,C000326,Mailing,52864 Gentry Trail Suite 076,Tampa,FL,12970
A000408,C000327,Home,452 Walton Land Suite 214,Naples,FL,26746
A000409,C000327,Mailing,22275 Samantha Mall,Fort Lauderdale,FL,16521
A000410,C000328,Home,3421 Sanders Viaduct,West Palm Beach,FL,69847
A000411,C000328,Mailing,9924 Cox Island,Pembroke Pines,FL,85404
A000412,C000329,Home,4502 Margaret Hill Suite 746,Hollywood,FL,90510
A000413,C000330,Home,99392 Jeffrey Ridge Apt. 900,Gainesville,FL,39281
A000414,C000330,Mailing,2147 Shannon Estates Apt. 229,Jacksonville,FL,85203
A000415,C000331,Home,59389 Rodriguez Trace,Hollywood,FL,16854
A000416,C000332,Home,05489 Justin Crossroad Apt. 190,Boca Raton,FL,09941
A000417,C000333,Home,4053 Hernandez Club,Jacksonville,FL,72359
A000418,C000334,Home,1677 Deborah Forks Suite 888,Hollywood,FL,02420
A000419,C000335,Home,62173 David Route Suite 798,Naples,FL,24627
A000420,C000336,Home,7510 Morris Creek,Pembroke Pines,FL,92119
A000421,C000337,Home,22579 Curtis Unions,Sarasota,FL,32114
A000422,C000338,Home,8614 Antonio Forge Suite 427,Pembroke Pines,FL,45124
A000423,C000339,Home,67153 Margaret Port,Hollywood,FL,41107
A000424,C000340,Home,080 Roger Pike Apt. 401,Orlando,FL,42457
A000425,C000341,Home,33758 Brenda Dam Suite 268,Fort Lauderdale,FL,72160
A000426,C000342,Home,2907 Gibbs Springs,Jacksonville,FL,98565
A000427,C000343,Home,79874 Michael Burg,Gainesville,FL,65358
A000428,C000344,Home,342 Dixon Villages Suite 746,Gainesville,FL,89800
A000429,C000344,Mailing,0189 John Walks Apt. 509,Boca Raton,FL,33976
A000430,C000345,Home,9303 Mack Wall Suite 159,Miami,FL,70292
A000431,C000345,Mailing,2750 Vincent Brooks Apt. 198,Pembroke Pines,FL,97447
A000432,C000346,Home,585 Wilson Lane Apt. 916,Boca Raton,FL,83514
A000433,C000347,Home,18007 Collin Hill Apt. 192,Naples,FL,03908
A000434,C000348,Home,8427 Bradley Crest,Tallahassee,FL,43510
A000435,C000349,Home,57120 Sarah Creek Suite 199,Jacksonville,FL,32516
A000436,C000350,Home,9679 Sean Groves Suite 108,Tampa,FL,23668
A000437,C000351,Home,280 Rice Fall,Jacksonville,FL,18123
A000438,C000352,Home,4523 Megan Valley,Davie,FL,85308
A000439,C000352,Mailing,96604 Mark Island,Coral Springs,FL,37066
A000440,C000353,Home,1546 Wallace Mission Suite 450,Tampa,FL,26196
A000441,C000354,Home,04876 Matthew Bypass Suite 020,Naples,FL,10086
A000442,C000355,Home,605 Hughes Wall Suite 261,West Palm Beach,FL,88130
A000443,C000355,Mailing,7674 Crystal Haven Suite 645,Sarasota,FL,69104
A000444,C000356,Home,7043 Hoover Circle,Sarasota,FL,35183
A000445,C000357,Home,21741 Aaron Squares,Miami,FL,60568
A000446,C000358,Home,32042 Kelley Club Apt. 367,Orlando,FL,70363
A000447,C000359,Home,691 Marshall Manor Suite 513,Hollywood,FL,03989
A000448,C000360,Home,236 Maria Groves Apt. 919,Boca Raton,FL,10129
A000449,C000361,Home,4386 Bowen Parkways,Miami,FL,37116
A000450,C000362,Home,61606 Medina Garden,Tampa,FL,90979
A000451,C000362,Mailing,8254 Jody Extensions Apt. 569,Fort Lauderdale,FL,03874
A000452,C000363,Home,041 Jenna Tunnel,Jacksonville,FL,72082
A000453,C000364,Home,6458 Samuel Village,Hollywood,FL,27234
A000454,C000365,Home,07332 Vanessa Manors,Naples,FL,70551
A000455,C000366,Home,356 Linda Ports Suite 119,Hollywood,FL,49783
A000456,C000367,Home,225 Dawn Path,Tampa,FL,51821
A000457,C000368,Home,41731 Samuel Forest Suite 888,Davie,FL,08242
A000458,C000369,Home,561 Dixon Shores Suite 044,Jacksonville,FL,06035
A000459,C000370,Home,4951 James Fork Suite 153,Davie,FL,47944
A000460,C000371,Home,2833 Stephen Terrace Apt. 338,Coral Springs,FL,15210
A000461,C000372,Home,1466 Robert Forges Suite 534,Gainesville,FL,10458
A000462,C000373,Home,949 Grimes Via,Davie,FL,02428
A000463,C000374,Home,81607 Caldwell Unions,Tampa,FL,91869
A000464,C000374,Mailing,810 Todd Key,Tallahassee,FL,18216
A000465,C000375,Home,012 Theresa Springs Suite 962,Naples,FL,79100
A000466,C000376,Home,10766 Bell Motorway Apt. 444,Gainesville,FL,02329
A000467,C000377,Home,765 Smith Mount Apt. 476,Jacksonville,FL,18657
A000468,C000378,Home,26869 Jeffrey View Apt. 463,Naples,FL,65934
A000469,C000379,Home,62292 Gerald Streets,Tallahassee,FL,30535
A000470,C000379,Mailing,030 Mario Village,Naples,FL,65200
A000471,C000380,Home,3082 Amanda Loaf Apt. 338,Fort Lauderdale,FL,84224
A000472,C000380,Mailing,374 Charles Throughway,Orlando,FL,80863
A000473,C000381,Home,50259 Key Fields,Orlando,FL,10127
A000474,C000381,Mailing,193 Andrew Mews,Sarasota,FL,40549
A000475,C000382,Home,549 Wood Circles Apt. 040,Hollywood,FL,13723
A000476,C000383,Home,06581 Alvarez Squares Apt. 338,Naples,FL,46133
A000477,C000384,Home,000 Arthur Trace,Boca Raton,FL,80583
A000478,C000385,Home,058 Harris Keys,Sarasota,FL,50439
A000479,C000386,Home,08983 Smith Flats,Tampa,FL,16220
A000480,C000386,Mailing,16250 Martinez Stream Suite 481,Gainesville,FL,82384
A000481,C000387,Home,397 Peck Pines,Tampa,FL,68741
A000482,C000388,Home,53422 Kelley Mall,Pembroke Pines,FL,35670
A000483,C000388,Mailing,677 Anthony Roads Suite 173,Sarasota,FL,26975
A000484,C000389,Home,92715 Murphy Walk Apt. 901,Coral Springs,FL,09033
A000485,C000390,Home,740 Dickson Mountains,Boca Raton,FL,01870
A000486,C000391,Home,479 Brown Summit,Jacksonville,FL,09251
A000487,C000391,Mailing,24822 Heather Branch Apt. 445,Tampa,FL,66321
A000488,C000392,Home,158 Gloria Hollow Apt. 719,Fort Lauderdale,FL,64378
A000489,C000393,Home,8084 Rivera Drives,Miami,FL,94598
A000490,C000394,Home,501 Chloe Estate,West Palm Beach,FL,61820
A000491,C000395,Home,569 Webb Orchard,Tallahassee,FL,85961
A000492,C000395,Mailing,42835 Tracy Plains Suite 739,Jacksonville,FL,68716
A000493,C000396,Home,8121 Kimberly Shores Apt. 394,Coral Springs,FL,28442
A000494,C000397,Home,0735 Vazquez Brooks Suite 129,Sarasota,FL,63036
A000495,C000397,Mailing,71277 Whitney Lakes,Davie,FL,79223
A000496,C000398,Home,5913 Reilly Square Apt. 800,Miami,FL,16604
A000497,C000399,Home,68452 Zavala Wells,Tallahassee,FL,53330
A000498,C000400,Home,996 Rachel Station,Orlando,FL,88299
A000499,C000400,Mailing,8953 Carl Place,Naples,FL,87407
A000500,C000401,Home,60511 Audrey Square Apt. 131,Fort Lauderdale,FL,44282
A000501,C000402,Home,712 Alvarado Pine,Coral Springs,FL,84455
A000502,C000402,Mailing,1053 Brandon Green Apt. 320,West Palm Beach,FL,06924
A000503,C000403,Home,5277 Gallagher Isle Suite 377,Orlando,FL,89215
A000504,C000403,Mailing,91941 Douglas Roads Apt. 869,Coral Springs,FL,61556
A000505,C000404,Home,599 Stephen Spurs,Tallahassee,FL,42372
A000506,C000405,Home,2941 Tran Crossing Suite 065,Tampa,FL,46841
A000507,C000405,Mailing,60667 Alvarado Trafficway,Sarasota,FL,66452
A000508,C000406,Home,6659 Pedro Spurs Apt. 069,Coral Springs,FL,11356
A000509,C000407,Home,797 Smith Light Apt. 214,Tallahassee,FL,45152
A000510,C000408,Home,65352 Christopher Mountain Suite 472,Jacksonville,FL,30288
A000511,C000408,Mailing,73100 Cheryl Drives,Hollywood,FL,78187
A000512,C000409,Home,6381 Andrea Springs Suite 061,Boca Raton,FL,60104
A000513,C000409,Mailing,541 Barry Crest,Coral Springs,FL,97846
A000514,C000410,Home,6616 Andrew Inlet Apt. 657,Sarasota,FL,48968
A000515,C000411,Home,88168 Rodriguez Groves Apt. 180,Tallahassee,FL,40798
A000516,C000411,Mailing,49144 Diaz Loop,Tampa,FL,30416
A000517,C000412,Home,5040 Debbie Mount Suite 260,Davie,FL,85613
A000518,C000413,Home,0274 James Road,Naples,FL,23319
A000519,C000414,Home,00615 Erin Lights,Coral Springs,FL,89337
A000520,C000415,Home,620 Garrett Bridge Suite 866,Gainesville,FL,50539
A000521,C000416,Home,0068 Mark Throughway,Boca Raton,FL,48168
A000522,C000417,Home,733 Marcus Dam,Orlando,FL,12583
A000523,C000418,Home,986 Jacob Mountains,Davie,FL,13765
A000524,C000418,Mailing,4481 Cory Mall Apt. 352,Coral Springs,FL,24605
A000525,C000419,Home,740 Mathis Walks,Fort Lauderdale,FL,20321
A000526,C000419,Mailing,38580 Jennifer Manor Suite 938,Miami,FL,45811
A000527,C000420,Home,2295 Richard Keys,Fort Lauderdale,FL,29446
A000528,C000421,Home,477 Lawrence Rapids Suite 193,Tallahassee,FL,95193
A000529,C000422,Home,82102 Bradley Trail,Jacksonville,FL,89855
A000530,C000423,Home,7390 Chan Ways,Naples,FL,77527
A000531,C000424,Home,916 Anderson Shoals,Hollywood,FL,01136
A000532,C000425,Home,808 Richard Brook Suite 405,Fort Lauderdale,FL,70055
A000533,C000426,Home,025 Moore Ville,West Palm Beach,FL,15257
A000534,C000427,Home,87937 Mays Skyway,Davie,FL,55388
A000535,C000428,Home,3764 Whitney Summit,Naples,FL,78548
A000536,C000428,Mailing,024 Gail Tunnel Suite 513,West Palm Beach,FL,05503
A000537,C000429,Home,477 Wiggins Alley,Boca Raton,FL,82254
A000538,C000430,Home,722 Tiffany Via Apt. 348,Davie,FL,15988
A000539,C000431,Home,8615 Jessica Crest,Pembroke Pines,FL,59724
A000540,C000432,Home,700 Angela Green,Tampa,FL,40037
A000541,C000433,Home,91197 Ramsey Radial,Miami,FL,97899
A000542,C000434,Home,50178 Anderson Prairie Suite 057,West Palm Beach,FL,83548
A000543,C000435,Home,86337 Smith Alley Suite 218,Coral Springs,FL,20601
A000544,C000435,Mailing,79527 Mary Centers Suite 785,Davie,FL,06821
A000545,C000436,Home,05140 Newman Tunnel Apt. 871,West Palm Beach,FL,20174
A000546,C000437,Home,294 Herman Courts,Boca Raton,FL,11016
A000547,C000438,Home,830 Brian Mountain Apt. 296,Naples,FL,34986
A000548,C000439,Home,155 Washington Divide Suite 860,Miami,FL,72157
A000549,C000439,Mailing,5073 Bailey Mountains Apt. 302,Davie,FL,09512
A000550,C000440,Home,683 Mia Turnpike Suite 611,Tallahassee,FL,99512
A000551,C000441,Home,56414 Anthony Tunnel,Gainesville,FL,06322
A000552,C000441,Mailing,8509 Wright Walk Suite 636,Boca Raton,FL,09486
A000553,C000442,Home,1283 Montgomery Knolls Apt. 707,Jacksonville,FL,69184
A000554,C000442,Mailing,83297 Ford Ports Suite 970,Jacksonville,FL,57238
A000555,C000443,Home,227 Mcguire Gardens,Sarasota,FL,75314
A000556,C000444,Home,78557 Donald Ranch Apt. 637,Tallahassee,FL,75016
A000557,C000444,Mailing,1512 Amy Underpass Apt. 326,Hollywood,FL,81053
A000558,C000445,Home,34584 Robertson Trafficway,Tampa,FL,50907
A000559,C000446,Home,60927 Alejandro Green,Sarasota,FL,21035
A000560,C000447,Home,89004 Washington Mission,Orlando,FL,77388
A000561,C000448,Home,0887 Glenn Field Suite 220,Orlando,FL,32883
A000562,C000449,Home,066 Ramirez Mountains,Naples,FL,36416
A000563,C000450,Home,44152 Collins Valley Apt. 511,Gainesville,FL,76212
A000564,C000451,Home,57811 Scott Landing Apt. 448,Coral Springs,FL,14817
A000565,C000452,Home,3769 Avila Court Apt. 036,Hollywood,FL,84730
A000566,C000453,Home,58172 Chelsea Trail Suite 820,Miami,FL,45838
A000567,C000454,Home,736 Hill Road Suite 507,Gainesville,FL,01923
A000568,C000455,Home,888 Amy Haven Apt. 981,West Palm Beach,FL,76241
A000569,C000456,Home,2364 Anna Crescent,Sarasota,FL,05983
A000570,C000456,Mailing,4429 Hill Square,Sarasota,FL,93831
A000571,C000457,Home,92145 Prince Valleys,Naples,FL,83660
A000572,C000458,Home,98037 Kelly Rapids,Tampa,FL,99757
A000573,C000459,Home,6868 Alan Rest Suite 402,West Palm Beach,FL,65781
A000574,C000459,Mailing,892 Grant Forks,Davie,FL,02621
A000575,C000460,Home,625 Ricardo Roads Suite 691,Gainesville,FL,87246
A000576,C000461,Home,51133 Grant Plaza Suite 611,Gainesville,FL,97853
A000577,C000461,Mailing,405 Shannon Streets Apt. 828,West Palm Beach,FL,18320
A000578,C000462,Home,18043 Vargas Terrace,Tallahassee,FL,72481
A000579,C000462,Mailing,40704 Joshua Lights,Coral Springs,FL,14854
A000580,C000463,Home,5895 Scott Island,Gainesville,FL,57668
A000581,C000463,Mailing,7610 Leonard Ways Suite 529,Fort Lauderdale,FL,92913
A000582,C000464,Home,7718 Mark Courts,Tallahassee,FL,43978
A000583,C000465,Home,64178 Michael Ranch,Pembroke Pines,FL,07686
A000584,C000466,Home,96881 Hartman Club,Orlando,FL,72707
A000585,C000467,Home,265 Williams Ways Suite 138,Naples,FL,03152
A000586,C000467,Mailing,012 Patrick Trace Suite 754,Jacksonville,FL,63273
A000587,C000468,Home,40088 Caitlin Spring,Davie,FL,11620
A000588,C000469,Home,855 English Mount,Sarasota,FL,19678
A000589,C000469,Mailing,788 Zachary Underpass,Boca Raton,FL,24518
A000590,C000470,Home,03552 Amanda Mount,Tallahassee,FL,21522
A000591,C000471,Home,34352 Gomez Coves Suite 176,Jacksonville,FL,32938
A000592,C000472,Home,2957 Marshall Summit,Miami,FL,20881
A000593,C000473,Home,7236 Zachary Oval,Tampa,FL,77955
A000594,C000473,Mailing,8814 Jacqueline Extensions,Tampa,FL,49962
A000595,C000474,Home,8623 Smith Terrace Suite 972,Coral Springs,FL,44699
A000596,C000475,Home,7750 Carolyn Wells Apt. 384,Orlando,FL,32119
A000597,C000476,Home,074 Franklin Coves Suite 120,Sarasota,FL,36665
A000598,C000477,Home,1853 Dana Tunnel,Miami,FL,74948
A000599,C000478,Home,512 Contreras Inlet Apt. 340,Jacksonville,FL,16140
A000600,C000479,Home,34542 Annette Ferry,Tallahassee,FL,65769
A000601,C000480,Home,09187 John Fields,Gainesville,FL,30400
A000602,C000481,Home,3080 Melton Lodge Suite 695,Naples,FL,39270
A000603,C000482,Home,89570 Mahoney Ridge Apt. 469,Fort Lauderdale,FL,07066
A000604,C000483,Home,5582 Walters Valley Apt. 341,Sarasota,FL,64744
A000605,C000483,Mailing,814 Johnson Stravenue Suite 216,Gainesville,FL,07975
A000606,C000484,Home,317 Kelly Pines Apt. 323,Orlando,FL,66171
A000607,C000484,Mailing,1686 Richard Plains Apt. 115,Fort Lauderdale,FL,37209
A000608,C000485,Home,31006 Smith Lodge,Jacksonville,FL,23123
A000609,C000486,Home,354 Wall Roads Suite 397,Coral Springs,FL,41000
A000610,C000486,Mailing,51114 Lee Unions,Pembroke Pines,FL,62260
A000611,C000487,Home,4178 Taylor Parkway Suite 348,Pembroke Pines,FL,02943
A000612,C000487,Mailing,3050 Jenkins Mall Suite 155,Fort Lauderdale,FL,42343
A000613,C000488,Home,75440 Sandra Turnpike Suite 408,Tallahassee,FL,29278
A000614,C000489,Home,411 Sara Walk Apt. 805,Gainesville,FL,30911
A000615,C000490,Home,1064 Hernandez Row Suite 546,Boca Raton,FL,77296
A000616,C000490,Mailing,894 Jeffrey Springs Apt. 363,Naples,FL,29904
A000617,C000491,Home,32307 Wendy Glen Apt. 735,Gainesville,FL,72524
A000618,C000491,Mailing,7578 Goodman Place Apt. 019,Hollywood,FL,23357
A000619,C000492,Home,887 Rebecca Cliffs Apt. 967,Tallahassee,FL,68295
A000620,C000493,Home,8623 Patricia Overpass Suite 096,West Palm Beach,FL,40421
A000621,C000494,Home,47565 Charles Freeway Apt. 399,Fort Lauderdale,FL,99309
A000622,C000494,Mailing,6879 Cynthia Terrace,Boca Raton,FL,59973
A000623,C000495,Home,05792 Sanders Forge Apt. 088,Fort Lauderdale,FL,48149
A000624,C000495,Mailing,6415 Shannon Garden Suite 535,Miami,FL,30890
A000625,C000496,Home,8957 Darrell Islands Apt. 651,Pembroke Pines,FL,24625
A000626,C000497,Home,2440 Sean Cliffs Suite 918,Orlando,FL,12638
A000627,C000498,Home,7936 Andrew Mountain Apt. 695,Pembroke Pines,FL,70656
A000628,C000498,Mailing,472 Abigail Summit Apt. 418,Boca Raton,FL,37836
A000629,C000499,Home,123 Graham Garden Suite 811,Sarasota,FL,39145
A000630,C000500,Home,370 Martinez Plains,Gainesville,FL,40242
A000631,C000500,Mailing,2182 Nolan Square,Jacksonville,FL,32100
A000632,C000501,Home,9666 Monica Branch Suite 284,Davie,FL,59771
A000633,C000502,Home,4635 Michael Wall Suite 116,Naples,FL,45737
A000634,C000503,Home,09889 Bradley Summit,Fort Lauderdale,FL,26056
A000635,C000503,Mailing,36675 Miller Estates,Orlando,FL,20709
A000636,C000504,Home,27860 Hansen Spur Suite 494,West Palm Beach,FL,88254
A000637,C000505,Home,97921 Schultz Prairie,Hollywood,FL,82595
A000638,C000506,Home,68419 Bryant Trafficway,West Palm Beach,FL,98325
A000639,C000507,Home,396 Stephanie Wall Suite 871,Naples,FL,29985
A000640,C000507,Mailing,191 Harold Passage,Tampa,FL,96675
A000641,C000508,Home,681 Clark Light Apt. 491,Tampa,FL,65943
A000642,C000509,Home,3222 Jonathan Parkways,Naples,FL,15235
A000643,C000509,Mailing,70152 Stephens Views Apt. 667,Boca Raton,FL,99228
A000644,C000510,Home,755 Suzanne Plains Suite 634,Sarasota,FL,12182
A000645,C000511,Home,81429 Jennifer Extensions Suite 327,Gainesville,FL,16463
A000646,C000511,Mailing,9526 Natalie Avenue Suite 789,Orlando,FL,48024
A000647,C000512,Home,0068 Armstrong Pike Suite 334,Orlando,FL,12885
A000648,C000513,Home,2788 Price Avenue Suite 098,Gainesville,FL,97685
A000649,C000514,Home,0229 Aaron Court Suite 547,Coral Springs,FL,89539
A000650,C000515,Home,580 James Ports,Gainesville,FL,06389
A000651,C000516,Home,5241 Fields Crescent,Jacksonville,FL,83943
A000652,C000516,Mailing,68608 Kristin Views Apt. 480,Tallahassee,FL,85443
A000653,C000517,Home,5429 Julie Harbors,Boca Raton,FL,20417
A000654,C000518,Home,99730 Tanya Pass,Gainesville,FL,62267
A000655,C000518,Mailing,917 Douglas Well,Orlando,FL,62353
A000656,C000519,Home,5191 Mosley Station,Coral Springs,FL,25004
A000657,C000520,Home,816 Gina Key Apt. 875,Naples,FL,60757
A000658,C000521,Home,1406 Sabrina Ford,Tallahassee,FL,47644
A000659,C000522,Home,75372 Parks Brook Apt. 193,Tallahassee,FL,02407
A000660,C000523,Home,46659 Scott Harbor,Sarasota,FL,65874
A000661,C000524,Home,40415 Michael Greens,Jacksonville,FL,32352
A000662,C000525,Home,5509 Bernard Mission,Naples,FL,41979
A000663,C000525,Mailing,46751 Page Garden,Gainesville,FL,37965
A000664,C000526,Home,701 Crosby Motorway,Jacksonville,FL,36530
A000665,C000526,Mailing,84758 Mccarthy Wall,West Palm Beach,FL,80096
A000666,C000527,Home,6057 Michael River,Orlando,FL,84627
A000667,C000528,Home,23378 Erin Meadows,Sarasota,FL,56020
A000668,C000528,Mailing,9572 Norris Overpass Suite 977,Pembroke Pines,FL,95478
A000669,C000529,Home,783 Pittman Station Apt. 121,Miami,FL,50162
A000670,C000529,Mailing,1063 Todd Divide,Coral Springs,FL,65036
A000671,C000530,Home,40129 Cortez Groves Apt. 581,Fort Lauderdale,FL,28400
A000672,C000531,Home,15922 Rodney Garden Suite 052,Tallahassee,FL,52271
A000673,C000532,Home,3534 Jenna Stravenue Suite 552,Davie,FL,90881
A000674,C000532,Mailing,88185 Flynn Crossroad Suite 103,Miami,FL,06411
A000675,C000533,Home,49288 Rodgers Cove Suite 031,West Palm Beach,FL,05251
A000676,C000534,Home,031 Charles Gateway,Miami,FL,73156
A000677,C000535,Home,69811 Alicia Burg Apt. 005,Tampa,FL,44961
A000678,C000535,Mailing,4498 Mcgrath Manors,Hollywood,FL,38238
A000679,C000536,Home,1286 Melton Station,Hollywood,FL,23245
A000680,C000537,Home,251 Stewart Loaf Suite 522,Hollywood,FL,23680
A000681,C000538,Home,65939 Ayala Junction Apt. 571,Fort Lauderdale,FL,39465
A000682,C000539,Home,13209 Samantha Turnpike,Tampa,FL,25777
A000683,C000540,Home,65196 Peterson Glen,Pembroke Pines,FL,95793
A000684,C000541,Home,75893 Francis Ville Apt. 636,Orlando,FL,31298
A000685,C000542,Home,1575 Paul Road,Sarasota,FL,92060
A000686,C000543,Home,825 Anthony Expressway Apt. 889,Naples,FL,37765
A000687,C000543,Mailing,68159 Murphy Centers,Tallahassee,FL,29152
A000688,C000544,Home,842 Natasha Turnpike Suite 375,Tallahassee,FL,91347
A000689,C000545,Home,43367 Ruiz Summit,Orlando,FL,07748
A000690,C000546,Home,54020 Nathaniel Bypass Suite 070,Gainesville,FL,19298
A000691,C000547,Home,639 William Orchard,Pembroke Pines,FL,20176
A000692,C000547,Mailing,75003 Alvarado Mountain,Fort Lauderdale,FL,08662
A000693,C000548,Home,0872 Knight River Apt. 818,Orlando,FL,55505
A000694,C000549,Home,20855 Jeffrey Grove Suite 291,Jacksonville,FL,56409
A000695,C000550,Home,837 Patrick Neck Apt. 553,Naples,FL,60287
A000696,C000551,Home,2515 Katherine Overpass Suite 437,Hollywood,FL,18402
A000697,C000551,Mailing,477 Sarah Walks Apt. 354,Tampa,FL,78505
A000698,C000552,Home,23220 Robert Point,Sarasota,FL,51372
A000699,C000553,Home,6881 Dylan Ports Suite 413,West Palm Beach,FL,49145
A000700,C000553,Mailing,90947 Brady Islands Suite 403,Orlando,FL,53020
A000701,C000554,Home,11608 Victor Rapid Suite 930,Jacksonville,FL,29781
A000702,C000555,Home,071 Fry Forges,Orlando,FL,18069
A000703,C000555,Mailing,9711 Vazquez Bridge Suite 133,Fort Lauderdale,FL,03719
A000704,C000556,Home,77708 William Forge,Naples,FL,02584
A000705,C000557,Home,02326 Keith Bridge Suite 659,Davie,FL,08711
A000706,C000558,Home,75240 Lewis Village,Boca Raton,FL,52063
A000707,C000558,Mailing,70731 Richard Green Apt. 354,Coral Springs,FL,93132
A000708,C000559,Home,19544 Walton Lodge,Naples,FL,70010
A000709,C000560,Home,72435 Nicole Turnpike,West Palm Beach,FL,52167
A000710,C000561,Home,06883 Miles Center Apt. 250,Tampa,FL,10167
A000711,C000562,Home,451 Brown Lights Apt. 461,Coral Springs,FL,62498
A000712,C000563,Home,1926 Nguyen Fork,Tallahassee,FL,71996
A000713,C000563,Mailing,72905 Carter Station,Jacksonville,FL,87851
A000714,C000564,Home,9928 Daniel Wells Apt. 422,Sarasota,FL,80890
A000715,C000565,Home,06923 Matthew Ford Suite 653,Tallahassee,FL,65904
A000716,C000566,Home,4649 Martinez Throughway,Fort Lauderdale,FL,67266
A000717,C000566,Mailing,67275 Perez Mews,Boca Raton,FL,35657
A000718,C000567,Home,5397 Brian Forges,Sarasota,FL,43086
A000719,C000568,Home,4042 Melissa Forest,Coral Springs,FL,47785
A000720,C000568,Mailing,231 Douglas Land,Davie,FL,11095
A000721,C000569,Home,303 Heidi Forges Suite 017,Naples,FL,14783
A000722,C000570,Home,28803 Harris Island Apt. 568,Sarasota,FL,99791
A000723,C000571,Home,8819 Campbell Manor Suite 678,Hollywood,FL,85318
A000724,C000572,Home,2739 Nicole Underpass,Fort Lauderdale,FL,49522
A000725,C000573,Home,713 Eugene Lights,Jacksonville,FL,54609
A000726,C000573,Mailing,8300 Ann Lakes,Gainesville,FL,81788
A000727,C000574,Home,959 Wood Ridges,Gainesville,FL,91524
A000728,C000574,Mailing,294 Steven Ports,Davie,FL,53937
A000729,C000575,Home,2347 William Haven,Hollywood,FL,14032
A000730,C000576,Home,92171 Taylor Forest,Hollywood,FL,47565
A000731,C000577,Home,1078 Veronica Extension,West Palm Beach,FL,13027
A000732,C000578,Home,195 Nichole Lakes Apt. 171,Orlando,FL,39096
A000733,C000578,Mailing,7552 Tiffany Alley Apt. 807,Sarasota,FL,83620
A000734,C000579,Home,08034 Johnny Stream Apt. 997,Boca Raton,FL,05390
A000735,C000580,Home,219 Dennis Road Suite 542,Naples,FL,82142
A000736,C000580,Mailing,365 Norris Forge,Gainesville,FL,37117
A000737,C000581,Home,99304 Gabriel Cove Apt. 834,Tampa,FL,23697
A000738,C000581,Mailing,1659 Miller Drive,Davie,FL,77516
A000739,C000582,Home,62236 Crawford Pine Apt. 181,Fort Lauderdale,FL,79981
A000740,C000583,Home,837 Sandra Parkways,Jacksonville,FL,36262
A000741,C000583,Mailing,9434 Stephen Canyon,Jacksonville,FL,30758
A000742,C000584,Home,810 Kaitlyn Port Apt. 909,Sarasota,FL,56077
A000743,C000585,Home,079 Gonzalez Lodge Apt. 339,Miami,FL,05371
A000744,C000586,Home,423 Patterson Locks Apt. 348,Tampa,FL,52466
A000745,C000587,Home,81876 Gray Parkways,Orlando,FL,45325
A000746,C000588,Home,1079 Barker Streets,Naples,FL,46845
A000747,C000589,Home,294 Snow Drive,Coral Springs,FL,22705
A000748,C000590,Home,2783 Acevedo Common,Tallahassee,FL,31789
A000749,C000590,Mailing,918 Mitchell Loop,West Palm Beach,FL,56500
A000750,C000591,Home,49921 Daniel Mill,Jacksonville,FL,31231
A000751,C000591,Mailing,5418 Joshua Prairie Suite 114,Jacksonville,FL,72628
A000752,C000592,Home,6588 Smith Heights,Hollywood,FL,94649
A000753,C000593,Home,2986 Karla Route Apt. 969,Jacksonville,FL,03968
A000754,C000594,Home,3805 Baker Junctions,Pembroke Pines,FL,37417
A000755,C000594,Mailing,335 Dunn Parkway,Davie,FL,99505
A000756,C000595,Home,11044 Christine Fords Apt. 652,Fort Lauderdale,FL,50858
A000757,C000596,Home,800 Johns Summit,Tampa,FL,88205
A000758,C000597,Home,3087 Rose Camp,Orlando,FL,61878
A000759,C000598,Home,6940 Cassandra Trail Suite 895,Orlando,FL,07723
A000760,C000599,Home,78763 Gonzalez Prairie,Pembroke Pines,FL,64406
A000761,C000599,Mailing,8600 Marissa Station Suite 999,Gainesville,FL,77654
A000762,C000600,Home,6539 Robertson Road Apt. 163,Boca Raton,FL,24071
A000763,C000600,Mailing,8866 Sydney Route Suite 090,Hollywood,FL,19124
A000764,C000601,Home,376 Ryan Spurs Suite 524,Gainesville,FL,50753
A000765,C000602,Home,2098 Roberts Road,Jacksonville,FL,99032
A000766,C000603,Home,791 Clark Rapid,Tampa,FL,64826
A000767,C000604,Home,257 William Causeway Apt. 009,Miami,FL,49086
A000768,C000605,Home,35823 Lisa Orchard Apt. 795,Gainesville,FL,35878
A000769,C000606,Home,701 Megan Oval Apt. 404,Jacksonville,FL,64478
A000770,C000607,Home,41329 Paul Rapids,Hollywood,FL,35822
A000771,C000608,Home,60257 Reyes Manors,Orlando,FL,58002
A000772,C000609,Home,93530 Christopher Junctions Apt. 164,Sarasota,FL,84083
A000773,C000610,Home,198 Rhonda Land Apt. 288,Jacksonville,FL,50023
A000774,C000611,Home,96052 Melissa Shoals,Boca Raton,FL,26981
A000775,C000612,Home,1097 Taylor Coves Suite 948,Coral Springs,FL,25139
A000776,C000612,Mailing,48621 Anthony Fields Suite 035,West Palm Beach,FL,60283
A000777,C000613,Home,1352 Anderson Pines Apt. 092,Boca Raton,FL,82142
A000778,C000614,Home,838 Martinez Forest Apt. 434,Tallahassee,FL,69409
A000779,C000615,Home,1522 Wolfe Haven,West Palm Beach,FL,89670
A000780,C000615,Mailing,25134 Heather Shore,Boca Raton,FL,51005
A000781,C000616,Home,0145 Smith Crest,Pembroke Pines,FL,37745
A000782,C000617,Home,12914 Blake Streets Suite 366,Boca Raton,FL,25099
A000783,C000618,Home,61896 Colleen Parkways Suite 518,Naples,FL,98963
A000784,C000619,Home,121 Smith Drive,Boca Raton,FL,43064
A000785,C000620,Home,47280 Ryan Coves Suite 246,Jacksonville,FL,70884
A000786,C000621,Home,1726 Timothy Station,Gainesville,FL,41006
A000787,C000622,Home,2884 Ryan Plain Suite 672,Pembroke Pines,FL,66267
A000788,C000622,Mailing,3007 Mccoy Rapid,Naples,FL,31231
A000789,C000623,Home,186 Sandra Bridge Apt. 450,Sarasota,FL,80301
A000790,C000623,Mailing,517 Diana Light Apt. 771,Jacksonville,FL,19016
A000791,C000624,Home,5636 Zachary Alley,Naples,FL,26846
A000792,C000625,Home,10185 Frye Square,Pembroke Pines,FL,77869
A000793,C000626,Home,7799 Harding Crossing,Davie,FL,37601
A000794,C000626,Mailing,9753 Evans Ramp Apt. 654,Gainesville,FL,14884
A000795,C000627,Home,336 Diane Mall,Orlando,FL,81955
A000796,C000628,Home,77584 Helen Roads,Miami,FL,43351
A000797,C000629,Home,1211 Ferguson Spurs,Pembroke Pines,FL,62016
A000798,C000630,Home,08710 Murphy Keys Suite 277,Tallahassee,FL,88086
A000799,C000631,Home,66345 Green Cove,Jacksonville,FL,13648
A000800,C000632,Home,3811 Joseph Skyway Apt. 238,Pembroke Pines,FL,55226
A000801,C000632,Mailing,1574 Glover Highway,Coral Springs,FL,08952
A000802,C000633,Home,455 Flores Knoll Apt. 745,Tallahassee,FL,80519
A000803,C000634,Home,167 Chang Dam Apt. 276,Jacksonville,FL,03744
A000804,C000635,Home,475 Jones Forges Suite 539,Orlando,FL,75500
A000805,C000636,Home,0781 May Court,Sarasota,FL,17580
A000806,C000637,Home,169 Morgan Trail,Tallahassee,FL,67278
A000807,C000638,Home,0288 Alexander Oval Suite 870,Orlando,FL,88419
A000808,C000639,Home,8432 Snyder Forges,Pembroke Pines,FL,81194
A000809,C000640,Home,2447 Shawn Square Apt. 007,Boca Raton,FL,95183
A000810,C000641,Home,363 Stark Roads Apt. 295,Miami,FL,20062
A000811,C000642,Home,817 Lisa Plain Apt. 483,Tallahassee,FL,08006
A000812,C000643,Home,43890 Stacy Circle,Tampa,FL,73607
A000813,C000644,Home,19992 Pope Way Apt. 313,Miami,FL,38360
A000814,C000645,Home,287 Kimberly Island,Gainesville,FL,05304
A000815,C000646,Home,6730 Foster Mountains Apt. 924,Gainesville,FL,36430
A000816,C000646,Mailing,341 Henderson Pass Suite 378,Hollywood,FL,85482
A000817,C000647,Home,89353 Cox Dale Suite 225,Tallahassee,FL,81861
A000818,C000647,Mailing,916 Bailey Burgs,Jacksonville,FL,07131
A000819,C000648,Home,7863 Griffith Pass Suite 558,Tallahassee,FL,68114
A000820,C000649,Home,010 Conway Square Apt. 425,Coral Springs,FL,42204
A000821,C000650,Home,260 Katie Shores,Davie,FL,97383
A000822,C000651,Home,176 Tiffany Wall Apt. 774,Davie,FL,02404
A000823,C000652,Home,636 Derrick Gardens Suite 127,Davie,FL,77029
A000824,C000652,Mailing,6963 West Streets,Tampa,FL,29261
A000825,C000653,Home,3240 Cordova Extensions Suite 951,Pembroke Pines,FL,42102
A000826,C000653,Mailing,19960 Stark Extensions Suite 577,Gainesville,FL,54835
A000827,C000654,Home,1552 Brian Greens Suite 831,Boca Raton,FL,50298
A000828,C000655,Home,20115 Fleming Trace Apt. 492,West Palm Beach,FL,46238
A000829,C000655,Mailing,296 Harris Ridges,Gainesville,FL,41912
A000830,C000656,Home,333 Snyder Stream,West Palm Beach,FL,02525
A000831,C000657,Home,6614 Lee Plaza,Jacksonville,FL,18395
A000832,C000658,Home,0713 Robertson Mission Suite 144,Miami,FL,06308
A000833,C000659,Home,8182 Henry Ford Apt. 159,Orlando,FL,18667
A000834,C000660,Home,29154 Page Circles,Orlando,FL,39031
A000835,C000661,Home,531 Glover Lodge,Tampa,FL,74629
A000836,C000662,Home,127 Bryan Meadow Suite 877,West Palm Beach,FL,33173
A000837,C000663,Home,22431 Morgan Place Suite 797,Fort Lauderdale,FL,84595
A000838,C000664,Home,441 Wright Prairie,Gainesville,FL,44990
A000839,C000665,Home,78021 Bates Estate,Jacksonville,FL,01905
A000840,C000666,Home,2122 Thomas Roads,Fort Lauderdale,FL,13771
A000841,C000667,Home,8468 Brown Villages Suite 508,Gainesville,FL,60738
A000842,C000667,Mailing,13349 Herrera Estate Apt. 504,Hollywood,FL,96663
A000843,C000668,Home,4154 Huff Squares Apt. 227,Coral Springs,FL,32389
A000844,C000669,Home,43261 Luis Ports Suite 131,Tampa,FL,71176
A000845,C000670,Home,4720 Jordan Plains Apt. 016,Fort Lauderdale,FL,88646
A000846,C000671,Home,201 Khan Parks Apt. 070,West Palm Beach,FL,62348
A000847,C000672,Home,18801 Sheryl Freeway Suite 339,Davie,FL,85158
A000848,C000673,Home,21095 Duffy Villages Suite 952,Tallahassee,FL,95338
A000849,C000674,Home,797 Robert Gateway Apt. 284,Tampa,FL,91048
A000850,C000675,Home,803 Jordan Summit,Boca Raton,FL,17087
A000851,C000676,Home,3880 Maria Skyway Apt. 617,Sarasota,FL,71016
A000852,C000677,Home,4446 Paul Spur,Pembroke Pines,FL,08277
A000853,C000678,Home,6601 Butler Fork Suite 717,Boca Raton,FL,90182
A000854,C000679,Home,044 Moyer Ways Suite 151,Coral Springs,FL,46320
A000855,C000680,Home,1836 Chan Route Apt. 395,Miami,FL,56703
A000856,C000681,Home,6931 Burns Crest,Tampa,FL,60797
A000857,C000682,Home,57936 Bryan Oval Apt. 560,West Palm Beach,FL,90862
A000858,C000683,Home,40550 Michael Cliff,Hollywood,FL,67678
A000859,C000684,Home,2573 Bryan Expressway,Sarasota,FL,22875
A000860,C000685,Home,54490 Barnes Fork Apt. 821,West Palm Beach,FL,90087
A000861,C000686,Home,21001 Bethany Square,Hollywood,FL,60001
A000862,C000687,Home,23455 Taylor Ranch,Davie,FL,55269
A000863,C000688,Home,3517 Debra Shore Suite 708,Tallahassee,FL,78641
A000864,C000689,Home,908 Campbell Pass,Gainesville,FL,99698
A000865,C000690,Home,85788 Barry Meadow,Orlando,FL,24545
A000866,C000691,Home,72455 Mackenzie Meadows,Gainesville,FL,84569
A000867,C000692,Home,59514 Sarah Alley,Tallahassee,FL,14619
A000868,C000693,Home,2192 Martin Brooks,Gainesville,FL,32721
A000869,C000694,Home,2066 Jeremy Track,Coral Springs,FL,94350
A000870,C000694,Mailing,927 Jennifer Streets Suite 792,Gainesville,FL,25544
A000871,C000695,Home,22980 Stone Roads Suite 674,Sarasota,FL,44565
A000872,C000696,Home,6544 William View Suite 996,Miami,FL,54373
A000873,C000697,Home,478 Sarah Mills,Coral Springs,FL,58550
A000874,C000698,Home,0823 Shawna Meadow,Boca Raton,FL,47684
A000875,C000698,Mailing,6581 Cole Parkways Apt. 339,Pembroke Pines,FL,89292
A000876,C000699,Home,331 Alexander Courts Apt. 657,Tampa,FL,73614
A000877,C000700,Home,7519 Wendy Meadow,Miami,FL,68800
A000878,C000701,Home,512 Daniel Loaf Apt. 788,Miami,FL,20862
A000879,C000702,Home,33815 Wendy Junction Apt. 178,Sarasota,FL,85418
A000880,C000703,Home,970 Morales Union,Coral Springs,FL,78969
A000881,C000704,Home,5786 Elijah Isle Suite 708,Gainesville,FL,56928
A000882,C000705,Home,5719 Marcus Station Suite 450,West Palm Beach,FL,31112
A000883,C000705,Mailing,349 Phillips Prairie,Coral Springs,FL,94920
A000884,C000706,Home,47151 Annette Ridge Suite 271,Jacksonville,FL,47078
A000885,C000707,Home,5721 Dillon Burgs,West Palm Beach,FL,02346
A000886,C000708,Home,30380 Ann Extensions Suite 452,West Palm Beach,FL,12808
A000887,C000709,Home,8830 Glenda Shoals Apt. 921,Jacksonville,FL,09219
A000888,C000709,Mailing,836 Garcia Freeway Apt. 644,Coral Springs,FL,83791
A000889,C000710,Home,08967 Diana Shoals,Boca Raton,FL,53269
A000890,C000710,Mailing,608 Mark Trail Apt. 869,Sarasota,FL,75224
A000891,C000711,Home,656 Amanda Cape Suite 400,West Palm Beach,FL,90948
A000892,C000711,Mailing,0185 Bennett Crest,Orlando,FL,68212
A000893,C000712,Home,130 Myers Prairie Suite 168,Orlando,FL,13475
A000894,C000713,Home,5077 Snyder Forge Apt. 822,Pembroke Pines,FL,17926
A000895,C000714,Home,161 Jennifer Highway,Davie,FL,57747
A000896,C000715,Home,810 Lee Gardens,Naples,FL,60436
A000897,C000716,Home,553 Susan Turnpike,Hollywood,FL,83774
A000898,C000717,Home,68191 Dodson Trail,Fort Lauderdale,FL,22625
A000899,C000718,Home,2727 Victoria Pines Suite 595,Sarasota,FL,77086
A000900,C000718,Mailing,4708 Michael Park Apt. 354,Jacksonville,FL,03892
A000901,C000719,Home,800 Zachary Tunnel Suite 566,Boca Raton,FL,85054
A000902,C000719,Mailing,82422 Deborah Walk Apt. 647,Hollywood,FL,80531
A000903,C000720,Home,52044 Dennis Locks,Boca Raton,FL,03419
A000904,C000721,Home,69948 Brown Place Suite 825,Fort Lauderdale,FL,86944
A000905,C000722,Home,11980 Jennifer Port Suite 423,Pembroke Pines,FL,16067
A000906,C000723,Home,253 Harris Ports,Davie,FL,06456
A000907,C000724,Home,834 Brandy Groves,Jacksonville,FL,27804
A000908,C000725,Home,443 Hayden Village Apt. 532,Jacksonville,FL,47721
A000909,C000726,Home,82974 Andrew Courts Suite 033,Gainesville,FL,40327
A000910,C000726,Mailing,44678 Obrien Path Apt. 211,West Palm Beach,FL,28277
A000911,C000727,Home,7301 Katherine Light Apt. 198,West Palm Beach,FL,36397
A000912,C000728,Home,525 Hickman Cove Apt. 024,Davie,FL,09342
A000913,C000729,Home,43269 Lindsey Port Suite 604,Jacksonville,FL,78133
A000914,C000730,Home,94435 Hicks Alley,Davie,FL,68633
A000915,C000731,Home,422 Elizabeth Shoals Suite 178,Miami,FL,92942
A000916,C000731,Mailing,7506 Russell Forks,Davie,FL,53775
A000917,C000732,Home,689 Dylan Court,Boca Raton,FL,23289
A000918,C000732,Mailing,0584 Gonzales Mills,Miami,FL,00831
A000919,C000733,Home,5181 Lauren Drive Apt. 591,Coral Springs,FL,10384
A000920,C000734,Home,65509 Dennis Falls Apt. 493,Tampa,FL,55771
A000921,C000734,Mailing,5581 Wong Camp Suite 348,Boca Raton,FL,78475
A000922,C000735,Home,46188 Anderson Gateway,Hollywood,FL,16040
A000923,C000736,Home,13739 Christopher Circle Suite 134,Coral Springs,FL,24013
A000924,C000737,Home,5883 Jessica Canyon,West Palm Beach,FL,94108
A000925,C000738,Home,7297 Baker Mews,Fort Lauderdale,FL,49374
A000926,C000739,Home,52033 Sara Place Suite 854,Naples,FL,79707
A000927,C000740,Home,366 Escobar Oval,Davie,FL,86764
A000928,C000740,Mailing,23360 Steven Fort Apt. 318,Gainesville,FL,98062
A000929,C000741,Home,74907 Hodges Green Suite 888,Tallahassee,FL,81592
A000930,C000742,Home,88101 Irwin Stravenue,Pembroke Pines,FL,39224
A000931,C000743,Home,027 Pena Common,Naples,FL,85780
A000932,C000744,Home,170 Gregory Stravenue Apt. 133,Fort Lauderdale,FL,53288
A000933,C000745,Home,381 Amber Views Apt. 057,Coral Springs,FL,90622
A000934,C000746,Home,2923 Lewis Coves Apt. 399,Coral Springs,FL,42507
A000935,C000747,Home,231 Matthew Dam Apt. 790,Hollywood,FL,70727
A000936,C000748,Home,127 Cooper Neck,Sarasota,FL,47941
A000937,C000749,Home,3828 Lloyd Corners Apt. 046,Pembroke Pines,FL,55143
A000938,C000750,Home,545 John Trafficway Apt. 386,Jacksonville,FL,57151
A000939,C000750,Mailing,800 Carolyn Crescent,Gainesville,FL,44375
A000940,C000751,Home,528 Davis Ramp Suite 710,Fort Lauderdale,FL,99831
A000941,C000752,Home,39562 Gilbert Forge,Jacksonville,FL,14467
A000942,C000753,Home,6235 Beck Neck Suite 303,Tampa,FL,78587
A000943,C000754,Home,18126 Holland Loaf,Naples,FL,42767
A000944,C000754,Mailing,3131 Shelton Green Apt. 523,Pembroke Pines,FL,68231
A000945,C000755,Home,2693 Amy Haven,Fort Lauderdale,FL,55053
A000946,C000755,Mailing,56785 Richard Union,Naples,FL,93324
A000947,C000756,Home,3223 Robinson Street Suite 184,Orlando,FL,82186
A000948,C000757,Home,577 Lisa Mountains,Tallahassee,FL,93217
A000949,C000757,Mailing,254 Jimmy Avenue,Hollywood,FL,64530
A000950,C000758,Home,2937 Clark Camp Apt. 504,Pembroke Pines,FL,82583
A000951,C000759,Home,1045 Debra Stream,West Palm Beach,FL,24892
A000952,C000760,Home,68307 Curtis Walk,Gainesville,FL,25732
A000953,C000761,Home,88601 Palmer Manors Apt. 037,West Palm Beach,FL,08279
A000954,C000762,Home,711 Patrick Tunnel,Coral Springs,FL,74108
A000955,C000762,Mailing,3121 Sherri Springs Apt. 998,West Palm Beach,FL,37386
A000956,C000763,Home,4801 Holmes Roads Apt. 441,Naples,FL,45203
A000957,C000763,Mailing,2837 James Groves Suite 709,Miami,FL,12112
A000958,C000764,Home,893 Robinson Light Apt. 305,Naples,FL,53764
A000959,C000765,Home,1312 Megan Extensions Suite 521,West Palm Beach,FL,25722
A000960,C000766,Home,37190 Norma Road Apt. 235,Orlando,FL,56414
A000961,C000767,Home,206 Jenkins Valley Suite 623,Coral Springs,FL,15756
A000962,C000768,Home,31728 Mathis Brook,Davie,FL,55486
A000963,C000769,Home,1622 Meghan Plains,Coral Springs,FL,33969
A000964,C000770,Home,2951 Ashley Dale,Boca Raton,FL,71189
A000965,C000771,Home,20364 Sylvia Square Apt. 296,Tallahassee,FL,91332
A000966,C000771,Mailing,8636 Hudson Locks Apt. 143,Davie,FL,12861
A000967,C000772,Home,9049 Jon Unions Suite 251,Fort Lauderdale,FL,50543
A000968,C000773,Home,319 Burnett Landing Suite 943,Pembroke Pines,FL,58939
A000969,C000774,Home,67727 Laura Island,Coral Springs,FL,96019
A000970,C000775,Home,123 Smith Dale,Hollywood,FL,84163
A000971,C000775,Mailing,4308 Hill Village,Orlando,FL,05651
A000972,C000776,Home,3801 Dustin Road Suite 412,Miami,FL,46817
A000973,C000777,Home,9644 Jacob Ville Apt. 625,Sarasota,FL,10617
A000974,C000778,Home,7497 Mike Forges,Naples,FL,73173
A000975,C000779,Home,5893 Ramos Junction Suite 722,Coral Springs,FL,44548
A000976,C000780,Home,71247 Nancy Mall Apt. 870,Orlando,FL,26746
A000977,C000781,Home,263 Victoria Parks,Fort Lauderdale,FL,90838
A000978,C000782,Home,5543 Wendy Prairie,Gainesville,FL,64454
A000979,C000783,Home,962 Amanda Pine,Davie,FL,68644
A000980,C000783,Mailing,099 Johnathan Valley,Coral Springs,FL,41021
A000981,C000784,Home,84725 Michael Mills Suite 711,Gainesville,FL,05369
A000982,C000785,Home,735 Villanueva Route,Naples,FL,47857
A000983,C000786,Home,3466 Rowe Extensions,Coral Springs,FL,36020
A000984,C000787,Home,9947 Robert Drive Apt. 072,Davie,FL,90876
A000985,C000788,Home,239 Benton View Apt. 354,Davie,FL,71296
A000986,C000789,Home,866 Michael Fields Apt. 458,Davie,FL,25062
A000987,C000790,Home,157 Pacheco Groves Apt. 082,Jacksonville,FL,48087
A000988,C000791,Home,72707 Smith Roads Apt. 197,Gainesville,FL,12870
A000989,C000792,Home,3987 Denise Crest Suite 229,Coral Springs,FL,64822
A000990,C000793,Home,87631 Courtney Crossing,Pembroke Pines,FL,05714
A000991,C000794,Home,9136 Krystal Summit Suite 292,Jacksonville,FL,91323
A000992,C000794,Mailing,763 Andrade Island Apt. 795,West Palm Beach,FL,27906
A000993,C000795,Home,5522 Ramirez Center Apt. 738,Hollywood,FL,93666
A000994,C000796,Home,1452 Schneider Creek,Boca Raton,FL,97703
A000995,C000797,Home,137 Yoder Trail,Jacksonville,FL,34961
A000996,C000798,Home,105 Sims Throughway,Jacksonville,FL,91071
A000997,C000799,Home,49597 Christopher Trace Apt. 761,Hollywood,FL,09395
A000998,C000800,Home,866 Andrew Garden Apt. 562,Jacksonville,FL,15169
A000999,C000801,Home,23686 Kaitlin Coves,Gainesville,FL,66160
A001000,C000802,Home,954 Scott Pines,Gainesville,FL,10752
A001001,C000802,Mailing,516 Kimberly Street Apt. 229,Tallahassee,FL,36394
A001002,C000803,Home,383 Arellano Gateway Apt. 689,Boca Raton,FL,25248
A001003,C000803,Mailing,5460 Sean Knoll Apt. 442,Miami,FL,98986
A001004,C000804,Home,9387 Rodriguez Ridge Suite 923,Boca Raton,FL,93215
A001005,C000805,Home,3946 Patterson Club Suite 941,Tallahassee,FL,17894
A001006,C000806,Home,59233 Cox Square Apt. 361,Tallahassee,FL,85198
A001007,C000807,Home,040 Todd Vista,Hollywood,FL,67619
A001008,C000807,Mailing,27998 Haynes Plaza Apt. 088,Gainesville,FL,77752
A001009,C000808,Home,923 Krause Harbor,Coral Springs,FL,65045
A001010,C000809,Home,6181 Kathleen Lock Apt. 446,Tampa,FL,91191
A001011,C000809,Mailing,43359 Richard Mountains Apt. 333,Sarasota,FL,66267
A001012,C000810,Home,829 Daniel Summit Suite 472,Davie,FL,12296
A001013,C000811,Home,172 Preston Trail,Tallahassee,FL,08132
A001014,C000811,Mailing,26381 Michelle Mission Suite 983,Boca Raton,FL,61688
A001015,C000812,Home,952 Thomas Canyon Suite 312,Orlando,FL,52603
A001016,C000813,Home,652 Mills Alley,Jacksonville,FL,25662
A001017,C000814,Home,0553 Duarte Walk Apt. 155,Jacksonville,FL,99921
A001018,C000814,Mailing,15353 Margaret Green Suite 723,Davie,FL,65697
A001019,C000815,Home,61934 Zamora Branch Apt. 823,West Palm Beach,FL,87209
A001020,C000816,Home,9289 Potts Manors Apt. 040,Jacksonville,FL,65507
A001021,C000817,Home,73877 Schultz Loaf Apt. 591,Miami,FL,96389
A001022,C000817,Mailing,31818 Amber Corner,Fort Lauderdale,FL,55655
A001023,C000818,Home,124 Cameron Village,Tallahassee,FL,55485
A001024,C000819,Home,022 Steven Circle Apt. 596,Sarasota,FL,83797
A001025,C000820,Home,14650 Marshall Motorway,Miami,FL,73585
A001026,C000821,Home,136 Gross Road Suite 213,Pembroke Pines,FL,73291
A001027,C000822,Home,6850 Michael Orchard Suite 963,West Palm Beach,FL,75703
A001028,C000823,Home,46663 Patricia Mill Apt. 271,Fort Lauderdale,FL,08688
A001029,C000824,Home,201 Smith Mountain,Miami,FL,69468
A001030,C000824,Mailing,966 Williams Court Suite 697,Miami,FL,11713
A001031,C000825,Home,7286 Mitchell Freeway Suite 654,Naples,FL,04303
A001032,C000826,Home,5679 Erickson Prairie Apt. 632,West Palm Beach,FL,90627
A001033,C000826,Mailing,394 Sloan Stream,Hollywood,FL,18103
A001034,C000827,Home,44823 Bruce Pass Apt. 178,Naples,FL,54616
A001035,C000827,Mailing,16902 Victoria Trace Apt. 817,Fort Lauderdale,FL,37634
A001036,C000828,Home,0143 Holt Stream Apt. 368,Fort Lauderdale,FL,18206
A001037,C000829,Home,3544 Melanie Run,Naples,FL,89340
A001038,C000829,Mailing,08120 Pham Spring,Tallahassee,FL,69354
A001039,C000830,Home,63996 Pearson Point,Naples,FL,30205
A001040,C000831,Home,1792 Robertson Locks Apt. 280,Boca Raton,FL,38952
A001041,C000832,Home,957 Christopher Canyon Suite 939,Hollywood,FL,84606
A001042,C000833,Home,52563 White Greens Apt. 425,Naples,FL,15259
A001043,C000834,Home,752 Martin Causeway Apt. 949,Gainesville,FL,62384
A001044,C000835,Home,771 Emma Trail Apt. 814,Coral Springs,FL,65088
A001045,C000835,Mailing,853 Rice Highway Apt. 272,West Palm Beach,FL,63458
A001046,C000836,Home,3717 Sheri Ford,Orlando,FL,62418
A001047,C000837,Home,626 Derek Manor,Boca Raton,FL,24620
A001048,C000838,Home,91801 Hammond Burgs Suite 280,Tallahassee,FL,56945
A001049,C000838,Mailing,20971 Stephen Lakes,Coral Springs,FL,09860
A001050,C000839,Home,5109 Bobby Points Suite 517,Tampa,FL,22860
A001051,C000840,Home,9170 Day Loop Suite 969,Sarasota,FL,82287
A001052,C000841,Home,919 Alexander Key Apt. 125,Pembroke Pines,FL,55524
A001053,C000842,Home,04753 Brown Club,Davie,FL,39674
A001054,C000843,Home,15806 Thornton Plain Apt. 124,Naples,FL,31652
A001055,C000844,Home,2136 Susan Union,Hollywood,FL,01191
A001056,C000845,Home,2080 Pitts Harbor,Tampa,FL,98884
A001057,C000846,Home,760 Marissa Views Suite 058,Coral Springs,FL,97708
A001058,C000846,Mailing,8556 Marissa Islands Apt. 800,Hollywood,FL,26300
A001059,C000847,Home,2502 Gentry Mall,Jacksonville,FL,42711
A001060,C000848,Home,4510 Andrew Summit,Gainesville,FL,14171
A001061,C000849,Home,41379 Foster Parks,West Palm Beach,FL,66792
A001062,C000850,Home,74641 Williams Stream Suite 833,Davie,FL,31408
A001063,C000851,Home,94224 Robert Rapids Suite 104,Orlando,FL,78138
A001064,C000851,Mailing,26725 Christopher Forks,Orlando,FL,66882
A001065,C000852,Home,711 Caitlin Branch,Gainesville,FL,81008
A001066,C000852,Mailing,819 Walsh Island,Boca Raton,FL,05478
A001067,C000853,Home,924 Campbell Estates,Sarasota,FL,31681
A001068,C000853,Mailing,42157 Rachel Roads,Boca Raton,FL,66964
A001069,C000854,Home,5352 Justin Square,Boca Raton,FL,93713
A001070,C000855,Home,475 Ferguson Roads Suite 360,Fort Lauderdale,FL,72459
A001071,C000856,Home,0199 Crane Via Suite 436,Pembroke Pines,FL,50432
A001072,C000857,Home,002 Maria Estate,Naples,FL,43184
A001073,C000858,Home,03595 Smith Loop Apt. 638,Hollywood,FL,13359
A001074,C000859,Home,07701 Daniel Forge,Jacksonville,FL,45544
A001075,C000860,Home,35797 Johnson Mission,Tallahassee,FL,36755
A001076,C000861,Home,0418 Jennifer Orchard,Sarasota,FL,25679
A001077,C000861,Mailing,5192 Joshua Trace,Tampa,FL,39992
A001078,C000862,Home,265 Natalie Shore Suite 399,Coral Springs,FL,74759
A001079,C000863,Home,3669 Parker Lock Suite 856,West Palm Beach,FL,54813
A001080,C000863,Mailing,99950 Hunter Run,Gainesville,FL,37363
A001081,C000864,Home,35814 Elliott Parks,Tallahassee,FL,10627
A001082,C000865,Home,94284 Palmer Manors,Tallahassee,FL,29419
A001083,C000866,Home,68532 Samantha Villages Suite 249,Davie,FL,46276
A001084,C000866,Mailing,6405 Diaz Forges Suite 670,Pembroke Pines,FL,69670
A001085,C000867,Home,9962 Flores Drive Suite 850,Hollywood,FL,41664
A001086,C000868,Home,9792 Stacy Ridge Suite 103,Tampa,FL,65783
A001087,C000868,Mailing,82496 Jordan Lakes,Pembroke Pines,FL,18247
A001088,C000869,Home,6942 Peterson Mountain,Tallahassee,FL,14493
A001089,C000869,Mailing,88423 Chase Ways Apt. 650,Jacksonville,FL,83983
A001090,C000870,Home,8672 Christopher Via Suite 240,Coral Springs,FL,38294
A001091,C000871,Home,56202 Malone Fall,Tallahassee,FL,43605
A001092,C000872,Home,902 Walker Corner Apt. 406,Coral Springs,FL,72768
A001093,C000873,Home,0867 Colleen Club Suite 553,Hollywood,FL,95736
A001094,C000874,Home,44259 Kelly Flat,Boca Raton,FL,18359
A001095,C000875,Home,135 Leonard Prairie Suite 440,Miami,FL,21598
A001096,C000875,Mailing,29969 White Crossing,Naples,FL,72502
A001097,C000876,Home,3155 Watts Shore Apt. 106,Pembroke Pines,FL,01081
A001098,C000877,Home,219 Jose Turnpike Suite 366,Tampa,FL,34255
A001099,C000877,Mailing,1522 Brown Causeway Apt. 812,Tampa,FL,66976
A001100,C000878,Home,9395 Kevin Mount,Jacksonville,FL,91905
A001101,C000879,Home,838 Janet Heights,Hollywood,FL,60209
A001102,C000880,Home,3285 Waters Motorway,Davie,FL,98237
A001103,C000881,Home,49239 Susan Club Suite 137,Miami,FL,90197
A001104,C000882,Home,2373 Heather Squares,Hollywood,FL,98666
A001105,C000882,Mailing,00708 Pace Row Suite 957,Pembroke Pines,FL,68867
A001106,C000883,Home,3538 Davis Ford,Naples,FL,70630
A001107,C000883,Mailing,782 Daniel Pass,Tampa,FL,92518
A001108,C000884,Home,52154 Douglas Spurs,Jacksonville,FL,15463
A001109,C000885,Home,85877 Rebecca Way,Sarasota,FL,07377
A001110,C000886,Home,63454 Chen Parkway,Jacksonville,FL,18521
A001111,C000887,Home,322 Washington Falls,Boca Raton,FL,95570
A001112,C000888,Home,65023 Brandon Lock Suite 954,Jacksonville,FL,93616
A001113,C000889,Home,101 Sara Highway,Jacksonville,FL,76028
A001114,C000890,Home,24308 Michael Inlet Apt. 806,Pembroke Pines,FL,82908
A001115,C000891,Home,5992 Nicholas Trafficway Suite 192,Tampa,FL,41838
A001116,C000892,Home,58622 Hardy Walk,Pembroke Pines,FL,27332
A001117,C000893,Home,0398 Christine Crescent Suite 130,Pembroke Pines,FL,87741
A001118,C000894,Home,642 Renee Gateway,Miami,FL,78202
A001119,C000895,Home,132 Michael Stravenue,Jacksonville,FL,33288
A001120,C000895,Mailing,538 Michele Alley Apt. 577,Tampa,FL,90567
A001121,C000896,Home,235 Melanie Shoal Suite 902,Hollywood,FL,63447
A001122,C000897,Home,7371 Michael Pass,Pembroke Pines,FL,07702
A001123,C000897,Mailing,14096 Sandra Locks Apt. 984,Naples,FL,51458
A001124,C000898,Home,19975 Danielle Crescent,Jacksonville,FL,05411
A001125,C000898,Mailing,2030 Charles Forges Apt. 898,Pembroke Pines,FL,97184
A001126,C000899,Home,73143 Anna Plains Suite 286,West Palm Beach,FL,41614
A001127,C000900,Home,13402 Mary Brook,Tallahassee,FL,27791
A001128,C000901,Home,74258 William Burg Apt. 033,Davie,FL,32343
A001129,C000902,Home,36667 Linda Keys,Coral Springs,FL,66663
A001130,C000903,Home,6651 Luis Gateway Apt. 665,Gainesville,FL,85014
A001131,C000903,Mailing,104 Kerry Junction Apt. 785,Jacksonville,FL,73537
A001132,C000904,Home,971 Pamela Plaza,Davie,FL,42954
A001133,C000904,Mailing,1598 Gonzalez Drive Suite 381,Tallahassee,FL,93392
A001134,C000905,Home,21517 Douglas Mews,Gainesville,FL,69928
A001135,C000906,Home,91580 Zuniga Alley Suite 719,Sarasota,FL,46740
A001136,C000907,Home,5390 Elizabeth Springs,Naples,FL,92329
A001137,C000908,Home,221 Murphy Mills Suite 450,Fort Lauderdale,FL,83345
A001138,C000909,Home,3032 Shannon Passage,Coral Springs,FL,79295
A001139,C000910,Home,4755 Pugh Shore,Gainesville,FL,13209
A001140,C000911,Home,6793 Peterson Mission Suite 274,Fort Lauderdale,FL,79504
A001141,C000912,Home,298 Peter Land Apt. 872,Gainesville,FL,98747
A001142,C000913,Home,4910 Nelson Roads Suite 383,Naples,FL,22835
A001143,C000913,Mailing,15959 Michelle Harbor,Sarasota,FL,74212
A001144,C000914,Home,35510 Lynn Circles Apt. 763,Naples,FL,52382
A001145,C000915,Home,0791 Cook Run Suite 595,West Palm Beach,FL,16611
A001146,C000916,Home,286 Miller Mills,Coral Springs,FL,82235
A001147,C000917,Home,791 Carlos Extensions,Sarasota,FL,05262
A001148,C000918,Home,279 Jones Villages Apt. 386,Tallahassee,FL,31798
A001149,C000919,Home,5241 Stephen Locks Apt. 532,Jacksonville,FL,86730
A001150,C000919,Mailing,920 Clark Dam,Pembroke Pines,FL,57797
A001151,C000920,Home,133 Vance Village,Naples,FL,12843
A001152,C000921,Home,08462 Eric Shores,Davie,FL,71044
A001153,C000922,Home,9161 Carroll Stravenue Suite 380,West Palm Beach,FL,53325
A001154,C000922,Mailing,39920 Jennifer Grove Suite 021,Hollywood,FL,26325
A001155,C000923,Home,444 Hodges River Apt. 977,Sarasota,FL,89672
A001156,C000924,Home,18147 Joseph Lane,Boca Raton,FL,26665
A001157,C000925,Home,23109 Schultz Highway,West Palm Beach,FL,08942
A001158,C000926,Home,71667 Emily Flat Apt. 123,West Palm Beach,FL,97230
A001159,C000927,Home,015 Murphy Underpass,West Palm Beach,FL,41914
A001160,C000927,Mailing,267 Lisa Viaduct,Jacksonville,FL,10636
A001161,C000928,Home,1103 Norris Station Apt. 200,Jacksonville,FL,10552
A001162,C000929,Home,02061 Burton Shoal,Davie,FL,62083
A001163,C000930,Home,579 Angela Rapids,Tampa,FL,09468
A001164,C000931,Home,0299 Bailey Turnpike Apt. 107,Naples,FL,90100
A001165,C000932,Home,5069 Albert Causeway,Jacksonville,FL,46889
A001166,C000932,Mailing,6719 Elijah Drive Suite 900,Hollywood,FL,18757
A001167,C000933,Home,842 Mack Lock Suite 176,Tampa,FL,96692
A001168,C000934,Home,8268 Mason Skyway,Davie,FL,33072
A001169,C000934,Mailing,90346 Garcia Fork Suite 321,Boca Raton,FL,04780
A001170,C000935,Home,59833 Scott Dam,Coral Springs,FL,98737
A001171,C000936,Home,61514 Harris Curve Suite 820,Coral Springs,FL,67545
A001172,C000937,Home,428 Matthew Drive,Gainesville,FL,02061
A001173,C000938,Home,65778 Andrea Isle,West Palm Beach,FL,30926
A001174,C000939,Home,4945 Wade Stravenue Apt. 764,Jacksonville,FL,09626
A001175,C000940,Home,7428 King Heights,West Palm Beach,FL,76638
A001176,C000940,Mailing,9608 Daniel Hollow,Pembroke Pines,FL,67568
A001177,C000941,Home,1215 Dennis Locks Apt. 703,Naples,FL,82900
A001178,C000941,Mailing,59272 Acevedo Fork,Miami,FL,24680
A001179,C000942,Home,5231 Decker Centers,Tallahassee,FL,73547
A001180,C000942,Mailing,94012 Miller Ports Suite 137,Coral Springs,FL,97926
A001181,C000943,Home,11430 Abbott Ridges,Orlando,FL,70754
A001182,C000944,Home,084 Jenna Stravenue Suite 135,Tampa,FL,09995
A001183,C000945,Home,6007 Shelton Lakes,Jacksonville,FL,27488
A001184,C000946,Home,45518 Edwards Green Apt. 650,Hollywood,FL,05824
A001185,C000947,Home,71476 Berry Alley,Sarasota,FL,67940
A001186,C000948,Home,806 Miller Ramp,Jacksonville,FL,82759
A001187,C000949,Home,396 Matthew Hills Apt. 983,Pembroke Pines,FL,36571
A001188,C000949,Mailing,539 Garcia Ferry Apt. 721,Coral Springs,FL,83697
A001189,C000950,Home,87858 Richards Pass Suite 878,Miami,FL,28999
A001190,C000951,Home,231 Beth Underpass Apt. 377,Naples,FL,87758
A001191,C000952,Home,2757 Elizabeth Lodge Apt. 397,Orlando,FL,17786
A001192,C000953,Home,57741 Sanders Circles Apt. 066,Naples,FL,11993
A001193,C000953,Mailing,474 Farmer Fort Suite 280,Sarasota,FL,03293
A001194,C000954,Home,7709 Mary Overpass,Jacksonville,FL,24550
A001195,C000955,Home,2657 Deborah Harbor Suite 179,Naples,FL,20018
A001196,C000956,Home,7523 Lori Avenue Suite 736,Boca Raton,FL,65913
A001197,C000957,Home,52705 Austin Parkways Suite 011,Sarasota,FL,30129
A001198,C000957,Mailing,07572 Tina Dale,Gainesville,FL,50912
A001199,C000958,Home,6672 Frank Ramp Suite 852,Fort Lauderdale,FL,92217
A001200,C000958,Mailing,42818 Mitchell Gardens,Miami,FL,62154
A001201,C000959,Home,9480 Amanda Ridges,Fort Lauderdale,FL,16767
A001202,C000959,Mailing,5451 Jackson Court,Gainesville,FL,56259
A001203,C000960,Home,740 Foster Turnpike,Fort Lauderdale,FL,26850
A001204,C000960,Mailing,261 Holland Keys,Davie,FL,27089
A001205,C000961,Home,1357 Phillips Mountain Apt. 129,Sarasota,FL,68652
A001206,C000962,Home,86338 Jenkins Plains,Orlando,FL,24714
A001207,C000963,Home,646 Burns Rest,Jacksonville,FL,22671
A001208,C000964,Home,104 Russell Lodge,Tallahassee,FL,41236
A001209,C000965,Home,699 Lewis Springs,Jacksonville,FL,44754
A001210,C000966,Home,96909 Michelle Manor Suite 524,West Palm Beach,FL,14215
A001211,C000966,Mailing,1395 Gabriela Point,Orlando,FL,12177
A001212,C000967,Home,3338 Dorsey Loaf,Boca Raton,FL,93168
A001213,C000967,Mailing,265 Taylor Glens,Hollywood,FL,67757
A001214,C000968,Home,890 Kerry Knolls Suite 443,Pembroke Pines,FL,34757
A001215,C000969,Home,825 Katherine Fork Suite 124,Coral Springs,FL,24629
A001216,C000970,Home,937 Aaron Squares,Coral Springs,FL,82045
A001217,C000971,Home,9226 Kristina Plaza,Miami,FL,19134
A001218,C000971,Mailing,658 Wallace Spur Suite 903,Fort Lauderdale,FL,54445
A001219,C000972,Home,4145 Berry Course,Tallahassee,FL,37192
A001220,C000972,Mailing,287 Fischer Walk Suite 719,Orlando,FL,12399
A001221,C000973,Home,11053 Stewart Prairie,Hollywood,FL,05730
A001222,C000974,Home,7825 Nelson Landing,Sarasota,FL,90237
A001223,C000974,Mailing,9386 Chavez Pine,Jacksonville,FL,73897
A001224,C000975,Home,286 Miller Greens,Orlando,FL,53694
A001225,C000976,Home,572 David Stream,Coral Springs,FL,41832
A001226,C000977,Home,492 Garcia Manors Suite 433,Tampa,FL,19374
A001227,C000978,Home,498 Crystal Wells Apt. 850,Sarasota,FL,73447
A001228,C000978,Mailing,72350 Oliver Knolls Apt. 557,West Palm Beach,FL,37069
A001229,C000979,Home,450 Thomas Road Apt. 510,Tallahassee,FL,24539
A001230,C000979,Mailing,779 Chambers Shoal Apt. 771,Boca Raton,FL,21712
A001231,C000980,Home,9768 Joseph Isle,Coral Springs,FL,69007
A001232,C000981,Home,222 Kelly Divide,Pembroke Pines,FL,21106
A001233,C000981,Mailing,32742 Garcia Estate,Orlando,FL,85265
A001234,C000982,Home,1819 Lisa Shore Apt. 510,Jacksonville,FL,41153
A001235,C000983,Home,89442 Elaine Inlet,Tampa,FL,84978
A001236,C000984,Home,10970 Becker Land,Pembroke Pines,FL,24043
A001237,C000984,Mailing,5715 Grant Ridges Suite 913,Coral Springs,FL,38078
A001238,C000985,Home,543 Patricia Glens Apt. 512,Tallahassee,FL,56384
A001239,C000986,Home,3079 Leslie Loop,Sarasota,FL,03314
A001240,C000987,Home,75774 Kent Dale Apt. 161,West Palm Beach,FL,19728
A001241,C000988,Home,0869 Scott Flats Apt. 869,West Palm Beach,FL,56299
A001242,C000989,Home,7846 Timothy Mountain Apt. 411,Gainesville,FL,48842
A001243,C000990,Home,68484 Jessica Harbor Apt. 154,Tampa,FL,06207
A001244,C000990,Mailing,71964 Lopez Crossroad Suite 947,Naples,FL,33433
A001245,C000991,Home,84381 Norton Forge,Davie,FL,31672
A001246,C000992,Home,723 April Station,West Palm Beach,FL,03947
A001247,C000993,Home,0947 Smith Glens Apt. 732,Naples,FL,45347
A001248,C000993,Mailing,577 Hamilton Bypass Suite 759,Miami,FL,61623
A001249,C000994,Home,64890 Jennifer Road,Fort Lauderdale,FL,03697
A001250,C000994,Mailing,87125 Eric Expressway Apt. 349,Miami,FL,34060
A001251,C000995,Home,02933 Shannon Square,Tampa,FL,18991
A001252,C000996,Home,102 Harvey Spring Suite 186,Fort Lauderdale,FL,80784
A001253,C000996,Mailing,448 Tina Cliffs Apt. 082,Miami,FL,49155
A001254,C000997,Home,5203 Wilson Row Apt. 843,Orlando,FL,38020
A001255,C000998,Home,36903 James Glen Suite 904,Jacksonville,FL,12903
A001256,C000999,Home,527 Michael Centers,Tampa,FL,68356
A001257,C001000,Home,542 Torres Mills,Coral Springs,FL,38246
A001258,C001001,Home,5045 Brian Brook Suite 976,Coral Springs,FL,88812
A001259,C001001,Mailing,53852 Robert Corners Apt. 111,Sarasota,FL,58976
A001260,C001002,Home,9317 Ferguson Hollow Suite 941,Orlando,FL,24776
A001261,C001003,Home,637 Miller Route,Pembroke Pines,FL,73595
A001262,C001004,Home,36501 Costa Port,Sarasota,FL,27432
A001263,C001004,Mailing,9670 Michelle Passage,Gainesville,FL,18072
A001264,C001005,Home,973 William Lodge,Hollywood,FL,26847
A001265,C001006,Home,720 Hutchinson Way,Fort Lauderdale,FL,58859
A001266,C001007,Home,2324 Christopher Inlet Apt. 432,Coral Springs,FL,43839
A001267,C001008,Home,5490 Perry Drive,Boca Raton,FL,60612
A001268,C001009,Home,570 Fisher Place,Fort Lauderdale,FL,16886
A001269,C001010,Home,257 Sally Ridges Apt. 889,Boca Raton,FL,73395
A001270,C001011,Home,660 Tracy Union,Fort Lauderdale,FL,47764
A001271,C001012,Home,595 Brooke Locks Suite 724,Miami,FL,90780
A001272,C001013,Home,0014 James Ridges Suite 150,Pembroke Pines,FL,03144
A001273,C001014,Home,4005 Susan Curve,Boca Raton,FL,72157
A001274,C001015,Home,1559 Edgar Groves,Sarasota,FL,30676
A001275,C001016,Home,86196 Diaz Brooks Suite 077,Sarasota,FL,19988
A001276,C001017,Home,8004 Jeffrey Row Apt. 129,Pembroke Pines,FL,85489
A001277,C001018,Home,8782 Regina Spring,Hollywood,FL,75903
A001278,C001019,Home,831 Kerr Shoal,Orlando,FL,35356
A001279,C001020,Home,672 Johnson Tunnel Apt. 049,West Palm Beach,FL,91635
A001280,C001020,Mailing,66107 Medina Mountain,Pembroke Pines,FL,39306
A001281,C001021,Home,305 Scott Pines,Boca Raton,FL,42181
A001282,C001021,Mailing,4085 Jonathon Light Apt. 776,Jacksonville,FL,01646
A001283,C001022,Home,1661 Meredith Shore,Jacksonville,FL,58729
A001284,C001022,Mailing,4193 Kimberly Junction Apt. 017,Boca Raton,FL,92565
A001285,C001023,Home,89459 Anderson Ports,Naples,FL,53490
A001286,C001024,Home,7196 Regina Skyway,Boca Raton,FL,32691
A001287,C001025,Home,892 Harvey Orchard,Fort Lauderdale,FL,46180
A001288,C001025,Mailing,1646 Dustin Manors Apt. 866,Davie,FL,26107
A001289,C001026,Home,240 Weiss Parkways Suite 873,Orlando,FL,06257
A001290,C001027,Home,743 Gonzalez Stravenue,Naples,FL,98795
A001291,C001028,Home,34545 Williams Village Suite 984,Pembroke Pines,FL,97955
A001292,C001029,Home,79781 David Orchard Apt. 243,Pembroke Pines,FL,38755
A001293,C001030,Home,3132 Daniel Motorway,Orlando,FL,26447
A001294,C001030,Mailing,5726 Castro Rest Apt. 985,Jacksonville,FL,19359
A001295,C001031,Home,3190 Joshua Center,Jacksonville,FL,85264
A001296,C001032,Home,09326 Elizabeth Vista Suite 198,Tallahassee,FL,38633
A001297,C001033,Home,55647 Roberts Cliffs Suite 201,Coral Springs,FL,09842
A001298,C001034,Home,50363 Susan Trail,Tampa,FL,96457
A001299,C001035,Home,6336 Marshall Forks,Miami,FL,62094
A001300,C001036,Home,09038 Barbara Road,Tallahassee,FL,40429
A001301,C001036,Mailing,434 Avila Corner,Pembroke Pines,FL,68481
A001302,C001037,Home,5874 Buckley Points Suite 158,Boca Raton,FL,85693
A001303,C001038,Home,244 Sampson Green Apt. 246,Tallahassee,FL,82947
A001304,C001038,Mailing,8544 Jocelyn Motorway Apt. 527,Hollywood,FL,49927
A001305,C001039,Home,1400 Courtney Inlet,Davie,FL,29063
A001306,C001040,Home,47533 Gonzalez Ranch Suite 782,West Palm Beach,FL,45508
A001307,C001040,Mailing,76225 Lisa Fort Suite 018,Pembroke Pines,FL,28432
A001308,C001041,Home,188 Glover Street Apt. 257,Tampa,FL,95845
A001309,C001042,Home,2039 Patricia Points Suite 207,Tallahassee,FL,92198
A001310,C001043,Home,425 Herman Loaf,Jacksonville,FL,87451
A001311,C001044,Home,719 Wright Isle,Fort Lauderdale,FL,99432
A001312,C001044,Mailing,3434 Hall Drive Apt. 059,Tampa,FL,94097
A001313,C001045,Home,207 Cain Causeway,West Palm Beach,FL,45001
A001314,C001046,Home,814 Alexander Row,Orlando,FL,31777
A001315,C001047,Home,50410 Christopher Ports Suite 531,Fort Lauderdale,FL,11265
A001316,C001047,Mailing,79890 Gonzales Place Apt. 769,Coral Springs,FL,51124
A001317,C001048,Home,69601 Hartman Squares Apt. 735,Naples,FL,58530
A001318,C001049,Home,83046 Amy Cliff,Davie,FL,50013
A001319,C001050,Home,35046 Cantrell Points Apt. 119,Miami,FL,71190
A001320,C001050,Mailing,82638 Vincent Ranch Apt. 563,Hollywood,FL,40386
A001321,C001051,Home,829 Jackson Plaza,Hollywood,FL,09072
A001322,C001052,Home,5411 Hardy Circles,Orlando,FL,30370
A001323,C001053,Home,20157 Carpenter Prairie Suite 923,Miami,FL,51912
A001324,C001054,Home,0521 Jason Pike Apt. 109,Pembroke Pines,FL,95523
A001325,C001055,Home,991 Fleming Spur Apt. 178,West Palm Beach,FL,39390
A001326,C001056,Home,143 Michael Street,Boca Raton,FL,18911
A001327,C001057,Home,52716 Erik Valley,Pembroke Pines,FL,64554
A001328,C001057,Mailing,843 Madden Green Suite 510,Coral Springs,FL,60586
A001329,C001058,Home,3874 Corey Station Apt. 909,Tampa,FL,91569
A001330,C001059,Home,34110 Arias Roads Apt. 171,Jacksonville,FL,54277
A001331,C001060,Home,63849 Heather Vista Apt. 672,Naples,FL,40902
A001332,C001060,Mailing,72339 Gentry Groves Apt. 861,Davie,FL,54340
A001333,C001061,Home,2080 Smith Prairie,Orlando,FL,37568
A001334,C001061,Mailing,1236 Green Street Apt. 154,Gainesville,FL,94574
A001335,C001062,Home,44882 Edward Center Suite 600,Orlando,FL,76870
A001336,C001063,Home,43240 Ortega Road Suite 552,Pembroke Pines,FL,76080
A001337,C001063,Mailing,91780 Huynh Stream,Coral Springs,FL,81436
A001338,C001064,Home,51065 Joseph Expressway Suite 687,Miami,FL,77871
A001339,C001065,Home,86307 Patricia Row Apt. 154,Miami,FL,91855
A001340,C001066,Home,935 Michael Extensions Apt. 859,Tampa,FL,16078
A001341,C001067,Home,19012 Scott Burgs Apt. 125,Fort Lauderdale,FL,98141
A001342,C001068,Home,660 Anderson Mill,Tampa,FL,25603
A001343,C001069,Home,902 Hawkins Forges Apt. 516,Sarasota,FL,87433
A001344,C001070,Home,1468 Matthew Drives Suite 852,Jacksonville,FL,84963
A001345,C001071,Home,256 Tiffany Stream Apt. 428,West Palm Beach,FL,90036
A001346,C001071,Mailing,611 Sarah Brooks Suite 975,West Palm Beach,FL,50746
A001347,C001072,Home,2899 Huffman Run Apt. 201,Tallahassee,FL,03449
A001348,C001072,Mailing,3988 Dominguez Corners Apt. 449,Naples,FL,91911
A001349,C001073,Home,94478 Banks Fall,Naples,FL,99453
A001350,C001074,Home,7385 Alexander Heights,Jacksonville,FL,28375
A001351,C001074,Mailing,188 Woods Mount,Naples,FL,40366
A001352,C001075,Home,45672 Arnold Stream Suite 312,Coral Springs,FL,22095
A001353,C001076,Home,8603 Rodriguez Ridge,Tampa,FL,79810
A001354,C001076,Mailing,360 April Cliff Apt. 719,Boca Raton,FL,52875
A001355,C001077,Home,1586 Smith Neck Apt. 825,Orlando,FL,34879
A001356,C001078,Home,3808 Edwin Spur,Orlando,FL,03168
A001357,C001079,Home,685 Blake Avenue Suite 112,Hollywood,FL,03269
A001358,C001079,Mailing,2691 Kenneth Street,Davie,FL,37324
A001359,C001080,Home,2591 Steven Islands,Naples,FL,35619
A001360,C001081,Home,0036 Newman Course Suite 656,Sarasota,FL,32745
A001361,C001081,Mailing,959 Hill Glens,Davie,FL,31985
A001362,C001082,Home,5154 Richards Ridge,Gainesville,FL,65360
A001363,C001082,Mailing,884 John Neck,Fort Lauderdale,FL,06192
A001364,C001083,Home,0816 Emily Prairie,Pembroke Pines,FL,35063
A001365,C001084,Home,1938 Jermaine Extensions,Tampa,FL,90626
A001366,C001085,Home,38082 Shawn Well Apt. 348,West Palm Beach,FL,69091
A001367,C001086,Home,903 Sellers Mill Suite 389,Naples,FL,40775
A001368,C001087,Home,18691 Cynthia Flat,Fort Lauderdale,FL,29934
A001369,C001088,Home,686 Ronald Crossing,West Palm Beach,FL,94989
A001370,C001089,Home,797 Carter Square,Jacksonville,FL,60757
A001371,C001090,Home,412 Jennifer View Suite 386,West Palm Beach,FL,34908
A001372,C001091,Home,589 Marquez Ville,Jacksonville,FL,58837
A001373,C001092,Home,2426 Hamilton Turnpike,Gainesville,FL,38360
A001374,C001092,Mailing,19124 Thomas Isle Suite 807,Gainesville,FL,39254
A001375,C001093,Home,982 Andrea Street Suite 386,Davie,FL,76060
A001376,C001093,Mailing,864 Joshua Drive Apt. 624,Gainesville,FL,70340
A001377,C001094,Home,9641 Krystal Mountains,Sarasota,FL,28992
A001378,C001094,Mailing,6122 Cynthia Square Suite 512,Miami,FL,66526
A001379,C001095,Home,9506 Daniel Ramp Apt. 907,Hollywood,FL,38423
A001380,C001095,Mailing,00147 Gray Forks Apt. 508,Tallahassee,FL,86743
A001381,C001096,Home,78784 Steven Village,Fort Lauderdale,FL,08731
A001382,C001097,Home,310 Reynolds Mountains Suite 863,Davie,FL,37474
A001383,C001098,Home,19319 Kristin Underpass,Boca Raton,FL,68261
A001384,C001099,Home,5350 Michelle Wells,West Palm Beach,FL,21537
A001385,C001100,Home,5242 Wu Burgs Apt. 096,Orlando,FL,78419
A001386,C001101,Home,77553 Newton Junction Suite 561,Gainesville,FL,80181
A001387,C001102,Home,738 Laura Course Suite 198,Naples,FL,17753
A001388,C001103,Home,1996 Clark Lock Suite 250,Gainesville,FL,40194
A001389,C001104,Home,308 Adams Prairie Apt. 598,Davie,FL,10038
A001390,C001105,Home,40462 Davis Rest,Miami,FL,81675
A001391,C001105,Mailing,26844 Robert Wells Suite 686,Sarasota,FL,67779
A001392,C001106,Home,7524 Burton Points,Tampa,FL,14666
A001393,C001107,Home,159 Mckee Ramp Suite 510,Fort Lauderdale,FL,40584
A001394,C001107,Mailing,85853 Clark Summit,Fort Lauderdale,FL,95441
A001395,C001108,Home,8959 Renee Unions,Hollywood,FL,85919
A001396,C001109,Home,303 Karen Field,Orlando,FL,15141
A001397,C001109,Mailing,375 Rodriguez Trafficway,Miami,FL,20904
A001398,C001110,Home,19667 Stevenson Station Suite 819,Hollywood,FL,53476
A001399,C001110,Mailing,1503 Robert Circles Apt. 453,Naples,FL,25926
A001400,C001111,Home,3871 Lowe Mall Suite 216,Orlando,FL,46820
A001401,C001112,Home,5821 Baker Centers,Tallahassee,FL,11910
A001402,C001113,Home,473 Thompson Drives,Gainesville,FL,89850
A001403,C001114,Home,604 Christopher Plains,Fort Lauderdale,FL,54604
A001404,C001114,Mailing,7134 Denise Cove Suite 293,Davie,FL,66171
A001405,C001115,Home,797 Ronald Station,Fort Lauderdale,FL,01611
A001406,C001115,Mailing,207 Michael Springs Suite 643,Tampa,FL,67512
A001407,C001116,Home,4671 Brittany Trafficway,Orlando,FL,17239
A001408,C001117,Home,8971 Bentley Mission,Davie,FL,68810
A001409,C001118,Home,59142 Dean Trafficway,Miami,FL,63801
A001410,C001119,Home,3984 Lynn Viaduct,Gainesville,FL,26183
A001411,C001120,Home,88430 Harris Lakes Apt. 842,Naples,FL,93823
A001412,C001121,Home,1492 Eddie Neck,Boca Raton,FL,68717
A001413,C001121,Mailing,93252 Sara Meadows Suite 980,Coral Springs,FL,47907
A001414,C001122,Home,03642 King Fork Suite 513,Tampa,FL,40043
A001415,C001123,Home,1057 Felicia Mountains,Miami,FL,90671
A001416,C001124,Home,285 Dale Mountain Apt. 986,Hollywood,FL,35546
A001417,C001125,Home,42764 Wilson Throughway,Naples,FL,54008
A001418,C001125,Mailing,5965 Christine Orchard,Fort Lauderdale,FL,24928
A001419,C001126,Home,15417 Morris Causeway,Miami,FL,43813
A001420,C001127,Home,41872 Trevino Throughway Apt. 398,Jacksonville,FL,50253
A001421,C001128,Home,17876 Matthew Island,Orlando,FL,37121
A001422,C001128,Mailing,776 Daniel Course,Coral Springs,FL,77686
A001423,C001129,Home,0047 Townsend Plaza,Orlando,FL,44727
A001424,C001130,Home,0114 Deborah Gardens,Davie,FL,65974
A001425,C001130,Mailing,18917 Jason Unions Apt. 698,West Palm Beach,FL,80654
A001426,C001131,Home,6972 Kirby Mission,Miami,FL,27654
A001427,C001132,Home,25815 Baker Port Suite 347,Tampa,FL,99868
A001428,C001133,Home,77351 Armstrong Cape,West Palm Beach,FL,67693
A001429,C001134,Home,600 Jones Dam,West Palm Beach,FL,71400
A001430,C001135,Home,201 Pruitt Parks,Boca Raton,FL,15642
A001431,C001135,Mailing,81767 Kelly Islands,Jacksonville,FL,68758
A001432,C001136,Home,8299 Ramirez River,Sarasota,FL,29596
A001433,C001137,Home,56923 Burke Ways,Tallahassee,FL,95109
A001434,C001138,Home,34011 Hannah Hills Apt. 481,Fort Lauderdale,FL,46244
A001435,C001139,Home,229 Lauren Freeway,Davie,FL,04192
A001436,C001140,Home,08985 Maria Views Suite 225,Tallahassee,FL,77809
A001437,C001141,Home,416 Kelly Forks Apt. 035,Tallahassee,FL,24561
A001438,C001141,Mailing,70217 Whitney Glen,Sarasota,FL,36263
A001439,C001142,Home,2086 Brandon Pines,Hollywood,FL,57060
A001440,C001143,Home,8721 Wesley Turnpike,Jacksonville,FL,58115
A001441,C001144,Home,709 Austin Freeway Suite 476,Boca Raton,FL,02048
A001442,C001145,Home,744 Rodriguez Stravenue,Davie,FL,21240
A001443,C001146,Home,5894 David Turnpike Suite 906,Gainesville,FL,77672
A001444,C001147,Home,11569 Michael Mews Apt. 820,Coral Springs,FL,79265
A001445,C001147,Mailing,178 Edward Valley Suite 413,Hollywood,FL,82474
A001446,C001148,Home,288 Rodriguez Land,West Palm Beach,FL,52887
A001447,C001149,Home,87014 Ashley Locks,Tampa,FL,99203
A001448,C001150,Home,7456 Mills Avenue Suite 661,Boca Raton,FL,33424
A001449,C001151,Home,12685 Brian Bridge,Tampa,FL,54735
A001450,C001152,Home,88785 Wendy Park,Hollywood,FL,23755
A001451,C001152,Mailing,8441 Susan Mission Apt. 988,Davie,FL,69085
A001452,C001153,Home,412 White Mews,Tampa,FL,79733
A001453,C001154,Home,06231 Kyle Glens,Davie,FL,38870
A001454,C001154,Mailing,42128 Kayla Prairie Apt. 288,West Palm Beach,FL,12142
A001455,C001155,Home,227 Earl Forge,Sarasota,FL,32239
A001456,C001156,Home,9010 Smith Shore,Naples,FL,05733
A001457,C001157,Home,629 Joseph Ports,Sarasota,FL,13214
A001458,C001158,Home,372 Torres Burgs Apt. 335,Sarasota,FL,60379
A001459,C001159,Home,0926 Shawn Spurs,Naples,FL,40695
A001460,C001159,Mailing,500 Marcus Spurs,Miami,FL,18245
A001461,C001160,Home,507 Byrd Falls Apt. 394,Tampa,FL,65305
A001462,C001161,Home,5451 Aaron Trail,Orlando,FL,48300
A001463,C001162,Home,407 Watkins Mountains Suite 205,West Palm Beach,FL,02961
A001464,C001163,Home,0646 Anderson Fort,Tallahassee,FL,47206
A001465,C001164,Home,01345 Stanley Circles Suite 153,Tampa,FL,87646
A001466,C001165,Home,5453 Jared Ports Suite 636,Coral Springs,FL,38191
A001467,C001165,Mailing,66687 Prince Cliffs Suite 473,Boca Raton,FL,27518
A001468,C001166,Home,469 Jennifer Inlet,Miami,FL,50914
A001469,C001166,Mailing,4606 Herring Plain Suite 802,Pembroke Pines,FL,76008
A001470,C001167,Home,715 White Club,Orlando,FL,67615
A001471,C001168,Home,109 Tammy Courts,Sarasota,FL,09690
A001472,C001168,Mailing,53768 Ian Plaza,Boca Raton,FL,74491
A001473,C001169,Home,8557 Hayes View,Naples,FL,65541
A001474,C001170,Home,610 Duffy Pine Suite 497,Hollywood,FL,97213
A001475,C001170,Mailing,5283 Kathleen Ports Suite 767,Boca Raton,FL,90658
A001476,C001171,Home,6291 Daniel Glens,Pembroke Pines,FL,66871
A001477,C001172,Home,42325 Sanders Inlet Suite 635,Naples,FL,80364
A001478,C001173,Home,92924 John Pike Apt. 808,Tallahassee,FL,09908
A001479,C001174,Home,872 Kimberly Walks,Jacksonville,FL,73358
A001480,C001175,Home,4328 Whitaker Row,Tallahassee,FL,01291
A001481,C001176,Home,974 Sandra Path,Tallahassee,FL,30794
A001482,C001176,Mailing,63387 Jennifer Heights Apt. 503,Fort Lauderdale,FL,11574
A001483,C001177,Home,876 Marco Garden,Fort Lauderdale,FL,73170
A001484,C001178,Home,38332 Michael Knoll,Davie,FL,31347
A001485,C001178,Mailing,44700 Aguilar Grove Apt. 567,Boca Raton,FL,41262
A001486,C001179,Home,81878 Tracy Corners,Jacksonville,FL,11608
A001487,C001180,Home,926 Mills Mills Suite 569,Gainesville,FL,20352
A001488,C001181,Home,67540 Johnson Brook,Fort Lauderdale,FL,06302
A001489,C001182,Home,62667 Atkinson Centers Apt. 545,Naples,FL,51770
A001490,C001182,Mailing,1654 Ortega Unions,Hollywood,FL,72614
A001491,C001183,Home,8034 Richard Crossing Suite 967,Gainesville,FL,44718
A001492,C001184,Home,0516 Charles Prairie,Miami,FL,41972
A001493,C001185,Home,9987 Kennedy Crest Suite 441,Orlando,FL,20629
A001494,C001186,Home,6307 Rios Center,Naples,FL,53422
A001495,C001187,Home,933 Waller Springs,Miami,FL,98115
A001496,C001188,Home,7421 Palmer Overpass Suite 970,Coral Springs,FL,82645
A001497,C001189,Home,063 Michael Orchard,Tampa,FL,50560
A001498,C001190,Home,84326 Megan Squares,Orlando,FL,97785
A001499,C001190,Mailing,02719 Lowe Prairie Suite 918,Pembroke Pines,FL,20865
A001500,C001191,Home,48163 Shannon Ridge Suite 952,Boca Raton,FL,81988
A001501,C001192,Home,2951 Ronald Forest Apt. 783,Fort Lauderdale,FL,72983
A001502,C001193,Home,37676 Charles Road,Davie,FL,87266
A001503,C001194,Home,7542 Pierce Knolls,Naples,FL,48107
A001504,C001195,Home,1909 Patricia Junctions Suite 104,Tampa,FL,64837
A001505,C001196,Home,2942 Brett Way,Naples,FL,21450
A001506,C001197,Home,03227 Monica Spur,Boca Raton,FL,98812
A001507,C001198,Home,060 Brittany Square,Sarasota,FL,24187
A001508,C001199,Home,82422 Rachel Rapid Apt. 815,Jacksonville,FL,41168
A001509,C001200,Home,57102 Juan Lights Apt. 483,Hollywood,FL,61334
A001510,C001200,Mailing,354 Anne Haven Suite 901,Fort Lauderdale,FL,71566
A001511,C001201,Home,089 Randall Hill Suite 831,Fort Lauderdale,FL,03915
A001512,C001202,Home,01662 Peters Junction Suite 722,Tampa,FL,75026
A001513,C001203,Home,977 Martinez Ville,Pembroke Pines,FL,77947
A001514,C001204,Home,79668 Chapman Spring,Miami,FL,62388
A001515,C001205,Home,562 Shannon Path,Tampa,FL,93577
A001516,C001206,Home,94017 Elliott Rapids,Tallahassee,FL,44343
A001517,C001207,Home,95027 Mclean Fort,Miami,FL,63099
A001518,C001208,Home,461 Miller Brook,Tallahassee,FL,89617
A001519,C001209,Home,9572 Christopher Underpass,Orlando,FL,97006
A001520,C001210,Home,908 Galloway Land Apt. 538,Pembroke Pines,FL,78717
A001521,C001211,Home,0727 Roman Mall,Jacksonville,FL,53792
A001522,C001212,Home,5599 Patrick Drive,Hollywood,FL,64784
A001523,C001213,Home,6152 Brenda Ville Apt. 557,Pembroke Pines,FL,79990
A001524,C001214,Home,7451 Boyd Pine,West Palm Beach,FL,47379
A001525,C001215,Home,3139 Patterson Glens,Jacksonville,FL,66604
A001526,C001216,Home,44455 Casey Bridge Apt. 395,Sarasota,FL,60279
A001527,C001216,Mailing,2226 Gonzalez Stream Suite 960,Gainesville,FL,24620
A001528,C001217,Home,19541 Kenneth Path Apt. 107,Coral Springs,FL,47596
A001529,C001217,Mailing,4996 Potts Turnpike Suite 099,Hollywood,FL,34136
A001530,C001218,Home,9921 Smith Groves Apt. 425,Gainesville,FL,98546
A001531,C001219,Home,654 Graham Corners,Pembroke Pines,FL,59792
A001532,C001220,Home,45008 Mark Cove Suite 274,Davie,FL,14275
A001533,C001221,Home,71597 Livingston Drive Apt. 098,West Palm Beach,FL,01455
A001534,C001222,Home,194 Jeffery Underpass,Jacksonville,FL,50681
A001535,C001223,Home,02252 Roberta Mountains,Orlando,FL,14606
A001536,C001224,Home,98695 Roberts Harbor Suite 227,Gainesville,FL,66346
A001537,C001225,Home,965 Houston Parkways,Pembroke Pines,FL,58783
A001538,C001225,Mailing,444 Rose Centers Apt. 524,West Palm Beach,FL,89516
A001539,C001226,Home,94686 Horton Oval Apt. 358,Davie,FL,71726
A001540,C001227,Home,3067 Allison Ferry,Sarasota,FL,84342
A001541,C001228,Home,3836 Henson Roads Apt. 150,Davie,FL,13690
A001542,C001229,Home,2691 Dominique Ports,West Palm Beach,FL,79242
A001543,C001230,Home,613 Anderson Valleys,Tallahassee,FL,56604
A001544,C001231,Home,675 Brian Gateway,Jacksonville,FL,10993
A001545,C001231,Mailing,7619 Cook Pine,Sarasota,FL,98530
A001546,C001232,Home,988 Alisha Groves Suite 121,Miami,FL,06213
A001547,C001233,Home,9315 Alicia Curve Suite 776,Fort Lauderdale,FL,68492
A001548,C001234,Home,1745 Hernandez Rapid Apt. 535,Sarasota,FL,26616
A001549,C001235,Home,71220 Hickman Ways Apt. 983,Gainesville,FL,86330
A001550,C001236,Home,3087 David Lights Apt. 083,Davie,FL,01044
A001551,C001237,Home,6402 Hurst Trail,Hollywood,FL,85082
A001552,C001237,Mailing,0225 Webb Camp,West Palm Beach,FL,20956
A001553,C001238,Home,60190 Henderson Wall,Fort Lauderdale,FL,11157
A001554,C001239,Home,9543 Tammy Prairie Apt. 250,Gainesville,FL,99398
A001555,C001239,Mailing,35108 Amy Ranch,Davie,FL,09365
A001556,C001240,Home,29126 Ramos Squares,Davie,FL,68376
A001557,C001241,Home,0105 Joseph Trafficway Suite 191,Naples,FL,14327
A001558,C001242,Home,282 Owens Land,Pembroke Pines,FL,05340
A001559,C001243,Home,892 Thompson Pike Suite 548,Tampa,FL,15941
A001560,C001244,Home,68587 Williams Manor,Davie,FL,50067
A001561,C001245,Home,237 Matthew Burgs Suite 648,Gainesville,FL,80124
A001562,C001245,Mailing,6603 Crystal Lane Apt. 180,Coral Springs,FL,75712
A001563,C001246,Home,73733 Jane Creek,Tallahassee,FL,94960
A001564,C001246,Mailing,22488 Michelle Lights Suite 709,Davie,FL,37991
A001565,C001247,Home,151 Karen Stream,Naples,FL,60697
A001566,C001248,Home,2629 Taylor Junctions,Coral Springs,FL,14040
A001567,C001249,Home,49486 Daniels Mountain,Miami,FL,90325
A001568,C001250,Home,1173 Kimberly Dale Suite 441,Miami,FL,37850
A001569,C001250,Mailing,3910 Mary Spur,Naples,FL,45830
A001570,C001251,Home,98411 Erin Street Apt. 170,Tampa,FL,02037
A001571,C001252,Home,3742 Eugene Underpass Apt. 531,Davie,FL,98461
A001572,C001253,Home,3053 Mark Landing Suite 062,Tampa,FL,29143
A001573,C001254,Home,242 Daniel Mill Suite 490,Coral Springs,FL,37689
A001574,C001255,Home,92859 Christopher Unions Suite 439,Tampa,FL,01512
A001575,C001256,Home,8314 Ryan Isle,Tallahassee,FL,97400
A001576,C001256,Mailing,36794 Deborah Shores,Tallahassee,FL,19485
A001577,C001257,Home,9445 Michael Mountains Suite 608,Sarasota,FL,82273
A001578,C001258,Home,3311 Webb Club Apt. 216,West Palm Beach,FL,50945
A001579,C001259,Home,406 Amber Street,Coral Springs,FL,86773
A001580,C001260,Home,9013 Thompson Junctions Suite 481,Tallahassee,FL,58532
A001581,C001261,Home,807 John Street Suite 057,Tallahassee,FL,24339
A001582,C001262,Home,726 Cook Squares,Fort Lauderdale,FL,85203
A001583,C001263,Home,34365 Herring Vista Apt. 518,West Palm Beach,FL,48739
A001584,C001263,Mailing,0471 Judith Forge,Boca Raton,FL,19691
A001585,C001264,Home,6718 Erickson Flat Apt. 210,Boca Raton,FL,22882
A001586,C001265,Home,704 Martinez Hollow Suite 174,Gainesville,FL,10952
A001587,C001265,Mailing,7271 Kevin Mill,Naples,FL,46984
A001588,C001266,Home,62269 Stephenson Street Suite 001,Gainesville,FL,10812
A001589,C001267,Home,457 Mitchell Trafficway,Boca Raton,FL,79211
A001590,C001268,Home,36145 Amanda Village,Tallahassee,FL,57042
A001591,C001269,Home,99058 Hicks Estate Suite 063,Miami,FL,39366
A001592,C001269,Mailing,033 Wells Flats,Tampa,FL,58447
A001593,C001270,Home,496 Thomas Walks,Gainesville,FL,93259
A001594,C001271,Home,623 Woodard Overpass,West Palm Beach,FL,89840
A001595,C001272,Home,71634 Freeman Forges Apt. 518,Tallahassee,FL,36331
A001596,C001273,Home,4320 Lane Walk,Jacksonville,FL,46279
A001597,C001274,Home,28478 Tyler Landing Suite 745,Gainesville,FL,79334
A001598,C001275,Home,2380 Dixon Harbor,Sarasota,FL,40691
A001599,C001276,Home,11837 Jones Summit Suite 502,Miami,FL,73694
A001600,C001276,Mailing,5640 Ortiz Centers,Sarasota,FL,24259
A001601,C001277,Home,735 Stephens Pines Apt. 274,Pembroke Pines,FL,72654
A001602,C001278,Home,437 Garcia Station,Coral Springs,FL,82789
A001603,C001279,Home,724 James Field Apt. 824,Orlando,FL,57613
A001604,C001280,Home,1465 Odom Lock Apt. 780,Fort Lauderdale,FL,84239
A001605,C001281,Home,21623 Taylor Hills,Orlando,FL,79158
A001606,C001282,Home,196 Richard Lakes Suite 215,Pembroke Pines,FL,47706
A001607,C001283,Home,06115 Lori Mission,Davie,FL,22037
A001608,C001284,Home,31918 Alexander Ridge Suite 928,Gainesville,FL,80018
A001609,C001285,Home,669 Bowers Brook Apt. 094,Gainesville,FL,05705
A001610,C001285,Mailing,4630 Peter Tunnel,Tallahassee,FL,22224
A001611,C001286,Home,0022 Reed Ville Apt. 163,Fort Lauderdale,FL,98791
A001612,C001287,Home,3932 Myers Fort Apt. 200,Coral Springs,FL,29005
A001613,C001288,Home,5443 Wilkinson Fords Apt. 239,Sarasota,FL,46249
A001614,C001288,Mailing,79523 Suarez Squares Apt. 356,Pembroke Pines,FL,10039
A001615,C001289,Home,0506 Mary Parkways Suite 947,Miami,FL,13485
A001616,C001289,Mailing,6812 Warner Creek,Orlando,FL,36467
A001617,C001290,Home,61110 Burns Port Apt. 530,West Palm Beach,FL,24029
A001618,C001291,Home,909 Maria Creek Apt. 888,Orlando,FL,07942
A001619,C001292,Home,4151 Smith Summit,Tampa,FL,92352
A001620,C001293,Home,021 Bradley Brooks,Fort Lauderdale,FL,79040
A001621,C001294,Home,9276 Austin Pines Apt. 579,Pembroke Pines,FL,90724
A001622,C001294,Mailing,49161 Eric Loop,Hollywood,FL,59695
A001623,C001295,Home,282 Collins Parks,Tallahassee,FL,11521
A001624,C001296,Home,40875 John Well,Naples,FL,09911
A001625,C001297,Home,78825 Bell Gateway Suite 393,Naples,FL,14163
A001626,C001298,Home,06539 Kristin Plains,Tallahassee,FL,39992
A001627,C001299,Home,18769 Ashley Harbors Suite 415,Boca Raton,FL,31170
A001628,C001300,Home,5780 Hernandez Course,Coral Springs,FL,26504
A001629,C001301,Home,00541 Thompson Corners Suite 290,Pembroke Pines,FL,18442
A001630,C001301,Mailing,6371 Amanda Village,Pembroke Pines,FL,64717
A001631,C001302,Home,97526 Megan Flat,Miami,FL,99645
A001632,C001302,Mailing,6525 Benjamin Course,Tampa,FL,12499
A001633,C001303,Home,96482 Lauren Harbors,Davie,FL,65641
A001634,C001303,Mailing,6767 Elizabeth Glen,West Palm Beach,FL,19960
A001635,C001304,Home,5104 Hunter Ferry,Orlando,FL,18777
A001636,C001304,Mailing,6853 Richards Squares Suite 477,Boca Raton,FL,49827
A001637,C001305,Home,1761 Brittany Via Apt. 675,Jacksonville,FL,69767
A001638,C001306,Home,6171 Lawrence Center Apt. 669,West Palm Beach,FL,76511
A001639,C001307,Home,7035 Zamora Junction,West Palm Beach,FL,12187
A001640,C001308,Home,565 Martin Trafficway Apt. 168,West Palm Beach,FL,68223
A001641,C001309,Home,4324 Mosley Fields,Tampa,FL,07258
A001642,C001309,Mailing,168 Jimmy Summit,Gainesville,FL,45625
A001643,C001310,Home,73371 Timothy Orchard,Boca Raton,FL,48763
A001644,C001310,Mailing,6343 Erickson Square Suite 499,Tallahassee,FL,58047
A001645,C001311,Home,207 Hoffman Ford Apt. 123,Gainesville,FL,08158
A001646,C001312,Home,4324 Brian Island Apt. 502,Hollywood,FL,84785
A001647,C001313,Home,655 Becker Coves,Sarasota,FL,89262
A001648,C001314,Home,4958 Tate Lock,Coral Springs,FL,92713
A001649,C001315,Home,8160 Campbell Drives,West Palm Beach,FL,09679
A001650,C001316,Home,83608 Cross Lakes Suite 138,Miami,FL,29022
A001651,C001317,Home,2173 Cuevas Squares,Boca Raton,FL,05562
A001652,C001318,Home,23803 Daniels Valleys,Miami,FL,08915
A001653,C001318,Mailing,1728 Martinez Ridge,Boca Raton,FL,61984
A001654,C001319,Home,23926 Justin Gateway Apt. 873,Orlando,FL,26548
A001655,C001320,Home,04046 Austin Roads Suite 891,Naples,FL,75299
A001656,C001320,Mailing,526 Hatfield Skyway Suite 573,Tampa,FL,27280
A001657,C001321,Home,15418 Denise Summit,Hollywood,FL,75369
A001658,C001322,Home,8764 Phillips Spurs,Orlando,FL,60786
A001659,C001323,Home,52854 Hall Forks,Hollywood,FL,33392
A001660,C001324,Home,853 Allen Square Suite 164,Tallahassee,FL,79443
A001661,C001324,Mailing,96542 Elizabeth Turnpike,Fort Lauderdale,FL,44078
A001662,C001325,Home,38137 Gibson Land Apt. 097,Sarasota,FL,40074
A001663,C001325,Mailing,279 Diana Heights,Davie,FL,89013
A001664,C001326,Home,6667 Billy Lodge,Pembroke Pines,FL,39570
A001665,C001326,Mailing,12838 Jones Parkway Suite 480,Jacksonville,FL,94059
A001666,C001327,Home,246 Garcia Views Apt. 458,Fort Lauderdale,FL,10453
A001667,C001328,Home,603 Montoya Greens,Pembroke Pines,FL,06707
A001668,C001329,Home,247 Victoria Plain,Orlando,FL,55447
A001669,C001329,Mailing,9606 Zachary Rapids,Fort Lauderdale,FL,13302
A001670,C001330,Home,448 Greene Flat Suite 696,West Palm Beach,FL,12944
A001671,C001331,Home,660 Charles Alley,Naples,FL,90437
A001672,C001331,Mailing,458 Alicia Turnpike Suite 530,Coral Springs,FL,00727
A001673,C001332,Home,34509 Raymond Mount,Davie,FL,66284
A001674,C001332,Mailing,1024 Cathy Circle,Gainesville,FL,38880
A001675,C001333,Home,97304 Thomas Lakes Suite 716,Coral Springs,FL,30170
A001676,C001334,Home,238 Ronald Springs Apt. 555,Pembroke Pines,FL,35893
A001677,C001334,Mailing,30797 Johnson Port,Hollywood,FL,90203
A001678,C001335,Home,5796 Joann Square,Coral Springs,FL,57291
A001679,C001336,Home,185 Arroyo Views,Orlando,FL,99032
A001680,C001337,Home,60320 Richard Rapids Suite 225,Tallahassee,FL,16878
A001681,C001338,Home,9874 Kenneth Mountains,Pembroke Pines,FL,06558
A001682,C001339,Home,53252 Robert Row Apt. 359,Pembroke Pines,FL,25877
A001683,C001340,Home,7253 Medina Cape Apt. 340,Tampa,FL,12297
A001684,C001340,Mailing,258 Justin Lights,Tallahassee,FL,63452
A001685,C001341,Home,4412 Ramos Mews Apt. 455,Davie,FL,75610
A001686,C001342,Home,683 Johnson Heights,Coral Springs,FL,27300
A001687,C001343,Home,93669 Jennifer Burgs Apt. 765,Hollywood,FL,75166
A001688,C001344,Home,5278 Patricia Knoll,Tampa,FL,15219
A001689,C001344,Mailing,71195 Anthony Rue,Coral Springs,FL,66961
A001690,C001345,Home,7025 Eric Viaduct,Tallahassee,FL,18264
A001691,C001346,Home,30117 Peter Course Apt. 497,Gainesville,FL,18800
A001692,C001347,Home,089 Adams Junction Suite 540,Naples,FL,98593
A001693,C001348,Home,9672 Edward Cape,Jacksonville,FL,53856
A001694,C001349,Home,644 Brooks Lodge,West Palm Beach,FL,96498
A001695,C001350,Home,500 Rivera Point,Naples,FL,59167
A001696,C001351,Home,1736 James Forges,West Palm Beach,FL,65503
A001697,C001352,Home,068 Buchanan Highway,Davie,FL,98913
A001698,C001353,Home,27538 Castro Trafficway,Tampa,FL,13837
A001699,C001354,Home,6467 Sandra Island Apt. 496,Miami,FL,99396
A001700,C001354,Mailing,111 Megan Course Suite 597,Orlando,FL,83839
A001701,C001355,Home,246 Ian Walk Suite 493,Miami,FL,60211
A001702,C001356,Home,03085 Cassandra Square,Davie,FL,42319
A001703,C001356,Mailing,626 Barnes Wells,Davie,FL,63009
A001704,C001357,Home,7577 Daniel Points Apt. 785,West Palm Beach,FL,60143
A001705,C001358,Home,58290 Linda Island Suite 272,Hollywood,FL,22429
A001706,C001359,Home,17498 Heather Island Suite 382,Pembroke Pines,FL,97942
A001707,C001360,Home,74862 Wilson Square,Pembroke Pines,FL,90117
A001708,C001361,Home,54273 Murphy Trace Apt. 212,Orlando,FL,47150
A001709,C001362,Home,824 Jillian Road,Hollywood,FL,15653
A001710,C001362,Mailing,3313 Whitaker Orchard Apt. 442,Miami,FL,32854
A001711,C001363,Home,83579 Castillo Common,Tampa,FL,44375
A001712,C001364,Home,9797 Hoover Estate,Gainesville,FL,91285
A001713,C001365,Home,485 Harris Centers,Tallahassee,FL,71596
A001714,C001366,Home,75633 Smith Village Suite 965,Pembroke Pines,FL,54685
A001715,C001367,Home,57950 Fitzgerald Mountains,Pembroke Pines,FL,06321
A001716,C001368,Home,8530 Tammy Union Suite 273,West Palm Beach,FL,18408
A001717,C001369,Home,353 Eric Stream,Hollywood,FL,58214
A001718,C001369,Mailing,96349 Thomas Rest,Miami,FL,58434
A001719,C001370,Home,240 Jonathan Freeway Suite 443,Davie,FL,33000
A001720,C001370,Mailing,5943 Frazier Stravenue,Sarasota,FL,91591
A001721,C001371,Home,703 Flores Village,Tampa,FL,38691
A001722,C001372,Home,748 Sabrina Isle Apt. 669,Miami,FL,14206
A001723,C001372,Mailing,7259 Cody Cliff,Tallahassee,FL,31599
A001724,C001373,Home,457 Bentley Lane,Orlando,FL,42485
A001725,C001373,Mailing,31146 Mcdowell Mission,Fort Lauderdale,FL,90126
A001726,C001374,Home,74099 Thomas Mission Apt. 703,Orlando,FL,27097
A001727,C001375,Home,6865 Karen Shores,Fort Lauderdale,FL,03099
A001728,C001376,Home,492 Michael Dale Suite 127,Tampa,FL,91448
A001729,C001376,Mailing,75622 Jay Mission Apt. 274,Orlando,FL,14837
A001730,C001377,Home,273 Michele Island,Miami,FL,76978
A001731,C001378,Home,940 Hayley Estate Apt. 305,Naples,FL,83987
A001732,C001379,Home,7808 Shannon Mills,Pembroke Pines,FL,43569
A001733,C001380,Home,049 Kayla Isle,Hollywood,FL,03148
A001734,C001381,Home,4375 Adam Port Suite 308,West Palm Beach,FL,80231
A001735,C001382,Home,91312 Maureen Oval Apt. 085,Jacksonville,FL,92866
A001736,C001383,Home,162 Douglas Lodge Suite 732,Jacksonville,FL,68599
A001737,C001384,Home,6331 Mcdaniel Mews,Pembroke Pines,FL,42559
A001738,C001384,Mailing,5840 Emily Valleys Apt. 318,Fort Lauderdale,FL,96362
A001739,C001385,Home,59784 Cruz Unions,West Palm Beach,FL,48301
A001740,C001386,Home,15665 Pierce Spurs,Pembroke Pines,FL,81126
A001741,C001387,Home,28208 Sheila Corners Apt. 687,Hollywood,FL,27584
A001742,C001388,Home,845 Jon Lake,Sarasota,FL,51275
A001743,C001388,Mailing,993 April Avenue,Gainesville,FL,42483
A001744,C001389,Home,6290 Brenda Alley,Tampa,FL,17560
A001745,C001390,Home,204 Ronald Curve,Naples,FL,43676
A001746,C001391,Home,1914 Patton Roads Apt. 289,Davie,FL,01013
A001747,C001391,Mailing,243 Matthew Ville,West Palm Beach,FL,97115
A001748,C001392,Home,859 Harris Wells,Davie,FL,39649
A001749,C001392,Mailing,16912 Moody Freeway,Coral Springs,FL,77423
A001750,C001393,Home,80888 Mack Wall,Coral Springs,FL,68911
A001751,C001393,Mailing,20997 Larson Village Suite 197,Tampa,FL,59212
A001752,C001394,Home,30273 Jeff Summit Suite 972,Jacksonville,FL,70683
A001753,C001395,Home,66967 Hobbs Ports Apt. 448,Gainesville,FL,08304
A001754,C001396,Home,914 Stephanie Isle Suite 141,Naples,FL,20940
A001755,C001397,Home,18750 Christina Pine,Jacksonville,FL,92708
A001756,C001397,Mailing,520 Paul Viaduct Suite 407,Orlando,FL,41113
A001757,C001398,Home,6313 Knight Haven Apt. 016,West Palm Beach,FL,03589
A001758,C001399,Home,3386 Jones Ramp Suite 561,Gainesville,FL,91553
A001759,C001400,Home,4871 Robert Green,Davie,FL,25159
A001760,C001400,Mailing,358 Rogers Alley,Fort Lauderdale,FL,74005
A001761,C001401,Home,3174 Jennifer Tunnel Apt. 839,Coral Springs,FL,10079
A001762,C001402,Home,815 Rivera Terrace Suite 988,Fort Lauderdale,FL,08603
A001763,C001403,Home,7013 Jessica Parks Suite 927,Tampa,FL,47222
A001764,C001404,Home,97640 Mcguire Street,Davie,FL,06564
A001765,C001405,Home,24772 Howard Coves,Hollywood,FL,16637
A001766,C001405,Mailing,68540 Keith Creek Suite 791,Miami,FL,53137
A001767,C001406,Home,340 Theresa Terrace,Davie,FL,50554
A001768,C001406,Mailing,378 Danielle Wells,Hollywood,FL,14904
A001769,C001407,Home,2025 Daniels Ports,Hollywood,FL,06935
A001770,C001408,Home,479 Silva Key,Boca Raton,FL,40757
A001771,C001408,Mailing,912 Thompson Heights Apt. 063,Boca Raton,FL,47225
A001772,C001409,Home,83600 Sharp Union Apt. 964,Jacksonville,FL,67649
A001773,C001409,Mailing,904 Amber Creek,West Palm Beach,FL,58567
A001774,C001410,Home,686 Lowe Stream Apt. 282,Tallahassee,FL,27100
A001775,C001411,Home,7979 Alison Rest,Gainesville,FL,98737
A001776,C001412,Home,2225 Margaret Circle,Naples,FL,37525
A001777,C001413,Home,94230 Todd Lake Suite 941,Pembroke Pines,FL,17266
A001778,C001414,Home,6866 Wall Fort Suite 727,Jacksonville,FL,09178
A001779,C001415,Home,65596 Whitehead Centers,Boca Raton,FL,94812
A001780,C001415,Mailing,4187 Timothy Island,Tallahassee,FL,23469
A001781,C001416,Home,221 Larson Squares,Hollywood,FL,49390
A001782,C001417,Home,42729 Nathan Parkway Suite 920,Coral Springs,FL,28138
A001783,C001418,Home,01741 Gabrielle Mill Suite 181,Tallahassee,FL,52376
A001784,C001419,Home,4030 Jaclyn Estate Apt. 541,Davie,FL,01359
A001785,C001419,Mailing,22468 Smith Plaza,Miami,FL,12067
A001786,C001420,Home,03247 Brooks Keys,Fort Lauderdale,FL,18633
A001787,C001421,Home,146 Chad Street Apt. 564,West Palm Beach,FL,19924
A001788,C001421,Mailing,60561 Loretta Knoll Apt. 347,Pembroke Pines,FL,24169
A001789,C001422,Home,1791 Johnson Freeway,Sarasota,FL,76656
A001790,C001423,Home,9126 James Shores Apt. 095,Coral Springs,FL,32538
A001791,C001424,Home,639 Morales Lane Apt. 397,Orlando,FL,09502
A001792,C001424,Mailing,63083 Rachel Branch,Fort Lauderdale,FL,83600
A001793,C001425,Home,048 Kimberly Bridge,Hollywood,FL,93156
A001794,C001426,Home,32879 Klein Way,Sarasota,FL,42767
A001795,C001427,Home,16723 Courtney Lock,West Palm Beach,FL,08374
A001796,C001428,Home,0883 Mccarty Tunnel Suite 601,Naples,FL,11921
A001797,C001428,Mailing,52691 Clark Dam Apt. 737,Tallahassee,FL,24943
A001798,C001429,Home,97732 Townsend Cape,West Palm Beach,FL,47691
A001799,C001429,Mailing,11086 Torres Mountains,Hollywood,FL,53583
A001800,C001430,Home,622 Shane Valley Apt. 463,Hollywood,FL,96288
A001801,C001431,Home,4248 Anthony Glens,West Palm Beach,FL,53287
A001802,C001431,Mailing,00126 Roberts Gardens Apt. 568,Fort Lauderdale,FL,96380
A001803,C001432,Home,624 Robert Gardens,Davie,FL,02625
A001804,C001432,Mailing,986 Abigail Crossroad,Coral Springs,FL,75126
A001805,C001433,Home,893 Mcdonald Overpass Apt. 276,Sarasota,FL,64749
A001806,C001434,Home,37197 Olson Parks Suite 673,Fort Lauderdale,FL,19012
A001807,C001435,Home,60900 Lopez Crossing,Coral Springs,FL,52462
A001808,C001435,Mailing,29298 Jeffery Dale,Pembroke Pines,FL,33349
A001809,C001436,Home,70399 Laura Course Apt. 892,Sarasota,FL,20395
A001810,C001437,Home,756 John Hollow,Pembroke Pines,FL,25120
A001811,C001437,Mailing,550 Logan Crossing,Tampa,FL,67437
A001812,C001438,Home,5461 Barrera Ranch Apt. 140,Fort Lauderdale,FL,21126
A001813,C001438,Mailing,4722 Mccarthy Hill,West Palm Beach,FL,51356
A001814,C001439,Home,95184 Michael Isle,Orlando,FL,69074
A001815,C001440,Home,177 Kevin Via,Fort Lauderdale,FL,80678
A001816,C001440,Mailing,8056 Bender Union Suite 483,Miami,FL,48164
A001817,C001441,Home,7382 Tyler Isle,Fort Lauderdale,FL,52801
A001818,C001442,Home,83121 Hanson Falls,Coral Springs,FL,99043
A001819,C001442,Mailing,85317 Danielle Crossing Suite 046,Naples,FL,02799
A001820,C001443,Home,87617 Juarez Cliff,Naples,FL,57036
A001821,C001443,Mailing,938 Peter Meadow,Pembroke Pines,FL,25577
A001822,C001444,Home,19265 Cervantes Greens Apt. 137,Miami,FL,39058
A001823,C001444,Mailing,01104 Morris Fields Suite 965,Sarasota,FL,92064
A001824,C001445,Home,49950 Shepherd Rapid,Fort Lauderdale,FL,64388
A001825,C001445,Mailing,7629 Miller Skyway,Naples,FL,61033
A001826,C001446,Home,21623 Amber Rue Suite 759,Fort Lauderdale,FL,74970
A001827,C001447,Home,68539 Sandra Fork,Naples,FL,81966
A001828,C001447,Mailing,5918 Joe Alley,Sarasota,FL,11773
A001829,C001448,Home,274 Jo Meadow,Coral Springs,FL,07613
A001830,C001448,Mailing,34592 Martin Street Suite 259,Jacksonville,FL,77173
A001831,C001449,Home,3515 Lee Well Suite 093,Davie,FL,25368
A001832,C001450,Home,102 Martin Courts Suite 629,Pembroke Pines,FL,84663
A001833,C001451,Home,592 Angela Way,Davie,FL,45855
A001834,C001452,Home,49405 Cameron Prairie,West Palm Beach,FL,69766
A001835,C001453,Home,477 Kaylee Harbors,Tampa,FL,68739
A001836,C001453,Mailing,30977 Diaz Drive Apt. 041,Pembroke Pines,FL,44289
A001837,C001454,Home,4172 Joseph Groves Apt. 452,Boca Raton,FL,31140
A001838,C001455,Home,2430 Jennifer Light,Tallahassee,FL,35521
A001839,C001456,Home,02100 Joshua Lights Suite 134,Naples,FL,79964
A001840,C001457,Home,5539 Schmidt Crossing,Sarasota,FL,11506
A001841,C001457,Mailing,8355 Aaron Trafficway,Tampa,FL,20977
A001842,C001458,Home,4516 Edwards Forks,Jacksonville,FL,32617
A001843,C001459,Home,5144 Megan Points,West Palm Beach,FL,85773
A001844,C001460,Home,89410 Kemp Corner Suite 180,Pembroke Pines,FL,11303
A001845,C001460,Mailing,298 Smith Pass,Coral Springs,FL,37437
A001846,C001461,Home,5831 John Fort Apt. 960,Naples,FL,32538
A001847,C001462,Home,8312 Tara Pike,Davie,FL,03312
A001848,C001463,Home,88744 Simmons Pine Suite 937,Tampa,FL,61124
A001849,C001464,Home,0266 Rebecca Views,Gainesville,FL,31427
A001850,C001464,Mailing,33745 Richard Drive Suite 418,Fort Lauderdale,FL,06853
A001851,C001465,Home,4219 Randy Court Apt. 314,Orlando,FL,78996
A001852,C001466,Home,82216 Luis Turnpike,Coral Springs,FL,82949
A001853,C001466,Mailing,55203 Moore Track,Pembroke Pines,FL,42404
A001854,C001467,Home,7770 Richard Track,West Palm Beach,FL,64156
A001855,C001468,Home,304 Mark Lakes Suite 341,Miami,FL,62296
A001856,C001469,Home,49669 Chen Light,Hollywood,FL,05201
A001857,C001469,Mailing,683 Guerrero Roads Suite 262,Hollywood,FL,81594
A001858,C001470,Home,6207 Walsh Well,Coral Springs,FL,54264
A001859,C001471,Home,664 Robert Crossing,Pembroke Pines,FL,94462
A001860,C001472,Home,5038 Blevins Dale Apt. 048,Tampa,FL,83206
A001861,C001473,Home,75676 Amanda Glens Suite 786,Coral Springs,FL,63283
A001862,C001474,Home,487 Edward Flat,Boca Raton,FL,77584
A001863,C001474,Mailing,708 Hamilton Shoals,Tampa,FL,60677
A001864,C001475,Home,5017 Alyssa Bypass,Tallahassee,FL,62407
A001865,C001476,Home,0339 Cole Trafficway,Davie,FL,53760
A001866,C001477,Home,6378 Stafford Hollow,Tallahassee,FL,53689
A001867,C001478,Home,9997 Carrie Cliffs,Sarasota,FL,20418
A001868,C001479,Home,7326 Jones Field,Davie,FL,78293
A001869,C001480,Home,914 Steven Ridges,Miami,FL,73385
A001870,C001481,Home,411 Amanda Avenue Apt. 548,Orlando,FL,49821
A001871,C001482,Home,531 Kimberly Shoal Suite 092,Miami,FL,97966
A001872,C001483,Home,97333 Shaw Estates,Davie,FL,66276
A001873,C001484,Home,451 Ashley Grove,Jacksonville,FL,33402
A001874,C001485,Home,35632 Johnson Ville,Fort Lauderdale,FL,69645
A001875,C001486,Home,686 Elizabeth Rapid,Fort Lauderdale,FL,88074
A001876,C001487,Home,795 Oconnell Courts Suite 643,Sarasota,FL,48077
A001877,C001488,Home,8488 Christopher Locks Suite 026,Miami,FL,56676
A001878,C001489,Home,95048 Paul Terrace Suite 162,Fort Lauderdale,FL,89510
A001879,C001489,Mailing,6363 Burton Fork Apt. 528,Jacksonville,FL,51454
A001880,C001490,Home,30079 Ward Branch Suite 755,Miami,FL,37494
A001881,C001491,Home,0185 Michael Plaza,Gainesville,FL,53932
A001882,C001492,Home,02999 Kevin Inlet Apt. 883,Gainesville,FL,61040
A001883,C001493,Home,0433 Ortiz Manor Apt. 671,West Palm Beach,FL,95128
A001884,C001493,Mailing,7861 Young Fork,Tampa,FL,31612
A001885,C001494,Home,83017 Singh Corners,Miami,FL,75710
A001886,C001495,Home,4977 Aaron Locks Suite 337,Sarasota,FL,09823
A001887,C001496,Home,242 Seth Locks Apt. 065,Hollywood,FL,47119
A001888,C001497,Home,19446 Brandon Crossing Suite 782,Tampa,FL,99133
A001889,C001497,Mailing,99135 Cervantes Fall,Tallahassee,FL,41006
A001890,C001498,Home,0748 Brett Summit,Jacksonville,FL,14564
A001891,C001499,Home,5418 Williams Stravenue Apt. 602,Jacksonville,FL,27731
A001892,C001500,Home,3438 Jeremy Mews,Miami,FL,16764
A001893,C001501,Home,86274 Kim Mountain Apt. 563,Boca Raton,FL,28325
A001894,C001502,Home,596 Gutierrez Ridges Suite 492,Coral Springs,FL,02821
A001895,C001503,Home,96700 Charles Highway,Pembroke Pines,FL,35054
A001896,C001504,Home,89110 William Brook,Jacksonville,FL,65038
A001897,C001505,Home,499 Michael Estates,Davie,FL,02083
A001898,C001506,Home,10797 Jeremy Summit,Gainesville,FL,48576
A001899,C001506,Mailing,98651 Harris Estates,Tampa,FL,22374
A001900,C001507,Home,19414 Ann Turnpike Suite 622,Sarasota,FL,63583
A001901,C001508,Home,9432 Scott Groves Apt. 023,Boca Raton,FL,74880
A001902,C001509,Home,45423 Glen Field Suite 476,Boca Raton,FL,76426
A001903,C001510,Home,01642 Taylor Knoll Apt. 838,Coral Springs,FL,23406
A001904,C001511,Home,1956 Jacob Park Apt. 502,Gainesville,FL,54342
A001905,C001511,Mailing,4114 Pratt Turnpike,Pembroke Pines,FL,02528
A001906,C001512,Home,6031 Jennifer Club,Hollywood,FL,05051
A001907,C001513,Home,84143 Thomas Squares,Tallahassee,FL,04052
A001908,C001513,Mailing,39532 Hess Fall Apt. 766,Tampa,FL,44534
A001909,C001514,Home,15424 Cummings Walk Suite 001,Gainesville,FL,07022
A001910,C001514,Mailing,23759 Courtney Ports,Pembroke Pines,FL,94984
A001911,C001515,Home,18669 Stephen Road Suite 819,Hollywood,FL,36037
A001912,C001515,Mailing,229 Aaron Well Apt. 009,West Palm Beach,FL,28793
A001913,C001516,Home,9320 Tyler Cove,Jacksonville,FL,91191
A001914,C001517,Home,9769 Jared Highway Suite 895,Jacksonville,FL,28607
A001915,C001518,Home,6879 Forbes Estates Apt. 868,Pembroke Pines,FL,61438
A001916,C001519,Home,04263 Wood Spur,Sarasota,FL,56423
A001917,C001519,Mailing,3687 Carl Avenue Apt. 423,West Palm Beach,FL,50454
A001918,C001520,Home,13247 Smith Crest,Pembroke Pines,FL,88941
A001919,C001521,Home,152 Tiffany Points,Pembroke Pines,FL,16965
A001920,C001522,Home,175 Lopez Streets,Tallahassee,FL,55416
A001921,C001523,Home,69186 Sims Shoal Apt. 274,West Palm Beach,FL,99326
A001922,C001524,Home,56648 Morris Shoals Apt. 408,Hollywood,FL,56997
A001923,C001525,Home,835 Nguyen Summit Apt. 236,Davie,FL,79046
A001924,C001525,Mailing,790 James Trace Suite 730,Tampa,FL,96079
A001925,C001526,Home,55201 Murphy Spring Suite 297,Naples,FL,96586
A001926,C001527,Home,58539 Sean Rapids,Coral Springs,FL,28827
A001927,C001528,Home,3236 Stewart Locks,Fort Lauderdale,FL,33947
A001928,C001529,Home,437 Thompson Circle,Boca Raton,FL,91930
A001929,C001530,Home,226 Johnson Trail Suite 324,Orlando,FL,55008
A001930,C001531,Home,1025 Jacqueline Summit,Hollywood,FL,37380
A001931,C001532,Home,2235 Harris Way,Pembroke Pines,FL,38391
A001932,C001533,Home,8030 Miller Cliffs Apt. 069,Tallahassee,FL,93511
A001933,C001534,Home,7513 Emily Parkways,Orlando,FL,12174
A001934,C001535,Home,88554 Simpson Lights,Gainesville,FL,72860
A001935,C001535,Mailing,6336 Lopez Turnpike Suite 970,Hollywood,FL,33295
A001936,C001536,Home,8094 Morgan Ridge Apt. 476,Hollywood,FL,15276
A001937,C001537,Home,60348 Fowler Falls,Boca Raton,FL,18144
A001938,C001538,Home,26590 Anna Circle,Orlando,FL,41855
A001939,C001539,Home,2965 Henry Stream Apt. 297,Davie,FL,82296
A001940,C001540,Home,58897 Andrew Court Apt. 926,Gainesville,FL,66973
A001941,C001540,Mailing,833 Zimmerman Crescent Apt. 305,Davie,FL,66811
A001942,C001541,Home,89944 Calderon Springs Apt. 992,Miami,FL,31220
A001943,C001542,Home,6898 Williams Drive,Pembroke Pines,FL,66327
A001944,C001543,Home,3740 Rhonda Bypass Suite 657,Coral Springs,FL,74128
A001945,C001544,Home,5261 Murphy Lakes Apt. 221,Tallahassee,FL,42659
A001946,C001545,Home,0372 Breanna Valleys,Naples,FL,79091
A001947,C001546,Home,829 Morrow Mountain Suite 416,Orlando,FL,40097
A001948,C001546,Mailing,1895 Estrada Park Suite 357,Sarasota,FL,98503
A001949,C001547,Home,03886 Burke Landing Apt. 400,Orlando,FL,59879
A001950,C001548,Home,4423 Cook Squares Apt. 524,Gainesville,FL,71425
A001951,C001549,Home,9211 Joshua Avenue Apt. 967,Davie,FL,46892
A001952,C001550,Home,49474 Kevin Lodge Apt. 652,Hollywood,FL,86964
A001953,C001551,Home,036 Anthony Stream,Gainesville,FL,49347
A001954,C001552,Home,0636 Miguel Burg Suite 213,Orlando,FL,81455
A001955,C001553,Home,253 Ortega Road Suite 519,Jacksonville,FL,37212
A001956,C001554,Home,29004 Carroll Stravenue,West Palm Beach,FL,98361
A001957,C001555,Home,43386 Davis Trail,Davie,FL,71904
A001958,C001556,Home,2525 Williams Court Suite 937,Sarasota,FL,04286
A001959,C001556,Mailing,8761 Moore Loaf,Naples,FL,72682
A001960,C001557,Home,6579 Kristy Center Apt. 586,Miami,FL,28078
A001961,C001558,Home,4901 Emma Key,Pembroke Pines,FL,44445
A001962,C001558,Mailing,96476 Simmons Crest Apt. 470,Jacksonville,FL,58908
A001963,C001559,Home,565 Powell Way Suite 765,Boca Raton,FL,34266
A001964,C001560,Home,03281 Adrian Hill Apt. 451,Tallahassee,FL,38524
A001965,C001561,Home,0514 Pierce Manor,Gainesville,FL,79094
A001966,C001562,Home,04124 Suzanne Tunnel Suite 909,Coral Springs,FL,26148
A001967,C001562,Mailing,1283 Darryl Divide Suite 524,Pembroke Pines,FL,22763
A001968,C001563,Home,52193 Brian Lodge Suite 774,Boca Raton,FL,54857
A001969,C001564,Home,71989 Karen Plaza Apt. 106,Tampa,FL,90807
A001970,C001565,Home,323 Jason Overpass,Pembroke Pines,FL,24634
A001971,C001566,Home,5187 Chavez Stravenue Suite 203,Orlando,FL,70326
A001972,C001566,Mailing,04827 Johnson Mountain Suite 542,Gainesville,FL,44729
A001973,C001567,Home,0721 Smith Manor Apt. 646,Naples,FL,84680
A001974,C001568,Home,869 Vaughn Viaduct,Naples,FL,09905
A001975,C001569,Home,31924 Norma Station,Davie,FL,91450
A001976,C001569,Mailing,0055 Whitaker Skyway Suite 928,West Palm Beach,FL,01841
A001977,C001570,Home,7046 Reynolds Haven,Boca Raton,FL,40484
A001978,C001571,Home,503 Cindy Springs,Jacksonville,FL,93843
A001979,C001572,Home,2453 Lee Station,Davie,FL,16752
A001980,C001573,Home,0888 Anderson Shoals,Miami,FL,66664
A001981,C001573,Mailing,2095 Mitchell Square Suite 303,Miami,FL,50993
A001982,C001574,Home,18688 Harrington Branch,Sarasota,FL,20975
A001983,C001575,Home,7962 Derek Highway,Boca Raton,FL,84878
A001984,C001575,Mailing,20373 Cox Dam Suite 687,Coral Springs,FL,93976
A001985,C001576,Home,7277 Roberts Circle Suite 482,West Palm Beach,FL,95516
A001986,C001577,Home,367 Cheryl Alley Suite 121,Pembroke Pines,FL,92730
A001987,C001578,Home,3342 Miranda Court Suite 599,Gainesville,FL,70228
A001988,C001579,Home,134 Hodges Mountain Suite 551,Gainesville,FL,21321
A001989,C001580,Home,8336 Ann Prairie Apt. 610,West Palm Beach,FL,27768
A001990,C001581,Home,3691 Crystal Camp,Sarasota,FL,39419
A001991,C001582,Home,049 Tyrone Union Apt. 308,Pembroke Pines,FL,40492
A001992,C001582,Mailing,758 Murphy Rapids Suite 843,Tallahassee,FL,49318
A001993,C001583,Home,23774 Nancy Valleys Suite 535,Coral Springs,FL,66969
A001994,C001584,Home,01781 Guerrero Burgs,West Palm Beach,FL,22561
A001995,C001585,Home,720 Miller Field Apt. 098,Pembroke Pines,FL,71591
A001996,C001586,Home,0157 Woodard Land Suite 901,Naples,FL,58475
A001997,C001586,Mailing,2858 Graves Loaf,Boca Raton,FL,57395
A001998,C001587,Home,933 Galvan Islands Suite 055,Boca Raton,FL,64833
A001999,C001588,Home,7889 Sarah Mountain,Naples,FL,88263
A002000,C001589,Home,2767 Leslie Springs,Fort Lauderdale,FL,66527
A002001,C001590,Home,66358 Hartman Ridge,Miami,FL,64018
A002002,C001591,Home,5274 Michael Park Apt. 942,Coral Springs,FL,84470
A002003,C001592,Home,906 Jennifer Crescent Apt. 277,West Palm Beach,FL,08949
A002004,C001593,Home,443 Saunders Roads,Hollywood,FL,49552
A002005,C001593,Mailing,220 Zachary Track Suite 977,Tampa,FL,64016
A002006,C001594,Home,65008 Ross Lights Suite 691,Gainesville,FL,23193
A002007,C001595,Home,82348 Miller Mill,Tallahassee,FL,71276
A002008,C001596,Home,48554 Molly Ville Apt. 031,Naples,FL,50697
A002009,C001597,Home,42887 Williams Glen Suite 594,Naples,FL,55731
A002010,C001598,Home,893 Escobar Drive Apt. 987,Naples,FL,80617
A002011,C001599,Home,667 Swanson Views Apt. 785,Naples,FL,03448
A002012,C001600,Home,787 Jacobs Prairie Suite 169,Hollywood,FL,90737
A002013,C001601,Home,548 Peters Ville Suite 409,Boca Raton,FL,79974
A002014,C001602,Home,447 Graham Streets,West Palm Beach,FL,73842
A002015,C001603,Home,112 Denise Gateway,Miami,FL,16057
A002016,C001604,Home,264 Savage Unions,Coral Springs,FL,05521
A002017,C001605,Home,997 Scott Corner Apt. 025,Coral Springs,FL,58767
A002018,C001605,Mailing,38252 Hale Villages Suite 733,Tallahassee,FL,91364
A002019,C001606,Home,481 Reed Prairie Suite 798,Coral Springs,FL,82238
A002020,C001607,Home,4103 Michael Brooks,Miami,FL,09335
A002021,C001608,Home,6213 Crystal Expressway,Tallahassee,FL,54840
A002022,C001609,Home,9770 Brett Park Apt. 431,Naples,FL,15209
A002023,C001610,Home,717 Williams Estates Suite 146,Sarasota,FL,24273
A002024,C001611,Home,7954 Jason Path Apt. 848,Gainesville,FL,39720
A002025,C001612,Home,5275 Lance Springs Suite 667,Miami,FL,96479
A002026,C001612,Mailing,3079 Randy Mall Suite 408,Gainesville,FL,97755
A002027,C001613,Home,76106 Christina Rue,Davie,FL,38857
A002028,C001614,Home,84293 Donna Spring,Davie,FL,55006
A002029,C001614,Mailing,6054 Matthew Neck,Gainesville,FL,53627
A002030,C001615,Home,21002 James Estates Apt. 075,Hollywood,FL,98551
A002031,C001616,Home,20407 Pugh Ways Suite 038,Jacksonville,FL,43301
A002032,C001617,Home,734 Theresa Brooks,Jacksonville,FL,40319
A002033,C001617,Mailing,153 Brianna Mountain Apt. 065,Tallahassee,FL,44364
A002034,C001618,Home,18423 Mark Crossing,Davie,FL,19356
A002035,C001619,Home,56857 Haynes Via Apt. 638,Orlando,FL,88211
A002036,C001620,Home,6750 Cooper Corners Suite 132,Naples,FL,17619
A002037,C001621,Home,694 Frye Crossing Apt. 396,Tallahassee,FL,28885
A002038,C001622,Home,455 Lambert Grove,Fort Lauderdale,FL,23802
A002039,C001623,Home,3462 Stephens Circle,Hollywood,FL,93744
A002040,C001623,Mailing,8011 Thompson Union Suite 020,Naples,FL,33015
A002041,C001624,Home,349 Sandra Lakes Suite 638,Coral Springs,FL,18463
A002042,C001625,Home,79739 Benitez Ridge Apt. 889,Tallahassee,FL,52213
A002043,C001626,Home,45799 Barr Points,Tampa,FL,80510
A002044,C001626,Mailing,714 Brown Causeway Apt. 124,Tampa,FL,55756
A002045,C001627,Home,1927 Pennington Summit Suite 887,Sarasota,FL,44665
A002046,C001627,Mailing,202 Hernandez Views,Jacksonville,FL,33671
A002047,C001628,Home,87411 Chan Mews Suite 125,Pembroke Pines,FL,97798
A002048,C001628,Mailing,1056 Thomas Avenue Apt. 863,Tallahassee,FL,94756
A002049,C001629,Home,74694 Shawn Square Suite 296,Pembroke Pines,FL,37310
A002050,C001629,Mailing,19260 Rachel Pike Suite 431,West Palm Beach,FL,37252
A002051,C001630,Home,2041 Contreras Cliff,Orlando,FL,68058
A002052,C001630,Mailing,6702 Christopher Mission Suite 648,Orlando,FL,29507
A002053,C001631,Home,90185 Tracy Points,Sarasota,FL,44516
A002054,C001631,Mailing,391 Baker Underpass Suite 790,Hollywood,FL,79230
A002055,C001632,Home,80528 Galloway River,Naples,FL,29590
A002056,C001633,Home,0468 Prince Crescent,Tampa,FL,06119
A002057,C001634,Home,6110 Brennan Well Apt. 486,Davie,FL,94336
A002058,C001635,Home,7092 Brian Springs Apt. 830,Boca Raton,FL,86499
A002059,C001636,Home,91216 Jacob Port,Pembroke Pines,FL,67647
A002060,C001637,Home,89513 Matthew Meadows Suite 994,Tampa,FL,42721
A002061,C001638,Home,103 Willis Plaza,Davie,FL,48393
A002062,C001639,Home,682 Cruz Village,Coral Springs,FL,77485
A002063,C001639,Mailing,0328 Emily Brooks Suite 753,Miami,FL,75026
A002064,C001640,Home,039 Lee Corner Apt. 438,West Palm Beach,FL,08308
A002065,C001641,Home,0710 Jeffrey Spring Apt. 833,Pembroke Pines,FL,33432
A002066,C001642,Home,359 Cordova Green Suite 036,Orlando,FL,70309
A002067,C001643,Home,7339 Williams Fort,Davie,FL,25456
A002068,C001644,Home,9764 Reed Court,Gainesville,FL,09446
A002069,C001644,Mailing,8545 Angel Center,Tallahassee,FL,36100
A002070,C001645,Home,329 Sanchez Viaduct,Gainesville,FL,35278
A002071,C001645,Mailing,94999 Ferguson Mountains,Miami,FL,62446
A002072,C001646,Home,3350 Miller Crescent,Pembroke Pines,FL,88326
A002073,C001647,Home,7934 Wallace Streets Apt. 680,Miami,FL,05205
A002074,C001648,Home,13573 Pamela Manors,Gainesville,FL,52342
A002075,C001649,Home,502 Jamie Field,Miami,FL,82364
A002076,C001650,Home,8346 Mccormick Orchard,Davie,FL,56797
A002077,C001650,Mailing,113 Davis Roads,Boca Raton,FL,60387
A002078,C001651,Home,78552 Sandra Inlet Suite 063,Gainesville,FL,59809
A002079,C001651,Mailing,2314 Pope Wall Apt. 947,Sarasota,FL,59792
A002080,C001652,Home,04931 Gonzalez Corners Suite 001,Pembroke Pines,FL,63562
A002081,C001653,Home,067 Williams Walk Apt. 373,Davie,FL,97070
A002082,C001654,Home,2929 Cory Hollow Suite 522,Davie,FL,77105
A002083,C001655,Home,792 Montgomery Walk,Naples,FL,83155
A002084,C001656,Home,4206 Angela Road Suite 355,Tallahassee,FL,03305
A002085,C001657,Home,27241 Lopez Parks,Davie,FL,36948
A002086,C001658,Home,503 Kimberly Haven Apt. 827,Jacksonville,FL,86673
A002087,C001659,Home,7894 Ellis Path Suite 671,Miami,FL,32545
A002088,C001660,Home,46837 Amanda Camp,Tallahassee,FL,26223
A002089,C001661,Home,07835 Brad Trafficway Suite 431,Miami,FL,31826
A002090,C001662,Home,290 Michael Pine,Davie,FL,20055
A002091,C001663,Home,19092 Tyler Points,Boca Raton,FL,58505
A002092,C001663,Mailing,52948 Jessica Shoal Suite 131,Pembroke Pines,FL,45138
A002093,C001664,Home,858 Jason Mill Apt. 078,Hollywood,FL,87151
A002094,C001665,Home,5644 Travis Harbor Apt. 865,West Palm Beach,FL,66316
A002095,C001665,Mailing,01487 Maddox Point Apt. 397,Orlando,FL,73081
A002096,C001666,Home,4775 Ashley Knoll Suite 407,Fort Lauderdale,FL,99485
A002097,C001667,Home,406 Zachary Ranch Apt. 858,West Palm Beach,FL,42577
A002098,C001668,Home,517 Miller Heights Suite 744,Tallahassee,FL,48848
A002099,C001669,Home,17885 Marsh Hollow,Naples,FL,77324
A002100,C001670,Home,162 Johnson Keys,Sarasota,FL,08497
A002101,C001671,Home,826 Robert Spring Apt. 058,Pembroke Pines,FL,81194
A002102,C001672,Home,7123 Martinez Road,Tallahassee,FL,09234
A002103,C001673,Home,985 Brian Crossing,Hollywood,FL,94149
A002104,C001674,Home,78437 Amber Points,Naples,FL,50572
A002105,C001674,Mailing,043 Kristine Point,Tallahassee,FL,79206
A002106,C001675,Home,6962 Lee Brook Apt. 643,Tampa,FL,89146
A002107,C001676,Home,24095 Bowman Spur Apt. 838,Tampa,FL,58409
A002108,C001676,Mailing,245 Lyons Mountains Apt. 127,Naples,FL,14186
A002109,C001677,Home,338 Rita Fords Apt. 130,Gainesville,FL,40181
A002110,C001678,Home,9224 Rachel Key,Davie,FL,90885
A002111,C001679,Home,6582 Ryan Common Apt. 944,Hollywood,FL,70770
A002112,C001680,Home,02707 Barry Heights,Naples,FL,51822
A002113,C001681,Home,41694 Kenneth Shores Suite 458,Boca Raton,FL,87957
A002114,C001682,Home,2222 Eric Alley,Fort Lauderdale,FL,23845
A002115,C001683,Home,2812 Jacob Turnpike,Tampa,FL,49182
A002116,C001684,Home,307 Ellis Point Suite 141,Boca Raton,FL,90132
A002117,C001685,Home,2470 Christina Path Apt. 662,Hollywood,FL,19082
A002118,C001686,Home,282 Jane Trail Suite 736,Tallahassee,FL,73269
A002119,C001686,Mailing,1125 Lisa Heights,Fort Lauderdale,FL,70618
A002120,C001687,Home,8648 Brown Ranch,Davie,FL,87189
A002121,C001687,Mailing,10971 Rebecca Squares Suite 080,Coral Springs,FL,37120
A002122,C001688,Home,0622 Johnson Mountains,Davie,FL,39207
A002123,C001688,Mailing,57954 Mendoza Valleys,West Palm Beach,FL,20282
A002124,C001689,Home,489 Villegas Crest Suite 008,Orlando,FL,80883
A002125,C001690,Home,05878 Holder Summit,Orlando,FL,72365
A002126,C001691,Home,282 Benjamin Ford Suite 209,Jacksonville,FL,74625
A002127,C001692,Home,120 David Mews Apt. 639,West Palm Beach,FL,42292
A002128,C001693,Home,99795 Davenport Plains,Davie,FL,69427
A002129,C001694,Home,2399 Morris Underpass,Miami,FL,75087
A002130,C001695,Home,6043 Moore Knoll Suite 313,Coral Springs,FL,30403
A002131,C001696,Home,1644 Delgado Terrace Apt. 964,Orlando,FL,86905
A002132,C001696,Mailing,610 Adams Brooks,Sarasota,FL,91902
A002133,C001697,Home,836 Perry Heights,Boca Raton,FL,76269
A002134,C001698,Home,760 Robertson Crescent Suite 042,Tampa,FL,42561
A002135,C001699,Home,428 Garrison Knoll,Miami,FL,47133
A002136,C001700,Home,89123 Erika Wall,Orlando,FL,20799
A002137,C001700,Mailing,016 Laura Shore,Naples,FL,01056
A002138,C001701,Home,547 Jennifer Ways Apt. 893,Coral Springs,FL,26224
A002139,C001702,Home,326 Jones Pass Apt. 000,Fort Lauderdale,FL,49174
A002140,C001703,Home,09605 William View,Jacksonville,FL,66147
A002141,C001704,Home,533 Anderson Meadows Apt. 485,Tampa,FL,11589
A002142,C001705,Home,092 Brown Burgs,Davie,FL,54371
A002143,C001706,Home,8461 Dustin Parks,Tallahassee,FL,14971
A002144,C001707,Home,9182 Rowland Pines,Hollywood,FL,66467
A002145,C001708,Home,481 Baldwin Wall Apt. 439,Tampa,FL,94363
A002146,C001708,Mailing,8822 Michelle Tunnel Apt. 499,Hollywood,FL,95278
A002147,C001709,Home,13600 David Brook Apt. 572,Orlando,FL,37777
A002148,C001710,Home,6666 Nancy Keys Suite 204,Coral Springs,FL,45082
A002149,C001710,Mailing,68704 Young Forest Suite 259,Fort Lauderdale,FL,50017
A002150,C001711,Home,76201 Monica Vista,Davie,FL,94275
A002151,C001712,Home,5854 Carter Union Suite 385,Davie,FL,71956
A002152,C001713,Home,39203 Booker Hollow Suite 377,Tallahassee,FL,34612
A002153,C001714,Home,98310 Morales Harbors,Coral Springs,FL,16478
A002154,C001715,Home,181 Patricia Port Suite 432,Naples,FL,76713
A002155,C001715,Mailing,4992 Wilson Row,Sarasota,FL,07445
A002156,C001716,Home,300 Christopher Park,Hollywood,FL,86519
A002157,C001716,Mailing,5984 Rodriguez Ways,Fort Lauderdale,FL,65963
A002158,C001717,Home,14271 Arnold Bypass Apt. 374,Tallahassee,FL,52464
A002159,C001717,Mailing,372 Wood Green Apt. 952,Orlando,FL,67688
A002160,C001718,Home,6961 Cooper Walk,Davie,FL,81969
A002161,C001719,Home,433 Paul Heights Suite 414,Davie,FL,97443
A002162,C001719,Mailing,474 Kevin Mountains,Gainesville,FL,88204
A002163,C001720,Home,3796 Edward Skyway Suite 807,Coral Springs,FL,66476
A002164,C001721,Home,8616 Richard Fields Apt. 181,Hollywood,FL,23936
A002165,C001722,Home,9478 Wilson Plaza,Boca Raton,FL,72649
A002166,C001723,Home,501 Anna Summit,Hollywood,FL,38388
A002167,C001724,Home,774 Brittany Shores,Jacksonville,FL,80393
A002168,C001724,Mailing,58672 Collins Hollow Apt. 177,Gainesville,FL,84880
A002169,C001725,Home,72358 Jamie Squares Apt. 955,Tallahassee,FL,13357
A002170,C001726,Home,7138 Raymond Drives Apt. 897,Coral Springs,FL,03600
A002171,C001726,Mailing,1248 Hawkins Plains,Jacksonville,FL,18380
A002172,C001727,Home,5875 Ball Key Apt. 856,Naples,FL,77103
A002173,C001728,Home,1318 Wilcox Villages,Boca Raton,FL,26075
A002174,C001729,Home,86397 Todd Street,Tampa,FL,35706
A002175,C001730,Home,6887 Erickson Grove,Tallahassee,FL,54769
A002176,C001731,Home,263 Long Fields Apt. 129,Miami,FL,44870
A002177,C001731,Mailing,370 Williams Ford Suite 115,Gainesville,FL,64804
A002178,C001732,Home,86061 Pitts Burgs Suite 102,West Palm Beach,FL,03047
A002179,C001733,Home,8822 Wright Rapid,Coral Springs,FL,17915
A002180,C001734,Home,33579 Lisa View Apt. 094,Orlando,FL,39231
A002181,C001735,Home,1324 Melissa Shoal Apt. 967,Miami,FL,14600
A002182,C001736,Home,186 Toni Spur Apt. 572,Fort Lauderdale,FL,88994
A002183,C001737,Home,126 Carlos Forges Suite 357,Sarasota,FL,35676
A002184,C001738,Home,414 Rivera Trail Suite 290,Jacksonville,FL,39971
A002185,C001738,Mailing,09164 Julie Avenue,Pembroke Pines,FL,77689
A002186,C001739,Home,75126 Timothy Meadow Apt. 582,Naples,FL,34882
A002187,C001740,Home,18234 Macias Mills Apt. 096,Hollywood,FL,21018
A002188,C001741,Home,84099 Aaron Fords Suite 339,Miami,FL,91680
A002189,C001741,Mailing,47983 Nunez Motorway Apt. 213,Miami,FL,49958
A002190,C001742,Home,81082 Lewis Isle Apt. 180,Fort Lauderdale,FL,52014
A002191,C001743,Home,244 Martin Shore,Miami,FL,20579
A002192,C001744,Home,045 Hood Roads Apt. 792,Davie,FL,27408
A002193,C001744,Mailing,36257 Alvarado Well,Jacksonville,FL,14589
A002194,C001745,Home,643 Marcus Tunnel Suite 335,Coral Springs,FL,02291
A002195,C001746,Home,985 Melinda Pines Suite 569,Hollywood,FL,69756
A002196,C001747,Home,4047 Walsh Cape,Miami,FL,30590
A002197,C001748,Home,649 Jensen Junctions,Coral Springs,FL,86638
A002198,C001749,Home,7693 Butler Shoal,Tampa,FL,92889
A002199,C001749,Mailing,395 Moore Forks Apt. 813,Fort Lauderdale,FL,22937
A002200,C001750,Home,54516 Tom Junctions,Tampa,FL,46230
A002201,C001751,Home,9146 Diaz Meadows Apt. 217,Naples,FL,78174
A002202,C001752,Home,47053 Amanda Springs,West Palm Beach,FL,05454
A002203,C001753,Home,4432 Miranda Groves Apt. 243,Boca Raton,FL,80204
A002204,C001754,Home,381 Phillips Stream Suite 034,Boca Raton,FL,90602
A002205,C001755,Home,48067 Mooney Stravenue,Pembroke Pines,FL,09884
A002206,C001756,Home,047 Peck Canyon Suite 742,Tampa,FL,89906
A002207,C001757,Home,9745 Lang Coves Apt. 456,Pembroke Pines,FL,45664
A002208,C001758,Home,4867 Martha Mill Suite 326,Boca Raton,FL,68924
A002209,C001758,Mailing,959 Ricky Route Suite 094,Tallahassee,FL,47344
A002210,C001759,Home,27802 Arnold Ridge,Tampa,FL,78327
A002211,C001760,Home,22029 Huynh Fall Suite 357,Boca Raton,FL,76779
A002212,C001761,Home,922 Anthony Dale,Boca Raton,FL,63792
A002213,C001762,Home,81200 Jesse Mount,Boca Raton,FL,28124
A002214,C001763,Home,8728 Timothy Village,Jacksonville,FL,99421
A002215,C001764,Home,72902 Gomez Dam Suite 717,Gainesville,FL,66399
A002216,C001764,Mailing,252 Daniel River Suite 434,Davie,FL,30925
A002217,C001765,Home,436 Meyer Inlet Apt. 052,Jacksonville,FL,48682
A002218,C001766,Home,209 Steven Squares Apt. 187,Pembroke Pines,FL,02362
A002219,C001766,Mailing,4969 Benitez Corner Apt. 762,Tampa,FL,42770
A002220,C001767,Home,0156 Jessica Stravenue Apt. 706,Sarasota,FL,36569
A002221,C001768,Home,7636 Jenkins Forest Suite 694,West Palm Beach,FL,82909
A002222,C001769,Home,3872 Laura Island Suite 414,Tampa,FL,52108
A002223,C001770,Home,78502 Don Loaf,Davie,FL,30332
A002224,C001771,Home,76647 Wu Unions Apt. 142,Fort Lauderdale,FL,93153
A002225,C001772,Home,816 Nelson Corner Apt. 274,Jacksonville,FL,35123
A002226,C001773,Home,96146 Joshua Isle Apt. 890,Davie,FL,42217
A002227,C001774,Home,9427 Moss Cove,Boca Raton,FL,15733
A002228,C001775,Home,009 Brandi Mount Apt. 680,Sarasota,FL,78540
A002229,C001776,Home,504 Johnson Landing Apt. 772,Sarasota,FL,84508
A002230,C001777,Home,7828 James Locks Suite 738,Boca Raton,FL,60441
A002231,C001778,Home,806 Cameron Drive Suite 717,Naples,FL,39993
A002232,C001779,Home,02285 Walters Oval Suite 581,Fort Lauderdale,FL,71424
A002233,C001780,Home,64660 Deborah Vista Suite 018,Fort Lauderdale,FL,57675
A002234,C001781,Home,35208 Melissa Square,Tampa,FL,37706
A002235,C001781,Mailing,3591 Mcmillan Mountains,Coral Springs,FL,87043
A002236,C001782,Home,782 Berry Mountain,Orlando,FL,50082
A002237,C001783,Home,547 Martinez Isle,Fort Lauderdale,FL,21538
A002238,C001784,Home,7842 Mcdowell Meadows,Gainesville,FL,12217
A002239,C001784,Mailing,636 Jones Shore Suite 286,Jacksonville,FL,12940
A002240,C001785,Home,64260 Sanders Dale,Davie,FL,77830
A002241,C001786,Home,2599 Mary Expressway,Davie,FL,26574
A002242,C001787,Home,295 Ortiz Courts Suite 957,Sarasota,FL,24900
A002243,C001788,Home,411 Parker Keys,Hollywood,FL,66589
A002244,C001788,Mailing,4586 Emily Mission,Coral Springs,FL,40638
A002245,C001789,Home,443 Thomas Ramp,Orlando,FL,34930
A002246,C001790,Home,0177 Kim Run,Hollywood,FL,87791
A002247,C001791,Home,5608 Charles Neck Apt. 801,Sarasota,FL,85732
A002248,C001792,Home,867 Heather Overpass Suite 598,Boca Raton,FL,05966
A002249,C001793,Home,39690 Elizabeth Springs,Coral Springs,FL,42190
A002250,C001793,Mailing,58221 Edward Path,Miami,FL,47298
A002251,C001794,Home,611 Abigail Dam,Hollywood,FL,71700
A002252,C001794,Mailing,798 Peter Meadows Apt. 811,West Palm Beach,FL,94576
A002253,C001795,Home,691 Matthew Branch,Tallahassee,FL,53673
A002254,C001795,Mailing,6942 Duane Island,Tampa,FL,20925
A002255,C001796,Home,7118 Chan Meadow Apt. 991,Pembroke Pines,FL,59709
A002256,C001797,Home,07684 James Fords,Gainesville,FL,84691
A002257,C001797,Mailing,1774 Abigail Field,Jacksonville,FL,49127
A002258,C001798,Home,05423 David Corner Suite 150,Tallahassee,FL,52900
A002259,C001798,Mailing,116 Linda Road,Miami,FL,85688
A002260,C001799,Home,82784 Horton Flat,Miami,FL,89440
A002261,C001800,Home,50089 Pam Rapid,Sarasota,FL,06727
A002262,C001801,Home,109 Justin Spurs Apt. 294,Sarasota,FL,38064
A002263,C001802,Home,016 Oneal Lane Suite 914,Jacksonville,FL,86466
A002264,C001803,Home,4001 Christopher Rapid Apt. 178,Davie,FL,39290
A002265,C001804,Home,5663 Rodney Expressway,Gainesville,FL,55070
A002266,C001805,Home,155 Molina Knoll Apt. 841,Davie,FL,07802
A002267,C001805,Mailing,7056 Ann Route,Miami,FL,67615
A002268,C001806,Home,239 Gregory Locks,Jacksonville,FL,49286
A002269,C001807,Home,320 Breanna Walks Apt. 379,Hollywood,FL,82018
A002270,C001808,Home,302 David Vista Apt. 791,Davie,FL,03909
A002271,C001808,Mailing,687 Ortiz Row,Hollywood,FL,33580
A002272,C001809,Home,926 Price Vista,Coral Springs,FL,53923
A002273,C001810,Home,479 Emma Flats Apt. 775,Boca Raton,FL,50658
A002274,C001811,Home,4093 Morton Hills Suite 203,West Palm Beach,FL,07258
A002275,C001812,Home,573 Stephanie Groves Suite 880,Hollywood,FL,68357
A002276,C001813,Home,635 Marcia Locks,Miami,FL,49191
A002277,C001814,Home,0831 Andrade Roads,Gainesville,FL,39152
A002278,C001815,Home,2052 Steven Estate Apt. 910,Coral Springs,FL,95670
A002279,C001816,Home,02293 Thomas Harbors Suite 983,Jacksonville,FL,46425
A002280,C001817,Home,477 Karen Mountains Apt. 191,Orlando,FL,67183
A002281,C001817,Mailing,35142 Katherine Cape,Jacksonville,FL,21761
A002282,C001818,Home,402 Moody Coves Suite 589,Naples,FL,25589
A002283,C001819,Home,782 Silva Points,Pembroke Pines,FL,88705
A002284,C001820,Home,594 Holly Island Apt. 847,Sarasota,FL,68105
A002285,C001821,Home,44560 Brian Light,Naples,FL,40692
A002286,C001822,Home,0770 Wilson Crossroad,Fort Lauderdale,FL,77270
A002287,C001823,Home,9718 Lambert Pines,Miami,FL,98337
A002288,C001823,Mailing,12423 Paul Villages Apt. 186,Naples,FL,45805
A002289,C001824,Home,920 Duncan Pike,Davie,FL,98479
A002290,C001825,Home,669 Nicole Wells Suite 580,Naples,FL,83772
A002291,C001826,Home,4904 Darlene Trace,Pembroke Pines,FL,43665
A002292,C001827,Home,7884 Williams Flats,West Palm Beach,FL,05207
A002293,C001828,Home,766 Olivia Rapids Suite 342,Gainesville,FL,84280
A002294,C001829,Home,30778 Monique Key Suite 697,Pembroke Pines,FL,80586
A002295,C001830,Home,525 Tiffany Fork,Davie,FL,65877
A002296,C001831,Home,2318 Troy Trail Suite 023,Gainesville,FL,96602
A002297,C001832,Home,37976 Burns Vista,Sarasota,FL,50552
A002298,C001833,Home,2139 Michael Island Apt. 348,Tampa,FL,10471
A002299,C001834,Home,010 Patricia Ways,Naples,FL,68124
A002300,C001835,Home,996 Barbara Wells Apt. 272,Tampa,FL,31207
A002301,C001836,Home,02229 Richard Flats Apt. 554,Pembroke Pines,FL,36146
A002302,C001837,Home,64042 Ellison Fall,West Palm Beach,FL,10017
A002303,C001838,Home,63257 John Mills,Boca Raton,FL,65304
A002304,C001839,Home,67665 Anderson Harbors Suite 683,Hollywood,FL,78758
A002305,C001840,Home,23329 Stewart Turnpike Apt. 127,Hollywood,FL,36874
A002306,C001840,Mailing,81605 Fitzgerald Brook,Fort Lauderdale,FL,99399
A002307,C001841,Home,45812 Medina Forge Suite 481,Fort Lauderdale,FL,27068
A002308,C001842,Home,24800 Rose Club,Hollywood,FL,41753
A002309,C001842,Mailing,1443 Gail Drives,Coral Springs,FL,50888
A002310,C001843,Home,95268 Benjamin Radial Suite 028,Miami,FL,17396
A002311,C001844,Home,548 Jennings Mission Suite 428,Fort Lauderdale,FL,61390
A002312,C001845,Home,482 Smith Expressway,Naples,FL,71018
A002313,C001845,Mailing,7844 Mark Lake Suite 324,Naples,FL,58414
A002314,C001846,Home,153 Jennifer Cliff,Hollywood,FL,07441
A002315,C001847,Home,866 Mcdowell Crescent,Jacksonville,FL,85274
A002316,C001847,Mailing,81343 Washington Locks Suite 535,Naples,FL,19190
A002317,C001848,Home,503 Lisa Cliff Apt. 439,Sarasota,FL,43791
A002318,C001849,Home,527 Theresa Island,Pembroke Pines,FL,82085
A002319,C001850,Home,565 Miller Fields,Tallahassee,FL,34446
A002320,C001851,Home,35599 Harper Road,Orlando,FL,45956
A002321,C001852,Home,231 Gonzalez Hollow Suite 627,Hollywood,FL,85507
A002322,C001853,Home,29920 Patrick Expressway Suite 446,Gainesville,FL,86741
A002323,C001854,Home,2038 John Square Apt. 383,Hollywood,FL,45673
A002324,C001855,Home,1006 Laura Turnpike,Hollywood,FL,30301
A002325,C001856,Home,09062 Ashley Island,Miami,FL,22319
A002326,C001857,Home,32956 Cindy Path,Orlando,FL,92549
A002327,C001858,Home,64229 Carter Extension,Naples,FL,30932
A002328,C001859,Home,68762 Vasquez Knoll,Coral Springs,FL,15779
A002329,C001860,Home,58351 Pamela Village Suite 781,West Palm Beach,FL,45475
A002330,C001861,Home,35173 Pearson Green,Miami,FL,30792
A002331,C001861,Mailing,07006 Jessica Ranch,Tallahassee,FL,06019
A002332,C001862,Home,9030 Michael Lakes,Gainesville,FL,97906
A002333,C001862,Mailing,551 Mullen Curve Apt. 808,Boca Raton,FL,43986
A002334,C001863,Home,1029 Foster Flats,Tampa,FL,54288
A002335,C001864,Home,50032 Troy Road Apt. 716,Tampa,FL,63194
A002336,C001865,Home,151 Darren Ramp,Boca Raton,FL,80640
A002337,C001865,Mailing,4458 Jessica Vista,Sarasota,FL,80873
A002338,C001866,Home,03045 Alyssa Plains Apt. 801,Fort Lauderdale,FL,09236
A002339,C001867,Home,650 Smith Landing Suite 167,Pembroke Pines,FL,23598
A002340,C001868,Home,1990 John Ranch Apt. 418,Davie,FL,06158
A002341,C001868,Mailing,6472 Davis Mountains Apt. 975,Coral Springs,FL,65047
A002342,C001869,Home,908 Kathryn Crest Suite 876,Fort Lauderdale,FL,58914
A002343,C001870,Home,03852 Kevin Forks,Coral Springs,FL,57183
A002344,C001871,Home,4742 Hayes Extension,Coral Springs,FL,03236
A002345,C001872,Home,9214 Hammond Square,Orlando,FL,34850
A002346,C001873,Home,9618 Raymond Crescent Apt. 948,Orlando,FL,32443
A002347,C001873,Mailing,5119 Rodriguez Summit Apt. 214,Tallahassee,FL,44216
A002348,C001874,Home,30848 Orr Brooks Suite 740,Sarasota,FL,65735
A002349,C001875,Home,854 Julia Tunnel Suite 115,Sarasota,FL,29285
A002350,C001875,Mailing,4044 Christopher Garden,Miami,FL,61242
A002351,C001876,Home,85126 Compton Points,Boca Raton,FL,84150
A002352,C001877,Home,86269 Jose Manors Apt. 363,Hollywood,FL,84214
A002353,C001877,Mailing,5566 Walker Shoals Suite 056,Gainesville,FL,40491
A002354,C001878,Home,78176 Wilson Underpass,Orlando,FL,09992
A002355,C001879,Home,824 Newton Squares Apt. 864,West Palm Beach,FL,76250
A002356,C001879,Mailing,52205 Howard Trail,Davie,FL,99673
A002357,C001880,Home,3791 David Place Suite 926,Jacksonville,FL,14872
A002358,C001881,Home,5968 Scott Burg Apt. 875,Tampa,FL,15340
A002359,C001882,Home,523 Justin Points,Tampa,FL,09142
A002360,C001882,Mailing,982 Carroll Green,Miami,FL,84105
A002361,C001883,Home,17767 Nichols Isle,Pembroke Pines,FL,09289
A002362,C001884,Home,79471 Pedro Via Apt. 062,Tampa,FL,89468
A002363,C001884,Mailing,33623 Murphy Park,Coral Springs,FL,75313
A002364,C001885,Home,05616 Potts Terrace Suite 045,Naples,FL,49274
A002365,C001886,Home,036 Jamie Expressway Suite 325,Tallahassee,FL,78247
A002366,C001887,Home,2016 Sarah Overpass Suite 305,Hollywood,FL,22293
A002367,C001888,Home,3671 Hess Harbors,Tampa,FL,88360
A002368,C001889,Home,925 Christensen Run,Boca Raton,FL,59526
A002369,C001889,Mailing,897 Melendez Mission Apt. 221,Fort Lauderdale,FL,96550
A002370,C001890,Home,44345 Robinson Square,Gainesville,FL,13468
A002371,C001891,Home,2973 Lyons Mountains Apt. 793,Naples,FL,86982
A002372,C001891,Mailing,4551 Christopher Drive,Coral Springs,FL,64440
A002373,C001892,Home,409 Roman Village Apt. 013,Hollywood,FL,48581
A002374,C001893,Home,265 Carl Lane,Naples,FL,72181
A002375,C001893,Mailing,32983 Amy Loop Suite 578,West Palm Beach,FL,51969
A002376,C001894,Home,972 Lopez Radial,Tampa,FL,94445
A002377,C001895,Home,9262 Hudson Pine,Pembroke Pines,FL,29930
A002378,C001896,Home,0623 Denise Causeway,Orlando,FL,34993
A002379,C001897,Home,9543 Jacqueline Gardens Apt. 841,Orlando,FL,46012
A002380,C001897,Mailing,32328 Navarro Union,Fort Lauderdale,FL,04030
A002381,C001898,Home,026 Joshua Well Suite 767,Tallahassee,FL,18615
A002382,C001899,Home,987 Jimmy Fords,Gainesville,FL,92429
A002383,C001900,Home,51705 Vasquez Estates,Miami,FL,39105
A002384,C001901,Home,612 Timothy Plain,Naples,FL,80452
A002385,C001902,Home,64743 Lisa View,West Palm Beach,FL,99263
A002386,C001903,Home,8448 Foster Junctions Suite 541,Gainesville,FL,48903
A002387,C001904,Home,29459 Julia Inlet,West Palm Beach,FL,89578
A002388,C001905,Home,116 Shelton Village,West Palm Beach,FL,86938
A002389,C001905,Mailing,92253 Kevin Alley,Tallahassee,FL,37660
A002390,C001906,Home,518 Smith Green Apt. 254,West Palm Beach,FL,73885
A002391,C001907,Home,43372 John Garden Apt. 663,Davie,FL,63724
A002392,C001908,Home,3265 Richardson Garden Apt. 111,Boca Raton,FL,62336
A002393,C001909,Home,22984 Lee Mission,Naples,FL,39553
A002394,C001910,Home,0933 Jeffrey Stravenue Suite 022,Boca Raton,FL,18397
A002395,C001911,Home,734 Farmer Park Apt. 370,Tampa,FL,82952
A002396,C001912,Home,21451 Brooks Summit,Miami,FL,36840
A002397,C001913,Home,55878 Amy Ferry Suite 399,Pembroke Pines,FL,79976
A002398,C001913,Mailing,3987 Kathy Points Suite 120,Pembroke Pines,FL,67068
A002399,C001914,Home,475 James Oval,Orlando,FL,98798
A002400,C001915,Home,734 Richardson Terrace Suite 802,Davie,FL,30452
A002401,C001916,Home,0713 Foley Trail,Jacksonville,FL,88807
A002402,C001917,Home,854 Ramirez Forks,Tampa,FL,15034
A002403,C001918,Home,55774 Samuel Mount,Naples,FL,07364
A002404,C001919,Home,9335 Reginald Trail Suite 824,Naples,FL,21414
A002405,C001920,Home,304 Joseph Falls,Sarasota,FL,81796
A002406,C001921,Home,668 Brian Pines Apt. 595,West Palm Beach,FL,31547
A002407,C001921,Mailing,28162 Garcia Shoal Apt. 778,Jacksonville,FL,06910
A002408,C001922,Home,241 White Road Suite 625,Fort Lauderdale,FL,67473
A002409,C001922,Mailing,4785 Alicia Skyway,Gainesville,FL,26335
A002410,C001923,Home,8338 Joshua Fields Apt. 398,West Palm Beach,FL,23119
A002411,C001923,Mailing,687 Kidd Shoals,Jacksonville,FL,30773
A002412,C001924,Home,810 Susan Canyon Suite 604,Gainesville,FL,16273
A002413,C001925,Home,3927 Brown Turnpike,Hollywood,FL,33496
A002414,C001926,Home,7653 William Run,Jacksonville,FL,38582
A002415,C001927,Home,2215 Dean Summit Suite 808,Naples,FL,91060
A002416,C001928,Home,49152 Frost Dam,Sarasota,FL,65676
A002417,C001929,Home,06179 White Ford,Miami,FL,92212
A002418,C001929,Mailing,28533 Morse Harbors Apt. 570,Jacksonville,FL,10156
A002419,C001930,Home,5054 Melissa Center,Boca Raton,FL,29002
A002420,C001930,Mailing,424 Lindsey Summit Apt. 954,Orlando,FL,20415
A002421,C001931,Home,68619 Phillips Coves,Tampa,FL,64533
A002422,C001931,Mailing,0158 Arnold Shore Suite 774,Pembroke Pines,FL,98356
A002423,C001932,Home,5123 Smith Shores,Orlando,FL,07601
A002424,C001933,Home,547 Bryan Island,Boca Raton,FL,95659
A002425,C001934,Home,26913 Barnes Branch Apt. 838,Tallahassee,FL,77852
A002426,C001935,Home,58580 Darrell Lodge,West Palm Beach,FL,89121
A002427,C001935,Mailing,9472 Tanya Unions Apt. 854,Boca Raton,FL,18504
A002428,C001936,Home,136 Cole Crossing,Coral Springs,FL,12005
A002429,C001937,Home,53293 Christopher Brooks Suite 000,Miami,FL,52949
A002430,C001938,Home,379 Nancy Viaduct Apt. 064,Jacksonville,FL,32797
A002431,C001939,Home,7116 Collins Points Apt. 266,Coral Springs,FL,65888
A002432,C001940,Home,7806 Herring Lodge Apt. 501,Orlando,FL,20186
A002433,C001941,Home,3784 Baker Extension,Orlando,FL,91581
A002434,C001942,Home,146 Jennifer Trafficway Apt. 087,Boca Raton,FL,45510
A002435,C001943,Home,84304 Green Pines Apt. 655,Tampa,FL,30096
A002436,C001943,Mailing,216 Mary Crest,Tampa,FL,30739
A002437,C001944,Home,1980 Brian Wells Suite 301,Jacksonville,FL,43304
A002438,C001944,Mailing,2412 Emma Terrace Suite 290,Orlando,FL,38130
A002439,C001945,Home,15963 Holloway Crossroad,Miami,FL,92905
A002440,C001946,Home,77371 Myers Mall Apt. 196,Jacksonville,FL,91239
A002441,C001947,Home,850 Amy Hill Apt. 364,West Palm Beach,FL,87037
A002442,C001948,Home,698 Gray Island,Sarasota,FL,53280
A002443,C001949,Home,26362 Martin Green,Orlando,FL,25548
A002444,C001950,Home,19693 Barrera Branch Apt. 118,Tallahassee,FL,02718
A002445,C001950,Mailing,459 Rose Court,Orlando,FL,41270
A002446,C001951,Home,636 Goodwin Falls,Tampa,FL,21357
A002447,C001952,Home,1084 Zachary Station,Orlando,FL,76480
A002448,C001953,Home,1523 Melissa Throughway Suite 167,Miami,FL,53242
A002449,C001954,Home,897 Diana Courts,Tampa,FL,16759
A002450,C001955,Home,8054 Poole Overpass Suite 366,Orlando,FL,95624
A002451,C001956,Home,3910 Harris Roads Suite 191,Naples,FL,24473
A002452,C001957,Home,484 Carlos Ranch Suite 063,Boca Raton,FL,67436
A002453,C001958,Home,656 Natasha Bridge Apt. 857,Fort Lauderdale,FL,83676
A002454,C001958,Mailing,306 Lucas Union Suite 190,Sarasota,FL,74893
A002455,C001959,Home,2005 Gray Walk Suite 394,Davie,FL,32819
A002456,C001960,Home,2027 Judith Vista Apt. 552,Miami,FL,89249
A002457,C001961,Home,2422 Howard Lodge Suite 705,Gainesville,FL,55246
A002458,C001962,Home,4212 Andrea Plaza Apt. 763,Gainesville,FL,76561
A002459,C001963,Home,92895 Thomas Spur Suite 389,West Palm Beach,FL,02977
A002460,C001964,Home,33624 Chen Hollow Suite 087,Orlando,FL,86221
A002461,C001964,Mailing,4395 Scott Islands,Jacksonville,FL,82184
A002462,C001965,Home,36093 Samantha Rue Apt. 461,Davie,FL,35915
A002463,C001966,Home,56632 Spencer Rest Suite 891,Sarasota,FL,37323
A002464,C001967,Home,2143 Jonathan Burg Suite 592,Gainesville,FL,41173
A002465,C001968,Home,66958 Johnson Stravenue,Gainesville,FL,64858
A002466,C001968,Mailing,09575 Torres Stream,Sarasota,FL,87323
A002467,C001969,Home,2100 James Place,Coral Springs,FL,56425
A002468,C001970,Home,7631 Buchanan Lock,Coral Springs,FL,73208
A002469,C001971,Home,87043 Davis Circle,Tallahassee,FL,10637
A002470,C001972,Home,34529 Kevin Pass,Gainesville,FL,80632
A002471,C001973,Home,2348 Watkins Skyway Apt. 205,Coral Springs,FL,55387
A002472,C001974,Home,9979 Teresa Rest,Coral Springs,FL,32482
A002473,C001975,Home,590 Anna Rapid,Fort Lauderdale,FL,44531
A002474,C001976,Home,88205 Robert Ports,Tampa,FL,59541
A002475,C001977,Home,30506 Wilson Mill,Coral Springs,FL,99816
A002476,C001978,Home,5663 Michael Gardens Suite 252,Orlando,FL,09021
A002477,C001978,Mailing,8548 Carlson Row Apt. 509,Tampa,FL,72419
A002478,C001979,Home,067 Monica Wells Apt. 026,Tampa,FL,47731
A002479,C001979,Mailing,27925 Donald Drive Suite 253,Hollywood,FL,90796
A002480,C001980,Home,7882 David Lane,Fort Lauderdale,FL,51742
A002481,C001980,Mailing,74917 Rose Route Suite 269,Tallahassee,FL,91121
A002482,C001981,Home,33430 Meghan Center Suite 815,Tampa,FL,22565
A002483,C001982,Home,2733 Anderson Pine Suite 919,West Palm Beach,FL,07005
A002484,C001983,Home,9350 Gross Square Suite 713,Tampa,FL,43340
A002485,C001984,Home,8872 Joshua Junctions Apt. 404,Naples,FL,21227
A002486,C001984,Mailing,287 Amanda Dale Suite 573,Gainesville,FL,99705
A002487,C001985,Home,4955 Mary Flat Suite 715,Sarasota,FL,33681
A002488,C001985,Mailing,81253 Sanders Islands Apt. 156,Orlando,FL,57248
A002489,C001986,Home,8491 Daniel Branch,Tampa,FL,29391
A002490,C001987,Home,709 Kristi Prairie Suite 717,Tallahassee,FL,86101
A002491,C001987,Mailing,342 Adam Rapids,Jacksonville,FL,08006
A002492,C001988,Home,2522 Chavez Unions,Naples,FL,92948
A002493,C001988,Mailing,9322 Sara Flat Apt. 893,Naples,FL,37285
A002494,C001989,Home,67218 Munoz Shoals Apt. 159,Boca Raton,FL,70192
A002495,C001990,Home,967 Cannon Row,Hollywood,FL,88920
A002496,C001991,Home,564 Collins Forges Apt. 981,Jacksonville,FL,76744
A002497,C001992,Home,0407 Wilkinson Falls Suite 023,Jacksonville,FL,97806
A002498,C001993,Home,1985 Tanya Points,Naples,FL,90932
A002499,C001993,Mailing,963 Patricia Tunnel Apt. 409,Naples,FL,65337
A002500,C001994,Home,929 Sanders Harbor Suite 935,Fort Lauderdale,FL,61946
A002501,C001994,Mailing,334 Brennan Isle Apt. 683,Davie,FL,59680
A002502,C001995,Home,268 Myers Forks Suite 444,Davie,FL,15999
A002503,C001996,Home,542 John Station Suite 050,Tampa,FL,81322
A002504,C001997,Home,6147 Gerald Pike Apt. 374,Hollywood,FL,79690
A002505,C001998,Home,757 Pitts Plains Suite 022,Orlando,FL,85285
A002506,C001999,Home,8554 Sullivan Station Apt. 272,Orlando,FL,13204
A002507,C001999,Mailing,94648 Larson Manors Suite 136,Davie,FL,74952
A002508,C002000,Home,04732 Scott Park,Fort Lauderdale,FL,31330
A002509,C002001,Home,8800 Sullivan Avenue Suite 273,West Palm Beach,FL,04280
A002510,C002001,Mailing,42141 Eric Club Suite 385,Orlando,FL,09010
A002511,C002002,Home,24515 Jessica Divide,Boca Raton,FL,84251
A002512,C002003,Home,039 Laura Motorway Suite 633,Coral Springs,FL,19853
A002513,C002004,Home,64889 Sarah Fort,Fort Lauderdale,FL,09858
A002514,C002005,Home,956 Andrew Via Suite 080,Miami,FL,53071
A002515,C002006,Home,9602 Robert Courts,Coral Springs,FL,06587
A002516,C002007,Home,15630 Luis Divide Apt. 407,Naples,FL,74781
A002517,C002007,Mailing,473 Todd Flat,Coral Springs,FL,54378
A002518,C002008,Home,036 Denise Forest,Davie,FL,09995
A002519,C002009,Home,47715 Cody Forges,Miami,FL,94328
A002520,C002010,Home,620 Robert Center,Hollywood,FL,46547
A002521,C002011,Home,6789 Joseph Avenue,Pembroke Pines,FL,86781
A002522,C002011,Mailing,86209 Ernest Plains Apt. 522,West Palm Beach,FL,13008
A002523,C002012,Home,99533 Alexander Terrace,West Palm Beach,FL,53031
A002524,C002013,Home,905 Brewer Streets Apt. 228,Gainesville,FL,86368
A002525,C002014,Home,419 Kimberly Cove,Tampa,FL,50558
A002526,C002015,Home,877 Deanna Walks Suite 533,Orlando,FL,32861
A002527,C002016,Home,38893 Nicole Causeway,Davie,FL,20987
A002528,C002017,Home,320 Theresa Corners Suite 751,West Palm Beach,FL,85324
A002529,C002017,Mailing,8143 Fox Crossing Suite 173,Tampa,FL,55221
A002530,C002018,Home,92340 Melissa Plaza,Pembroke Pines,FL,39121
A002531,C002019,Home,7646 Giles Meadow,Jacksonville,FL,69009
A002532,C002020,Home,58473 Bonnie Light Apt. 990,Tampa,FL,16144
A002533,C002021,Home,5557 Veronica Motorway Suite 190,Gainesville,FL,67119
A002534,C002022,Home,7721 Robinson Lakes,Boca Raton,FL,54647
A002535,C002023,Home,35527 Davis Coves,Boca Raton,FL,42260
A002536,C002024,Home,725 Jill Branch,Sarasota,FL,39296
A002537,C002025,Home,91995 Alexandra Row,Tallahassee,FL,87723
A002538,C002026,Home,005 Rachael Knolls,Davie,FL,99055
A002539,C002026,Mailing,934 Jennifer Inlet,Naples,FL,90120
A002540,C002027,Home,51903 Smith Loop,West Palm Beach,FL,49890
A002541,C002027,Mailing,870 Denise Alley Suite 116,Fort Lauderdale,FL,66162
A002542,C002028,Home,7529 Vickie Island,Gainesville,FL,41614
A002543,C002029,Home,466 Cross Radial,Tallahassee,FL,35583
A002544,C002030,Home,2021 Davis Lock,Sarasota,FL,63505
A002545,C002031,Home,310 Pierce Burgs,Naples,FL,84606
A002546,C002032,Home,507 Michael Place Apt. 005,West Palm Beach,FL,82420
A002547,C002032,Mailing,28447 Joseph Keys Suite 467,Orlando,FL,19315
A002548,C002033,Home,7878 Charles Locks Apt. 613,Davie,FL,24371
A002549,C002034,Home,91278 Boyle Divide Apt. 892,Davie,FL,45149
A002550,C002034,Mailing,7338 Stokes Street Apt. 198,Coral Springs,FL,59371
A002551,C002035,Home,18600 Walters Hollow Apt. 322,Tallahassee,FL,78608
A002552,C002036,Home,922 Thomas View Suite 856,Tallahassee,FL,18660
A002553,C002037,Home,585 Thomas Station,Orlando,FL,88155
A002554,C002038,Home,621 Jason Ranch Apt. 610,Orlando,FL,70790
A002555,C002039,Home,107 Barbara Views,Naples,FL,56869
A002556,C002039,Mailing,657 Smith Common,Gainesville,FL,94703
A002557,C002040,Home,6549 Soto Field Apt. 411,Davie,FL,76786
A002558,C002041,Home,8299 Brown Mission Apt. 740,Naples,FL,97375
A002559,C002042,Home,332 Larsen Extensions Apt. 603,Tampa,FL,10627
A002560,C002042,Mailing,41101 Terrance Extension Apt. 762,Sarasota,FL,37253
A002561,C002043,Home,754 Steven Neck Apt. 777,Davie,FL,84254
A002562,C002044,Home,7578 Johnston Plains Apt. 493,Fort Lauderdale,FL,96402
A002563,C002045,Home,06858 Coleman Parks,Orlando,FL,55666
A002564,C002046,Home,9836 Heather Ville Apt. 171,Coral Springs,FL,21088
A002565,C002047,Home,33984 Henderson Lights,Hollywood,FL,07104
A002566,C002048,Home,0553 Henry Pass Apt. 514,Miami,FL,47288
A002567,C002049,Home,699 Greene Corner Apt. 130,Davie,FL,21361
A002568,C002050,Home,881 Shannon Lights,Orlando,FL,82189
A002569,C002050,Mailing,42576 John Field,Jacksonville,FL,81820
A002570,C002051,Home,27022 Hodges Vista Suite 656,Coral Springs,FL,16268
A002571,C002052,Home,315 Davis Tunnel,Fort Lauderdale,FL,34918
A002572,C002052,Mailing,536 Smith Forest,Tallahassee,FL,84362
A002573,C002053,Home,77714 Julie Streets Suite 024,Fort Lauderdale,FL,21436
A002574,C002054,Home,1837 Hess Hollow,Pembroke Pines,FL,85969
A002575,C002055,Home,5413 King Manor,Davie,FL,03523
A002576,C002056,Home,4396 Michael Overpass,Pembroke Pines,FL,36148
A002577,C002057,Home,18620 John Cliff Apt. 721,Hollywood,FL,30074
A002578,C002058,Home,975 Ayers Estate Suite 666,Hollywood,FL,83102
A002579,C002059,Home,6733 Acosta Lights,Tampa,FL,24954
A002580,C002060,Home,64426 Earl Vista,Hollywood,FL,07666
A002581,C002061,Home,374 Raymond Point,Tallahassee,FL,54352
A002582,C002062,Home,522 Garcia Greens Suite 457,Sarasota,FL,50597
A002583,C002063,Home,959 Kristine Trail,Fort Lauderdale,FL,11864
A002584,C002063,Mailing,5014 Gary Centers,Hollywood,FL,81920
A002585,C002064,Home,18308 James Gateway Suite 958,Tampa,FL,13812
A002586,C002065,Home,63064 Sean Well Apt. 071,Pembroke Pines,FL,01682
A002587,C002066,Home,53338 Jones Fields,Orlando,FL,18652
A002588,C002067,Home,746 Dominique Valley,West Palm Beach,FL,74433
A002589,C002068,Home,428 Russell Mill,Gainesville,FL,96046
A002590,C002068,Mailing,430 Moore Drive,Tallahassee,FL,70241
A002591,C002069,Home,8049 Holmes Valleys,Davie,FL,62487
A002592,C002069,Mailing,06146 Sherry Row,Fort Lauderdale,FL,15392
A002593,C002070,Home,28490 Michelle Squares Suite 434,Miami,FL,74216
A002594,C002071,Home,23476 Simmons Drives Suite 747,Tampa,FL,43526
A002595,C002072,Home,76913 White Groves,Jacksonville,FL,73641
A002596,C002073,Home,5667 Peter Courts Suite 692,Miami,FL,76999
A002597,C002073,Mailing,22297 Horton Fords Suite 675,Pembroke Pines,FL,87910
A002598,C002074,Home,19257 Sandra Plaza Apt. 143,Coral Springs,FL,85306
A002599,C002075,Home,4423 Cole Cape,Jacksonville,FL,01761
A002600,C002076,Home,608 Jamie Orchard Apt. 341,Coral Springs,FL,68334
A002601,C002077,Home,614 Brett Greens,Davie,FL,66679
A002602,C002078,Home,937 Mark Terrace,Tampa,FL,57875
A002603,C002078,Mailing,97429 Maria Forks Apt. 372,Fort Lauderdale,FL,60784
A002604,C002079,Home,47448 Kathleen Groves Apt. 585,Davie,FL,36265
A002605,C002079,Mailing,782 Powers Square Apt. 245,Tallahassee,FL,26572
A002606,C002080,Home,2812 Williams Turnpike Suite 890,Davie,FL,58933
A002607,C002081,Home,3611 Taylor Vista Suite 217,Sarasota,FL,55146
A002608,C002082,Home,13764 Jackson Extensions Suite 419,Coral Springs,FL,48023
A002609,C002082,Mailing,03753 Young River,Gainesville,FL,67841
A002610,C002083,Home,9744 Raymond Spur,West Palm Beach,FL,06097
A002611,C002083,Mailing,7949 Valentine Gateway,Orlando,FL,86626
A002612,C002084,Home,2903 Brooks View,Sarasota,FL,10987
A002613,C002084,Mailing,465 Sarah Grove,Davie,FL,67820
A002614,C002085,Home,7716 Jose Lights,Miami,FL,29615
A002615,C002086,Home,0767 Miller Crossing,Davie,FL,75433
A002616,C002087,Home,287 Diane Hollow Suite 862,Naples,FL,29248
A002617,C002088,Home,19914 Melissa Fords Apt. 263,Sarasota,FL,71667
A002618,C002089,Home,272 Sawyer Inlet,Sarasota,FL,05808
A002619,C002090,Home,18662 Mccall Haven,West Palm Beach,FL,04472
A002620,C002091,Home,384 Michelle Parks Apt. 869,West Palm Beach,FL,29824
A002621,C002092,Home,9352 John Wells,Coral Springs,FL,12647
A002622,C002092,Mailing,592 Steven Alley,Gainesville,FL,61142
A002623,C002093,Home,12315 Adrian Ford,Pembroke Pines,FL,96479
A002624,C002094,Home,53054 Molina Views,Boca Raton,FL,06219
A002625,C002094,Mailing,08928 Moore Ranch Suite 477,Pembroke Pines,FL,32786
A002626,C002095,Home,0559 Amanda Points Apt. 950,Miami,FL,43729
A002627,C002096,Home,124 Gonzales Locks Apt. 994,Sarasota,FL,63389
A002628,C002097,Home,55345 Thomas Views,West Palm Beach,FL,87894
A002629,C002098,Home,55052 Wesley Ferry Suite 416,Naples,FL,09131
A002630,C002099,Home,41489 Elizabeth Plains,Tallahassee,FL,78131
A002631,C002100,Home,11963 Brett Via,Coral Springs,FL,29689
A002632,C002101,Home,2655 Padilla Road,Orlando,FL,31619
A002633,C002102,Home,183 Jacqueline Wall,Boca Raton,FL,80544
A002634,C002103,Home,2218 Misty Landing Suite 694,Tampa,FL,65203
A002635,C002104,Home,8505 Laurie Ford,Boca Raton,FL,49532
A002636,C002105,Home,98424 Wendy Shoal,Orlando,FL,52594
A002637,C002106,Home,350 Mitchell Spur,West Palm Beach,FL,03146
A002638,C002106,Mailing,786 Kyle Cliffs,Davie,FL,26343
A002639,C002107,Home,742 Bradley Lake Suite 788,Tallahassee,FL,17829
A002640,C002108,Home,85882 Adams Row,Davie,FL,21145
A002641,C002109,Home,01551 Richardson Parkway,Coral Springs,FL,40210
A002642,C002110,Home,1355 James Mills,Miami,FL,95381
A002643,C002111,Home,47589 Caldwell Course Apt. 553,Coral Springs,FL,11028
A002644,C002111,Mailing,5888 Wood Lakes Suite 058,Gainesville,FL,06828
A002645,C002112,Home,8689 Shaw Points,Gainesville,FL,25682
A002646,C002113,Home,0602 Brandy Crossroad,Boca Raton,FL,23530
A002647,C002114,Home,177 Justin Junctions Suite 857,Fort Lauderdale,FL,90929
A002648,C002115,Home,3043 Ortiz Shoal,Naples,FL,86175
A002649,C002116,Home,174 Estrada Pine Suite 495,Jacksonville,FL,28989
A002650,C002116,Mailing,44678 Romero Station,Boca Raton,FL,72948
A002651,C002117,Home,683 Taylor Highway,Sarasota,FL,37192
A002652,C002118,Home,626 Kerri Islands,Hollywood,FL,80932
A002653,C002119,Home,60992 Sandra Mills,Hollywood,FL,99036
A002654,C002120,Home,0338 Perez Manor Apt. 371,Tampa,FL,23629
A002655,C002121,Home,19485 Bryan Ridges Apt. 697,Hollywood,FL,96732
A002656,C002122,Home,35325 Angelica Fort Suite 426,Tampa,FL,54212
A002657,C002122,Mailing,15005 Jesus Hill,Coral Springs,FL,76657
A002658,C002123,Home,301 Donald Points Suite 097,Jacksonville,FL,53219
A002659,C002123,Mailing,32817 Phillip Terrace,Hollywood,FL,31890
A002660,C002124,Home,101 Michael Union Apt. 283,Sarasota,FL,92545
A002661,C002125,Home,646 Victoria Plain,Coral Springs,FL,31699
A002662,C002126,Home,61196 Ian Key,Davie,FL,18160
A002663,C002127,Home,26953 Ian Spurs Suite 573,Pembroke Pines,FL,17436
A002664,C002127,Mailing,661 Michael Street Apt. 570,Naples,FL,47780
A002665,C002128,Home,397 Jacobs Courts Apt. 570,Miami,FL,57927
A002666,C002129,Home,73954 Edward Mission Apt. 152,Naples,FL,13554
A002667,C002130,Home,2344 Jane Camp,Orlando,FL,57624
A002668,C002131,Home,3248 Little Ridge,Davie,FL,62492
A002669,C002132,Home,18895 Robin Harbors Suite 869,Coral Springs,FL,11723
A002670,C002133,Home,25057 Lauren Land,Sarasota,FL,95196
A002671,C002134,Home,5821 Jackson Tunnel Apt. 484,Sarasota,FL,23203
A002672,C002135,Home,66934 Wood Orchard,Orlando,FL,41218
A002673,C002136,Home,4481 Steven Ports,Boca Raton,FL,19525
A002674,C002137,Home,2611 Michael Club,Pembroke Pines,FL,11126
A002675,C002138,Home,0254 Russell Shoal Apt. 492,Orlando,FL,12394
A002676,C002139,Home,79735 Keller Curve Apt. 107,Tallahassee,FL,58472
A002677,C002140,Home,61840 Ralph Road,Sarasota,FL,03182
A002678,C002141,Home,932 Lisa Neck,Pembroke Pines,FL,39200
A002679,C002142,Home,6038 Kyle Motorway,Hollywood,FL,07390
A002680,C002143,Home,44791 Nelson Glen Apt. 848,Gainesville,FL,36224
A002681,C002144,Home,8898 Herrera Isle Suite 153,Pembroke Pines,FL,70236
A002682,C002145,Home,727 Bautista Village Suite 015,Orlando,FL,84884
A002683,C002146,Home,02072 Valdez Bridge,Coral Springs,FL,93177
A002684,C002146,Mailing,144 Susan Dale Suite 872,Miami,FL,74004
A002685,C002147,Home,7079 Lamb Canyon,Davie,FL,79643
A002686,C002147,Mailing,872 Andrew Summit,Pembroke Pines,FL,03797
A002687,C002148,Home,5048 Thomas Circles,West Palm Beach,FL,39188
A002688,C002148,Mailing,71800 Jason Forges Apt. 005,Sarasota,FL,57101
A002689,C002149,Home,611 Matthew Run,Davie,FL,74888
A002690,C002150,Home,5302 Graham Parkway,Jacksonville,FL,52236
A002691,C002151,Home,2438 Johnny Burgs,Miami,FL,51410
A002692,C002152,Home,2868 Alyssa Cliffs Apt. 262,Boca Raton,FL,01621
A002693,C002153,Home,19338 Hill Walk Apt. 412,Miami,FL,98472
A002694,C002154,Home,661 Marquez Islands,Sarasota,FL,13581
A002695,C002155,Home,64587 Mendez Stravenue,Pembroke Pines,FL,42429
A002696,C002155,Mailing,53788 Chavez Viaduct Apt. 281,Coral Springs,FL,09467
A002697,C002156,Home,9968 Nicolas Valley,Miami,FL,58924
A002698,C002157,Home,11553 Dudley Streets Suite 123,Sarasota,FL,31600
A002699,C002158,Home,41218 Felicia Drives Suite 662,Davie,FL,79189
A002700,C002159,Home,48932 Ryan Ridges Suite 889,Miami,FL,96017
A002701,C002160,Home,598 Bruce Hills,Jacksonville,FL,80662
A002702,C002161,Home,267 Estrada Brooks,Hollywood,FL,59405
A002703,C002161,Mailing,729 Haynes Mall Apt. 424,Jacksonville,FL,62012
A002704,C002162,Home,1434 Esparza Crossing,Gainesville,FL,62277
A002705,C002162,Mailing,30735 Amy Corners Suite 139,Coral Springs,FL,69447
A002706,C002163,Home,33730 Kramer Expressway Apt. 429,Tallahassee,FL,21888
A002707,C002163,Mailing,6703 Richard Turnpike,Fort Lauderdale,FL,59824
A002708,C002164,Home,664 Valdez Meadow,Jacksonville,FL,85382
A002709,C002165,Home,128 Steven Views,Sarasota,FL,53824
A002710,C002166,Home,3174 Lisa Plaza,Fort Lauderdale,FL,23293
A002711,C002167,Home,504 Jean Street,Naples,FL,17652
A002712,C002168,Home,60285 Greer Inlet,Naples,FL,06253
A002713,C002169,Home,0178 Ryan Mews Apt. 051,Sarasota,FL,85581
A002714,C002170,Home,50634 Sean Parkways Apt. 347,Jacksonville,FL,19614
A002715,C002171,Home,468 Nicole Camp,Pembroke Pines,FL,73723
A002716,C002172,Home,63035 Christina Trafficway Apt. 986,Tallahassee,FL,76702
A002717,C002173,Home,13563 Victoria Plains,Tallahassee,FL,56724
A002718,C002173,Mailing,775 Melinda Fields,Coral Springs,FL,48546
A002719,C002174,Home,0576 Matthew Heights Suite 308,Coral Springs,FL,39651
A002720,C002174,Mailing,21146 Simon River Suite 414,Pembroke Pines,FL,01726
A002721,C002175,Home,3870 Taylor Locks Suite 021,Davie,FL,18385
A002722,C002176,Home,012 Hughes Terrace,Davie,FL,66618
A002723,C002177,Home,9888 Gibson Rapid,Hollywood,FL,32374
A002724,C002178,Home,9628 Patterson Knoll Apt. 843,Tampa,FL,83636
A002725,C002179,Home,8342 Kennedy Park,Hollywood,FL,56985
A002726,C002180,Home,785 Mclaughlin Rest Apt. 954,Coral Springs,FL,47933
A002727,C002181,Home,6050 Samuel Springs,Coral Springs,FL,91201
A002728,C002182,Home,445 Mcpherson Lakes Apt. 337,Tampa,FL,04152
A002729,C002182,Mailing,613 Curtis Mills,Sarasota,FL,40371
A002730,C002183,Home,62299 Chloe Hills Suite 394,Fort Lauderdale,FL,67219
A002731,C002183,Mailing,1299 Isaac Brook Suite 542,Jacksonville,FL,45977
A002732,C002184,Home,631 Monique Stream,Miami,FL,77512
A002733,C002185,Home,28580 Joanna Turnpike Suite 185,Sarasota,FL,16116
A002734,C002186,Home,5456 Schmidt Road,West Palm Beach,FL,96226
A002735,C002187,Home,162 Lee Flats Apt. 480,Tampa,FL,52921
A002736,C002188,Home,408 Ali Port,Jacksonville,FL,98939
A002737,C002189,Home,120 Heather Spur Suite 463,Tampa,FL,97245
A002738,C002189,Mailing,0369 Perkins Groves,Jacksonville,FL,36177
A002739,C002190,Home,743 Matthew Trail,West Palm Beach,FL,83871
A002740,C002190,Mailing,44754 Shannon Forge Suite 613,West Palm Beach,FL,07986
A002741,C002191,Home,0769 Estes Drive Suite 443,West Palm Beach,FL,48892
A002742,C002192,Home,87153 Bennett Forges Apt. 048,Davie,FL,84228
A002743,C002193,Home,44834 Kennedy Drives Suite 397,West Palm Beach,FL,90878
A002744,C002194,Home,3267 Gutierrez Fords Suite 569,Davie,FL,47866
A002745,C002195,Home,944 Anderson Greens Suite 105,Boca Raton,FL,42842
A002746,C002195,Mailing,31659 Ramos Estates,Gainesville,FL,78570
A002747,C002196,Home,4939 Williams Knolls,Fort Lauderdale,FL,87276
A002748,C002197,Home,294 Adams Mall,Tampa,FL,91945
A002749,C002198,Home,743 Samantha Spur Apt. 953,Tallahassee,FL,59705
A002750,C002199,Home,266 Nathan Forest,Orlando,FL,80337
A002751,C002200,Home,94611 Christopher Ways Apt. 696,Fort Lauderdale,FL,83846
A002752,C002200,Mailing,786 Charles Valleys Suite 776,Tampa,FL,63234
A002753,C002201,Home,66544 Doyle Street Apt. 689,Hollywood,FL,69909
A002754,C002201,Mailing,04834 Pamela Pass,Coral Springs,FL,18627
A002755,C002202,Home,991 Peter Extensions,Jacksonville,FL,22744
A002756,C002203,Home,2251 William Ridges,Sarasota,FL,43548
A002757,C002204,Home,9741 Williams Meadows,Coral Springs,FL,01861
A002758,C002204,Mailing,7960 Emily Parks,Naples,FL,21162
A002759,C002205,Home,253 Daniel Valley,Jacksonville,FL,44792
A002760,C002206,Home,869 Hanson Wall,Coral Springs,FL,02923
A002761,C002207,Home,48964 Sandra Key Suite 846,Coral Springs,FL,87346
A002762,C002207,Mailing,4820 Donald Village,Fort Lauderdale,FL,11370
A002763,C002208,Home,8475 Edwards Lodge,Pembroke Pines,FL,79834
A002764,C002209,Home,714 Cooper Rue Apt. 732,Miami,FL,06701
A002765,C002210,Home,2377 Cardenas Stream Suite 861,Jacksonville,FL,55448
A002766,C002211,Home,9905 Harrington Inlet,Hollywood,FL,77375
A002767,C002212,Home,0646 Tiffany Key Suite 620,Davie,FL,79472
A002768,C002212,Mailing,952 Michele Fork Suite 318,Jacksonville,FL,42082
A002769,C002213,Home,6068 Smith Glen Suite 888,Orlando,FL,43307
A002770,C002214,Home,75860 Green Club,Miami,FL,01983
A002771,C002215,Home,981 Rachel Road Suite 839,Orlando,FL,56366
A002772,C002216,Home,589 Moore Camp Apt. 297,Naples,FL,32054
A002773,C002216,Mailing,211 Samantha Passage Suite 447,Coral Springs,FL,45891
A002774,C002217,Home,9578 Boyd Mews,Sarasota,FL,48811
A002775,C002217,Mailing,8810 Shelton Lakes Apt. 883,Naples,FL,89956
A002776,C002218,Home,81258 Stephens Turnpike Apt. 274,Sarasota,FL,60550
A002777,C002219,Home,5087 Antonio Wall Suite 253,Orlando,FL,38104
A002778,C002219,Mailing,874 Lisa Valley Apt. 381,Hollywood,FL,87360
A002779,C002220,Home,1762 Adam Cove,Pembroke Pines,FL,81484
A002780,C002221,Home,806 Kelly Underpass,Gainesville,FL,39631
A002781,C002222,Home,92057 Shea Ridge Suite 194,Hollywood,FL,13154
A002782,C002223,Home,660 Kathleen River Suite 140,Tallahassee,FL,90568
A002783,C002224,Home,18229 Gibbs Hills,Sarasota,FL,79046
A002784,C002225,Home,775 Cox Brooks,Tallahassee,FL,54937
A002785,C002225,Mailing,8837 Scott Plaza Suite 231,Tampa,FL,19481
A002786,C002226,Home,712 Patrick Station,Coral Springs,FL,81281
A002787,C002227,Home,5814 Barry Ferry Apt. 631,Tampa,FL,06957
A002788,C002228,Home,9924 Diana Ranch Suite 446,West Palm Beach,FL,54611
A002789,C002229,Home,126 Mary Roads Apt. 843,Coral Springs,FL,45486
A002790,C002230,Home,44185 Cobb Loaf,Pembroke Pines,FL,96328
A002791,C002231,Home,65595 Michael Run Suite 201,Miami,FL,23861
A002792,C002231,Mailing,90703 Kristin Union,Boca Raton,FL,74108
A002793,C002232,Home,006 Walker Dam Suite 526,Davie,FL,54405
A002794,C002232,Mailing,5093 Nelson Route,Tampa,FL,51544
A002795,C002233,Home,218 David Extensions Apt. 295,Gainesville,FL,74305
A002796,C002234,Home,2836 Walters Mews,Coral Springs,FL,16104
A002797,C002235,Home,23791 Scott Skyway,Miami,FL,17268
A002798,C002235,Mailing,778 Hooper Mountains,Davie,FL,72159
A002799,C002236,Home,383 Carter Wells,Sarasota,FL,15519
A002800,C002237,Home,1716 Margaret Wells,Hollywood,FL,36844
A002801,C002237,Mailing,02196 Michelle Lakes,Fort Lauderdale,FL,24594
A002802,C002238,Home,223 Frank Tunnel Apt. 445,Pembroke Pines,FL,14179
A002803,C002239,Home,69116 Nancy Union Apt. 514,Coral Springs,FL,23421
A002804,C002239,Mailing,2387 Luke Unions Apt. 222,West Palm Beach,FL,68324
A002805,C002240,Home,12956 Stafford Lodge,Boca Raton,FL,34290
A002806,C002241,Home,762 Megan Junctions,Fort Lauderdale,FL,04577
A002807,C002241,Mailing,1742 Hendrix Roads Suite 069,Fort Lauderdale,FL,47574
A002808,C002242,Home,2450 Brown Crossroad,Sarasota,FL,55393
A002809,C002243,Home,8368 Tony Estates Apt. 233,Davie,FL,64397
A002810,C002244,Home,004 Raymond Ridges Apt. 609,Miami,FL,55453
A002811,C002244,Mailing,419 Virginia Fall,Sarasota,FL,71663
A002812,C002245,Home,965 Henry Hill Suite 033,Coral Springs,FL,32037
A002813,C002246,Home,8927 Patricia Field Suite 508,Orlando,FL,28424
A002814,C002246,Mailing,9792 Connor Corner Suite 330,Gainesville,FL,32808
A002815,C002247,Home,540 Michael Avenue,Tampa,FL,86186
A002816,C002248,Home,94382 Young Park,Tampa,FL,33717
A002817,C002249,Home,9807 Gregory Skyway Apt. 385,Gainesville,FL,33897
A002818,C002250,Home,702 Gonzalez Underpass Apt. 522,Gainesville,FL,03157
A002819,C002250,Mailing,185 Madison Land,Pembroke Pines,FL,47348
A002820,C002251,Home,8981 Campbell Overpass Apt. 341,West Palm Beach,FL,83742
A002821,C002251,Mailing,0152 Schultz Estates Suite 501,Hollywood,FL,62865
A002822,C002252,Home,5128 Shepard Drive Apt. 038,Coral Springs,FL,43812
A002823,C002253,Home,134 Pierce Lights,Boca Raton,FL,98546
A002824,C002254,Home,11489 Roach Island Apt. 390,Jacksonville,FL,54898
A002825,C002255,Home,926 Bennett Underpass Apt. 994,Gainesville,FL,15040
A002826,C002256,Home,9391 Chad Lights Apt. 638,Gainesville,FL,76149
A002827,C002257,Home,149 Jessica Fall,Pembroke Pines,FL,99944
A002828,C002258,Home,1259 Ashley Ranch Suite 645,Coral Springs,FL,57012
A002829,C002259,Home,1864 Mccullough Cape Apt. 219,Pembroke Pines,FL,71207
A002830,C002260,Home,4407 Anne Rest Apt. 535,Gainesville,FL,04358
A002831,C002261,Home,237 Randy Well,Sarasota,FL,68876
A002832,C002262,Home,5111 Kristi Ways,West Palm Beach,FL,25767
A002833,C002263,Home,29611 Martin Springs Apt. 432,Naples,FL,70923
A002834,C002264,Home,632 Day Junctions Apt. 108,Hollywood,FL,52094
A002835,C002265,Home,30513 Mitchell Rest Apt. 788,Miami,FL,08623
A002836,C002266,Home,01889 Brian Square Apt. 743,Davie,FL,18287
A002837,C002267,Home,1585 Krause Lane,Miami,FL,84371
A002838,C002268,Home,17985 Alexandra Square,Pembroke Pines,FL,21350
A002839,C002268,Mailing,292 Davis Vista Apt. 536,Fort Lauderdale,FL,46200
A002840,C002269,Home,1216 Thomas Squares Suite 125,Coral Springs,FL,02064
A002841,C002269,Mailing,170 Amber Ports,Pembroke Pines,FL,48347
A002842,C002270,Home,5352 Kelly Extensions,Tampa,FL,35866
A002843,C002271,Home,8430 Arnold Ways,Hollywood,FL,55959
A002844,C002272,Home,512 Perez Locks Suite 318,Orlando,FL,55718
A002845,C002273,Home,490 Swanson Fields Suite 113,Tampa,FL,27416
A002846,C002273,Mailing,400 Bender Park Suite 723,Gainesville,FL,74056
A002847,C002274,Home,5533 Maria Dale Suite 988,Sarasota,FL,13988
A002848,C002275,Home,1357 Jay Cliffs Apt. 482,Gainesville,FL,16789
A002849,C002276,Home,902 Wilson Villages,Tallahassee,FL,36634
A002850,C002277,Home,074 Thornton Plain Apt. 697,Pembroke Pines,FL,78792
A002851,C002277,Mailing,2013 Jennifer Inlet Apt. 557,Naples,FL,10371
A002852,C002278,Home,892 Rosales Mount Apt. 678,Tampa,FL,26049
A002853,C002278,Mailing,56414 Graham Prairie,Coral Springs,FL,77507
A002854,C002279,Home,8293 Buckley Forks Apt. 499,Boca Raton,FL,92189
A002855,C002280,Home,942 Hodges Ridges,Jacksonville,FL,04972
A002856,C002281,Home,99197 Susan Ways,Pembroke Pines,FL,83250
A002857,C002281,Mailing,5696 Perez Village Suite 544,West Palm Beach,FL,71336
A002858,C002282,Home,029 Warren Spur Suite 572,Sarasota,FL,94663
A002859,C002282,Mailing,834 Owens Pike,West Palm Beach,FL,62711
A002860,C002283,Home,71218 Warren Trafficway Suite 663,Gainesville,FL,17189
A002861,C002284,Home,88024 Cody Lights Apt. 887,Gainesville,FL,71710
A002862,C002284,Mailing,7778 Ashley Lakes Apt. 189,Davie,FL,68085
A002863,C002285,Home,74189 Schmidt Burg,Miami,FL,84647
A002864,C002285,Mailing,5255 Gaines Overpass Suite 943,Miami,FL,13220
A002865,C002286,Home,8041 Mia Rapid Apt. 245,Orlando,FL,70957
A002866,C002287,Home,42898 Matthew Expressway,Naples,FL,82784
A002867,C002288,Home,55970 Jones Road Suite 844,Boca Raton,FL,42438
A002868,C002289,Home,70572 Justin Flats Apt. 355,Tampa,FL,10034
A002869,C002290,Home,612 Mitchell Estates Apt. 635,Sarasota,FL,69909
A002870,C002291,Home,32296 Lisa Lakes,Hollywood,FL,07835
A002871,C002292,Home,3872 Kayla Expressway,Hollywood,FL,63886
A002872,C002293,Home,13278 Sanchez Harbors Apt. 135,West Palm Beach,FL,35223
A002873,C002294,Home,06859 Michael Fields Suite 285,Coral Springs,FL,21491
A002874,C002295,Home,49868 Keith Key Apt. 695,Sarasota,FL,18049
A002875,C002296,Home,106 Kimberly Lights,Jacksonville,FL,42431
A002876,C002296,Mailing,090 Hernandez Heights,Pembroke Pines,FL,99532
A002877,C002297,Home,214 Robert Rapid Suite 056,Orlando,FL,58932
A002878,C002298,Home,51512 Kent Village Suite 553,Jacksonville,FL,92244
A002879,C002298,Mailing,06388 Michael Haven,Fort Lauderdale,FL,77441
A002880,C002299,Home,35608 Lisa Keys Suite 557,Naples,FL,76353
A002881,C002300,Home,23212 Robert Island Suite 026,Tallahassee,FL,09070
A002882,C002300,Mailing,891 Kelly Flat,Fort Lauderdale,FL,24358
A002883,C002301,Home,2902 Turner Village Suite 495,Coral Springs,FL,83462
A002884,C002302,Home,1276 Barber Roads,Davie,FL,80822
A002885,C002303,Home,2053 Hale Knolls,Miami,FL,36877
A002886,C002304,Home,48958 Charles Skyway,Gainesville,FL,52404
A002887,C002305,Home,7787 Jimenez Isle Suite 759,Fort Lauderdale,FL,78637
A002888,C002306,Home,997 Catherine Divide Suite 771,Coral Springs,FL,47529
A002889,C002307,Home,6413 Tracey Club,Tampa,FL,11946
A002890,C002308,Home,5506 Cheryl Manor,Boca Raton,FL,86745
A002891,C002309,Home,0556 Kelly Heights,Sarasota,FL,00650
A002892,C002309,Mailing,534 Hanna Stravenue Apt. 719,Gainesville,FL,05452
A002893,C002310,Home,155 Brian Village,West Palm Beach,FL,68733
A002894,C002311,Home,02124 Mccullough Meadow Suite 823,Boca Raton,FL,54652
A002895,C002311,Mailing,200 Brent Shoal,Coral Springs,FL,39778
A002896,C002312,Home,20822 Harris Crescent,Sarasota,FL,39029
A002897,C002313,Home,576 Melinda Circle Apt. 187,Hollywood,FL,63694
A002898,C002314,Home,3805 Russell Branch,Pembroke Pines,FL,44600
A002899,C002315,Home,296 Anne Square Suite 790,Tampa,FL,76408
A002900,C002316,Home,7028 Bryant Square,Coral Springs,FL,52674
A002901,C002317,Home,9232 Theresa Points,Sarasota,FL,75285
A002902,C002317,Mailing,81815 Fleming Court,Gainesville,FL,91438
A002903,C002318,Home,4174 Cameron Station,Coral Springs,FL,81316
A002904,C002319,Home,12642 Kevin Centers,Tampa,FL,77030
A002905,C002320,Home,0334 Blair Bridge Suite 596,Sarasota,FL,51710
A002906,C002321,Home,6212 Lisa Burgs Apt. 002,Fort Lauderdale,FL,26971
A002907,C002322,Home,10744 Nguyen Mission Apt. 524,Gainesville,FL,34616
A002908,C002322,Mailing,476 Carrie Run Apt. 449,Boca Raton,FL,54171
A002909,C002323,Home,230 Schroeder Lights Suite 196,Gainesville,FL,63060
A002910,C002323,Mailing,494 Shirley Camp Suite 451,West Palm Beach,FL,03977
A002911,C002324,Home,65549 Taylor Groves Suite 737,Gainesville,FL,61515
A002912,C002325,Home,45504 Eric Flats Suite 587,Naples,FL,21899
A002913,C002326,Home,0042 Washington Motorway Suite 929,Sarasota,FL,02003
A002914,C002327,Home,373 Johnson Pine Apt. 481,West Palm Beach,FL,54694
A002915,C002328,Home,4280 Jimenez Forks,Coral Springs,FL,80645
A002916,C002329,Home,72683 Brewer Walks,Fort Lauderdale,FL,13858
A002917,C002329,Mailing,3757 Robert Springs Apt. 437,West Palm Beach,FL,20854
A002918,C002330,Home,62925 Sanchez Cape Suite 324,Jacksonville,FL,81137
A002919,C002331,Home,7977 Rowland View,Naples,FL,84523
A002920,C002331,Mailing,78183 Stephanie Drive,Hollywood,FL,04111
A002921,C002332,Home,804 Kathleen Center,Gainesville,FL,62668
A002922,C002332,Mailing,65216 Nielsen Dale Apt. 062,Naples,FL,12663
A002923,C002333,Home,058 Jackson Ways,Miami,FL,32582
A002924,C002333,Mailing,62600 Cain Pass,Sarasota,FL,40347
A002925,C002334,Home,46759 Andrews Mountains Apt. 135,West Palm Beach,FL,06297
A002926,C002334,Mailing,637 Leslie River,Jacksonville,FL,91582
A002927,C002335,Home,163 Bell Key Suite 148,Naples,FL,81861
A002928,C002336,Home,99643 Jay Harbors Suite 134,Tampa,FL,07172
A002929,C002337,Home,17791 Barry Mill,West Palm Beach,FL,53857
A002930,C002337,Mailing,528 Stanley Street Suite 133,Boca Raton,FL,03812
A002931,C002338,Home,2314 Scott Vista Suite 513,Gainesville,FL,57898
A002932,C002339,Home,7828 Jessica Turnpike,Hollywood,FL,64885
A002933,C002340,Home,02066 Michele Parkways,Boca Raton,FL,79644
A002934,C002341,Home,463 John Lakes Suite 549,Boca Raton,FL,16709
A002935,C002342,Home,69470 Davis Well Apt. 269,Miami,FL,93109
A002936,C002342,Mailing,30295 Martinez Terrace,Hollywood,FL,47122
A002937,C002343,Home,07960 Miller Haven,Fort Lauderdale,FL,43277
A002938,C002344,Home,9667 Mason Pines,Tampa,FL,74783
A002939,C002344,Mailing,3624 Jason Unions,Naples,FL,94867
A002940,C002345,Home,04098 Allen Road,Jacksonville,FL,61899
A002941,C002346,Home,1763 Amanda Dam,Davie,FL,91209
A002942,C002346,Mailing,03451 Brendan Square,Gainesville,FL,32424
A002943,C002347,Home,462 William Turnpike Suite 097,Boca Raton,FL,24561
A002944,C002348,Home,9853 Susan Shoals Suite 408,Naples,FL,69550
A002945,C002349,Home,7875 Brown River Suite 009,Sarasota,FL,47219
A002946,C002350,Home,385 Burnett Parkways Suite 275,Davie,FL,71105
A002947,C002351,Home,49750 Lee Path,West Palm Beach,FL,23178
A002948,C002351,Mailing,871 Kelly Crest Suite 804,Naples,FL,91328
A002949,C002352,Home,3962 Matthew Summit,Fort Lauderdale,FL,30243
A002950,C002352,Mailing,52193 Robert Radial Apt. 972,Fort Lauderdale,FL,65559
A002951,C002353,Home,17953 Rachel Views Apt. 647,Naples,FL,42027
A002952,C002354,Home,798 Hughes Station Apt. 024,Orlando,FL,43866
A002953,C002355,Home,8129 Burton Port,Fort Lauderdale,FL,46204
A002954,C002356,Home,897 Ortiz Walk Suite 171,Sarasota,FL,77692
A002955,C002356,Mailing,96071 Douglas Trace Apt. 536,Tallahassee,FL,71473
A002956,C002357,Home,2293 Christine Station,Orlando,FL,89098
A002957,C002358,Home,676 Diaz Branch Suite 138,Tampa,FL,08516
A002958,C002359,Home,617 King Streets Apt. 609,Jacksonville,FL,27008
A002959,C002359,Mailing,848 Amanda Prairie Apt. 227,Fort Lauderdale,FL,66508
A002960,C002360,Home,6173 Reed Extension,Davie,FL,40499
A002961,C002361,Home,77474 Case Ways,West Palm Beach,FL,65930
A002962,C002361,Mailing,78778 David Flat,Jacksonville,FL,83339
A002963,C002362,Home,5726 Kayla Street,Pembroke Pines,FL,24048
A002964,C002363,Home,4887 John Street,Fort Lauderdale,FL,84794
A002965,C002364,Home,0107 Kristine Unions,Boca Raton,FL,94399
A002966,C002364,Mailing,22975 Andrea Summit Suite 891,Fort Lauderdale,FL,69689
A002967,C002365,Home,3692 Teresa Corners,Naples,FL,18108
A002968,C002366,Home,62901 Brian Burg Apt. 045,Pembroke Pines,FL,42051
A002969,C002366,Mailing,520 James Gateway Suite 244,Boca Raton,FL,03580
A002970,C002367,Home,127 Grant Cliffs Suite 555,Hollywood,FL,33303
A002971,C002368,Home,8265 Kidd Port Apt. 718,Orlando,FL,51701
A002972,C002369,Home,0896 Evans Turnpike Apt. 831,Tallahassee,FL,51581
A002973,C002370,Home,51618 April Shoals Suite 524,Gainesville,FL,09178
A002974,C002371,Home,3347 Garcia Street Apt. 388,Davie,FL,37134
A002975,C002372,Home,4146 Williamson Mountains Apt. 508,Tampa,FL,32484
A002976,C002373,Home,18436 Hoffman Path Suite 697,Tampa,FL,19492
A002977,C002373,Mailing,695 James Hollow Suite 285,Coral Springs,FL,20739
A002978,C002374,Home,357 Adams Ville,Orlando,FL,16910
A002979,C002375,Home,79923 Barrett Prairie Apt. 019,Gainesville,FL,42206
A002980,C002376,Home,62405 Wilson Forge Suite 528,Tallahassee,FL,95708
A002981,C002377,Home,4811 Ralph Views,Tampa,FL,98937
A002982,C002378,Home,952 Garrett Island,Miami,FL,63418
A002983,C002379,Home,781 Tammy Cape,Boca Raton,FL,55232
A002984,C002380,Home,75473 Donald Park,Orlando,FL,91620
A002985,C002381,Home,50913 Rita Road,Jacksonville,FL,63679
A002986,C002381,Mailing,244 Lauren Forks,Hollywood,FL,32844
A002987,C002382,Home,3287 Matthews Isle Suite 753,Jacksonville,FL,70221
A002988,C002382,Mailing,91218 Nathaniel Port Apt. 717,Fort Lauderdale,FL,06524
A002989,C002383,Home,10456 Colleen Trafficway,Davie,FL,82945
A002990,C002384,Home,6835 Morris Mount Apt. 943,Coral Springs,FL,67365
A002991,C002384,Mailing,357 Rodriguez Fords,Orlando,FL,52162
A002992,C002385,Home,15891 Morgan Trafficway,Naples,FL,05386
A002993,C002385,Mailing,836 Debbie Knoll Suite 498,Fort Lauderdale,FL,29506
A002994,C002386,Home,081 Kelli Lodge Suite 690,Coral Springs,FL,90116
A002995,C002386,Mailing,5681 Anthony Ranch,Pembroke Pines,FL,94538
A002996,C002387,Home,789 Caitlyn Plains Apt. 818,Coral Springs,FL,31626
A002997,C002388,Home,6497 Tami Inlet,Pembroke Pines,FL,20874
A002998,C002389,Home,065 Garcia Prairie,Boca Raton,FL,52333
A002999,C002390,Home,6198 Bentley Mills Apt. 828,Miami,FL,02310
A003000,C002390,Mailing,5797 Shaffer Mills Apt. 075,West Palm Beach,FL,11794
A003001,C002391,Home,7474 Jenna Fork Apt. 014,Davie,FL,45500
A003002,C002392,Home,95740 Kelly Neck Apt. 093,Boca Raton,FL,59531
A003003,C002393,Home,167 Rodriguez Ford,Coral Springs,FL,31175
A003004,C002393,Mailing,6827 Kurt Hill,Orlando,FL,73940
A003005,C002394,Home,38135 Edwards Drive Suite 317,Miami,FL,57398
A003006,C002395,Home,573 Jones Cove,Tampa,FL,21909
A003007,C002396,Home,93491 Brad Haven Apt. 207,Sarasota,FL,62196
A003008,C002397,Home,450 Wendy Roads,Boca Raton,FL,61855
A003009,C002397,Mailing,3862 Kelli Stream,Tampa,FL,55854
A003010,C002398,Home,751 Scott Crossing Suite 261,Tampa,FL,87351
A003011,C002399,Home,094 Dylan Crescent,Orlando,FL,11723
A003012,C002400,Home,22469 Benjamin Court Suite 985,Sarasota,FL,68255
A003013,C002400,Mailing,982 Samantha Tunnel,Pembroke Pines,FL,08828
A003014,C002401,Home,8633 Brenda Locks Apt. 055,Gainesville,FL,71199
A003015,C002402,Home,83124 Dawn Street Apt. 861,Tampa,FL,78924
A003016,C002403,Home,96346 Jimenez Circles,Tampa,FL,11833
A003017,C002404,Home,12244 Thompson Orchard,West Palm Beach,FL,63701
A003018,C002405,Home,998 Ryan Lodge,Hollywood,FL,73184
A003019,C002406,Home,74147 Kristopher Via,West Palm Beach,FL,86132
A003020,C002407,Home,675 Belinda Spring Apt. 567,Orlando,FL,87214
A003021,C002408,Home,2285 Daniels Trace Apt. 693,Gainesville,FL,33161
A003022,C002408,Mailing,04862 Myers Crest Apt. 381,Tampa,FL,40359
A003023,C002409,Home,433 Christian Way,Miami,FL,19237
A003024,C002410,Home,4637 Rebecca Manors,Gainesville,FL,33226
A003025,C002411,Home,20264 Marshall Creek Apt. 540,Hollywood,FL,23553
A003026,C002412,Home,074 Clinton Pike,Miami,FL,78363
A003027,C002413,Home,438 Sharon Landing,West Palm Beach,FL,09069
A003028,C002414,Home,4486 Christie Cape,Fort Lauderdale,FL,05159
A003029,C002415,Home,95207 Patrick Stravenue Suite 230,Coral Springs,FL,87071
A003030,C002415,Mailing,865 Schmidt Way Suite 195,Sarasota,FL,49263
A003031,C002416,Home,76755 Fischer Orchard Suite 148,Hollywood,FL,12870
A003032,C002417,Home,26296 Sarah Inlet,Gainesville,FL,38942
A003033,C002418,Home,907 Charles Ranch Suite 720,Boca Raton,FL,81423
A003034,C002418,Mailing,60721 Bright Forks Apt. 059,Orlando,FL,31949
A003035,C002419,Home,83409 Johnson Mount,Naples,FL,71395
A003036,C002420,Home,01537 Matthew Streets,Boca Raton,FL,47519
A003037,C002421,Home,857 Wendy Stravenue Apt. 977,Fort Lauderdale,FL,35093
A003038,C002422,Home,251 Douglas Fork,Tallahassee,FL,88994
A003039,C002423,Home,643 Bowers Spur Apt. 787,Tampa,FL,94479
A003040,C002424,Home,734 Bailey Harbor,Miami,FL,08945
A003041,C002424,Mailing,3985 Stacy Drives Suite 353,Davie,FL,90279
A003042,C002425,Home,960 Sanchez Lane Apt. 361,Naples,FL,93804
A003043,C002425,Mailing,6450 Charles Expressway,Coral Springs,FL,15574
A003044,C002426,Home,2803 Lopez Avenue Suite 108,Pembroke Pines,FL,44544
A003045,C002427,Home,74487 Wu Plains,Sarasota,FL,15696
A003046,C002427,Mailing,2311 Holly Mountains,Miami,FL,32036
A003047,C002428,Home,560 Patrick Parkways Apt. 767,Tallahassee,FL,85664
A003048,C002429,Home,479 Amanda Highway,Sarasota,FL,49103
A003049,C002430,Home,95548 Anna Expressway,Coral Springs,FL,01632
A003050,C002431,Home,314 Caroline Trail Suite 830,Sarasota,FL,67486
A003051,C002432,Home,9575 Allen Estate Apt. 401,Jacksonville,FL,65813
A003052,C002433,Home,80283 Jacob Land Apt. 039,Tampa,FL,49174
A003053,C002434,Home,014 Edwards Parks,Gainesville,FL,17040
A003054,C002434,Mailing,62892 Melissa Burg Suite 708,Jacksonville,FL,59422
A003055,C002435,Home,37482 Cody Corner,Fort Lauderdale,FL,96880
A003056,C002435,Mailing,7826 David Harbor,Boca Raton,FL,76588
A003057,C002436,Home,9023 Roy Ways Suite 551,Pembroke Pines,FL,41602
A003058,C002437,Home,752 Martinez Bridge,Tampa,FL,70217
A003059,C002438,Home,4160 Ross Throughway,Tallahassee,FL,39810
A003060,C002439,Home,748 Brown Springs Suite 450,Tampa,FL,90112
A003061,C002440,Home,860 Sarah Ports,Orlando,FL,65774
A003062,C002441,Home,792 Anthony Roads,West Palm Beach,FL,48054
A003063,C002441,Mailing,74598 Velazquez Fall Apt. 512,Gainesville,FL,53508
A003064,C002442,Home,5487 Taylor Fort,Naples,FL,72760
A003065,C002443,Home,4975 Adams Neck,Orlando,FL,19379
A003066,C002444,Home,424 Megan Pine,West Palm Beach,FL,43260
A003067,C002444,Mailing,1023 Smith Oval Suite 038,Coral Springs,FL,29812
A003068,C002445,Home,0346 Mckee Skyway Apt. 608,Boca Raton,FL,24911
A003069,C002446,Home,161 Glover Corners,Davie,FL,17706
A003070,C002447,Home,72826 Duran Circles,West Palm Beach,FL,53683
A003071,C002448,Home,4856 Anna River,Sarasota,FL,33760
A003072,C002449,Home,1495 Velez Trace,Tallahassee,FL,86064
A003073,C002450,Home,2473 Marilyn Trafficway,Jacksonville,FL,92755
A003074,C002451,Home,0014 Green Circle,Coral Springs,FL,20675
A003075,C002451,Mailing,9392 Tiffany Circles,Tampa,FL,42662
A003076,C002452,Home,67901 Laura Courts,Jacksonville,FL,27612
A003077,C002453,Home,1561 Brandy Manor Suite 376,Naples,FL,94136
A003078,C002454,Home,81254 Kathleen Branch Suite 986,Gainesville,FL,43290
A003079,C002455,Home,767 Reynolds Via Apt. 248,Sarasota,FL,83205
A003080,C002455,Mailing,444 Elizabeth Valleys,West Palm Beach,FL,80480
A003081,C002456,Home,7765 Luis Pines Suite 743,West Palm Beach,FL,62017
A003082,C002457,Home,241 Carrie Route Suite 274,Fort Lauderdale,FL,69211
A003083,C002458,Home,87719 Lauren Road Apt. 257,West Palm Beach,FL,59028
A003084,C002459,Home,78361 Garcia View,West Palm Beach,FL,27972
A003085,C002459,Mailing,480 Cynthia Vista,Sarasota,FL,24749
A003086,C002460,Home,89708 Smith Dale Apt. 679,Gainesville,FL,71792
A003087,C002460,Mailing,03693 Parker Station,Orlando,FL,72049
A003088,C002461,Home,6861 Adams Knolls,Miami,FL,52976
A003089,C002462,Home,730 Paula Cape Suite 196,Jacksonville,FL,77541
A003090,C002463,Home,74352 Stevens Rue Apt. 523,Tallahassee,FL,13842
A003091,C002464,Home,139 Gina Street,Coral Springs,FL,23691
A003092,C002464,Mailing,9260 Brown Pike Suite 870,Sarasota,FL,86746
A003093,C002465,Home,55697 Dean Grove Suite 113,Boca Raton,FL,18544
A003094,C002466,Home,9214 Allen Drive Suite 491,Coral Springs,FL,68236
A003095,C002467,Home,984 Jennifer Station Suite 237,Tampa,FL,80340
A003096,C002468,Home,4023 Ruben Mission,Jacksonville,FL,61535
A003097,C002469,Home,6916 Pierce Brooks,Hollywood,FL,91335
A003098,C002470,Home,3608 Justin Pines Apt. 751,Orlando,FL,86286
A003099,C002471,Home,419 Adams Spurs Suite 895,Hollywood,FL,88912
A003100,C002471,Mailing,56582 Ashley Station,Pembroke Pines,FL,35476
A003101,C002472,Home,948 Johnson Rapids,Hollywood,FL,38677
A003102,C002473,Home,06271 Dawn Locks,Sarasota,FL,04334
A003103,C002474,Home,940 Gregory Plaza Suite 736,Gainesville,FL,38754
A003104,C002475,Home,3319 Suarez Parkway Suite 287,Tampa,FL,29333
A003105,C002476,Home,2949 Joshua Flat,Fort Lauderdale,FL,98714
A003106,C002477,Home,60525 Robert Unions Suite 166,Fort Lauderdale,FL,29014
A003107,C002478,Home,662 Vanessa Summit Apt. 870,Davie,FL,45975
A003108,C002478,Mailing,5224 Adam Lodge Suite 482,Coral Springs,FL,65302
A003109,C002479,Home,4909 Cooke Locks,West Palm Beach,FL,07916
A003110,C002479,Mailing,7869 Krista Cape,Naples,FL,08588
A003111,C002480,Home,2217 Jones Ranch,Fort Lauderdale,FL,52347
A003112,C002481,Home,3497 Erin Orchard,Sarasota,FL,49126
A003113,C002482,Home,3528 David Lodge Apt. 054,Sarasota,FL,90858
A003114,C002483,Home,116 Sarah Unions,Pembroke Pines,FL,83947
A003115,C002484,Home,75471 Tyler Causeway Suite 326,Fort Lauderdale,FL,68493
A003116,C002484,Mailing,39251 Bernard Gateway Apt. 281,Orlando,FL,49011
A003117,C002485,Home,050 Ryan Run,Sarasota,FL,72586
A003118,C002486,Home,4063 Amy Motorway Suite 705,Coral Springs,FL,52540
A003119,C002487,Home,004 Kevin Creek,Boca Raton,FL,52451
A003120,C002487,Mailing,830 Garrett Grove Apt. 960,Hollywood,FL,16335
A003121,C002488,Home,4410 Edward Crossing Suite 404,Boca Raton,FL,98416
A003122,C002489,Home,5708 Christopher Path,Miami,FL,72428
A003123,C002489,Mailing,62257 Marcus Creek Apt. 720,Pembroke Pines,FL,40204
A003124,C002490,Home,38851 Thomas Tunnel,Fort Lauderdale,FL,59171
A003125,C002490,Mailing,05141 Yvette Spur Suite 245,Jacksonville,FL,22131
A003126,C002491,Home,59321 Michael Roads,Tampa,FL,69151
A003127,C002492,Home,16434 David Meadow Apt. 081,Sarasota,FL,94021
A003128,C002493,Home,83885 Daniel Summit Suite 429,Sarasota,FL,29037
A003129,C002494,Home,748 Edwards Vista Suite 510,Miami,FL,71558
A003130,C002495,Home,729 Curry Valleys,Gainesville,FL,55469
A003131,C002495,Mailing,7491 Fisher Valley,West Palm Beach,FL,79208
A003132,C002496,Home,483 Delgado Stravenue,Fort Lauderdale,FL,39950
A003133,C002497,Home,66190 Ruth Summit,Jacksonville,FL,62506
A003134,C002498,Home,0893 Conrad Court,Coral Springs,FL,62422
A003135,C002499,Home,394 Miller Inlet Apt. 514,Fort Lauderdale,FL,38059
A003136,C002500,Home,91877 Jennifer Rue,Tallahassee,FL,26412
A003137,C002501,Home,127 Henry Motorway Apt. 531,West Palm Beach,FL,47258
A003138,C002502,Home,451 Baird Mall,Davie,FL,33038
A003139,C002502,Mailing,426 Sara Estate Apt. 890,Tampa,FL,70063
A003140,C002503,Home,61093 Hays Garden,Naples,FL,45283
A003141,C002504,Home,958 Wood Streets,Miami,FL,71133
A003142,C002505,Home,9221 Francis Trafficway,Sarasota,FL,73371
A003143,C002505,Mailing,3667 Pope Field Suite 488,Hollywood,FL,87562
A003144,C002506,Home,4184 Walter Isle,Boca Raton,FL,50997
A003145,C002507,Home,50303 Miller Key Suite 523,Pembroke Pines,FL,08352
A003146,C002507,Mailing,87693 Peter Throughway,Fort Lauderdale,FL,77467
A003147,C002508,Home,586 Gardner Point Apt. 190,Coral Springs,FL,52621
A003148,C002509,Home,84877 Rivas Islands Apt. 513,Davie,FL,23867
A003149,C002510,Home,95533 Cobb Inlet,Jacksonville,FL,68899
A003150,C002511,Home,80180 Craig Lock,Davie,FL,30360
A003151,C002512,Home,97381 Baldwin Valley Apt. 706,West Palm Beach,FL,89316
A003152,C002513,Home,44018 Murray Landing Suite 182,Miami,FL,36224
A003153,C002514,Home,1251 Jeff Plain Apt. 377,Coral Springs,FL,65861
A003154,C002515,Home,4961 Eric Manor,Sarasota,FL,58430
A003155,C002515,Mailing,89037 Montoya Dam Suite 796,Gainesville,FL,99268
A003156,C002516,Home,53827 Rachel Point Apt. 135,Gainesville,FL,80481
A003157,C002517,Home,3413 Matthews Coves Apt. 606,Orlando,FL,68042
A003158,C002518,Home,668 Michelle Courts Apt. 903,Hollywood,FL,11615
A003159,C002519,Home,0088 Mcdonald Parks Suite 976,Hollywood,FL,24997
A003160,C002519,Mailing,63966 Hamilton Point,West Palm Beach,FL,95605
A003161,C002520,Home,00990 Alan Haven,West Palm Beach,FL,13521
A003162,C002521,Home,42901 Jackson Mountains Apt. 011,Sarasota,FL,35518
A003163,C002521,Mailing,2189 Jennifer Branch,Fort Lauderdale,FL,85770
A003164,C002522,Home,75595 Nguyen Expressway Apt. 762,Tallahassee,FL,46199
A003165,C002523,Home,18948 Anthony Ranch Suite 928,Orlando,FL,72255
A003166,C002524,Home,4304 Phillip Road,Naples,FL,84728
A003167,C002525,Home,893 White Garden,Fort Lauderdale,FL,22507
A003168,C002525,Mailing,074 Taylor Valleys,Tampa,FL,73537
A003169,C002526,Home,91330 Young Expressway,Tallahassee,FL,58063
A003170,C002527,Home,47175 Harrington Flats,Hollywood,FL,30748
A003171,C002528,Home,36976 Tracy Plains Suite 473,Tallahassee,FL,58904
A003172,C002528,Mailing,1332 Nelson Drive,Tampa,FL,81945
A003173,C002529,Home,32323 Taylor Alley Suite 818,West Palm Beach,FL,55399
A003174,C002530,Home,39326 Murphy Island,Boca Raton,FL,02735
A003175,C002531,Home,172 Billy Drive,Tallahassee,FL,18640
A003176,C002531,Mailing,653 Angela Land Suite 091,Orlando,FL,34310
A003177,C002532,Home,186 Rich Drive,Coral Springs,FL,32235
A003178,C002533,Home,0848 Valentine Forks,Boca Raton,FL,08800
A003179,C002534,Home,51127 Reyes Dale,Jacksonville,FL,39381
A003180,C002534,Mailing,55922 Ashley Fall Apt. 045,Gainesville,FL,48219
A003181,C002535,Home,97944 Fletcher Gateway,Davie,FL,33673
A003182,C002535,Mailing,9558 Daniel Brook,Naples,FL,72146
A003183,C002536,Home,5252 Hamilton Greens Apt. 499,Gainesville,FL,15386
A003184,C002537,Home,6393 Perez Stream Apt. 983,Sarasota,FL,42514
A003185,C002538,Home,8977 Armstrong Lake Apt. 382,Coral Springs,FL,41848
A003186,C002539,Home,521 Mary Viaduct,Pembroke Pines,FL,56174
A003187,C002539,Mailing,85350 Joseph Ferry,Fort Lauderdale,FL,22385
A003188,C002540,Home,80516 Ashley Ford,Fort Lauderdale,FL,21712
A003189,C002541,Home,240 Christopher Ranch Suite 465,Coral Springs,FL,45239
A003190,C002541,Mailing,16096 Robert Cliff Suite 915,West Palm Beach,FL,67001
A003191,C002542,Home,179 George Junction Suite 717,Tallahassee,FL,93311
A003192,C002543,Home,34887 Collin Shoal,Orlando,FL,49418
A003193,C002544,Home,34557 Christopher Forge,Naples,FL,90925
A003194,C002545,Home,866 Mitchell Light,Tampa,FL,03698
A003195,C002545,Mailing,5340 Mercado Unions,Tampa,FL,54622
A003196,C002546,Home,594 Sara Shores Apt. 953,Orlando,FL,33659
A003197,C002547,Home,1358 Erickson Brooks,Orlando,FL,82600
A003198,C002548,Home,748 Carol Courts,Jacksonville,FL,07506
A003199,C002549,Home,965 Melanie Inlet Apt. 325,Fort Lauderdale,FL,12415
A003200,C002550,Home,45228 Rivas Unions Apt. 239,Orlando,FL,25524
A003201,C002551,Home,020 Randall Keys Suite 625,Davie,FL,63324
A003202,C002551,Mailing,73306 Montoya Rue,West Palm Beach,FL,49003
A003203,C002552,Home,520 Haley Trace,Orlando,FL,55517
A003204,C002552,Mailing,6522 Samantha Burgs Suite 173,Orlando,FL,84743
A003205,C002553,Home,749 Eric Summit Suite 585,Gainesville,FL,95896
A003206,C002554,Home,195 Angela Fords,Orlando,FL,34630
A003207,C002555,Home,462 Boyd Lodge,Naples,FL,63016
A003208,C002556,Home,6510 Ho Road Apt. 854,Tallahassee,FL,84934
A003209,C002557,Home,00607 James Burgs Suite 031,Gainesville,FL,28934
A003210,C002558,Home,7994 Kelsey Springs,Boca Raton,FL,61414
A003211,C002558,Mailing,368 David Lane,Gainesville,FL,21878
A003212,C002559,Home,7199 Calvin Springs,Sarasota,FL,81945
A003213,C002560,Home,8791 Rose Springs,Naples,FL,63287
A003214,C002561,Home,6649 Lewis Track,Boca Raton,FL,05931
A003215,C002561,Mailing,22413 Powell Springs Apt. 160,Miami,FL,29953
A003216,C002562,Home,079 Jesse Motorway,Hollywood,FL,78498
A003217,C002562,Mailing,89575 Corey Throughway,Hollywood,FL,53315
A003218,C002563,Home,88425 Stark Greens Suite 987,Boca Raton,FL,49618
A003219,C002564,Home,19546 Ashley Point Apt. 274,Gainesville,FL,70254
A003220,C002565,Home,874 Li Fall,Boca Raton,FL,36693
A003221,C002566,Home,316 Smith Key Apt. 670,Gainesville,FL,08349
A003222,C002567,Home,0073 Frances Hill Apt. 540,Orlando,FL,15219
A003223,C002567,Mailing,75998 Timothy Throughway Apt. 630,West Palm Beach,FL,89147
A003224,C002568,Home,758 Fisher Oval,Naples,FL,62105
A003225,C002569,Home,856 Jeffrey Locks,Coral Springs,FL,99320
A003226,C002570,Home,6886 Allen Pass Suite 479,Tallahassee,FL,25692
A003227,C002571,Home,714 Jessica Key,Boca Raton,FL,04686
A003228,C002571,Mailing,5541 Alexander Cape,Davie,FL,10768
A003229,C002572,Home,65749 Warren Drives,Naples,FL,74124
A003230,C002572,Mailing,4002 Marc Harbor,Naples,FL,82097
A003231,C002573,Home,998 Koch Views Apt. 011,Naples,FL,44333
A003232,C002573,Mailing,946 Olivia Inlet,West Palm Beach,FL,71085
A003233,C002574,Home,19605 Paul Brook Suite 531,Coral Springs,FL,93458
A003234,C002575,Home,916 Angel Mountains,Tallahassee,FL,49976
A003235,C002576,Home,11524 Cunningham Turnpike,Gainesville,FL,56522
A003236,C002576,Mailing,392 Cheryl Trail,West Palm Beach,FL,08198
A003237,C002577,Home,42033 Michael Cliff Suite 043,Tampa,FL,35106
A003238,C002578,Home,311 David Fort,Fort Lauderdale,FL,90157
A003239,C002578,Mailing,100 Reginald Rest Apt. 892,Orlando,FL,31703
A003240,C002579,Home,4414 Chung Estate,Orlando,FL,82650
A003241,C002580,Home,479 Julie Haven Apt. 188,Boca Raton,FL,22761
A003242,C002581,Home,459 Smith Road,Miami,FL,84742
A003243,C002582,Home,88404 Matthew Haven,Coral Springs,FL,83946
A003244,C002582,Mailing,5066 Amanda Summit,Jacksonville,FL,91636
A003245,C002583,Home,8579 Chris Common,Gainesville,FL,14685
A003246,C002584,Home,7583 Martinez Inlet,Hollywood,FL,74661
A003247,C002585,Home,856 Moyer Pass,Miami,FL,49463
A003248,C002586,Home,445 Allison Underpass Suite 742,West Palm Beach,FL,85428
A003249,C002587,Home,67218 Stephens Stravenue Apt. 271,Coral Springs,FL,15481
A003250,C002587,Mailing,736 Travis Stravenue,Naples,FL,39657
A003251,C002588,Home,477 Jaime Junctions,West Palm Beach,FL,40606
A003252,C002589,Home,6977 Sheila Shore,Hollywood,FL,40886
A003253,C002590,Home,6965 Sheena Courts Apt. 557,Boca Raton,FL,25643
A003254,C002591,Home,401 Hudson Gateway Suite 912,Miami,FL,20650
A003255,C002592,Home,9613 Hale Plain,Pembroke Pines,FL,51318
A003256,C002593,Home,86116 Dunn Crescent,Orlando,FL,20228
A003257,C002594,Home,127 Hughes Track Apt. 408,Davie,FL,81899
A003258,C002595,Home,17812 Robert Villages Apt. 578,West Palm Beach,FL,11407
A003259,C002596,Home,5780 Richardson Ferry,Naples,FL,69256
A003260,C002597,Home,34596 Gregory Estates,Davie,FL,07018
A003261,C002597,Mailing,841 James Pine,Orlando,FL,60293
A003262,C002598,Home,73543 Patel Expressway,Orlando,FL,52222
A003263,C002599,Home,193 Reid Vista,Orlando,FL,33982
A003264,C002600,Home,206 Webb Run Apt. 742,Miami,FL,80513
A003265,C002601,Home,943 Thomas Estates Apt. 257,Boca Raton,FL,27269
A003266,C002602,Home,620 Schultz Estate,Orlando,FL,10849
A003267,C002603,Home,5497 Patty Rapid Suite 577,Fort Lauderdale,FL,51796
A003268,C002604,Home,90973 Peters Oval Suite 882,Miami,FL,24124
A003269,C002604,Mailing,344 Martin Mews,Gainesville,FL,80266
A003270,C002605,Home,93638 Jared Circle Suite 407,West Palm Beach,FL,34708
A003271,C002605,Mailing,121 Obrien Keys,Fort Lauderdale,FL,57616
A003272,C002606,Home,309 Joshua Trafficway,Tampa,FL,65987
A003273,C002607,Home,715 Moore Trafficway Suite 505,Orlando,FL,21000
A003274,C002608,Home,0394 Matthew Curve Suite 050,Sarasota,FL,72964
A003275,C002609,Home,22601 Mcdowell Station Suite 096,Gainesville,FL,77509
A003276,C002610,Home,962 Michael Via,Davie,FL,03714
A003277,C002611,Home,48884 Lori Plaza Apt. 996,Pembroke Pines,FL,31291
A003278,C002611,Mailing,2163 Rivera Ford,Miami,FL,06950
A003279,C002612,Home,647 Murphy Cliffs,Tampa,FL,12551
A003280,C002613,Home,299 Barajas Views Suite 590,Coral Springs,FL,21961
A003281,C002614,Home,70884 Smith Wells,Pembroke Pines,FL,94951
A003282,C002615,Home,9243 Danielle Lakes Suite 949,West Palm Beach,FL,84961
A003283,C002616,Home,39844 Julie Plaza,Pembroke Pines,FL,19645
A003284,C002617,Home,0580 Eric Ville Suite 004,Coral Springs,FL,54369
A003285,C002618,Home,8503 Williams Cliff Suite 793,Davie,FL,07494
A003286,C002618,Mailing,8537 Williams Fields,Hollywood,FL,43907
A003287,C002619,Home,8777 Key Brook Apt. 643,Hollywood,FL,89957
A003288,C002620,Home,96743 Smith Alley Suite 784,Tampa,FL,75151
A003289,C002621,Home,8507 Melissa Parkway Apt. 759,Hollywood,FL,48871
A003290,C002622,Home,0316 Fletcher Heights,Boca Raton,FL,32794
A003291,C002623,Home,9952 Mullins Prairie,Hollywood,FL,65189
A003292,C002623,Mailing,61465 Schneider Estates,Coral Springs,FL,30696
A003293,C002624,Home,128 Ball Harbor Suite 694,West Palm Beach,FL,96258
A003294,C002625,Home,1721 Michael Path,Pembroke Pines,FL,98608
A003295,C002626,Home,506 Julie Loop,Boca Raton,FL,00992
A003296,C002627,Home,25435 James Junctions,Naples,FL,38307
A003297,C002628,Home,55685 Potter Pass Suite 030,Pembroke Pines,FL,54505
A003298,C002629,Home,727 Hailey Centers,Orlando,FL,93494
A003299,C002630,Home,6927 Oconnor Curve,Gainesville,FL,28262
A003300,C002630,Mailing,5855 Taylor Loaf,Sarasota,FL,86117
A003301,C002631,Home,633 Sandra Creek Apt. 781,Orlando,FL,35676
A003302,C002632,Home,5842 April Squares Apt. 711,West Palm Beach,FL,59140
A003303,C002633,Home,3895 Finley Trafficway Apt. 648,Naples,FL,35332
A003304,C002634,Home,8515 Shawn Crest Apt. 391,Hollywood,FL,91865
A003305,C002635,Home,5654 Laura Fall Apt. 237,Boca Raton,FL,58581
A003306,C002635,Mailing,020 Porter Trace,Orlando,FL,41955
A003307,C002636,Home,94535 Garrison Path Apt. 181,Tallahassee,FL,13772
A003308,C002637,Home,97962 Rose Flat Suite 627,Boca Raton,FL,59241
A003309,C002638,Home,3522 Diaz Parkways Suite 423,Boca Raton,FL,85414
A003310,C002639,Home,643 Ewing Trafficway Apt. 525,Tampa,FL,43176
A003311,C002640,Home,570 Richardson Lodge Apt. 654,Orlando,FL,31305
A003312,C002641,Home,4156 Courtney Glen,Naples,FL,47052
A003313,C002642,Home,28257 Jacob Junctions Suite 470,Sarasota,FL,42032
A003314,C002643,Home,17762 Kristy Brooks,Jacksonville,FL,60591
A003315,C002643,Mailing,838 Tyler Tunnel Apt. 586,Orlando,FL,64177
A003316,C002644,Home,903 John Fall,Jacksonville,FL,77757
A003317,C002645,Home,35587 Alison Drive,Tampa,FL,68132
A003318,C002646,Home,28106 Barbara Glen Suite 250,Miami,FL,74584
A003319,C002647,Home,57154 Cardenas Motorway,West Palm Beach,FL,29497
A003320,C002648,Home,119 Wright Stravenue,Tallahassee,FL,09032
A003321,C002649,Home,280 Cruz Curve Apt. 917,Coral Springs,FL,17930
A003322,C002649,Mailing,75331 Rose Pass,Hollywood,FL,93059
A003323,C002650,Home,2002 Anderson Isle Apt. 551,Jacksonville,FL,43686
A003324,C002650,Mailing,196 Santiago Stravenue Suite 578,Hollywood,FL,73847
A003325,C002651,Home,32752 Gabriella Lake Apt. 642,Tampa,FL,95686
A003326,C002652,Home,159 Charles Falls,Tampa,FL,12178
A003327,C002653,Home,9851 Tanner Village Apt. 244,Sarasota,FL,88281
A003328,C002654,Home,0216 James Drives,Davie,FL,93141
A003329,C002655,Home,99366 Kathleen Squares,Miami,FL,38299
A003330,C002656,Home,7739 Jones Shoal Suite 134,Naples,FL,29007
A003331,C002657,Home,987 Brown Land,Davie,FL,22956
A003332,C002658,Home,9496 Jose Bridge Apt. 327,Naples,FL,81200
A003333,C002658,Mailing,7946 James Crossing Apt. 961,Miami,FL,43493
A003334,C002659,Home,2296 Ricky Rue,Jacksonville,FL,49869
A003335,C002660,Home,9848 Krause Villages Suite 470,Tampa,FL,41290
A003336,C002661,Home,11981 Miles Drive Apt. 288,Tampa,FL,14621
A003337,C002662,Home,8190 Coleman Knoll Suite 244,Tampa,FL,40539
A003338,C002663,Home,884 Sanchez Valley Suite 279,Davie,FL,70104
A003339,C002664,Home,751 Wilson Walk,Gainesville,FL,62934
A003340,C002665,Home,8967 Laura Corner Suite 649,Hollywood,FL,32729
A003341,C002666,Home,63504 Edwards Motorway Suite 136,Hollywood,FL,70969
A003342,C002667,Home,3125 Michael Terrace Suite 188,Fort Lauderdale,FL,61014
A003343,C002667,Mailing,229 Johnson Port,Tampa,FL,09848
A003344,C002668,Home,29376 Mendoza Mall,Pembroke Pines,FL,65583
A003345,C002669,Home,74429 Jonathan Lakes Apt. 705,Jacksonville,FL,07355
A003346,C002670,Home,714 Paul Courts,Davie,FL,99763
A003347,C002671,Home,4698 Crystal Rapids,Pembroke Pines,FL,57966
A003348,C002672,Home,3897 Elizabeth Manors,West Palm Beach,FL,07055
A003349,C002672,Mailing,0674 Logan Tunnel,Hollywood,FL,98371
A003350,C002673,Home,0758 Jeffrey Gardens,Coral Springs,FL,99757
A003351,C002674,Home,727 Miller Neck Suite 682,West Palm Beach,FL,43299
A003352,C002675,Home,0315 Jordan Meadow Apt. 264,Boca Raton,FL,62588
A003353,C002676,Home,72871 Simpson Circle,Orlando,FL,29943
A003354,C002677,Home,14521 Brent Bridge,Tampa,FL,28703
A003355,C002678,Home,51275 Frazier Cape Apt. 775,Miami,FL,50574
A003356,C002679,Home,4135 Moore Circle,Boca Raton,FL,03138
A003357,C002679,Mailing,26012 Megan Lake,Jacksonville,FL,50918
A003358,C002680,Home,81783 Justin Circle,Coral Springs,FL,48396
A003359,C002681,Home,74041 Meyers Union,Fort Lauderdale,FL,50521
A003360,C002682,Home,15390 Robbins Tunnel,Coral Springs,FL,52559
A003361,C002683,Home,81736 Sarah Villages,West Palm Beach,FL,38192
A003362,C002684,Home,5691 Kimberly Island,Orlando,FL,25344
A003363,C002684,Mailing,907 Whitaker Branch Suite 409,Pembroke Pines,FL,15751
A003364,C002685,Home,2876 Gail Circles,Gainesville,FL,06606
A003365,C002686,Home,283 Jessica Canyon,Jacksonville,FL,88398
A003366,C002687,Home,70689 Mackenzie Forks,Tallahassee,FL,58900
A003367,C002688,Home,93383 Keith Hills,Hollywood,FL,21212
A003368,C002688,Mailing,7407 Mccarthy Tunnel Apt. 811,Gainesville,FL,25450
A003369,C002689,Home,606 White Locks Apt. 759,Miami,FL,97260
A003370,C002690,Home,2980 Kimberly Parkway,Orlando,FL,52904
A003371,C002691,Home,20192 Garrett Unions Suite 849,Sarasota,FL,42335
A003372,C002692,Home,468 Ryan Ridge,Davie,FL,52898
A003373,C002693,Home,39449 Gallagher Port Apt. 162,Coral Springs,FL,23336
A003374,C002693,Mailing,99801 Antonio Court Suite 810,Tampa,FL,50672
A003375,C002694,Home,676 Amy Alley Apt. 138,Tampa,FL,29473
A003376,C002694,Mailing,811 Stephanie Village Suite 624,Davie,FL,20615
A003377,C002695,Home,987 Leslie Trace Apt. 095,Coral Springs,FL,30804
A003378,C002696,Home,6493 Rachel Locks,Jacksonville,FL,54636
A003379,C002697,Home,27192 Jeremy Isle,Naples,FL,43489
A003380,C002698,Home,010 Mueller Stravenue Suite 714,Orlando,FL,83974
A003381,C002698,Mailing,544 Kelley Park,Naples,FL,79263
A003382,C002699,Home,4179 Diana Rapid,Hollywood,FL,79907
A003383,C002700,Home,461 Hunter Mountains Suite 832,Tampa,FL,25555
A003384,C002701,Home,67446 French Forks Suite 875,Tallahassee,FL,69474
A003385,C002702,Home,659 James Loaf Suite 966,Pembroke Pines,FL,64449
A003386,C002703,Home,50347 Lopez Loop Suite 702,West Palm Beach,FL,21811
A003387,C002704,Home,413 Frazier Island Suite 464,Hollywood,FL,13865
A003388,C002705,Home,55801 Mark Inlet Suite 133,Miami,FL,56795
A003389,C002706,Home,1034 Wanda Passage Apt. 226,Davie,FL,30958
A003390,C002707,Home,54117 Compton Roads Suite 191,Orlando,FL,99107
A003391,C002708,Home,00926 Alexis Unions Apt. 409,Fort Lauderdale,FL,22313
A003392,C002709,Home,46739 Jerry Pass Suite 615,Fort Lauderdale,FL,17614
A003393,C002710,Home,0727 Harris Ports,West Palm Beach,FL,58380
A003394,C002711,Home,842 Steven Station,Tallahassee,FL,73523
A003395,C002712,Home,2682 Whitehead Fall Suite 527,Pembroke Pines,FL,44689
A003396,C002713,Home,401 Michael Dam Apt. 268,Tallahassee,FL,90323
A003397,C002713,Mailing,898 Daniel Square Apt. 164,Coral Springs,FL,59019
A003398,C002714,Home,76141 William Port Apt. 619,Coral Springs,FL,83505
A003399,C002714,Mailing,676 Castro Key Suite 175,Sarasota,FL,31483
A003400,C002715,Home,0387 Erica Village Apt. 051,Jacksonville,FL,38917
A003401,C002716,Home,52573 Powell Greens Suite 491,Coral Springs,FL,53363
A003402,C002716,Mailing,3776 Patricia Haven,Tallahassee,FL,81179
A003403,C002717,Home,177 Hunter Walks Apt. 771,Fort Lauderdale,FL,28872
A003404,C002717,Mailing,2345 Rachel Fields,Tampa,FL,91341
A003405,C002718,Home,4879 Mitchell Shore,Boca Raton,FL,34225
A003406,C002719,Home,87686 Ross Parkways,Orlando,FL,35617
A003407,C002719,Mailing,253 Cook Brooks,Davie,FL,97177
A003408,C002720,Home,011 Jennifer Summit Suite 912,Boca Raton,FL,20530
A003409,C002720,Mailing,780 Janet Loaf,Pembroke Pines,FL,77557
A003410,C002721,Home,8244 Keith Fall Apt. 207,Orlando,FL,91042
A003411,C002722,Home,10960 Oconnell Walks,Jacksonville,FL,42790
A003412,C002723,Home,83405 Perry Crossroad,Tampa,FL,87471
A003413,C002724,Home,09546 Norris Turnpike,Fort Lauderdale,FL,79449
A003414,C002725,Home,29281 Jacqueline Park Suite 466,West Palm Beach,FL,01502
A003415,C002725,Mailing,6084 Cynthia Parkway Apt. 156,West Palm Beach,FL,74594
A003416,C002726,Home,47783 Gina Well Apt. 074,Pembroke Pines,FL,29869
A003417,C002727,Home,1123 Duncan Knolls Suite 577,Gainesville,FL,93813
A003418,C002728,Home,63892 Hunt Keys Apt. 176,Pembroke Pines,FL,85541
A003419,C002728,Mailing,418 Hawkins Road,Naples,FL,59015
A003420,C002729,Home,7321 Mendoza Stravenue,Tallahassee,FL,01199
A003421,C002729,Mailing,0076 Francis Expressway Suite 640,Fort Lauderdale,FL,48154
A003422,C002730,Home,7460 Michele Inlet,Pembroke Pines,FL,51201
A003423,C002730,Mailing,55221 Anderson Manor Suite 311,Davie,FL,06381
A003424,C002731,Home,018 Sweeney River,Fort Lauderdale,FL,27788
A003425,C002732,Home,73219 Harper Plains,Sarasota,FL,14578
A003426,C002733,Home,29277 Kim Wells Suite 899,Miami,FL,53333
A003427,C002734,Home,47733 Stuart Bypass Apt. 471,Sarasota,FL,08477
A003428,C002735,Home,1632 Jessica Club,West Palm Beach,FL,90333
A003429,C002736,Home,82910 Gary Path,Pembroke Pines,FL,51647
A003430,C002736,Mailing,02436 Hunter Row Suite 291,Tampa,FL,77034
A003431,C002737,Home,9077 Leah Port,Sarasota,FL,71585
A003432,C002738,Home,59977 Morgan Trafficway,Hollywood,FL,53560
A003433,C002738,Mailing,558 Holland Estate,Coral Springs,FL,94794
A003434,C002739,Home,12388 Walker Way,Gainesville,FL,42118
A003435,C002740,Home,9902 Cindy Spurs,Hollywood,FL,27792
A003436,C002741,Home,0043 Richard Drive Suite 179,Naples,FL,57865
A003437,C002741,Mailing,13811 Elizabeth Walks Suite 562,Naples,FL,60452
A003438,C002742,Home,92874 Nash Turnpike Apt. 345,Jacksonville,FL,73625
A003439,C002743,Home,05120 Flynn Squares,Fort Lauderdale,FL,43558
A003440,C002744,Home,78600 Solomon Fall Suite 264,Naples,FL,93865
A003441,C002745,Home,3489 Chen Islands,Naples,FL,84586
A003442,C002746,Home,35257 Jason Junction Apt. 896,Orlando,FL,39322
A003443,C002747,Home,233 Andrea Dam Suite 685,Sarasota,FL,83857
A003444,C002747,Mailing,19952 Phillips Plains,Boca Raton,FL,24886
A003445,C002748,Home,32139 Mueller Villages Apt. 639,Boca Raton,FL,01395
A003446,C002748,Mailing,982 West Tunnel Apt. 353,Davie,FL,54691
A003447,C002749,Home,041 Alexander Passage,Sarasota,FL,09718
A003448,C002750,Home,443 Murphy Road Apt. 049,Hollywood,FL,25240
A003449,C002750,Mailing,8118 Rebecca Ports Apt. 890,West Palm Beach,FL,67397
A003450,C002751,Home,762 Tyler Hill,Hollywood,FL,60379
A003451,C002752,Home,1992 John Roads Suite 571,Sarasota,FL,44851
A003452,C002753,Home,7058 Bishop Pass,Fort Lauderdale,FL,85034
A003453,C002754,Home,9697 Allen Plain,Orlando,FL,26623
A003454,C002755,Home,05612 Bruce Light,Tallahassee,FL,65017
A003455,C002755,Mailing,731 Adrienne Ridges Suite 654,Sarasota,FL,28689
A003456,C002756,Home,9632 Sabrina Inlet,West Palm Beach,FL,65429
A003457,C002757,Home,071 Patrick Avenue Apt. 903,Boca Raton,FL,85954
A003458,C002758,Home,41394 Pittman Brook Apt. 157,Boca Raton,FL,46273
A003459,C002759,Home,99486 Jacqueline Garden Apt. 194,Naples,FL,91463
A003460,C002759,Mailing,2280 Reid Forest Apt. 085,Hollywood,FL,66278
A003461,C002760,Home,31071 Calderon Parkways,Pembroke Pines,FL,88330
A003462,C002761,Home,85360 Hughes Knolls,Sarasota,FL,11369
A003463,C002762,Home,60913 Johnson Spurs Apt. 842,Miami,FL,91862
A003464,C002763,Home,11802 Keller Meadows Apt. 580,Hollywood,FL,81263
A003465,C002763,Mailing,47677 Collins Rue,Tampa,FL,73744
A003466,C002764,Home,516 Romero Summit,Tampa,FL,57317
A003467,C002765,Home,516 Haney Trace,Naples,FL,68429
A003468,C002766,Home,07993 Ryan Villages,West Palm Beach,FL,56153
A003469,C002766,Mailing,678 Maria Union Apt. 771,Sarasota,FL,35907
A003470,C002767,Home,713 Tiffany Tunnel,Jacksonville,FL,57586
A003471,C002768,Home,89527 Brown Ranch Apt. 228,Tampa,FL,70031
A003472,C002768,Mailing,157 Bobby Lock,Gainesville,FL,79722
A003473,C002769,Home,2354 Laura Turnpike Suite 364,Fort Lauderdale,FL,32864
A003474,C002770,Home,6661 Peters Drive Suite 032,Hollywood,FL,19618
A003475,C002771,Home,3062 Anderson Divide Apt. 705,Gainesville,FL,48825
A003476,C002772,Home,57503 Ramirez Ford Apt. 634,Fort Lauderdale,FL,32686
A003477,C002773,Home,614 Scott Isle,West Palm Beach,FL,25483
A003478,C002774,Home,761 Bradford Rest,Jacksonville,FL,27307
A003479,C002774,Mailing,966 Pierce Glens Suite 798,Coral Springs,FL,94095
A003480,C002775,Home,879 King Loaf,Fort Lauderdale,FL,16615
A003481,C002776,Home,5052 Smith Road,Miami,FL,79343
A003482,C002776,Mailing,495 Thomas View Apt. 923,West Palm Beach,FL,31515
A003483,C002777,Home,9254 Porter Track Apt. 613,Gainesville,FL,42870
A003484,C002777,Mailing,0329 Hayden Forks,Pembroke Pines,FL,63191
A003485,C002778,Home,157 Steven Ferry Suite 348,Gainesville,FL,84372
A003486,C002779,Home,92533 Hanson Ford Suite 478,Davie,FL,25578
A003487,C002779,Mailing,93077 Valerie Parkway,Boca Raton,FL,67378
A003488,C002780,Home,9470 Robert Mills Apt. 773,West Palm Beach,FL,45189
A003489,C002781,Home,092 Fox Vista Suite 835,Miami,FL,69893
A003490,C002782,Home,1897 Turner Keys,Davie,FL,03282
A003491,C002783,Home,8201 Allen Streets,Coral Springs,FL,16290
A003492,C002784,Home,5216 Sara Mall Apt. 280,Tallahassee,FL,05019
A003493,C002784,Mailing,58811 Miller Walks,Gainesville,FL,83123
A003494,C002785,Home,74808 Phillips Light Apt. 687,Naples,FL,61641
A003495,C002786,Home,504 Ruth Knolls,Davie,FL,30671
A003496,C002787,Home,285 Wright Views,Jacksonville,FL,62183
A003497,C002788,Home,16512 Brian Mews Apt. 580,Boca Raton,FL,34026
A003498,C002788,Mailing,52748 Roberto Path,Davie,FL,39153
A003499,C002789,Home,09598 Deleon Stream,Naples,FL,63879
A003500,C002789,Mailing,38277 Baker Forge Suite 290,Hollywood,FL,44232
A003501,C002790,Home,937 Jamie Mill,West Palm Beach,FL,83930
A003502,C002791,Home,702 Harris Harbors Suite 002,Hollywood,FL,46495
A003503,C002792,Home,263 Michael Drive Suite 743,Gainesville,FL,28933
A003504,C002793,Home,409 Julie Parkway,Naples,FL,52394
A003505,C002793,Mailing,110 Crawford Mews,Orlando,FL,62238
A003506,C002794,Home,587 Cantu Islands,Tampa,FL,22333
A003507,C002794,Mailing,418 Bradshaw Road,Hollywood,FL,67226
A003508,C002795,Home,351 Aaron Harbors Apt. 018,Gainesville,FL,15476
A003509,C002795,Mailing,2253 Graham Extensions Apt. 524,Pembroke Pines,FL,11675
A003510,C002796,Home,9396 Bailey Course Apt. 017,Davie,FL,08766
A003511,C002796,Mailing,30357 Diana Streets Apt. 133,Orlando,FL,12479
A003512,C002797,Home,964 Carly Squares,Tallahassee,FL,59194
A003513,C002798,Home,0361 Fischer Heights,Gainesville,FL,57877
A003514,C002799,Home,3640 William Landing Suite 266,Sarasota,FL,26471
A003515,C002799,Mailing,49620 Megan Passage Apt. 424,Boca Raton,FL,57836
A003516,C002800,Home,7298 Mark Islands,Fort Lauderdale,FL,48529
A003517,C002801,Home,58548 Heather Camp,Tallahassee,FL,59934
A003518,C002802,Home,592 Sweeney Summit Apt. 354,Coral Springs,FL,70913
A003519,C002802,Mailing,4888 Graves Trace,Naples,FL,13871
A003520,C002803,Home,6244 Arthur Mountain Apt. 585,Tallahassee,FL,46768
A003521,C002804,Home,690 Andrade Fields,Naples,FL,82200
A003522,C002804,Mailing,21197 Davis Harbors Suite 997,Coral Springs,FL,45634
A003523,C002805,Home,72909 Haley Isle Apt. 333,Naples,FL,46563
A003524,C002806,Home,95450 Travis Meadows,Coral Springs,FL,27451
A003525,C002807,Home,34187 Justin Corner Apt. 192,Pembroke Pines,FL,42421
A003526,C002808,Home,7561 Anderson Burgs,Jacksonville,FL,63797
A003527,C002808,Mailing,1844 Melissa Heights,Gainesville,FL,50415
A003528,C002809,Home,9202 Jennifer Flat Suite 234,Sarasota,FL,63301
A003529,C002809,Mailing,5380 Miller Streets,Fort Lauderdale,FL,13758
A003530,C002810,Home,62333 Andrew Oval,Tallahassee,FL,64308
A003531,C002811,Home,5716 Henderson Crescent,Tampa,FL,51955
A003532,C002812,Home,23755 Brandon Well Apt. 380,Hollywood,FL,95424
A003533,C002813,Home,252 James Prairie Suite 830,Orlando,FL,13417
A003534,C002814,Home,881 Darren Mill Apt. 570,Davie,FL,56892
A003535,C002815,Home,207 Matthew Square,Jacksonville,FL,81141
A003536,C002816,Home,738 Best Knolls,Tallahassee,FL,17421
A003537,C002817,Home,3513 Nichols Light Apt. 745,Boca Raton,FL,70711
A003538,C002818,Home,5061 Joseph Underpass,Tallahassee,FL,86889
A003539,C002819,Home,3650 Tiffany Expressway,Jacksonville,FL,10164
A003540,C002820,Home,77684 Brenda Corners,Fort Lauderdale,FL,55719
A003541,C002821,Home,6066 Christopher Gardens Apt. 585,Davie,FL,28572
A003542,C002821,Mailing,743 Aaron Ports,Pembroke Pines,FL,14069
A003543,C002822,Home,68823 Stephen Terrace Suite 764,Pembroke Pines,FL,51295
A003544,C002823,Home,4474 Adriana Turnpike Suite 234,Pembroke Pines,FL,64347
A003545,C002824,Home,23845 Zachary Well Suite 689,Jacksonville,FL,87980
A003546,C002825,Home,82093 Munoz Rue,Naples,FL,08739
A003547,C002826,Home,961 Saunders Rapid,Fort Lauderdale,FL,95158
A003548,C002827,Home,857 Jason Unions,Davie,FL,73390
A003549,C002827,Mailing,3725 Andrea Route,Hollywood,FL,02728
A003550,C002828,Home,1827 Hill Alley,Hollywood,FL,26232
A003551,C002829,Home,1674 Amy Grove,Fort Lauderdale,FL,36419
A003552,C002830,Home,6992 Cassandra Burgs,Naples,FL,72890
A003553,C002831,Home,3331 Gates Brook,Coral Springs,FL,78146
A003554,C002832,Home,061 Chen Plains Suite 272,Sarasota,FL,76654
A003555,C002832,Mailing,72754 Smith Highway Apt. 741,Coral Springs,FL,44330
A003556,C002833,Home,2175 Sarah Mount,Tallahassee,FL,04094
A003557,C002833,Mailing,6602 Alyssa Tunnel,Gainesville,FL,64361
A003558,C002834,Home,848 Branch Crescent,Coral Springs,FL,50246
A003559,C002835,Home,165 Dunn Ranch,Orlando,FL,34680
A003560,C002836,Home,57248 James Stravenue,Fort Lauderdale,FL,54740
A003561,C002837,Home,504 Curry Track,Tampa,FL,47334
A003562,C002838,Home,616 Rachel Roads Suite 489,Jacksonville,FL,32175
A003563,C002839,Home,3135 Brian Street,Davie,FL,22328
A003564,C002840,Home,33082 Crawford Fork Suite 246,Tallahassee,FL,51435
A003565,C002841,Home,38639 Guzman Curve Suite 152,Hollywood,FL,13050
A003566,C002842,Home,3621 Ernest Fields Apt. 531,Naples,FL,86772
A003567,C002843,Home,139 Richard Corners Apt. 043,Davie,FL,53654
A003568,C002843,Mailing,5670 Cody Terrace,Davie,FL,28032
A003569,C002844,Home,296 Ralph Groves,Coral Springs,FL,96643
A003570,C002844,Mailing,593 Tyler Motorway Suite 118,Tallahassee,FL,12210
A003571,C002845,Home,70376 Amber Well,Davie,FL,95836
A003572,C002846,Home,36062 Lee Union Suite 207,Naples,FL,80680
A003573,C002847,Home,8549 Susan Shore Suite 622,Jacksonville,FL,25031
A003574,C002848,Home,03527 Veronica Centers,Miami,FL,43989
A003575,C002849,Home,9133 Becky Estates,Tampa,FL,38266
A003576,C002850,Home,7802 Reyes Rest Suite 206,Jacksonville,FL,13102
A003577,C002851,Home,8982 Stephanie Road Suite 490,Hollywood,FL,40805
A003578,C002852,Home,29600 Sara Underpass,Davie,FL,57168
A003579,C002853,Home,77660 Michael Divide Apt. 164,Gainesville,FL,07144
A003580,C002853,Mailing,354 Brianna Point,Sarasota,FL,84320
A003581,C002854,Home,8030 Bowen Stream Apt. 480,Hollywood,FL,56421
A003582,C002854,Mailing,7907 Leslie Walks,Boca Raton,FL,14869
A003583,C002855,Home,039 Jonathan Shores Suite 255,West Palm Beach,FL,57393
A003584,C002856,Home,294 Heather Brook,Sarasota,FL,46157
A003585,C002857,Home,599 Thomas Centers Suite 110,Miami,FL,74358
A003586,C002857,Mailing,470 Wood Rest,Jacksonville,FL,29945
A003587,C002858,Home,35346 Sara Camp,Tampa,FL,42600
A003588,C002859,Home,57133 Julie Dam Suite 966,Tallahassee,FL,44658
A003589,C002860,Home,39602 Michelle Park,Fort Lauderdale,FL,41574
A003590,C002860,Mailing,87819 Ellis Isle,Gainesville,FL,32413
A003591,C002861,Home,7971 Silva Turnpike Suite 963,Sarasota,FL,80429
A003592,C002862,Home,84211 Melissa Mission Apt. 465,Orlando,FL,27231
A003593,C002863,Home,691 Gordon Via,Coral Springs,FL,14369
A003594,C002863,Mailing,2634 Danny Rue,Tallahassee,FL,79666
A003595,C002864,Home,022 Billy Circle Suite 863,Sarasota,FL,65351
A003596,C002865,Home,55888 Burton Shoal Apt. 630,Pembroke Pines,FL,13836
A003597,C002866,Home,37122 Timothy Viaduct Apt. 780,Miami,FL,07209
A003598,C002867,Home,7303 Lisa Spring Suite 614,Tampa,FL,52015
A003599,C002867,Mailing,80512 Kari Grove,Sarasota,FL,46648
A003600,C002868,Home,488 Joel Union Apt. 627,Orlando,FL,34775
A003601,C002869,Home,743 Melissa Union,Gainesville,FL,61479
A003602,C002870,Home,2804 Donald Walks,Naples,FL,37585
A003603,C002870,Mailing,59696 Ann Manors,Fort Lauderdale,FL,75567
A003604,C002871,Home,2088 Jordan Trafficway,Fort Lauderdale,FL,40809
A003605,C002872,Home,3897 Amy Spur,Gainesville,FL,78270
A003606,C002873,Home,607 Martinez Springs Apt. 211,Pembroke Pines,FL,04750
A003607,C002874,Home,803 Peterson Stream Apt. 427,Tampa,FL,53828
A003608,C002875,Home,818 Howell Shoal Suite 809,Pembroke Pines,FL,86997
A003609,C002876,Home,790 Banks Spurs Apt. 955,Miami,FL,45224
A003610,C002876,Mailing,244 Heather Manors Suite 750,Davie,FL,45200
A003611,C002877,Home,688 Tracy Roads,Davie,FL,66378
A003612,C002878,Home,133 Miller View,Pembroke Pines,FL,77017
A003613,C002879,Home,592 Greer Row,Orlando,FL,41780
A003614,C002880,Home,208 Marc Junction,Davie,FL,81155
A003615,C002880,Mailing,81699 Raymond Tunnel,Naples,FL,37995
A003616,C002881,Home,129 Hunt Fork,Davie,FL,16053
A003617,C002882,Home,9294 Chase Course,West Palm Beach,FL,31577
A003618,C002883,Home,85072 Tammy Mission Suite 579,Boca Raton,FL,61868
A003619,C002884,Home,13163 Baker Canyon Apt. 365,Davie,FL,95611
A003620,C002885,Home,3856 Zachary Mission Apt. 844,Pembroke Pines,FL,70226
A003621,C002885,Mailing,6729 Jones Inlet Apt. 684,Hollywood,FL,65331
A003622,C002886,Home,3469 Bradley Tunnel,Gainesville,FL,19016
A003623,C002886,Mailing,41168 Michael Ways Apt. 673,Hollywood,FL,81122
A003624,C002887,Home,600 Baker Knoll Suite 379,Tampa,FL,85203
A003625,C002888,Home,69390 Lewis Turnpike Suite 487,Miami,FL,27452
A003626,C002889,Home,4713 Le Drives Apt. 836,Orlando,FL,01383
A003627,C002889,Mailing,65668 Alexander Plains,Jacksonville,FL,79717
A003628,C002890,Home,922 Allison Crossroad Suite 834,Orlando,FL,28284
A003629,C002891,Home,9805 Jessica Manors,Orlando,FL,57889
A003630,C002892,Home,261 Franklin Valley,Coral Springs,FL,25191
A003631,C002893,Home,8159 Sean Trafficway,Boca Raton,FL,73585
A003632,C002893,Mailing,604 Williams Brooks,Sarasota,FL,57491
A003633,C002894,Home,517 Marie Flats,Miami,FL,93875
A003634,C002895,Home,67148 Jason Light Apt. 968,Miami,FL,49198
A003635,C002896,Home,02707 Smith Common Suite 156,Tallahassee,FL,70409
A003636,C002897,Home,95440 Kristin Plains Apt. 935,Davie,FL,33715
A003637,C002898,Home,9480 Joshua Keys,Miami,FL,02643
A003638,C002898,Mailing,5526 Stephen Crescent Apt. 570,Coral Springs,FL,21357
A003639,C002899,Home,5749 Solis Knoll,Orlando,FL,67761
A003640,C002900,Home,7269 William Hollow Apt. 189,Boca Raton,FL,64754
A003641,C002901,Home,10284 Peterson Ports,Jacksonville,FL,64638
A003642,C002901,Mailing,33988 Amy Run Suite 476,Boca Raton,FL,18838
A003643,C002902,Home,33332 Anthony Lodge Suite 894,Sarasota,FL,23889
A003644,C002903,Home,669 Jessica Dale,Orlando,FL,46591
A003645,C002904,Home,80169 Fleming Spurs,Fort Lauderdale,FL,37387
A003646,C002905,Home,81578 Orozco Center,Jacksonville,FL,67584
A003647,C002905,Mailing,00185 Stewart Station Apt. 736,Orlando,FL,00542
A003648,C002906,Home,58436 Reese Turnpike,Sarasota,FL,23810
A003649,C002907,Home,867 Vega Turnpike Apt. 348,Coral Springs,FL,85222
A003650,C002908,Home,747 Michael Parkways Suite 181,Fort Lauderdale,FL,60467
A003651,C002909,Home,093 Kelsey Burg Apt. 528,Naples,FL,48622
A003652,C002910,Home,59086 Samantha River,Naples,FL,66804
A003653,C002910,Mailing,605 Jennifer Pass,Coral Springs,FL,38645
A003654,C002911,Home,378 Butler Creek Suite 926,Coral Springs,FL,98659
A003655,C002912,Home,87061 Gonzales Drive,West Palm Beach,FL,97532
A003656,C002912,Mailing,60740 Jacqueline Mission Apt. 548,Sarasota,FL,48969
A003657,C002913,Home,446 Kelly Prairie Suite 375,Davie,FL,06744
A003658,C002914,Home,6256 Moore Mount Suite 007,Boca Raton,FL,20898
A003659,C002915,Home,70813 Nathan Path Apt. 877,Fort Lauderdale,FL,63137
A003660,C002916,Home,43077 Ford Manors Apt. 367,West Palm Beach,FL,05249
A003661,C002917,Home,75571 Harmon Terrace Suite 854,Jacksonville,FL,09716
A003662,C002918,Home,420 Norris Highway,Davie,FL,09976
A003663,C002919,Home,89036 Janet Estate,Gainesville,FL,80514
A003664,C002920,Home,41674 Maria Ville Apt. 114,Tampa,FL,15633
A003665,C002921,Home,98161 Gomez Lane Apt. 248,Miami,FL,38925
A003666,C002922,Home,125 Jacob Tunnel Apt. 068,Tallahassee,FL,99718
A003667,C002923,Home,7389 Sarah Turnpike,Gainesville,FL,87490
A003668,C002924,Home,292 Peterson Squares,Sarasota,FL,02613
A003669,C002925,Home,70967 Brooke Heights Apt. 649,Naples,FL,64148
A003670,C002925,Mailing,2645 Douglas Locks,Pembroke Pines,FL,29974
A003671,C002926,Home,09981 Chris Islands,Coral Springs,FL,75092
A003672,C002927,Home,5956 Marie Isle Apt. 892,Jacksonville,FL,05569
A003673,C002928,Home,119 Navarro Pines Suite 024,Gainesville,FL,68579
A003674,C002928,Mailing,253 Laura Fork Apt. 207,Jacksonville,FL,76111
A003675,C002929,Home,2735 Wise Lock Suite 603,West Palm Beach,FL,01697
A003676,C002929,Mailing,923 Jaclyn Estates Apt. 287,West Palm Beach,FL,84787
A003677,C002930,Home,369 Pittman Shore Suite 876,Pembroke Pines,FL,76143
A003678,C002931,Home,468 Amy Estates,Hollywood,FL,32894
A003679,C002931,Mailing,38741 Thomas Island Suite 905,Sarasota,FL,55803
A003680,C002932,Home,9059 Dillon Run,Gainesville,FL,37774
A003681,C002932,Mailing,0307 Caitlin Village Apt. 112,Hollywood,FL,99178
A003682,C002933,Home,962 Stout Circles Suite 987,Jacksonville,FL,59329
A003683,C002934,Home,82633 Bright Islands,Miami,FL,36793
A003684,C002935,Home,655 Contreras Street,West Palm Beach,FL,77353
A003685,C002936,Home,750 Anderson Coves Apt. 091,Orlando,FL,97963
A003686,C002937,Home,0823 Johnny Coves,Orlando,FL,59033
A003687,C002937,Mailing,86361 Kenneth Roads,Boca Raton,FL,61733
A003688,C002938,Home,9376 Stacey Mill,Coral Springs,FL,32206
A003689,C002938,Mailing,412 Darlene Springs,West Palm Beach,FL,62888
A003690,C002939,Home,46414 Colton Branch Apt. 688,Fort Lauderdale,FL,59295
A003691,C002940,Home,389 Sheila Glens Apt. 737,Miami,FL,27378
A003692,C002940,Mailing,48941 Angela Keys Suite 821,Tallahassee,FL,48513
A003693,C002941,Home,76350 Snow Dam Apt. 931,Coral Springs,FL,87269
A003694,C002942,Home,2730 Amber Heights,Orlando,FL,71689
A003695,C002943,Home,93929 John Village,Coral Springs,FL,60261
A003696,C002944,Home,36678 Becky Village Apt. 530,Jacksonville,FL,93517
A003697,C002945,Home,674 Jesus Trail,Fort Lauderdale,FL,18241
A003698,C002946,Home,8345 Wagner Point Suite 189,Coral Springs,FL,46754
A003699,C002946,Mailing,79426 Angela Inlet,Hollywood,FL,29621
A003700,C002947,Home,007 Robinson Locks,Sarasota,FL,63067
A003701,C002948,Home,7032 Whitney Turnpike,Sarasota,FL,48539
A003702,C002949,Home,8830 Martinez Place Suite 901,Jacksonville,FL,87609
A003703,C002950,Home,02340 Christopher Dam,Fort Lauderdale,FL,84284
A003704,C002951,Home,03362 Matthew Burg Suite 641,Davie,FL,03523
A003705,C002952,Home,55903 Price Crossing Apt. 528,Jacksonville,FL,24859
A003706,C002952,Mailing,965 Calderon Highway Apt. 634,Naples,FL,02142
A003707,C002953,Home,40500 Cindy Road,Boca Raton,FL,97075
A003708,C002954,Home,87292 Scott Inlet Apt. 331,Fort Lauderdale,FL,16051
A003709,C002955,Home,33325 Jones Mountains,Gainesville,FL,50348
A003710,C002956,Home,81119 Campbell Point,Naples,FL,28880
A003711,C002957,Home,17512 Valencia Greens Apt. 901,Davie,FL,95324
A003712,C002957,Mailing,06478 Mark Shoal Apt. 656,Tallahassee,FL,89527
A003713,C002958,Home,7255 Jones Brooks Suite 746,Davie,FL,85718
A003714,C002959,Home,904 Alexander Port Apt. 647,Tampa,FL,04454
A003715,C002959,Mailing,6432 Benjamin Unions Suite 466,Sarasota,FL,71867
A003716,C002960,Home,002 Jade Tunnel Apt. 842,Hollywood,FL,70609
A003717,C002961,Home,91211 Daniel Junction Suite 702,Hollywood,FL,92627
A003718,C002961,Mailing,7210 Elizabeth Summit,Boca Raton,FL,21595
A003719,C002962,Home,81073 Myers Brook Suite 580,Orlando,FL,85911
A003720,C002963,Home,7525 Heather Isle,Boca Raton,FL,47273
A003721,C002964,Home,7133 Pearson Skyway,West Palm Beach,FL,07690
A003722,C002964,Mailing,427 Sharon Road,Fort Lauderdale,FL,15309
A003723,C002965,Home,57091 Arnold Fields Suite 208,Miami,FL,03677
A003724,C002966,Home,5723 Contreras Square,Miami,FL,78889
A003725,C002967,Home,3893 West Pines Apt. 443,Miami,FL,84010
A003726,C002967,Mailing,4355 Valdez Cove Apt. 631,Tampa,FL,74523
A003727,C002968,Home,69084 Caleb Harbor,Boca Raton,FL,33809
A003728,C002968,Mailing,041 Downs Mission Suite 701,Miami,FL,08445
A003729,C002969,Home,5462 Margaret Tunnel Suite 283,West Palm Beach,FL,30734
A003730,C002970,Home,159 Morris Station,Miami,FL,03844
A003731,C002970,Mailing,486 Lisa Squares,Tampa,FL,63935
A003732,C002971,Home,018 Smith Heights,Orlando,FL,09975
A003733,C002972,Home,4040 Sparks Glens,Sarasota,FL,66504
A003734,C002973,Home,24073 Christian Walk Suite 800,Boca Raton,FL,47431
A003735,C002973,Mailing,829 Carson Station Suite 368,Pembroke Pines,FL,28440
A003736,C002974,Home,53377 Robert Court Suite 471,Pembroke Pines,FL,50247
A003737,C002975,Home,237 Brooks Plaza Suite 449,Orlando,FL,26902
A003738,C002975,Mailing,312 Renee Spurs,Sarasota,FL,34892
A003739,C002976,Home,071 Tara Glens,Fort Lauderdale,FL,95462
A003740,C002977,Home,6688 Gomez Estates,Coral Springs,FL,41388
A003741,C002978,Home,41402 Victoria Parks,Hollywood,FL,39541
A003742,C002979,Home,139 Elizabeth Hollow,Pembroke Pines,FL,57075
A003743,C002980,Home,7538 Jason Views Suite 519,Davie,FL,99854
A003744,C002981,Home,87836 Gould Freeway Suite 834,Naples,FL,71983
A003745,C002982,Home,92990 Pamela Harbor Suite 387,Davie,FL,78349
A003746,C002983,Home,2460 Raymond Track Apt. 324,Fort Lauderdale,FL,84677
A003747,C002984,Home,4940 Ethan Ports,Gainesville,FL,31898
A003748,C002985,Home,66924 Paul Mills,Tallahassee,FL,77530
A003749,C002986,Home,475 Jessica Pike Apt. 110,Tampa,FL,02714
A003750,C002987,Home,124 Valenzuela Falls Suite 595,Sarasota,FL,94675
A003751,C002988,Home,136 Ortiz Fields Apt. 849,Davie,FL,73077
A003752,C002989,Home,96989 Robert Groves Suite 002,Gainesville,FL,91384
A003753,C002990,Home,58187 Nancy Ports Apt. 243,Miami,FL,43661
A003754,C002991,Home,22217 Valerie Lodge Suite 855,Tampa,FL,24048
A003755,C002992,Home,749 Phillips Prairie Apt. 305,Fort Lauderdale,FL,55249
A003756,C002993,Home,884 Massey Route,Pembroke Pines,FL,31884
A003757,C002994,Home,03009 Hahn Islands,Gainesville,FL,01549
A003758,C002995,Home,056 Burns Knoll,Tallahassee,FL,45903
A003759,C002996,Home,59014 Montoya Manors Apt. 668,Boca Raton,FL,45102
A003760,C002997,Home,0590 Carter Park,Sarasota,FL,57482
A003761,C002998,Home,032 Christine Fall Apt. 441,Hollywood,FL,75051
A003762,C002999,Home,43120 Brittany Roads Apt. 332,Jacksonville,FL,15345
A003763,C003000,Home,02810 Gonzalez Mall Suite 220,Miami,FL,46525
A003764,C003001,Home,4914 Caleb Valley,Boca Raton,FL,71195
A003765,C003001,Mailing,9566 Reid Estates Suite 243,Coral Springs,FL,01856
A003766,C003002,Home,412 David Heights,Jacksonville,FL,69109
A003767,C003002,Mailing,814 Arellano Walks,Hollywood,FL,03609
A003768,C003003,Home,162 Collins Centers,Tallahassee,FL,47101
A003769,C003004,Home,7536 Burns Island Apt. 807,West Palm Beach,FL,26256
A003770,C003005,Home,7676 Ryan Run,Boca Raton,FL,86890
A003771,C003006,Home,2751 David Plains,Pembroke Pines,FL,42132
A003772,C003007,Home,908 Justin Shore Suite 091,Jacksonville,FL,72869
A003773,C003007,Mailing,008 David Key Apt. 151,Naples,FL,50847
A003774,C003008,Home,31728 Johnson Track,Fort Lauderdale,FL,14196
A003775,C003009,Home,93914 Welch Ridge Apt. 813,Naples,FL,91997
A003776,C003010,Home,1893 Dana Burg Apt. 608,Coral Springs,FL,22321
A003777,C003010,Mailing,929 Derek Inlet,Jacksonville,FL,53789
A003778,C003011,Home,8103 Hall Summit,Tampa,FL,11945
A003779,C003012,Home,618 Bonnie Ville,Davie,FL,97332
A003780,C003013,Home,2717 Patrick Divide Apt. 594,Jacksonville,FL,63245
A003781,C003014,Home,4361 Krause Forest,Miami,FL,90127
A003782,C003015,Home,8151 Singleton Flat Apt. 941,Pembroke Pines,FL,51881
A003783,C003016,Home,2750 Elliott Road,West Palm Beach,FL,74594
A003784,C003017,Home,503 Clark Fort Apt. 150,Tampa,FL,98841
A003785,C003018,Home,462 Wyatt Street,Naples,FL,59823
A003786,C003019,Home,649 Brown Manors Suite 880,Fort Lauderdale,FL,44516
A003787,C003020,Home,8957 Anna Cliff Suite 145,Jacksonville,FL,11760
A003788,C003021,Home,50606 Ryan Green Suite 204,Jacksonville,FL,95726
A003789,C003021,Mailing,1167 Christopher Burgs Apt. 303,Jacksonville,FL,55593
A003790,C003022,Home,1958 Wallace Tunnel,Davie,FL,43419
A003791,C003023,Home,37146 Lee Knoll Apt. 522,Pembroke Pines,FL,20736
A003792,C003024,Home,107 Candice Court Apt. 594,Davie,FL,72747
A003793,C003025,Home,86448 Stewart Way,Davie,FL,88030
A003794,C003025,Mailing,8761 Mayo Green Suite 524,Tampa,FL,11525
A003795,C003026,Home,8996 William Island Apt. 913,West Palm Beach,FL,60389
A003796,C003027,Home,758 Daniel Spurs,Naples,FL,23289
A003797,C003028,Home,6698 Elliott Roads,Pembroke Pines,FL,02379
A003798,C003028,Mailing,098 Davis Canyon,West Palm Beach,FL,60022
A003799,C003029,Home,961 Ferguson Ports,Orlando,FL,36104
A003800,C003030,Home,9923 Ian Circle,Gainesville,FL,55514
A003801,C003030,Mailing,230 Carly Park,Davie,FL,11485
A003802,C003031,Home,701 Wilson Forks Suite 342,Hollywood,FL,72177
A003803,C003031,Mailing,0244 Timothy Viaduct Suite 449,Tallahassee,FL,51165
A003804,C003032,Home,2404 Robert Drives Suite 028,Jacksonville,FL,40039
A003805,C003032,Mailing,02126 Lucas Spurs,Miami,FL,91334
A003806,C003033,Home,1484 Cheryl Point,Orlando,FL,67065
A003807,C003034,Home,701 Hart Turnpike,Sarasota,FL,14456
A003808,C003035,Home,061 Price Mission Apt. 585,Boca Raton,FL,33607
A003809,C003036,Home,4681 Sims Drive,Sarasota,FL,54457
A003810,C003037,Home,4395 Michael Lodge,Gainesville,FL,07042
A003811,C003038,Home,71276 Wilkins Extensions Apt. 374,Tallahassee,FL,43778
A003812,C003039,Home,1465 Haley Terrace Suite 864,Boca Raton,FL,51001
A003813,C003040,Home,876 Matthew Haven,Boca Raton,FL,01041
A003814,C003040,Mailing,713 Christopher Loaf,Hollywood,FL,58177
A003815,C003041,Home,0564 Paul Extension Suite 045,Orlando,FL,22847
A003816,C003041,Mailing,17945 Hernandez Key,Hollywood,FL,74074
A003817,C003042,Home,789 Jennifer Village,Jacksonville,FL,32031
A003818,C003043,Home,4824 Kennedy Vista,West Palm Beach,FL,49691
A003819,C003043,Mailing,4224 Davis Dam Suite 437,Jacksonville,FL,55043
A003820,C003044,Home,701 Amber Ford,Tallahassee,FL,99488
A003821,C003045,Home,9551 Hartman Field Apt. 132,Gainesville,FL,03715
A003822,C003045,Mailing,6643 Ernest Ville Suite 760,Miami,FL,21444
A003823,C003046,Home,163 Moody Pine Suite 422,Fort Lauderdale,FL,67212
A003824,C003047,Home,839 Miller River,Coral Springs,FL,23439
A003825,C003048,Home,587 Dakota Pines,Gainesville,FL,47096
A003826,C003049,Home,5534 Heather Island,West Palm Beach,FL,29278
A003827,C003049,Mailing,77519 Lawson Circles Apt. 572,Fort Lauderdale,FL,48405
A003828,C003050,Home,995 Moore Road Suite 612,Hollywood,FL,23530
A003829,C003051,Home,5870 Ashley Squares Suite 266,Fort Lauderdale,FL,39852
A003830,C003052,Home,953 Kaiser Stream Suite 173,Davie,FL,36468
A003831,C003053,Home,557 Thomas Avenue,Davie,FL,83785
A003832,C003054,Home,52562 Morris Pike,Davie,FL,78170
A003833,C003055,Home,51008 Samantha Dale,Tallahassee,FL,32666
A003834,C003055,Mailing,016 Taylor Tunnel,Tampa,FL,52837
A003835,C003056,Home,676 Spencer Port,Orlando,FL,34227
A003836,C003057,Home,527 Colton Corners,Gainesville,FL,61552
A003837,C003058,Home,16638 Walker Hills,Davie,FL,89271
A003838,C003058,Mailing,740 Eric Parks Suite 150,Davie,FL,54634
A003839,C003059,Home,51084 Anderson Greens,West Palm Beach,FL,48753
A003840,C003059,Mailing,0014 Avila Canyon Apt. 468,Fort Lauderdale,FL,68649
A003841,C003060,Home,14015 Howard Fords,Coral Springs,FL,73583
A003842,C003060,Mailing,821 Smith Stravenue,Sarasota,FL,83915
A003843,C003061,Home,589 Bean Well,Orlando,FL,03539
A003844,C003062,Home,0625 John Parkways,Pembroke Pines,FL,09417
A003845,C003063,Home,031 Harrison Ports,Pembroke Pines,FL,27898
A003846,C003063,Mailing,612 Carol Loaf Apt. 796,Orlando,FL,29589
A003847,C003064,Home,06468 West Spurs Suite 560,Tallahassee,FL,81337
A003848,C003065,Home,15506 Matthew Gateway Apt. 172,Boca Raton,FL,94477
A003849,C003066,Home,40630 Martin Bypass,Miami,FL,20276
A003850,C003066,Mailing,9516 Ellen Garden Suite 289,Davie,FL,88241
A003851,C003067,Home,02464 Cruz Mill Apt. 545,Fort Lauderdale,FL,50113
A003852,C003068,Home,368 Peterson Ridge Apt. 195,Orlando,FL,30401
A003853,C003069,Home,44248 Alisha Cape Apt. 852,West Palm Beach,FL,20984
A003854,C003070,Home,3689 West Alley Suite 508,Fort Lauderdale,FL,11996
A003855,C003071,Home,9444 Bowman Wall,Miami,FL,59984
A003856,C003071,Mailing,9091 Johnson Hills Suite 353,Miami,FL,90807
A003857,C003072,Home,9825 Taylor Keys Suite 533,Gainesville,FL,38927
A003858,C003072,Mailing,249 Michael Branch Suite 705,Tampa,FL,78121
A003859,C003073,Home,51535 Fisher Park,Gainesville,FL,53036
A003860,C003073,Mailing,59165 Wilson Keys,Pembroke Pines,FL,26670
A003861,C003074,Home,14752 Alvarado Lodge Suite 210,West Palm Beach,FL,45684
A003862,C003075,Home,32043 John Drives,Gainesville,FL,70324
A003863,C003076,Home,3173 Gina Mill,Coral Springs,FL,86963
A003864,C003077,Home,05554 Jackson Point Suite 523,Orlando,FL,75822
A003865,C003078,Home,2243 Sara Extensions Suite 343,Davie,FL,47364
A003866,C003079,Home,711 Phillips Landing Suite 808,West Palm Beach,FL,97287
A003867,C003080,Home,0151 Rebecca Union Suite 635,Hollywood,FL,92937
A003868,C003081,Home,8399 Davis Brook,Miami,FL,56860
A003869,C003082,Home,790 Clifford Spurs,Sarasota,FL,76842
A003870,C003083,Home,0897 Walker Street,Tallahassee,FL,69073
A003871,C003084,Home,883 Diaz Way Suite 200,Hollywood,FL,56480
A003872,C003085,Home,22003 Martin Avenue,West Palm Beach,FL,24597
A003873,C003086,Home,827 Pope Squares Suite 149,West Palm Beach,FL,54486
A003874,C003087,Home,006 Campbell Knoll Suite 535,Gainesville,FL,49027
A003875,C003088,Home,18392 Alisha Circle,Gainesville,FL,02431
A003876,C003089,Home,6169 Jodi Harbor Suite 419,Tampa,FL,95632
A003877,C003090,Home,364 Ernest Mall,Davie,FL,20281
A003878,C003090,Mailing,5165 Brian Lakes,Jacksonville,FL,33945
A003879,C003091,Home,3330 Kennedy Stravenue,Tallahassee,FL,61335
A003880,C003091,Mailing,23533 Garcia Greens,Davie,FL,81322
A003881,C003092,Home,797 Henderson Light,Boca Raton,FL,32899
A003882,C003093,Home,6999 Victoria Centers,Miami,FL,77855
A003883,C003093,Mailing,5283 Kathleen Street,Miami,FL,26642
A003884,C003094,Home,65787 Thomas Fort Apt. 451,Fort Lauderdale,FL,60510
A003885,C003095,Home,08810 Garcia Way Apt. 543,Coral Springs,FL,28770
A003886,C003096,Home,874 Aaron Bypass Suite 814,Gainesville,FL,81728
A003887,C003096,Mailing,58548 Herman Rest,Tallahassee,FL,42665
A003888,C003097,Home,197 Mack Ford,Boca Raton,FL,77893
A003889,C003098,Home,8496 Christopher Island Suite 668,Davie,FL,80651
A003890,C003098,Mailing,718 Hill Vista,Fort Lauderdale,FL,60938
A003891,C003099,Home,48451 Sherri Port,Hollywood,FL,83697
A003892,C003100,Home,99680 Darren Station Suite 503,Tallahassee,FL,21130
A003893,C003101,Home,29075 Mcdonald Vista Suite 476,Naples,FL,66790
A003894,C003102,Home,98968 Smith Fall Suite 705,West Palm Beach,FL,77811
A003895,C003102,Mailing,323 Charles Forest,Gainesville,FL,28629
A003896,C003103,Home,484 John Forges Apt. 595,Miami,FL,24190
A003897,C003103,Mailing,758 Danielle Locks,Orlando,FL,21943
A003898,C003104,Home,19574 Shannon Pike Apt. 868,Miami,FL,67035
A003899,C003104,Mailing,741 Blake Rapid Apt. 694,Orlando,FL,85710
A003900,C003105,Home,894 Amy Valleys,Boca Raton,FL,47099
A003901,C003105,Mailing,60493 Claudia Ranch,Naples,FL,03537
A003902,C003106,Home,7707 Erica Junctions Apt. 892,Pembroke Pines,FL,70658
A003903,C003106,Mailing,9277 Miller Landing Suite 737,Sarasota,FL,89022
A003904,C003107,Home,5968 Kelly Center,Jacksonville,FL,24870
A003905,C003108,Home,02759 Katherine Prairie Suite 212,West Palm Beach,FL,25301
A003906,C003109,Home,062 Dylan Club Suite 860,Tallahassee,FL,16752
A003907,C003110,Home,93333 Richard Inlet Suite 779,Fort Lauderdale,FL,12150
A003908,C003111,Home,348 Samantha Village Apt. 093,Pembroke Pines,FL,61032
A003909,C003112,Home,4259 Martin Mountains,Tampa,FL,17560
A003910,C003113,Home,920 Wayne Forges,West Palm Beach,FL,85980
A003911,C003114,Home,25425 Preston Trace Apt. 635,Gainesville,FL,99902
A003912,C003115,Home,07347 Robinson Greens Apt. 268,Jacksonville,FL,24855
A003913,C003116,Home,843 Miller Loaf,Davie,FL,87287
A003914,C003117,Home,06014 Willis Cliffs Suite 372,West Palm Beach,FL,21132
A003915,C003118,Home,56701 Dennis Cove Suite 929,Jacksonville,FL,92604
A003916,C003119,Home,7490 Nichols Mews,Orlando,FL,50108
A003917,C003120,Home,230 Gregory Fall,Jacksonville,FL,32914
A003918,C003121,Home,5910 Christopher Island,Hollywood,FL,73352
A003919,C003121,Mailing,425 Douglas Isle Suite 938,Davie,FL,03603
A003920,C003122,Home,738 Lowery Shores Apt. 841,Fort Lauderdale,FL,50649
A003921,C003123,Home,989 Johnson Camp,Davie,FL,01535
A003922,C003124,Home,038 Stephanie Meadow Apt. 617,Tallahassee,FL,60503
A003923,C003124,Mailing,7033 Sanders Branch,Naples,FL,71285
A003924,C003125,Home,826 Campbell Fall,Sarasota,FL,86804
A003925,C003126,Home,9140 Franklin Isle,Boca Raton,FL,01620
A003926,C003127,Home,76625 Eugene Course Suite 880,Naples,FL,96901
A003927,C003128,Home,248 Lori Shore Apt. 254,Tallahassee,FL,38349
A003928,C003129,Home,8230 Thompson Underpass,Tampa,FL,87021
A003929,C003130,Home,0177 Ford Run,Davie,FL,32989
A003930,C003131,Home,8283 Elizabeth Garden,Orlando,FL,15851
A003931,C003131,Mailing,531 Vasquez Shores Suite 055,Coral Springs,FL,99791
A003932,C003132,Home,685 Danielle Ways,Davie,FL,81355
A003933,C003133,Home,24630 Zachary Spurs,Jacksonville,FL,43319
A003934,C003134,Home,048 Denise Points Suite 120,Hollywood,FL,73165
A003935,C003135,Home,4814 Woods Mall,Coral Springs,FL,67119
A003936,C003136,Home,570 Jessica Route Suite 827,Sarasota,FL,48856
A003937,C003136,Mailing,74004 Rojas Passage Apt. 654,Orlando,FL,16450
A003938,C003137,Home,393 Darryl Views,Boca Raton,FL,69774
A003939,C003138,Home,32225 Evan Light,Tallahassee,FL,08574
A003940,C003139,Home,297 Kari Port Suite 461,Orlando,FL,41087
A003941,C003140,Home,750 Michael Ville,Coral Springs,FL,70385
A003942,C003141,Home,0939 Gonzalez Corners,Hollywood,FL,26948
A003943,C003142,Home,76699 Gay Crest,Coral Springs,FL,54977
A003944,C003142,Mailing,135 Blackburn Skyway,Hollywood,FL,72584
A003945,C003143,Home,98239 Adams Hollow Apt. 447,Hollywood,FL,87397
A003946,C003144,Home,5869 Benson Courts Suite 252,West Palm Beach,FL,29051
A003947,C003144,Mailing,1699 Ramirez Trafficway Suite 313,Gainesville,FL,79308
A003948,C003145,Home,90007 Jessica Shoals Suite 930,Naples,FL,29166
A003949,C003146,Home,2835 Rachel Crossroad,Naples,FL,61744
A003950,C003147,Home,68964 Jeff Crest,West Palm Beach,FL,64260
A003951,C003148,Home,9807 Cantrell Via,Jacksonville,FL,05734
A003952,C003149,Home,410 Hawkins Bridge Suite 848,Pembroke Pines,FL,93428
A003953,C003150,Home,35434 Vega Lock Apt. 975,Tallahassee,FL,11275
A003954,C003150,Mailing,89873 James Underpass,Hollywood,FL,54316
A003955,C003151,Home,115 Derek Valley Suite 960,Fort Lauderdale,FL,58020
A003956,C003151,Mailing,0885 Summers Square,Coral Springs,FL,49295
A003957,C003152,Home,38293 Harmon Run,Boca Raton,FL,46194
A003958,C003153,Home,69191 William Island,Fort Lauderdale,FL,29017
A003959,C003154,Home,26598 Hannah Vista,Gainesville,FL,49982
A003960,C003155,Home,2826 Vega Pass,Naples,FL,29328
A003961,C003156,Home,13077 Thomas Point,Coral Springs,FL,97464
A003962,C003157,Home,7955 Cassie Mountain,Davie,FL,18315
A003963,C003158,Home,5840 Tonya Terrace Apt. 107,Boca Raton,FL,06247
A003964,C003159,Home,4748 Danielle Freeway,Sarasota,FL,33766
A003965,C003160,Home,784 Michael Light,Tallahassee,FL,26122
A003966,C003160,Mailing,0734 Stephens Springs Suite 142,Gainesville,FL,94933
A003967,C003161,Home,49207 Carla Fall Apt. 226,Davie,FL,42657
A003968,C003162,Home,9459 Welch Walk Apt. 540,Naples,FL,53206
A003969,C003163,Home,01963 Stewart Knolls Apt. 153,Pembroke Pines,FL,66638
A003970,C003163,Mailing,1107 Miller Fort,West Palm Beach,FL,88144
A003971,C003164,Home,21366 Cooper Overpass,West Palm Beach,FL,60464
A003972,C003164,Mailing,7868 Lisa Rapids,Fort Lauderdale,FL,92908
A003973,C003165,Home,48998 Morgan Orchard,Coral Springs,FL,31516
A003974,C003166,Home,45036 Robin Valley Suite 624,Tallahassee,FL,32444
A003975,C003166,Mailing,38253 Gilmore Hollow Suite 178,Naples,FL,22655
A003976,C003167,Home,5065 Cox Knoll Suite 418,Orlando,FL,65273
A003977,C003168,Home,623 Glover Hills Suite 979,Orlando,FL,86072
A003978,C003169,Home,159 Jones Plains,Hollywood,FL,31241
A003979,C003170,Home,626 Clark Cliffs Apt. 133,Orlando,FL,27064
A003980,C003171,Home,1246 Jessica Crest Apt. 222,Fort Lauderdale,FL,89208
A003981,C003172,Home,39659 Maurice Plains Apt. 011,Miami,FL,48520
A003982,C003173,Home,9559 Karen Canyon,Hollywood,FL,59362
A003983,C003174,Home,7377 Hurley Lake,Fort Lauderdale,FL,07335
A003984,C003175,Home,044 Chad Village Suite 750,Fort Lauderdale,FL,03023
A003985,C003176,Home,5842 Jessica Valleys Apt. 826,Sarasota,FL,71208
A003986,C003177,Home,1019 Jeffery Mews,Coral Springs,FL,51628
A003987,C003178,Home,56378 Anthony Trace Apt. 735,Boca Raton,FL,57598
A003988,C003179,Home,92329 Patricia Radial,Fort Lauderdale,FL,64406
A003989,C003179,Mailing,5375 Bautista River,Miami,FL,42580
A003990,C003180,Home,554 Christy Overpass,Miami,FL,38834
A003991,C003181,Home,778 Campbell Club,Tampa,FL,50148
A003992,C003182,Home,4758 Hamilton Rapid,Miami,FL,19021
A003993,C003183,Home,6740 Jim Isle,Tampa,FL,17955
A003994,C003184,Home,5599 Michael Passage,Sarasota,FL,76721
A003995,C003184,Mailing,615 Weaver Rapids,Gainesville,FL,25251
A003996,C003185,Home,84772 Mckenzie Shore,West Palm Beach,FL,73712
A003997,C003186,Home,80190 Kimberly Mount Suite 810,Boca Raton,FL,62671
A003998,C003187,Home,85932 Krystal Curve Suite 008,Coral Springs,FL,66242
A003999,C003188,Home,52189 Michael Greens,West Palm Beach,FL,44192
A004000,C003189,Home,9642 Brown Haven Suite 796,Naples,FL,78551
A004001,C003190,Home,34499 Church Court Suite 607,Gainesville,FL,53761
A004002,C003191,Home,60111 Kyle Villages,Tallahassee,FL,56528
A004003,C003191,Mailing,86858 Friedman Roads Apt. 112,Gainesville,FL,90912
A004004,C003192,Home,112 Bryan Road,Sarasota,FL,23907
A004005,C003193,Home,91165 Kelsey Locks,Jacksonville,FL,48340
A004006,C003194,Home,07033 Joshua Park,Hollywood,FL,20741
A004007,C003195,Home,26638 Glass Wells Suite 554,Fort Lauderdale,FL,99478
A004008,C003196,Home,871 Stewart Burg Suite 254,Fort Lauderdale,FL,23553
A004009,C003197,Home,48542 Hampton Via Suite 835,Gainesville,FL,46073
A004010,C003198,Home,029 Cheryl Trace Suite 769,Hollywood,FL,77785
A004011,C003199,Home,3302 Glenn Isle,Davie,FL,73390
A004012,C003200,Home,83608 Wilson Ranch,Pembroke Pines,FL,26475
A004013,C003201,Home,269 Collins Springs,Jacksonville,FL,55169
A004014,C003201,Mailing,33776 Lee Points,Gainesville,FL,01544
A004015,C003202,Home,4501 Susan Row Apt. 443,Tampa,FL,57358
A004016,C003202,Mailing,339 Walker Ports,Sarasota,FL,56801
A004017,C003203,Home,389 Nicole Fields,Sarasota,FL,57249
A004018,C003204,Home,63909 Michael Passage Apt. 758,Jacksonville,FL,38596
A004019,C003205,Home,1015 Sarah Well,Boca Raton,FL,52004
A004020,C003206,Home,431 Cody Circle Suite 058,Miami,FL,10171
A004021,C003207,Home,8215 Horne Glen,Tallahassee,FL,90139
A004022,C003208,Home,7458 Gardner Locks Apt. 494,Gainesville,FL,31478
A004023,C003209,Home,492 Mark Springs,Sarasota,FL,64979
A004024,C003210,Home,872 Keith Trail Apt. 762,Naples,FL,51344
A004025,C003211,Home,11718 Brittany Plains Suite 357,Davie,FL,68243
A004026,C003211,Mailing,26583 Michael Mall,Pembroke Pines,FL,71628
A004027,C003212,Home,1500 Jamie Harbor,Gainesville,FL,69259
A004028,C003212,Mailing,266 Beck Plaza,Davie,FL,84247
A004029,C003213,Home,62345 Bethany Fall,Sarasota,FL,67367
A004030,C003214,Home,33438 Smith Prairie Suite 284,Jacksonville,FL,39881
A004031,C003215,Home,53893 Rice Crossing Suite 655,Naples,FL,55064
A004032,C003216,Home,61363 Thomas Station,West Palm Beach,FL,50324
A004033,C003217,Home,43472 Amber Pines,Sarasota,FL,94842
A004034,C003218,Home,7199 Anthony Square,Pembroke Pines,FL,43087
A004035,C003218,Mailing,08512 Renee Glens Suite 281,Tallahassee,FL,05182
A004036,C003219,Home,53198 Gregory Curve Apt. 795,Tallahassee,FL,75724
A004037,C003220,Home,986 Anderson Fork Apt. 136,Jacksonville,FL,97854
A004038,C003221,Home,51453 Lopez Locks Suite 865,Jacksonville,FL,27639
A004039,C003222,Home,3928 Tina Turnpike,Pembroke Pines,FL,84669
A004040,C003223,Home,4550 Gamble Harbors,Gainesville,FL,91524
A004041,C003224,Home,1524 Douglas Glen,Miami,FL,28490
A004042,C003225,Home,26936 Kennedy Views Apt. 290,Naples,FL,65837
A004043,C003226,Home,953 Jessica Fort,Naples,FL,97844
A004044,C003227,Home,2000 Katie Plain Suite 613,Coral Springs,FL,62110
A004045,C003228,Home,95072 Danielle Flat Apt. 161,Davie,FL,42326
A004046,C003228,Mailing,049 Eric Tunnel Suite 950,Pembroke Pines,FL,80434
A004047,C003229,Home,8432 Goodwin Road,Miami,FL,64096
A004048,C003230,Home,0695 Justin Streets Suite 252,Orlando,FL,00928
A004049,C003231,Home,89935 Virginia Throughway Suite 343,Pembroke Pines,FL,27544
A004050,C003232,Home,7601 Jonathan Hills,West Palm Beach,FL,70960
A004051,C003232,Mailing,68644 Holt Vista,Orlando,FL,27985
A004052,C003233,Home,6610 Thomas Lane,Naples,FL,33234
A004053,C003234,Home,542 Morgan Overpass,Tallahassee,FL,67916
A004054,C003235,Home,34058 Chase Coves Apt. 285,Naples,FL,47232
A004055,C003236,Home,07693 Amy Shoal,Pembroke Pines,FL,44306
A004056,C003236,Mailing,7071 Le Trafficway Apt. 312,Tampa,FL,40021
A004057,C003237,Home,6595 Baker Manor,West Palm Beach,FL,20954
A004058,C003238,Home,13762 Larsen Valley Suite 443,Davie,FL,65670
A004059,C003238,Mailing,211 Wood Coves Apt. 158,Jacksonville,FL,52004
A004060,C003239,Home,160 Robinson Pass,Miami,FL,83484
A004061,C003239,Mailing,393 Briana Inlet Apt. 337,Hollywood,FL,67375
A004062,C003240,Home,010 Sandra Stravenue Apt. 848,West Palm Beach,FL,05875
A004063,C003241,Home,0740 Henry Squares,Tampa,FL,48053
A004064,C003242,Home,9481 Nichols Valleys Apt. 668,Tallahassee,FL,92345
A004065,C003243,Home,61759 Davis Junctions,Davie,FL,47694
A004066,C003244,Home,04216 Flowers Flats,Gainesville,FL,32111
A004067,C003245,Home,701 Julie Causeway,Gainesville,FL,48676
A004068,C003246,Home,23515 Blake Shoal,Fort Lauderdale,FL,07180
A004069,C003247,Home,82455 Wilson Mountain Apt. 642,Pembroke Pines,FL,00861
A004070,C003247,Mailing,30081 George Bypass,Boca Raton,FL,29545
A004071,C003248,Home,238 Stephen Trafficway Suite 630,Coral Springs,FL,59863
A004072,C003249,Home,547 Nicole Viaduct Suite 150,Sarasota,FL,82247
A004073,C003250,Home,55412 Ashley Station,Boca Raton,FL,77793
A004074,C003251,Home,952 Andrea Court,Orlando,FL,08837
A004075,C003252,Home,08156 Nicholson Forge Apt. 620,Sarasota,FL,83039
A004076,C003253,Home,8590 Lori Rapids Suite 269,Tallahassee,FL,64194
A004077,C003253,Mailing,241 Thomas Union,Sarasota,FL,63971
A004078,C003254,Home,8328 Austin Divide,Fort Lauderdale,FL,56996
A004079,C003254,Mailing,773 Stephen Camp Suite 772,Naples,FL,28868
A004080,C003255,Home,8021 Sarah Junction,Davie,FL,99459
A004081,C003255,Mailing,72444 Hernandez Spur Apt. 097,Naples,FL,37392
A004082,C003256,Home,50766 Howard Estates,Orlando,FL,37819
A004083,C003257,Home,23442 Johnson Prairie Suite 360,Pembroke Pines,FL,85204
A004084,C003258,Home,5321 James Isle Apt. 278,Davie,FL,01543
A004085,C003259,Home,64310 Martinez Park Apt. 488,West Palm Beach,FL,03169
A004086,C003260,Home,8067 Cook Manors,Coral Springs,FL,76044
A004087,C003261,Home,486 Schneider Vista,Boca Raton,FL,60243
A004088,C003262,Home,890 Cory Throughway Apt. 546,Jacksonville,FL,45970
A004089,C003263,Home,926 Debra Forest Suite 154,Fort Lauderdale,FL,46042
A004090,C003264,Home,1937 Watkins Plaza Suite 505,Naples,FL,84061
A004091,C003265,Home,13606 Rodney Plains Apt. 308,Jacksonville,FL,22038
A004092,C003265,Mailing,82557 Jeremy Keys,West Palm Beach,FL,89271
A004093,C003266,Home,18142 Bonnie Key,West Palm Beach,FL,24519
A004094,C003267,Home,16383 Coleman Ridge Apt. 309,Fort Lauderdale,FL,73269
A004095,C003268,Home,11979 Edwards Rapids Apt. 878,Davie,FL,16949
A004096,C003269,Home,8686 Gibson Stream Suite 348,Boca Raton,FL,16286
A004097,C003270,Home,765 Powers Mountains Apt. 192,Boca Raton,FL,31524
A004098,C003271,Home,089 Saunders Motorway,Hollywood,FL,13389
A004099,C003272,Home,306 Nixon Road,Hollywood,FL,39290
A004100,C003273,Home,02747 Weaver Turnpike Suite 470,Miami,FL,29452
A004101,C003274,Home,09565 Skinner Knoll Suite 532,Tampa,FL,85460
A004102,C003275,Home,60890 Downs Flats Apt. 758,Fort Lauderdale,FL,28783
A004103,C003276,Home,35724 Mark Terrace,Jacksonville,FL,52880
A004104,C003277,Home,2548 Martin Ways Suite 365,Coral Springs,FL,04140
A004105,C003278,Home,903 Prince Tunnel,Hollywood,FL,12361
A004106,C003279,Home,96349 Dustin Hollow,Hollywood,FL,87461
A004107,C003279,Mailing,4603 Morales Well Suite 649,Sarasota,FL,91448
A004108,C003280,Home,64531 Jacob Expressway,Fort Lauderdale,FL,24071
A004109,C003281,Home,99838 Mercedes Locks,Jacksonville,FL,79050
A004110,C003282,Home,379 Michael Summit Apt. 623,Gainesville,FL,14377
A004111,C003282,Mailing,74379 Morse Spur,Orlando,FL,71384
A004112,C003283,Home,00673 Heather Brooks Suite 497,Fort Lauderdale,FL,86462
A004113,C003283,Mailing,06627 Freeman Passage,Naples,FL,50935
A004114,C003284,Home,34420 Laura Heights Apt. 222,Miami,FL,85744
A004115,C003285,Home,4059 Lori Forks Apt. 178,West Palm Beach,FL,11799
A004116,C003285,Mailing,600 Phillips Mills,Sarasota,FL,81964
A004117,C003286,Home,3471 Lisa Radial Suite 775,Davie,FL,77279
A004118,C003287,Home,132 Jennifer Views,Miami,FL,27513
A004119,C003288,Home,73263 Misty Parkway Apt. 726,Naples,FL,94489
A004120,C003288,Mailing,7861 Debra Garden,Fort Lauderdale,FL,72386
A004121,C003289,Home,506 Solis Mount,Orlando,FL,06692
A004122,C003289,Mailing,448 Steven Roads Suite 511,Orlando,FL,33076
A004123,C003290,Home,8501 Blackburn Flats Suite 239,Coral Springs,FL,62388
A004124,C003290,Mailing,8678 Marcus Square,Fort Lauderdale,FL,05934
A004125,C003291,Home,1272 Jose Extension Apt. 287,Gainesville,FL,40059
A004126,C003292,Home,34859 Park Land,Orlando,FL,77578
A004127,C003292,Mailing,10951 Carolyn Turnpike,Tampa,FL,10110
A004128,C003293,Home,2776 Wilkerson Mountains,Sarasota,FL,35411
A004129,C003294,Home,2268 Justin Hills Suite 981,Orlando,FL,13643
A004130,C003295,Home,0417 Berger Station,Hollywood,FL,18808
A004131,C003296,Home,025 Thompson Heights,Sarasota,FL,85658
A004132,C003296,Mailing,1101 Davis Turnpike,Boca Raton,FL,16686
A004133,C003297,Home,7071 Garcia Prairie,Davie,FL,02379
A004134,C003298,Home,927 Vance Loop Suite 354,Hollywood,FL,19671
A004135,C003299,Home,7152 Austin Cliffs,Davie,FL,52018
A004136,C003300,Home,4868 John Key Suite 827,Davie,FL,82458
A004137,C003300,Mailing,8562 Albert Port Suite 806,Orlando,FL,10518
A004138,C003301,Home,95895 Stephanie Land Suite 248,Gainesville,FL,41285
A004139,C003302,Home,661 Jessica Island,Tampa,FL,44044
A004140,C003303,Home,179 Miles Mount,Tallahassee,FL,64786
A004141,C003304,Home,817 Nichole Wall Suite 082,Tampa,FL,79827
A004142,C003305,Home,76504 Andrew Gardens Suite 767,Jacksonville,FL,75028
A004143,C003306,Home,05140 Weber Manors,Gainesville,FL,37943
A004144,C003307,Home,6913 Norris Station Suite 063,Fort Lauderdale,FL,48182
A004145,C003307,Mailing,538 Thompson Centers,Gainesville,FL,35736
A004146,C003308,Home,2386 Smith Mountains Suite 076,Naples,FL,13681
A004147,C003309,Home,6826 Phillips Meadows,Hollywood,FL,13812
A004148,C003310,Home,20079 Lopez Unions,Boca Raton,FL,21995
A004149,C003310,Mailing,37492 Walker Station Suite 804,Jacksonville,FL,76399
A004150,C003311,Home,0128 Erickson Course Apt. 450,Pembroke Pines,FL,55437
A004151,C003312,Home,252 Coleman Canyon Suite 135,Tallahassee,FL,82099
A004152,C003313,Home,9372 Ortiz Ridge Suite 722,Tampa,FL,97131
A004153,C003314,Home,02254 Randy Mountain,Davie,FL,48713
A004154,C003315,Home,06763 John Junctions,Boca Raton,FL,30901
A004155,C003316,Home,145 Joyce Stream Suite 846,West Palm Beach,FL,06528
A004156,C003317,Home,0033 Sean Roads Suite 743,Tampa,FL,71316
A004157,C003318,Home,5118 Miranda River Suite 926,Boca Raton,FL,19562
A004158,C003319,Home,175 Martin Dale Apt. 500,Davie,FL,45955
A004159,C003319,Mailing,5838 Lester Tunnel,Orlando,FL,38031
A004160,C003320,Home,266 Jonathan Mountains Suite 104,Davie,FL,24324
A004161,C003321,Home,35072 Kyle Garden,Pembroke Pines,FL,33812
A004162,C003322,Home,873 Kirsten Glens,Tampa,FL,20697
A004163,C003323,Home,1873 Shane Wall,Fort Lauderdale,FL,55320
A004164,C003324,Home,87221 Baker Curve Suite 354,Miami,FL,88812
A004165,C003325,Home,36812 Brown Roads,Jacksonville,FL,84263
A004166,C003325,Mailing,223 Fuentes Lodge,Jacksonville,FL,73151
A004167,C003326,Home,95985 Gordon Fall Apt. 113,Orlando,FL,02293
A004168,C003327,Home,74098 Julie Camp,Orlando,FL,13263
A004169,C003327,Mailing,308 Victoria Camp Suite 800,Hollywood,FL,77763
A004170,C003328,Home,388 Frank Keys,Naples,FL,02127
A004171,C003328,Mailing,736 Torres Islands Apt. 070,Miami,FL,44374
A004172,C003329,Home,604 Jeffrey Roads,Fort Lauderdale,FL,58327
A004173,C003330,Home,00970 Evans Wells,West Palm Beach,FL,29048
A004174,C003331,Home,06300 Snyder Neck,Coral Springs,FL,49417
A004175,C003331,Mailing,1032 Joel Common Apt. 876,West Palm Beach,FL,93401
A004176,C003332,Home,88933 Marsh Cove Suite 590,Miami,FL,96706
A004177,C003332,Mailing,69679 Sean Union Apt. 548,Naples,FL,54285
A004178,C003333,Home,9001 Rollins Villages,Pembroke Pines,FL,09356
A004179,C003334,Home,22421 Jamie Islands Apt. 916,Naples,FL,10416
A004180,C003335,Home,3865 Jay Mission,Orlando,FL,52601
A004181,C003336,Home,39637 Lisa Falls,Jacksonville,FL,16953
A004182,C003337,Home,938 Bartlett Way Suite 337,West Palm Beach,FL,18746
A004183,C003338,Home,69055 Schmitt Stravenue Suite 458,West Palm Beach,FL,85917
A004184,C003339,Home,529 Flores Junctions,Jacksonville,FL,11616
A004185,C003340,Home,177 Mark Road,Gainesville,FL,18673
A004186,C003340,Mailing,4270 Thompson Walk,Boca Raton,FL,96691
A004187,C003341,Home,410 Clarke Bypass Apt. 591,Davie,FL,28375
A004188,C003342,Home,5223 Pamela Motorway Apt. 260,Miami,FL,69285
A004189,C003343,Home,126 Carlson Plains Apt. 671,Hollywood,FL,17677
A004190,C003344,Home,8438 Santos Ports Apt. 766,Orlando,FL,42896
A004191,C003345,Home,28415 Li Fork Apt. 740,Coral Springs,FL,06429
A004192,C003345,Mailing,3004 Park Parks Suite 815,Miami,FL,66779
A004193,C003346,Home,109 Cruz Pines Apt. 090,Pembroke Pines,FL,05788
A004194,C003347,Home,9264 Lawrence Drives,West Palm Beach,FL,44735
A004195,C003348,Home,685 Baird Pines,Boca Raton,FL,83315
A004196,C003349,Home,1582 David Highway,Orlando,FL,85848
A004197,C003349,Mailing,037 Karen Trail,Boca Raton,FL,69634
A004198,C003350,Home,1999 Davis Road Apt. 714,West Palm Beach,FL,07049
A004199,C003350,Mailing,3922 Lori Estates,Davie,FL,83639
A004200,C003351,Home,66313 Adriana Extensions,Jacksonville,FL,92424
A004201,C003352,Home,98351 Taylor Brook Suite 664,Pembroke Pines,FL,73943
A004202,C003353,Home,6162 Kelly Summit Apt. 488,Tallahassee,FL,22767
A004203,C003353,Mailing,91984 Stephanie Common,Boca Raton,FL,83828
A004204,C003354,Home,356 Sims Rue Suite 422,Boca Raton,FL,98193
A004205,C003355,Home,88250 Reynolds Radial Apt. 215,Pembroke Pines,FL,36734
A004206,C003356,Home,82077 Martin Wells Suite 909,Coral Springs,FL,77110
A004207,C003357,Home,995 English Gardens Suite 127,Boca Raton,FL,72225
A004208,C003357,Mailing,127 Buckley Ville Apt. 113,Naples,FL,88783
A004209,C003358,Home,522 Melissa Mount,Hollywood,FL,32767
A004210,C003359,Home,5404 Morris Forge Suite 844,Fort Lauderdale,FL,53542
A004211,C003360,Home,86365 James Lane Suite 787,Pembroke Pines,FL,52138
A004212,C003361,Home,324 Lee Plains Suite 853,Jacksonville,FL,25776
A004213,C003362,Home,3083 Hendricks Square Suite 898,Davie,FL,19026
A004214,C003363,Home,1874 Ferguson Trail Apt. 807,Orlando,FL,11109
A004215,C003363,Mailing,538 Kimberly Island,Tallahassee,FL,57023
A004216,C003364,Home,00846 Rogers Bridge,Sarasota,FL,65856
A004217,C003365,Home,99680 Rivera Forks Suite 712,Tallahassee,FL,79276
A004218,C003366,Home,383 Sandy Green Suite 912,Pembroke Pines,FL,52049
A004219,C003366,Mailing,47638 Moore Canyon Apt. 516,Naples,FL,80867
A004220,C003367,Home,6662 Benjamin Stream Suite 919,Boca Raton,FL,66708
A004221,C003368,Home,97765 Victoria Junctions Apt. 681,Coral Springs,FL,47985
A004222,C003369,Home,187 Rush Port Suite 375,Davie,FL,43515
A004223,C003369,Mailing,4205 Kim Track,Fort Lauderdale,FL,63919
A004224,C003370,Home,087 Scott Station Apt. 251,Tampa,FL,26680
A004225,C003371,Home,1499 Sean Skyway Suite 487,Gainesville,FL,10782
A004226,C003371,Mailing,523 Larry Plains Suite 003,West Palm Beach,FL,50567
A004227,C003372,Home,57020 Herman Trafficway,West Palm Beach,FL,11790
A004228,C003373,Home,524 Velazquez Crossing Suite 649,Naples,FL,76821
A004229,C003373,Mailing,97736 Monroe Motorway,Pembroke Pines,FL,72432
A004230,C003374,Home,57103 Fuller Freeway Apt. 511,Tampa,FL,29712
A004231,C003375,Home,64635 Christian Unions,Pembroke Pines,FL,79857
A004232,C003376,Home,72998 Tanya Landing Apt. 208,Sarasota,FL,46753
A004233,C003377,Home,3647 Keller Streets,Gainesville,FL,03300
A004234,C003377,Mailing,014 Eric Street Suite 612,Pembroke Pines,FL,84433
A004235,C003378,Home,30902 David Manors,Pembroke Pines,FL,56691
A004236,C003379,Home,27676 Castaneda Fields,Fort Lauderdale,FL,85422
A004237,C003380,Home,29238 Davis Trail Apt. 044,Fort Lauderdale,FL,98515
A004238,C003381,Home,8954 Mckay Ridges Suite 627,Boca Raton,FL,82842
A004239,C003382,Home,50349 Werner Turnpike Suite 469,Hollywood,FL,05714
A004240,C003383,Home,156 Oconnell Meadows Apt. 522,Orlando,FL,64556
A004241,C003384,Home,203 Luis Lodge,Davie,FL,45940
A004242,C003384,Mailing,56764 Herman Trafficway,Boca Raton,FL,48937
A004243,C003385,Home,6009 Peters Burgs,Gainesville,FL,62314
A004244,C003386,Home,412 Webb Plains,Orlando,FL,36719
A004245,C003386,Mailing,31310 Mark Grove Apt. 428,Fort Lauderdale,FL,24772
A004246,C003387,Home,43952 Sims Ports Apt. 980,Miami,FL,33910
A004247,C003388,Home,976 Elliott Point Suite 353,Sarasota,FL,91543
A004248,C003388,Mailing,40170 Howard Fort Apt. 472,Miami,FL,45443
A004249,C003389,Home,721 Stevens Harbor Suite 111,Orlando,FL,15975
A004250,C003390,Home,1855 Cross Turnpike Apt. 601,Gainesville,FL,27795
A004251,C003391,Home,819 Sanchez Island,Sarasota,FL,90439
A004252,C003391,Mailing,0550 Martin Motorway,Hollywood,FL,79912
A004253,C003392,Home,1805 Cheryl Manor,Gainesville,FL,21135
A004254,C003393,Home,5137 Casey Squares Suite 410,Hollywood,FL,28640
A004255,C003394,Home,75843 Shaffer Island,Tallahassee,FL,03479
A004256,C003395,Home,31118 Amanda Crossing Apt. 986,Davie,FL,69962
A004257,C003396,Home,7884 Teresa Passage,Fort Lauderdale,FL,13684
A004258,C003397,Home,030 Albert Road Apt. 569,Miami,FL,23874
A004259,C003398,Home,4050 Martinez Ports,Boca Raton,FL,40747
A004260,C003399,Home,621 Frank Locks Apt. 331,Jacksonville,FL,34450
A004261,C003399,Mailing,318 Yang View,Fort Lauderdale,FL,21039
A004262,C003400,Home,242 Sexton Islands,Gainesville,FL,49126
A004263,C003401,Home,34136 Alyssa Forges,Miami,FL,83260
A004264,C003401,Mailing,174 Laura Haven,Davie,FL,71229
A004265,C003402,Home,725 Michael Shore,Fort Lauderdale,FL,42324
A004266,C003403,Home,41021 Martinez Oval,Hollywood,FL,32144
A004267,C003404,Home,700 Emily Fall,Pembroke Pines,FL,03793
A004268,C003405,Home,811 Brittany Common,Jacksonville,FL,34546
A004269,C003406,Home,860 Wu Valleys Suite 262,Sarasota,FL,45335
A004270,C003407,Home,9944 Bethany Ramp,Tampa,FL,24750
A004271,C003408,Home,19318 Hernandez Court,Fort Lauderdale,FL,48892
A004272,C003409,Home,5521 Brock Common Suite 365,Gainesville,FL,03057
A004273,C003410,Home,3136 Shelley Villages,Fort Lauderdale,FL,33156
A004274,C003411,Home,43141 Robert Drives Apt. 127,Hollywood,FL,81026
A004275,C003411,Mailing,84778 Gonzalez Radial,Gainesville,FL,42953
A004276,C003412,Home,98717 Edwards Expressway,Miami,FL,29439
A004277,C003412,Mailing,4729 May Creek Apt. 995,Coral Springs,FL,43182
A004278,C003413,Home,18421 Donna Plaza Apt. 939,Gainesville,FL,44727
A004279,C003413,Mailing,07142 Whitney Run Suite 380,Sarasota,FL,27317
A004280,C003414,Home,4485 Mueller Greens Apt. 299,Pembroke Pines,FL,97817
A004281,C003415,Home,8608 Carrillo Cove,Coral Springs,FL,14442
A004282,C003415,Mailing,4667 Howard Dam Suite 780,Fort Lauderdale,FL,39699
A004283,C003416,Home,196 Brian Tunnel,West Palm Beach,FL,31816
A004284,C003416,Mailing,00608 Coleman Turnpike Suite 869,Davie,FL,12252
A004285,C003417,Home,95535 Abigail Lodge,Davie,FL,24052
A004286,C003418,Home,012 Jennifer Radial Apt. 245,West Palm Beach,FL,25644
A004287,C003419,Home,9234 Roberson Spur Apt. 062,Naples,FL,28557
A004288,C003420,Home,7511 Teresa Land,West Palm Beach,FL,53525
A004289,C003420,Mailing,83545 Jason Valleys Suite 189,Orlando,FL,58219
A004290,C003421,Home,37669 Miller Passage Apt. 707,Tampa,FL,04916
A004291,C003422,Home,638 Catherine Mountains Suite 182,Sarasota,FL,25808
A004292,C003422,Mailing,214 Kevin Green Suite 795,Tallahassee,FL,51343
A004293,C003423,Home,616 Matthew Crossing,West Palm Beach,FL,78169
A004294,C003424,Home,854 Gina Neck Suite 110,Pembroke Pines,FL,52302
A004295,C003425,Home,475 Taylor Bridge Apt. 909,Naples,FL,44317
A004296,C003425,Mailing,85255 Smith Bridge,West Palm Beach,FL,29307
A004297,C003426,Home,807 Molly Loaf Apt. 801,Gainesville,FL,58208
A004298,C003427,Home,0372 King Mill Suite 342,Hollywood,FL,86862
A004299,C003428,Home,63807 Stephen Burgs Suite 283,Fort Lauderdale,FL,07658
A004300,C003429,Home,3875 Michael Curve Apt. 723,Miami,FL,02164
A004301,C003430,Home,864 Williams Well Apt. 505,Pembroke Pines,FL,35391
A004302,C003431,Home,753 Martin Spur Apt. 477,Tampa,FL,86648
A004303,C003432,Home,872 Graves Grove,Davie,FL,97314
A004304,C003432,Mailing,449 Aaron Divide,Tampa,FL,84340
A004305,C003433,Home,96267 Juan Ports,Tallahassee,FL,06000
A004306,C003434,Home,63944 Li Lakes Suite 231,Davie,FL,71798
A004307,C003435,Home,2854 Hartman Ranch,Miami,FL,07242
A004308,C003436,Home,029 Smith Mall Suite 493,Orlando,FL,79642
A004309,C003437,Home,39936 Walters Wells,West Palm Beach,FL,63236
A004310,C003438,Home,72464 Anderson Burgs Suite 911,Miami,FL,59774
A004311,C003438,Mailing,639 Richard Club,Fort Lauderdale,FL,07717
A004312,C003439,Home,50686 Henry Drive,Hollywood,FL,36115
A004313,C003440,Home,72224 Daniel Crest Apt. 160,Orlando,FL,25617
A004314,C003441,Home,36667 Ana Stravenue,Tampa,FL,30944
A004315,C003442,Home,1631 Hicks Fields,Gainesville,FL,34402
A004316,C003443,Home,9842 Allen Rapid,Fort Lauderdale,FL,29823
A004317,C003444,Home,08789 Kent Lodge Apt. 431,Orlando,FL,25723
A004318,C003445,Home,006 Whitney Garden,Tampa,FL,20985
A004319,C003445,Mailing,62013 Norris Row Apt. 227,Coral Springs,FL,13668
A004320,C003446,Home,11509 Richard Lights Suite 410,Tallahassee,FL,66066
A004321,C003447,Home,411 Jose Green Apt. 848,Hollywood,FL,65446
A004322,C003448,Home,72752 Matthew Centers Apt. 550,Miami,FL,36088
A004323,C003449,Home,58861 Adams Creek,Miami,FL,51082
A004324,C003450,Home,29898 Bishop Coves,Boca Raton,FL,19970
A004325,C003451,Home,7026 Robinson Passage Apt. 151,Tampa,FL,16190
A004326,C003452,Home,59831 Sullivan Freeway Apt. 656,Gainesville,FL,74779
A004327,C003452,Mailing,29857 Bishop Run Suite 038,Gainesville,FL,77762
A004328,C003453,Home,12763 Vickie Key Apt. 100,Jacksonville,FL,31207
A004329,C003454,Home,144 Stephens Station,Davie,FL,53877
A004330,C003454,Mailing,5884 Denise Mountains Suite 164,Orlando,FL,64553
A004331,C003455,Home,800 Jennifer Terrace Suite 368,Davie,FL,73941
A004332,C003455,Mailing,309 Hendricks Shoals,Gainesville,FL,59039
A004333,C003456,Home,1532 Gibson Trace,Sarasota,FL,52744
A004334,C003457,Home,99703 Smith Light,West Palm Beach,FL,10710
A004335,C003457,Mailing,157 Donald Plaza Apt. 814,Orlando,FL,75267
A004336,C003458,Home,9618 Haynes Track,Miami,FL,31742
A004337,C003459,Home,156 Angel Port,Fort Lauderdale,FL,52336
A004338,C003460,Home,71308 Aaron Squares,Boca Raton,FL,01895
A004339,C003460,Mailing,0177 Derrick Inlet,Sarasota,FL,90487
A004340,C003461,Home,335 Brandon Hills Apt. 960,Coral Springs,FL,46880
A004341,C003462,Home,6792 Patricia Squares Suite 085,Davie,FL,62287
A004342,C003462,Mailing,55751 Williams Square Suite 640,Fort Lauderdale,FL,10443
A004343,C003463,Home,5738 Ross Oval Suite 859,Orlando,FL,08722
A004344,C003464,Home,177 Peters Expressway Apt. 641,Sarasota,FL,56298
A004345,C003465,Home,2567 Javier Motorway Suite 313,Sarasota,FL,30188
A004346,C003466,Home,76028 Mcdonald Creek Suite 016,Davie,FL,49902
A004347,C003467,Home,77534 Todd Village,Gainesville,FL,14086
A004348,C003468,Home,3579 Mikayla Vista Apt. 505,Orlando,FL,93535
A004349,C003469,Home,7494 Smith Courts,Naples,FL,91307
A004350,C003470,Home,8342 Virginia Fork,West Palm Beach,FL,05080
A004351,C003471,Home,71366 Michael Ford Apt. 291,Hollywood,FL,52688
A004352,C003471,Mailing,92426 Chung Shoals Suite 704,Hollywood,FL,23960
A004353,C003472,Home,4062 Ashley Estates Apt. 057,Pembroke Pines,FL,91029
A004354,C003473,Home,25710 Lambert Street Apt. 745,Boca Raton,FL,03160
A004355,C003474,Home,2115 Castro Course Apt. 240,Gainesville,FL,66769
A004356,C003475,Home,708 Edwards Islands Apt. 819,Tampa,FL,40913
A004357,C003476,Home,11105 Hernandez Lakes,Jacksonville,FL,52107
A004358,C003476,Mailing,6487 Lee Estates,Coral Springs,FL,33461
A004359,C003477,Home,684 Ruiz Place Apt. 833,Sarasota,FL,22889
A004360,C003478,Home,726 Mcbride Mission Suite 185,Jacksonville,FL,68298
A004361,C003478,Mailing,18952 Wheeler Club Apt. 239,Jacksonville,FL,01353
A004362,C003479,Home,4581 Lawrence Cove,Sarasota,FL,04055
A004363,C003479,Mailing,22027 Richard Expressway Suite 904,Sarasota,FL,17475
A004364,C003480,Home,3929 Karen Vista,Boca Raton,FL,95932
A004365,C003481,Home,86088 Hayes Turnpike,Pembroke Pines,FL,46173
A004366,C003482,Home,73009 Joseph Crescent,Pembroke Pines,FL,64332
A004367,C003483,Home,382 Melissa Rue Apt. 951,Gainesville,FL,61051
A004368,C003484,Home,10339 David Pine Apt. 209,Sarasota,FL,49696
A004369,C003484,Mailing,701 Patricia Stravenue,Tampa,FL,54222
A004370,C003485,Home,89363 Russell Dale,Tallahassee,FL,61991
A004371,C003485,Mailing,6390 Myers Roads Suite 112,Naples,FL,97693
A004372,C003486,Home,56908 Barry Stravenue,Gainesville,FL,21071
A004373,C003486,Mailing,371 Miller Trail Apt. 717,Hollywood,FL,71366
A004374,C003487,Home,388 Weaver Canyon,Fort Lauderdale,FL,12431
A004375,C003488,Home,000 Juan Street,Tampa,FL,43778
A004376,C003489,Home,65031 Manning Avenue Suite 671,Jacksonville,FL,20146
A004377,C003489,Mailing,96104 Cynthia Union,Boca Raton,FL,35560
A004378,C003490,Home,386 Chris Course Suite 477,Tampa,FL,35443
A004379,C003491,Home,378 Douglas Prairie Apt. 878,Boca Raton,FL,45157
A004380,C003491,Mailing,04897 Fisher Flat Apt. 561,Naples,FL,47285
A004381,C003492,Home,3019 Jeffrey Mountain,West Palm Beach,FL,13061
A004382,C003492,Mailing,080 Curry Mission Apt. 551,Sarasota,FL,05909
A004383,C003493,Home,21107 Weaver Knolls,Jacksonville,FL,42222
A004384,C003494,Home,159 Alan Turnpike Apt. 984,Sarasota,FL,37262
A004385,C003494,Mailing,79199 Wagner Spurs,Coral Springs,FL,84095
A004386,C003495,Home,9684 Mary Spur,Tallahassee,FL,31617
A004387,C003496,Home,4298 Moore Corner Apt. 597,Jacksonville,FL,16814
A004388,C003497,Home,26637 Ernest Highway Apt. 176,Boca Raton,FL,33839
A004389,C003498,Home,98613 Christian Lodge,Tallahassee,FL,19945
A004390,C003499,Home,708 Miller Drive,Sarasota,FL,66715
A004391,C003500,Home,36689 Reyes Cliffs Suite 805,West Palm Beach,FL,97661
A004392,C003501,Home,088 Barbara Track,West Palm Beach,FL,10944
A004393,C003502,Home,0849 Garrett Pine,Fort Lauderdale,FL,54160
A004394,C003503,Home,5256 Brown Field Suite 997,Sarasota,FL,66404
A004395,C003504,Home,3137 Floyd Ridges Apt. 834,Hollywood,FL,64152
A004396,C003505,Home,12088 Samantha Square,Gainesville,FL,15519
A004397,C003506,Home,8736 Dudley Junction,Boca Raton,FL,57734
A004398,C003507,Home,28470 Simmons Stravenue,Naples,FL,83389
A004399,C003508,Home,2671 Joshua Park Apt. 360,West Palm Beach,FL,11418
A004400,C003509,Home,978 Casey Glen Apt. 212,West Palm Beach,FL,32026
A004401,C003510,Home,5922 Garcia Isle Apt. 782,Pembroke Pines,FL,54937
A004402,C003510,Mailing,510 Brianna Groves Suite 131,Jacksonville,FL,93646
A004403,C003511,Home,55285 John Underpass Apt. 474,Tallahassee,FL,65650
A004404,C003511,Mailing,4869 Sharp Courts Suite 933,West Palm Beach,FL,37226
A004405,C003512,Home,7961 Jones Track Apt. 977,Gainesville,FL,05753
A004406,C003513,Home,016 White Mews Suite 776,Gainesville,FL,29841
A004407,C003514,Home,5228 Cynthia Station Suite 402,Jacksonville,FL,23670
A004408,C003515,Home,9934 Emily Overpass Suite 434,Jacksonville,FL,72319
A004409,C003515,Mailing,377 Hayes Spring Suite 460,Jacksonville,FL,81014
A004410,C003516,Home,4419 Emily Center Suite 406,Miami,FL,12976
A004411,C003517,Home,86037 Brown Extension Suite 610,Tampa,FL,30442
A004412,C003517,Mailing,284 Angela Spur Suite 102,Sarasota,FL,14245
A004413,C003518,Home,9354 Stephens Green Apt. 198,Gainesville,FL,76520
A004414,C003518,Mailing,4386 Powers Hill,Fort Lauderdale,FL,49274
A004415,C003519,Home,40941 Cook Crest,Orlando,FL,39320
A004416,C003519,Mailing,90854 Sanders Canyon Apt. 736,Miami,FL,30169
A004417,C003520,Home,86517 Bentley Alley,Davie,FL,68578
A004418,C003521,Home,3215 Reginald Knoll Apt. 003,Naples,FL,21435
A004419,C003522,Home,5580 Phillips Shores Apt. 781,Miami,FL,85586
A004420,C003523,Home,5176 Johnson Islands,Coral Springs,FL,41814
A004421,C003524,Home,4935 Jennifer Causeway,Naples,FL,85858
A004422,C003525,Home,26090 Steve Estate Apt. 903,Jacksonville,FL,70572
A004423,C003525,Mailing,6913 Andre Fords Apt. 320,Tampa,FL,55435
A004424,C003526,Home,9043 Thornton Trail,Coral Springs,FL,48628
A004425,C003526,Mailing,911 Gomez Avenue Apt. 177,Sarasota,FL,94974
A004426,C003527,Home,77947 Ferguson Estate Suite 995,Tampa,FL,88454
A004427,C003528,Home,67666 Brewer Causeway Suite 803,Miami,FL,53175
A004428,C003529,Home,1498 Garcia Hills Suite 242,Naples,FL,97628
A004429,C003530,Home,73151 Williamson Land Apt. 341,Tallahassee,FL,77595
A004430,C003531,Home,202 Lopez Ramp,Fort Lauderdale,FL,23153
A004431,C003532,Home,92624 Russell Well,Boca Raton,FL,84528
A004432,C003532,Mailing,97335 Serrano Vista Apt. 305,Jacksonville,FL,72439
A004433,C003533,Home,294 Kayla Throughway Apt. 753,Fort Lauderdale,FL,97251
A004434,C003534,Home,3137 Edwards Village Apt. 674,Fort Lauderdale,FL,54156
A004435,C003534,Mailing,392 Bowman Courts,Hollywood,FL,97091
A004436,C003535,Home,45642 Karen Cliffs Apt. 967,Pembroke Pines,FL,74450
A004437,C003536,Home,6002 Villarreal Views,Hollywood,FL,09772
A004438,C003536,Mailing,127 Lane Tunnel Suite 390,Tallahassee,FL,52986
A004439,C003537,Home,80731 Barron Light,Pembroke Pines,FL,63830
A004440,C003538,Home,309 Hernandez Trail Apt. 719,Tampa,FL,01094
A004441,C003539,Home,18093 Blair View Apt. 356,Sarasota,FL,79316
A004442,C003540,Home,895 Reynolds Hollow Apt. 869,Pembroke Pines,FL,57408
A004443,C003541,Home,43940 Courtney Lane Apt. 723,West Palm Beach,FL,70892
A004444,C003542,Home,932 Jose Stream Apt. 641,Tallahassee,FL,98109
A004445,C003542,Mailing,1654 Tony Rapid,Naples,FL,11719
A004446,C003543,Home,7620 Lewis Loaf Apt. 522,West Palm Beach,FL,77981
A004447,C003544,Home,60082 Allen Plaza Apt. 353,Jacksonville,FL,80071
A004448,C003545,Home,72857 Jessica Greens,Pembroke Pines,FL,21604
A004449,C003545,Mailing,18698 Brooks Meadows,Tallahassee,FL,93385
A004450,C003546,Home,434 Garrett Lodge Suite 537,West Palm Beach,FL,72554
A004451,C003547,Home,4942 Martinez Mountain Suite 004,Tallahassee,FL,13703
A004452,C003548,Home,80153 Cassandra Circles,Boca Raton,FL,95383
A004453,C003548,Mailing,7171 Spencer Springs,Hollywood,FL,22885
A004454,C003549,Home,593 Leonard Vista Apt. 698,Orlando,FL,12787
A004455,C003550,Home,539 April Alley,Jacksonville,FL,44138
A004456,C003551,Home,373 Brandon Squares,Fort Lauderdale,FL,16789
A004457,C003551,Mailing,850 Johnny Spring Apt. 217,Miami,FL,15970
A004458,C003552,Home,29794 Samantha Rapids,West Palm Beach,FL,08975
A004459,C003553,Home,966 Jennifer Creek Suite 664,Tallahassee,FL,51369
A004460,C003554,Home,68012 Brandy Harbor,Boca Raton,FL,70946
A004461,C003555,Home,86602 Thompson Coves,Orlando,FL,00858
A004462,C003555,Mailing,68795 Meghan Plain,Fort Lauderdale,FL,51288
A004463,C003556,Home,9976 Cassandra Lodge Apt. 353,Tallahassee,FL,05758
A004464,C003557,Home,92635 Braun Club Apt. 379,Tallahassee,FL,94851
A004465,C003558,Home,746 Garrett Corners,Orlando,FL,87738
A004466,C003559,Home,3187 Holden Camp,West Palm Beach,FL,49510
A004467,C003560,Home,33705 Rose Locks Apt. 356,West Palm Beach,FL,22321
A004468,C003561,Home,3252 Martinez Harbor Apt. 422,Naples,FL,23142
A004469,C003562,Home,0046 Taylor Isle Apt. 188,Boca Raton,FL,91940
A004470,C003563,Home,5873 Cordova Point,Davie,FL,89094
A004471,C003564,Home,7189 Jennifer Lodge Apt. 517,Naples,FL,35950
A004472,C003565,Home,64708 Duarte Via Suite 818,Hollywood,FL,94251
A004473,C003565,Mailing,279 Sydney Oval,Coral Springs,FL,68551
A004474,C003566,Home,40996 Holly Cape Suite 307,Tallahassee,FL,25392
A004475,C003567,Home,35905 Adam Hills,Hollywood,FL,72040
A004476,C003567,Mailing,7064 Larry Ranch Apt. 980,Coral Springs,FL,37176
A004477,C003568,Home,502 Rodriguez Cliff Suite 265,Tallahassee,FL,82790
A004478,C003568,Mailing,8338 Jeff Forge Apt. 974,West Palm Beach,FL,02125
A004479,C003569,Home,42075 Lane Trail,Boca Raton,FL,89610
A004480,C003570,Home,99854 Kelly Bypass,Boca Raton,FL,14998
A004481,C003570,Mailing,94436 Ryan Drives,Jacksonville,FL,02106
A004482,C003571,Home,1438 Sharon Underpass Apt. 200,Naples,FL,85268
A004483,C003571,Mailing,8423 Miller Station,Hollywood,FL,14945
A004484,C003572,Home,25431 Donald Alley,Tampa,FL,29447
A004485,C003573,Home,48343 Gordon Mill Apt. 605,Fort Lauderdale,FL,44860
A004486,C003573,Mailing,77702 David Forks,Tallahassee,FL,60196
A004487,C003574,Home,868 Joshua Tunnel Suite 066,Tampa,FL,17472
A004488,C003575,Home,5040 Schwartz Branch,Hollywood,FL,29661
A004489,C003576,Home,0670 Amber Points,Miami,FL,72608
A004490,C003577,Home,932 Olson Springs Apt. 756,Davie,FL,45528
A004491,C003578,Home,9940 Mariah Ramp Apt. 687,Sarasota,FL,39979
A004492,C003579,Home,6824 Allen Rue Suite 793,Fort Lauderdale,FL,50867
A004493,C003580,Home,06988 Carrillo Lane,Davie,FL,04157
A004494,C003581,Home,3263 Lindsey Run,Naples,FL,95748
A004495,C003582,Home,44058 Timothy Flat Apt. 207,Fort Lauderdale,FL,98456
A004496,C003583,Home,4874 Hubbard Street Suite 603,Coral Springs,FL,20576
A004497,C003584,Home,907 Suarez Drive,Miami,FL,86680
A004498,C003585,Home,63031 Oscar Wells,Miami,FL,58849
A004499,C003586,Home,9395 Myers Prairie Suite 420,Tallahassee,FL,18874
A004500,C003587,Home,4617 Austin Square Suite 681,Tampa,FL,31949
A004501,C003588,Home,7500 Susan Harbors,Gainesville,FL,67445
A004502,C003588,Mailing,397 Lisa Mews Apt. 944,Boca Raton,FL,22590
A004503,C003589,Home,127 Timothy Brooks Apt. 822,Orlando,FL,18971
A004504,C003590,Home,411 Timothy Highway,Pembroke Pines,FL,46660
A004505,C003591,Home,77680 Michael Junctions,Naples,FL,06431
A004506,C003592,Home,21455 Timothy Avenue Apt. 223,Pembroke Pines,FL,40476
A004507,C003592,Mailing,6240 Erika Brooks Apt. 965,Pembroke Pines,FL,93461
A004508,C003593,Home,33373 Russell Alley,Boca Raton,FL,28021
A004509,C003594,Home,7676 Andrea Creek,Hollywood,FL,08679
A004510,C003595,Home,92110 Morrison Gateway Apt. 476,Fort Lauderdale,FL,68993
A004511,C003595,Mailing,330 James Isle Suite 736,West Palm Beach,FL,79983
A004512,C003596,Home,01522 Herrera Rapid,Coral Springs,FL,51693
A004513,C003597,Home,2449 Charles Ville,Coral Springs,FL,65991
A004514,C003598,Home,44893 Ralph Route Apt. 166,Boca Raton,FL,53034
A004515,C003599,Home,76166 Mooney Village,Naples,FL,47508
A004516,C003600,Home,1266 Roger Curve Suite 113,Jacksonville,FL,66359
A004517,C003601,Home,99313 Christine River Suite 729,Boca Raton,FL,43333
A004518,C003601,Mailing,45541 Cameron Views Apt. 627,Jacksonville,FL,22059
A004519,C003602,Home,2724 Reed Hollow Apt. 137,Naples,FL,25871
A004520,C003603,Home,527 Romero Brooks,Coral Springs,FL,85139
A004521,C003604,Home,81921 Cook Squares Apt. 759,Orlando,FL,42170
A004522,C003604,Mailing,278 House Parkway Apt. 636,Sarasota,FL,10857
A004523,C003605,Home,4513 Smith Ridge Apt. 106,West Palm Beach,FL,31997
A004524,C003606,Home,3862 Ray Mall,Pembroke Pines,FL,61483
A004525,C003607,Home,7983 Erin Burgs,Coral Springs,FL,08489
A004526,C003608,Home,75831 Wagner Village Apt. 984,Naples,FL,95975
A004527,C003608,Mailing,56265 Jessica Hills,Sarasota,FL,07126
A004528,C003609,Home,99824 Melendez Street,Gainesville,FL,42988
A004529,C003610,Home,18762 Robert Islands,Miami,FL,24892
A004530,C003611,Home,49652 Savage Groves,Sarasota,FL,84504
A004531,C003612,Home,71400 Klein Center Suite 904,Davie,FL,93218
A004532,C003613,Home,4738 Kara Streets,Naples,FL,52486
A004533,C003613,Mailing,66635 Joshua Court Apt. 691,Jacksonville,FL,85037
A004534,C003614,Home,230 White Fork,Davie,FL,01342
A004535,C003615,Home,76322 Hughes Field Suite 597,Davie,FL,88941
A004536,C003616,Home,979 Stacy Bridge Suite 941,Davie,FL,48453
A004537,C003617,Home,0221 Matthew Rest Apt. 838,Coral Springs,FL,05769
A004538,C003618,Home,82568 Brandi Parkways,Davie,FL,43606
A004539,C003619,Home,05369 Arellano Trail,Orlando,FL,13937
A004540,C003620,Home,5680 Porter Isle,Davie,FL,52384
A004541,C003621,Home,20905 Martin Locks Apt. 471,Coral Springs,FL,85052
A004542,C003622,Home,1428 Russell Squares Apt. 264,Jacksonville,FL,26262
A004543,C003622,Mailing,647 Jones Cape Suite 519,Coral Springs,FL,84486
A004544,C003623,Home,23180 Jennifer Brooks,Hollywood,FL,05985
A004545,C003624,Home,96681 Michael Forge,Fort Lauderdale,FL,26142
A004546,C003625,Home,959 Ramirez Plain,Tampa,FL,50699
A004547,C003626,Home,9814 Harvey Skyway Suite 903,Sarasota,FL,92227
A004548,C003626,Mailing,83533 Amy Mission,West Palm Beach,FL,54350
A004549,C003627,Home,020 Burton Ways,Naples,FL,66479
A004550,C003628,Home,789 Paul Lodge Apt. 562,Tampa,FL,69159
A004551,C003629,Home,05601 Terri Cliffs,Tampa,FL,10081
A004552,C003630,Home,4742 Stephanie Spring Apt. 380,Jacksonville,FL,87602
A004553,C003631,Home,767 Adam Village Suite 703,Jacksonville,FL,78454
A004554,C003632,Home,3622 Joseph Wall Suite 353,Boca Raton,FL,19734
A004555,C003632,Mailing,1467 David Loaf,Tallahassee,FL,70408
A004556,C003633,Home,90714 Cervantes Parkways,Boca Raton,FL,31568
A004557,C003633,Mailing,38839 Ali Cape Suite 580,Tallahassee,FL,72693
A004558,C003634,Home,059 Moyer Wall,Fort Lauderdale,FL,54145
A004559,C003635,Home,562 Edward Loaf,Fort Lauderdale,FL,87889
A004560,C003635,Mailing,251 Sara Port,Miami,FL,10680
A004561,C003636,Home,859 Contreras Isle Suite 562,Miami,FL,65841
A004562,C003637,Home,7855 Dustin Ville Suite 848,Tallahassee,FL,56398
A004563,C003638,Home,493 Williams Gardens Apt. 953,Coral Springs,FL,32445
A004564,C003639,Home,63256 Theresa Lodge Suite 101,Gainesville,FL,07322
A004565,C003640,Home,281 Hoffman Divide,Tallahassee,FL,76026
A004566,C003641,Home,638 Sullivan Well,Gainesville,FL,14857
A004567,C003642,Home,92637 Kenneth Pines Suite 671,Pembroke Pines,FL,02341
A004568,C003642,Mailing,137 Luna Club Suite 148,Davie,FL,16117
A004569,C003643,Home,368 Fisher Hills Suite 271,Hollywood,FL,96631
A004570,C003643,Mailing,252 Michael Divide Suite 734,Tallahassee,FL,50633
A004571,C003644,Home,597 Jenkins Parks Suite 457,Tampa,FL,77212
A004572,C003644,Mailing,6859 Austin Court,Tampa,FL,40968
A004573,C003645,Home,449 Johnson Well Apt. 354,West Palm Beach,FL,31006
A004574,C003645,Mailing,466 Peterson Square,Boca Raton,FL,88392
A004575,C003646,Home,7979 Douglas Haven,Boca Raton,FL,67781
A004576,C003647,Home,01810 Henry Walk,Hollywood,FL,10085
A004577,C003647,Mailing,764 Barber Loaf,Tallahassee,FL,68616
A004578,C003648,Home,08123 Craig Mission,Coral Springs,FL,12398
A004579,C003649,Home,234 Curtis Tunnel,Gainesville,FL,93342
A004580,C003649,Mailing,84413 James Inlet Apt. 657,Fort Lauderdale,FL,92169
A004581,C003650,Home,71942 Stone Mountains,Miami,FL,92907
A004582,C003651,Home,100 Bowers Manor Apt. 123,Orlando,FL,50754
A004583,C003652,Home,8966 James Field Apt. 790,Sarasota,FL,72544
A004584,C003653,Home,7813 Carol Trail Suite 622,Fort Lauderdale,FL,60892
A004585,C003654,Home,227 West Creek,Gainesville,FL,66796
A004586,C003655,Home,445 Cindy Street Apt. 696,Jacksonville,FL,92483
A004587,C003656,Home,52351 Jones Ferry,West Palm Beach,FL,25942
A004588,C003656,Mailing,2258 Stephen Mission Apt. 905,Sarasota,FL,81912
A004589,C003657,Home,264 Nicole Islands,Boca Raton,FL,64485
A004590,C003658,Home,1037 Dudley Square,Fort Lauderdale,FL,03864
A004591,C003658,Mailing,5854 Wilson Brook Apt. 395,Davie,FL,47588
A004592,C003659,Home,360 Collins Ville,Orlando,FL,13107
A004593,C003660,Home,2652 Adams Mountains Apt. 567,Hollywood,FL,59098
A004594,C003661,Home,7775 Walter Summit Apt. 916,Davie,FL,84878
A004595,C003661,Mailing,1672 Thomas Islands,Tampa,FL,40508
A004596,C003662,Home,2241 Chris Terrace,Tallahassee,FL,18882
A004597,C003663,Home,975 Dale Forge Suite 506,Miami,FL,20683
A004598,C003663,Mailing,606 Miller Pines Apt. 984,Davie,FL,61318
A004599,C003664,Home,08018 Gregory Landing Apt. 688,Sarasota,FL,45618
A004600,C003665,Home,11540 Mark Port,Tallahassee,FL,20813
A004601,C003666,Home,16984 Ashley Turnpike Suite 239,Tallahassee,FL,01339
A004602,C003667,Home,6523 Schultz Curve Apt. 080,Orlando,FL,43740
A004603,C003668,Home,286 Cody Plain Suite 696,Tallahassee,FL,13433
A004604,C003669,Home,13415 Brittany Heights Apt. 147,Naples,FL,21567
A004605,C003670,Home,45852 Julie Fork,Coral Springs,FL,33828
A004606,C003671,Home,95529 Foster Mission,Gainesville,FL,18294
A004607,C003671,Mailing,233 Andrew Junctions,Pembroke Pines,FL,96568
A004608,C003672,Home,9813 Hanson Trafficway Apt. 011,Pembroke Pines,FL,62052
A004609,C003673,Home,56401 Brianna Views,Fort Lauderdale,FL,61413
A004610,C003673,Mailing,50266 Danielle Valleys Apt. 755,West Palm Beach,FL,78394
A004611,C003674,Home,12937 Gonzales Creek Suite 888,Hollywood,FL,00576
A004612,C003674,Mailing,129 Hunter Club Apt. 563,Pembroke Pines,FL,18623
A004613,C003675,Home,998 Jennifer Isle,Davie,FL,42575
A004614,C003676,Home,482 Gates Harbors Apt. 750,Tampa,FL,62270
A004615,C003677,Home,685 Johns Mountains Suite 108,Pembroke Pines,FL,01103
A004616,C003678,Home,5621 Crystal Prairie Apt. 287,Jacksonville,FL,46689
A004617,C003678,Mailing,8498 Williams Mission Apt. 633,Miami,FL,22517
A004618,C003679,Home,7423 Jose Ports Suite 483,Davie,FL,48637
A004619,C003680,Home,1944 Carl Oval,Orlando,FL,90499
A004620,C003681,Home,826 Mendez Estate Suite 589,Boca Raton,FL,68126
A004621,C003681,Mailing,0117 Lynn Lock,Naples,FL,81254
A004622,C003682,Home,71767 Price Wells Suite 356,Davie,FL,07088
A004623,C003682,Mailing,95759 Ryan Greens,Hollywood,FL,16299
A004624,C003683,Home,3340 Sheila Springs Apt. 383,Jacksonville,FL,50278
A004625,C003684,Home,688 Weber Islands,Boca Raton,FL,89739
A004626,C003684,Mailing,71744 Brady Village Apt. 310,Pembroke Pines,FL,41107
A004627,C003685,Home,9858 Harris Ridges,Boca Raton,FL,33348
A004628,C003686,Home,560 Matthew Rest Apt. 344,Pembroke Pines,FL,47028
A004629,C003686,Mailing,138 Brett Rapid Suite 864,Tampa,FL,54140
A004630,C003687,Home,0893 Patrick Extension,Hollywood,FL,72562
A004631,C003687,Mailing,78622 Jonathan Lodge,Hollywood,FL,12289
A004632,C003688,Home,74059 Salas Parkways,Tampa,FL,39583
A004633,C003689,Home,760 Small Gateway Apt. 237,Jacksonville,FL,15690
A004634,C003689,Mailing,72990 Malone Route Suite 768,Fort Lauderdale,FL,58519
A004635,C003690,Home,3695 Dylan Turnpike Apt. 415,Gainesville,FL,27744
A004636,C003690,Mailing,933 Rachel Harbors Apt. 689,Gainesville,FL,44711
A004637,C003691,Home,48671 Murphy Mills,Orlando,FL,73776
A004638,C003692,Home,005 Katherine Lane Suite 662,Jacksonville,FL,25631
A004639,C003692,Mailing,48665 Davis Tunnel Apt. 067,Sarasota,FL,89420
A004640,C003693,Home,94066 Welch Walk,Sarasota,FL,26006
A004641,C003694,Home,7757 Sandoval Views,West Palm Beach,FL,18282
A004642,C003695,Home,1846 Laurie Crossing,Fort Lauderdale,FL,98989
A004643,C003696,Home,6975 Bridges Tunnel,Fort Lauderdale,FL,18892
A004644,C003697,Home,0297 Morrow Expressway,Boca Raton,FL,91960
A004645,C003698,Home,24789 Rich Square Suite 340,Sarasota,FL,96632
A004646,C003699,Home,0526 Copeland Mountains,Sarasota,FL,36515
A004647,C003700,Home,57228 Harvey Heights Suite 345,Sarasota,FL,31147
A004648,C003701,Home,698 Deanna Path Apt. 859,Hollywood,FL,26102
A004649,C003702,Home,345 Kelly Fall,Fort Lauderdale,FL,77998
A004650,C003703,Home,166 Scott Rapids,Pembroke Pines,FL,79684
A004651,C003704,Home,4096 Mata Landing,Pembroke Pines,FL,07992
A004652,C003705,Home,49134 Christopher Forest,Sarasota,FL,28587
A004653,C003706,Home,44329 Suzanne Route Suite 142,Hollywood,FL,66239
A004654,C003706,Mailing,239 Davis Trail,West Palm Beach,FL,07587
A004655,C003707,Home,2501 Miller Way Suite 023,Naples,FL,47290
A004656,C003708,Home,212 Jonathan Fords Apt. 248,Tallahassee,FL,89347
A004657,C003709,Home,792 David Lane Suite 643,Davie,FL,41245
A004658,C003710,Home,201 Jon Springs,Davie,FL,15078
A004659,C003711,Home,77348 Young Highway Suite 696,Boca Raton,FL,91569
A004660,C003712,Home,2463 Bradley Crossroad,Fort Lauderdale,FL,25737
A004661,C003713,Home,83027 Ho Ridge Apt. 957,Coral Springs,FL,93963
A004662,C003714,Home,639 Smith Highway,Tallahassee,FL,22531
A004663,C003715,Home,9069 Shelton Mount,Naples,FL,97931
A004664,C003715,Mailing,5674 Valerie Junction,Hollywood,FL,03028
A004665,C003716,Home,2007 Antonio Land,Gainesville,FL,13314
A004666,C003716,Mailing,924 Brian Village,Jacksonville,FL,44275
A004667,C003717,Home,78863 Johnson Stream,Pembroke Pines,FL,21765
A004668,C003718,Home,8409 Rodriguez Forest Suite 422,Gainesville,FL,24490
A004669,C003719,Home,6509 Taylor Extensions,Pembroke Pines,FL,83165
A004670,C003720,Home,913 Hill Crossing Apt. 781,Davie,FL,10074
A004671,C003721,Home,26273 Jennifer Knoll,Boca Raton,FL,04615
A004672,C003721,Mailing,4327 Porter Shoal Apt. 158,Boca Raton,FL,73461
A004673,C003722,Home,20723 Dyer Hills,Sarasota,FL,26215
A004674,C003723,Home,705 Porter Locks Apt. 341,Boca Raton,FL,20080
A004675,C003723,Mailing,5172 Guzman Fort,Miami,FL,28026
A004676,C003724,Home,70218 Gibson Shoals Apt. 855,Miami,FL,11362
A004677,C003725,Home,067 Donaldson Route,Boca Raton,FL,46675
A004678,C003726,Home,42216 Maria Ridges Suite 293,Tampa,FL,15850
A004679,C003727,Home,6666 Gordon Garden Apt. 150,Pembroke Pines,FL,71870
A004680,C003728,Home,22353 Bruce Fords Apt. 156,Hollywood,FL,64336
A004681,C003729,Home,09032 Ana Centers Suite 114,Naples,FL,10589
A004682,C003730,Home,067 Erik Fort Apt. 834,Sarasota,FL,42502
A004683,C003730,Mailing,34063 Gonzales Drive Suite 636,Tallahassee,FL,94031
A004684,C003731,Home,94897 Elizabeth Burg,Tallahassee,FL,86128
A004685,C003732,Home,90535 Santiago Extensions Suite 881,West Palm Beach,FL,89538
A004686,C003733,Home,737 Isaiah Springs Suite 257,Naples,FL,46722
A004687,C003734,Home,513 Kirsten Avenue Suite 900,Fort Lauderdale,FL,24722
A004688,C003735,Home,004 Benson Loop Suite 423,Tampa,FL,13150
A004689,C003736,Home,303 Benjamin Vista,West Palm Beach,FL,30693
A004690,C003737,Home,0243 Joseph Brooks Suite 713,West Palm Beach,FL,17207
A004691,C003738,Home,87871 Anderson Rue,Orlando,FL,06696
A004692,C003739,Home,75301 Lopez Center Apt. 059,Boca Raton,FL,17079
A004693,C003740,Home,631 Roy Forest,Jacksonville,FL,72231
A004694,C003740,Mailing,9092 Hannah Loop Apt. 160,Boca Raton,FL,56345
A004695,C003741,Home,92273 Young Garden,Sarasota,FL,88205
A004696,C003742,Home,1723 David Knoll,Coral Springs,FL,45728
A004697,C003743,Home,1192 Brian Parkway Suite 601,Jacksonville,FL,90027
A004698,C003744,Home,82959 Jarvis Avenue Suite 270,Naples,FL,23834
A004699,C003745,Home,6963 Larry Circle,Gainesville,FL,13048
A004700,C003746,Home,461 Whitaker Mount,Sarasota,FL,69896
A004701,C003747,Home,948 Heidi Village Suite 245,Hollywood,FL,91650
A004702,C003748,Home,8746 Miller Harbor Suite 312,Miami,FL,50404
A004703,C003748,Mailing,3560 James Junction,Jacksonville,FL,55265
A004704,C003749,Home,5109 Julie View,Fort Lauderdale,FL,28956
A004705,C003749,Mailing,65761 Clay Fork,Fort Lauderdale,FL,23364
A004706,C003750,Home,847 Cynthia Common,Orlando,FL,88371
A004707,C003751,Home,92574 Frank Brooks Apt. 629,Gainesville,FL,54941
A004708,C003752,Home,5254 Kimberly Circles Suite 119,Gainesville,FL,83083
A004709,C003753,Home,8616 Bianca Squares Apt. 530,Boca Raton,FL,88416
A004710,C003754,Home,64477 Brian Dam Apt. 045,Gainesville,FL,30537
A004711,C003755,Home,4797 Taylor Island Suite 691,Jacksonville,FL,88037
A004712,C003755,Mailing,25800 Ramos Flat Apt. 384,Fort Lauderdale,FL,75449
A004713,C003756,Home,896 Victoria Fort Suite 577,Coral Springs,FL,36781
A004714,C003756,Mailing,0357 Kelly Trail Apt. 502,Tallahassee,FL,51865
A004715,C003757,Home,82108 George Rapids Apt. 990,Fort Lauderdale,FL,24090
A004716,C003758,Home,9805 Richard Plain Suite 368,Davie,FL,14808
A004717,C003759,Home,769 Campbell Station Apt. 318,Orlando,FL,33149
A004718,C003760,Home,83822 Petersen Brooks Suite 580,Naples,FL,26834
A004719,C003761,Home,4615 Charles Points Suite 112,Orlando,FL,22348
A004720,C003762,Home,07213 Denise Lodge,Pembroke Pines,FL,42723
A004721,C003763,Home,793 Green Groves,Jacksonville,FL,15612
A004722,C003764,Home,93116 Jimenez Estates Apt. 158,Hollywood,FL,78801
A004723,C003764,Mailing,0647 Samuel Port Suite 364,Gainesville,FL,51889
A004724,C003765,Home,450 Malone Ville,Orlando,FL,68715
A004725,C003766,Home,17658 Brian Corners Apt. 214,Naples,FL,20840
A004726,C003767,Home,914 Ashley Squares Suite 966,Davie,FL,34017
A004727,C003768,Home,105 Hoffman Wells,Coral Springs,FL,75451
A004728,C003769,Home,5168 Gwendolyn Knoll,Gainesville,FL,13096
A004729,C003770,Home,02647 Brendan Station,Jacksonville,FL,22377
A004730,C003771,Home,43209 David Common Apt. 659,Orlando,FL,38588
A004731,C003772,Home,5294 Hayes Spurs,Tampa,FL,61053
A004732,C003773,Home,17007 Bruce Forge Suite 723,Tallahassee,FL,92455
A004733,C003773,Mailing,190 Nolan Lodge Apt. 664,Pembroke Pines,FL,12579
A004734,C003774,Home,2347 Gina Centers,Naples,FL,86222
A004735,C003775,Home,8634 Donaldson Lakes Suite 935,Jacksonville,FL,75529
A004736,C003776,Home,3997 Scott Island Apt. 462,Miami,FL,38242
A004737,C003777,Home,99419 Becker Inlet Suite 602,Miami,FL,63564
A004738,C003778,Home,5289 Mark Parkway,Fort Lauderdale,FL,17673
A004739,C003778,Mailing,18895 Donald Circle,Pembroke Pines,FL,13780
A004740,C003779,Home,74548 Sawyer Station,Boca Raton,FL,33822
A004741,C003780,Home,5894 King Crossing Suite 925,Orlando,FL,29786
A004742,C003781,Home,4051 Collins Extensions,Hollywood,FL,52560
A004743,C003782,Home,6570 Cheryl River,Fort Lauderdale,FL,13136
A004744,C003783,Home,25603 Williams Pike Apt. 899,Orlando,FL,74133
A004745,C003784,Home,588 Carpenter Glen Apt. 383,Jacksonville,FL,85842
A004746,C003785,Home,180 Graham Run Suite 832,Sarasota,FL,77306
A004747,C003786,Home,92380 Simmons Fort Apt. 022,Fort Lauderdale,FL,11456
A004748,C003787,Home,0604 Miller Row Apt. 766,Naples,FL,44421
A004749,C003788,Home,4947 Gary Path,Tallahassee,FL,20754
A004750,C003789,Home,35750 Eric Heights Suite 572,Tampa,FL,90056
A004751,C003789,Mailing,8343 Moses Crossroad Suite 531,Orlando,FL,97329
A004752,C003790,Home,913 Hansen Rest,Orlando,FL,97057
A004753,C003791,Home,429 Williams Centers,Gainesville,FL,29747
A004754,C003791,Mailing,152 Martin Court Suite 900,Boca Raton,FL,20698
A004755,C003792,Home,8741 Jamie Spurs Apt. 160,Fort Lauderdale,FL,49942
A004756,C003793,Home,6067 Albert Skyway Suite 780,Tampa,FL,33773
A004757,C003794,Home,840 Lewis Branch Suite 023,Sarasota,FL,34334
A004758,C003795,Home,780 Gonzalez Motorway Apt. 558,Jacksonville,FL,75953
A004759,C003796,Home,97242 Obrien Rapid,Davie,FL,45784
A004760,C003797,Home,12224 Figueroa Haven Apt. 182,Boca Raton,FL,29766
A004761,C003797,Mailing,8889 Andrew Village,West Palm Beach,FL,89430
A004762,C003798,Home,716 Sosa Spring,Coral Springs,FL,18858
A004763,C003799,Home,26738 Robinson Port,Boca Raton,FL,05492
A004764,C003800,Home,24295 Karen Heights,Miami,FL,24101
A004765,C003801,Home,8920 Earl Extensions Apt. 012,Pembroke Pines,FL,72074
A004766,C003802,Home,91425 Eric Extensions,Naples,FL,96094
A004767,C003803,Home,227 Zachary Falls Apt. 689,Naples,FL,35760
A004768,C003803,Mailing,65856 Rachel Expressway,Jacksonville,FL,22553
A004769,C003804,Home,6132 William Unions,Miami,FL,74250
A004770,C003804,Mailing,9870 Charles Village,Hollywood,FL,17350
A004771,C003805,Home,79864 Hancock Court,Pembroke Pines,FL,89799
A004772,C003806,Home,159 Lyons Spurs,Gainesville,FL,89272
A004773,C003806,Mailing,9639 Peter Pike Suite 861,Tampa,FL,77886
A004774,C003807,Home,2491 Edward Highway,Sarasota,FL,99005
A004775,C003808,Home,010 Wilson Squares,West Palm Beach,FL,35714
A004776,C003808,Mailing,757 Bridget Light,Jacksonville,FL,90473
A004777,C003809,Home,747 Laura Ranch Suite 730,Orlando,FL,68568
A004778,C003810,Home,180 White Loop,Jacksonville,FL,36014
A004779,C003811,Home,7311 Rodriguez Mountain Apt. 541,Hollywood,FL,84334
A004780,C003812,Home,194 Cain Road Suite 289,Pembroke Pines,FL,41855
A004781,C003812,Mailing,723 Lauren Dam Apt. 662,Naples,FL,21078
A004782,C003813,Home,976 Joseph Squares Suite 979,Coral Springs,FL,10919
A004783,C003814,Home,6605 Marshall Forges Suite 682,Boca Raton,FL,01696
A004784,C003815,Home,126 Ross Mountain Apt. 467,Tampa,FL,89568
A004785,C003815,Mailing,8066 Nicole Spur,Boca Raton,FL,70577
A004786,C003816,Home,5836 Pamela Loaf Suite 329,Hollywood,FL,26910
A004787,C003817,Home,127 Martin Port Suite 997,Naples,FL,42975
A004788,C003817,Mailing,22068 Sarah Haven,Hollywood,FL,55257
A004789,C003818,Home,53058 Samuel Courts Suite 281,Fort Lauderdale,FL,44785
A004790,C003819,Home,9112 Clark Light Apt. 162,Fort Lauderdale,FL,69937
A004791,C003820,Home,67607 Elizabeth Inlet Suite 373,Jacksonville,FL,37752
A004792,C003821,Home,70348 Julie Plains,Coral Springs,FL,15626
A004793,C003822,Home,3550 Edward Crossing Apt. 351,Coral Springs,FL,24743
A004794,C003823,Home,52098 Shawn Meadows,Tampa,FL,80564
A004795,C003824,Home,727 Jennifer Walks,Tampa,FL,07079
A004796,C003825,Home,433 Tammy Gateway,Sarasota,FL,33355
A004797,C003826,Home,433 Marie Roads,Pembroke Pines,FL,05899
A004798,C003827,Home,3107 Farmer Centers,Davie,FL,51577
A004799,C003828,Home,767 Kimberly Field,Tallahassee,FL,60500
A004800,C003829,Home,5137 Meredith Drive,Orlando,FL,69137
A004801,C003830,Home,645 Robert Run Suite 629,Orlando,FL,90625
A004802,C003831,Home,4521 Brittany Pass Suite 412,Jacksonville,FL,02473
A004803,C003832,Home,1604 Larry Fields,Pembroke Pines,FL,86740
A004804,C003833,Home,144 Jessica Passage,Tampa,FL,59198
A004805,C003834,Home,335 Erica Camp,Gainesville,FL,93598
A004806,C003834,Mailing,603 Samantha Mountains,Tampa,FL,59225
A004807,C003835,Home,016 Banks Fort Suite 334,Jacksonville,FL,98698
A004808,C003836,Home,4357 Kimberly Springs,Boca Raton,FL,82135
A004809,C003837,Home,909 Angela Overpass,West Palm Beach,FL,96775
A004810,C003838,Home,705 Davis Villages Apt. 133,Orlando,FL,82189
A004811,C003839,Home,58565 Holly Skyway,Gainesville,FL,99806
A004812,C003840,Home,46470 James Point,Boca Raton,FL,66486
A004813,C003841,Home,499 Wendy Forks Suite 668,Sarasota,FL,01616
A004814,C003842,Home,1679 Chris Freeway,West Palm Beach,FL,21169
A004815,C003843,Home,54642 Lisa Trafficway,Miami,FL,02745
A004816,C003843,Mailing,8583 Davis Throughway,Miami,FL,83589
A004817,C003844,Home,3649 Berry Manor,Orlando,FL,86765
A004818,C003844,Mailing,51057 Mark Cliff,Gainesville,FL,92041
A004819,C003845,Home,2082 Jessica Haven,Boca Raton,FL,69014
A004820,C003846,Home,62911 Steele Valley Suite 628,Naples,FL,92449
A004821,C003846,Mailing,03714 Sarah Falls,Orlando,FL,58012
A004822,C003847,Home,092 Austin Crossroad,Coral Springs,FL,32644
A004823,C003848,Home,8628 Patterson Spring,Jacksonville,FL,29294
A004824,C003849,Home,940 Gary Terrace,Sarasota,FL,04127
A004825,C003850,Home,1785 Bell Brook Suite 102,Gainesville,FL,83382
A004826,C003851,Home,16981 Matthew Extension,Naples,FL,24487
A004827,C003852,Home,24911 Pamela Pines,Miami,FL,81689
A004828,C003853,Home,1342 Adkins Crescent Apt. 238,Gainesville,FL,32402
A004829,C003854,Home,7275 Denise Meadow Suite 565,Tampa,FL,36046
A004830,C003855,Home,122 Harrington Vista Suite 856,Tallahassee,FL,27057
A004831,C003856,Home,52064 Thomas Key,West Palm Beach,FL,65634
A004832,C003856,Mailing,222 Burns Square,Miami,FL,62610
A004833,C003857,Home,8014 Miller Manors Apt. 328,Jacksonville,FL,12045
A004834,C003858,Home,501 April Fords,Miami,FL,85320
A004835,C003858,Mailing,9335 Klein Lock,Fort Lauderdale,FL,24173
A004836,C003859,Home,2756 Robinson Motorway,Naples,FL,68109
A004837,C003859,Mailing,50435 Miles Road Suite 685,Pembroke Pines,FL,50431
A004838,C003860,Home,05612 Brown Shores Apt. 899,Pembroke Pines,FL,92430
A004839,C003861,Home,0654 Madison Place Apt. 427,Sarasota,FL,45190
A004840,C003861,Mailing,539 Julie Greens,Boca Raton,FL,47941
A004841,C003862,Home,846 Thomas Valleys Suite 243,Tampa,FL,53083
A004842,C003863,Home,49550 Alexandra Spurs,Gainesville,FL,21260
A004843,C003864,Home,41814 Kimberly Causeway,Davie,FL,67767
A004844,C003865,Home,03577 Chapman Curve Apt. 694,Boca Raton,FL,81980
A004845,C003866,Home,671 Bowers Green,Miami,FL,82030
A004846,C003867,Home,370 Theresa Spring Suite 651,Coral Springs,FL,78496
A004847,C003867,Mailing,62119 Brandon Streets Apt. 002,Gainesville,FL,52189
A004848,C003868,Home,50669 Fischer Summit,Sarasota,FL,30681
A004849,C003869,Home,813 Carr Overpass Apt. 760,Fort Lauderdale,FL,82795
A004850,C003870,Home,5149 John Street Apt. 453,Hollywood,FL,24413
A004851,C003871,Home,7789 Vanessa Mills Apt. 103,Tampa,FL,11707
A004852,C003872,Home,32558 Davis Harbors Suite 151,Pembroke Pines,FL,60560
A004853,C003873,Home,236 Williams Groves Apt. 282,Tampa,FL,21173
A004854,C003874,Home,44008 Pruitt Centers,Boca Raton,FL,34107
A004855,C003875,Home,00638 Montgomery Ville,Hollywood,FL,11186
A004856,C003876,Home,3179 Scott Overpass Apt. 027,Hollywood,FL,63918
A004857,C003877,Home,5692 Joanne Knolls Suite 980,West Palm Beach,FL,67016
A004858,C003878,Home,309 Brown Extensions Apt. 181,Jacksonville,FL,09415
A004859,C003879,Home,77174 James Forks,Pembroke Pines,FL,62134
A004860,C003880,Home,091 Joseph Prairie Apt. 733,West Palm Beach,FL,51267
A004861,C003881,Home,7585 Lee Throughway,Naples,FL,66698
A004862,C003882,Home,0582 Beth Turnpike,Naples,FL,26635
A004863,C003883,Home,38293 Parks Terrace Suite 287,Gainesville,FL,78796
A004864,C003883,Mailing,650 Joseph Knoll Suite 575,Fort Lauderdale,FL,09152
A004865,C003884,Home,77547 Galloway View,Jacksonville,FL,92865
A004866,C003885,Home,38636 Jamie Roads,Orlando,FL,65863
A004867,C003886,Home,189 Jennifer Gardens Suite 940,Gainesville,FL,98830
A004868,C003886,Mailing,993 Michael Center Apt. 134,Sarasota,FL,27866
A004869,C003887,Home,76928 Tran Bridge Suite 325,Davie,FL,96041
A004870,C003888,Home,50984 Lee Manors Apt. 134,Naples,FL,13157
A004871,C003889,Home,3598 Lopez Viaduct Apt. 580,Miami,FL,12522
A004872,C003890,Home,908 Christian Mills Apt. 674,Coral Springs,FL,07006
A004873,C003891,Home,0580 Cassidy Park,Boca Raton,FL,06439
A004874,C003892,Home,5785 Parker Trail,Davie,FL,31018
A004875,C003893,Home,8073 Anne Stream,Gainesville,FL,66224
A004876,C003894,Home,2058 Kristie Heights Suite 039,Miami,FL,85928
A004877,C003895,Home,5312 Samantha Union Suite 880,Naples,FL,42048
A004878,C003895,Mailing,15665 Mora Extensions Apt. 014,Hollywood,FL,33172
A004879,C003896,Home,77562 Briggs Ridges,Naples,FL,52892
A004880,C003897,Home,48849 Renee Island Apt. 718,Coral Springs,FL,26000
A004881,C003897,Mailing,409 Loretta Lane,Hollywood,FL,27397
A004882,C003898,Home,98053 Tucker Locks,Tallahassee,FL,47341
A004883,C003898,Mailing,22668 Suzanne Spring Apt. 944,Gainesville,FL,70004
A004884,C003899,Home,0227 Clark Estate Apt. 166,Tampa,FL,09044
A004885,C003900,Home,18050 Mcpherson Park Suite 538,Jacksonville,FL,87035
A004886,C003900,Mailing,73905 Matthew Parkway Suite 735,Davie,FL,39712
A004887,C003901,Home,41887 Jason Parkways,Hollywood,FL,45530
A004888,C003902,Home,332 Danielle Junction Suite 435,Miami,FL,33247
A004889,C003902,Mailing,0364 Heather Throughway,Davie,FL,26264
A004890,C003903,Home,158 Joseph Isle Suite 808,Gainesville,FL,69475
A004891,C003904,Home,442 Frank Land Suite 859,Naples,FL,15235
A004892,C003905,Home,6359 Angela Station,West Palm Beach,FL,65710
A004893,C003906,Home,4247 Potter Station Suite 472,Miami,FL,00771
A004894,C003907,Home,8719 Massey Mews Apt. 887,Davie,FL,08691
A004895,C003908,Home,4874 Christian Plains,Tampa,FL,54604
A004896,C003909,Home,9001 Mccarty Junction Apt. 098,Pembroke Pines,FL,35740
A004897,C003910,Home,8888 Richardson Knoll Apt. 652,Jacksonville,FL,91067
A004898,C003911,Home,72874 Hernandez Brooks,Sarasota,FL,39986
A004899,C003912,Home,0697 Payne Mountains Suite 461,Boca Raton,FL,78630
A004900,C003913,Home,860 Anderson Harbors Apt. 943,Tampa,FL,16550
A004901,C003914,Home,95340 Sylvia Vista Suite 196,Jacksonville,FL,06053
A004902,C003914,Mailing,9857 Anna Islands,Sarasota,FL,66808
A004903,C003915,Home,241 Brown Estate Suite 129,Coral Springs,FL,47591
A004904,C003916,Home,35192 Joseph Springs Suite 990,West Palm Beach,FL,36381
A004905,C003917,Home,5530 Leach Corner,Tallahassee,FL,82585
A004906,C003918,Home,3897 Schultz Track,Gainesville,FL,24170
A004907,C003918,Mailing,2157 Walter Street Apt. 267,Orlando,FL,07214
A004908,C003919,Home,7526 Robin Shoal,Jacksonville,FL,47398
A004909,C003920,Home,9422 Kelsey Circle,Fort Lauderdale,FL,73520
A004910,C003921,Home,6083 Joseph Hill,Coral Springs,FL,84822
A004911,C003922,Home,313 Misty Crossing Suite 053,Sarasota,FL,36827
A004912,C003923,Home,062 Jennings Mills,Miami,FL,28375
A004913,C003924,Home,459 Robinson Via,Jacksonville,FL,94441
A004914,C003925,Home,46124 Melissa Estates Suite 155,Orlando,FL,15755
A004915,C003925,Mailing,6093 Lisa Corners,Tampa,FL,86045
A004916,C003926,Home,536 Timothy Hollow,Boca Raton,FL,71024
A004917,C003927,Home,385 Smith Greens Apt. 221,Tallahassee,FL,18835
A004918,C003927,Mailing,2675 Harmon Village Apt. 023,Naples,FL,41095
A004919,C003928,Home,6969 Lisa Curve,Davie,FL,47964
A004920,C003929,Home,48510 Schneider Drives,Jacksonville,FL,54621
A004921,C003930,Home,8218 Golden Shores,Boca Raton,FL,30574
A004922,C003931,Home,810 Nunez Shores Apt. 593,Sarasota,FL,34129
A004923,C003932,Home,291 Lauren Brooks Suite 651,Boca Raton,FL,69704
A004924,C003933,Home,6582 Lisa Via Apt. 982,Hollywood,FL,09893
A004925,C003934,Home,58915 Sean Locks Suite 198,Coral Springs,FL,58983
A004926,C003935,Home,041 Steven River Suite 708,Miami,FL,88070
A004927,C003936,Home,837 Lester Forest Suite 107,West Palm Beach,FL,83961
A004928,C003936,Mailing,75350 Andrew Row,Tallahassee,FL,01768
A004929,C003937,Home,82384 Smith Orchard,Naples,FL,85386
A004930,C003938,Home,2277 Stanley Creek Suite 236,Tallahassee,FL,92561
A004931,C003939,Home,26022 Christopher Gardens,Jacksonville,FL,09880
A004932,C003940,Home,62545 Jeffrey Common,West Palm Beach,FL,42488
A004933,C003940,Mailing,43856 Wilson Port,Hollywood,FL,76630
A004934,C003941,Home,223 Thompson Knolls,Pembroke Pines,FL,63892
A004935,C003942,Home,2130 Conway Fields,Coral Springs,FL,05438
A004936,C003943,Home,24456 Charlene Village,Jacksonville,FL,36850
A004937,C003943,Mailing,855 Rodriguez Shoals Suite 101,Sarasota,FL,70412
A004938,C003944,Home,84259 Parker Centers Apt. 057,Sarasota,FL,75967
A004939,C003945,Home,85691 Stephanie Springs Suite 170,Fort Lauderdale,FL,34827
A004940,C003945,Mailing,520 Cynthia Burgs,Miami,FL,05970
A004941,C003946,Home,123 Lauren Ridges Apt. 155,Davie,FL,90501
A004942,C003947,Home,6238 Phillip Radial Suite 522,Sarasota,FL,41566
A004943,C003948,Home,60289 Ryan Spur,Fort Lauderdale,FL,88212
A004944,C003949,Home,558 Nelson Lodge,Orlando,FL,47133
A004945,C003950,Home,614 Randall Centers Suite 461,Tallahassee,FL,21706
A004946,C003950,Mailing,606 Lee Freeway,Davie,FL,70100
A004947,C003951,Home,39486 Ortiz Islands Apt. 789,Pembroke Pines,FL,06357
A004948,C003951,Mailing,35166 William Expressway Apt. 552,West Palm Beach,FL,52583
A004949,C003952,Home,5989 Martin Club Apt. 050,Hollywood,FL,17835
A004950,C003953,Home,1938 Connie Plaza,Jacksonville,FL,16169
A004951,C003954,Home,04706 William Islands,Tallahassee,FL,45266
A004952,C003955,Home,5848 Love Mews,Hollywood,FL,60414
A004953,C003955,Mailing,3679 Daniel Dam,Miami,FL,05699
A004954,C003956,Home,6379 Cox Squares,West Palm Beach,FL,07299
A004955,C003957,Home,718 Mary Ridges,Miami,FL,18358
A004956,C003958,Home,13920 Michelle Lights Apt. 845,Fort Lauderdale,FL,68255
A004957,C003959,Home,62581 James Mills Apt. 216,Boca Raton,FL,82911
A004958,C003960,Home,948 Andrew Walks,Davie,FL,57690
A004959,C003961,Home,70767 Ronald Mission,Davie,FL,58833
A004960,C003962,Home,86491 Carla Route,Miami,FL,96978
A004961,C003963,Home,904 Orozco Terrace Apt. 409,Sarasota,FL,57867
A004962,C003963,Mailing,57020 Caldwell Mill,Jacksonville,FL,62831
A004963,C003964,Home,413 Mark Tunnel Suite 322,Gainesville,FL,17553
A004964,C003964,Mailing,22031 Dennis Oval,Tallahassee,FL,12027
A004965,C003965,Home,476 John Inlet,Coral Springs,FL,56898
A004966,C003966,Home,906 Henderson Port Suite 665,Coral Springs,FL,48774
A004967,C003967,Home,100 Jennifer Plains,Naples,FL,63506
A004968,C003968,Home,931 Jordan Pike Suite 378,Pembroke Pines,FL,06447
A004969,C003969,Home,163 Michael Mountains,Orlando,FL,03415
A004970,C003969,Mailing,771 Jennings Forest Apt. 396,Sarasota,FL,34646
A004971,C003970,Home,31994 Flores Walk,Tallahassee,FL,98769
A004972,C003971,Home,02280 Bruce Square,Orlando,FL,78972
A004973,C003971,Mailing,169 Jackson Brook,Miami,FL,15480
A004974,C003972,Home,526 Knapp Drive Suite 896,Gainesville,FL,42707
A004975,C003973,Home,822 Nicholas Mill Apt. 257,Davie,FL,01225
A004976,C003974,Home,244 White Spring,Miami,FL,77244
A004977,C003975,Home,44628 Sharon Plaza,Davie,FL,34216
A004978,C003976,Home,081 Louis Squares,Coral Springs,FL,60917
A004979,C003977,Home,611 Stephens Rue,Tampa,FL,53245
A004980,C003978,Home,629 Janice Bridge,Tallahassee,FL,75928
A004981,C003979,Home,879 Howard Mission,Tampa,FL,09849
A004982,C003979,Mailing,8145 Bowman Cliffs Apt. 805,Pembroke Pines,FL,85051
A004983,C003980,Home,3208 Jessica Crest Apt. 575,Tampa,FL,27269
A004984,C003981,Home,94550 Jeffrey Camp,Tallahassee,FL,22555
A004985,C003982,Home,7178 Tracy Hills,West Palm Beach,FL,44263
A004986,C003983,Home,92695 Escobar Turnpike,Pembroke Pines,FL,41220
A004987,C003983,Mailing,372 Willie Radial Apt. 532,Davie,FL,86929
A004988,C003984,Home,143 Davis Meadows,Gainesville,FL,51214
A004989,C003984,Mailing,27988 Jasmine Vista,Naples,FL,61979
A004990,C003985,Home,9366 Allen Mountains Suite 516,Gainesville,FL,29964
A004991,C003986,Home,255 Samantha Port,Hollywood,FL,81635
A004992,C003987,Home,82184 Heather Gateway,Miami,FL,30984
A004993,C003988,Home,939 Jessica Freeway,Tallahassee,FL,17218
A004994,C003989,Home,73043 Janet Village,Davie,FL,81078
A004995,C003990,Home,7716 Nguyen Curve Suite 611,Coral Springs,FL,28639
A004996,C003990,Mailing,10852 Shaw Trace Suite 206,Orlando,FL,28322
A004997,C003991,Home,914 Sandra Viaduct Apt. 391,Gainesville,FL,50121
A004998,C003991,Mailing,62400 Adams Mission,West Palm Beach,FL,43803
A004999,C003992,Home,215 Simon Glens,Hollywood,FL,02528
A005000,C003993,Home,880 Mccann Ville,Fort Lauderdale,FL,63846
A005001,C003994,Home,261 Scott Lakes Suite 557,West Palm Beach,FL,38156
A005002,C003995,Home,1992 Gonzalez Harbors,Hollywood,FL,10706
A005003,C003996,Home,58317 Robert Parks,Boca Raton,FL,36446
A005004,C003996,Mailing,466 Lee Street Apt. 722,Coral Springs,FL,54963
A005005,C003997,Home,54662 Jermaine Drive,Sarasota,FL,36760
A005006,C003997,Mailing,67130 Roberts Cape,Orlando,FL,78207
A005007,C003998,Home,708 Michael Cliffs,Orlando,FL,12156
A005008,C003999,Home,88533 Gutierrez Pike,West Palm Beach,FL,77653
A005009,C003999,Mailing,21047 Watkins Spurs Suite 462,Tampa,FL,60538
A005010,C004000,Home,0101 Casey Hills,Sarasota,FL,37225
A005011,C004001,Home,8227 Daniel Well,Davie,FL,34863
A005012,C004002,Home,1496 Gentry Trafficway Apt. 857,Orlando,FL,61310
A005013,C004003,Home,390 Stephen Greens Apt. 828,Tallahassee,FL,43992
A005014,C004003,Mailing,1578 Barr Spring Apt. 388,Davie,FL,60056
A005015,C004004,Home,66797 Devin Roads Apt. 815,Naples,FL,44698
A005016,C004005,Home,3040 Dawson Circle Apt. 519,Pembroke Pines,FL,67261
A005017,C004006,Home,1817 Williams Field Apt. 894,Tampa,FL,32071
A005018,C004007,Home,646 Anna Garden Suite 290,Davie,FL,75633
A005019,C004007,Mailing,209 Timothy Mills,Orlando,FL,45232
A005020,C004008,Home,558 Rodriguez Corners Apt. 252,Naples,FL,63245
A005021,C004009,Home,094 Simpson Parkways,Fort Lauderdale,FL,09772
A005022,C004010,Home,9196 Matthews Centers Apt. 152,Pembroke Pines,FL,96030
A005023,C004011,Home,40801 Michael Mount Suite 339,Sarasota,FL,06652
A005024,C004012,Home,03545 Michael Row,Orlando,FL,77257
A005025,C004013,Home,343 Fitzpatrick Throughway Apt. 855,Pembroke Pines,FL,11560
A005026,C004014,Home,162 Stanley Islands Apt. 419,Orlando,FL,44675
A005027,C004015,Home,603 Christine Gardens Apt. 754,Pembroke Pines,FL,42460
A005028,C004015,Mailing,77396 Rodriguez Via Suite 907,Hollywood,FL,76479
A005029,C004016,Home,449 Stephenson Port,Boca Raton,FL,04687
A005030,C004017,Home,72003 Todd View Suite 379,Hollywood,FL,95750
A005031,C004018,Home,5535 Ashlee Canyon,Boca Raton,FL,31946
A005032,C004018,Mailing,7986 James Camp Suite 535,Tallahassee,FL,65547
A005033,C004019,Home,3350 Sampson Orchard Apt. 924,Gainesville,FL,54966
A005034,C004020,Home,72116 Kimberly Key,Tallahassee,FL,16313
A005035,C004020,Mailing,039 Evans Inlet,Hollywood,FL,61476
A005036,C004021,Home,9557 Rodriguez Brooks,Tampa,FL,80342
A005037,C004022,Home,064 Young Ways,Boca Raton,FL,85278
A005038,C004023,Home,18487 Michael Landing Apt. 432,Gainesville,FL,13487
A005039,C004024,Home,0083 Dawn Avenue,West Palm Beach,FL,21157
A005040,C004024,Mailing,96107 Smith Overpass Suite 518,Boca Raton,FL,66717
A005041,C004025,Home,897 Traci Spur Suite 372,Hollywood,FL,32750
A005042,C004025,Mailing,480 Kristen Stream Suite 613,Coral Springs,FL,63319
A005043,C004026,Home,48441 Myers Dam Suite 072,Gainesville,FL,36503
A005044,C004027,Home,756 Sweeney Extensions,Davie,FL,96446
A005045,C004028,Home,7048 Veronica Turnpike,Sarasota,FL,88776
A005046,C004028,Mailing,1618 Michael Ford,Tampa,FL,06731
A005047,C004029,Home,272 Rachel Ridges Apt. 298,Naples,FL,01573
A005048,C004029,Mailing,411 Michael Dam Apt. 045,Tallahassee,FL,77839
A005049,C004030,Home,07473 Alexandra Islands Suite 505,Gainesville,FL,64843
A005050,C004031,Home,1528 Hood Lane Suite 273,Gainesville,FL,18044
A005051,C004032,Home,33408 Noah Views Apt. 675,Pembroke Pines,FL,47991
A005052,C004033,Home,4377 Zhang Skyway Suite 172,Coral Springs,FL,49036
A005053,C004034,Home,8670 Sharon Ports Apt. 595,Naples,FL,90589
A005054,C004035,Home,6427 Harris Ports,Tallahassee,FL,95226
A005055,C004036,Home,20511 Daniel Spurs Apt. 856,Fort Lauderdale,FL,36512
A005056,C004036,Mailing,634 Gordon Crescent Suite 349,Boca Raton,FL,39204
A005057,C004037,Home,83391 Rivera Port,Pembroke Pines,FL,58768
A005058,C004037,Mailing,007 Edward Coves Apt. 155,Boca Raton,FL,44209
A005059,C004038,Home,4992 Sanders Trace Suite 035,Tampa,FL,61461
A005060,C004039,Home,0599 Lee Harbor Apt. 065,Tallahassee,FL,82569
A005061,C004040,Home,1386 Baker Run Suite 261,Coral Springs,FL,30020
A005062,C004041,Home,527 Adams Spur Apt. 437,Sarasota,FL,13595
A005063,C004042,Home,424 Laurie Ville Apt. 686,Boca Raton,FL,56545
A005064,C004042,Mailing,06950 Taylor Mission,Miami,FL,69788
A005065,C004043,Home,4873 Smith Lights Suite 737,West Palm Beach,FL,76909
A005066,C004044,Home,07220 George Neck Apt. 882,Davie,FL,80721
A005067,C004044,Mailing,117 Adams Oval,Davie,FL,91289
A005068,C004045,Home,1580 Ashley Route,Davie,FL,20207
A005069,C004046,Home,015 Kimberly Ridge,Pembroke Pines,FL,74167
A005070,C004047,Home,484 Lynch Pine Suite 244,Sarasota,FL,29676
A005071,C004048,Home,5195 Wall Forks,Sarasota,FL,64740
A005072,C004049,Home,39440 Smith Stravenue Suite 597,Pembroke Pines,FL,07615
A005073,C004049,Mailing,4128 Anderson Ways Suite 359,Tampa,FL,21844
A005074,C004050,Home,2386 Flores Light Apt. 805,Tampa,FL,32001
A005075,C004051,Home,059 Davis Trail,Pembroke Pines,FL,63551
A005076,C004051,Mailing,1861 Powell Ramp,Orlando,FL,67281
A005077,C004052,Home,88085 Pham Place,Pembroke Pines,FL,58018
A005078,C004052,Mailing,900 Hutchinson Key,Orlando,FL,72992
A005079,C004053,Home,10285 Kristen Centers,Naples,FL,09367
A005080,C004053,Mailing,420 Guerrero Divide Suite 086,West Palm Beach,FL,30820
A005081,C004054,Home,85715 Keith Circles,Naples,FL,35304
A005082,C004055,Home,293 Jonathan Alley,Boca Raton,FL,55187
A005083,C004055,Mailing,330 Oconnor Parkway Apt. 024,Gainesville,FL,34855
A005084,C004056,Home,8871 Phillips Radial Suite 441,Boca Raton,FL,98626
A005085,C004057,Home,00440 Charles Field Suite 676,Tampa,FL,35900
A005086,C004057,Mailing,24525 Krystal Curve Suite 264,Pembroke Pines,FL,26931
A005087,C004058,Home,148 Benjamin Streets,Tallahassee,FL,29332
A005088,C004058,Mailing,7778 Davis Rest,Naples,FL,67247
A005089,C004059,Home,8611 Wolfe Island,Tampa,FL,64514
A005090,C004059,Mailing,30048 Jones Haven Apt. 597,Jacksonville,FL,39403
A005091,C004060,Home,9189 Dickson Crossroad,Sarasota,FL,68142
A005092,C004061,Home,78815 Crystal Hill Suite 864,Sarasota,FL,27093
A005093,C004061,Mailing,87778 Osborne Spurs,Fort Lauderdale,FL,89029
A005094,C004062,Home,641 Caldwell View Apt. 818,Pembroke Pines,FL,21856
A005095,C004063,Home,43415 Erin Grove,Orlando,FL,13985
A005096,C004064,Home,01231 Oliver Points Suite 635,Naples,FL,80450
A005097,C004065,Home,953 Cox Drive,Gainesville,FL,24120
A005098,C004066,Home,5208 Craig Oval,Davie,FL,06078
A005099,C004066,Mailing,55798 Black Mount,Miami,FL,30877
A005100,C004067,Home,9752 Harris Valley,Davie,FL,54426
A005101,C004068,Home,77416 Tucker Road,Naples,FL,75596
A005102,C004069,Home,5206 Lynn Union,Davie,FL,36644
A005103,C004070,Home,0988 Young Meadows,West Palm Beach,FL,86663
A005104,C004071,Home,4807 Matthew Lakes,Sarasota,FL,97929
A005105,C004072,Home,871 David Locks,Jacksonville,FL,18163
A005106,C004072,Mailing,388 Houston Plaza Suite 064,Boca Raton,FL,53836
A005107,C004073,Home,6951 Carr Hill Apt. 890,Miami,FL,52714
A005108,C004073,Mailing,61903 Bailey Estate,Sarasota,FL,75560
A005109,C004074,Home,921 Adams Mountain Suite 834,Gainesville,FL,66844
A005110,C004075,Home,851 Brittany Shoals,Boca Raton,FL,07434
A005111,C004076,Home,8306 Ball Ridges Apt. 798,Tallahassee,FL,80898
A005112,C004077,Home,65953 Coleman Springs Suite 384,Coral Springs,FL,13885
A005113,C004077,Mailing,74888 Farrell Fords,Tampa,FL,10816
A005114,C004078,Home,4237 Brenda Pines,Hollywood,FL,17749
A005115,C004079,Home,896 Alisha Flat,West Palm Beach,FL,82084
A005116,C004080,Home,4022 John Walks,Tallahassee,FL,37348
A005117,C004081,Home,18149 Pena Isle Suite 479,Sarasota,FL,65004
A005118,C004081,Mailing,12508 Jones Tunnel,Naples,FL,08608
A005119,C004082,Home,239 Larry Gardens,Hollywood,FL,47999
A005120,C004083,Home,75442 Kyle Garden Suite 506,Hollywood,FL,65161
A005121,C004084,Home,3600 Wagner Inlet,West Palm Beach,FL,65165
A005122,C004085,Home,63844 Samuel Bridge,Jacksonville,FL,57014
A005123,C004086,Home,13953 Jason Mission,Orlando,FL,62815
A005124,C004086,Mailing,18373 Dean Harbor,Tallahassee,FL,05061
A005125,C004087,Home,0984 Jerry Rue Suite 759,Miami,FL,82685
A005126,C004088,Home,87164 Jenkins Courts,Jacksonville,FL,12771
A005127,C004089,Home,798 Amy Grove,Boca Raton,FL,46607
A005128,C004090,Home,69096 Martin Roads Apt. 222,Jacksonville,FL,89262
A005129,C004091,Home,38407 Tommy Coves,West Palm Beach,FL,92168
A005130,C004091,Mailing,944 Eric Land,Orlando,FL,51867
A005131,C004092,Home,402 Ashley Rest Apt. 843,Sarasota,FL,81682
A005132,C004093,Home,82797 Jones Ranch Apt. 605,Hollywood,FL,21937
A005133,C004093,Mailing,54523 Reed Ridges Apt. 510,Tallahassee,FL,17758
A005134,C004094,Home,120 Hernandez Radial,Jacksonville,FL,91058
A005135,C004095,Home,656 Smith Forks,Fort Lauderdale,FL,81249
A005136,C004096,Home,2697 Michael Path Suite 523,Orlando,FL,44194
A005137,C004097,Home,204 George Hollow Apt. 711,Coral Springs,FL,31442
A005138,C004098,Home,71822 Amy Ports,Orlando,FL,81537
A005139,C004099,Home,759 Joseph Ways,Boca Raton,FL,41881
A005140,C004099,Mailing,741 White Lights Suite 666,Jacksonville,FL,68644
A005141,C004100,Home,60359 Heather Plain,Miami,FL,11887
A005142,C004101,Home,467 Wanda Well,Gainesville,FL,72847
A005143,C004101,Mailing,2209 Eduardo Circles,Naples,FL,20768
A005144,C004102,Home,3796 Jack Forest Apt. 022,Hollywood,FL,94186
A005145,C004102,Mailing,1145 Cindy Port Apt. 878,Boca Raton,FL,07478
A005146,C004103,Home,623 Christy Islands Suite 680,Gainesville,FL,47465
A005147,C004104,Home,36429 Williams Mountain,Davie,FL,80465
A005148,C004105,Home,3522 Francis Rapids Apt. 308,Naples,FL,95060
A005149,C004106,Home,69887 Alicia Port,Tallahassee,FL,67911
A005150,C004107,Home,947 Jennifer Rapids Suite 483,Naples,FL,76465
A005151,C004107,Mailing,55848 Carlson Port,Fort Lauderdale,FL,83936
A005152,C004108,Home,542 Kimberly Keys,Pembroke Pines,FL,16315
A005153,C004109,Home,5044 Tara Squares,Orlando,FL,49234
A005154,C004110,Home,95830 Hannah Camp,Tampa,FL,00947
A005155,C004111,Home,749 Lawson Flats,Gainesville,FL,14392
A005156,C004111,Mailing,719 Franco Burgs Suite 060,Tallahassee,FL,17687
A005157,C004112,Home,58183 Vincent Villages,Pembroke Pines,FL,84656
A005158,C004113,Home,77338 Joseph Crescent,Boca Raton,FL,33690
A005159,C004114,Home,077 Hannah Extensions Suite 108,Tallahassee,FL,11765
A005160,C004114,Mailing,199 Jennifer Mountain,Tampa,FL,66339
A005161,C004115,Home,845 Donna Vista,Pembroke Pines,FL,63832
A005162,C004116,Home,45042 Stephen Corners Suite 816,Davie,FL,92184
A005163,C004117,Home,65511 Crystal Curve,Fort Lauderdale,FL,70066
A005164,C004118,Home,092 Rowe Stream Suite 506,Fort Lauderdale,FL,14470
A005165,C004118,Mailing,9393 Richard Vista Suite 963,Jacksonville,FL,96278
A005166,C004119,Home,432 Fernandez Burgs,Jacksonville,FL,29883
A005167,C004120,Home,9665 Chapman Lakes Suite 946,Gainesville,FL,90224
A005168,C004120,Mailing,115 Stevens Skyway Apt. 175,Gainesville,FL,74765
A005169,C004121,Home,7510 Melissa Plains Apt. 678,Gainesville,FL,23743
A005170,C004121,Mailing,19960 Tracy Prairie Suite 715,Boca Raton,FL,15388
A005171,C004122,Home,736 King Station Suite 462,Miami,FL,62181
A005172,C004123,Home,2603 Sarah Fork,Orlando,FL,83828
A005173,C004124,Home,88076 Clinton Lodge Apt. 671,Hollywood,FL,83318
A005174,C004125,Home,10199 Park Crossroad Apt. 106,Hollywood,FL,51367
A005175,C004126,Home,8890 Robert Parks,Orlando,FL,40986
A005176,C004126,Mailing,497 Mathews Estates Suite 158,Pembroke Pines,FL,38596
A005177,C004127,Home,65183 Jacqueline Streets Suite 950,Boca Raton,FL,30855
A005178,C004128,Home,211 Wilson Glen Suite 851,Naples,FL,69190
A005179,C004128,Mailing,850 Cooper Radial,West Palm Beach,FL,15384
A005180,C004129,Home,8366 Hall Islands,Naples,FL,57359
A005181,C004130,Home,84026 Taylor Street,Coral Springs,FL,52236
A005182,C004131,Home,37571 Parks Place Suite 342,West Palm Beach,FL,60943
A005183,C004131,Mailing,885 Morgan Circles Suite 569,Orlando,FL,27264
A005184,C004132,Home,04556 Johnson Crossroad,Coral Springs,FL,23659
A005185,C004133,Home,6285 Moore Station,Naples,FL,69019
A005186,C004134,Home,572 Jeffrey Springs Suite 612,Orlando,FL,04317
A005187,C004134,Mailing,7432 Flores Skyway Apt. 913,Hollywood,FL,25927
A005188,C004135,Home,12161 Christopher River,Orlando,FL,13980
A005189,C004135,Mailing,7860 Brittany Locks,Boca Raton,FL,26599
A005190,C004136,Home,460 William Parks,Sarasota,FL,51818
A005191,C004137,Home,21109 Thompson Green Suite 198,Tallahassee,FL,14386
A005192,C004137,Mailing,91754 Michael Stream,West Palm Beach,FL,38303
A005193,C004138,Home,33816 Jerry Squares Apt. 041,Coral Springs,FL,50753
A005194,C004138,Mailing,67456 Adrian Mission Apt. 337,Boca Raton,FL,00564
A005195,C004139,Home,81198 George Dale Suite 573,Orlando,FL,51215
A005196,C004140,Home,80679 Cathy Field Apt. 103,Naples,FL,99068
A005197,C004141,Home,383 Hoffman Keys,Jacksonville,FL,05765
A005198,C004142,Home,6187 Tommy Trace,Sarasota,FL,38358
A005199,C004143,Home,94120 Griffin Cape,Boca Raton,FL,76499
A005200,C004144,Home,34987 Clark River Apt. 286,Sarasota,FL,43783
A005201,C004145,Home,97365 Charles Heights,Orlando,FL,89794
A005202,C004146,Home,81762 Johns Shoals,Naples,FL,83457
A005203,C004147,Home,4153 Susan Ports,Davie,FL,86561
A005204,C004148,Home,443 Jesse Track Suite 034,Fort Lauderdale,FL,13791
A005205,C004148,Mailing,36451 Kimberly Club Apt. 058,Gainesville,FL,75820
A005206,C004149,Home,6241 Connie Mountains Apt. 908,Gainesville,FL,45090
A005207,C004149,Mailing,14917 Margaret Station,Davie,FL,04721
A005208,C004150,Home,2232 Catherine Turnpike,Coral Springs,FL,48762
A005209,C004150,Mailing,0840 Huffman Forge Suite 215,Orlando,FL,12458
A005210,C004151,Home,622 Flores Port,Orlando,FL,75886
A005211,C004151,Mailing,65118 Jacob Haven Suite 972,Tallahassee,FL,34622
A005212,C004152,Home,3418 William Square,Sarasota,FL,31005
A005213,C004153,Home,0748 Emily Pines Apt. 853,Sarasota,FL,05992
A005214,C004153,Mailing,4463 Ramirez Land,Naples,FL,02180
A005215,C004154,Home,16369 Richardson Trail,Sarasota,FL,93019
A005216,C004155,Home,29218 Misty Forks Suite 195,Fort Lauderdale,FL,70817
A005217,C004156,Home,1874 Black Views Suite 037,Sarasota,FL,10993
A005218,C004156,Mailing,0769 Stephen Valley Apt. 949,Sarasota,FL,50451
A005219,C004157,Home,2397 Hunter Drive Apt. 156,Fort Lauderdale,FL,19985
A005220,C004158,Home,8655 Joyce Pass,Boca Raton,FL,30448
A005221,C004159,Home,98708 Jessica Plain,Fort Lauderdale,FL,64743
A005222,C004159,Mailing,69986 Ryan Fields Suite 264,Orlando,FL,27302
A005223,C004160,Home,5830 Mills Fall Suite 868,Jacksonville,FL,95555
A005224,C004161,Home,61727 James Tunnel,Fort Lauderdale,FL,61468
A005225,C004162,Home,945 Jackson Estate Apt. 808,Jacksonville,FL,50781
A005226,C004163,Home,111 Samuel Centers,Miami,FL,36649
A005227,C004163,Mailing,0402 Tammy Glen,Miami,FL,47284
A005228,C004164,Home,21311 James Locks,Tampa,FL,11412
A005229,C004165,Home,06850 Ralph Branch Apt. 068,Tampa,FL,49642
A005230,C004165,Mailing,16924 Williams Glens Apt. 066,Fort Lauderdale,FL,60803
A005231,C004166,Home,9382 Peters Turnpike,Gainesville,FL,64508
A005232,C004167,Home,11079 Courtney Flats,Naples,FL,54074
A005233,C004168,Home,49300 Carlos Spring Suite 561,Gainesville,FL,91771
A005234,C004169,Home,11177 Brown Pines,Tallahassee,FL,91212
A005235,C004170,Home,01209 Gutierrez Mills,Miami,FL,96841
A005236,C004170,Mailing,06137 Robinson Fork Suite 866,West Palm Beach,FL,32258
A005237,C004171,Home,0561 Johnson View,Jacksonville,FL,42779
A005238,C004172,Home,188 Gould Pine,Naples,FL,65732
A005239,C004173,Home,616 Christopher Circle,Davie,FL,07463
A005240,C004173,Mailing,85732 Armstrong Springs,Jacksonville,FL,31238
A005241,C004174,Home,457 Hurley Ports,Hollywood,FL,28048
A005242,C004175,Home,37691 Ivan Islands Suite 103,Miami,FL,82548
A005243,C004176,Home,38321 Anderson Run,Gainesville,FL,87667
A005244,C004177,Home,7848 Warren Ridge,Miami,FL,55461
A005245,C004178,Home,8950 Steven Glens Suite 182,Sarasota,FL,67117
A005246,C004179,Home,868 Joseph Via Suite 208,Gainesville,FL,19398
A005247,C004180,Home,9502 Stephens Stream Suite 290,Fort Lauderdale,FL,74451
A005248,C004181,Home,7833 Hall Inlet Apt. 595,Pembroke Pines,FL,51392
A005249,C004182,Home,367 Jeremy Union,Boca Raton,FL,71259
A005250,C004183,Home,88761 Rogers Cliff,Naples,FL,24627
A005251,C004183,Mailing,7551 Alex Crescent Suite 389,Hollywood,FL,58289
A005252,C004184,Home,66470 Paul Trail,Tallahassee,FL,36887
A005253,C004185,Home,36173 William Union Suite 744,Tallahassee,FL,10622
A005254,C004186,Home,41392 Johnson Ramp Suite 488,Orlando,FL,62876
A005255,C004187,Home,242 Sandoval Coves,Fort Lauderdale,FL,42866
A005256,C004188,Home,502 Perkins Plains Suite 730,West Palm Beach,FL,91226
A005257,C004189,Home,6015 Roberts Crescent Apt. 088,Tampa,FL,62394
A005258,C004190,Home,774 Kristin Circles,Miami,FL,97337
A005259,C004191,Home,642 Jennifer Valley Apt. 582,Boca Raton,FL,45624
A005260,C004192,Home,364 James Knolls,Pembroke Pines,FL,93967
A005261,C004192,Mailing,875 Wright Junctions Apt. 408,Gainesville,FL,28841
A005262,C004193,Home,968 Alyssa Court,Gainesville,FL,53475
A005263,C004193,Mailing,705 Juarez Green,Jacksonville,FL,44745
A005264,C004194,Home,18999 Stacy Branch Apt. 966,Hollywood,FL,76761
A005265,C004195,Home,036 Smith Court Suite 821,Fort Lauderdale,FL,80312
A005266,C004196,Home,098 Bryan Harbor,Pembroke Pines,FL,15496
A005267,C004196,Mailing,3854 Avery Run,Coral Springs,FL,05200
A005268,C004197,Home,7823 Mitchell Mews Apt. 008,Boca Raton,FL,88577
A005269,C004198,Home,0818 Smith Port Suite 885,West Palm Beach,FL,29409
A005270,C004199,Home,3550 Kelly Fort,Orlando,FL,27256
A005271,C004200,Home,9974 Stuart Falls,Naples,FL,96677
A005272,C004201,Home,72467 April Motorway,Jacksonville,FL,40492
A005273,C004202,Home,0382 Webb Roads,Tampa,FL,52273
A005274,C004203,Home,055 James Knolls,Fort Lauderdale,FL,60669
A005275,C004204,Home,9883 Daniel Well,Jacksonville,FL,18155
A005276,C004205,Home,496 Simpson Ports,Davie,FL,30744
A005277,C004205,Mailing,073 Kim Well Apt. 888,West Palm Beach,FL,98185
A005278,C004206,Home,9276 Turner Harbor,Boca Raton,FL,54553
A005279,C004207,Home,30292 Aaron Stravenue Apt. 752,Naples,FL,29880
A005280,C004208,Home,523 Villa Cliffs,Sarasota,FL,05607
A005281,C004208,Mailing,2997 Shepherd Mission Suite 769,Tampa,FL,40847
A005282,C004209,Home,20543 Hayes Islands,Jacksonville,FL,34787
A005283,C004210,Home,20299 Andrew Knoll Suite 972,Gainesville,FL,72773
A005284,C004210,Mailing,78150 Nicole Squares,Gainesville,FL,05067
A005285,C004211,Home,4005 Jennifer Pines,Jacksonville,FL,18574
A005286,C004212,Home,419 Johnson Lock Suite 099,Naples,FL,04263
A005287,C004213,Home,894 Jordan Lane,Orlando,FL,03324
A005288,C004214,Home,36674 Margaret Tunnel Suite 619,Davie,FL,50067
A005289,C004215,Home,25953 Fowler Lane,Coral Springs,FL,13911
A005290,C004216,Home,7896 Richard Isle Apt. 071,Tallahassee,FL,27919
A005291,C004217,Home,50211 Tamara Junctions Suite 668,Tallahassee,FL,34725
A005292,C004218,Home,068 Young Estates,Sarasota,FL,75648
A005293,C004219,Home,74257 Gonzalez Square,Jacksonville,FL,38295
A005294,C004220,Home,2632 Clark Extension,Pembroke Pines,FL,73687
A005295,C004221,Home,48892 Joshua Shoal Suite 398,Naples,FL,71687
A005296,C004222,Home,484 Calvin Gardens,Pembroke Pines,FL,01991
A005297,C004223,Home,993 Reyes Junctions Apt. 039,Jacksonville,FL,05779
A005298,C004224,Home,8759 Michelle Locks Apt. 644,Hollywood,FL,19128
A005299,C004225,Home,409 Howell Brooks,Davie,FL,21029
A005300,C004226,Home,063 Silva Gateway,Jacksonville,FL,38403
A005301,C004227,Home,220 Joy Circles,Orlando,FL,41766
A005302,C004228,Home,73067 Wallace Streets,Pembroke Pines,FL,68832
A005303,C004229,Home,3444 Patrick Mount,Davie,FL,34311
A005304,C004230,Home,59408 Pedro Isle,West Palm Beach,FL,59554
A005305,C004231,Home,590 Timothy Cliff Apt. 226,Miami,FL,01399
A005306,C004232,Home,01073 Martinez Pine,Hollywood,FL,68993
A005307,C004233,Home,264 Gill Trafficway Apt. 069,Sarasota,FL,68648
A005308,C004233,Mailing,00528 Steve Curve,Miami,FL,32523
A005309,C004234,Home,6280 Brown Forest,Hollywood,FL,32211
A005310,C004235,Home,890 Chang Curve Apt. 110,Naples,FL,60258
A005311,C004236,Home,59542 Levine Row Suite 325,Orlando,FL,84870
A005312,C004237,Home,0223 Carter Plaza,Gainesville,FL,73451
A005313,C004238,Home,535 Sandoval Club Apt. 565,Hollywood,FL,36474
A005314,C004238,Mailing,608 Emily Rapid Apt. 084,Orlando,FL,57688
A005315,C004239,Home,266 Roman Union,Boca Raton,FL,86677
A005316,C004240,Home,263 Duffy Lodge Suite 365,Naples,FL,63207
A005317,C004241,Home,226 Brown Mall Apt. 952,Boca Raton,FL,17511
A005318,C004241,Mailing,7226 Tyler Road,Fort Lauderdale,FL,67881
A005319,C004242,Home,981 Jordan Spur,Hollywood,FL,40264
A005320,C004242,Mailing,012 Kenneth Alley,Orlando,FL,75772
A005321,C004243,Home,0920 Richard Knoll Suite 522,Tampa,FL,55321
A005322,C004244,Home,22860 Rachel Club,Tampa,FL,08231
A005323,C004245,Home,52492 Thomas Stream Suite 683,Jacksonville,FL,60807
A005324,C004246,Home,41885 Pamela River Apt. 235,Coral Springs,FL,62505
A005325,C004247,Home,965 Brittany Circle,Davie,FL,34899
A005326,C004248,Home,6413 Elizabeth Stravenue Suite 385,Pembroke Pines,FL,86808
A005327,C004249,Home,215 Miller Path Apt. 720,Hollywood,FL,38189
A005328,C004249,Mailing,4684 Simon Union,Gainesville,FL,54118
A005329,C004250,Home,190 Kimberly Vista,Naples,FL,17888
A005330,C004250,Mailing,366 Mark Crossing Suite 444,Fort Lauderdale,FL,92720
A005331,C004251,Home,1971 Dawn Court Suite 761,Miami,FL,55466
A005332,C004252,Home,7022 Long Expressway,Boca Raton,FL,21218
A005333,C004253,Home,51167 Jason Expressway,Pembroke Pines,FL,21741
A005334,C004254,Home,6513 Fowler Radial Apt. 317,West Palm Beach,FL,98023
A005335,C004254,Mailing,4687 Chandler Lodge Apt. 051,Pembroke Pines,FL,67032
A005336,C004255,Home,78972 Daniel Island Suite 024,Hollywood,FL,31224
A005337,C004256,Home,57946 Patterson Lodge,Orlando,FL,69862
A005338,C004257,Home,65441 Glenn Villages,Sarasota,FL,21883
A005339,C004258,Home,57414 Kennedy Circle Apt. 656,Tallahassee,FL,20725
A005340,C004258,Mailing,4281 Simon Cove,Fort Lauderdale,FL,81779
A005341,C004259,Home,98354 Cruz Curve,Hollywood,FL,50562
A005342,C004260,Home,0051 Rebecca Orchard Suite 115,Gainesville,FL,12402
A005343,C004261,Home,94227 Wallace Forges,Gainesville,FL,39717
A005344,C004262,Home,219 Martin Cape,Hollywood,FL,29385
A005345,C004262,Mailing,143 Buckley Mountains Suite 677,Orlando,FL,61170
A005346,C004263,Home,1861 Andrew Mall,Fort Lauderdale,FL,50191
A005347,C004264,Home,7371 Michael Courts,Naples,FL,86348
A005348,C004265,Home,4300 Lang Mission Apt. 626,Boca Raton,FL,19930
A005349,C004266,Home,907 Smith Circle,Sarasota,FL,70116
A005350,C004267,Home,7052 Angela Keys Apt. 564,Gainesville,FL,68669
A005351,C004268,Home,93052 Gill Road Suite 568,Pembroke Pines,FL,28964
A005352,C004269,Home,83142 Valencia Cove Suite 494,Davie,FL,42736
A005353,C004270,Home,2531 Thomas Mountains,Naples,FL,84832
A005354,C004271,Home,553 Keith Pike Apt. 657,Orlando,FL,77580
A005355,C004271,Mailing,6983 Andrews Spur,Tampa,FL,75788
A005356,C004272,Home,62546 Lisa Shoals Suite 454,Hollywood,FL,86058
A005357,C004273,Home,34237 Amy Fork,Davie,FL,82898
A005358,C004273,Mailing,41972 Carlos Row Suite 610,Sarasota,FL,55297
A005359,C004274,Home,85266 Johnson Isle,Tallahassee,FL,06063
A005360,C004275,Home,873 Mason Estates Apt. 580,Tallahassee,FL,48593
A005361,C004276,Home,083 Lopez Points,Coral Springs,FL,96102
A005362,C004276,Mailing,643 Charles Parkways Suite 149,Hollywood,FL,12478
A005363,C004277,Home,5730 Tonya Village,Naples,FL,57068
A005364,C004278,Home,69003 Leon Underpass Apt. 740,Davie,FL,62914
A005365,C004279,Home,4568 Phyllis Turnpike Suite 926,Coral Springs,FL,17774
A005366,C004280,Home,081 Leslie Squares Apt. 293,Jacksonville,FL,79045
A005367,C004281,Home,31842 Sheila Forks Suite 898,Hollywood,FL,97175
A005368,C004282,Home,837 John Place,Jacksonville,FL,58048
A005369,C004283,Home,2859 Callahan Common,Miami,FL,48764
A005370,C004283,Mailing,61643 Calvin Run,Davie,FL,50432
A005371,C004284,Home,94018 Frank Overpass Suite 951,Jacksonville,FL,77906
A005372,C004285,Home,08812 Baker Course,Miami,FL,93744
A005373,C004285,Mailing,99869 Hunter Ports Apt. 332,Tallahassee,FL,28549
A005374,C004286,Home,12395 Timothy Knolls,Pembroke Pines,FL,45835
A005375,C004287,Home,39927 Miller Mount,Sarasota,FL,29447
A005376,C004288,Home,118 Eddie Street Apt. 830,Davie,FL,08038
A005377,C004289,Home,234 Nelson Extensions,Jacksonville,FL,22638
A005378,C004290,Home,84716 Alexander Well,Pembroke Pines,FL,50881
A005379,C004290,Mailing,374 Ian Mission Apt. 740,Jacksonville,FL,39415
A005380,C004291,Home,475 John Lights,Orlando,FL,46112
A005381,C004291,Mailing,7984 Dodson Points,Pembroke Pines,FL,06717
A005382,C004292,Home,187 Michael Island Apt. 556,Hollywood,FL,55029
A005383,C004293,Home,88262 Robinson Forge Apt. 674,Boca Raton,FL,46223
A005384,C004293,Mailing,08269 Pierce Ports,Tallahassee,FL,04345
A005385,C004294,Home,8123 Christopher Cape Apt. 031,Coral Springs,FL,28580
A005386,C004295,Home,4139 Annette Expressway Suite 724,West Palm Beach,FL,07024
A005387,C004296,Home,2874 Martin Pine Suite 271,Gainesville,FL,55486
A005388,C004296,Mailing,607 James Highway Apt. 308,Orlando,FL,37341
A005389,C004297,Home,070 Anthony Ridges,Hollywood,FL,97379
A005390,C004298,Home,76331 Short Rapid Apt. 155,Jacksonville,FL,65925
A005391,C004299,Home,3248 Villa Centers,Jacksonville,FL,75695
A005392,C004300,Home,991 Tyler Coves,Tampa,FL,19059
A005393,C004301,Home,6096 Hart Locks,Tallahassee,FL,73511
A005394,C004301,Mailing,53888 Andre Crossing Suite 218,Naples,FL,17642
A005395,C004302,Home,893 Scott Courts Apt. 517,Gainesville,FL,06021
A005396,C004303,Home,981 Tara Lock Suite 736,Fort Lauderdale,FL,36452
A005397,C004304,Home,67353 Stephanie Square Apt. 109,Tampa,FL,57846
A005398,C004305,Home,09213 Robert Mill,Hollywood,FL,12665
A005399,C004305,Mailing,2316 Taylor Plains Suite 016,Miami,FL,05623
A005400,C004306,Home,425 Jones Ferry Apt. 539,Hollywood,FL,89427
A005401,C004307,Home,3044 Garcia Squares Suite 935,Fort Lauderdale,FL,44096
A005402,C004307,Mailing,900 Taylor Forge Apt. 433,Hollywood,FL,05691
A005403,C004308,Home,84118 Jocelyn Extensions Apt. 487,West Palm Beach,FL,19222
A005404,C004308,Mailing,36121 Sanders Stravenue,Miami,FL,38391
A005405,C004309,Home,8997 Victor Hills,Tallahassee,FL,60145
A005406,C004309,Mailing,90410 David Inlet Apt. 712,Gainesville,FL,53175
A005407,C004310,Home,897 Nicole Coves Apt. 337,Davie,FL,63147
A005408,C004311,Home,97218 Vincent Via,West Palm Beach,FL,79509
A005409,C004312,Home,84663 Jennifer Valley,Hollywood,FL,41889
A005410,C004312,Mailing,04704 Kimberly Spurs Apt. 993,Davie,FL,13284
A005411,C004313,Home,4389 Paul Fall Suite 261,Orlando,FL,29313
A005412,C004314,Home,52337 Wilson Cliffs,Fort Lauderdale,FL,62837
A005413,C004315,Home,67216 Kayla Fields,Hollywood,FL,13852
A005414,C004316,Home,056 Hughes Parkway Apt. 582,Sarasota,FL,54140
A005415,C004316,Mailing,653 Carol Dam Apt. 879,Boca Raton,FL,77978
A005416,C004317,Home,3573 Obrien Pike,Jacksonville,FL,80665
A005417,C004318,Home,57654 Erica Summit,Tallahassee,FL,37821
A005418,C004319,Home,8084 Karen Squares,Jacksonville,FL,74580
A005419,C004320,Home,3035 Ruiz Rest,Miami,FL,87363
A005420,C004321,Home,65559 Morgan Road,Orlando,FL,12205
A005421,C004321,Mailing,3697 Rodney Place Apt. 611,Miami,FL,33089
A005422,C004322,Home,0434 Sarah Trafficway,Orlando,FL,23187
A005423,C004323,Home,443 Chad Rapids,Naples,FL,51925
A005424,C004324,Home,434 Andrew Extension Suite 650,Hollywood,FL,43587
A005425,C004324,Mailing,761 Crawford Stream Suite 329,Miami,FL,61374
A005426,C004325,Home,187 Thomas Hills Suite 445,Pembroke Pines,FL,49725
A005427,C004326,Home,074 Andrea Mews Suite 397,Boca Raton,FL,27591
A005428,C004327,Home,14099 Adam Loop Apt. 270,Tampa,FL,02781
A005429,C004328,Home,37277 Vang Way,Boca Raton,FL,27683
A005430,C004328,Mailing,2245 Andrews Ports,Gainesville,FL,51551
A005431,C004329,Home,45537 Amy Plains Suite 275,Tallahassee,FL,43725
A005432,C004330,Home,255 Barnes Crossing Suite 400,Jacksonville,FL,18305
A005433,C004331,Home,8729 William Burg Apt. 626,Boca Raton,FL,78599
A005434,C004332,Home,99557 Joshua Shore Suite 530,Boca Raton,FL,27860
A005435,C004333,Home,3193 Smith Corner,Tampa,FL,26192
A005436,C004334,Home,0930 Schroeder Crossroad Apt. 138,Orlando,FL,47845
A005437,C004334,Mailing,98231 Gerald Locks,Coral Springs,FL,90419
A005438,C004335,Home,9719 Estes Point,Sarasota,FL,57298
A005439,C004335,Mailing,8120 Stanley Points,Tampa,FL,61080
A005440,C004336,Home,5950 Matthew Trail Suite 804,Jacksonville,FL,80271
A005441,C004337,Home,9732 Justin Mountains Suite 324,Jacksonville,FL,47324
A005442,C004337,Mailing,84547 Daniel Fork,Tallahassee,FL,95768
A005443,C004338,Home,3019 Thomas Spur Apt. 394,Pembroke Pines,FL,61361
A005444,C004339,Home,986 Blackburn Land Apt. 155,Davie,FL,37026
A005445,C004339,Mailing,58566 Lopez Mountain Apt. 731,Tallahassee,FL,08781
A005446,C004340,Home,6106 Cunningham Loaf,Fort Lauderdale,FL,13151
A005447,C004341,Home,1902 Jennifer Turnpike Suite 263,Miami,FL,66738
A005448,C004342,Home,2066 Matthew Station Apt. 015,Tampa,FL,25852
A005449,C004343,Home,013 Timothy Camp Apt. 150,Gainesville,FL,87693
A005450,C004344,Home,703 Miller Trail,Fort Lauderdale,FL,47923
A005451,C004344,Mailing,24000 Ramirez Brook Apt. 060,Fort Lauderdale,FL,22985
A005452,C004345,Home,2751 Brian Square Suite 699,Miami,FL,48459
A005453,C004346,Home,280 Charles Garden,Davie,FL,28727
A005454,C004347,Home,3426 Randy Shore,Tampa,FL,89355
A005455,C004348,Home,034 Peters Loaf Suite 421,Pembroke Pines,FL,66779
A005456,C004349,Home,92439 Cooper Forges Apt. 050,Sarasota,FL,01528
A005457,C004350,Home,416 Jason Turnpike,West Palm Beach,FL,39050
A005458,C004350,Mailing,60919 Lowery Gardens Apt. 933,Orlando,FL,37869
A005459,C004351,Home,652 Smith Drive,Davie,FL,12896
A005460,C004351,Mailing,8858 Johnny Road,Coral Springs,FL,59463
A005461,C004352,Home,96548 Greg Stream,Miami,FL,33129
A005462,C004353,Home,09275 Jasmine Fords,Tallahassee,FL,85889
A005463,C004353,Mailing,43251 Perez Falls Suite 679,Jacksonville,FL,46101
A005464,C004354,Home,77709 Burgess Island Apt. 185,Naples,FL,15046
A005465,C004355,Home,33865 Davis Square Apt. 379,Jacksonville,FL,21303
A005466,C004356,Home,6862 Ortiz Branch,Miami,FL,39900
A005467,C004357,Home,801 Mcdonald Union,Orlando,FL,75533
A005468,C004358,Home,6966 Katherine Canyon Suite 352,Pembroke Pines,FL,26703
A005469,C004358,Mailing,308 Eric Ferry Apt. 883,West Palm Beach,FL,04297
A005470,C004359,Home,392 Robinson Cliff Suite 636,Pembroke Pines,FL,30045
A005471,C004360,Home,48088 Valerie Manor,Tampa,FL,58396
A005472,C004361,Home,7194 James Coves Apt. 472,Hollywood,FL,44056
A005473,C004361,Mailing,618 Mark Ville Suite 711,Fort Lauderdale,FL,70299
A005474,C004362,Home,973 Stephen Ranch Apt. 042,Naples,FL,67542
A005475,C004362,Mailing,02590 Scott Mall Suite 323,West Palm Beach,FL,24033
A005476,C004363,Home,9719 Amber Springs,Hollywood,FL,27835
A005477,C004364,Home,0184 Elizabeth Walk Apt. 000,Pembroke Pines,FL,02083
A005478,C004364,Mailing,205 Peter Burgs,Miami,FL,20455
A005479,C004365,Home,40981 Todd Brook Apt. 722,Hollywood,FL,91733
A005480,C004366,Home,59024 Sims Views Apt. 887,Pembroke Pines,FL,82005
A005481,C004366,Mailing,291 Prince Summit,Davie,FL,97893
A005482,C004367,Home,545 Santiago Turnpike Suite 285,Coral Springs,FL,91135
A005483,C004367,Mailing,29733 Smith Dam Suite 660,Orlando,FL,26266
A005484,C004368,Home,184 Davenport Glens,Gainesville,FL,63198
A005485,C004369,Home,66097 Christine Plains Suite 128,Jacksonville,FL,76687
A005486,C004370,Home,880 Laura Fords,Sarasota,FL,99453
A005487,C004371,Home,811 Juan Parkways,Hollywood,FL,12262
A005488,C004372,Home,244 Ruth Fall,Hollywood,FL,74965
A005489,C004372,Mailing,41816 Sullivan Cliff Apt. 937,Gainesville,FL,58638
A005490,C004373,Home,520 Jennifer Parkways Suite 188,Tallahassee,FL,70997
A005491,C004374,Home,868 Nicholas Dale Apt. 968,Coral Springs,FL,10422
A005492,C004375,Home,68058 Anderson Fords,Hollywood,FL,98088
A005493,C004375,Mailing,021 Robert Roads,Tampa,FL,45815
A005494,C004376,Home,607 Katherine Skyway Suite 469,Boca Raton,FL,03361
A005495,C004377,Home,9244 Raymond Locks Apt. 264,Davie,FL,59394
A005496,C004377,Mailing,56640 Stephanie Square Apt. 021,Tampa,FL,26005
A005497,C004378,Home,872 Richard Spring,Naples,FL,18587
A005498,C004378,Mailing,29198 Clinton Knoll,Orlando,FL,72750
A005499,C004379,Home,082 Vanessa Isle Apt. 220,Jacksonville,FL,94382
A005500,C004379,Mailing,529 Good Key,West Palm Beach,FL,39198
A005501,C004380,Home,9069 White Forges,Naples,FL,01690
A005502,C004381,Home,56611 Christine Village Suite 207,Sarasota,FL,55356
A005503,C004382,Home,02262 Jeremy Isle,Fort Lauderdale,FL,31644
A005504,C004383,Home,9324 Peterson Path Apt. 185,West Palm Beach,FL,56524
A005505,C004383,Mailing,44585 Rodgers Harbors,Miami,FL,53058
A005506,C004384,Home,7261 Emily Centers,West Palm Beach,FL,81197
A005507,C004385,Home,1565 Becky Ford Suite 038,Boca Raton,FL,41010
A005508,C004386,Home,104 Christine Lock,Hollywood,FL,76314
A005509,C004386,Mailing,67329 Kevin Knoll Suite 668,Tampa,FL,50592
A005510,C004387,Home,6597 Evans Radial,Hollywood,FL,84424
A005511,C004388,Home,6058 Abigail Divide Suite 350,West Palm Beach,FL,12589
A005512,C004389,Home,091 Macdonald Track Suite 558,Boca Raton,FL,29119
A005513,C004390,Home,3566 Stanley Forges Apt. 443,Gainesville,FL,71259
A005514,C004391,Home,52345 Alicia Locks Apt. 374,Hollywood,FL,34998
A005515,C004391,Mailing,2839 Williams Coves,Fort Lauderdale,FL,13412
A005516,C004392,Home,27493 Lacey Valley Apt. 616,Fort Lauderdale,FL,89617
A005517,C004393,Home,3491 Bell Mountain Apt. 558,Hollywood,FL,44760
A005518,C004394,Home,16668 Lewis Trail Suite 843,Pembroke Pines,FL,89328
A005519,C004395,Home,21315 Garcia Loop,West Palm Beach,FL,94235
A005520,C004395,Mailing,4687 Ortiz Plaza,Sarasota,FL,70647
A005521,C004396,Home,057 Adams Stravenue Apt. 966,Coral Springs,FL,06780
A005522,C004397,Home,155 Cox Junction Apt. 741,Sarasota,FL,12915
A005523,C004398,Home,002 Sanchez Skyway,Tallahassee,FL,46180
A005524,C004399,Home,557 Ramsey Track,West Palm Beach,FL,98333
A005525,C004399,Mailing,98587 Eric Ramp,Boca Raton,FL,57247
A005526,C004400,Home,4149 Paul Point,Hollywood,FL,15999
A005527,C004400,Mailing,3798 Kathleen Run,Fort Lauderdale,FL,24708
A005528,C004401,Home,9818 Danielle Ranch Suite 320,Gainesville,FL,49344
A005529,C004401,Mailing,296 Mullins Causeway,Hollywood,FL,67410
A005530,C004402,Home,44767 Jeffrey Spurs,Orlando,FL,16961
A005531,C004402,Mailing,795 Kyle Coves,Sarasota,FL,34445
A005532,C004403,Home,91386 Brenda Mountain Suite 637,Tallahassee,FL,73360
A005533,C004404,Home,3056 Mcdonald Inlet,Sarasota,FL,92705
A005534,C004405,Home,8895 Gonzalez Track,Fort Lauderdale,FL,34153
A005535,C004406,Home,0305 Perez Plains Suite 303,Miami,FL,09831
A005536,C004407,Home,4480 Hill Brook Suite 117,Hollywood,FL,46461
A005537,C004408,Home,72614 Dawn Glen Apt. 868,Gainesville,FL,43137
A005538,C004409,Home,483 Torres Station,Tallahassee,FL,79061
A005539,C004410,Home,521 Abbott Trail,West Palm Beach,FL,76511
A005540,C004411,Home,957 Mooney Forges,Miami,FL,56212
A005541,C004412,Home,199 Rodriguez Fork,Miami,FL,44451
A005542,C004413,Home,28996 Flores Motorway,Miami,FL,90911
A005543,C004414,Home,0017 Simmons Meadows Apt. 063,West Palm Beach,FL,07412
A005544,C004414,Mailing,76030 Kevin Bypass Suite 521,Davie,FL,30116
A005545,C004415,Home,4424 Farley View Apt. 600,Hollywood,FL,68639
A005546,C004415,Mailing,690 Joshua Junction,Boca Raton,FL,40671
A005547,C004416,Home,8803 Davis Knolls Apt. 141,Coral Springs,FL,87653
A005548,C004417,Home,915 Frank Key Suite 583,West Palm Beach,FL,46113
A005549,C004417,Mailing,83298 Hill Creek,Tampa,FL,25282
A005550,C004418,Home,75482 Morrison Ridge,Jacksonville,FL,91908
A005551,C004419,Home,078 Weaver Extensions Suite 264,Coral Springs,FL,70281
A005552,C004420,Home,1594 Kevin Route,Tallahassee,FL,15358
A005553,C004421,Home,359 Lauren Walks Apt. 416,Fort Lauderdale,FL,00521
A005554,C004422,Home,5695 Jesse Ridge,Jacksonville,FL,52409
A005555,C004423,Home,622 Pamela Park,Hollywood,FL,27720
A005556,C004424,Home,76113 Blair Hill,Tallahassee,FL,56397
A005557,C004425,Home,5182 Patricia Fort,Davie,FL,46062
A005558,C004425,Mailing,9159 Gibson Drive,Naples,FL,86823
A005559,C004426,Home,673 Allen Terrace Suite 058,Jacksonville,FL,89626
A005560,C004427,Home,22189 Teresa Loop Suite 134,Naples,FL,89382
A005561,C004428,Home,28626 Jessica Forges Apt. 647,Miami,FL,50746
A005562,C004428,Mailing,522 Danielle Dam Suite 676,Sarasota,FL,94771
A005563,C004429,Home,3325 Robinson Hill Apt. 198,Fort Lauderdale,FL,99914
A005564,C004429,Mailing,030 Wagner Squares,Miami,FL,50876
A005565,C004430,Home,031 Jonathan Mount,Jacksonville,FL,56779
A005566,C004431,Home,0542 Chang Greens,Boca Raton,FL,62942
A005567,C004432,Home,06949 Joel Road,Fort Lauderdale,FL,81231
A005568,C004432,Mailing,5566 Silva Hill,Davie,FL,83388
A005569,C004433,Home,3673 Miller Prairie Suite 494,Tallahassee,FL,15341
A005570,C004434,Home,43536 Holmes Stream,Naples,FL,58208
A005571,C004435,Home,7194 Rosales Glens Suite 376,Gainesville,FL,65708
A005572,C004436,Home,661 Michael Plains Suite 971,Sarasota,FL,84410
A005573,C004436,Mailing,547 Connie Ville,Boca Raton,FL,27774
A005574,C004437,Home,0822 Nicole Lights Apt. 631,Pembroke Pines,FL,03862
A005575,C004438,Home,6260 Richard Prairie Suite 585,Hollywood,FL,51233
A005576,C004439,Home,2111 Madison Junctions,Boca Raton,FL,98386
A005577,C004439,Mailing,7715 Joshua Vista,Davie,FL,02212
A005578,C004440,Home,26551 Good Mall,Sarasota,FL,36862
A005579,C004440,Mailing,405 Wilson Forest Apt. 548,Coral Springs,FL,73601
A005580,C004441,Home,7309 Hawkins Ports,Coral Springs,FL,56110
A005581,C004442,Home,4362 Martin Drive Apt. 727,Jacksonville,FL,91965
A005582,C004443,Home,667 William Mountain,West Palm Beach,FL,85169
A005583,C004444,Home,7227 Michael Flat,Sarasota,FL,81449
A005584,C004444,Mailing,5176 Andrews Mount Apt. 878,Tallahassee,FL,20996
A005585,C004445,Home,9110 Boyd Haven,Tallahassee,FL,18807
A005586,C004445,Mailing,667 Harris Branch Apt. 566,Tallahassee,FL,78788
A005587,C004446,Home,08698 Garcia Spring,Jacksonville,FL,03206
A005588,C004447,Home,82592 Nancy Knoll,Sarasota,FL,43941
A005589,C004448,Home,525 Heather Roads Suite 710,Tallahassee,FL,79459
A005590,C004449,Home,4934 Hancock Pine,Gainesville,FL,72467
A005591,C004450,Home,33418 Robinson Bypass,Davie,FL,12622
A005592,C004451,Home,61143 Jordan Ridges,Tallahassee,FL,87768
A005593,C004452,Home,9732 Khan Path,Fort Lauderdale,FL,25278
A005594,C004453,Home,77249 Wanda Extensions Suite 959,Davie,FL,23098
A005595,C004454,Home,16213 Montgomery Lodge,Tallahassee,FL,53846
A005596,C004455,Home,1319 Mcbride Village,Tampa,FL,83025
A005597,C004456,Home,51344 Sara Prairie Apt. 220,Tallahassee,FL,67352
A005598,C004457,Home,150 Angel Fields Apt. 208,Tampa,FL,64709
A005599,C004458,Home,168 Greg Cliffs Suite 100,Fort Lauderdale,FL,51283
A005600,C004459,Home,6666 Marcia Loop Apt. 460,Fort Lauderdale,FL,80226
A005601,C004460,Home,31455 Elizabeth Run,Hollywood,FL,71859
A005602,C004461,Home,7563 Melissa Ford,Miami,FL,34553
A005603,C004461,Mailing,3528 Stewart Ranch,Orlando,FL,73760
A005604,C004462,Home,240 Ramirez Stream Apt. 988,Tallahassee,FL,23863
A005605,C004463,Home,54239 Austin Brook Suite 049,Jacksonville,FL,93477
A005606,C004464,Home,18131 Gilbert Mountains Apt. 853,Hollywood,FL,27797
A005607,C004465,Home,28915 Julie Meadows,West Palm Beach,FL,41054
A005608,C004466,Home,544 Jennifer Dam,Pembroke Pines,FL,80199
A005609,C004467,Home,02545 Jessica Mountain Suite 348,Hollywood,FL,82514
A005610,C004467,Mailing,975 Mason Locks,Sarasota,FL,20840
A005611,C004468,Home,331 Reid Overpass,Jacksonville,FL,16336
A005612,C004469,Home,1551 Stanley Union,Pembroke Pines,FL,50283
A005613,C004470,Home,370 Kristen Field,West Palm Beach,FL,76238
A005614,C004470,Mailing,06525 Brian Drives Suite 002,Naples,FL,67721
A005615,C004471,Home,082 Adam Garden,Orlando,FL,23960
A005616,C004472,Home,04322 Danielle Summit,Gainesville,FL,13112
A005617,C004472,Mailing,732 Chris Courts,Hollywood,FL,54749
A005618,C004473,Home,41851 Diaz Oval Suite 892,Jacksonville,FL,84304
A005619,C004474,Home,87579 Ibarra Island,West Palm Beach,FL,76806
A005620,C004475,Home,519 Steven Islands Suite 812,Miami,FL,25070
A005621,C004476,Home,032 Robert Terrace,Coral Springs,FL,81331
A005622,C004477,Home,13817 Duncan Light Apt. 930,West Palm Beach,FL,60596
A005623,C004477,Mailing,3366 Logan Forest Apt. 459,Boca Raton,FL,21288
A005624,C004478,Home,161 Carter Point,Coral Springs,FL,34426
A005625,C004479,Home,185 Catherine Mall,Naples,FL,48367
A005626,C004480,Home,1848 Curry Parkway Apt. 658,Tallahassee,FL,60321
A005627,C004481,Home,2266 Erik Mountain,Pembroke Pines,FL,32876
A005628,C004481,Mailing,186 Koch Corners Suite 607,Tallahassee,FL,85041
A005629,C004482,Home,549 Byrd Lock,Pembroke Pines,FL,28504
A005630,C004483,Home,7780 Snow Coves,Boca Raton,FL,98577
A005631,C004484,Home,855 Crystal Tunnel,Orlando,FL,95466
A005632,C004484,Mailing,493 Estrada Views,Miami,FL,60540
A005633,C004485,Home,5658 Kristina Green Suite 807,Tallahassee,FL,70507
A005634,C004486,Home,3277 Courtney Port Suite 529,Tallahassee,FL,62620
A005635,C004487,Home,414 Rebecca Village Apt. 043,Fort Lauderdale,FL,72615
A005636,C004488,Home,69022 Tammy Street Apt. 017,Naples,FL,47327
A005637,C004489,Home,166 Walsh River,Sarasota,FL,44216
A005638,C004490,Home,854 James Parks,Gainesville,FL,62040
A005639,C004491,Home,995 Jensen Route,Gainesville,FL,32890
A005640,C004491,Mailing,57196 Jennifer Well Apt. 204,Tampa,FL,05086
A005641,C004492,Home,58319 Miguel Knolls Apt. 924,Davie,FL,64460
A005642,C004493,Home,92228 Thomas Forest,Coral Springs,FL,76300
A005643,C004494,Home,97449 Larsen Courts Suite 553,Pembroke Pines,FL,03576
A005644,C004495,Home,861 Johnathan Point Suite 245,Davie,FL,37117
A005645,C004496,Home,9785 Jones Hill Apt. 853,Hollywood,FL,15799
A005646,C004497,Home,3837 Alexandra Street Suite 355,Sarasota,FL,96453
A005647,C004498,Home,194 Stevens Forges Apt. 028,Coral Springs,FL,14004
A005648,C004499,Home,2931 Miller Streets Apt. 047,Pembroke Pines,FL,19002
A005649,C004499,Mailing,66316 Hopkins Drive,Davie,FL,90374
A005650,C004500,Home,87830 Felicia Spur Suite 652,Miami,FL,79715
A005651,C004501,Home,0717 Kyle Plains Suite 209,Hollywood,FL,17254
A005652,C004501,Mailing,588 Joshua Islands,Coral Springs,FL,93032
A005653,C004502,Home,04419 Dalton Station,Tampa,FL,61496
A005654,C004502,Mailing,6122 Ian Cliffs,Naples,FL,17194
A005655,C004503,Home,06826 Kim Park Apt. 348,Pembroke Pines,FL,47895
A005656,C004503,Mailing,3569 Robinson Divide Apt. 614,Pembroke Pines,FL,67140
A005657,C004504,Home,9496 Brandon Stravenue Suite 875,Miami,FL,83517
A005658,C004504,Mailing,035 Evans Tunnel,Naples,FL,34674
A005659,C004505,Home,03846 Thomas Station Suite 840,Hollywood,FL,30221
A005660,C004506,Home,68768 Anna Place,Hollywood,FL,17606
A005661,C004507,Home,449 Williams Crest,Boca Raton,FL,29543
A005662,C004507,Mailing,7185 Torres Junction,Naples,FL,38390
A005663,C004508,Home,3894 Dunn Ville Apt. 275,Pembroke Pines,FL,20645
A005664,C004509,Home,848 Tammy Motorway,Tallahassee,FL,38273
A005665,C004510,Home,0856 David Stravenue Apt. 862,Fort Lauderdale,FL,39312
A005666,C004510,Mailing,272 Sherri Lakes,Tampa,FL,16105
A005667,C004511,Home,17602 Brandy Road,Jacksonville,FL,53427
A005668,C004512,Home,37225 Jessica Spur Suite 494,Jacksonville,FL,27087
A005669,C004513,Home,6572 Cindy Radial,Jacksonville,FL,74088
A005670,C004513,Mailing,6763 Yang Fords Suite 667,Gainesville,FL,23376
A005671,C004514,Home,9833 Joshua Passage Suite 668,Gainesville,FL,80036
A005672,C004515,Home,140 Courtney Canyon Suite 941,Boca Raton,FL,13770
A005673,C004516,Home,855 Terry Branch Suite 725,Tallahassee,FL,20182
A005674,C004517,Home,33783 Ramirez Mews,Fort Lauderdale,FL,29629
A005675,C004517,Mailing,621 Grant Summit,Naples,FL,37158
A005676,C004518,Home,0635 John Turnpike Suite 856,Fort Lauderdale,FL,27926
A005677,C004519,Home,51428 Emma Point Suite 505,Tampa,FL,80232
A005678,C004520,Home,9103 Ali Cliff Suite 032,Gainesville,FL,82806
A005679,C004520,Mailing,12934 Cochran Highway,Coral Springs,FL,53498
A005680,C004521,Home,393 Jason Branch Suite 245,Sarasota,FL,42152
A005681,C004522,Home,59241 Jaclyn Groves,Tampa,FL,43036
A005682,C004523,Home,7970 Ross Groves Apt. 659,Naples,FL,87141
A005683,C004523,Mailing,098 James Skyway Suite 672,Orlando,FL,11419
A005684,C004524,Home,945 Brenda Hills,Jacksonville,FL,10375
A005685,C004524,Mailing,4083 Ryan Turnpike Suite 459,Hollywood,FL,14860
A005686,C004525,Home,27236 Tiffany Park,Tallahassee,FL,52166
A005687,C004525,Mailing,80266 Gomez Cliff,Jacksonville,FL,11994
A005688,C004526,Home,93935 Wright Meadow Apt. 695,Miami,FL,61743
A005689,C004526,Mailing,28998 Sanchez Road Suite 940,Tallahassee,FL,70588
A005690,C004527,Home,90720 Harrell Bridge Suite 569,Gainesville,FL,20730
A005691,C004527,Mailing,31683 Lindsey Oval,Tampa,FL,09553
A005692,C004528,Home,753 Reese Ridges,Orlando,FL,48366
A005693,C004528,Mailing,78677 Emily Inlet Apt. 190,Fort Lauderdale,FL,91773
A005694,C004529,Home,8908 Maxwell Trafficway,Coral Springs,FL,11048
A005695,C004530,Home,01756 Jordan Manors Apt. 817,Boca Raton,FL,48965
A005696,C004531,Home,0565 Crane Terrace,Fort Lauderdale,FL,14067
A005697,C004531,Mailing,97179 Brian Square,Fort Lauderdale,FL,55005
A005698,C004532,Home,43733 Floyd Forges Apt. 317,Fort Lauderdale,FL,01073
A005699,C004533,Home,133 Kimberly Neck Apt. 131,West Palm Beach,FL,87231
A005700,C004533,Mailing,9999 Simpson Wells Apt. 393,West Palm Beach,FL,28450
A005701,C004534,Home,63325 Brown Manors,Davie,FL,86512
A005702,C004535,Home,1363 Sarah Springs,Coral Springs,FL,92189
A005703,C004536,Home,1968 Lewis Stravenue,Tallahassee,FL,91232
A005704,C004537,Home,998 Castro Spring,Hollywood,FL,28181
A005705,C004538,Home,36662 Kristin Mission,Gainesville,FL,29183
A005706,C004539,Home,6530 Davis Forges Apt. 623,Naples,FL,56872
A005707,C004540,Home,054 Christopher View Apt. 490,Jacksonville,FL,29497
A005708,C004541,Home,609 Michele Curve,Miami,FL,07711
A005709,C004542,Home,391 Eric Brook Suite 075,Boca Raton,FL,65123
A005710,C004542,Mailing,932 James Drives,Orlando,FL,12470
A005711,C004543,Home,3436 Julian Springs Apt. 977,Pembroke Pines,FL,76420
A005712,C004544,Home,8629 Stephen Bypass,Coral Springs,FL,95410
A005713,C004545,Home,8802 Amber Common,Coral Springs,FL,82959
A005714,C004545,Mailing,097 Billy Trace Apt. 609,Naples,FL,80248
A005715,C004546,Home,595 Cole Center Suite 382,Tallahassee,FL,58260
A005716,C004547,Home,3388 Jason Spur,Pembroke Pines,FL,59388
A005717,C004547,Mailing,234 Jodi Loop Apt. 493,Naples,FL,65026
A005718,C004548,Home,3893 Heather Meadow Suite 352,Coral Springs,FL,84976
A005719,C004549,Home,21445 Tran Brooks,Davie,FL,53211
A005720,C004550,Home,291 Ricky Mountain Apt. 290,Hollywood,FL,19925
A005721,C004550,Mailing,481 Amanda Forges Apt. 846,Fort Lauderdale,FL,54496
A005722,C004551,Home,5749 Murphy Drive,Jacksonville,FL,06353
A005723,C004552,Home,4763 Steven Mill,Coral Springs,FL,40501
A005724,C004552,Mailing,378 Harris Isle Apt. 287,West Palm Beach,FL,99267
A005725,C004553,Home,127 Green Streets,Miami,FL,23355
A005726,C004554,Home,684 Pamela Parkway Apt. 168,West Palm Beach,FL,05239
A005727,C004555,Home,39963 Reynolds Highway,Tallahassee,FL,95803
A005728,C004555,Mailing,49419 Joshua Summit,Tallahassee,FL,01791
A005729,C004556,Home,8908 Christopher Shore Apt. 323,Sarasota,FL,85712
A005730,C004557,Home,014 Johnson Meadows Apt. 791,Jacksonville,FL,22670
A005731,C004558,Home,463 Gloria Lane,Jacksonville,FL,71885
A005732,C004559,Home,796 Stewart Row,Jacksonville,FL,53738
A005733,C004559,Mailing,201 Mccoy Estate Suite 105,Coral Springs,FL,18103
A005734,C004560,Home,0090 Troy Stream Suite 935,Jacksonville,FL,16764
A005735,C004560,Mailing,9984 James Curve,Fort Lauderdale,FL,67628
A005736,C004561,Home,503 Monica Tunnel Suite 613,Jacksonville,FL,80113
A005737,C004562,Home,84751 Villarreal Points Apt. 804,West Palm Beach,FL,40279
A005738,C004563,Home,9918 Brian Lock,Jacksonville,FL,50349
A005739,C004563,Mailing,384 Jones Brooks Suite 048,Pembroke Pines,FL,48601
A005740,C004564,Home,4503 Heather Inlet Apt. 669,Hollywood,FL,78956
A005741,C004565,Home,6427 David Ports,Miami,FL,21017
A005742,C004566,Home,21801 Vaughn Turnpike Suite 679,Pembroke Pines,FL,24798
A005743,C004566,Mailing,174 Jones Lakes Apt. 862,Jacksonville,FL,13323
A005744,C004567,Home,44341 Merritt Divide,Coral Springs,FL,07808
A005745,C004568,Home,8109 James Bypass Suite 621,Pembroke Pines,FL,56127
A005746,C004569,Home,21512 King Gardens,Coral Springs,FL,53406
A005747,C004569,Mailing,424 Freeman Garden Suite 323,Fort Lauderdale,FL,66455
A005748,C004570,Home,8052 Marsh Spring,Naples,FL,26648
A005749,C004571,Home,1772 Amanda Keys Apt. 462,Coral Springs,FL,90200
A005750,C004572,Home,1230 Harmon Mission Apt. 898,Tampa,FL,52948
A005751,C004573,Home,818 Smith Canyon,Coral Springs,FL,07533
A005752,C004574,Home,4928 Perez View,Pembroke Pines,FL,11118
A005753,C004574,Mailing,4208 Schaefer Crest,Davie,FL,80627
A005754,C004575,Home,75182 Brandon Path Suite 542,Pembroke Pines,FL,11989
A005755,C004576,Home,712 James Underpass Apt. 964,Tampa,FL,55110
A005756,C004576,Mailing,0714 Ryan Camp,Gainesville,FL,88565
A005757,C004577,Home,27448 Cook Trace Suite 705,Boca Raton,FL,44285
A005758,C004578,Home,96801 Charles Dale,Naples,FL,55160
A005759,C004579,Home,726 Reyes Vista Apt. 545,Gainesville,FL,16083
A005760,C004580,Home,856 Chad Extension Apt. 669,Jacksonville,FL,56707
A005761,C004581,Home,711 Jessica Centers Suite 944,Tallahassee,FL,51483
A005762,C004582,Home,04723 Thomas Burg Apt. 294,Sarasota,FL,43768
A005763,C004583,Home,66093 Shannon Row,Coral Springs,FL,73293
A005764,C004584,Home,2105 Gomez Mills,Tampa,FL,95801
A005765,C004585,Home,62998 Green Mountains,West Palm Beach,FL,60530
A005766,C004586,Home,20140 Steven Walks Suite 445,Coral Springs,FL,74039
A005767,C004587,Home,673 Robinson Mission,Miami,FL,75538
A005768,C004588,Home,89599 Taylor Divide,Sarasota,FL,55366
A005769,C004589,Home,50735 David Plain,Coral Springs,FL,15921
A005770,C004590,Home,598 Rowe Ford Apt. 642,Naples,FL,75184
A005771,C004590,Mailing,7970 Sherman Route Apt. 765,Jacksonville,FL,48185
A005772,C004591,Home,88634 Mckay Plain Apt. 219,Coral Springs,FL,43827
A005773,C004592,Home,012 Annette Squares,Fort Lauderdale,FL,27840
A005774,C004593,Home,52023 Jill Branch,Hollywood,FL,53877
A005775,C004593,Mailing,516 Walker Glens Apt. 049,Miami,FL,62801
A005776,C004594,Home,526 Rich Ramp Apt. 847,Orlando,FL,95351
A005777,C004595,Home,4087 Davis Mills Apt. 000,Pembroke Pines,FL,68710
A005778,C004596,Home,9754 Caitlin Mountains,Pembroke Pines,FL,26909
A005779,C004596,Mailing,58850 Rachel Crossing Suite 337,Miami,FL,80011
A005780,C004597,Home,606 Klein Estate,Pembroke Pines,FL,20663
A005781,C004598,Home,596 Nicole Center Apt. 520,Gainesville,FL,75459
A005782,C004599,Home,64046 Brown Way,Tampa,FL,62506
A005783,C004600,Home,69792 Johnson Station,Orlando,FL,49671
A005784,C004601,Home,675 Courtney Road,West Palm Beach,FL,39378
A005785,C004602,Home,71615 Richard Manor,Tallahassee,FL,76735
A005786,C004602,Mailing,472 Pamela Squares,Jacksonville,FL,01302
A005787,C004603,Home,116 Lisa Walks,Gainesville,FL,64030
A005788,C004604,Home,37589 Davidson Motorway Suite 943,Jacksonville,FL,46260
A005789,C004605,Home,74067 Mark Park Suite 914,Davie,FL,01009
A005790,C004606,Home,77656 Thomas Track Apt. 784,Coral Springs,FL,55059
A005791,C004607,Home,73750 Brown Vista,Jacksonville,FL,32116
A005792,C004608,Home,98219 Victoria Prairie Apt. 410,Boca Raton,FL,03589
A005793,C004609,Home,6994 Monica Fall Apt. 965,Coral Springs,FL,60888
A005794,C004610,Home,71485 Crystal Manor,Pembroke Pines,FL,84702
A005795,C004611,Home,558 Jessica Lake Suite 290,Davie,FL,25358
A005796,C004612,Home,2628 Prince Passage Suite 346,West Palm Beach,FL,64905
A005797,C004612,Mailing,139 Erin Glen,West Palm Beach,FL,01407
A005798,C004613,Home,45397 Gregory Ports,Davie,FL,11672
A005799,C004614,Home,6657 Smith Squares Suite 087,Gainesville,FL,82764
A005800,C004614,Mailing,140 Franklin Village Suite 430,Naples,FL,65328
A005801,C004615,Home,7405 Reid View Apt. 983,Sarasota,FL,84766
A005802,C004616,Home,63706 Patrick Ville Apt. 089,Davie,FL,61936
A005803,C004617,Home,713 Cynthia Ridge,Miami,FL,06240
A005804,C004618,Home,42310 Michael Center,Gainesville,FL,27409
A005805,C004619,Home,92141 Swanson Mount Apt. 577,Naples,FL,58155
A005806,C004619,Mailing,6262 Alexandria Shores Apt. 396,Hollywood,FL,45968
A005807,C004620,Home,307 Brennan Street Suite 969,Davie,FL,03967
A005808,C004621,Home,02173 Turner Ridge,West Palm Beach,FL,15901
A005809,C004622,Home,26087 Brown Port,Jacksonville,FL,01668
A005810,C004623,Home,044 Fuller Prairie Apt. 990,Pembroke Pines,FL,31862
A005811,C004624,Home,8072 Rogers Islands,Orlando,FL,77905
A005812,C004624,Mailing,4377 Medina Knolls Apt. 522,West Palm Beach,FL,76562
A005813,C004625,Home,87584 Flores Field,Hollywood,FL,31481
A005814,C004626,Home,354 Fuentes Route Suite 389,Pembroke Pines,FL,64249
A005815,C004627,Home,369 Ashley Field,Jacksonville,FL,40475
A005816,C004628,Home,7675 Pittman Mission,Jacksonville,FL,74726
A005817,C004629,Home,370 Joanne Neck,Sarasota,FL,30679
A005818,C004630,Home,64379 Linda Crest Apt. 523,Boca Raton,FL,10858
A005819,C004631,Home,2691 Michele Well Apt. 967,West Palm Beach,FL,34505
A005820,C004632,Home,97014 James Forest,Davie,FL,66804
A005821,C004633,Home,595 Chad Springs Suite 224,Coral Springs,FL,23179
A005822,C004634,Home,6591 William Ports,Tampa,FL,31387
A005823,C004635,Home,31694 Samuel Grove Suite 176,Fort Lauderdale,FL,91274
A005824,C004636,Home,50780 William Unions Suite 023,Miami,FL,18275
A005825,C004637,Home,18438 Matthew Rue Suite 116,Davie,FL,79181
A005826,C004638,Home,6016 Ashley Crescent Apt. 377,Tampa,FL,18626
A005827,C004639,Home,0719 James Meadows,Fort Lauderdale,FL,04050
A005828,C004640,Home,135 Glenn Springs,Boca Raton,FL,44364
A005829,C004641,Home,91752 Torres Plains,Pembroke Pines,FL,21689
A005830,C004642,Home,861 Audrey Landing,Tampa,FL,47378
A005831,C004643,Home,321 Mckinney Bypass,Pembroke Pines,FL,87480
A005832,C004644,Home,7390 Michael Union,Sarasota,FL,74655
A005833,C004645,Home,83085 Roberts Well,Coral Springs,FL,48236
A005834,C004646,Home,8823 Rodriguez Village Suite 383,Gainesville,FL,70098
A005835,C004647,Home,42035 Heather Avenue,Hollywood,FL,42044
A005836,C004647,Mailing,1839 Pugh Passage Apt. 054,Gainesville,FL,02801
A005837,C004648,Home,844 Reese Plaza,West Palm Beach,FL,51105
A005838,C004649,Home,5362 Howard Square,Coral Springs,FL,54641
A005839,C004650,Home,71141 Ware Streets Suite 767,Davie,FL,96048
A005840,C004651,Home,476 Johnny Mission,Hollywood,FL,31152
A005841,C004651,Mailing,9431 Lauren Mountains Suite 991,Tampa,FL,19204
A005842,C004652,Home,23425 Donald Creek Suite 053,Hollywood,FL,23715
A005843,C004652,Mailing,5871 Madeline Parks Apt. 925,Tampa,FL,94545
A005844,C004653,Home,7259 Justin Port,Tampa,FL,85138
A005845,C004654,Home,142 Michael Forge Apt. 846,Naples,FL,37418
A005846,C004654,Mailing,027 Nguyen Spur Apt. 193,Pembroke Pines,FL,08594
A005847,C004655,Home,17512 Jessica Highway Apt. 623,Pembroke Pines,FL,34276
A005848,C004656,Home,802 Smith Cove Suite 070,Coral Springs,FL,90657
A005849,C004657,Home,1934 Rios Land Apt. 937,Jacksonville,FL,97738
A005850,C004658,Home,850 Wesley Crescent Suite 758,Hollywood,FL,47345
A005851,C004659,Home,057 Welch Drive Suite 868,Davie,FL,14482
A005852,C004659,Mailing,72692 Joseph Parkway,Orlando,FL,47115
A005853,C004660,Home,3922 Scott Fall Suite 914,Hollywood,FL,09205
A005854,C004661,Home,223 West Green Apt. 996,Hollywood,FL,31199
A005855,C004662,Home,66478 Susan Roads,Pembroke Pines,FL,96909
A005856,C004662,Mailing,824 Miller Circles Suite 354,Pembroke Pines,FL,69364
A005857,C004663,Home,921 Cody Ville,Orlando,FL,38971
A005858,C004663,Mailing,4871 Ashley Cliff Suite 793,Jacksonville,FL,66966
A005859,C004664,Home,27733 Gary Cliffs Apt. 343,Pembroke Pines,FL,87580
A005860,C004664,Mailing,62376 Decker Path,Sarasota,FL,91018
A005861,C004665,Home,148 Long Mount,Hollywood,FL,27113
A005862,C004666,Home,04700 Grant Crest,Gainesville,FL,59261
A005863,C004666,Mailing,212 Kramer Dale Apt. 061,West Palm Beach,FL,61228
A005864,C004667,Home,56329 Henderson Inlet,Gainesville,FL,89090
A005865,C004668,Home,228 Emily Overpass,Pembroke Pines,FL,78479
A005866,C004669,Home,85698 George Course Suite 838,Jacksonville,FL,56894
A005867,C004670,Home,605 Kevin Spur Suite 547,Gainesville,FL,07987
A005868,C004671,Home,15399 Gregory Land,Fort Lauderdale,FL,97463
A005869,C004671,Mailing,50930 Thomas Via,Miami,FL,82646
A005870,C004672,Home,03110 Compton Islands Suite 710,Miami,FL,72463
A005871,C004672,Mailing,77784 Lynn Loop Suite 505,Miami,FL,92814
A005872,C004673,Home,53511 Irwin Hill,Fort Lauderdale,FL,50978
A005873,C004674,Home,8737 Monica Run Apt. 014,Pembroke Pines,FL,38494
A005874,C004675,Home,2438 Valerie Loop,Pembroke Pines,FL,45880
A005875,C004676,Home,1213 Caitlyn Turnpike Suite 555,Fort Lauderdale,FL,42914
A005876,C004677,Home,51808 Richard Run,Tallahassee,FL,44120
A005877,C004678,Home,62519 Le Rapids,Boca Raton,FL,97887
A005878,C004679,Home,33169 Williams Lake Suite 670,West Palm Beach,FL,03173
A005879,C004680,Home,577 Felicia Road Suite 820,Hollywood,FL,56228
A005880,C004681,Home,77544 Peter Cliffs,Jacksonville,FL,69033
A005881,C004682,Home,620 Amanda Isle,Gainesville,FL,67546
A005882,C004683,Home,7857 Heather Forge Apt. 797,Tampa,FL,50088
A005883,C004683,Mailing,96392 Bradley Haven,Naples,FL,69280
A005884,C004684,Home,34756 Matthew Street Apt. 356,Tallahassee,FL,86546
A005885,C004685,Home,197 John Roads Suite 948,Gainesville,FL,71652
A005886,C004686,Home,77832 Tanner Plains Suite 531,Jacksonville,FL,50965
A005887,C004687,Home,1350 Amanda Ferry Suite 573,Orlando,FL,21116
A005888,C004688,Home,962 Amy Lakes Apt. 193,Tallahassee,FL,35802
A005889,C004689,Home,075 Smith Mews Apt. 293,Tallahassee,FL,58046
A005890,C004690,Home,340 Monroe Extension,Miami,FL,31079
A005891,C004690,Mailing,0379 Suzanne Creek,Davie,FL,52195
A005892,C004691,Home,1555 Perry Roads Apt. 713,Fort Lauderdale,FL,86703
A005893,C004692,Home,84883 Mitchell Mountain,Orlando,FL,41918
A005894,C004692,Mailing,604 Thomas Plains Apt. 394,Fort Lauderdale,FL,87225
A005895,C004693,Home,79666 Miranda Shore,Hollywood,FL,41795
A005896,C004694,Home,75115 Green Mills,Pembroke Pines,FL,77509
A005897,C004695,Home,28179 Hodges Cliff,Tallahassee,FL,82319
A005898,C004695,Mailing,79142 Johnson Center Suite 492,Jacksonville,FL,89457
A005899,C004696,Home,126 Tracy Gateway Suite 405,Gainesville,FL,38690
A005900,C004696,Mailing,3042 Thomas Shore Apt. 849,West Palm Beach,FL,68344
A005901,C004697,Home,3099 Robertson Cliff Suite 812,Miami,FL,30929
A005902,C004698,Home,7420 Brittany Pike,Hollywood,FL,29773
A005903,C004699,Home,3167 Jessica Locks,Gainesville,FL,87200
A005904,C004700,Home,2345 Jessica Ports Apt. 418,Boca Raton,FL,29417
A005905,C004701,Home,2056 Brendan Centers Suite 121,Fort Lauderdale,FL,36326
A005906,C004702,Home,143 Katie Shores Suite 159,Pembroke Pines,FL,52685
A005907,C004703,Home,7825 Lisa Alley,West Palm Beach,FL,05478
A005908,C004703,Mailing,258 Henry Terrace,Davie,FL,97801
A005909,C004704,Home,193 Garcia Shores Suite 012,Jacksonville,FL,00743
A005910,C004705,Home,666 Bates Summit Apt. 587,Boca Raton,FL,40838
A005911,C004706,Home,948 Dean Drive Apt. 407,Fort Lauderdale,FL,61422
A005912,C004707,Home,427 April Village,Naples,FL,94252
A005913,C004708,Home,383 Jerry Isle,Boca Raton,FL,28574
A005914,C004709,Home,104 Barron Expressway Apt. 036,Naples,FL,49623
A005915,C004710,Home,5885 Small Mountains,Sarasota,FL,05111
A005916,C004711,Home,5850 Jessica Street,Naples,FL,82979
A005917,C004712,Home,19066 Barron Plain,Davie,FL,35558
A005918,C004713,Home,986 Helen Forks,Gainesville,FL,25278
A005919,C004713,Mailing,3392 Kemp Square Suite 495,West Palm Beach,FL,39923
A005920,C004714,Home,8291 Steven Radial Suite 325,Tallahassee,FL,33827
A005921,C004715,Home,09368 David Divide Suite 637,Miami,FL,18423
A005922,C004716,Home,038 Kathleen Harbors Suite 022,Gainesville,FL,99641
A005923,C004717,Home,22985 Wilkinson Station,Tampa,FL,14738
A005924,C004718,Home,182 Barnes Ranch,Jacksonville,FL,52563
A005925,C004719,Home,2470 Stacy Pines Apt. 241,Miami,FL,56012
A005926,C004720,Home,2140 Joseph Plaza,Miami,FL,57759
A005927,C004721,Home,26640 Griffin Trace,Coral Springs,FL,04021
A005928,C004721,Mailing,013 Williams Radial,Boca Raton,FL,27706
A005929,C004722,Home,735 Larry Underpass,Tampa,FL,84368
A005930,C004723,Home,947 Joe Fork,Gainesville,FL,84656
A005931,C004724,Home,416 Clarke Junction Suite 264,Orlando,FL,60385
A005932,C004725,Home,2586 Casey Route,Jacksonville,FL,40609
A005933,C004726,Home,6729 Andrew Course,Orlando,FL,05116
A005934,C004727,Home,083 Frank Station Suite 185,Orlando,FL,13157
A005935,C004727,Mailing,15694 Porter Manor,Coral Springs,FL,99726
A005936,C004728,Home,5895 Kathryn Radial,Orlando,FL,99691
A005937,C004728,Mailing,6611 Conway Meadows,Orlando,FL,11085
A005938,C004729,Home,22794 Miller Plain Apt. 026,Jacksonville,FL,09386
A005939,C004730,Home,085 Christopher Freeway,Sarasota,FL,83981
A005940,C004731,Home,0558 Monica Path Apt. 343,Pembroke Pines,FL,85652
A005941,C004732,Home,0152 Knight Station,Tallahassee,FL,73952
A005942,C004732,Mailing,55122 Wilson Square,Sarasota,FL,33970
A005943,C004733,Home,884 Mann Cape,Fort Lauderdale,FL,39406
A005944,C004734,Home,71875 Gregory Pass,Sarasota,FL,66846
A005945,C004734,Mailing,10986 James Port Suite 722,Tallahassee,FL,93750
A005946,C004735,Home,823 Baker Vista Suite 307,Tallahassee,FL,06303
A005947,C004736,Home,9990 Thomas Spurs,Orlando,FL,39926
A005948,C004736,Mailing,0875 Cooper Meadows,Tampa,FL,84239
A005949,C004737,Home,677 Marie Village Suite 876,Sarasota,FL,18646
A005950,C004738,Home,32409 Cooley Trail,Orlando,FL,95098
A005951,C004739,Home,060 Ruiz Crescent Suite 790,Davie,FL,38359
A005952,C004740,Home,534 Manuel Villages,Orlando,FL,65582
A005953,C004741,Home,8179 White Trace,Gainesville,FL,01166
A005954,C004742,Home,52257 Dawson Junction Suite 767,Pembroke Pines,FL,71619
A005955,C004743,Home,7519 Nancy Underpass Apt. 133,Boca Raton,FL,75156
A005956,C004743,Mailing,52876 April Place Apt. 219,Jacksonville,FL,63303
A005957,C004744,Home,2134 Kirby Ville Apt. 217,Jacksonville,FL,39699
A005958,C004744,Mailing,3978 Alvarez Camp Apt. 973,Hollywood,FL,75296
A005959,C004745,Home,29977 Lee Mews,Jacksonville,FL,08923
A005960,C004746,Home,32196 Williams Lake,Orlando,FL,30462
A005961,C004747,Home,261 Deborah Islands,Davie,FL,74303
A005962,C004748,Home,34455 Cristina Knolls,Boca Raton,FL,26395
A005963,C004749,Home,54101 Rodriguez Dam Suite 853,Sarasota,FL,07048
A005964,C004750,Home,27970 Charles Mountains,Sarasota,FL,70638
A005965,C004751,Home,8413 Phillip Knolls,Davie,FL,15396
A005966,C004752,Home,787 Holt Branch Apt. 537,Pembroke Pines,FL,21249
A005967,C004753,Home,912 Bobby Lane,Pembroke Pines,FL,32988
A005968,C004753,Mailing,5299 Peterson Stravenue,Pembroke Pines,FL,07674
A005969,C004754,Home,7516 Victor Harbor,Orlando,FL,31274
A005970,C004755,Home,9529 Hampton Views,Naples,FL,85430
A005971,C004756,Home,9023 Victoria Junction,Davie,FL,87321
A005972,C004757,Home,0151 Emily Harbors,West Palm Beach,FL,76442
A005973,C004758,Home,37254 Doris Street,Davie,FL,89305
A005974,C004759,Home,492 Mary Fords Apt. 652,Tallahassee,FL,92184
A005975,C004759,Mailing,48240 Harris Views Apt. 165,Pembroke Pines,FL,32136
A005976,C004760,Home,92364 Hess Avenue Apt. 320,Jacksonville,FL,81011
A005977,C004760,Mailing,514 Bernard Manor Apt. 910,Coral Springs,FL,77350
A005978,C004761,Home,0840 Donna Point,Pembroke Pines,FL,08044
A005979,C004762,Home,66591 Gilbert Well,Tallahassee,FL,14034
A005980,C004763,Home,98779 Padilla Islands,Davie,FL,48998
A005981,C004763,Mailing,962 Travis Estates Suite 997,Fort Lauderdale,FL,78822
A005982,C004764,Home,23399 Adam Cliff Apt. 030,Pembroke Pines,FL,61992
A005983,C004764,Mailing,65268 Bailey Flats Suite 860,Jacksonville,FL,50023
A005984,C004765,Home,5008 Watson Trail Suite 108,Orlando,FL,05172
A005985,C004765,Mailing,040 Ryan Cliffs,West Palm Beach,FL,59210
A005986,C004766,Home,98674 Garcia Road Apt. 935,Boca Raton,FL,80172
A005987,C004767,Home,2880 Mendoza Prairie,West Palm Beach,FL,33630
A005988,C004768,Home,86668 Griffith Greens Apt. 760,Sarasota,FL,18408
A005989,C004768,Mailing,185 Cobb Ways Suite 983,Tallahassee,FL,59822
A005990,C004769,Home,12664 Fleming Unions Suite 570,Fort Lauderdale,FL,87074
A005991,C004770,Home,351 Robertson Hills,Jacksonville,FL,15655
A005992,C004771,Home,8538 Carol Field,West Palm Beach,FL,09171
A005993,C004772,Home,27797 Elliott Coves,Hollywood,FL,68726
A005994,C004773,Home,368 Charles Views,Naples,FL,39794
A005995,C004773,Mailing,3434 Bradley Bridge,Boca Raton,FL,72288
A005996,C004774,Home,349 Jodi Stravenue,Orlando,FL,23713
A005997,C004774,Mailing,072 Wright Plains Apt. 833,Davie,FL,02545
A005998,C004775,Home,96448 Swanson Spur,Pembroke Pines,FL,08598
A005999,C004776,Home,16096 Wesley Hills Suite 733,Gainesville,FL,15363
A006000,C004776,Mailing,0400 Foley Field Apt. 176,Naples,FL,33607
A006001,C004777,Home,804 Tony Corners Apt. 592,Tallahassee,FL,83432
A006002,C004778,Home,313 Laura Grove,Coral Springs,FL,11275
A006003,C004778,Mailing,45957 Derek Avenue,Boca Raton,FL,11111
A006004,C004779,Home,076 Caldwell Run Suite 200,Orlando,FL,93805
A006005,C004780,Home,1765 Johnson Crossing Apt. 184,Naples,FL,79678
A006006,C004781,Home,808 Gibson Glen Apt. 957,Orlando,FL,94238
A006007,C004782,Home,1036 Joanna Forks Suite 963,Hollywood,FL,11525
A006008,C004782,Mailing,46358 White Union Suite 563,Boca Raton,FL,71223
A006009,C004783,Home,0517 Perez Streets Apt. 099,Sarasota,FL,01598
A006010,C004784,Home,39428 John Key Suite 947,Boca Raton,FL,06007
A006011,C004784,Mailing,100 Bridges Run,Orlando,FL,87158
A006012,C004785,Home,195 Sara Green,Gainesville,FL,45288
A006013,C004786,Home,2921 Sean Expressway,Pembroke Pines,FL,28570
A006014,C004787,Home,4524 Michelle Villages,Gainesville,FL,50206
A006015,C004788,Home,58046 Melissa Coves Apt. 981,Gainesville,FL,45728
A006016,C004789,Home,520 Jill Corner Apt. 421,Davie,FL,39283
A006017,C004790,Home,64408 Desiree Stravenue,Davie,FL,54491
A006018,C004791,Home,5200 Jeremy Haven Apt. 784,Jacksonville,FL,37870
A006019,C004792,Home,44254 Samantha Walks Apt. 844,Fort Lauderdale,FL,38604
A006020,C004793,Home,49065 Hill Place,Miami,FL,70849
A006021,C004794,Home,3682 William Street,Pembroke Pines,FL,77920
A006022,C004795,Home,84391 Kevin Street,Tallahassee,FL,16498
A006023,C004796,Home,409 Stewart Manors Apt. 002,Davie,FL,51701
A006024,C004797,Home,332 Raymond Mountains Suite 013,Tallahassee,FL,15126
A006025,C004798,Home,980 Robert Village,Orlando,FL,39290
A006026,C004799,Home,10126 Maria Plains Apt. 531,Jacksonville,FL,63453
A006027,C004799,Mailing,28795 Justin Ranch,Naples,FL,95450
A006028,C004800,Home,460 Dustin Junction Suite 962,Tallahassee,FL,07162
A006029,C004801,Home,7957 Bates Summit Suite 536,Orlando,FL,71014
A006030,C004802,Home,649 Cox Drive Apt. 948,Davie,FL,11684
A006031,C004802,Mailing,765 Frazier Fords Apt. 207,Fort Lauderdale,FL,68857
A006032,C004803,Home,6122 Jerry Fields,Hollywood,FL,48011
A006033,C004804,Home,2077 Martinez Lodge,Tampa,FL,31664
A006034,C004805,Home,49675 Lowery Circles,Sarasota,FL,74676
A006035,C004806,Home,719 Taylor Walk,Pembroke Pines,FL,61897
A006036,C004807,Home,896 William Spurs Apt. 296,Miami,FL,95261
A006037,C004808,Home,79358 Smith Wells Suite 127,Sarasota,FL,80370
A006038,C004809,Home,70129 April Pike,Hollywood,FL,95141
A006039,C004810,Home,151 Anderson Camp Apt. 896,Tallahassee,FL,29959
A006040,C004810,Mailing,357 Anna Stravenue Apt. 209,Davie,FL,58654
A006041,C004811,Home,26577 Elizabeth Grove Apt. 571,Hollywood,FL,84456
A006042,C004812,Home,86151 Hull Route Suite 725,Coral Springs,FL,01336
A006043,C004813,Home,481 Kathleen Station Suite 991,Fort Lauderdale,FL,49475
A006044,C004814,Home,44103 Taylor Harbors Suite 258,Boca Raton,FL,22563
A006045,C004815,Home,7802 Flynn Mountains,Orlando,FL,88234
A006046,C004815,Mailing,02245 Diana Spring Apt. 271,Sarasota,FL,93951
A006047,C004816,Home,889 Sarah Lake Apt. 034,Davie,FL,46285
A006048,C004817,Home,04624 Amanda Shores,Davie,FL,30643
A006049,C004818,Home,67944 Brandon Passage Suite 013,Hollywood,FL,11872
A006050,C004819,Home,93388 Peter Route Apt. 449,Miami,FL,04356
A006051,C004819,Mailing,67366 Shannon Light Apt. 837,Naples,FL,21147
A006052,C004820,Home,88770 Cuevas Plains Apt. 986,Fort Lauderdale,FL,02260
A006053,C004821,Home,59052 Keith Camp,Boca Raton,FL,92232
A006054,C004822,Home,658 Joseph Spurs Apt. 725,Hollywood,FL,14881
A006055,C004822,Mailing,837 Yolanda Lodge,Coral Springs,FL,20624
A006056,C004823,Home,539 Herrera Center Apt. 271,Davie,FL,16355
A006057,C004824,Home,3581 Darryl Circles,Coral Springs,FL,47581
A006058,C004824,Mailing,82894 Perez Circle,Gainesville,FL,12312
A006059,C004825,Home,146 Danielle Mall,Jacksonville,FL,81945
A006060,C004826,Home,88806 Samantha Falls Apt. 331,Tampa,FL,86880
A006061,C004827,Home,0507 Alexa Skyway Suite 374,Jacksonville,FL,98052
A006062,C004828,Home,289 Joseph Point,West Palm Beach,FL,06972
A006063,C004829,Home,272 Stacey Island Suite 648,Pembroke Pines,FL,13184
A006064,C004830,Home,012 Natalie Inlet,Sarasota,FL,03949
A006065,C004831,Home,8308 Cynthia View,Boca Raton,FL,08329
A006066,C004831,Mailing,315 Jackson Burg,Tampa,FL,30550
A006067,C004832,Home,12095 Jennifer Stravenue Apt. 591,Pembroke Pines,FL,35924
A006068,C004833,Home,568 Brooke Walks Apt. 483,Miami,FL,82375
A006069,C004834,Home,88382 Lonnie Radial,Pembroke Pines,FL,79555
A006070,C004835,Home,827 Gillespie Shore Suite 802,Sarasota,FL,40695
A006071,C004836,Home,082 Jason Club,Fort Lauderdale,FL,08132
A006072,C004836,Mailing,15051 Scott Spurs,Jacksonville,FL,64433
A006073,C004837,Home,015 Megan Crossroad,Boca Raton,FL,44300
A006074,C004838,Home,144 Douglas Forest Apt. 059,Tallahassee,FL,79955
A006075,C004839,Home,0005 Jason Parks Apt. 099,Naples,FL,83217
A006076,C004839,Mailing,275 Cantrell Plains,Fort Lauderdale,FL,62988
A006077,C004840,Home,8464 Charles Cliff Suite 355,Pembroke Pines,FL,47650
A006078,C004841,Home,8994 Anthony Burgs,Pembroke Pines,FL,85165
A006079,C004842,Home,575 Carrie Harbor Apt. 143,Orlando,FL,64862
A006080,C004843,Home,897 Kelly Well,Sarasota,FL,84659
A006081,C004844,Home,88069 Amber Well,West Palm Beach,FL,96118
A006082,C004845,Home,037 Lopez Haven Apt. 062,Jacksonville,FL,91321
A006083,C004846,Home,80854 Daniel Greens,Orlando,FL,57753
A006084,C004847,Home,600 Zimmerman Bypass,Gainesville,FL,55428
A006085,C004847,Mailing,50919 Stewart Springs,Davie,FL,05180
A006086,C004848,Home,46745 Hinton Summit,Sarasota,FL,69123
A006087,C004849,Home,0270 Jerry Springs Apt. 759,Gainesville,FL,92854
A006088,C004850,Home,66371 Adams Curve Suite 544,Hollywood,FL,99291
A006089,C004851,Home,52306 Eric Orchard Suite 095,Miami,FL,20368
A006090,C004852,Home,7598 Andrew Crest Apt. 526,Naples,FL,06930
A006091,C004852,Mailing,21160 Elizabeth Light Apt. 098,Tallahassee,FL,67091
A006092,C004853,Home,481 Brown Isle Suite 217,Davie,FL,66258
A006093,C004854,Home,345 Clements Mission Suite 352,Boca Raton,FL,02064
A006094,C004855,Home,124 Susan Roads,Coral Springs,FL,37737
A006095,C004855,Mailing,710 Theodore Row,Fort Lauderdale,FL,53159
A006096,C004856,Home,585 Novak Common Apt. 879,Fort Lauderdale,FL,63882
A006097,C004857,Home,15020 Eric Crest,Davie,FL,02221
A006098,C004857,Mailing,7897 Owens Square Suite 554,Hollywood,FL,97660
A006099,C004858,Home,65622 Nelson Islands Suite 036,Hollywood,FL,74625
A006100,C004859,Home,83846 Jackson Shoals,Naples,FL,67792
A006101,C004860,Home,664 Walker Way,Pembroke Pines,FL,65062
A006102,C004861,Home,083 Robert Prairie Apt. 102,Pembroke Pines,FL,58054
A006103,C004862,Home,885 Mckinney Lake,Fort Lauderdale,FL,24374
A006104,C004863,Home,0178 Howard Light Apt. 975,Naples,FL,84387
A006105,C004864,Home,3829 Kirk Extension Apt. 439,Orlando,FL,19727
A006106,C004864,Mailing,168 Johnson Trail Apt. 345,Orlando,FL,52985
A006107,C004865,Home,804 Julie Vista,Hollywood,FL,30536
A006108,C004866,Home,74505 Marie Extensions,Coral Springs,FL,68582
A006109,C004867,Home,392 Destiny Gardens,Boca Raton,FL,10623
A006110,C004867,Mailing,0086 Meyer Turnpike Apt. 822,Jacksonville,FL,06077
A006111,C004868,Home,2329 Terry Crossroad Suite 874,Hollywood,FL,70606
A006112,C004869,Home,516 Clark Road,Miami,FL,26065
A006113,C004870,Home,4832 Teresa Shoals Suite 141,Tampa,FL,29077
A006114,C004870,Mailing,65352 Lawrence Place Suite 584,Boca Raton,FL,47705
A006115,C004871,Home,93734 Kristen Shoals,Fort Lauderdale,FL,53529
A006116,C004871,Mailing,63358 Michele Circles Apt. 480,Tallahassee,FL,42285
A006117,C004872,Home,290 Caitlin Branch Suite 880,Tampa,FL,86579
A006118,C004873,Home,1470 Nicole Brooks Suite 576,Hollywood,FL,15003
A006119,C004874,Home,23213 Williams Streets Apt. 022,Naples,FL,76538
A006120,C004875,Home,438 Lane Summit Apt. 322,Miami,FL,94768
A006121,C004876,Home,4304 Richardson Ferry,Pembroke Pines,FL,42322
A006122,C004877,Home,467 Mcgee Circles,Tallahassee,FL,46803
A006123,C004878,Home,5254 Roberts Fords,Davie,FL,10552
A006124,C004879,Home,651 Timothy Streets Apt. 742,Tallahassee,FL,94017
A006125,C004880,Home,83661 Joshua Trace Apt. 200,Coral Springs,FL,41365
A006126,C004881,Home,929 Evelyn Expressway,Orlando,FL,09959
A006127,C004882,Home,269 Tom Rest Apt. 065,Orlando,FL,82315
A006128,C004882,Mailing,305 Peterson Parkway,Miami,FL,05502
A006129,C004883,Home,08470 Brian Extension,Orlando,FL,37529
A006130,C004884,Home,4938 Rice Branch Apt. 905,Fort Lauderdale,FL,03525
A006131,C004884,Mailing,50355 Garcia Camp Apt. 642,Miami,FL,95295
A006132,C004885,Home,1166 Kelsey Park Apt. 823,Jacksonville,FL,03843
A006133,C004885,Mailing,634 Sarah Port Apt. 845,Tallahassee,FL,54789
A006134,C004886,Home,9284 Garza Fort Apt. 491,Hollywood,FL,88801
A006135,C004887,Home,242 Romero Turnpike Apt. 605,Fort Lauderdale,FL,86052
A006136,C004887,Mailing,78264 Austin Neck,Hollywood,FL,22602
A006137,C004888,Home,197 Black Estates Apt. 352,Fort Lauderdale,FL,56695
A006138,C004889,Home,41277 Patel Cape,Orlando,FL,03969
A006139,C004890,Home,9053 David Islands,Pembroke Pines,FL,37636
A006140,C004891,Home,43727 Carter Station,Fort Lauderdale,FL,83120
A006141,C004891,Mailing,30589 Young Underpass Suite 555,Miami,FL,52494
A006142,C004892,Home,1849 Robinson Gateway Apt. 498,Coral Springs,FL,09765
A006143,C004893,Home,42123 Rodriguez Center,Jacksonville,FL,10088
A006144,C004894,Home,3231 Jill Courts,Orlando,FL,78385
A006145,C004894,Mailing,95264 Duran Overpass Apt. 301,Hollywood,FL,20293
A006146,C004895,Home,3516 Manning Junction Apt. 578,Miami,FL,85368
A006147,C004895,Mailing,803 Turner Camp Apt. 271,Miami,FL,69911
A006148,C004896,Home,2800 Kara View Apt. 824,Hollywood,FL,53713
A006149,C004897,Home,7725 Clark Springs,Tallahassee,FL,11129
A006150,C004898,Home,91267 Diane Estate,Pembroke Pines,FL,15160
A006151,C004898,Mailing,1402 Reilly Tunnel,Boca Raton,FL,47068
A006152,C004899,Home,80616 Elizabeth Pike,Davie,FL,02891
A006153,C004900,Home,3635 Smith Forges,Davie,FL,82459
A006154,C004900,Mailing,6737 Connie Green,Tallahassee,FL,85413
A006155,C004901,Home,961 Ross Stream,Davie,FL,70203
A006156,C004902,Home,88532 Sarah Estates Apt. 919,Tampa,FL,09483
A006157,C004903,Home,3458 Anderson Place,Tampa,FL,06439
A006158,C004904,Home,4039 Mary Rue Suite 541,Miami,FL,02264
A006159,C004905,Home,501 Berry Ports,Coral Springs,FL,85582
A006160,C004906,Home,5644 John Ports Suite 655,Boca Raton,FL,12832
A006161,C004907,Home,3449 Cody Squares Suite 409,Jacksonville,FL,21567
A006162,C004907,Mailing,75197 David Inlet Apt. 830,Hollywood,FL,96067
A006163,C004908,Home,3533 Black Crescent,Orlando,FL,21799
A006164,C004908,Mailing,77086 Ronnie Walks Suite 244,Boca Raton,FL,89765
A006165,C004909,Home,169 Joseph Crescent,Fort Lauderdale,FL,76769
A006166,C004909,Mailing,02472 Beard Plaza Apt. 450,Davie,FL,42770
A006167,C004910,Home,907 Jordan Trace,Tallahassee,FL,27073
A006168,C004911,Home,77789 Davis Mill Apt. 290,Davie,FL,31170
A006169,C004912,Home,3093 Michael Port Suite 603,Gainesville,FL,10592
A006170,C004912,Mailing,59460 Booth Ranch,Coral Springs,FL,30398
A006171,C004913,Home,9325 Amy Junction,Coral Springs,FL,11035
A006172,C004914,Home,831 Meredith Forges,West Palm Beach,FL,59449
A006173,C004915,Home,67598 Patrick Dale,Naples,FL,88971
A006174,C004916,Home,026 Richard Pass Suite 398,Jacksonville,FL,86637
A006175,C004917,Home,435 Lloyd Way Apt. 719,Miami,FL,87633
A006176,C004917,Mailing,9325 Schaefer Via Apt. 624,Pembroke Pines,FL,83677
A006177,C004918,Home,38636 Haynes Haven Apt. 036,Naples,FL,44204
A006178,C004919,Home,61025 Jessica Glen Apt. 281,Jacksonville,FL,46748
A006179,C004919,Mailing,221 Toni Fork Suite 933,Tallahassee,FL,64498
A006180,C004920,Home,2267 Christina Circle,Tampa,FL,53624
A006181,C004921,Home,21217 Jason Ways Suite 478,Tampa,FL,92812
A006182,C004922,Home,612 Henderson Heights,Boca Raton,FL,76436
A006183,C004922,Mailing,211 Young Road,Miami,FL,21872
A006184,C004923,Home,95007 Amy Circle,Coral Springs,FL,95617
A006185,C004923,Mailing,2834 Nicholson Plain Apt. 689,Miami,FL,49783
A006186,C004924,Home,199 Nancy Lakes,Tallahassee,FL,54845
A006187,C004925,Home,812 Kelly Fords Apt. 625,Davie,FL,84296
A006188,C004926,Home,428 Jack Pine Apt. 635,Fort Lauderdale,FL,90936
A006189,C004927,Home,1327 Booth Square,Davie,FL,44795
A006190,C004928,Home,186 Tucker Loaf,Davie,FL,15794
A006191,C004929,Home,4759 Ramirez Mews,Tallahassee,FL,21236
A006192,C004930,Home,2057 Nicholas Place,Davie,FL,73730
A006193,C004931,Home,5826 Michelle Harbors,Tallahassee,FL,16508
A006194,C004932,Home,301 Novak Stravenue,Hollywood,FL,33166
A006195,C004933,Home,30828 Taylor Rapids,Tallahassee,FL,25247
A006196,C004934,Home,9105 Stephens Forest Apt. 689,Tallahassee,FL,77364
A006197,C004935,Home,933 Matthew Coves,Tallahassee,FL,54132
A006198,C004936,Home,5199 Diane Street,Tampa,FL,42687
A006199,C004936,Mailing,3030 Smith Harbor,Hollywood,FL,44824
A006200,C004937,Home,47621 Cruz Ridges,Boca Raton,FL,91849
A006201,C004937,Mailing,1179 Philip Plaza Suite 638,Pembroke Pines,FL,97957
A006202,C004938,Home,3676 Castillo Meadow Apt. 047,Pembroke Pines,FL,10144
A006203,C004938,Mailing,01029 Chung Loaf Apt. 850,Jacksonville,FL,08737
A006204,C004939,Home,523 Foster Isle Suite 627,Naples,FL,51732
A006205,C004939,Mailing,501 Bruce Roads,Hollywood,FL,86834
A006206,C004940,Home,3949 Steven Passage,Pembroke Pines,FL,19689
A006207,C004941,Home,28773 Melinda Trafficway Suite 506,Coral Springs,FL,63100
A006208,C004941,Mailing,90578 Daniels Dale,Tampa,FL,34390
A006209,C004942,Home,947 Moore Cove Suite 489,Coral Springs,FL,28850
A006210,C004943,Home,771 Sean Dale,Tampa,FL,93866
A006211,C004944,Home,285 Pacheco Locks,Miami,FL,60096
A006212,C004944,Mailing,4435 Perez Square Suite 749,Coral Springs,FL,45835
A006213,C004945,Home,351 Escobar Stravenue Apt. 425,Tampa,FL,51487
A006214,C004946,Home,6264 Ramirez Flats Apt. 663,Orlando,FL,89405
A006215,C004947,Home,9707 Stone Lights Apt. 439,Fort Lauderdale,FL,58966
A006216,C004947,Mailing,55384 Dominguez Wells,Hollywood,FL,81056
A006217,C004948,Home,712 Christensen Heights,West Palm Beach,FL,02935
A006218,C004949,Home,496 Jonathan Port,Boca Raton,FL,07073
A006219,C004950,Home,995 Alyssa Ford Apt. 485,Coral Springs,FL,30128
A006220,C004951,Home,9526 Sharon Islands,Miami,FL,69769
A006221,C004952,Home,2790 Barnes Dale,Fort Lauderdale,FL,09812
A006222,C004952,Mailing,80536 Stanley Rapid Apt. 230,Jacksonville,FL,93239
A006223,C004953,Home,5523 Rodriguez Harbor,Tallahassee,FL,57630
A006224,C004954,Home,7796 Robin Vista,Hollywood,FL,37904
A006225,C004955,Home,27303 Chad Bridge Suite 998,Miami,FL,20891
A006226,C004956,Home,64258 Jones Shoals Suite 409,Sarasota,FL,22313
A006227,C004956,Mailing,54681 Mclean Roads,Gainesville,FL,61469
A006228,C004957,Home,90032 Jennifer Lock Apt. 994,Sarasota,FL,33638
A006229,C004957,Mailing,538 Smith Ford Apt. 020,Coral Springs,FL,26907
A006230,C004958,Home,16737 Hansen Road Apt. 145,Boca Raton,FL,62904
A006231,C004959,Home,74196 Daniel Fork Suite 695,Hollywood,FL,88932
A006232,C004959,Mailing,827 Christina Run,Jacksonville,FL,92873
A006233,C004960,Home,65848 Delgado Stream,Orlando,FL,16637
A006234,C004961,Home,397 Wang Meadow,West Palm Beach,FL,41532
A006235,C004962,Home,256 Holder Lakes Suite 983,Jacksonville,FL,59402
A006236,C004963,Home,18717 Rowe Springs,Pembroke Pines,FL,08638
A006237,C004963,Mailing,10796 Jennifer Bridge,Tampa,FL,09688
A006238,C004964,Home,16824 Bradley Land Suite 959,Pembroke Pines,FL,18144
A006239,C004965,Home,32026 Boyd Mills,Jacksonville,FL,69105
A006240,C004966,Home,41011 David Trafficway,Coral Springs,FL,66852
A006241,C004967,Home,61723 Karen Grove Apt. 062,Tampa,FL,02072
A006242,C004968,Home,6503 Smith Land,Sarasota,FL,25606
A006243,C004969,Home,2899 Michelle Rue Suite 783,Pembroke Pines,FL,31348
A006244,C004970,Home,97806 Miller Loaf Apt. 287,Tampa,FL,89955
A006245,C004971,Home,984 Anthony Creek,Naples,FL,84108
A006246,C004972,Home,617 Bryant Mills,Coral Springs,FL,40126
A006247,C004973,Home,1806 Kathryn Oval,Pembroke Pines,FL,78978
A006248,C004973,Mailing,31139 Hinton Lock,Jacksonville,FL,64209
A006249,C004974,Home,8409 Blackburn Route Apt. 492,Miami,FL,71855
A006250,C004975,Home,633 Thomas Mission Apt. 819,Coral Springs,FL,25147
A006251,C004976,Home,812 Johnson Camp,West Palm Beach,FL,28341
A006252,C004976,Mailing,7845 Joel Mills Suite 749,Pembroke Pines,FL,98517
A006253,C004977,Home,4212 Nancy Prairie,Miami,FL,20059
A006254,C004978,Home,5623 Patterson Forge Suite 700,Gainesville,FL,78069
A006255,C004978,Mailing,9960 Nicholas Points Apt. 979,Tampa,FL,45754
A006256,C004979,Home,19004 Taylor Track Apt. 166,Gainesville,FL,90606
A006257,C004980,Home,7084 Martin Cliffs Apt. 226,Sarasota,FL,56991
A006258,C004980,Mailing,18883 Boyle Lock,Coral Springs,FL,28537
A006259,C004981,Home,849 Colton Drive,Fort Lauderdale,FL,40096
A006260,C004982,Home,538 David Crest,Tampa,FL,61681
A006261,C004983,Home,512 Diane Mills Apt. 982,Miami,FL,48262
A006262,C004984,Home,86628 Brandon Cliff Suite 892,Sarasota,FL,25776
A006263,C004985,Home,1768 Stephen Branch,Gainesville,FL,07089
A006264,C004986,Home,781 Kyle Cliff,Sarasota,FL,20398
A006265,C004987,Home,34303 Peter Springs,Gainesville,FL,11228
A006266,C004988,Home,764 Murray Brook,Tampa,FL,10598
A006267,C004989,Home,2421 Brown Stravenue Suite 522,Miami,FL,20459
A006268,C004989,Mailing,660 Hayes Centers,Tallahassee,FL,78492
A006269,C004990,Home,758 Kelly Valleys,Jacksonville,FL,80235
A006270,C004990,Mailing,3023 Berg Villages,Orlando,FL,74964
A006271,C004991,Home,6946 Craig Ridges,Coral Springs,FL,26387
A006272,C004992,Home,6028 Tiffany Keys,Naples,FL,37977
A006273,C004993,Home,700 Heather Drives Suite 210,Boca Raton,FL,61126
A006274,C004994,Home,3956 Jason Ports Apt. 631,Tampa,FL,98076
A006275,C004995,Home,84791 Katherine Neck,Pembroke Pines,FL,52581
A006276,C004996,Home,8592 Marshall Square Apt. 058,Davie,FL,49709
A006277,C004997,Home,3615 Cruz Dam Suite 832,Sarasota,FL,25451
A006278,C004998,Home,94479 Julie Mills,Tampa,FL,64687
A006279,C004998,Mailing,19270 Ortiz Dale,Davie,FL,24500
A006280,C004999,Home,507 Samuel Union,Hollywood,FL,03390
A006281,C005000,Home,06956 John Ports,Hollywood,FL,07666
A006282,C005000,Mailing,4735 James Crescent Suite 661,Hollywood,FL,20799
A006283,C005001,Home,3773 Frances Loaf Suite 024,Naples,FL,41806
A006284,C005001,Mailing,77663 Amy Fall Suite 108,West Palm Beach,FL,95011
A006285,C005002,Home,204 Elizabeth Creek Suite 602,Coral Springs,FL,30265
A006286,C005003,Home,562 Christopher Spur Apt. 340,Sarasota,FL,99722
A006287,C005004,Home,995 Rebecca Spring,Jacksonville,FL,80877
A006288,C005004,Mailing,23717 Brian Corners,West Palm Beach,FL,73838
A006289,C005005,Home,4242 Moore Meadow Apt. 258,Coral Springs,FL,64045
A006290,C005006,Home,3275 Mark Extensions Apt. 272,Tampa,FL,92521
A006291,C005007,Home,7465 Howard Island,Orlando,FL,16668
A006292,C005008,Home,205 Kaitlyn Wall,Miami,FL,74617
A006293,C005008,Mailing,431 Mccullough Cove,Orlando,FL,36125
A006294,C005009,Home,70786 Rebecca Loop,Jacksonville,FL,66138
A006295,C005010,Home,131 Valenzuela Centers Apt. 550,Davie,FL,65126
A006296,C005010,Mailing,09958 Gutierrez Pine Apt. 687,Sarasota,FL,06858
A006297,C005011,Home,1795 James Drives,Tallahassee,FL,41930
A006298,C005012,Home,34068 David Wall,Coral Springs,FL,32575
A006299,C005013,Home,3787 Cameron Garden Suite 488,Naples,FL,49055
A006300,C005014,Home,1443 Patricia Squares,Orlando,FL,15859
A006301,C005014,Mailing,3544 Griffin Islands Suite 668,Boca Raton,FL,97750
A006302,C005015,Home,235 Rios Valleys Suite 380,Sarasota,FL,02786
A006303,C005015,Mailing,348 Briggs Coves Apt. 694,Miami,FL,25753
A006304,C005016,Home,57495 Barbara Shoal,Fort Lauderdale,FL,56381
A006305,C005017,Home,64619 Brian Path Suite 329,Tallahassee,FL,44254
A006306,C005017,Mailing,48737 Garcia Corners,West Palm Beach,FL,35022
A006307,C005018,Home,873 Green Pike,Gainesville,FL,02208
A006308,C005019,Home,7035 Michael Alley Suite 006,Miami,FL,19905
A006309,C005020,Home,88219 Amber Mountain Suite 241,Pembroke Pines,FL,04208
A006310,C005021,Home,2596 Young Isle Suite 047,Naples,FL,55637
A006311,C005022,Home,09407 Huerta Lock Suite 717,Tallahassee,FL,34954
A006312,C005023,Home,823 Bell Crossing,West Palm Beach,FL,29572
A006313,C005024,Home,35977 Harrington Village Suite 531,Pembroke Pines,FL,15712
A006314,C005025,Home,6353 Cantrell Port,Davie,FL,62321
A006315,C005026,Home,0669 Margaret View,Tampa,FL,20435
A006316,C005026,Mailing,13889 Robert Garden Suite 266,Tampa,FL,75326
A006317,C005027,Home,7324 Madden Estates,Fort Lauderdale,FL,33851
A006318,C005028,Home,283 Bailey Island,Orlando,FL,54753
A006319,C005029,Home,153 Anthony Rest Suite 521,Davie,FL,16472
A006320,C005030,Home,8038 Sawyer Fords,Davie,FL,23694
A006321,C005031,Home,648 Joshua Mission,Boca Raton,FL,49389
A006322,C005031,Mailing,3482 Rodgers Courts,Sarasota,FL,15329
A006323,C005032,Home,059 Thomas Pine,Tampa,FL,39635
A006324,C005033,Home,202 Matthew Forges Apt. 266,Davie,FL,48508
A006325,C005033,Mailing,2891 Lori Road,Gainesville,FL,54388
A006326,C005034,Home,7501 Morgan Squares Apt. 668,Tampa,FL,24780
A006327,C005034,Mailing,18073 Heath Drive Apt. 890,Jacksonville,FL,94567
A006328,C005035,Home,95142 Petersen Way,Pembroke Pines,FL,51386
A006329,C005036,Home,61550 Clark Inlet Apt. 014,Coral Springs,FL,31262
A006330,C005037,Home,28081 Brittney Field,Miami,FL,90663
A006331,C005037,Mailing,06395 Catherine Island,Boca Raton,FL,17981
A006332,C005038,Home,02805 Peter Ramp Suite 533,Fort Lauderdale,FL,33528
A006333,C005039,Home,480 Ward Land Suite 431,Hollywood,FL,61062
A006334,C005040,Home,02952 Marshall Hills,Davie,FL,33529
A006335,C005041,Home,7533 Michael Station Suite 333,Tallahassee,FL,20039
A006336,C005042,Home,0009 Mendoza Oval Apt. 035,Sarasota,FL,27071
A006337,C005042,Mailing,5655 Atkinson Coves,Sarasota,FL,54453
A006338,C005043,Home,88013 Morrison Mills Apt. 081,Tampa,FL,50795
A006339,C005044,Home,31347 Steven Flat Apt. 202,Davie,FL,55753
A006340,C005045,Home,96453 Kennedy Isle Apt. 402,Miami,FL,97794
A006341,C005046,Home,9466 Gonzalez Freeway,Gainesville,FL,90946
A006342,C005047,Home,79688 Daisy Plaza Apt. 958,Jacksonville,FL,53918
A006343,C005048,Home,786 Jessica Run Apt. 569,Orlando,FL,46975
A006344,C005049,Home,254 Aguirre Extensions,Tampa,FL,24820
A006345,C005050,Home,368 Taylor Estates,Orlando,FL,99474
A006346,C005051,Home,742 Wilson Mountain,Orlando,FL,24095
A006347,C005051,Mailing,7849 Matthew Divide,Fort Lauderdale,FL,53694
A006348,C005052,Home,2470 Matthew Summit,Hollywood,FL,29086
A006349,C005053,Home,95996 Austin Crescent,Sarasota,FL,97950
A006350,C005054,Home,90000 Clarke Valleys,Sarasota,FL,88724
A006351,C005054,Mailing,6499 Sexton Junctions Apt. 886,Sarasota,FL,40249
A006352,C005055,Home,9504 Sherri Turnpike,Tampa,FL,29189
A006353,C005056,Home,7626 Joseph Path Apt. 615,Sarasota,FL,80473
A006354,C005057,Home,69469 Nathan Burg,Gainesville,FL,55113
A006355,C005058,Home,49145 Denise Mill,Pembroke Pines,FL,99380
A006356,C005058,Mailing,868 Carla Point Suite 412,Hollywood,FL,93704
A006357,C005059,Home,9381 Johnson Curve,Hollywood,FL,52022
A006358,C005059,Mailing,4593 Marquez Crest,Tampa,FL,22925
A006359,C005060,Home,97266 Kim Rapid,Miami,FL,48622
A006360,C005061,Home,7546 Johnson Extension,Sarasota,FL,18661
A006361,C005062,Home,8795 Leah River,Fort Lauderdale,FL,36052
A006362,C005062,Mailing,661 Krista Courts,Orlando,FL,05599
A006363,C005063,Home,41679 Powell Key,Gainesville,FL,94863
A006364,C005063,Mailing,6010 Ballard Springs,Tampa,FL,66957
A006365,C005064,Home,4650 Perez Ford,Miami,FL,74109
A006366,C005065,Home,12497 Medina Ferry Suite 070,Fort Lauderdale,FL,48090
A006367,C005066,Home,6054 Richard Tunnel,Orlando,FL,37416
A006368,C005067,Home,00774 Laura Ranch,Hollywood,FL,24378
A006369,C005068,Home,6955 Jeremy Views Apt. 581,Sarasota,FL,62102
A006370,C005068,Mailing,273 Williams Circles Suite 587,Orlando,FL,22005
A006371,C005069,Home,872 Rollins Isle,Orlando,FL,68216
A006372,C005070,Home,6059 Katelyn Ridge,Coral Springs,FL,14860
A006373,C005071,Home,4246 Ashley Prairie,Gainesville,FL,39987
A006374,C005072,Home,48305 Sanchez Fords,Coral Springs,FL,27984
A006375,C005073,Home,88496 James Mall Suite 496,Jacksonville,FL,90482
A006376,C005074,Home,356 Gibson Glens Apt. 823,Naples,FL,89085
A006377,C005075,Home,6610 Gutierrez Ways Suite 485,Pembroke Pines,FL,88824
A006378,C005076,Home,521 Mary Drives Suite 247,Miami,FL,91155
A006379,C005076,Mailing,02601 Tucker Pike,Sarasota,FL,17966
A006380,C005077,Home,63511 Santos Junctions,Coral Springs,FL,72997
A006381,C005077,Mailing,68540 Cross Crossing Suite 864,Coral Springs,FL,28058
A006382,C005078,Home,5112 Walter Walks Apt. 573,Jacksonville,FL,28823
A006383,C005078,Mailing,4298 David Circles,Orlando,FL,34589
A006384,C005079,Home,24990 Michael Drive Suite 043,Miami,FL,46567
A006385,C005080,Home,04043 Rachel Ville,Hollywood,FL,85101
A006386,C005081,Home,8399 Samantha Burgs Suite 498,Tallahassee,FL,15838
A006387,C005082,Home,912 Chad Street Suite 336,Orlando,FL,35113
A006388,C005082,Mailing,92988 Mcpherson Key Suite 840,Davie,FL,11870
A006389,C005083,Home,50912 Burch Mall Apt. 879,Pembroke Pines,FL,10543
A006390,C005084,Home,61546 Sarah Ridges,Orlando,FL,49246
A006391,C005085,Home,67679 Sandy Field,Coral Springs,FL,76018
A006392,C005086,Home,839 Stephanie Burgs,Tampa,FL,53694
A006393,C005087,Home,618 Adams Cape,Tampa,FL,68370
A006394,C005087,Mailing,2349 Arnold Fork Apt. 381,Hollywood,FL,44252
A006395,C005088,Home,34982 Rebecca Points Suite 358,Jacksonville,FL,66075
A006396,C005088,Mailing,2172 Dalton Extension Apt. 643,Sarasota,FL,28446
A006397,C005089,Home,88802 Davis Glens Apt. 545,Hollywood,FL,17802
A006398,C005090,Home,94318 Jessica Prairie,Orlando,FL,72531
A006399,C005090,Mailing,07058 Tate Mountains,Fort Lauderdale,FL,61339
A006400,C005091,Home,6541 Moran Forges Suite 920,Gainesville,FL,37945
A006401,C005092,Home,523 Macdonald Oval,Gainesville,FL,96797
A006402,C005093,Home,1477 Heather Grove,Tallahassee,FL,59629
A006403,C005094,Home,9940 Murphy Views,Gainesville,FL,33802
A006404,C005094,Mailing,93145 Nguyen Glen,Boca Raton,FL,85391
A006405,C005095,Home,0097 Stephanie Hollow Apt. 161,Hollywood,FL,39826
A006406,C005096,Home,271 Neal Prairie Suite 988,Boca Raton,FL,88322
A006407,C005096,Mailing,53442 Jennifer Courts,Pembroke Pines,FL,73699
A006408,C005097,Home,3199 David Squares,Hollywood,FL,04174
A006409,C005098,Home,633 Cortez Curve,Miami,FL,36574
A006410,C005099,Home,294 David Key Suite 723,Pembroke Pines,FL,40052
A006411,C005100,Home,261 Thomas Estates Apt. 194,Miami,FL,37490
A006412,C005101,Home,481 Kurt Grove,Hollywood,FL,18008
A006413,C005102,Home,6171 Hayes Streets,Sarasota,FL,87023
A006414,C005102,Mailing,3874 Randy Roads,Hollywood,FL,06095
A006415,C005103,Home,0251 Mccall Pine Suite 533,Gainesville,FL,96028
A006416,C005104,Home,69800 Susan Lock,Davie,FL,90949
A006417,C005105,Home,475 Bridget Station,Jacksonville,FL,18522
A006418,C005106,Home,02479 Jackson Isle Apt. 179,Sarasota,FL,08410
A006419,C005107,Home,0949 Good Parkway,Sarasota,FL,66637
A006420,C005108,Home,27498 Velazquez Summit,Miami,FL,89560
A006421,C005109,Home,142 Michelle Mews,Miami,FL,67245
A006422,C005110,Home,10833 Troy Drive,Pembroke Pines,FL,14807
A006423,C005111,Home,32428 Gary Union Apt. 620,Orlando,FL,35008
A006424,C005112,Home,9510 Bell Cliffs Suite 065,Boca Raton,FL,40619
A006425,C005113,Home,21346 Harrington Parks Apt. 347,Coral Springs,FL,57557
A006426,C005114,Home,22934 Kim Inlet,Tampa,FL,76728
A006427,C005115,Home,4986 Jose Mount,Tampa,FL,16841
A006428,C005116,Home,36624 Ramirez Street Suite 625,Miami,FL,25626
A006429,C005117,Home,787 Leslie View Apt. 104,Fort Lauderdale,FL,43199
A006430,C005118,Home,127 Jared Circle Apt. 199,Pembroke Pines,FL,63471
A006431,C005118,Mailing,483 Cox Ramp,Coral Springs,FL,29018
A006432,C005119,Home,670 Angela Extension Suite 146,Jacksonville,FL,54984
A006433,C005119,Mailing,62428 Gloria Pass Apt. 092,Jacksonville,FL,58589
A006434,C005120,Home,7186 Joseph Radial Apt. 964,Jacksonville,FL,54526
A006435,C005120,Mailing,446 Walls Crossing Suite 890,Hollywood,FL,65062
A006436,C005121,Home,483 Warner Cove Suite 066,Sarasota,FL,89988
A006437,C005122,Home,202 Hawkins Forks Suite 249,Gainesville,FL,17699
A006438,C005123,Home,594 Phyllis Hollow Apt. 231,Sarasota,FL,53905
A006439,C005124,Home,35586 Robert Road Suite 259,Boca Raton,FL,54193
A006440,C005124,Mailing,8236 Carl Passage,Tampa,FL,32015
A006441,C005125,Home,048 Butler Park,Orlando,FL,03449
A006442,C005126,Home,153 Ellis Drive,Boca Raton,FL,16336
A006443,C005127,Home,6815 Thornton Motorway Apt. 563,Fort Lauderdale,FL,65146
A006444,C005128,Home,11480 Griffin Springs,Tallahassee,FL,33128
A006445,C005129,Home,605 Carrie Circle Apt. 548,Davie,FL,26324
A006446,C005130,Home,153 Hudson Course Suite 670,Jacksonville,FL,68283
A006447,C005131,Home,94124 James Mill,Miami,FL,34210
A006448,C005132,Home,9043 Webb Ports Suite 925,Pembroke Pines,FL,90651
A006449,C005133,Home,154 Jones Streets Suite 922,Sarasota,FL,57851
A006450,C005134,Home,107 Dominique Station Suite 633,Coral Springs,FL,68677
A006451,C005135,Home,3960 Scott Crescent,Hollywood,FL,62125
A006452,C005136,Home,062 Rodriguez Roads,Tampa,FL,75119
A006453,C005136,Mailing,859 Pamela Island Suite 413,Miami,FL,66355
A006454,C005137,Home,815 Reed Glen,Davie,FL,82341
A006455,C005138,Home,206 Calderon Junctions,Davie,FL,54633
A006456,C005139,Home,5435 April Neck,Fort Lauderdale,FL,86073
A006457,C005139,Mailing,2054 Hernandez Ports,Gainesville,FL,54008
A006458,C005140,Home,256 Norris Glen,Naples,FL,83181
A006459,C005140,Mailing,7060 Michael View Apt. 429,Naples,FL,54546
A006460,C005141,Home,933 Ryan Fields,West Palm Beach,FL,36275
A006461,C005141,Mailing,117 Roger Cove,Jacksonville,FL,14474
A006462,C005142,Home,80818 Williams Lights Suite 447,Boca Raton,FL,21076
A006463,C005143,Home,566 Jacobson Coves,Miami,FL,29649
A006464,C005144,Home,408 Mark Summit Apt. 860,Sarasota,FL,32424
A006465,C005145,Home,22259 Wright Harbors,Tampa,FL,11336
A006466,C005145,Mailing,48330 Ramirez Mall Suite 418,Davie,FL,82447
A006467,C005146,Home,453 Molina Street,Orlando,FL,93374
A006468,C005147,Home,32802 Vasquez Oval,Pembroke Pines,FL,53929
A006469,C005148,Home,76965 King Summit Suite 461,Coral Springs,FL,73370
A006470,C005149,Home,6943 Watkins Points,Pembroke Pines,FL,90989
A006471,C005150,Home,4224 Nixon Spur Suite 685,West Palm Beach,FL,66581
A006472,C005151,Home,73862 Amber Cove Suite 805,Tampa,FL,55540
A006473,C005152,Home,7860 Matthew Common,Naples,FL,08564
A006474,C005153,Home,49515 Howard Islands Suite 097,West Palm Beach,FL,53631
A006475,C005154,Home,6546 Garrison Estate,Naples,FL,20119
A006476,C005155,Home,44047 Martinez Row Apt. 027,Coral Springs,FL,52671
A006477,C005155,Mailing,3861 Bell Orchard Apt. 646,Hollywood,FL,19915
A006478,C005156,Home,62357 Justin Cape,Fort Lauderdale,FL,73541
A006479,C005157,Home,701 Charlotte Spur Apt. 319,Hollywood,FL,68521
A006480,C005157,Mailing,5565 Henry Springs Suite 232,Fort Lauderdale,FL,31567
A006481,C005158,Home,87869 Isabella Plaza Suite 265,Davie,FL,79960
A006482,C005159,Home,26620 Davis Dale,Fort Lauderdale,FL,89585
A006483,C005160,Home,429 George Roads Apt. 993,Tallahassee,FL,60945
A006484,C005161,Home,1475 Michael Island,Orlando,FL,17046
A006485,C005162,Home,167 Stephen Divide,West Palm Beach,FL,17523
A006486,C005163,Home,90435 Aaron Rapids Apt. 940,West Palm Beach,FL,87807
A006487,C005164,Home,272 Denise Fall Apt. 830,Jacksonville,FL,82730
A006488,C005165,Home,504 Sarah Track Suite 632,Boca Raton,FL,00986
A006489,C005165,Mailing,19137 Mary Vista,Sarasota,FL,24034
A006490,C005166,Home,25746 Sarah Village Suite 276,Davie,FL,83909
A006491,C005166,Mailing,78424 Wagner Gardens Suite 440,Jacksonville,FL,61020
A006492,C005167,Home,86274 Pearson Vista Apt. 182,Tallahassee,FL,81800
A006493,C005168,Home,278 Scott Bridge,Tallahassee,FL,79328
A006494,C005168,Mailing,53998 White Motorway Apt. 138,Tallahassee,FL,32140
A006495,C005169,Home,90048 Harper Place Apt. 362,Boca Raton,FL,20641
A006496,C005170,Home,10211 Velazquez Rapids,West Palm Beach,FL,22662
A006497,C005171,Home,614 Mario Estate Apt. 205,Orlando,FL,92362
A006498,C005172,Home,135 Todd Ford Apt. 329,West Palm Beach,FL,78706
A006499,C005173,Home,2408 Renee Ferry,Hollywood,FL,18081
A006500,C005174,Home,699 Michael Center Apt. 019,Orlando,FL,81988
A006501,C005175,Home,4963 Donna Mission,Sarasota,FL,95026
A006502,C005175,Mailing,99703 Kristie Summit,Miami,FL,75562
A006503,C005176,Home,994 Williams Divide,Jacksonville,FL,71457
A006504,C005177,Home,129 Jennings Point,Orlando,FL,86817
A006505,C005178,Home,15871 Kim Oval,Tallahassee,FL,75082
A006506,C005178,Mailing,829 Anderson Hill Apt. 972,Miami,FL,83802
A006507,C005179,Home,86477 Lopez Island,West Palm Beach,FL,77819
A006508,C005179,Mailing,969 William Harbors Suite 329,Naples,FL,11105
A006509,C005180,Home,17143 Jason Spurs Suite 938,Naples,FL,04015
A006510,C005180,Mailing,42266 Anderson Parks,Hollywood,FL,12014
A006511,C005181,Home,0534 Kelly Mall Suite 881,Tallahassee,FL,01136
A006512,C005182,Home,698 Robinson Plain Apt. 740,Coral Springs,FL,99691
A006513,C005183,Home,340 Mckinney Highway Suite 450,Coral Springs,FL,98006
A006514,C005184,Home,67472 Bowers Turnpike Apt. 628,Davie,FL,40380
A006515,C005185,Home,58481 Autumn Street,Hollywood,FL,47832
A006516,C005186,Home,96619 Brewer Prairie,Naples,FL,72212
A006517,C005187,Home,4830 Kristin Vista,Tampa,FL,91189
A006518,C005187,Mailing,221 Melinda Mews,Tampa,FL,17352
A006519,C005188,Home,192 James Village Suite 241,Orlando,FL,58134
A006520,C005188,Mailing,337 Jeffrey Unions,Sarasota,FL,09251
A006521,C005189,Home,02546 Kevin Rue,Sarasota,FL,49976
A006522,C005189,Mailing,1839 Matthew Skyway,Pembroke Pines,FL,23968
A006523,C005190,Home,420 Matthews Vista,Tampa,FL,25055
A006524,C005191,Home,00054 Perez Flat Suite 508,Boca Raton,FL,78934
A006525,C005192,Home,640 Marshall Gardens Apt. 307,Miami,FL,44128
A006526,C005193,Home,9730 Jones Cliff,Naples,FL,60812
A006527,C005194,Home,2232 Cooper Skyway,Naples,FL,61826
A006528,C005195,Home,017 Martinez Gateway Apt. 705,West Palm Beach,FL,48211
A006529,C005196,Home,804 Chambers Villages Suite 345,Pembroke Pines,FL,46455
A006530,C005196,Mailing,53236 Wilson Prairie Apt. 912,Coral Springs,FL,66111
A006531,C005197,Home,44253 Cory Ferry,Jacksonville,FL,69595
A006532,C005198,Home,51282 Katherine Ports,Hollywood,FL,13400
A006533,C005199,Home,954 Lane Keys Apt. 348,Naples,FL,73668
A006534,C005200,Home,07771 Berry Islands,Hollywood,FL,01405
A006535,C005200,Mailing,74533 Garza Mews,Miami,FL,52306
A006536,C005201,Home,481 Barry Inlet,West Palm Beach,FL,91578
A006537,C005202,Home,61748 Mendez Garden Apt. 920,Gainesville,FL,77455
A006538,C005203,Home,06238 Sanders Lodge,Naples,FL,46577
A006539,C005203,Mailing,971 Emily Vista Suite 994,Davie,FL,65427
A006540,C005204,Home,824 Clayton Lodge Suite 937,Tampa,FL,43068
A006541,C005205,Home,747 Mcintosh Creek,Gainesville,FL,80639
A006542,C005206,Home,5279 Smith Trace,Davie,FL,34632
A006543,C005206,Mailing,4844 Jamie Shore Apt. 888,Sarasota,FL,44624
A006544,C005207,Home,56539 Keith Forks,Jacksonville,FL,31935
A006545,C005207,Mailing,996 Jonathan Highway Suite 054,Naples,FL,12504
A006546,C005208,Home,249 James Mill Suite 364,Boca Raton,FL,09598
A006547,C005209,Home,52715 Hawkins Court,Hollywood,FL,26645
A006548,C005210,Home,220 Carly Mission,Pembroke Pines,FL,27165
A006549,C005211,Home,9669 Jackson Flats Suite 529,Pembroke Pines,FL,85529
A006550,C005211,Mailing,8727 Mcclure Pass Suite 289,Davie,FL,49753
A006551,C005212,Home,7610 Ryan Mews,Gainesville,FL,82016
A006552,C005213,Home,930 Mccarthy Spurs Suite 224,Gainesville,FL,45406
A006553,C005213,Mailing,377 Paul Hill Apt. 680,Orlando,FL,28262
A006554,C005214,Home,64100 Juan Divide,Sarasota,FL,51996
A006555,C005215,Home,460 Kelly Loaf Apt. 496,Davie,FL,31414
A006556,C005216,Home,335 Weber Well,Tallahassee,FL,09762
A006557,C005217,Home,6013 Dean Glens Suite 119,Orlando,FL,65418
A006558,C005218,Home,731 Elizabeth Stream,Naples,FL,18033
A006559,C005219,Home,5276 Sarah Flats Suite 633,Tallahassee,FL,81909
A006560,C005220,Home,48923 Eddie Shores,West Palm Beach,FL,21790
A006561,C005221,Home,9105 Dawson Corner,Tampa,FL,11032
A006562,C005222,Home,68852 Sara Park Apt. 290,Fort Lauderdale,FL,91997
A006563,C005223,Home,71091 Greene Island,West Palm Beach,FL,73149
A006564,C005224,Home,0635 Benjamin Locks,Coral Springs,FL,95721
A006565,C005225,Home,936 Brandy View Apt. 252,Davie,FL,46203
A006566,C005226,Home,2457 Donna Unions,West Palm Beach,FL,38823
A006567,C005227,Home,9920 Hill Burgs,Sarasota,FL,07687
A006568,C005228,Home,2108 Marshall Court Suite 067,Tampa,FL,42285
A006569,C005229,Home,941 Tracey Locks Apt. 595,Naples,FL,63124
A006570,C005230,Home,27188 Jennifer Run Suite 355,Tallahassee,FL,38787
A006571,C005231,Home,2218 Michael Via,Miami,FL,32084
A006572,C005231,Mailing,356 Webb Rest,Davie,FL,94227
A006573,C005232,Home,37901 Wright Stream Suite 060,Fort Lauderdale,FL,10062
A006574,C005233,Home,968 Fernandez Prairie,Boca Raton,FL,34335
A006575,C005234,Home,18657 Anna Inlet Apt. 000,Sarasota,FL,69113
A006576,C005235,Home,019 Elizabeth Forge Suite 864,Tampa,FL,55464
A006577,C005235,Mailing,8554 Aguilar Drive Apt. 456,Jacksonville,FL,94518
A006578,C005236,Home,0975 Ford Underpass,Sarasota,FL,33370
A006579,C005237,Home,9372 Brian Union,Coral Springs,FL,31958
A006580,C005237,Mailing,0831 Rachel Trail,Tallahassee,FL,24131
A006581,C005238,Home,70502 John River Suite 052,Gainesville,FL,65221
A006582,C005238,Mailing,70522 Jennifer Street Suite 265,Boca Raton,FL,02283
A006583,C005239,Home,384 Lisa Brook,West Palm Beach,FL,31894
A006584,C005239,Mailing,518 Todd Park,Davie,FL,17519
A006585,C005240,Home,78014 Diane Gardens Apt. 103,Gainesville,FL,55395
A006586,C005241,Home,35280 Cannon Lakes Apt. 301,Hollywood,FL,08834
A006587,C005241,Mailing,12561 Sierra Prairie Apt. 895,Tallahassee,FL,15737
A006588,C005242,Home,19677 Jessica Drive,Tallahassee,FL,81020
A006589,C005242,Mailing,72092 Coleman Mountains,Coral Springs,FL,36864
A006590,C005243,Home,53665 Reese Mountains,Jacksonville,FL,53924
A006591,C005244,Home,3371 Bass Locks Suite 595,Pembroke Pines,FL,56468
A006592,C005244,Mailing,145 Robert Rest Suite 074,Boca Raton,FL,02672
A006593,C005245,Home,15211 Maxwell Circles,Boca Raton,FL,71901
A006594,C005246,Home,3148 Michael Stravenue Suite 743,Orlando,FL,03103
A006595,C005247,Home,678 Joseph Motorway,Orlando,FL,64089
A006596,C005248,Home,3485 Powell Well,Sarasota,FL,52492
A006597,C005248,Mailing,506 Diaz Heights Suite 485,Tampa,FL,06256
A006598,C005249,Home,5880 Jamie Port,Boca Raton,FL,14039
A006599,C005250,Home,66848 Lisa Summit,Fort Lauderdale,FL,52227
A006600,C005251,Home,87687 Juan Mountain Apt. 686,Pembroke Pines,FL,54032
A006601,C005251,Mailing,6713 Stacy Junctions Suite 486,Pembroke Pines,FL,58047
A006602,C005252,Home,7128 Moreno Fall Suite 507,Boca Raton,FL,40595
A006603,C005253,Home,0815 Gordon Glen Suite 359,Boca Raton,FL,06229
A006604,C005254,Home,9413 Antonio Brook Apt. 046,Pembroke Pines,FL,65846
A006605,C005255,Home,6598 Corey Fall Suite 947,Jacksonville,FL,47562
A006606,C005256,Home,0641 Ryan Squares Apt. 016,Boca Raton,FL,17315
A006607,C005257,Home,17147 Davis Locks Suite 106,West Palm Beach,FL,05211
A006608,C005258,Home,7402 Daniel Mountains Suite 789,Fort Lauderdale,FL,33986
A006609,C005259,Home,61434 Heather Rapid Apt. 434,Tallahassee,FL,33140
A006610,C005260,Home,73573 Jacob Parks,Boca Raton,FL,54294
A006611,C005261,Home,5530 Saunders Points Apt. 551,Hollywood,FL,82475
A006612,C005262,Home,095 Hardy Ridge Apt. 365,Jacksonville,FL,71123
A006613,C005263,Home,10413 Burgess Plaza Apt. 097,Sarasota,FL,94456
A006614,C005264,Home,3643 Johnson Trail Apt. 488,Gainesville,FL,56157
A006615,C005265,Home,8677 Paul Ferry Apt. 907,West Palm Beach,FL,32321
A006616,C005266,Home,61316 Crawford Causeway,Naples,FL,24308
A006617,C005267,Home,94350 Campbell Highway Suite 865,Tampa,FL,43401
A006618,C005267,Mailing,0375 Armstrong Crescent Suite 373,Gainesville,FL,24541
A006619,C005268,Home,60454 Woodard Fort Suite 506,Coral Springs,FL,51961
A006620,C005269,Home,779 Parker Plains Apt. 155,Tampa,FL,91470
A006621,C005270,Home,914 Randy Haven,Boca Raton,FL,94099
A006622,C005270,Mailing,90816 Jennifer Stream Apt. 070,Pembroke Pines,FL,99093
A006623,C005271,Home,30220 Goodman Loop Suite 664,Miami,FL,70855
A006624,C005272,Home,14215 Regina Heights,Hollywood,FL,49619
A006625,C005272,Mailing,1780 Edwards Ford Suite 997,Tallahassee,FL,53285
A006626,C005273,Home,160 Carrillo Trail,West Palm Beach,FL,74291
A006627,C005274,Home,29764 Michael Lodge Apt. 871,Sarasota,FL,22871
A006628,C005275,Home,41189 Jane Rapids Suite 147,Jacksonville,FL,48677
A006629,C005276,Home,66875 Ryan Crossroad,Pembroke Pines,FL,43893
A006630,C005276,Mailing,2763 Griffith Bypass,Sarasota,FL,48485
A006631,C005277,Home,31052 Jeffery Tunnel,Tallahassee,FL,97079
A006632,C005278,Home,575 Sarah Camp Suite 577,Tampa,FL,14526
A006633,C005279,Home,298 Chelsea Grove,Tallahassee,FL,61749
A006634,C005280,Home,8258 Obrien Gardens,Naples,FL,49813
A006635,C005281,Home,32495 Phyllis Knolls,Naples,FL,54053
A006636,C005282,Home,255 Michael Forges,Tallahassee,FL,55008
A006637,C005283,Home,04319 Luis Overpass Suite 903,Davie,FL,61322
A006638,C005284,Home,940 Hernandez Rapid,West Palm Beach,FL,55216
A006639,C005285,Home,5192 Lopez Fall,Pembroke Pines,FL,59216
A006640,C005286,Home,57777 Elizabeth Summit,Jacksonville,FL,38643
A006641,C005287,Home,67919 Theresa Trail Apt. 416,Naples,FL,20824
A006642,C005288,Home,142 Derek Crossroad Suite 461,Orlando,FL,26465
A006643,C005289,Home,28315 Hector Heights Suite 877,Sarasota,FL,51424
A006644,C005290,Home,418 Nelson Points,Naples,FL,73750
A006645,C005290,Mailing,72084 Richard Spring Suite 392,Pembroke Pines,FL,03223
A006646,C005291,Home,0147 Justin Falls Apt. 216,Fort Lauderdale,FL,91407
A006647,C005291,Mailing,7316 Lindsey Gateway Suite 833,Naples,FL,25878
A006648,C005292,Home,42892 Charles Shoals Apt. 228,Davie,FL,45400
A006649,C005293,Home,1719 Jennifer Village Apt. 419,Coral Springs,FL,13006
A006650,C005294,Home,775 William Forks,Orlando,FL,54166
A006651,C005294,Mailing,307 Guerrero Isle Suite 885,Boca Raton,FL,76230
A006652,C005295,Home,54101 Lynch Squares,Boca Raton,FL,91611
A006653,C005295,Mailing,60354 Sheila Stravenue Apt. 941,Jacksonville,FL,04891
A006654,C005296,Home,5584 Tate Junctions Suite 093,Sarasota,FL,01599
A006655,C005297,Home,63453 Veronica Springs,Naples,FL,89600
A006656,C005298,Home,6203 Ewing Freeway,Tallahassee,FL,11222
A006657,C005299,Home,7668 Kimberly Harbor Apt. 998,Boca Raton,FL,60228
A006658,C005300,Home,89468 Carroll Village,Jacksonville,FL,27515
A006659,C005300,Mailing,59016 Foster Greens Apt. 613,Naples,FL,05114
A006660,C005301,Home,9830 King Gateway Suite 076,Naples,FL,95613
A006661,C005302,Home,3246 Collins Squares Apt. 958,Naples,FL,43586
A006662,C005302,Mailing,08082 Andrea Well Apt. 643,Gainesville,FL,13621
A006663,C005303,Home,90784 House Club Apt. 103,Pembroke Pines,FL,16784
A006664,C005303,Mailing,796 Rodriguez Avenue Apt. 105,Fort Lauderdale,FL,09790
A006665,C005304,Home,7535 Michael Spring,Orlando,FL,36694
A006666,C005305,Home,74247 Perez Common,Tallahassee,FL,35762
A006667,C005306,Home,78805 Olson Fords,Naples,FL,93641
A006668,C005307,Home,7041 Molina Shoal,Orlando,FL,85389
A006669,C005308,Home,070 Baldwin Orchard,Pembroke Pines,FL,87161
A006670,C005309,Home,55413 Espinoza Rapid Suite 230,Boca Raton,FL,35008
A006671,C005310,Home,8661 Robert Terrace,Tampa,FL,34724
A006672,C005311,Home,19883 Brown Neck Apt. 738,Hollywood,FL,26959
A006673,C005312,Home,3427 Sullivan Gardens,Tallahassee,FL,35194
A006674,C005313,Home,664 Matthew Ridge Suite 841,Gainesville,FL,21954
A006675,C005314,Home,671 Wright Mills Apt. 620,Orlando,FL,23899
A006676,C005315,Home,139 Robles Vista Apt. 737,Hollywood,FL,67856
A006677,C005316,Home,5950 Stacy Drive Suite 756,Orlando,FL,86653
A006678,C005316,Mailing,952 Ortiz Burgs,Gainesville,FL,96407
A006679,C005317,Home,240 Candice Landing,Jacksonville,FL,96151
A006680,C005318,Home,0033 Wilson Shoal,Fort Lauderdale,FL,75692
A006681,C005319,Home,876 Martinez Stream,Fort Lauderdale,FL,58389
A006682,C005320,Home,058 Cruz Track Apt. 017,Davie,FL,18482
A006683,C005321,Home,53456 Jamie Radial,Pembroke Pines,FL,60766
A006684,C005322,Home,739 Judy Row Apt. 257,Boca Raton,FL,56079
A006685,C005322,Mailing,31435 Fitzpatrick Neck Apt. 835,Coral Springs,FL,05245
A006686,C005323,Home,90028 Andrea Mall,Jacksonville,FL,46132
A006687,C005324,Home,53425 Brown Street Apt. 512,Naples,FL,12097
A006688,C005325,Home,88337 Matthew Greens,Hollywood,FL,14468
A006689,C005326,Home,38458 Joseph Trail,Jacksonville,FL,99030
A006690,C005327,Home,402 Douglas Station,Coral Springs,FL,60223
A006691,C005328,Home,18865 Ramirez Rapids Suite 135,Davie,FL,15727
A006692,C005329,Home,729 Avila Mews,Hollywood,FL,71432
A006693,C005330,Home,760 Marissa Run,Miami,FL,92301
A006694,C005330,Mailing,797 James Street Apt. 730,Davie,FL,86043
A006695,C005331,Home,69002 Patterson Radial Apt. 339,Tampa,FL,97056
A006696,C005332,Home,6606 Weiss Extension Suite 315,Hollywood,FL,21566
A006697,C005332,Mailing,29834 Maldonado Glen,West Palm Beach,FL,81972
A006698,C005333,Home,54851 Christopher Mission Suite 991,West Palm Beach,FL,64737
A006699,C005334,Home,081 Flynn Plain Suite 484,Sarasota,FL,90916
A006700,C005335,Home,0245 Hunt Crest,Coral Springs,FL,11040
A006701,C005335,Mailing,48957 Monroe Islands Suite 791,Miami,FL,97882
A006702,C005336,Home,6905 Harris Branch Apt. 806,Naples,FL,30550
A006703,C005337,Home,92404 Stanton Valley Apt. 098,Naples,FL,79449
A006704,C005338,Home,65773 Johnson Spring Suite 260,Tallahassee,FL,18429
A006705,C005338,Mailing,8704 Nicholas Drives Apt. 188,Davie,FL,18235
A006706,C005339,Home,1169 Karen Fields Apt. 014,Orlando,FL,67635
A006707,C005340,Home,54859 Matthew Track Apt. 599,Hollywood,FL,92247
A006708,C005340,Mailing,351 Michele Grove Suite 594,West Palm Beach,FL,72321
A006709,C005341,Home,528 Alexander Drive Suite 412,Sarasota,FL,58302
A006710,C005342,Home,75191 Smith Glen,Tallahassee,FL,31078
A006711,C005343,Home,7102 Aguirre Mountain Apt. 152,Miami,FL,27080
A006712,C005344,Home,20011 Kennedy Radial Apt. 337,Orlando,FL,93336
A006713,C005345,Home,06754 Jones Lane Apt. 465,Boca Raton,FL,81881
A006714,C005345,Mailing,756 Kevin Causeway,Sarasota,FL,86893
A006715,C005346,Home,05602 David Mall,Pembroke Pines,FL,18555
A006716,C005347,Home,8447 David Track,Davie,FL,77186
A006717,C005348,Home,8158 Clayton Mill,Tampa,FL,85161
A006718,C005349,Home,47495 Diaz Freeway Apt. 627,West Palm Beach,FL,76609
A006719,C005349,Mailing,802 Joshua Camp Apt. 039,Orlando,FL,18669
A006720,C005350,Home,3403 Perez Track Apt. 030,Naples,FL,11032
A006721,C005350,Mailing,999 Morrison Manors,Fort Lauderdale,FL,24593
A006722,C005351,Home,33890 Travis Wells Apt. 573,Fort Lauderdale,FL,72059
A006723,C005352,Home,25472 Hill Flats Suite 908,Coral Springs,FL,17777
A006724,C005353,Home,49077 Wilkins Club,Miami,FL,63709
A006725,C005354,Home,66484 Robertson Drives Apt. 820,Tampa,FL,94989
A006726,C005355,Home,9796 Hill Curve,Coral Springs,FL,40369
A006727,C005356,Home,814 Oliver Causeway Apt. 293,Orlando,FL,34905
A006728,C005356,Mailing,875 Larson Junction Suite 629,Gainesville,FL,41453
A006729,C005357,Home,31418 Nicole Parkway Suite 961,Jacksonville,FL,55697
A006730,C005358,Home,7622 Amber Inlet,Fort Lauderdale,FL,86767
A006731,C005359,Home,62865 Kurt Summit,Sarasota,FL,41391
A006732,C005360,Home,3372 Chandler Heights Suite 049,Naples,FL,59755
A006733,C005361,Home,74739 Joy Course Suite 307,Naples,FL,10437
A006734,C005362,Home,4649 Maria Radial,West Palm Beach,FL,25348
A006735,C005363,Home,7910 Rodriguez Trail,Naples,FL,17764
A006736,C005364,Home,5880 Jacob Court,Fort Lauderdale,FL,37245
A006737,C005365,Home,8298 Powell Place Apt. 301,Tallahassee,FL,66823
A006738,C005366,Home,292 Johnson Streets,West Palm Beach,FL,56405
A006739,C005367,Home,896 Joan View Suite 499,Hollywood,FL,08826
A006740,C005368,Home,9209 Wilson Row Suite 544,Miami,FL,56544
A006741,C005369,Home,903 Emily Court,Sarasota,FL,40610
A006742,C005370,Home,93616 Daniel Path,Tampa,FL,62852
A006743,C005371,Home,664 Smith Walk,Boca Raton,FL,50663
A006744,C005371,Mailing,09807 Wiley Port Apt. 836,Davie,FL,15502
A006745,C005372,Home,93697 Porter Hollow,Naples,FL,28740
A006746,C005373,Home,7164 Stevens Shore,Coral Springs,FL,70092
A006747,C005374,Home,239 Schultz Course,Naples,FL,13327
A006748,C005374,Mailing,60399 Thomas Cliffs Suite 426,Jacksonville,FL,84160
A006749,C005375,Home,7675 Barbara Island Apt. 835,Pembroke Pines,FL,44812
A006750,C005376,Home,39266 Wilson Isle Suite 431,Naples,FL,09622
A006751,C005376,Mailing,5970 Sean Creek Apt. 182,Naples,FL,87620
A006752,C005377,Home,68244 Kristin Pine Apt. 093,Miami,FL,07014
A006753,C005378,Home,62255 James Ford,Tallahassee,FL,92179
A006754,C005379,Home,5775 Gonzalez Isle Suite 530,Sarasota,FL,48857
A006755,C005379,Mailing,3095 Perez Radial,West Palm Beach,FL,69716
A006756,C005380,Home,41560 Nielsen Rue,Tampa,FL,58345
A006757,C005381,Home,361 Edwin Radial Suite 052,Orlando,FL,48524
A006758,C005381,Mailing,023 Christine Pass,Tallahassee,FL,10414
A006759,C005382,Home,9342 Kenneth Branch Suite 275,Sarasota,FL,71927
A006760,C005383,Home,1658 Victoria Islands Suite 579,Boca Raton,FL,80465
A006761,C005384,Home,63010 Pamela Flats Suite 598,Tallahassee,FL,39624
A006762,C005385,Home,032 Richard Road Suite 672,Davie,FL,68481
A006763,C005386,Home,232 Jennifer Trail Apt. 852,Orlando,FL,83699
A006764,C005387,Home,822 Bowen Knoll,West Palm Beach,FL,91647
A006765,C005388,Home,033 Brittney Light,Tampa,FL,13782
A006766,C005389,Home,2032 Hayden Gateway Suite 238,Tampa,FL,78751
A006767,C005390,Home,00509 Jessica Ranch Suite 596,Pembroke Pines,FL,49129
A006768,C005390,Mailing,228 Christian Valley,Jacksonville,FL,93352
A006769,C005391,Home,3047 Valencia Parks,Naples,FL,76703
A006770,C005392,Home,333 Sanchez Road Apt. 874,Tampa,FL,64426
A006771,C005393,Home,13527 Jeremy Lodge Suite 046,Boca Raton,FL,96736
A006772,C005394,Home,5720 Perez Fords,Fort Lauderdale,FL,18903
A006773,C005394,Mailing,9566 Patterson Curve,Davie,FL,65902
A006774,C005395,Home,174 Luis Mission,Davie,FL,68416
A006775,C005395,Mailing,041 Linda Forges,Tampa,FL,00758
A006776,C005396,Home,790 Anna Burg,Tallahassee,FL,62084
A006777,C005397,Home,850 Flores Estates,Tallahassee,FL,14094
A006778,C005397,Mailing,061 Franklin Parks,Fort Lauderdale,FL,48499
A006779,C005398,Home,6414 Justin Rapids,West Palm Beach,FL,75411
A006780,C005399,Home,87166 Susan Island Suite 313,Hollywood,FL,01572
A006781,C005400,Home,545 Christopher Street Apt. 918,Pembroke Pines,FL,00809
A006782,C005400,Mailing,3612 Thompson Villages,Pembroke Pines,FL,32546
A006783,C005401,Home,267 Wendy Ways,Naples,FL,18442
A006784,C005402,Home,88483 Manning Plaza,Fort Lauderdale,FL,81116
A006785,C005403,Home,85264 Howell Coves,Coral Springs,FL,98473
A006786,C005403,Mailing,75815 Shields Burgs,West Palm Beach,FL,85161
A006787,C005404,Home,856 Jacob Trafficway Suite 823,Hollywood,FL,79447
A006788,C005405,Home,79796 Wilson Centers,Hollywood,FL,54424
A006789,C005406,Home,28388 Matthew Divide,Tampa,FL,82245
A006790,C005407,Home,18168 Taylor Glens,Tampa,FL,86694
A006791,C005408,Home,938 Murray Crescent Apt. 106,Fort Lauderdale,FL,23098
A006792,C005408,Mailing,51717 Bernard Cliff,Naples,FL,89656
A006793,C005409,Home,7342 Watson Avenue,Hollywood,FL,15325
A006794,C005410,Home,1047 Bentley Trace,West Palm Beach,FL,28145
A006795,C005411,Home,59414 Stephen Rapid,Hollywood,FL,48160
A006796,C005411,Mailing,46505 John Shoals,Hollywood,FL,73173
A006797,C005412,Home,831 Garcia Harbors Apt. 051,Davie,FL,47498
A006798,C005413,Home,4751 Timothy Heights Apt. 592,Fort Lauderdale,FL,37941
A006799,C005414,Home,709 Yang Shoals,Gainesville,FL,17873
A006800,C005415,Home,90242 Wilson Glen Apt. 798,Davie,FL,91757
A006801,C005416,Home,8658 Frances Throughway Suite 324,Gainesville,FL,87929
A006802,C005417,Home,85175 Acosta Village Apt. 554,Coral Springs,FL,88157
A006803,C005418,Home,39782 Russell Greens Apt. 927,Hollywood,FL,98440
A006804,C005419,Home,04108 Kathryn Mountains,Sarasota,FL,09323
A006805,C005420,Home,5068 Ryan Causeway Apt. 203,West Palm Beach,FL,18591
A006806,C005421,Home,083 Tiffany Land,Sarasota,FL,43361
A006807,C005421,Mailing,032 Amanda Wall Apt. 744,Tallahassee,FL,19547
A006808,C005422,Home,26662 Jennifer Village Apt. 163,Tampa,FL,43633
A006809,C005423,Home,579 Janice Ville Apt. 957,Fort Lauderdale,FL,62376
A006810,C005423,Mailing,025 Thomas Green,Fort Lauderdale,FL,64446
A006811,C005424,Home,827 Kevin Landing,Tallahassee,FL,28864
A006812,C005425,Home,0887 Flores Route,Miami,FL,31234
A006813,C005426,Home,1934 Brandon Key,Orlando,FL,70867
A006814,C005427,Home,5805 Ryan Bypass Apt. 335,Sarasota,FL,91498
A006815,C005428,Home,453 Spencer Way,Miami,FL,51749
A006816,C005429,Home,557 Gregory Lights Suite 944,Jacksonville,FL,29959
A006817,C005429,Mailing,860 Madden Port Suite 498,Orlando,FL,77616
A006818,C005430,Home,0663 Lopez Port,Coral Springs,FL,92224
A006819,C005431,Home,830 Smith Ports Suite 227,Fort Lauderdale,FL,57758
A006820,C005432,Home,3197 Jacob Mountain,Jacksonville,FL,57673
A006821,C005433,Home,14831 Green Circles Apt. 505,Hollywood,FL,99694
A006822,C005433,Mailing,50710 Hanson Island,Tallahassee,FL,05239
A006823,C005434,Home,7775 Angela Fall,Jacksonville,FL,24955
A006824,C005434,Mailing,2120 Alexandria Glen Suite 499,West Palm Beach,FL,81203
A006825,C005435,Home,4013 Anthony Estate Apt. 938,Orlando,FL,54539
A006826,C005436,Home,8626 Jackson Islands,Boca Raton,FL,16702
A006827,C005436,Mailing,544 Stuart Dam,Davie,FL,79488
A006828,C005437,Home,88986 Meza Trace,Miami,FL,50103
A006829,C005438,Home,07952 Michael Union Apt. 871,Orlando,FL,43514
A006830,C005439,Home,2481 Oscar Key Suite 773,Jacksonville,FL,67621
A006831,C005440,Home,8574 Mark Knoll,West Palm Beach,FL,71930
A006832,C005441,Home,6238 Timothy Glens,Gainesville,FL,33546
A006833,C005442,Home,4228 Sanchez Viaduct Apt. 081,Pembroke Pines,FL,18929
A006834,C005443,Home,566 Justin Pass Apt. 007,Naples,FL,05646
A006835,C005444,Home,5764 Stephanie Heights,Miami,FL,07702
A006836,C005445,Home,64452 Hardy Hollow,Tampa,FL,69539
A006837,C005446,Home,646 Wendy Falls,Tallahassee,FL,46745
A006838,C005447,Home,60426 Le Shoals Suite 004,Naples,FL,50418
A006839,C005447,Mailing,41944 Kylie Knoll,Sarasota,FL,26650
A006840,C005448,Home,84842 Jerry Freeway Apt. 023,Coral Springs,FL,71537
A006841,C005449,Home,87191 Henry Circles,West Palm Beach,FL,24764
A006842,C005450,Home,8584 Wolfe Radial,Gainesville,FL,84049
A006843,C005451,Home,459 Hernandez Ford Apt. 815,Jacksonville,FL,94549
A006844,C005452,Home,973 Mullins Springs,Tampa,FL,96476
A006845,C005453,Home,72194 Horton Circle Apt. 831,Pembroke Pines,FL,48392
A006846,C005453,Mailing,47994 Alexander Plain,Pembroke Pines,FL,33983
A006847,C005454,Home,69950 Cruz Trail,Coral Springs,FL,19075
A006848,C005455,Home,8185 Perez Mission,Hollywood,FL,99780
A006849,C005456,Home,26653 Debbie Motorway Apt. 581,West Palm Beach,FL,19740
A006850,C005457,Home,64028 Bond Knoll Suite 811,Jacksonville,FL,85007
A006851,C005458,Home,972 Carter Via,Sarasota,FL,53810
A006852,C005459,Home,53012 Amber Extension,Naples,FL,08976
A006853,C005460,Home,2827 Russell Fort Suite 317,Hollywood,FL,54417
A006854,C005461,Home,2184 Robert Parkways,Pembroke Pines,FL,87668
A006855,C005461,Mailing,70587 Perry Springs,Boca Raton,FL,78823
A006856,C005462,Home,5861 Mark Plaza,Tampa,FL,33157
A006857,C005462,Mailing,5445 Andrew Path Suite 097,Fort Lauderdale,FL,06931
A006858,C005463,Home,487 Lindsey Pass,Naples,FL,82784
A006859,C005463,Mailing,9439 Blair Stream,Coral Springs,FL,19095
A006860,C005464,Home,779 Daniel Square,Davie,FL,84438
A006861,C005465,Home,2774 Gill Pines,Miami,FL,33649
A006862,C005466,Home,915 Brittney Via,Tallahassee,FL,78435
A006863,C005467,Home,24052 Gonzales Street,Fort Lauderdale,FL,11292
A006864,C005468,Home,706 Maria Road Apt. 677,Coral Springs,FL,48481
A006865,C005468,Mailing,8362 Hardin Village Apt. 996,Gainesville,FL,69860
A006866,C005469,Home,5596 Day Place Suite 105,Davie,FL,12646
A006867,C005470,Home,2244 Peters Extension Apt. 592,Hollywood,FL,21535
A006868,C005470,Mailing,6503 Mcconnell Greens Suite 636,Hollywood,FL,49745
A006869,C005471,Home,0367 Owen Place Suite 425,Sarasota,FL,77408
A006870,C005471,Mailing,2241 Brown Walk Apt. 358,Boca Raton,FL,89865
A006871,C005472,Home,364 Carey Station Apt. 464,Orlando,FL,36039
A006872,C005473,Home,03200 Jay Forest,Jacksonville,FL,56911
A006873,C005474,Home,237 Susan Keys,Tallahassee,FL,27869
A006874,C005475,Home,715 Kimberly Rest,Boca Raton,FL,16924
A006875,C005475,Mailing,974 Jackson Spurs,Sarasota,FL,85836
A006876,C005476,Home,1049 Scott Locks Apt. 574,Hollywood,FL,18165
A006877,C005477,Home,0743 Tanner Dam Apt. 403,Fort Lauderdale,FL,03093
A006878,C005478,Home,21436 Cole Falls,Hollywood,FL,10103
A006879,C005478,Mailing,95724 Oconnor Square,Jacksonville,FL,23677
A006880,C005479,Home,7535 Huber Expressway,Boca Raton,FL,49204
A006881,C005480,Home,385 Tyrone Mall Apt. 071,Miami,FL,89258
A006882,C005481,Home,819 Beard Unions Suite 438,Pembroke Pines,FL,46071
A006883,C005481,Mailing,836 Dana Station,Naples,FL,61948
A006884,C005482,Home,2020 Larson Fords,Orlando,FL,02815
A006885,C005483,Home,765 Laura Falls Suite 159,Boca Raton,FL,50424
A006886,C005484,Home,83945 Cox Inlet,Miami,FL,36291
A006887,C005485,Home,012 James Shores Suite 081,Hollywood,FL,47505
A006888,C005486,Home,99881 Angela Shore,Boca Raton,FL,71432
A006889,C005487,Home,17936 Williams Lane Suite 366,West Palm Beach,FL,17930
A006890,C005488,Home,00803 Austin Mountain Apt. 051,Tampa,FL,16452
A006891,C005488,Mailing,6001 Brooke Run,Fort Lauderdale,FL,85028
A006892,C005489,Home,82897 Tyler Crescent,Coral Springs,FL,63789
A006893,C005490,Home,526 Brown Stream,Orlando,FL,66333
A006894,C005490,Mailing,981 Mata Greens,Miami,FL,52725
A006895,C005491,Home,679 Holloway Station,Orlando,FL,99258
A006896,C005492,Home,3620 Carpenter Drive Suite 851,Davie,FL,62875
A006897,C005493,Home,92910 Nichols Courts Apt. 144,Miami,FL,80141
A006898,C005494,Home,692 Welch Loaf,Miami,FL,62682
A006899,C005495,Home,3674 Alexander Hollow,Davie,FL,64923
A006900,C005496,Home,61965 Daniel Terrace,Davie,FL,45946
A006901,C005496,Mailing,5635 Hunt Squares Suite 684,Miami,FL,40894
A006902,C005497,Home,70534 Murray Bypass,Naples,FL,95638
A006903,C005498,Home,6327 Paula Mountain,Naples,FL,53849
A006904,C005498,Mailing,765 Jennifer Fords,Boca Raton,FL,33626
A006905,C005499,Home,6663 Jennifer Stream Suite 795,Jacksonville,FL,77532
A006906,C005499,Mailing,4913 Davis Land Suite 140,Davie,FL,26760
A006907,C005500,Home,6174 April Radial,Gainesville,FL,94676
A006908,C005501,Home,9471 Diane Unions,Gainesville,FL,35672
A006909,C005502,Home,13966 Frey Track Suite 378,Gainesville,FL,13853
A006910,C005503,Home,9786 Hickman Ridge,Gainesville,FL,90160
A006911,C005503,Mailing,0544 John Lodge Suite 289,Sarasota,FL,25749
A006912,C005504,Home,4622 Meghan Meadow,Naples,FL,38980
A006913,C005505,Home,500 Leah Motorway Suite 776,Pembroke Pines,FL,19942
A006914,C005506,Home,879 Moore Centers,Fort Lauderdale,FL,39524
A006915,C005507,Home,34322 Good Glens,Naples,FL,17287
A006916,C005508,Home,523 Ryan Forges Suite 382,Gainesville,FL,87805
A006917,C005508,Mailing,696 Lewis Drives Apt. 287,Boca Raton,FL,30417
A006918,C005509,Home,509 Smith Glens Suite 159,Davie,FL,02256
A006919,C005510,Home,83492 Tucker Fall Suite 424,Tampa,FL,22641
A006920,C005511,Home,75491 Pitts Village,Sarasota,FL,63969
A006921,C005512,Home,758 Jason Lane Apt. 961,Hollywood,FL,75291
A006922,C005512,Mailing,00770 Kramer Flat,Davie,FL,95641
A006923,C005513,Home,1885 Tara Summit Apt. 544,Naples,FL,91756
A006924,C005514,Home,4027 Beck Junction Apt. 799,Tallahassee,FL,61797
A006925,C005515,Home,750 Michael Causeway Apt. 946,Gainesville,FL,91679
A006926,C005515,Mailing,196 Fernando Plaza,Tallahassee,FL,09678
A006927,C005516,Home,3481 Baxter Crest,Coral Springs,FL,79041
A006928,C005517,Home,1235 Jason Prairie,Naples,FL,34930
A006929,C005518,Home,1410 Torres Rest,Pembroke Pines,FL,99501
A006930,C005519,Home,237 Riggs Tunnel,Hollywood,FL,26439
A006931,C005520,Home,079 Troy Pass Suite 630,Tallahassee,FL,19619
A006932,C005521,Home,4751 Velez Mountains Apt. 972,Boca Raton,FL,38846
A006933,C005522,Home,094 Justin Walk Apt. 299,Fort Lauderdale,FL,25507
A006934,C005523,Home,08201 Shah Park Suite 666,Hollywood,FL,00544
A006935,C005524,Home,8460 Michael Ferry Suite 600,Pembroke Pines,FL,05504
A006936,C005525,Home,49873 Vazquez Drive Suite 057,West Palm Beach,FL,36697
A006937,C005526,Home,3544 Amanda Station Apt. 392,Tallahassee,FL,15449
A006938,C005526,Mailing,0514 Rebecca Mall Suite 981,Boca Raton,FL,66095
A006939,C005527,Home,27184 Michael Land,Davie,FL,88731
A006940,C005527,Mailing,794 Benjamin Shoals Suite 756,Gainesville,FL,28430
A006941,C005528,Home,390 Lee Flat Apt. 460,Miami,FL,72050
A006942,C005529,Home,9898 Cassandra Ranch,Fort Lauderdale,FL,40128
A006943,C005530,Home,24305 Smith Springs Suite 347,Gainesville,FL,02971
A006944,C005531,Home,089 Kim Stravenue Suite 081,Davie,FL,99373
A006945,C005532,Home,878 Jasmin Walk Apt. 125,Hollywood,FL,88442
A006946,C005533,Home,058 Castro Well Apt. 628,Tallahassee,FL,49945
A006947,C005534,Home,903 Jennifer Hill,Hollywood,FL,92521
A006948,C005535,Home,296 Jermaine Lodge Suite 176,Jacksonville,FL,25589
A006949,C005536,Home,735 Foley Views,Tallahassee,FL,08015
A006950,C005537,Home,506 Johnson Common Apt. 393,West Palm Beach,FL,95660
A006951,C005538,Home,4101 Gutierrez Neck,Sarasota,FL,88645
A006952,C005539,Home,088 Romero Ways,Davie,FL,32194
A006953,C005540,Home,9778 Jenny Underpass,Boca Raton,FL,28073
A006954,C005541,Home,1355 Bryant Ranch,Davie,FL,16211
A006955,C005542,Home,5217 Norman Causeway Apt. 850,Orlando,FL,92234
A006956,C005543,Home,035 Williams Walks,Orlando,FL,89128
A006957,C005544,Home,01499 Wise Rapid Apt. 545,Tallahassee,FL,38031
A006958,C005544,Mailing,80018 Williams Locks Apt. 432,Gainesville,FL,01676
A006959,C005545,Home,901 Angela Club,Coral Springs,FL,90884
A006960,C005545,Mailing,73191 Julie Village,Pembroke Pines,FL,78233
A006961,C005546,Home,5554 Ward Coves Apt. 586,Miami,FL,06072
A006962,C005547,Home,1630 George Ramp,Orlando,FL,16468
A006963,C005548,Home,0392 Stephen Trail Suite 411,Boca Raton,FL,55416
A006964,C005549,Home,211 Kimberly Mountain Apt. 086,Tallahassee,FL,32729
A006965,C005549,Mailing,2092 Lisa Views Apt. 768,Tampa,FL,30920
A006966,C005550,Home,7873 Heather Ridges Suite 864,Boca Raton,FL,34927
A006967,C005550,Mailing,7417 Nicholas Inlet,Pembroke Pines,FL,23219
A006968,C005551,Home,2214 Melissa Mews Suite 032,Coral Springs,FL,55730
A006969,C005552,Home,86559 Richardson Prairie,Coral Springs,FL,79287
A006970,C005553,Home,301 Timothy Junction Suite 626,Miami,FL,92072
A006971,C005554,Home,191 Schroeder Crest Apt. 799,Tampa,FL,55037
A006972,C005554,Mailing,2165 Leonard Brook,West Palm Beach,FL,34952
A006973,C005555,Home,93967 Cooley Gardens Apt. 744,Orlando,FL,98052
A006974,C005556,Home,92791 Patrick Squares,Tampa,FL,22336
A006975,C005556,Mailing,601 Wiggins Village Suite 122,Pembroke Pines,FL,19726
A006976,C005557,Home,28258 Clarence Ferry Suite 099,Sarasota,FL,93496
A006977,C005558,Home,42921 Robert Unions,Fort Lauderdale,FL,86262
A006978,C005558,Mailing,967 Dakota Ways,Boca Raton,FL,55286
A006979,C005559,Home,887 Wong Loop Apt. 861,West Palm Beach,FL,50374
A006980,C005560,Home,132 Baker Crossroad Apt. 490,Davie,FL,34403
A006981,C005561,Home,7473 Alison Mission Suite 386,Davie,FL,20493
A006982,C005561,Mailing,51853 Kristopher Club,Pembroke Pines,FL,79675
A006983,C005562,Home,322 Hunter Gardens Apt. 550,Sarasota,FL,53593
A006984,C005563,Home,7175 Russell Locks,West Palm Beach,FL,61255
A006985,C005564,Home,8172 Garcia Road Suite 094,Hollywood,FL,77848
A006986,C005564,Mailing,6118 Alicia Course Apt. 535,Tampa,FL,49571
A006987,C005565,Home,615 French Spur,West Palm Beach,FL,45182
A006988,C005566,Home,80335 Karen Spring Suite 576,Miami,FL,09586
A006989,C005567,Home,6080 John Falls Suite 893,Gainesville,FL,32641
A006990,C005567,Mailing,555 Oconnor Skyway,Tampa,FL,49446
A006991,C005568,Home,6875 Richard Green Apt. 897,West Palm Beach,FL,81718
A006992,C005569,Home,64557 Larson Freeway Suite 324,Hollywood,FL,48908
A006993,C005570,Home,7305 Taylor Manor Apt. 104,West Palm Beach,FL,60621
A006994,C005570,Mailing,160 Paul Roads,Tampa,FL,03508
A006995,C005571,Home,3619 William Drive Apt. 950,Miami,FL,42828
A006996,C005571,Mailing,859 Katrina Landing,Davie,FL,04333
A006997,C005572,Home,54323 Daniels Mountains,Boca Raton,FL,71314
A006998,C005572,Mailing,3575 Campbell Rapids Apt. 355,Davie,FL,66765
A006999,C005573,Home,529 Jessica Mountains,Miami,FL,94740
A007000,C005573,Mailing,676 Jose Prairie,Miami,FL,78714
A007001,C005574,Home,465 Paul Junction Apt. 937,Pembroke Pines,FL,22028
A007002,C005574,Mailing,86999 Deanna Bridge Suite 928,Davie,FL,71033
A007003,C005575,Home,814 Harmon Spurs,Sarasota,FL,27264
A007004,C005576,Home,43595 Mcmahon Forges Suite 607,Boca Raton,FL,58922
A007005,C005576,Mailing,1923 Shelley Camp Suite 452,Orlando,FL,01089
A007006,C005577,Home,4433 Cynthia Groves Suite 487,Tampa,FL,03065
A007007,C005577,Mailing,998 Kristen Loop,Gainesville,FL,81463
A007008,C005578,Home,1779 Cook Skyway,Coral Springs,FL,62937
A007009,C005579,Home,7232 Francis Valleys Suite 110,Orlando,FL,08812
A007010,C005579,Mailing,54923 Campbell Ferry Apt. 114,Miami,FL,52910
A007011,C005580,Home,7741 Melissa Plain,Sarasota,FL,11022
A007012,C005581,Home,572 Harris Falls Apt. 463,Pembroke Pines,FL,85717
A007013,C005582,Home,16339 Mclaughlin Way,Pembroke Pines,FL,90881
A007014,C005583,Home,4957 Hamilton Corners Apt. 463,Sarasota,FL,70229
A007015,C005583,Mailing,3082 Natalie Heights,Jacksonville,FL,09258
A007016,C005584,Home,930 Natasha Via,Jacksonville,FL,44387
A007017,C005584,Mailing,9053 Johnson Vista Suite 598,Miami,FL,32080
A007018,C005585,Home,2639 Smith Lodge Suite 395,Fort Lauderdale,FL,70477
A007019,C005586,Home,535 Massey Way Apt. 016,Tallahassee,FL,22299
A007020,C005587,Home,897 Weaver Mews,Hollywood,FL,08177
A007021,C005588,Home,3497 Gonzalez Springs,Coral Springs,FL,03257
A007022,C005589,Home,7838 Wolfe Vista,Sarasota,FL,66738
A007023,C005590,Home,625 Jessica Bridge Suite 281,Orlando,FL,66353
A007024,C005591,Home,8635 Brooke Squares Apt. 219,Coral Springs,FL,66815
A007025,C005592,Home,6415 Daniel Pass Suite 093,Davie,FL,45439
A007026,C005593,Home,501 Wong Ways Apt. 083,Tampa,FL,21123
A007027,C005594,Home,268 Buckley Canyon,Gainesville,FL,63998
A007028,C005595,Home,7596 Jackson Meadows,Boca Raton,FL,27743
A007029,C005596,Home,492 Amanda Centers,Tallahassee,FL,75862
A007030,C005597,Home,5710 Ramos Underpass,Hollywood,FL,56085
A007031,C005598,Home,89732 Michael Hollow Suite 172,Naples,FL,40061
A007032,C005599,Home,74609 Fletcher Crossroad,Fort Lauderdale,FL,76832
A007033,C005600,Home,6514 Miller Pine,Boca Raton,FL,24080
A007034,C005601,Home,017 Peck Brooks Apt. 113,Fort Lauderdale,FL,07437
A007035,C005601,Mailing,1811 Castro Mews Apt. 779,Jacksonville,FL,59010
A007036,C005602,Home,4724 Lopez Center Suite 451,Miami,FL,66483
A007037,C005603,Home,392 Elizabeth Manors Suite 501,Tallahassee,FL,40008
A007038,C005604,Home,70044 Riley Greens Suite 559,Boca Raton,FL,38764
A007039,C005605,Home,9252 Richard Trail Suite 627,Tallahassee,FL,34654
A007040,C005605,Mailing,27470 Brown Vista Suite 936,Boca Raton,FL,43259
A007041,C005606,Home,65800 Ross Mountains,Pembroke Pines,FL,82391
A007042,C005607,Home,63358 Yolanda Oval Suite 167,Sarasota,FL,69676
A007043,C005608,Home,1827 Chambers Lake Apt. 047,Hollywood,FL,86025
A007044,C005609,Home,4036 Cortez Lock Suite 159,Tallahassee,FL,03800
A007045,C005610,Home,726 Gray Spurs Apt. 803,Miami,FL,41942
A007046,C005610,Mailing,293 Phillips Terrace Apt. 571,Miami,FL,22243
A007047,C005611,Home,16013 Courtney Camp,Jacksonville,FL,90758
A007048,C005612,Home,2616 Atkins Villages,Hollywood,FL,54663
A007049,C005612,Mailing,26455 Taylor Pines Suite 798,Fort Lauderdale,FL,81547
A007050,C005613,Home,264 Angela Overpass Suite 826,Miami,FL,57195
A007051,C005614,Home,40208 York Burgs,Jacksonville,FL,45233
A007052,C005615,Home,434 Allison Inlet,Miami,FL,32702
A007053,C005615,Mailing,3258 Brooks Bypass Apt. 983,Naples,FL,17399
A007054,C005616,Home,901 Phillips Courts,Sarasota,FL,55803
A007055,C005617,Home,575 David Extension Suite 677,Boca Raton,FL,23969
A007056,C005617,Mailing,58525 Norman Court,Gainesville,FL,92241
A007057,C005618,Home,55669 Dennis Extension Apt. 006,Gainesville,FL,31581
A007058,C005619,Home,96986 Alvarado Shores,Naples,FL,83101
A007059,C005619,Mailing,637 Arnold Court Apt. 569,West Palm Beach,FL,88593
A007060,C005620,Home,6396 Ashley Place,Tallahassee,FL,83126
A007061,C005621,Home,2176 Little Inlet,Naples,FL,39527
A007062,C005622,Home,1057 Schultz Lock,Tampa,FL,08578
A007063,C005623,Home,4222 Julie Meadows Apt. 127,Coral Springs,FL,83492
A007064,C005624,Home,6094 Perez Dam,Pembroke Pines,FL,15491
A007065,C005625,Home,6065 Cook Shoal Apt. 354,Davie,FL,62738
A007066,C005626,Home,16739 Ramirez Underpass,Gainesville,FL,02440
A007067,C005626,Mailing,980 David Lock Apt. 226,Boca Raton,FL,23170
A007068,C005627,Home,00237 Daniel Flat,Fort Lauderdale,FL,61273
A007069,C005628,Home,8527 Berry Burgs,Coral Springs,FL,78399
A007070,C005629,Home,393 Brianna Drive Suite 083,Miami,FL,66037
A007071,C005630,Home,4454 Castillo Shoal,Boca Raton,FL,22861
A007072,C005631,Home,6427 Martinez Common,West Palm Beach,FL,28321
A007073,C005632,Home,38698 Brendan Crossroad,Pembroke Pines,FL,41524
A007074,C005633,Home,836 Cook Rapid,Boca Raton,FL,36629
A007075,C005634,Home,54831 Rachel Trail,West Palm Beach,FL,14324
A007076,C005635,Home,192 Matthew Lodge Apt. 092,Fort Lauderdale,FL,24642
A007077,C005636,Home,0481 Cameron Corner Suite 645,Davie,FL,83224
A007078,C005636,Mailing,2637 Owens Stravenue Apt. 143,Pembroke Pines,FL,13381
A007079,C005637,Home,121 William Estate Apt. 297,Tallahassee,FL,25908
A007080,C005638,Home,247 Newman Crossroad Suite 548,Fort Lauderdale,FL,05445
A007081,C005639,Home,72286 Melvin Parkways,West Palm Beach,FL,61268
A007082,C005640,Home,778 Baird Burg,Pembroke Pines,FL,96820
A007083,C005641,Home,5704 Amanda Inlet Apt. 055,Tallahassee,FL,43647
A007084,C005642,Home,397 Isabel Creek Suite 680,Fort Lauderdale,FL,28904
A007085,C005643,Home,2146 Taylor Crossing,Miami,FL,92130
A007086,C005643,Mailing,5912 Medina Street Suite 010,Jacksonville,FL,33040
A007087,C005644,Home,79037 Hernandez Cliff Apt. 609,Miami,FL,61115
A007088,C005645,Home,208 Turner Views Apt. 002,Boca Raton,FL,55090
A007089,C005645,Mailing,133 Ford Centers,Gainesville,FL,19498
A007090,C005646,Home,276 Alyssa Plaza,Miami,FL,37795
A007091,C005646,Mailing,726 Holly Mount Apt. 903,Davie,FL,82966
A007092,C005647,Home,216 Kimberly Viaduct Apt. 445,Sarasota,FL,34464
A007093,C005648,Home,954 Dixon Pine Suite 310,Sarasota,FL,66581
A007094,C005649,Home,01274 Mathews Mountains Suite 484,Boca Raton,FL,42979
A007095,C005650,Home,01976 Steven Viaduct Apt. 507,Gainesville,FL,67791
A007096,C005651,Home,208 Nathan Walks,Jacksonville,FL,02244
A007097,C005652,Home,57214 Johnson Vista Apt. 999,Boca Raton,FL,80596
A007098,C005653,Home,8015 Lee Springs,Tallahassee,FL,28965
A007099,C005653,Mailing,15131 Campbell Square Suite 350,Hollywood,FL,05814
A007100,C005654,Home,403 Kim Roads Apt. 214,Naples,FL,46777
A007101,C005654,Mailing,4508 Henry Plaza Apt. 128,Tallahassee,FL,73985
A007102,C005655,Home,00223 Robinson Mountains,Miami,FL,18763
A007103,C005656,Home,36559 Holloway Mountain Suite 015,West Palm Beach,FL,23686
A007104,C005657,Home,1735 Hahn Canyon Apt. 576,Orlando,FL,84158
A007105,C005658,Home,6530 Marissa Club,Pembroke Pines,FL,78245
A007106,C005659,Home,782 Julie Gateway,Coral Springs,FL,02182
A007107,C005659,Mailing,68474 Hall Street Apt. 947,Pembroke Pines,FL,03585
A007108,C005660,Home,53114 Sarah Shoals,Orlando,FL,70347
A007109,C005661,Home,4536 Jeremy Row Suite 687,Naples,FL,31197
A007110,C005661,Mailing,4226 Williams Cliffs,Davie,FL,72840
A007111,C005662,Home,504 Michelle Stravenue Suite 724,Jacksonville,FL,91499
A007112,C005662,Mailing,9385 Cruz Station,Orlando,FL,04993
A007113,C005663,Home,26384 Johnson Corners,Tampa,FL,54382
A007114,C005664,Home,02030 Anderson Forks Apt. 668,Orlando,FL,73596
A007115,C005665,Home,4577 Snyder Greens,Tallahassee,FL,39842
A007116,C005665,Mailing,04084 Shannon Shore,Orlando,FL,47349
A007117,C005666,Home,449 Samantha Center,Tampa,FL,25435
A007118,C005667,Home,0326 Sara Isle Apt. 436,Davie,FL,91463
A007119,C005668,Home,0390 Davis Stream Apt. 379,Coral Springs,FL,37891
A007120,C005668,Mailing,4916 Matthew Tunnel,Boca Raton,FL,98563
A007121,C005669,Home,989 Sarah Ranch Apt. 401,Davie,FL,42307
A007122,C005670,Home,224 Miller Parkways Apt. 190,Boca Raton,FL,30944
A007123,C005671,Home,11001 Mary Squares Suite 935,Miami,FL,90779
A007124,C005672,Home,30926 Russell Centers Apt. 629,Gainesville,FL,76463
A007125,C005673,Home,490 Tracy Key,Hollywood,FL,07547
A007126,C005674,Home,28059 Romero Vista,Boca Raton,FL,02216
A007127,C005675,Home,99369 Allison Stravenue Suite 814,Hollywood,FL,72335
A007128,C005676,Home,38047 Stanley Creek Apt. 691,Davie,FL,92138
A007129,C005676,Mailing,523 Fletcher Bypass,West Palm Beach,FL,96533
A007130,C005677,Home,93707 Angel Cliffs,Fort Lauderdale,FL,56551
A007131,C005678,Home,1398 Jill Freeway Apt. 942,Gainesville,FL,91482
A007132,C005679,Home,048 Romero Locks,Gainesville,FL,87212
A007133,C005680,Home,30944 Matthew Burgs,Boca Raton,FL,36710
A007134,C005680,Mailing,08264 Bush Village,Davie,FL,96070
A007135,C005681,Home,6086 Brittany Square Suite 181,West Palm Beach,FL,87938
A007136,C005682,Home,34103 Cherry Squares Apt. 885,Fort Lauderdale,FL,82724
A007137,C005683,Home,3133 Jennifer Underpass Suite 199,Tallahassee,FL,99630
A007138,C005684,Home,683 Ball Plains,Gainesville,FL,57145
A007139,C005685,Home,495 Francis Vista,Boca Raton,FL,50370
A007140,C005686,Home,0565 Munoz Burgs,Hollywood,FL,80490
A007141,C005687,Home,48790 Cordova Ridges Apt. 621,Jacksonville,FL,14936
A007142,C005688,Home,565 Norris Throughway,Coral Springs,FL,61419
A007143,C005689,Home,8853 Flores Rest Apt. 366,Fort Lauderdale,FL,25696
A007144,C005689,Mailing,91857 Hernandez Stravenue Apt. 900,Sarasota,FL,04629
A007145,C005690,Home,187 Moore Parks Suite 831,Tampa,FL,51461
A007146,C005691,Home,175 Maureen Forest,Gainesville,FL,82574
A007147,C005691,Mailing,51377 Lopez Greens,West Palm Beach,FL,37115
A007148,C005692,Home,462 Julie Well Apt. 869,Naples,FL,26413
A007149,C005693,Home,04415 Julie Ville Apt. 664,Coral Springs,FL,88715
A007150,C005694,Home,0207 George Parkways Apt. 587,Naples,FL,63025
A007151,C005695,Home,9346 Phillips Well,Coral Springs,FL,05160
A007152,C005696,Home,92928 Adams Extension Apt. 230,Sarasota,FL,25957
A007153,C005696,Mailing,50176 Ramirez Walk,Hollywood,FL,44916
A007154,C005697,Home,799 Fritz Neck,Jacksonville,FL,25930
A007155,C005698,Home,860 Lisa Trail,Davie,FL,51844
A007156,C005698,Mailing,780 Crawford Landing,Miami,FL,54636
A007157,C005699,Home,5216 Cuevas Fork,Miami,FL,03547
A007158,C005700,Home,18890 Ortega Lodge,Hollywood,FL,33425
A007159,C005701,Home,094 Carolyn Drives Apt. 615,Fort Lauderdale,FL,33839
A007160,C005702,Home,1450 Calvin Hills Apt. 628,West Palm Beach,FL,44601
A007161,C005703,Home,6733 Phillip Viaduct Suite 707,Tampa,FL,17851
A007162,C005704,Home,589 Harding Landing Suite 943,Davie,FL,99797
A007163,C005704,Mailing,68864 Raymond Mountain Suite 343,Fort Lauderdale,FL,10101
A007164,C005705,Home,956 George Unions Apt. 872,Tallahassee,FL,35185
A007165,C005706,Home,9320 Jorge Camp,Tallahassee,FL,83243
A007166,C005707,Home,955 Maldonado Station,Orlando,FL,14468
A007167,C005708,Home,6580 Allen Shoal Apt. 626,Pembroke Pines,FL,48177
A007168,C005708,Mailing,04825 Anthony Villages,Gainesville,FL,33096
A007169,C005709,Home,689 Rivera Oval Suite 014,Sarasota,FL,90214
A007170,C005710,Home,9670 King Freeway Apt. 674,Fort Lauderdale,FL,37961
A007171,C005710,Mailing,1893 Rachael Isle Apt. 997,Fort Lauderdale,FL,96950
A007172,C005711,Home,10329 Vincent Dale Apt. 499,Naples,FL,76743
A007173,C005712,Home,2790 Brown Courts Suite 788,Coral Springs,FL,27666
A007174,C005713,Home,72270 Yolanda Via,Tallahassee,FL,94497
A007175,C005714,Home,13105 Steven Meadow,Tallahassee,FL,87512
A007176,C005715,Home,660 Baldwin Station Apt. 051,Pembroke Pines,FL,08693
A007177,C005716,Home,4335 Cody Neck Apt. 774,Jacksonville,FL,15661
A007178,C005717,Home,259 Turner Isle,Jacksonville,FL,81509
A007179,C005718,Home,7933 John Greens Suite 420,Hollywood,FL,72284
A007180,C005719,Home,1756 Lloyd Road Suite 611,Coral Springs,FL,04523
A007181,C005720,Home,731 Thomas Mountains,Jacksonville,FL,14682
A007182,C005721,Home,73792 Yoder Stream,West Palm Beach,FL,58606
A007183,C005722,Home,3133 Smith Dam Suite 512,Fort Lauderdale,FL,88528
A007184,C005723,Home,307 Douglas Flats,Orlando,FL,74398
A007185,C005724,Home,784 Rojas Brook Apt. 174,Miami,FL,80792
A007186,C005725,Home,17263 Alexandra Underpass,Fort Lauderdale,FL,07920
A007187,C005725,Mailing,8521 Jacob Trail,West Palm Beach,FL,90842
A007188,C005726,Home,165 Wilson Springs,Jacksonville,FL,57977
A007189,C005727,Home,0299 Ryan Stream Suite 129,Tampa,FL,04732
A007190,C005728,Home,04613 Patel Knolls,Fort Lauderdale,FL,13192
A007191,C005729,Home,3178 Reeves Junctions,Davie,FL,41616
A007192,C005729,Mailing,88486 Nelson Divide,Coral Springs,FL,10639
A007193,C005730,Home,950 Parker Bypass Apt. 661,Jacksonville,FL,67280
A007194,C005731,Home,546 Heather Street,Hollywood,FL,17951
A007195,C005732,Home,472 Sean Wall,Jacksonville,FL,92218
A007196,C005732,Mailing,1159 Craig Lakes,Jacksonville,FL,17844
A007197,C005733,Home,50186 Brown Haven Apt. 068,Fort Lauderdale,FL,53337
A007198,C005733,Mailing,6111 Jackson Meadows,Sarasota,FL,74219
A007199,C005734,Home,136 Mccarthy Falls Suite 934,Sarasota,FL,62546
A007200,C005735,Home,763 Vanessa Turnpike Apt. 084,Hollywood,FL,80213
A007201,C005736,Home,473 Robert Parkways,West Palm Beach,FL,26145
A007202,C005737,Home,6031 Harry Avenue,Fort Lauderdale,FL,08622
A007203,C005738,Home,942 Joseph Course Suite 120,Boca Raton,FL,61619
A007204,C005739,Home,04200 Cooke Garden,Tallahassee,FL,77465
A007205,C005740,Home,64681 Hansen Point,Boca Raton,FL,68206
A007206,C005741,Home,436 Mary Tunnel Apt. 208,Miami,FL,61392
A007207,C005742,Home,592 Suzanne Isle,Tallahassee,FL,91077
A007208,C005742,Mailing,71204 Lori Station,Davie,FL,74721
A007209,C005743,Home,773 Tricia Views,Orlando,FL,89720
A007210,C005744,Home,7831 Julie Meadow Suite 736,Sarasota,FL,24381
A007211,C005745,Home,80413 Tina Shore,Miami,FL,77628
A007212,C005746,Home,758 Carr Run,Boca Raton,FL,03887
A007213,C005746,Mailing,70018 Nicholas Park Suite 750,Fort Lauderdale,FL,34618
A007214,C005747,Home,145 Todd Greens Apt. 048,Orlando,FL,63329
A007215,C005747,Mailing,671 Lee Turnpike Apt. 688,Jacksonville,FL,08109
A007216,C005748,Home,40864 Norman Neck Apt. 173,West Palm Beach,FL,90915
A007217,C005749,Home,953 Barton Road Apt. 945,Fort Lauderdale,FL,36909
A007218,C005749,Mailing,357 Wright Rapids,Coral Springs,FL,66336
A007219,C005750,Home,762 Anna Mountains,Tallahassee,FL,50909
A007220,C005751,Home,559 Nash Passage Apt. 822,Gainesville,FL,76939
A007221,C005751,Mailing,14283 Brennan Points,West Palm Beach,FL,68182
A007222,C005752,Home,812 Hatfield Trace,Hollywood,FL,07665
A007223,C005753,Home,6373 Thompson Passage Apt. 257,Davie,FL,30134
A007224,C005754,Home,813 Sherman Islands Apt. 851,Boca Raton,FL,56511
A007225,C005755,Home,91779 Smith Manor Suite 597,Naples,FL,23957
A007226,C005756,Home,526 Marquez Glen,Tallahassee,FL,12479
A007227,C005757,Home,00537 Myers Ways Apt. 088,Gainesville,FL,61132
A007228,C005757,Mailing,696 Martin Neck Suite 820,West Palm Beach,FL,96100
A007229,C005758,Home,09286 Cox Isle Apt. 333,Orlando,FL,81427
A007230,C005758,Mailing,46772 Mcconnell Street Suite 955,Pembroke Pines,FL,17793
A007231,C005759,Home,39774 Alicia Drive,Miami,FL,54446
A007232,C005759,Mailing,408 Joshua Club Apt. 756,Sarasota,FL,23784
A007233,C005760,Home,478 Lewis Cape Suite 250,Boca Raton,FL,57151
A007234,C005760,Mailing,28179 Parrish Corner,West Palm Beach,FL,42677
A007235,C005761,Home,57974 Thompson Drive Apt. 413,Tampa,FL,29259
A007236,C005762,Home,07069 Walton Hills,Hollywood,FL,77198
A007237,C005762,Mailing,5160 Walker River,Sarasota,FL,33566
A007238,C005763,Home,90881 Larson Manors,Naples,FL,34699
A007239,C005764,Home,5090 Nguyen Drive,Tallahassee,FL,61707
A007240,C005765,Home,18491 Michael Freeway,Orlando,FL,51070
A007241,C005766,Home,549 Simpson Trafficway Apt. 396,Tampa,FL,94214
A007242,C005767,Home,14496 Ramos Hollow Suite 508,West Palm Beach,FL,40209
A007243,C005768,Home,049 Ashley Springs,Sarasota,FL,14084
A007244,C005769,Home,646 Dawn Mall,Naples,FL,79938
A007245,C005769,Mailing,12010 Dustin Islands Apt. 515,Coral Springs,FL,87979
A007246,C005770,Home,7636 Heather Bypass,Tallahassee,FL,69511
A007247,C005771,Home,86764 Matthew Dale,Boca Raton,FL,58959
A007248,C005772,Home,4891 Ward Fords Suite 109,Jacksonville,FL,21450
A007249,C005773,Home,5608 Mark Village Suite 440,Tampa,FL,27917
A007250,C005774,Home,59186 Ashley Isle,Orlando,FL,65609
A007251,C005775,Home,7219 Riley Meadows,Boca Raton,FL,41982
A007252,C005775,Mailing,060 Thomas Crescent,Coral Springs,FL,07644
A007253,C005776,Home,92225 Paula Street Apt. 121,Miami,FL,59580
A007254,C005777,Home,35239 Eddie Viaduct Apt. 982,Sarasota,FL,53153
A007255,C005777,Mailing,6568 Blake Village Suite 911,West Palm Beach,FL,66891
A007256,C005778,Home,47409 Bradley Valley Suite 740,Tampa,FL,15665
A007257,C005779,Home,46131 Bethany Crest,Coral Springs,FL,95183
A007258,C005780,Home,7609 Robert Loaf Apt. 070,Tampa,FL,68186
A007259,C005781,Home,39242 Cynthia Trail,Coral Springs,FL,10388
A007260,C005782,Home,81932 Dana Ridges,Naples,FL,01627
A007261,C005783,Home,590 Sarah Key Apt. 171,West Palm Beach,FL,55555
A007262,C005784,Home,9774 Jones Brooks Suite 440,Sarasota,FL,44452
A007263,C005785,Home,72323 Michelle Green Suite 243,Tampa,FL,47122
A007264,C005786,Home,74573 Lester Ports Suite 823,Tampa,FL,23297
A007265,C005786,Mailing,5244 Phillips Court,Sarasota,FL,86957
A007266,C005787,Home,4061 Mays Forest Apt. 726,Gainesville,FL,28611
A007267,C005788,Home,182 Castillo Manor Suite 947,Tampa,FL,44168
A007268,C005788,Mailing,5999 Fuller Row,Orlando,FL,84628
A007269,C005789,Home,26715 Allison Land,Sarasota,FL,47406
A007270,C005790,Home,54011 Grace Locks,Orlando,FL,25596
A007271,C005791,Home,86243 Young Lane,Pembroke Pines,FL,70831
A007272,C005792,Home,1663 Beverly Rest Apt. 201,Miami,FL,33803
A007273,C005793,Home,2865 Nelson Cove,Tallahassee,FL,26100
A007274,C005794,Home,1216 Small Plains,Sarasota,FL,04962
A007275,C005795,Home,615 Lawrence Mews,West Palm Beach,FL,94461
A007276,C005796,Home,2990 Garcia Oval,Hollywood,FL,64974
A007277,C005796,Mailing,2518 Newman Springs,Hollywood,FL,53303
A007278,C005797,Home,55615 Crystal Squares,Hollywood,FL,08598
A007279,C005798,Home,77572 Evan Trace Apt. 335,Coral Springs,FL,72566
A007280,C005799,Home,3126 Bennett Meadows Suite 092,Coral Springs,FL,03844
A007281,C005800,Home,714 Flores Lodge,Davie,FL,57776
A007282,C005800,Mailing,14169 Joseph Island,Davie,FL,92084
A007283,C005801,Home,99032 Gabrielle Loop,Jacksonville,FL,96290
A007284,C005801,Mailing,199 Kelly Meadow,Fort Lauderdale,FL,69667
A007285,C005802,Home,72888 Gomez Pike,Pembroke Pines,FL,16838
A007286,C005803,Home,481 Mullins River,Coral Springs,FL,08008
A007287,C005804,Home,226 Weeks Locks Apt. 594,Boca Raton,FL,52082
A007288,C005804,Mailing,1619 Christy Turnpike,Pembroke Pines,FL,46139
A007289,C005805,Home,096 Timothy Plains Apt. 340,Orlando,FL,23949
A007290,C005805,Mailing,9127 Tonya Crescent,Coral Springs,FL,94711
A007291,C005806,Home,682 Elizabeth Run,Sarasota,FL,76532
A007292,C005806,Mailing,29993 Richards Road Apt. 491,Gainesville,FL,42246
A007293,C005807,Home,04512 Mcneil Haven Apt. 805,Tampa,FL,25210
A007294,C005808,Home,61951 Lopez Trace Suite 217,Tampa,FL,74388
A007295,C005809,Home,51430 Edwards Points,Pembroke Pines,FL,18308
A007296,C005809,Mailing,31196 Stephens Island Apt. 292,Naples,FL,40472
A007297,C005810,Home,68818 Kathleen Island,West Palm Beach,FL,38218
A007298,C005810,Mailing,87924 Timothy Villages,Naples,FL,14974
A007299,C005811,Home,78577 Jon Views Apt. 088,Miami,FL,18063
A007300,C005812,Home,393 Reynolds Station,Coral Springs,FL,31138
A007301,C005813,Home,62720 Mann Plain Suite 784,Tallahassee,FL,70924
A007302,C005814,Home,0795 Barnes Port,Jacksonville,FL,51353
A007303,C005815,Home,22140 Daugherty Streets,Davie,FL,74565
A007304,C005816,Home,18876 Grant Crescent Suite 572,Orlando,FL,74137
A007305,C005816,Mailing,67242 Elizabeth Creek Suite 427,Miami,FL,07831
A007306,C005817,Home,959 Joseph Mountains Apt. 930,Tallahassee,FL,33997
A007307,C005818,Home,25414 Alicia Spur Suite 975,Boca Raton,FL,97716
A007308,C005818,Mailing,6720 Brittney Station,Fort Lauderdale,FL,07482
A007309,C005819,Home,283 Arthur Tunnel Apt. 874,Boca Raton,FL,35932
A007310,C005819,Mailing,44554 Douglas Turnpike,Pembroke Pines,FL,64702
A007311,C005820,Home,3802 Jonathan Garden Apt. 706,Naples,FL,81410
A007312,C005820,Mailing,76649 Gary Pines,Coral Springs,FL,99307
A007313,C005821,Home,71511 Kathryn Common Apt. 388,West Palm Beach,FL,01208
A007314,C005822,Home,951 Perry Burgs Apt. 688,Miami,FL,97395
A007315,C005823,Home,479 Jennifer Viaduct,Jacksonville,FL,78023
A007316,C005824,Home,080 Jacob Fork,Coral Springs,FL,80727
A007317,C005825,Home,59946 Cordova Center,West Palm Beach,FL,73937
A007318,C005825,Mailing,47182 Nguyen Stravenue Apt. 865,Davie,FL,19351
A007319,C005826,Home,1788 Shepherd Locks Apt. 966,Tallahassee,FL,96427
A007320,C005827,Home,88174 Massey Pines,Sarasota,FL,98636
A007321,C005827,Mailing,6227 Joshua Camp Suite 036,Pembroke Pines,FL,19846
A007322,C005828,Home,02698 Dixon Key Suite 984,Hollywood,FL,51071
A007323,C005829,Home,00294 Jeffrey Club,Fort Lauderdale,FL,87755
A007324,C005830,Home,15319 Erin Drives,Jacksonville,FL,84449
A007325,C005830,Mailing,36632 Joshua Skyway Apt. 918,Boca Raton,FL,10680
A007326,C005831,Home,5444 Kevin Extensions,West Palm Beach,FL,03873
A007327,C005832,Home,7896 Pierce Street Suite 141,Coral Springs,FL,89831
A007328,C005833,Home,739 Salazar Land Apt. 890,Coral Springs,FL,31988
A007329,C005834,Home,380 Miranda Courts,Tallahassee,FL,26161
A007330,C005835,Home,2140 Angela Trail Suite 863,Fort Lauderdale,FL,29032
A007331,C005836,Home,1427 Brennan Road Apt. 009,Sarasota,FL,38293
A007332,C005837,Home,741 Thomas Route,Sarasota,FL,98017
A007333,C005838,Home,9448 Cathy Mountain,Miami,FL,61512
A007334,C005839,Home,09255 Kennedy Fields,Boca Raton,FL,62138
A007335,C005840,Home,7657 Archer Radial Apt. 280,Sarasota,FL,10277
A007336,C005840,Mailing,306 Garcia Union Apt. 097,Hollywood,FL,47031
A007337,C005841,Home,46168 Horne Landing,Gainesville,FL,75703
A007338,C005842,Home,0983 Robert Drive,Jacksonville,FL,64685
A007339,C005842,Mailing,021 Michael Freeway Apt. 835,Pembroke Pines,FL,69631
A007340,C005843,Home,26236 Audrey Cape,Orlando,FL,67798
A007341,C005844,Home,07818 Maria Ramp,Coral Springs,FL,62865
A007342,C005845,Home,58159 Stephanie Lane,Coral Springs,FL,76231
A007343,C005846,Home,36592 Amy Lakes Apt. 005,Pembroke Pines,FL,18283
A007344,C005847,Home,152 Scott Fort Apt. 377,Orlando,FL,65958
A007345,C005848,Home,180 Johnson Mill Suite 067,West Palm Beach,FL,28565
A007346,C005849,Home,728 Reyes Drive,Tampa,FL,34304
A007347,C005850,Home,35534 Kim Ranch,Tallahassee,FL,06931
A007348,C005851,Home,067 Matthews Corner Apt. 400,Tampa,FL,66970
A007349,C005852,Home,446 Joel Loop,Gainesville,FL,58015
A007350,C005853,Home,08288 Lisa Row,Coral Springs,FL,67374
A007351,C005853,Mailing,53400 Mathew Fork,Fort Lauderdale,FL,15418
A007352,C005854,Home,3757 Matthew Terrace Suite 744,Naples,FL,19458
A007353,C005855,Home,421 Dixon Estate,Davie,FL,14879
A007354,C005855,Mailing,11593 David Springs Apt. 330,Miami,FL,34729
A007355,C005856,Home,28421 Snyder Springs Apt. 734,Sarasota,FL,09788
A007356,C005857,Home,1670 Hoffman Harbors Suite 416,Tampa,FL,19863
A007357,C005858,Home,7736 Rivera Lock Apt. 803,Hollywood,FL,05272
A007358,C005859,Home,0881 Gonzalez Mills,Miami,FL,61783
A007359,C005860,Home,7200 Frazier Park,Fort Lauderdale,FL,39454
A007360,C005861,Home,67433 Bartlett Turnpike,West Palm Beach,FL,50387
A007361,C005862,Home,08327 Roach Way Suite 454,Hollywood,FL,06133
A007362,C005863,Home,848 Scott Ways Apt. 679,Tampa,FL,17460
A007363,C005863,Mailing,1000 Jennifer Mews,Davie,FL,33655
A007364,C005864,Home,162 Martinez Greens Apt. 650,Tallahassee,FL,58539
A007365,C005865,Home,03245 Vega Burg Apt. 151,Jacksonville,FL,94339
A007366,C005865,Mailing,05429 Kayla Land,Boca Raton,FL,24309
A007367,C005866,Home,6975 Baker Pike,Boca Raton,FL,09032
A007368,C005867,Home,0627 Rose Mews,Hollywood,FL,05321
A007369,C005868,Home,8292 Stewart Hills,Miami,FL,61306
A007370,C005869,Home,89468 Eric Rapids Apt. 673,Fort Lauderdale,FL,32929
A007371,C005870,Home,70711 Hernandez Ports,Coral Springs,FL,35849
A007372,C005871,Home,4740 Marie Burgs,Davie,FL,23667
A007373,C005872,Home,3941 Newman Points Apt. 296,Fort Lauderdale,FL,89909
A007374,C005873,Home,90151 Conley Island,Orlando,FL,95589
A007375,C005874,Home,030 Fox Villages,Davie,FL,92679
A007376,C005875,Home,56976 Carly Landing Apt. 929,Jacksonville,FL,99629
A007377,C005875,Mailing,2483 William Mews,Boca Raton,FL,50712
A007378,C005876,Home,6744 Day Club,Tampa,FL,13452
A007379,C005877,Home,3646 Garcia Ports Apt. 170,Davie,FL,71797
A007380,C005878,Home,0124 French Tunnel,Sarasota,FL,77934
A007381,C005879,Home,51074 Harvey Ford,Boca Raton,FL,51864
A007382,C005880,Home,6721 Jeremy Pine,Hollywood,FL,53889
A007383,C005881,Home,58863 Jill Parkways,Fort Lauderdale,FL,61132
A007384,C005882,Home,778 John Trail Suite 380,Boca Raton,FL,49765
A007385,C005883,Home,970 White Islands Suite 772,Boca Raton,FL,81207
A007386,C005884,Home,3968 Daniel Summit Suite 988,Pembroke Pines,FL,46434
A007387,C005884,Mailing,2462 Barnes Shoals Suite 141,Miami,FL,25782
A007388,C005885,Home,29518 Miller Camp,Tampa,FL,01778
A007389,C005886,Home,09827 Bradley Greens,Coral Springs,FL,97645
A007390,C005886,Mailing,10880 Reynolds Mission Suite 593,Gainesville,FL,31657
A007391,C005887,Home,167 Burnett Isle,Pembroke Pines,FL,80427
A007392,C005888,Home,0660 Jimmy Inlet,Miami,FL,72352
A007393,C005889,Home,633 Beasley Cove,Gainesville,FL,86148
A007394,C005890,Home,2575 Kevin Island Apt. 768,West Palm Beach,FL,25834
A007395,C005890,Mailing,564 Victoria Station Apt. 042,Sarasota,FL,79296
A007396,C005891,Home,0121 Odonnell Loop,Davie,FL,17209
A007397,C005892,Home,6795 Brown Passage,Coral Springs,FL,42299
A007398,C005892,Mailing,6996 Jamie Circles,Davie,FL,49779
A007399,C005893,Home,86908 Dawn Grove Apt. 191,Orlando,FL,32586
A007400,C005894,Home,8336 Alisha Course,Orlando,FL,41592
A007401,C005895,Home,105 Angela Curve,Sarasota,FL,67162
A007402,C005896,Home,95174 Tanya Rest,Boca Raton,FL,64266
A007403,C005897,Home,538 Ross Burgs,West Palm Beach,FL,78730
A007404,C005898,Home,18047 Shelton Fork,Orlando,FL,09511
A007405,C005899,Home,550 Williams Tunnel,Pembroke Pines,FL,64405
A007406,C005900,Home,2050 Taylor Fields,Naples,FL,15386
A007407,C005901,Home,60791 Brown Flats,Davie,FL,20440
A007408,C005901,Mailing,29530 Julie Vista Apt. 229,Pembroke Pines,FL,73225
A007409,C005902,Home,4786 Victor Ford Apt. 835,Fort Lauderdale,FL,72252
A007410,C005902,Mailing,9705 Martinez Estates,Pembroke Pines,FL,77651
A007411,C005903,Home,6722 Kevin Flats Apt. 986,Orlando,FL,12970
A007412,C005904,Home,72908 Dougherty Meadows,Tampa,FL,43230
A007413,C005904,Mailing,6576 Howell Creek Apt. 656,Tallahassee,FL,61646
A007414,C005905,Home,584 Mark Center,Davie,FL,32131
A007415,C005905,Mailing,06910 Deborah Centers,Tampa,FL,35421
A007416,C005906,Home,13118 Steven Road,Boca Raton,FL,42583
A007417,C005907,Home,218 Johnson Forest Apt. 660,Gainesville,FL,63513
A007418,C005908,Home,7808 Dawson Causeway Apt. 071,Pembroke Pines,FL,55402
A007419,C005908,Mailing,7029 Katie Oval Suite 886,Tampa,FL,63861
A007420,C005909,Home,88106 Anderson Crossing,Orlando,FL,63796
A007421,C005910,Home,459 Humphrey Island,Coral Springs,FL,58570
A007422,C005911,Home,578 Willie Street Suite 738,Orlando,FL,25168
A007423,C005912,Home,0530 Owens Locks Suite 100,Miami,FL,32013
A007424,C005913,Home,731 Patricia Expressway,Davie,FL,50674
A007425,C005914,Home,021 Susan Glens,Davie,FL,03927
A007426,C005915,Home,5206 Johnson Pines,Naples,FL,45313
A007427,C005916,Home,37900 Calderon Lakes Apt. 689,West Palm Beach,FL,41315
A007428,C005917,Home,183 Kimberly Crossroad Apt. 395,Jacksonville,FL,54144
A007429,C005917,Mailing,6222 Pamela Canyon Suite 632,Coral Springs,FL,45977
A007430,C005918,Home,03402 Nicholas Motorway Suite 409,Jacksonville,FL,51083
A007431,C005918,Mailing,931 Garcia Ville,Tampa,FL,68221
A007432,C005919,Home,36984 Fletcher Route,Gainesville,FL,16839
A007433,C005920,Home,812 Alexander Prairie,Coral Springs,FL,54011
A007434,C005920,Mailing,0653 Crystal Ford,Pembroke Pines,FL,91453
A007435,C005921,Home,68486 Thornton Mall,Sarasota,FL,14517
A007436,C005922,Home,3862 Amy Via Suite 327,Orlando,FL,35760
A007437,C005923,Home,89351 Obrien Grove Apt. 083,Jacksonville,FL,48302
A007438,C005924,Home,510 Ryan Turnpike,Jacksonville,FL,90434
A007439,C005925,Home,137 Lee Mountain,Fort Lauderdale,FL,67022
A007440,C005926,Home,1899 Ruiz Way,Pembroke Pines,FL,01732
A007441,C005927,Home,4932 Lauren Estate,Fort Lauderdale,FL,22736
A007442,C005928,Home,2716 Brian Street Apt. 461,Davie,FL,66973
A007443,C005929,Home,193 Mark Divide,Naples,FL,83662
A007444,C005930,Home,21897 Deleon Turnpike Suite 445,Jacksonville,FL,18398
A007445,C005930,Mailing,68346 Kayla Drive,West Palm Beach,FL,45513
A007446,C005931,Home,175 Mathis Gardens,Davie,FL,93895
A007447,C005932,Home,271 Roy Island,West Palm Beach,FL,40021
A007448,C005932,Mailing,24079 Olson Summit Suite 414,Pembroke Pines,FL,08334
A007449,C005933,Home,5670 Jasmin Branch Suite 229,Coral Springs,FL,71940
A007450,C005934,Home,473 Amy Prairie Suite 176,Miami,FL,32675
A007451,C005935,Home,77532 Tamara Place Suite 928,Hollywood,FL,13670
A007452,C005935,Mailing,976 Jennifer Throughway,Miami,FL,13748
A007453,C005936,Home,1675 Kramer Tunnel Apt. 763,Davie,FL,31673
A007454,C005937,Home,890 Rodriguez Mill,Jacksonville,FL,13618
A007455,C005938,Home,287 Rodriguez Spurs,Hollywood,FL,92073
A007456,C005939,Home,4315 Todd Pine Suite 054,Jacksonville,FL,29598
A007457,C005940,Home,48505 Hall Curve Suite 384,Miami,FL,03436
A007458,C005940,Mailing,040 Silva Center,Hollywood,FL,06681
A007459,C005941,Home,23372 Kevin Extensions Apt. 724,Tallahassee,FL,55752
A007460,C005942,Home,5674 Kimberly Forest Suite 108,West Palm Beach,FL,91627
A007461,C005943,Home,24346 Misty Valley,Tallahassee,FL,08761
A007462,C005944,Home,0212 Perry Meadow,Davie,FL,88648
A007463,C005945,Home,06165 Debra Stream,Sarasota,FL,16330
A007464,C005945,Mailing,4847 Russell Spurs,Hollywood,FL,28174
A007465,C005946,Home,1636 Audrey Haven,Hollywood,FL,41575
A007466,C005946,Mailing,77584 Kaufman Islands,Pembroke Pines,FL,57065
A007467,C005947,Home,014 Rogers Springs,Pembroke Pines,FL,30409
A007468,C005948,Home,48167 Grant Place,Gainesville,FL,67549
A007469,C005949,Home,856 Michelle Radial Suite 316,Pembroke Pines,FL,55738
A007470,C005950,Home,08056 Caldwell Lock Apt. 434,Orlando,FL,14006
A007471,C005951,Home,11781 Scott Prairie Suite 508,Jacksonville,FL,61177
A007472,C005952,Home,084 Nicholas Road,Jacksonville,FL,58898
A007473,C005952,Mailing,401 Jack Walks,West Palm Beach,FL,67277
A007474,C005953,Home,707 Matthew Island,Orlando,FL,96443
A007475,C005954,Home,9207 Phillip Drive Suite 321,Fort Lauderdale,FL,10757
A007476,C005954,Mailing,9067 Wade Keys Suite 639,Miami,FL,71584
A007477,C005955,Home,15051 Carlson Green Apt. 105,Fort Lauderdale,FL,92710
A007478,C005956,Home,83115 Edwards Road,Jacksonville,FL,08070
A007479,C005957,Home,8060 Jason Ville Suite 610,Pembroke Pines,FL,14369
A007480,C005958,Home,19374 Davis Summit,Davie,FL,45802
A007481,C005958,Mailing,792 Olivia Harbors Apt. 544,Miami,FL,98779
A007482,C005959,Home,9483 Jeffery Fields,Tampa,FL,80952
A007483,C005960,Home,6421 Jacob Square,Hollywood,FL,43514
A007484,C005961,Home,761 Anthony Springs,Tampa,FL,77915
A007485,C005962,Home,03695 Joseph Fields Apt. 816,Miami,FL,47340
A007486,C005963,Home,2642 Larson Village Apt. 143,Hollywood,FL,12340
A007487,C005963,Mailing,371 Gonzalez Manor,Orlando,FL,86091
A007488,C005964,Home,29815 Harrington Viaduct,Naples,FL,86914
A007489,C005965,Home,33807 Michael Crossing,Boca Raton,FL,48671
A007490,C005966,Home,876 Matthews Mill,Sarasota,FL,63995
A007491,C005967,Home,878 Michael Shoal Suite 536,Hollywood,FL,58544
A007492,C005967,Mailing,4315 Riley Villages Suite 238,West Palm Beach,FL,23516
A007493,C005968,Home,523 Becker Turnpike,Pembroke Pines,FL,02503
A007494,C005968,Mailing,426 Mercedes Roads Suite 821,Tampa,FL,21417
A007495,C005969,Home,609 Freeman Flats,Miami,FL,91942
A007496,C005969,Mailing,547 Bell Valleys,Fort Lauderdale,FL,89007
A007497,C005970,Home,218 Garcia River,Tampa,FL,29394
A007498,C005971,Home,4233 Cooper Inlet Suite 362,West Palm Beach,FL,25485
A007499,C005972,Home,40154 Smith Tunnel Suite 181,Davie,FL,49581
A007500,C005973,Home,79116 Angela Gardens Apt. 596,Hollywood,FL,24589
A007501,C005974,Home,55133 Belinda Row,Fort Lauderdale,FL,32182
A007502,C005975,Home,0844 Calhoun Harbor,Davie,FL,38535
A007503,C005976,Home,67651 Chambers Points,Hollywood,FL,22856
A007504,C005977,Home,29832 Franco Unions,Naples,FL,44985
A007505,C005978,Home,8050 Miller Square Apt. 043,Tampa,FL,07707
A007506,C005979,Home,3021 Sanchez Plaza,Pembroke Pines,FL,84305
A007507,C005980,Home,67193 Ashley Oval Suite 472,Sarasota,FL,87035
A007508,C005981,Home,247 Patrick Crossroad Apt. 336,Gainesville,FL,70725
A007509,C005981,Mailing,609 Townsend Rapids,Gainesville,FL,19276
A007510,C005982,Home,86619 Williamson Manor,Miami,FL,07306
A007511,C005983,Home,060 Barbara Crescent Apt. 972,Tampa,FL,32572
A007512,C005984,Home,931 Bennett Parkways,Miami,FL,50614
A007513,C005984,Mailing,4006 Carson Common,Coral Springs,FL,24770
A007514,C005985,Home,9000 Navarro Plaza,Miami,FL,64057
A007515,C005986,Home,96997 Howe Vista Apt. 954,Coral Springs,FL,07004
A007516,C005987,Home,4523 Walter Squares,Sarasota,FL,74776
A007517,C005988,Home,778 Miller Parkway Apt. 195,Coral Springs,FL,19963
A007518,C005989,Home,5738 Martinez Park,Davie,FL,12635
A007519,C005990,Home,74738 Jones Village,Tallahassee,FL,71955
A007520,C005991,Home,8335 Dunn Springs,Miami,FL,21198
A007521,C005992,Home,845 Gonzalez Ports,Fort Lauderdale,FL,97233
A007522,C005993,Home,110 Dixon Green Apt. 459,Fort Lauderdale,FL,23363
A007523,C005994,Home,756 Spencer Neck,Miami,FL,31388
A007524,C005995,Home,9252 Kenneth Circle,Pembroke Pines,FL,00992
A007525,C005995,Mailing,27422 Wilson Key,Jacksonville,FL,55609
A007526,C005996,Home,1831 Williams Unions,Pembroke Pines,FL,61318
A007527,C005997,Home,130 Jeffrey Highway,Davie,FL,28235
A007528,C005997,Mailing,639 Michelle Haven Suite 130,Gainesville,FL,92564
A007529,C005998,Home,59352 Jordan Dale Suite 152,Naples,FL,14712
A007530,C005999,Home,462 Jones Lane,Tallahassee,FL,49850
A007531,C005999,Mailing,7580 Anderson Trafficway Suite 591,Orlando,FL,55494
A007532,C006000,Home,12509 Stuart Mission Suite 806,Tampa,FL,31597
A007533,C006001,Home,302 Christopher Parkway Suite 093,Pembroke Pines,FL,28521
A007534,C006002,Home,92907 Ellen Pike Apt. 130,Tallahassee,FL,23931
A007535,C006003,Home,4823 Pamela Mills Suite 443,Hollywood,FL,11153
A007536,C006003,Mailing,670 Chavez Isle,West Palm Beach,FL,78462
A007537,C006004,Home,3525 Booker Crossing Suite 912,Coral Springs,FL,83626
A007538,C006004,Mailing,337 Jennifer Crossing,Sarasota,FL,83259
A007539,C006005,Home,6964 Stevens Fall,Boca Raton,FL,92732
A007540,C006006,Home,68352 Casey Motorway Suite 606,Tallahassee,FL,63912
A007541,C006006,Mailing,7476 Cheryl Plaza,Miami,FL,61797
A007542,C006007,Home,1791 Vaughn Roads,Hollywood,FL,10044
A007543,C006008,Home,59147 Lucas Ville,Boca Raton,FL,10388
A007544,C006009,Home,80985 Teresa Brooks Apt. 943,Coral Springs,FL,01558
A007545,C006010,Home,98966 James Freeway,Sarasota,FL,33456
A007546,C006011,Home,3698 Sharon Locks Apt. 666,Miami,FL,87227
A007547,C006012,Home,94318 Burns Cape Apt. 024,Pembroke Pines,FL,92177
A007548,C006012,Mailing,885 Hunt Fall Suite 036,Pembroke Pines,FL,61846
A007549,C006013,Home,279 Jenkins Mountains Apt. 193,Naples,FL,56318
A007550,C006014,Home,651 Jones Overpass Suite 541,Tampa,FL,02331
A007551,C006015,Home,609 Andrew Lock Apt. 971,Hollywood,FL,66174
A007552,C006016,Home,94692 Martin Unions Suite 199,Naples,FL,61035
A007553,C006017,Home,8382 Stephens Trail Apt. 431,Coral Springs,FL,82021
A007554,C006018,Home,982 Jose Crescent,Gainesville,FL,46288
A007555,C006019,Home,3966 Gonzales Roads,Naples,FL,59165
A007556,C006020,Home,4453 Elizabeth Lights,Tampa,FL,57747
A007557,C006021,Home,51864 Rebecca Springs Apt. 698,Pembroke Pines,FL,24819
A007558,C006022,Home,193 Cook Ferry Apt. 476,Jacksonville,FL,29121
A007559,C006023,Home,88956 Elizabeth Canyon Suite 699,Hollywood,FL,46687
A007560,C006024,Home,294 Margaret Cliff,Pembroke Pines,FL,49861
A007561,C006025,Home,8518 Barker Keys,Boca Raton,FL,33323
A007562,C006025,Mailing,645 Scott Islands,Tallahassee,FL,02660
A007563,C006026,Home,720 Carter Passage,Davie,FL,75446
A007564,C006027,Home,699 Wyatt Harbors Suite 211,West Palm Beach,FL,58339
A007565,C006028,Home,044 Johnson Mall Apt. 818,Coral Springs,FL,35492
A007566,C006029,Home,573 Samantha Way,Sarasota,FL,09181
A007567,C006030,Home,41193 Omar Roads Suite 695,Fort Lauderdale,FL,38589
A007568,C006031,Home,552 Randy Via,Hollywood,FL,20129
A007569,C006032,Home,829 Angela Greens,Sarasota,FL,14278
A007570,C006033,Home,805 Lauren Mountain Suite 584,Naples,FL,27696
A007571,C006034,Home,164 Haas Mountain,Coral Springs,FL,57148
A007572,C006035,Home,4296 William Cliff,Davie,FL,91775
A007573,C006036,Home,5443 Jeremy Bridge Apt. 820,Jacksonville,FL,51392
A007574,C006037,Home,74582 Harold Crossing Suite 287,Naples,FL,43167
A007575,C006037,Mailing,7482 Autumn Shores,Jacksonville,FL,28719
A007576,C006038,Home,61872 Little Inlet Apt. 363,West Palm Beach,FL,77003
A007577,C006039,Home,81542 Sylvia Shore,Tallahassee,FL,54655
A007578,C006040,Home,9725 Timothy Port Suite 850,Jacksonville,FL,21961
A007579,C006040,Mailing,7445 Morris Park,Coral Springs,FL,46450
A007580,C006041,Home,3578 Peterson Drive,Jacksonville,FL,50270
A007581,C006041,Mailing,2521 Webster Inlet Apt. 149,Davie,FL,05792
A007582,C006042,Home,9357 Martinez Place Suite 050,Miami,FL,58719
A007583,C006042,Mailing,460 Ward Lodge Apt. 993,Miami,FL,92845
A007584,C006043,Home,7544 Perez Underpass,Fort Lauderdale,FL,40518
A007585,C006044,Home,56799 Farrell Tunnel Suite 026,Tampa,FL,54004
A007586,C006045,Home,5270 Dunn Falls Suite 283,Boca Raton,FL,76807
A007587,C006046,Home,451 Chandler Garden Suite 947,Sarasota,FL,76766
A007588,C006047,Home,83052 Nichols Corner Suite 442,Jacksonville,FL,33206
A007589,C006048,Home,00856 Michelle Shore Suite 442,Miami,FL,45587
A007590,C006048,Mailing,193 Mcmillan Rapids Apt. 044,Davie,FL,50584
A007591,C006049,Home,4502 Jasmine Canyon Suite 261,Boca Raton,FL,09536
A007592,C006050,Home,0973 Mcdonald Points,Miami,FL,17911
A007593,C006051,Home,088 Danny Gardens Apt. 802,Hollywood,FL,74008
A007594,C006052,Home,080 Herrera Parks Apt. 086,Boca Raton,FL,31706
A007595,C006052,Mailing,76321 Nicole Ports,Davie,FL,50471
A007596,C006053,Home,720 Clements Ramp Apt. 605,Davie,FL,87430
A007597,C006053,Mailing,202 Hicks Pine Suite 153,Tallahassee,FL,56813
A007598,C006054,Home,51624 Gardner Isle Apt. 002,Davie,FL,03154
A007599,C006055,Home,54512 Banks Inlet,Coral Springs,FL,24518
A007600,C006055,Mailing,280 Elizabeth Alley,Coral Springs,FL,62499
A007601,C006056,Home,0346 Williams Freeway Apt. 416,Fort Lauderdale,FL,24540
A007602,C006057,Home,1149 Sanchez Valley,Tampa,FL,28455
A007603,C006058,Home,60684 Elizabeth Pass Apt. 874,Boca Raton,FL,00620
A007604,C006058,Mailing,275 Gregory Pines Suite 045,Fort Lauderdale,FL,54823
A007605,C006059,Home,464 Jackson Rest Apt. 831,Naples,FL,74987
A007606,C006060,Home,3290 Johnny Terrace,Davie,FL,03656
A007607,C006061,Home,549 Patricia Unions,Miami,FL,95906
A007608,C006062,Home,12291 Meredith River,Jacksonville,FL,58052
A007609,C006063,Home,483 Anita Forks Apt. 303,Jacksonville,FL,77589
A007610,C006063,Mailing,0550 Sawyer Ports,Hollywood,FL,89808
A007611,C006064,Home,689 William Valleys,Hollywood,FL,39295
A007612,C006065,Home,865 Rivera Mountain Apt. 022,Pembroke Pines,FL,08465
A007613,C006066,Home,094 Tucker Street,Tallahassee,FL,21871
A007614,C006067,Home,5122 Ian Circles Suite 625,Miami,FL,95550
A007615,C006068,Home,0930 Donald Mountains,Hollywood,FL,00587
A007616,C006069,Home,3902 Green Ville Apt. 605,Orlando,FL,87445
A007617,C006070,Home,0469 David Hill Apt. 776,Davie,FL,04466
A007618,C006071,Home,339 Julie Path,Fort Lauderdale,FL,58904
A007619,C006071,Mailing,9215 Jared Mountain Suite 015,Naples,FL,18512
A007620,C006072,Home,42452 Howard Prairie Suite 508,Sarasota,FL,14094
A007621,C006072,Mailing,1933 Gabriel Village,Davie,FL,39382
A007622,C006073,Home,11806 Miranda Stravenue Suite 201,Miami,FL,19559
A007623,C006073,Mailing,1448 Gonzales Freeway Apt. 217,Coral Springs,FL,37485
A007624,C006074,Home,658 Simpson Path Apt. 894,Sarasota,FL,83725
A007625,C006074,Mailing,377 Mendez Cliff Apt. 169,Hollywood,FL,85166
A007626,C006075,Home,181 Charles Mission Suite 732,Pembroke Pines,FL,45946
A007627,C006076,Home,608 Kristi Inlet,Jacksonville,FL,16502
A007628,C006077,Home,4949 Thomas Ramp,Tallahassee,FL,20451
A007629,C006078,Home,02624 Carlson Brooks,Boca Raton,FL,11520
A007630,C006079,Home,75486 Aimee Hill,Tallahassee,FL,25233
A007631,C006080,Home,46170 Conner Meadows,Boca Raton,FL,92914
A007632,C006080,Mailing,48103 Holden Shoal Apt. 682,Hollywood,FL,34493
A007633,C006081,Home,33300 Meadows Course,Naples,FL,09320
A007634,C006081,Mailing,7697 Cobb Mountain Apt. 848,Boca Raton,FL,90441
A007635,C006082,Home,166 Medina Stream,Pembroke Pines,FL,38856
A007636,C006083,Home,7366 Brown Land Apt. 659,Tampa,FL,53119
A007637,C006084,Home,1771 Emily Stream Suite 611,Tallahassee,FL,97078
A007638,C006085,Home,0398 Gutierrez Village,Boca Raton,FL,19926
A007639,C006086,Home,6598 Bell Lodge,Miami,FL,27931
A007640,C006087,Home,633 Wells Lights Suite 432,Orlando,FL,64644
A007641,C006088,Home,7101 Patterson Tunnel Apt. 063,Pembroke Pines,FL,60767
A007642,C006089,Home,67313 Webb Road Apt. 296,Orlando,FL,62296
A007643,C006090,Home,477 Baker Crossing Suite 515,Boca Raton,FL,78218
A007644,C006091,Home,3360 Paula Crest Apt. 863,Boca Raton,FL,03923
A007645,C006092,Home,36726 Good Row Suite 643,Orlando,FL,03479
A007646,C006092,Mailing,087 Katherine Hollow,Gainesville,FL,47653
A007647,C006093,Home,00948 Hill Valley,Naples,FL,22906
A007648,C006093,Mailing,17117 Katherine Pass Apt. 844,West Palm Beach,FL,84432
A007649,C006094,Home,133 Reese Key,Naples,FL,18468
A007650,C006094,Mailing,45213 Melissa Square,Tallahassee,FL,16590
A007651,C006095,Home,915 Cortez Harbor Suite 147,Boca Raton,FL,20117
A007652,C006096,Home,17057 James Crescent,Orlando,FL,33797
A007653,C006096,Mailing,252 Oscar Ferry Suite 912,Coral Springs,FL,27689
A007654,C006097,Home,455 Edward Freeway Suite 557,Jacksonville,FL,16518
A007655,C006098,Home,30289 Meredith Canyon Apt. 573,Jacksonville,FL,54786
A007656,C006099,Home,27363 Coleman Tunnel Apt. 927,Boca Raton,FL,47266
A007657,C006099,Mailing,8653 Rivera Prairie,Jacksonville,FL,68717
A007658,C006100,Home,43620 Erin Estate,Pembroke Pines,FL,18819
A007659,C006101,Home,0895 Richard Curve,Hollywood,FL,03328
A007660,C006102,Home,00096 Danielle Club Suite 584,Hollywood,FL,64893
A007661,C006103,Home,989 Lisa Valley Apt. 129,Tampa,FL,50818
A007662,C006104,Home,53650 Stephens Lodge,Orlando,FL,23448
A007663,C006105,Home,489 Gomez Ridge,Orlando,FL,50519
A007664,C006105,Mailing,65451 Roth Estates Apt. 947,Orlando,FL,24611
A007665,C006106,Home,63742 Michele Path,Gainesville,FL,57203
A007666,C006107,Home,2661 Alexander Cliff,Gainesville,FL,56467
A007667,C006108,Home,9284 Angela Tunnel Suite 188,Fort Lauderdale,FL,87675
A007668,C006109,Home,62129 Scott Drives,Orlando,FL,09743
A007669,C006110,Home,43935 Wells Island,Jacksonville,FL,08158
A007670,C006110,Mailing,19654 Perez Bridge,Naples,FL,75339
A007671,C006111,Home,988 Joanne Stream Suite 420,Hollywood,FL,97800
A007672,C006112,Home,579 Corey Knoll Suite 878,Miami,FL,46488
A007673,C006113,Home,333 Michelle Prairie,Sarasota,FL,51571
A007674,C006113,Mailing,209 Douglas Junction,Naples,FL,83747
A007675,C006114,Home,4527 Reyes Springs Apt. 811,Jacksonville,FL,41082
A007676,C006115,Home,7479 Julie Causeway,Jacksonville,FL,26101
A007677,C006116,Home,5731 Nicholas Garden Apt. 894,Pembroke Pines,FL,46153
A007678,C006116,Mailing,5360 Brooks Ridge,Tallahassee,FL,33019
A007679,C006117,Home,9827 Rachael Ridges Suite 106,Coral Springs,FL,37621
A007680,C006118,Home,32992 Amy Courts,Davie,FL,32975
A007681,C006119,Home,60409 Powell Radial Apt. 970,Coral Springs,FL,17493
A007682,C006120,Home,936 Tammy Flat Suite 804,Hollywood,FL,89137
A007683,C006120,Mailing,7999 Hall Rue Suite 298,Davie,FL,91811
A007684,C006121,Home,235 Melanie Hill,Coral Springs,FL,14567
A007685,C006122,Home,77739 Thomas Flats Suite 488,Pembroke Pines,FL,09564
A007686,C006123,Home,870 Flores Brooks,Davie,FL,97159
A007687,C006123,Mailing,4724 Rivera Camp Apt. 412,Fort Lauderdale,FL,72378
A007688,C006124,Home,024 Kelly Springs,Fort Lauderdale,FL,23274
A007689,C006125,Home,901 Spears Key,Coral Springs,FL,86584
A007690,C006125,Mailing,91837 John Lodge,Hollywood,FL,43734
A007691,C006126,Home,007 Mike Burg Suite 725,Gainesville,FL,93093
A007692,C006127,Home,646 Gutierrez Hill Suite 157,Orlando,FL,11061
A007693,C006127,Mailing,6588 Kelly Pike,Tampa,FL,38096
A007694,C006128,Home,84314 Ford Green Apt. 969,Pembroke Pines,FL,31765
A007695,C006129,Home,327 Angela Heights Suite 140,Gainesville,FL,74381
A007696,C006129,Mailing,37014 Michael Mountain,Hollywood,FL,38090
A007697,C006130,Home,0434 Susan Camp Suite 482,Gainesville,FL,44781
A007698,C006131,Home,7322 Lisa Hill Apt. 412,Sarasota,FL,55996
A007699,C006132,Home,404 Morgan Trail,Gainesville,FL,84426
A007700,C006133,Home,305 Green Fields Suite 707,Miami,FL,02325
A007701,C006134,Home,3074 Kristy Vista,Tampa,FL,33819
A007702,C006135,Home,5779 Angela Mountain Suite 483,Fort Lauderdale,FL,85092
A007703,C006136,Home,394 Bridget Prairie,Sarasota,FL,92192
A007704,C006137,Home,9773 Alyssa Springs Suite 939,Coral Springs,FL,30978
A007705,C006138,Home,12940 Patrick Cliffs Suite 735,Davie,FL,64646
A007706,C006139,Home,0153 Amanda Forges,Naples,FL,59571
A007707,C006140,Home,1426 Rowe Run Apt. 098,Tallahassee,FL,78736
A007708,C006141,Home,1356 Jeremy Lock,Tampa,FL,58458
A007709,C006141,Mailing,47241 Jose Prairie,Pembroke Pines,FL,43466
A007710,C006142,Home,043 Donna Trail Apt. 487,Orlando,FL,82450
A007711,C006143,Home,718 Sabrina Mission,Gainesville,FL,02892
A007712,C006144,Home,22770 Gabrielle Walk,Tallahassee,FL,96182
A007713,C006145,Home,41346 Cole Court Apt. 578,Tallahassee,FL,09762
A007714,C006146,Home,6933 Hodges Trafficway Apt. 425,Davie,FL,97864
A007715,C006147,Home,76433 Walter River,Pembroke Pines,FL,84727
A007716,C006148,Home,6451 Anthony Hill Suite 930,Miami,FL,85552
A007717,C006149,Home,509 Steven Stream,Boca Raton,FL,80549
A007718,C006150,Home,06891 Jimenez Port,Naples,FL,87572
A007719,C006151,Home,7086 Black Corner Apt. 844,Coral Springs,FL,78107
A007720,C006152,Home,865 Mitchell Landing Apt. 240,Coral Springs,FL,70451
A007721,C006153,Home,830 Brittany Mews,Boca Raton,FL,71361
A007722,C006154,Home,8198 Allison Trace Apt. 997,Jacksonville,FL,55856
A007723,C006155,Home,30257 Lindsey Meadow Suite 286,Sarasota,FL,66566
A007724,C006155,Mailing,06772 Berg Station Apt. 954,Pembroke Pines,FL,58749
A007725,C006156,Home,99771 Melissa Track,West Palm Beach,FL,74087
A007726,C006157,Home,898 Mcguire Lake Suite 009,Pembroke Pines,FL,54987
A007727,C006158,Home,62622 Patel Streets,Orlando,FL,68058
A007728,C006159,Home,46323 Scott Station,Tampa,FL,84796
A007729,C006160,Home,557 Paige Spurs Apt. 119,West Palm Beach,FL,37426
A007730,C006161,Home,08924 Jeffrey Tunnel,Miami,FL,43505
A007731,C006162,Home,0206 Joshua Ridges Apt. 668,Boca Raton,FL,74687
A007732,C006162,Mailing,8354 Lamb Crest Suite 640,Tampa,FL,70734
A007733,C006163,Home,4607 Cole Parks Suite 833,Fort Lauderdale,FL,94988
A007734,C006163,Mailing,09446 Soto Brooks,Pembroke Pines,FL,19151
A007735,C006164,Home,872 Alyssa Spurs Apt. 542,Fort Lauderdale,FL,20649
A007736,C006164,Mailing,4695 Stacy Shoal,Naples,FL,90897
A007737,C006165,Home,34780 Frederick Ford Suite 205,Fort Lauderdale,FL,82739
A007738,C006166,Home,0563 Philip Plains Suite 626,Sarasota,FL,50398
A007739,C006167,Home,45911 White Parkways,Fort Lauderdale,FL,13803
A007740,C006168,Home,603 Natasha Cape Suite 985,Jacksonville,FL,53977
A007741,C006169,Home,505 Jennifer Turnpike,Miami,FL,77751
A007742,C006170,Home,61907 Lisa Turnpike Apt. 228,Davie,FL,01791
A007743,C006170,Mailing,7356 Duran Walk Suite 533,Tampa,FL,05415
A007744,C006171,Home,1034 Bobby Tunnel Apt. 166,Boca Raton,FL,56123
A007745,C006172,Home,28921 Blake Plain,Miami,FL,30426
A007746,C006173,Home,7313 Danielle Burgs Suite 818,Orlando,FL,03904
A007747,C006174,Home,5157 Moore Course Apt. 276,Gainesville,FL,90753
A007748,C006175,Home,4523 Williams Curve Suite 401,Naples,FL,27923
A007749,C006176,Home,88995 Dennis Way,Boca Raton,FL,06563
A007750,C006177,Home,5022 Cook Turnpike Suite 765,Miami,FL,73236
A007751,C006178,Home,7781 Rose Lakes,Coral Springs,FL,31473
A007752,C006179,Home,05828 Nichols Squares Apt. 738,Sarasota,FL,08857
A007753,C006179,Mailing,32343 Davenport Overpass,Jacksonville,FL,19364
A007754,C006180,Home,80512 Hensley Walks Suite 807,Naples,FL,08677
A007755,C006180,Mailing,5094 Romero Road,Sarasota,FL,45282
A007756,C006181,Home,2510 Campbell Spur,Davie,FL,91031
A007757,C006182,Home,047 Vance Divide Suite 858,Hollywood,FL,18840
A007758,C006183,Home,036 Erin Valley Suite 073,Coral Springs,FL,73939
A007759,C006183,Mailing,50881 Donovan Mills,Fort Lauderdale,FL,03908
A007760,C006184,Home,722 Ruben Canyon,West Palm Beach,FL,13911
A007761,C006184,Mailing,81540 Robert Coves,Davie,FL,23101
A007762,C006185,Home,322 William Cove Suite 890,Boca Raton,FL,50447
A007763,C006186,Home,19527 Joshua Park,Gainesville,FL,83499
A007764,C006187,Home,869 Rodriguez Freeway Apt. 997,Tampa,FL,86956
A007765,C006188,Home,8882 Regina Causeway Apt. 651,Pembroke Pines,FL,61760
A007766,C006189,Home,761 Rebecca Turnpike Apt. 516,Naples,FL,48768
A007767,C006190,Home,609 Kevin Port,West Palm Beach,FL,64187
A007768,C006190,Mailing,386 Amy Rapid,Davie,FL,68138
A007769,C006191,Home,28725 Vicki Rest Suite 487,Jacksonville,FL,65342
A007770,C006192,Home,4801 Hendrix Creek Apt. 792,Orlando,FL,66747
A007771,C006193,Home,5994 Nash Route Apt. 814,Tampa,FL,77740
A007772,C006194,Home,1647 Harmon Isle,Gainesville,FL,88179
A007773,C006195,Home,7167 Holly Pass,Orlando,FL,63896
A007774,C006196,Home,369 Rivera Road Apt. 885,West Palm Beach,FL,92853
A007775,C006197,Home,984 Golden Centers Suite 596,Naples,FL,32054
A007776,C006198,Home,3971 Miller Cliffs,Tallahassee,FL,31310
A007777,C006199,Home,025 Stanley Corner,Davie,FL,98716
A007778,C006200,Home,3183 Matthew Divide,Fort Lauderdale,FL,59766
A007779,C006201,Home,401 Flowers Trail,Gainesville,FL,01367
A007780,C006202,Home,6737 Cheryl Valley,Pembroke Pines,FL,35836
A007781,C006203,Home,55023 Butler Shores,Orlando,FL,27016
A007782,C006204,Home,3203 David Divide Apt. 046,Orlando,FL,91724
A007783,C006205,Home,73118 Jessica Ridge Suite 995,Sarasota,FL,61588
A007784,C006206,Home,24693 Spencer Terrace Suite 495,Jacksonville,FL,08997
A007785,C006207,Home,44101 Lamb Prairie Apt. 679,Naples,FL,79903
A007786,C006208,Home,0830 Thomas Ford Apt. 019,Orlando,FL,59488
A007787,C006209,Home,6341 Hill Garden,Fort Lauderdale,FL,45931
A007788,C006209,Mailing,993 Watson Mews Apt. 695,Hollywood,FL,89864
A007789,C006210,Home,181 Kane Run Suite 535,Orlando,FL,09256
A007790,C006211,Home,741 Davis Crest,Boca Raton,FL,88191
A007791,C006212,Home,5507 Lee Estate,Fort Lauderdale,FL,51434
A007792,C006213,Home,8994 David Skyway Apt. 522,Naples,FL,90193
A007793,C006214,Home,69306 Madison Ridge Suite 123,Hollywood,FL,08212
A007794,C006215,Home,595 Joseph Park,West Palm Beach,FL,56204
A007795,C006216,Home,73089 Lisa Centers,Jacksonville,FL,80618
A007796,C006217,Home,26516 Lauren Junctions Suite 253,Orlando,FL,24176
A007797,C006218,Home,81848 Chambers Dam Suite 074,Pembroke Pines,FL,30852
A007798,C006218,Mailing,961 Deborah Crest,Miami,FL,62379
A007799,C006219,Home,2450 Davila Ferry,Tallahassee,FL,49192
A007800,C006220,Home,154 Nicholas Via Apt. 495,Naples,FL,52828
A007801,C006221,Home,512 Reed Cape,Davie,FL,81504
A007802,C006222,Home,768 Blair Run,Miami,FL,96779
A007803,C006223,Home,156 Darlene Junction,Jacksonville,FL,47528
A007804,C006224,Home,72819 Katrina Place Apt. 905,Miami,FL,15592
A007805,C006225,Home,7206 Simpson Roads Apt. 247,West Palm Beach,FL,72856
A007806,C006226,Home,87902 Oconnell Ridge,Tampa,FL,82847
A007807,C006227,Home,0622 Brittany Lights,Naples,FL,04220
A007808,C006228,Home,71376 Frazier Circle Suite 503,Jacksonville,FL,06087
A007809,C006229,Home,32868 Daniel Ranch,Tampa,FL,57908
A007810,C006230,Home,783 Carroll Flat,West Palm Beach,FL,30508
A007811,C006231,Home,7447 Andrea Stream Apt. 115,Tallahassee,FL,28189
A007812,C006232,Home,970 James Skyway,West Palm Beach,FL,56181
A007813,C006232,Mailing,9909 Timothy Center Apt. 356,Fort Lauderdale,FL,17397
A007814,C006233,Home,168 Mills Knolls,Tampa,FL,68413
A007815,C006233,Mailing,7399 Victoria Village,Orlando,FL,97174
A007816,C006234,Home,500 Torres Hills Suite 182,Hollywood,FL,54738
A007817,C006235,Home,39214 Jacob Fords,West Palm Beach,FL,13785
A007818,C006236,Home,945 Jenkins Causeway,West Palm Beach,FL,58720
A007819,C006237,Home,507 Day Road Apt. 802,Pembroke Pines,FL,50252
A007820,C006238,Home,17524 Nguyen Valleys Apt. 764,Tampa,FL,99488
A007821,C006238,Mailing,38431 Steele Centers,Hollywood,FL,32568
A007822,C006239,Home,638 Richards Camp,Tampa,FL,76893
A007823,C006240,Home,8681 Wendy Pass,Gainesville,FL,85200
A007824,C006241,Home,28714 Murphy Cape Suite 391,West Palm Beach,FL,45502
A007825,C006242,Home,312 James Ports,Naples,FL,59672
A007826,C006243,Home,7534 Lam Freeway Suite 085,Fort Lauderdale,FL,45698
A007827,C006244,Home,06004 Hansen Circles Apt. 904,Miami,FL,43542
A007828,C006245,Home,547 Hogan Fall Suite 091,Tampa,FL,60886
A007829,C006245,Mailing,0688 April Run Suite 070,Gainesville,FL,35871
A007830,C006246,Home,802 Dickerson Ferry,Gainesville,FL,67898
A007831,C006246,Mailing,665 Eugene Springs,Tallahassee,FL,61192
A007832,C006247,Home,62888 Travis Lane Apt. 582,Tampa,FL,04934
A007833,C006247,Mailing,3566 Pruitt Highway,Jacksonville,FL,58291
A007834,C006248,Home,098 Martin Plaza,Naples,FL,16854
A007835,C006248,Mailing,8933 Hodges Drive,Gainesville,FL,54808
A007836,C006249,Home,289 Emily Meadows,Orlando,FL,94470
A007837,C006249,Mailing,114 Patrick Circle,Gainesville,FL,13800
A007838,C006250,Home,73783 Martin Crest Apt. 608,Sarasota,FL,73935
A007839,C006251,Home,61006 Young Pine Suite 958,Davie,FL,82339
A007840,C006252,Home,0509 Tricia Port,Pembroke Pines,FL,76105
A007841,C006253,Home,372 Dominique Throughway Apt. 527,Miami,FL,89737
A007842,C006254,Home,95855 Lauren Square Suite 970,Tampa,FL,39474
A007843,C006255,Home,126 John Coves Apt. 747,Jacksonville,FL,23636
A007844,C006255,Mailing,06536 Taylor Way Suite 676,Naples,FL,93471
A007845,C006256,Home,03665 Roberts Squares,Boca Raton,FL,60767
A007846,C006257,Home,68076 Willis Springs,Jacksonville,FL,25022
A007847,C006258,Home,89880 Laura Heights Suite 772,Hollywood,FL,65728
A007848,C006258,Mailing,962 Gilbert Burg Suite 041,Fort Lauderdale,FL,67624
A007849,C006259,Home,01560 Howell Key Suite 618,Sarasota,FL,21571
A007850,C006260,Home,8080 Julie Terrace,Miami,FL,34705
A007851,C006261,Home,27991 Lopez Island Apt. 598,Hollywood,FL,98565
A007852,C006262,Home,459 Hall Square Apt. 545,Orlando,FL,95749
A007853,C006263,Home,4843 Jennifer Springs Suite 413,Boca Raton,FL,35132
A007854,C006264,Home,539 Mark Shores,Tallahassee,FL,51667
A007855,C006264,Mailing,17885 Jeffrey Course,Naples,FL,48014
A007856,C006265,Home,31712 Rachel Prairie,Pembroke Pines,FL,08280
A007857,C006266,Home,013 Hughes Bypass Apt. 615,Hollywood,FL,43581
A007858,C006267,Home,66929 Frank Oval Apt. 649,Tampa,FL,44208
A007859,C006268,Home,18249 Guzman Crescent Suite 907,Jacksonville,FL,94603
A007860,C006269,Home,8427 Eric Cove Apt. 316,Coral Springs,FL,78257
A007861,C006270,Home,209 Smith Motorway Apt. 995,Coral Springs,FL,48444
A007862,C006271,Home,672 Henderson Key,Davie,FL,89229
A007863,C006272,Home,198 Brown Stream Apt. 617,Fort Lauderdale,FL,61449
A007864,C006272,Mailing,28240 Herrera Groves,Fort Lauderdale,FL,07710
A007865,C006273,Home,022 Deborah Island,Miami,FL,04745
A007866,C006274,Home,709 Mckee Spring,Orlando,FL,12493
A007867,C006275,Home,74699 Ashley Plains,Orlando,FL,41920
A007868,C006276,Home,966 Sherry Forks Suite 487,Tallahassee,FL,84344
A007869,C006277,Home,599 Oconnor Prairie Apt. 274,Miami,FL,61858
A007870,C006278,Home,8263 Kimberly Isle Suite 746,Boca Raton,FL,25358
A007871,C006279,Home,02211 White Circle Suite 793,Coral Springs,FL,18656
A007872,C006280,Home,61263 Shepherd Pine,Miami,FL,78389
A007873,C006280,Mailing,755 Glenda Bypass Apt. 224,Tallahassee,FL,13526
A007874,C006281,Home,2975 Garcia Light,Orlando,FL,03349
A007875,C006282,Home,34800 Anderson Centers Apt. 905,Naples,FL,04499
A007876,C006283,Home,3149 Olson Land,Boca Raton,FL,05894
A007877,C006284,Home,83227 Robert Manor Apt. 859,Fort Lauderdale,FL,19368
A007878,C006285,Home,8839 Cheryl Summit,Sarasota,FL,22143
A007879,C006286,Home,31587 Heather Extension Suite 989,Sarasota,FL,82765
A007880,C006287,Home,08388 Mitchell Spur,Tampa,FL,76256
A007881,C006288,Home,733 Barker Drive,Pembroke Pines,FL,73004
A007882,C006289,Home,1681 Bradley Fields Suite 333,Tallahassee,FL,45013
A007883,C006289,Mailing,0319 Fernandez Center Suite 517,Miami,FL,12891
A007884,C006290,Home,9461 Kevin River,Gainesville,FL,50700
A007885,C006291,Home,208 Davis Loop Suite 594,Gainesville,FL,39034
A007886,C006292,Home,38243 Donna Burg,Naples,FL,04345
A007887,C006293,Home,575 Mark Harbors Suite 597,West Palm Beach,FL,41840
A007888,C006294,Home,408 Stanton Expressway Suite 811,Orlando,FL,01432
A007889,C006294,Mailing,59121 Dawn Well,Gainesville,FL,01539
A007890,C006295,Home,71884 Chad Rapid Apt. 657,Davie,FL,97593
A007891,C006295,Mailing,191 Spencer Extensions,Pembroke Pines,FL,26382
A007892,C006296,Home,5055 Tanya Mews Apt. 550,Pembroke Pines,FL,09610
A007893,C006297,Home,0298 Robert Prairie Apt. 636,Tampa,FL,13871
A007894,C006298,Home,30472 Romero Summit,Davie,FL,48833
A007895,C006299,Home,289 Murphy Skyway Suite 339,Tallahassee,FL,34437
A007896,C006300,Home,7858 Leon Lock,Orlando,FL,45228
A007897,C006301,Home,11649 Shawn Garden Suite 302,Sarasota,FL,02311
A007898,C006302,Home,62355 Riddle Ports Suite 214,Fort Lauderdale,FL,67020
A007899,C006303,Home,586 April Summit,Coral Springs,FL,44460
A007900,C006304,Home,30033 Campbell Cape Suite 468,Tampa,FL,96131
A007901,C006305,Home,66975 Mcintyre Freeway,Sarasota,FL,66860
A007902,C006306,Home,82574 Chan Squares Suite 281,Tampa,FL,49245
A007903,C006307,Home,28405 Danny Crest,Hollywood,FL,55042
A007904,C006308,Home,74799 Isaac Radial,Orlando,FL,09835
A007905,C006309,Home,6254 Jason Views Suite 108,Tallahassee,FL,67029
A007906,C006309,Mailing,92846 Jorge Lodge,Miami,FL,31848
A007907,C006310,Home,584 Patterson Plain Apt. 293,Gainesville,FL,05970
A007908,C006311,Home,97485 Brooks Spurs,Pembroke Pines,FL,09924
A007909,C006312,Home,7198 Deleon Divide,Coral Springs,FL,81190
A007910,C006313,Home,590 Long Courts,Davie,FL,98343
A007911,C006313,Mailing,774 Olson Islands,Fort Lauderdale,FL,58799
A007912,C006314,Home,3272 Natalie Cove,Gainesville,FL,51915
A007913,C006315,Home,75724 Gill Forge Suite 704,Tallahassee,FL,07474
A007914,C006316,Home,1624 Hurst Islands,Fort Lauderdale,FL,68340
A007915,C006317,Home,888 Charles Skyway,Coral Springs,FL,36494
A007916,C006317,Mailing,274 Forbes Lane,Tampa,FL,52271
A007917,C006318,Home,711 Susan Meadow Apt. 924,Orlando,FL,11231
A007918,C006318,Mailing,396 Charles Lakes Suite 054,Gainesville,FL,72598
A007919,C006319,Home,4031 Jocelyn Underpass,Tampa,FL,05943
A007920,C006319,Mailing,5488 Hahn Spurs Suite 881,West Palm Beach,FL,55523
A007921,C006320,Home,3508 Foster Village Suite 289,Boca Raton,FL,16783
A007922,C006320,Mailing,534 Patricia Meadow,Coral Springs,FL,32486
A007923,C006321,Home,32471 Tina Plaza Suite 581,Davie,FL,00894
A007924,C006322,Home,00193 Joel Hill Suite 687,Fort Lauderdale,FL,17085
A007925,C006323,Home,56026 David Mountain,Orlando,FL,77069
A007926,C006324,Home,4801 Bailey Key,Fort Lauderdale,FL,80032
A007927,C006324,Mailing,3784 Laura Turnpike,Naples,FL,19767
A007928,C006325,Home,67278 Ronald Track,Naples,FL,14417
A007929,C006326,Home,9814 Christine Pike Apt. 707,Sarasota,FL,29808
A007930,C006327,Home,09793 Hernandez Rest,Hollywood,FL,85028
A007931,C006328,Home,3652 Cannon Village Apt. 748,West Palm Beach,FL,74216
A007932,C006328,Mailing,6084 Ashley Falls Suite 620,Davie,FL,86509
A007933,C006329,Home,599 Robert Tunnel Suite 576,Fort Lauderdale,FL,75965
A007934,C006330,Home,166 Bradley Vista,Hollywood,FL,24389
A007935,C006331,Home,92726 Schneider Shoal,Jacksonville,FL,18951
A007936,C006332,Home,663 Daniel Court,Tampa,FL,54311
A007937,C006333,Home,76100 Wright Ports,Orlando,FL,38488
A007938,C006334,Home,8743 Rhodes Stream Suite 348,Gainesville,FL,27973
A007939,C006335,Home,9025 Susan Brooks,Jacksonville,FL,07893
A007940,C006335,Mailing,57800 Cox Groves,West Palm Beach,FL,80886
A007941,C006336,Home,33877 John View,Orlando,FL,06650
A007942,C006337,Home,15924 Angela Forks Suite 043,Miami,FL,87250
A007943,C006338,Home,1959 Smith Fields,Tampa,FL,28463
A007944,C006339,Home,266 Ford Causeway Apt. 488,Hollywood,FL,08675
A007945,C006340,Home,0863 Jarvis Village Suite 380,Miami,FL,81509
A007946,C006340,Mailing,7128 Wagner Manors,Coral Springs,FL,05537
A007947,C006341,Home,6990 Serrano Green,West Palm Beach,FL,63873
A007948,C006342,Home,066 Meadows Locks,Pembroke Pines,FL,38036
A007949,C006343,Home,23290 Adams Well,Orlando,FL,62550
A007950,C006344,Home,3775 Tanner Divide Suite 541,Pembroke Pines,FL,82765
A007951,C006344,Mailing,984 Thomas Parkways Apt. 294,Naples,FL,85353
A007952,C006345,Home,8471 Perry Mission,Pembroke Pines,FL,81270
A007953,C006346,Home,68539 Lisa Gardens Apt. 709,Sarasota,FL,92914
A007954,C006347,Home,17089 Jones Station,Orlando,FL,53107
A007955,C006348,Home,82259 Bell Isle Apt. 727,Jacksonville,FL,48951
A007956,C006348,Mailing,52884 Jason Shores Suite 736,West Palm Beach,FL,28189
A007957,C006349,Home,215 Leah Plain Apt. 220,Coral Springs,FL,86368
A007958,C006350,Home,47849 Harris Port,Miami,FL,70377
A007959,C006350,Mailing,68711 Karla Harbors,Boca Raton,FL,03581
A007960,C006351,Home,40757 Barton Mill,Sarasota,FL,08881
A007961,C006352,Home,5080 Simmons Avenue,Tallahassee,FL,13088
A007962,C006353,Home,1911 Walter Turnpike Apt. 481,Naples,FL,86601
A007963,C006354,Home,18504 Joshua Isle,Jacksonville,FL,61138
A007964,C006354,Mailing,17004 Randy Meadow,Boca Raton,FL,35590
A007965,C006355,Home,659 Steven Union Apt. 215,Fort Lauderdale,FL,80048
A007966,C006356,Home,50196 Burns Plains Apt. 011,Hollywood,FL,35594
A007967,C006357,Home,779 Sean Villages Apt. 367,Miami,FL,35860
A007968,C006358,Home,1236 Garcia Forge Suite 915,Coral Springs,FL,02660
A007969,C006359,Home,51842 John Landing,Tampa,FL,91962
A007970,C006360,Home,70335 Wolfe Grove Suite 423,Jacksonville,FL,20227
A007971,C006361,Home,5694 Sherry Circle,Tallahassee,FL,85168
A007972,C006361,Mailing,51721 Thomas Cliff Apt. 150,Gainesville,FL,35294
A007973,C006362,Home,00209 Jacob Points Suite 736,Hollywood,FL,14224
A007974,C006363,Home,73879 William Circle Apt. 523,Jacksonville,FL,45340
A007975,C006364,Home,642 Jackson Parks,Naples,FL,63580
A007976,C006365,Home,05904 Greene Underpass Suite 644,Hollywood,FL,04592
A007977,C006366,Home,745 Manuel Walk,Pembroke Pines,FL,55931
A007978,C006367,Home,481 Miller Rest,Orlando,FL,18341
A007979,C006367,Mailing,012 Lauren Mission,Orlando,FL,49305
A007980,C006368,Home,92978 Shannon Park Suite 865,Tampa,FL,53398
A007981,C006369,Home,1254 Amanda Underpass Apt. 090,Fort Lauderdale,FL,92784
A007982,C006369,Mailing,1740 Brooks Trail Suite 005,Miami,FL,77257
A007983,C006370,Home,6087 Morrison Junctions Apt. 793,West Palm Beach,FL,46093
A007984,C006371,Home,29546 Sandra Trail,Boca Raton,FL,85000
A007985,C006372,Home,6305 Waters Lake,Gainesville,FL,17083
A007986,C006373,Home,177 Nicholas Junctions Apt. 558,Miami,FL,41965
A007987,C006374,Home,00697 Eric Knolls,Jacksonville,FL,16050
A007988,C006375,Home,310 Henderson Camp,Pembroke Pines,FL,19819
A007989,C006375,Mailing,6579 Beck Manors,Fort Lauderdale,FL,69190
A007990,C006376,Home,91580 Melanie Cliffs,Fort Lauderdale,FL,83419
A007991,C006377,Home,38728 Hunter Flats,Miami,FL,45400
A007992,C006378,Home,3140 Mark Well Apt. 104,Hollywood,FL,80888
A007993,C006379,Home,315 Brianna Mission Apt. 208,Miami,FL,95405
A007994,C006380,Home,9106 John Springs Apt. 269,Sarasota,FL,88416
A007995,C006380,Mailing,5672 Villanueva Corner Apt. 911,Boca Raton,FL,03105
A007996,C006381,Home,31564 Ortiz Fields,Hollywood,FL,63979
A007997,C006382,Home,281 Dana Street Apt. 028,Tallahassee,FL,44179
A007998,C006383,Home,3732 Stephanie Fords Apt. 441,Sarasota,FL,34989
A007999,C006384,Home,3678 Tonya Neck Suite 756,Naples,FL,43729
A008000,C006385,Home,4630 Timothy Rapids,Boca Raton,FL,95625
A008001,C006385,Mailing,085 Sharon Street Suite 793,Orlando,FL,74801
A008002,C006386,Home,678 Donald Groves Suite 470,Fort Lauderdale,FL,98445
A008003,C006387,Home,08917 James Shores Suite 935,Tallahassee,FL,80440
A008004,C006388,Home,48402 Holland Islands Apt. 001,Hollywood,FL,97159
A008005,C006388,Mailing,713 Mendez Trail Suite 703,Sarasota,FL,68472
A008006,C006389,Home,49991 Elizabeth Passage,Hollywood,FL,66611
A008007,C006389,Mailing,7741 Jennifer Extension Apt. 146,Boca Raton,FL,96756
A008008,C006390,Home,88464 William Courts,Tampa,FL,57440
A008009,C006390,Mailing,345 Hudson Vista Suite 627,Naples,FL,82980
A008010,C006391,Home,372 Kerry Fork,Miami,FL,67395
A008011,C006392,Home,78856 Castro Lock,Davie,FL,74365
A008012,C006393,Home,31838 Bates Plain Apt. 272,Tallahassee,FL,14925
A008013,C006394,Home,463 Blanchard Overpass Suite 986,Pembroke Pines,FL,07309
A008014,C006395,Home,25068 Walls Streets,Pembroke Pines,FL,61887
A008015,C006396,Home,3247 Rubio Light Apt. 899,Coral Springs,FL,85871
A008016,C006396,Mailing,67308 Heather Pass Apt. 701,Pembroke Pines,FL,49637
A008017,C006397,Home,495 Matthew Islands Suite 433,Orlando,FL,54510
A008018,C006397,Mailing,8030 Andrew Cove,Tampa,FL,21060
A008019,C006398,Home,3978 Michael Shoal Apt. 253,Coral Springs,FL,65689
A008020,C006399,Home,555 Nguyen Fields,Pembroke Pines,FL,27956
A008021,C006399,Mailing,250 Vega Ports Suite 238,Jacksonville,FL,85697
A008022,C006400,Home,72682 Wilson Flat,West Palm Beach,FL,54729
A008023,C006400,Mailing,3201 Tracy Mountain Apt. 515,Orlando,FL,59386
A008024,C006401,Home,94523 Bradshaw Village Suite 754,Tallahassee,FL,76442
A008025,C006402,Home,16578 Roberts Walk Suite 072,Coral Springs,FL,49303
A008026,C006402,Mailing,9205 Denise Spring,Naples,FL,54978
A008027,C006403,Home,822 Paul Prairie,Jacksonville,FL,17617
A008028,C006404,Home,282 Mueller Fort Apt. 942,Sarasota,FL,44263
A008029,C006404,Mailing,5233 Patrick Landing Suite 396,Sarasota,FL,09064
A008030,C006405,Home,448 Munoz Loaf,Tampa,FL,40431
A008031,C006406,Home,752 Anderson Mountains,Boca Raton,FL,41261
A008032,C006406,Mailing,9362 Chambers Islands Apt. 670,Fort Lauderdale,FL,97841
A008033,C006407,Home,39587 Danielle Shoal Apt. 214,Tampa,FL,74595
A008034,C006407,Mailing,158 Robertson Junction Apt. 236,West Palm Beach,FL,69960
A008035,C006408,Home,17972 Allen Harbor Apt. 225,Davie,FL,33075
A008036,C006409,Home,7478 Oliver Walks Suite 919,West Palm Beach,FL,47718
A008037,C006410,Home,36717 Jimenez Place Apt. 230,Hollywood,FL,03675
A008038,C006411,Home,1608 Phillips Hills,Fort Lauderdale,FL,95304
A008039,C006412,Home,672 Smith Lock,Naples,FL,35499
A008040,C006413,Home,9859 Patel Springs Apt. 980,Miami,FL,57560
A008041,C006414,Home,71247 Stanley Street,Boca Raton,FL,04594
A008042,C006415,Home,4167 Hall Orchard Suite 067,Coral Springs,FL,21962
A008043,C006416,Home,56127 Kenneth Lane Apt. 000,Hollywood,FL,93050
A008044,C006416,Mailing,55958 Carlos Haven,Tampa,FL,44120
A008045,C006417,Home,8709 Holland Squares,Miami,FL,39280
A008046,C006417,Mailing,815 Jennifer Park Apt. 079,Coral Springs,FL,82577
A008047,C006418,Home,988 Shannon Stravenue Apt. 024,Tampa,FL,04756
A008048,C006419,Home,885 Jones Mews Suite 948,Fort Lauderdale,FL,43033
A008049,C006419,Mailing,02930 Ronald Brooks,Boca Raton,FL,92407
A008050,C006420,Home,738 Linda Camp Apt. 672,Hollywood,FL,41763
A008051,C006421,Home,051 Julie Springs Suite 992,Tallahassee,FL,30802
A008052,C006422,Home,9365 Thompson Lights Suite 729,Boca Raton,FL,62591
A008053,C006423,Home,8096 Harris Points,Davie,FL,56511
A008054,C006424,Home,24906 Lisa Extensions,Davie,FL,33742
A008055,C006425,Home,60538 Janice Pine,Naples,FL,87434
A008056,C006426,Home,5160 Torres Mount,Sarasota,FL,88094
A008057,C006427,Home,3172 Garcia Place Suite 731,Coral Springs,FL,52031
A008058,C006428,Home,697 Williams Inlet Suite 700,Tallahassee,FL,76567
A008059,C006428,Mailing,90624 Cannon Port Suite 233,Miami,FL,54015
A008060,C006429,Home,36642 Martin Camp Apt. 482,Pembroke Pines,FL,48929
A008061,C006430,Home,91050 Simmons Rest,Gainesville,FL,25995
A008062,C006430,Mailing,287 Lopez Grove,Boca Raton,FL,12698
A008063,C006431,Home,9438 Johnson Meadows,Coral Springs,FL,25089
A008064,C006432,Home,223 Hanna Junction Suite 037,Gainesville,FL,60086
A008065,C006433,Home,31023 Barker Union,Fort Lauderdale,FL,61604
A008066,C006434,Home,10835 Carolyn Lodge Apt. 830,Orlando,FL,24595
A008067,C006435,Home,926 Flores Alley,Sarasota,FL,87719
A008068,C006435,Mailing,148 Mclaughlin Mill,Gainesville,FL,01684
A008069,C006436,Home,16887 Amy Islands Apt. 092,Coral Springs,FL,50571
A008070,C006437,Home,314 Keith Canyon,Jacksonville,FL,95786
A008071,C006438,Home,920 Davis Falls,Coral Springs,FL,52960
A008072,C006439,Home,00285 Garcia Manors Apt. 429,Sarasota,FL,48890
A008073,C006440,Home,9186 Hampton Plaza,Davie,FL,13986
A008074,C006441,Home,23867 Janice Fields,Orlando,FL,94172
A008075,C006442,Home,740 King Common,Hollywood,FL,97224
A008076,C006442,Mailing,174 Chad Road Suite 199,Orlando,FL,79807
A008077,C006443,Home,6656 Richardson Lake Apt. 947,Davie,FL,40166
A008078,C006444,Home,3639 Gerald Meadows,Miami,FL,72789
A008079,C006445,Home,184 Carpenter Lodge,Jacksonville,FL,15610
A008080,C006446,Home,9605 Tucker Drive Suite 181,Orlando,FL,46028
A008081,C006447,Home,215 Ramos Stream Apt. 954,West Palm Beach,FL,07526
A008082,C006448,Home,5879 Robertson Streets Suite 494,Sarasota,FL,58745
A008083,C006449,Home,3375 Davis Court Suite 551,Boca Raton,FL,03555
A008084,C006449,Mailing,1148 Torres Vista,Pembroke Pines,FL,38432
A008085,C006450,Home,444 Michael Point Apt. 402,Miami,FL,04607
A008086,C006451,Home,39782 Wagner Ports Suite 496,Orlando,FL,90656
A008087,C006452,Home,14488 Sarah Forest Apt. 134,Gainesville,FL,20842
A008088,C006453,Home,6893 Kim Land,Sarasota,FL,98239
A008089,C006454,Home,2201 Brianna Lodge Suite 730,Tallahassee,FL,11597
A008090,C006455,Home,2646 Stevens Mills,Coral Springs,FL,24161
A008091,C006456,Home,49344 Meyer Forest Suite 869,Gainesville,FL,91900
A008092,C006456,Mailing,561 Matthew Plains Apt. 381,West Palm Beach,FL,09779
A008093,C006457,Home,222 Greg Glen,Hollywood,FL,91895
A008094,C006458,Home,94352 Justin Parks,Hollywood,FL,48154
A008095,C006458,Mailing,17448 Bell Walk,Orlando,FL,08222
A008096,C006459,Home,8479 Jones Pike Apt. 425,Sarasota,FL,67841
A008097,C006459,Mailing,87983 Mccall Street,Coral Springs,FL,90729
A008098,C006460,Home,3638 Roy Forest,West Palm Beach,FL,76418
A008099,C006461,Home,27284 Wilson Wall Suite 606,Tampa,FL,22845
A008100,C006462,Home,4787 Scott Junction,Jacksonville,FL,80744
A008101,C006462,Mailing,692 Jeremy Rapids,West Palm Beach,FL,30863
A008102,C006463,Home,7568 Steven Tunnel Apt. 746,West Palm Beach,FL,31650
A008103,C006464,Home,2617 Potter Drive Apt. 122,Pembroke Pines,FL,93269
A008104,C006465,Home,61745 Lutz Vista Suite 099,Boca Raton,FL,09377
A008105,C006466,Home,644 Amy Harbor,Pembroke Pines,FL,03576
A008106,C006466,Mailing,30097 Michael Estate,Gainesville,FL,22484
A008107,C006467,Home,62780 Anna Point Apt. 954,Davie,FL,35694
A008108,C006468,Home,3718 Olson Corners,Boca Raton,FL,50150
A008109,C006469,Home,6240 Christine Hill Suite 294,Pembroke Pines,FL,53913
A008110,C006469,Mailing,65931 Mejia Pines Suite 598,Tampa,FL,87730
A008111,C006470,Home,460 Richards Mission,Hollywood,FL,70289
A008112,C006471,Home,09112 Amber Ports,Davie,FL,28532
A008113,C006472,Home,8165 Dominguez Locks,Pembroke Pines,FL,26962
A008114,C006473,Home,64651 Christopher Mountains Suite 425,Boca Raton,FL,32055
A008115,C006474,Home,573 Ellis Island Apt. 674,Fort Lauderdale,FL,88529
A008116,C006474,Mailing,9963 Sydney Corners Apt. 166,Miami,FL,69328
A008117,C006475,Home,657 Holly Bypass Apt. 984,Miami,FL,06380
A008118,C006476,Home,2127 Hall Bridge,Hollywood,FL,58372
A008119,C006477,Home,5755 Micheal Camp,Orlando,FL,10138
A008120,C006478,Home,87498 Devon Glens Suite 543,West Palm Beach,FL,01058
A008121,C006478,Mailing,7130 Gentry Knolls Suite 296,Jacksonville,FL,89067
A008122,C006479,Home,166 Lisa Via,Davie,FL,91784
A008123,C006480,Home,56552 Paul Estates,Sarasota,FL,32355
A008124,C006481,Home,7526 Chad Squares,Pembroke Pines,FL,55576
A008125,C006482,Home,3418 Bean Village,Pembroke Pines,FL,51638
A008126,C006483,Home,09592 Mcconnell Keys,Gainesville,FL,43758
A008127,C006484,Home,355 Campbell Corners,Jacksonville,FL,58723
A008128,C006485,Home,36779 Eugene Mission Apt. 279,Orlando,FL,57685
A008129,C006486,Home,75665 Jeffrey Extension Suite 901,Orlando,FL,99569
A008130,C006487,Home,2906 Tina Street Apt. 205,Jacksonville,FL,20694
A008131,C006487,Mailing,6380 Jenkins Shores,Gainesville,FL,33857
A008132,C006488,Home,94828 Tony Plains Suite 545,Miami,FL,94677
A008133,C006489,Home,2958 Heidi Fort,Coral Springs,FL,26451
A008134,C006490,Home,97514 Laurie Hollow Suite 724,Tallahassee,FL,04040
A008135,C006490,Mailing,4343 Bartlett Rest,Sarasota,FL,08162
A008136,C006491,Home,3847 Connie Harbor,Tampa,FL,35165
A008137,C006492,Home,736 Sarah Drive,Hollywood,FL,55331
A008138,C006493,Home,07296 Ashley Crest Apt. 201,Davie,FL,75259
A008139,C006493,Mailing,460 Lawrence Drive Apt. 073,Boca Raton,FL,16227
A008140,C006494,Home,169 Brandon Light,Davie,FL,20828
A008141,C006494,Mailing,26054 Wagner Forge Suite 538,Tampa,FL,17697
A008142,C006495,Home,703 Stephanie Divide,Gainesville,FL,83442
A008143,C006495,Mailing,724 Rose Causeway Apt. 366,Sarasota,FL,60784
A008144,C006496,Home,9154 Amanda Canyon,Jacksonville,FL,09968
A008145,C006497,Home,51307 Brooke Gardens Suite 250,Miami,FL,42449
A008146,C006498,Home,20079 Tiffany Valleys,Pembroke Pines,FL,83132
A008147,C006498,Mailing,268 Goodman Center Apt. 822,Tampa,FL,15762
A008148,C006499,Home,47990 Giles Islands,Miami,FL,76598
A008149,C006500,Home,7868 Brooke Views Apt. 242,Miami,FL,82655
A008150,C006500,Mailing,19345 Emily Roads,Tallahassee,FL,08153
A008151,C006501,Home,76788 Taylor Ports Suite 301,Hollywood,FL,24259
A008152,C006501,Mailing,6994 Sydney Ports Apt. 849,Gainesville,FL,44211
A008153,C006502,Home,9785 Dean Plaza,Sarasota,FL,06569
A008154,C006503,Home,6484 Charles Parkways,Tampa,FL,79007
A008155,C006504,Home,660 Janet Wall Apt. 864,Davie,FL,57901
A008156,C006504,Mailing,1785 Daniel Prairie,Davie,FL,93571
A008157,C006505,Home,3761 Melissa Curve Suite 476,Fort Lauderdale,FL,34244
A008158,C006506,Home,812 Terry Trace,Fort Lauderdale,FL,06780
A008159,C006507,Home,403 Hunt Fields,Gainesville,FL,83717
A008160,C006508,Home,1768 Baker Summit,Davie,FL,17552
A008161,C006509,Home,90447 Nicholas Spur,Hollywood,FL,78083
A008162,C006510,Home,20853 Davenport Skyway Apt. 744,West Palm Beach,FL,13533
A008163,C006511,Home,78137 Ann View,West Palm Beach,FL,09104
A008164,C006512,Home,08001 Barnes Shore,Tampa,FL,24100
A008165,C006513,Home,798 Tammie Motorway Apt. 439,Tallahassee,FL,18257
A008166,C006514,Home,632 Parks Forge Apt. 216,Naples,FL,15770
A008167,C006515,Home,1043 Juarez Square,Jacksonville,FL,95967
A008168,C006516,Home,4702 Victoria Route Apt. 123,Naples,FL,37930
A008169,C006517,Home,710 Gomez Street,Pembroke Pines,FL,87410
A008170,C006518,Home,241 Zuniga Row,Boca Raton,FL,46129
A008171,C006518,Mailing,20808 Davila Branch Apt. 346,Fort Lauderdale,FL,62563
A008172,C006519,Home,264 Lisa Falls Suite 311,Naples,FL,04137
A008173,C006520,Home,638 King Viaduct,Tampa,FL,43643
A008174,C006521,Home,292 Nunez View,West Palm Beach,FL,27992
A008175,C006522,Home,1284 Jackson Trace,Naples,FL,49178
A008176,C006523,Home,5777 Harrington Square,Miami,FL,53515
A008177,C006524,Home,2570 Torres Vista,Orlando,FL,57679
A008178,C006525,Home,14174 Burton Camp Suite 629,Hollywood,FL,63377
A008179,C006525,Mailing,039 Wall Mission,Tampa,FL,36626
A008180,C006526,Home,675 Davis Divide Suite 239,Naples,FL,30101
A008181,C006527,Home,33478 Velez Rest,Boca Raton,FL,80324
A008182,C006528,Home,73397 Johnson Track Apt. 428,Naples,FL,50488
A008183,C006528,Mailing,707 Taylor Meadows,Sarasota,FL,29627
A008184,C006529,Home,056 Moore Burg Suite 085,Davie,FL,12656
A008185,C006530,Home,30000 Gray Drive,Hollywood,FL,90705
A008186,C006531,Home,4920 Price Springs Apt. 615,West Palm Beach,FL,49051
A008187,C006532,Home,3821 James Mountains,Jacksonville,FL,36189
A008188,C006533,Home,8177 Travis Neck,Fort Lauderdale,FL,30865
A008189,C006534,Home,54123 Jenkins Plaza Apt. 390,Tallahassee,FL,52694
A008190,C006535,Home,248 Weeks Divide Apt. 562,Miami,FL,43612
A008191,C006536,Home,457 Huynh Trail Suite 806,Coral Springs,FL,56704
A008192,C006537,Home,984 Cox Mountains Suite 869,Davie,FL,57339
A008193,C006537,Mailing,3874 Hill Corner,Orlando,FL,62097
A008194,C006538,Home,000 Gilbert Terrace,Naples,FL,87134
A008195,C006539,Home,9046 Felicia Turnpike,Tallahassee,FL,87953
A008196,C006540,Home,628 Lyons Spring,Gainesville,FL,68962
A008197,C006541,Home,005 Stephen Field,Orlando,FL,46657
A008198,C006542,Home,8371 Christopher Knoll,Sarasota,FL,24470
A008199,C006543,Home,289 Smith Greens,Hollywood,FL,37973
A008200,C006544,Home,563 Jennifer Station,Hollywood,FL,59425
A008201,C006545,Home,2812 Jennifer Ferry,Tallahassee,FL,73382
A008202,C006546,Home,74108 Michelle Gardens Suite 674,Sarasota,FL,40639
A008203,C006547,Home,6873 Robles Manors,Boca Raton,FL,26862
A008204,C006548,Home,8937 David Island,Boca Raton,FL,67957
A008205,C006548,Mailing,41839 Vanessa Burgs Apt. 391,Orlando,FL,71654
A008206,C006549,Home,061 Walter Ports Apt. 332,Orlando,FL,12678
A008207,C006550,Home,61937 Edwin Mountains Suite 631,Fort Lauderdale,FL,81515
A008208,C006550,Mailing,3554 Owens Hill Apt. 570,Hollywood,FL,76480
A008209,C006551,Home,492 Kelly Plains Suite 619,Fort Lauderdale,FL,94308
A008210,C006552,Home,5734 King Turnpike Apt. 375,Tallahassee,FL,76135
A008211,C006553,Home,825 Wilson Skyway,Tallahassee,FL,35573
A008212,C006554,Home,0783 Kelsey Mission Suite 743,Jacksonville,FL,37961
A008213,C006555,Home,57183 Daniel Lodge,Coral Springs,FL,02414
A008214,C006556,Home,31677 Trevor Way Suite 037,Pembroke Pines,FL,63224
A008215,C006557,Home,113 Tina Station Apt. 954,Boca Raton,FL,11397
A008216,C006557,Mailing,2879 Kelley Views Suite 792,Pembroke Pines,FL,23893
A008217,C006558,Home,0255 Bethany Dam,Miami,FL,41764
A008218,C006559,Home,50192 Theresa Valley Suite 333,Naples,FL,19263
A008219,C006560,Home,8165 Tina Villages Apt. 951,West Palm Beach,FL,67454
A008220,C006560,Mailing,37755 Sutton Estate Suite 803,Pembroke Pines,FL,24684
A008221,C006561,Home,933 Alvarez Hill,Gainesville,FL,86029
A008222,C006561,Mailing,01183 Richard Glens Suite 257,Pembroke Pines,FL,44261
A008223,C006562,Home,0137 Angel Terrace Apt. 686,Tampa,FL,04455
A008224,C006563,Home,9197 Page Common Apt. 568,Gainesville,FL,03581
A008225,C006564,Home,26714 Joshua Grove,Orlando,FL,25206
A008226,C006564,Mailing,8173 Williamson Island,Tampa,FL,94774
A008227,C006565,Home,487 Hawkins Track,Hollywood,FL,63427
A008228,C006565,Mailing,087 Rebekah Station,Boca Raton,FL,90786
A008229,C006566,Home,2318 Joseph Cove Apt. 382,Miami,FL,68125
A008230,C006567,Home,34010 Wright Glen,Jacksonville,FL,44617
A008231,C006568,Home,88582 Paula Loop Apt. 993,Tampa,FL,87217
A008232,C006569,Home,9329 Wright Prairie,Miami,FL,94196
A008233,C006570,Home,350 West Vista Apt. 231,Coral Springs,FL,45577
A008234,C006570,Mailing,44177 Pamela Row Apt. 691,Naples,FL,90669
A008235,C006571,Home,5433 Bowman Street,Fort Lauderdale,FL,23333
A008236,C006571,Mailing,676 William Key,Boca Raton,FL,41284
A008237,C006572,Home,678 Torres Rue Suite 018,Tampa,FL,27280
A008238,C006573,Home,5545 Miller Oval,Sarasota,FL,04804
A008239,C006574,Home,652 Amanda Ville Suite 862,Tallahassee,FL,70195
A008240,C006574,Mailing,97404 Nguyen Forks,West Palm Beach,FL,23042
A008241,C006575,Home,549 Torres River Suite 761,Fort Lauderdale,FL,19233
A008242,C006576,Home,7079 Christian Stravenue,Tallahassee,FL,37800
A008243,C006577,Home,5586 Griffin Flats,Davie,FL,45613
A008244,C006577,Mailing,25252 Robert Forest,Naples,FL,92692
A008245,C006578,Home,437 Nicole View,Miami,FL,83727
A008246,C006579,Home,349 Brooks Ridges,Naples,FL,33100
A008247,C006579,Mailing,477 Price Ville Suite 487,Fort Lauderdale,FL,73347
A008248,C006580,Home,955 Lisa Dam Apt. 404,Tallahassee,FL,58630
A008249,C006581,Home,7799 Clark Terrace Apt. 958,Gainesville,FL,06324
A008250,C006582,Home,372 Leach Drive,Naples,FL,15486
A008251,C006583,Home,2486 Gregg Stream Apt. 679,Sarasota,FL,20914
A008252,C006584,Home,5825 Valerie Place,Miami,FL,02524
A008253,C006585,Home,1165 Robert Summit Suite 612,Boca Raton,FL,27527
A008254,C006586,Home,40520 Nelson Stream Suite 186,Jacksonville,FL,14952
A008255,C006587,Home,129 Bridges Pine Suite 489,Gainesville,FL,58503
A008256,C006587,Mailing,94049 Ryan Spur Suite 276,Naples,FL,92066
A008257,C006588,Home,290 Amber Cove Apt. 728,Coral Springs,FL,10733
A008258,C006589,Home,04075 Brandon Plaza Apt. 359,Fort Lauderdale,FL,96223
A008259,C006590,Home,15184 Peter Crest Suite 198,Orlando,FL,92641
A008260,C006591,Home,26795 Jones Island Suite 506,Gainesville,FL,49569
A008261,C006592,Home,9753 Long Plains Apt. 512,Boca Raton,FL,08807
A008262,C006593,Home,74238 Long Junction,Miami,FL,49446
A008263,C006594,Home,299 Rodriguez Underpass Apt. 069,Naples,FL,25595
A008264,C006595,Home,88406 Allen Throughway,Naples,FL,09109
A008265,C006596,Home,8876 Colin Throughway Suite 225,Jacksonville,FL,83227
A008266,C006597,Home,6397 Terrell Wall,Davie,FL,43958
A008267,C006598,Home,66394 Holloway Light,Naples,FL,48517
A008268,C006599,Home,275 Jensen Burgs,Davie,FL,14105
A008269,C006600,Home,0119 John Mission Apt. 059,Davie,FL,24101
A008270,C006601,Home,4572 Chavez Causeway Suite 623,Orlando,FL,73757
A008271,C006602,Home,412 Smith Summit,Jacksonville,FL,48141
A008272,C006602,Mailing,6189 Haas Pike,Miami,FL,42122
A008273,C006603,Home,90777 Angela Ville Suite 939,Tampa,FL,01774
A008274,C006604,Home,490 Sheila Mountain Suite 461,Naples,FL,36672
A008275,C006605,Home,602 Foster Manor Apt. 842,West Palm Beach,FL,09731
A008276,C006606,Home,906 Anderson Knolls,Coral Springs,FL,71958
A008277,C006607,Home,5601 Erickson Valleys,Naples,FL,30507
A008278,C006607,Mailing,972 Robert Port,Coral Springs,FL,50641
A008279,C006608,Home,921 Baxter Falls,Davie,FL,27808
A008280,C006609,Home,792 Warren Circle Apt. 767,Naples,FL,45877
A008281,C006610,Home,5961 Novak Meadow,Boca Raton,FL,81675
A008282,C006611,Home,29283 Lucero Drives,Orlando,FL,94587
A008283,C006612,Home,089 Jones Lane,Jacksonville,FL,82486
A008284,C006613,Home,036 Flores Rest,Miami,FL,20817
A008285,C006614,Home,748 Maria Summit,Orlando,FL,82055
A008286,C006615,Home,587 Gabriel Shoals Apt. 406,Boca Raton,FL,56302
A008287,C006615,Mailing,57716 Stephanie Mews,Coral Springs,FL,19311
A008288,C006616,Home,290 Kenneth River Suite 831,Gainesville,FL,80390
A008289,C006617,Home,174 Christopher Trace,Orlando,FL,46396
A008290,C006617,Mailing,6426 Charles Mountains Apt. 532,Pembroke Pines,FL,30460
A008291,C006618,Home,83919 Rebecca Points Apt. 451,Davie,FL,74438
A008292,C006619,Home,1415 Ortega Cliffs Apt. 859,Miami,FL,91078
A008293,C006620,Home,936 Maurice Cape Apt. 368,West Palm Beach,FL,08545
A008294,C006621,Home,02011 Diaz Coves Apt. 558,Sarasota,FL,04103
A008295,C006622,Home,33150 April Plains,Orlando,FL,61812
A008296,C006623,Home,28759 Barrett Inlet,Gainesville,FL,26691
A008297,C006624,Home,3727 Colin Club,Orlando,FL,95097
A008298,C006625,Home,5795 Pearson Vista Suite 770,Pembroke Pines,FL,51272
A008299,C006626,Home,243 Gary Circle Suite 455,Miami,FL,93949
A008300,C006626,Mailing,32403 Brennan Centers Apt. 651,Boca Raton,FL,01240
A008301,C006627,Home,1365 Rogers Mews Apt. 818,Tallahassee,FL,77089
A008302,C006628,Home,9958 Burke Forks Apt. 161,Davie,FL,41562
A008303,C006629,Home,046 Ryan Unions,Fort Lauderdale,FL,06100
A008304,C006630,Home,78163 Joseph Well Suite 430,Gainesville,FL,19398
A008305,C006630,Mailing,757 Erica Street,Tampa,FL,80033
A008306,C006631,Home,31681 John Hill,Boca Raton,FL,72186
A008307,C006632,Home,611 Carla Drive,Coral Springs,FL,09028
A008308,C006632,Mailing,3478 Heather Brook,Pembroke Pines,FL,58322
A008309,C006633,Home,70502 Wilson Port Apt. 248,Hollywood,FL,92465
A008310,C006633,Mailing,5308 Ashley Highway,Miami,FL,77531
A008311,C006634,Home,3848 Michael Lodge Suite 651,Pembroke Pines,FL,60489
A008312,C006635,Home,7645 Jennifer Summit Suite 563,Gainesville,FL,56002
A008313,C006636,Home,4100 Morris Mission Apt. 969,West Palm Beach,FL,25686
A008314,C006636,Mailing,2003 Caroline Union,Sarasota,FL,56645
A008315,C006637,Home,62476 Smith Locks,Coral Springs,FL,92841
A008316,C006638,Home,048 Thornton Squares,Fort Lauderdale,FL,98290
A008317,C006639,Home,27169 Catherine Drives,Sarasota,FL,79234
A008318,C006639,Mailing,44930 Garcia Center,Miami,FL,26495
A008319,C006640,Home,94758 Wyatt Squares,Orlando,FL,89627
A008320,C006641,Home,80771 Baker Burg,West Palm Beach,FL,81700
A008321,C006642,Home,6816 Renee Junctions,Coral Springs,FL,03583
A008322,C006643,Home,8652 Knapp Trafficway,Miami,FL,46226
A008323,C006644,Home,296 Dawn Estates Apt. 766,Coral Springs,FL,16604
A008324,C006645,Home,72514 Young Junctions Suite 677,Pembroke Pines,FL,40020
A008325,C006646,Home,613 Flowers Keys,Boca Raton,FL,95598
A008326,C006646,Mailing,700 Lewis Tunnel Suite 194,Jacksonville,FL,20269
A008327,C006647,Home,669 Gonzalez Spring Apt. 671,Jacksonville,FL,21136
A008328,C006648,Home,9027 Brittany Lock,Tallahassee,FL,06918
A008329,C006649,Home,6482 Richard Via Apt. 490,Pembroke Pines,FL,17092
A008330,C006649,Mailing,61514 Kline Roads,Sarasota,FL,16579
A008331,C006650,Home,522 Dominguez Club,Pembroke Pines,FL,45472
A008332,C006651,Home,365 Jorge Port Suite 041,Gainesville,FL,64329
A008333,C006651,Mailing,261 Wheeler Via Suite 469,Boca Raton,FL,71033
A008334,C006652,Home,824 Page Mountains,Tampa,FL,99357
A008335,C006653,Home,1595 Sara Tunnel Apt. 682,Jacksonville,FL,62080
A008336,C006654,Home,004 Conrad Summit Apt. 315,Miami,FL,13652
A008337,C006654,Mailing,1806 Rodriguez Points,Pembroke Pines,FL,84239
A008338,C006655,Home,275 Gonzalez Lodge Suite 073,Jacksonville,FL,10969
A008339,C006656,Home,1995 Nicholas Springs Suite 050,Pembroke Pines,FL,63039
A008340,C006657,Home,86680 Weber Trace,Gainesville,FL,96821
A008341,C006658,Home,354 Anderson Loaf Apt. 344,Jacksonville,FL,92002
A008342,C006659,Home,24644 Dustin Island Apt. 311,Gainesville,FL,46587
A008343,C006660,Home,4835 Ruiz Oval Suite 888,Fort Lauderdale,FL,17907
A008344,C006661,Home,9960 Scott Knolls Apt. 292,West Palm Beach,FL,05932
A008345,C006661,Mailing,922 Vincent Throughway Suite 603,Tampa,FL,07578
A008346,C006662,Home,71216 Davis Curve,Coral Springs,FL,06902
A008347,C006663,Home,766 Amanda Loop Suite 108,Sarasota,FL,77802
A008348,C006663,Mailing,3786 Dougherty Spurs Suite 127,Hollywood,FL,91301
A008349,C006664,Home,9178 Jacob Drive,Orlando,FL,32790
A008350,C006664,Mailing,67644 Paul Curve,West Palm Beach,FL,23799
A008351,C006665,Home,083 Hansen Knoll Suite 815,Tallahassee,FL,25643
A008352,C006666,Home,7396 Jorge Land,Boca Raton,FL,77019
A008353,C006667,Home,36978 Tamara Mews,Hollywood,FL,57508
A008354,C006667,Mailing,8503 Snow Coves,Naples,FL,76476
A008355,C006668,Home,16984 Donald Coves,Sarasota,FL,13337
A008356,C006669,Home,019 Cory Prairie Suite 848,Naples,FL,01447
A008357,C006670,Home,345 Amy Squares,Hollywood,FL,98528
A008358,C006671,Home,56993 Smith Knolls,Tampa,FL,90008
A008359,C006672,Home,25857 Smith Orchard,Orlando,FL,17644
A008360,C006673,Home,2000 Fowler Plaza Apt. 987,Hollywood,FL,96122
A008361,C006674,Home,342 Danielle Islands,Coral Springs,FL,98910
A008362,C006675,Home,03253 Monica Views,Coral Springs,FL,35458
A008363,C006675,Mailing,41706 Michael Ramp,Tallahassee,FL,12836
A008364,C006676,Home,504 Kelsey Mount,Miami,FL,80576
A008365,C006677,Home,247 Reynolds Knoll,Naples,FL,18851
A008366,C006678,Home,6204 Baker Light Suite 611,West Palm Beach,FL,22151
A008367,C006679,Home,11978 Wilson Glens Suite 364,Fort Lauderdale,FL,13828
A008368,C006680,Home,522 Valerie Forge,Gainesville,FL,58150
A008369,C006681,Home,293 Stewart Village Suite 768,Gainesville,FL,88149
A008370,C006682,Home,959 Lindsay Unions Suite 775,Boca Raton,FL,84830
A008371,C006683,Home,95576 Heather Divide Suite 989,Boca Raton,FL,13999
A008372,C006684,Home,2169 Hill Overpass,Tallahassee,FL,55661
A008373,C006685,Home,4593 Foster Lake Suite 742,Tampa,FL,86220
A008374,C006685,Mailing,52222 Burgess Branch,Hollywood,FL,83883
A008375,C006686,Home,2851 William Crossroad Apt. 812,Boca Raton,FL,84934
A008376,C006687,Home,192 Joseph Ridges,Miami,FL,29051
A008377,C006688,Home,7115 Angela Fall,Davie,FL,69399
A008378,C006689,Home,313 Galvan Ford,Boca Raton,FL,97685
A008379,C006689,Mailing,37151 Horton Landing Suite 547,Miami,FL,03976
A008380,C006690,Home,87054 Marquez Parks Apt. 484,Sarasota,FL,08839
A008381,C006691,Home,47472 Bailey Port,Miami,FL,86994
A008382,C006692,Home,13522 Pruitt Camp,Davie,FL,43671
A008383,C006692,Mailing,26903 Morris Circle Apt. 227,Boca Raton,FL,91495
A008384,C006693,Home,5159 Timothy Harbors Suite 358,Naples,FL,99455
A008385,C006694,Home,073 Dawn Mount,Orlando,FL,84762
A008386,C006695,Home,07620 Theresa Keys Suite 449,Coral Springs,FL,51559
A008387,C006696,Home,926 Orr Lodge,Sarasota,FL,88615
A008388,C006697,Home,05147 Ball Creek Apt. 858,Tallahassee,FL,49685
A008389,C006698,Home,809 Brandon Parks Apt. 292,Gainesville,FL,39974
A008390,C006698,Mailing,336 Anderson Villages,Tallahassee,FL,52476
A008391,C006699,Home,9137 Katie Turnpike Suite 027,Davie,FL,91404
A008392,C006700,Home,141 Elliott Glen Apt. 934,Sarasota,FL,37159
A008393,C006700,Mailing,705 Graham Spring,Coral Springs,FL,75602
A008394,C006701,Home,636 Miller Field,Pembroke Pines,FL,42481
A008395,C006702,Home,0978 Kim Ways,Gainesville,FL,20613
A008396,C006702,Mailing,87935 Alyssa Crossing,Sarasota,FL,51466
A008397,C006703,Home,308 Harris Mountain,Orlando,FL,61083
A008398,C006704,Home,84182 Williamson Turnpike Apt. 445,Gainesville,FL,97799
A008399,C006704,Mailing,761 Mary Landing Apt. 220,Tallahassee,FL,90466
A008400,C006705,Home,88336 Anna Rest Suite 970,Jacksonville,FL,78154
A008401,C006706,Home,575 Rivera Heights Suite 878,Davie,FL,63181
A008402,C006707,Home,9253 Heather Trace Suite 745,Boca Raton,FL,56111
A008403,C006708,Home,27861 Carpenter Keys Apt. 189,Fort Lauderdale,FL,99027
A008404,C006709,Home,57935 Elizabeth Shores Apt. 372,Fort Lauderdale,FL,81510
A008405,C006710,Home,400 Clark Overpass Apt. 013,Jacksonville,FL,22080
A008406,C006711,Home,9746 Lopez Mountains,Coral Springs,FL,94542
A008407,C006712,Home,0198 Jimenez Club,Sarasota,FL,88629
A008408,C006712,Mailing,241 Deborah Meadow Apt. 565,Orlando,FL,60357
A008409,C006713,Home,16445 Shane Mountain Apt. 721,Hollywood,FL,29013
A008410,C006714,Home,8296 Carter Lane,Pembroke Pines,FL,98460
A008411,C006714,Mailing,495 Velasquez Terrace,Orlando,FL,58240
A008412,C006715,Home,386 Michelle Squares,Tampa,FL,65455
A008413,C006716,Home,42502 Thompson Drive Suite 164,Miami,FL,94141
A008414,C006717,Home,591 Miller Mountain Apt. 032,Coral Springs,FL,66631
A008415,C006718,Home,37408 Lance Spur Suite 456,Tallahassee,FL,63146
A008416,C006719,Home,84721 Michael Way,Fort Lauderdale,FL,09006
A008417,C006720,Home,67028 Tran Village,Naples,FL,51288
A008418,C006720,Mailing,7101 Stephens Haven Apt. 700,Gainesville,FL,42861
A008419,C006721,Home,941 Christine Spur Suite 075,Hollywood,FL,14054
A008420,C006722,Home,6868 Johnson Lodge,Naples,FL,10917
A008421,C006722,Mailing,83605 Kimberly Harbor,Pembroke Pines,FL,57580
A008422,C006723,Home,7344 Ryan Ferry,Boca Raton,FL,31075
A008423,C006724,Home,8530 Sims Pines,Coral Springs,FL,18016
A008424,C006725,Home,20163 Michelle Keys Suite 899,Sarasota,FL,54486
A008425,C006726,Home,6302 Yvonne Cape,Davie,FL,82031
A008426,C006727,Home,8548 Thomas Crescent Apt. 895,Jacksonville,FL,83704
A008427,C006728,Home,8872 Thomas Fork,Orlando,FL,31853
A008428,C006728,Mailing,938 Gonzalez Glens Apt. 089,Gainesville,FL,96474
A008429,C006729,Home,31781 Fowler Estates Suite 189,Naples,FL,78702
A008430,C006730,Home,143 Justin Turnpike,Naples,FL,78246
A008431,C006731,Home,803 White Forge Apt. 020,Tampa,FL,23783
A008432,C006732,Home,250 Mark Isle,Naples,FL,68696
A008433,C006732,Mailing,30123 Adrian Manor,Naples,FL,75900
A008434,C006733,Home,689 Johnson Falls Apt. 688,Tampa,FL,58370
A008435,C006734,Home,0976 Grace Trail,West Palm Beach,FL,50034
A008436,C006735,Home,1669 Joseph Wells,Gainesville,FL,94884
A008437,C006736,Home,6028 Carpenter Burgs,Coral Springs,FL,12652
A008438,C006737,Home,5750 Jackson Path,Hollywood,FL,70435
A008439,C006738,Home,75908 Jessica Cape,Hollywood,FL,55933
A008440,C006739,Home,369 Steven Prairie Apt. 455,Pembroke Pines,FL,89739
A008441,C006739,Mailing,029 Thomas Islands,Naples,FL,33863
A008442,C006740,Home,6342 Dennis Vista Suite 296,Sarasota,FL,97223
A008443,C006740,Mailing,867 Beck Springs,Sarasota,FL,69501
A008444,C006741,Home,0820 Shannon Mountains,Jacksonville,FL,09340
A008445,C006742,Home,689 Joel Trail Suite 687,Boca Raton,FL,50271
A008446,C006742,Mailing,6424 Watson Valleys,Naples,FL,36781
A008447,C006743,Home,32996 Perkins Walks,Davie,FL,93771
A008448,C006744,Home,215 Andrew Station,Hollywood,FL,53637
A008449,C006744,Mailing,700 Hall Burgs Suite 999,Gainesville,FL,81406
A008450,C006745,Home,768 Jamie Mountains Apt. 360,Gainesville,FL,04563
A008451,C006746,Home,85699 Crawford Center Apt. 816,Miami,FL,21359
A008452,C006747,Home,03426 Kathy Manors,Tallahassee,FL,71202
A008453,C006748,Home,277 Smith Path,Sarasota,FL,16443
A008454,C006748,Mailing,776 Cynthia Ferry,Tampa,FL,07639
A008455,C006749,Home,109 James Estate Apt. 611,Tallahassee,FL,58772
A008456,C006750,Home,49765 Denise Mountains Suite 142,Fort Lauderdale,FL,09648
A008457,C006751,Home,986 Martin Hill,Tampa,FL,64560
A008458,C006752,Home,855 Christopher Lake Apt. 979,Miami,FL,14945
A008459,C006753,Home,7334 Kevin Plaza,Tampa,FL,61564
A008460,C006753,Mailing,96619 Brandy Circle,Davie,FL,79042
A008461,C006754,Home,309 Medina Port Apt. 573,Jacksonville,FL,49725
A008462,C006754,Mailing,99041 Daniel Turnpike Apt. 388,Jacksonville,FL,34525
A008463,C006755,Home,18845 Ferrell Avenue Suite 783,Coral Springs,FL,01947
A008464,C006755,Mailing,99817 Tiffany Villages Suite 241,Tampa,FL,60504
A008465,C006756,Home,60298 Simmons Pine Suite 997,Boca Raton,FL,16899
A008466,C006756,Mailing,775 Rebecca Tunnel,Coral Springs,FL,24059
A008467,C006757,Home,693 Harrison Canyon,Davie,FL,73898
A008468,C006757,Mailing,258 Shelia Plains,Fort Lauderdale,FL,52114
A008469,C006758,Home,513 Vaughn Isle,Coral Springs,FL,48968
A008470,C006758,Mailing,17543 Andersen Port Suite 646,Gainesville,FL,26124
A008471,C006759,Home,6594 Jessica Coves,Pembroke Pines,FL,23996
A008472,C006759,Mailing,8553 Jose Via,Tallahassee,FL,68887
A008473,C006760,Home,476 Martin Course,Hollywood,FL,07773
A008474,C006761,Home,548 Deanna Cliffs,Fort Lauderdale,FL,27911
A008475,C006761,Mailing,69110 Justin Pines,Miami,FL,03686
A008476,C006762,Home,882 Montgomery Court,Davie,FL,51758
A008477,C006763,Home,1653 Terri Locks Suite 242,Pembroke Pines,FL,27022
A008478,C006764,Home,676 Harvey Mount,Hollywood,FL,08935
A008479,C006765,Home,5412 Ryan Throughway,Miami,FL,23647
A008480,C006766,Home,0611 Navarro Highway,West Palm Beach,FL,98058
A008481,C006767,Home,8009 Le Station Suite 722,Jacksonville,FL,23409
A008482,C006768,Home,994 Oneill Mill Suite 996,Fort Lauderdale,FL,00507
A008483,C006769,Home,614 Winters Alley Suite 560,Fort Lauderdale,FL,37173
A008484,C006770,Home,7529 Stacy Junction,Sarasota,FL,57385
A008485,C006771,Home,0895 Bryant Lane Apt. 464,Pembroke Pines,FL,83258
A008486,C006772,Home,8143 Regina Springs Apt. 172,Miami,FL,76908
A008487,C006773,Home,099 Austin Plain Suite 427,Gainesville,FL,30980
A008488,C006773,Mailing,09428 Stone Valley,Coral Springs,FL,71499
A008489,C006774,Home,672 Lawrence Dam Suite 391,Pembroke Pines,FL,59278
A008490,C006775,Home,601 Pierce Green Suite 146,Naples,FL,01253
A008491,C006775,Mailing,6708 Miles Centers,Miami,FL,05869
A008492,C006776,Home,43176 Kaitlin Knoll Suite 349,Jacksonville,FL,02766
A008493,C006777,Home,81546 Burns Lodge,Sarasota,FL,77075
A008494,C006777,Mailing,2051 Rivers Light Suite 458,Tallahassee,FL,35924
A008495,C006778,Home,1024 Susan Neck Suite 274,Orlando,FL,33655
A008496,C006779,Home,1189 Smith Ports Apt. 265,Pembroke Pines,FL,29154
A008497,C006780,Home,17215 Robert Circle,Gainesville,FL,38790
A008498,C006780,Mailing,7040 Ramirez Harbors,Pembroke Pines,FL,83678
A008499,C006781,Home,604 Timothy Ramp Apt. 988,Tallahassee,FL,86201
A008500,C006781,Mailing,0459 Mcconnell Hill Apt. 632,Boca Raton,FL,62756
A008501,C006782,Home,164 Dylan Court Apt. 010,Jacksonville,FL,69352
A008502,C006783,Home,1285 Gibson Terrace,Fort Lauderdale,FL,81861
A008503,C006784,Home,181 Andrew Tunnel Suite 361,Pembroke Pines,FL,96641
A008504,C006784,Mailing,40144 Green Shores Suite 497,Orlando,FL,73370
A008505,C006785,Home,985 Lane Junction,Sarasota,FL,45175
A008506,C006785,Mailing,920 Harris Key Apt. 133,Naples,FL,39764
A008507,C006786,Home,601 Long Orchard Apt. 245,Davie,FL,65596
A008508,C006787,Home,55862 Angela Motorway,Davie,FL,47166
A008509,C006788,Home,587 Patricia Stravenue Apt. 036,Jacksonville,FL,95828
A008510,C006789,Home,5397 Michael Park,Tallahassee,FL,60661
A008511,C006790,Home,5843 Carrillo Squares,Hollywood,FL,27025
A008512,C006791,Home,45460 Lucas Turnpike,Fort Lauderdale,FL,43480
A008513,C006792,Home,4766 Ortiz Ramp,West Palm Beach,FL,46404
A008514,C006793,Home,86398 Lori Squares,West Palm Beach,FL,88297
A008515,C006794,Home,09927 Jonathan Lakes,Miami,FL,71141
A008516,C006795,Home,3878 Gallagher Lodge,Fort Lauderdale,FL,20871
A008517,C006795,Mailing,496 Steven Heights,Davie,FL,99247
A008518,C006796,Home,277 Dunn Ranch,Sarasota,FL,84414
A008519,C006797,Home,222 Hamilton Mews Suite 351,Davie,FL,13775
A008520,C006798,Home,509 Webb Stravenue,Fort Lauderdale,FL,41605
A008521,C006799,Home,43593 Warner Views Apt. 979,Tampa,FL,90691
A008522,C006800,Home,0796 Young Views,West Palm Beach,FL,22607
A008523,C006801,Home,724 Rodriguez Stream Apt. 177,Jacksonville,FL,87643
A008524,C006802,Home,704 Peterson Rue Suite 260,Fort Lauderdale,FL,75664
A008525,C006803,Home,6808 Cowan Heights,Hollywood,FL,54600
A008526,C006803,Mailing,31773 Amber Drives Apt. 878,Gainesville,FL,04048
A008527,C006804,Home,6712 Alexander Forge,Coral Springs,FL,40163
A008528,C006804,Mailing,3062 Connie Hollow Suite 690,Davie,FL,98321
A008529,C006805,Home,19424 Carol Shoal,Fort Lauderdale,FL,21120
A008530,C006805,Mailing,484 Kenneth Loop,Gainesville,FL,25798
A008531,C006806,Home,9422 Jackson Haven,West Palm Beach,FL,24099
A008532,C006806,Mailing,26243 Dawn Junction,Pembroke Pines,FL,13236
A008533,C006807,Home,1408 Mccoy Extension,Orlando,FL,62584
A008534,C006808,Home,671 Warner Canyon,Tampa,FL,84566
A008535,C006809,Home,8138 Cindy Lodge,Tampa,FL,19738
A008536,C006809,Mailing,320 Hebert Roads,Hollywood,FL,36998
A008537,C006810,Home,685 Lang Hills Suite 680,Sarasota,FL,69002
A008538,C006811,Home,4657 Hernandez Knolls Suite 257,Tallahassee,FL,39157
A008539,C006812,Home,8174 Joseph Cove Apt. 759,Orlando,FL,41771
A008540,C006812,Mailing,1159 Massey Springs,Tallahassee,FL,77663
A008541,C006813,Home,127 Matthew Mills Apt. 954,Orlando,FL,31886
A008542,C006814,Home,197 Jacqueline Station,Naples,FL,43538
A008543,C006814,Mailing,43453 Gabriel Route,Tampa,FL,51388
A008544,C006815,Home,430 Gabriela Points,Naples,FL,31867
A008545,C006816,Home,691 Mary Key,Tallahassee,FL,07056
A008546,C006817,Home,31492 Castro Pass,Orlando,FL,71744
A008547,C006818,Home,8628 Reed Spring Apt. 905,Sarasota,FL,80238
A008548,C006819,Home,3768 Reese Way Suite 868,Boca Raton,FL,11480
A008549,C006820,Home,000 King Plaza Apt. 202,Gainesville,FL,86671
A008550,C006821,Home,62121 Michelle Stravenue Suite 242,Tampa,FL,05885
A008551,C006821,Mailing,66861 Sabrina Parkway Apt. 009,Sarasota,FL,87974
A008552,C006822,Home,8198 Tucker Prairie Suite 052,Miami,FL,56085
A008553,C006823,Home,970 Amanda Burgs Suite 619,Hollywood,FL,38588
A008554,C006824,Home,76585 Kaufman Crest,Pembroke Pines,FL,85769
A008555,C006824,Mailing,8086 Mary Shoal Suite 951,West Palm Beach,FL,17826
A008556,C006825,Home,23925 Ashley Knolls Suite 186,Pembroke Pines,FL,07343
A008557,C006826,Home,609 Dennis Street Suite 396,West Palm Beach,FL,47895
A008558,C006826,Mailing,0879 Clements Roads Suite 061,West Palm Beach,FL,38072
A008559,C006827,Home,903 Edwards Parks Apt. 247,Miami,FL,35876
A008560,C006828,Home,311 Kelly Glen,Coral Springs,FL,23939
A008561,C006829,Home,61954 Brianna Lights Apt. 374,Miami,FL,24164
A008562,C006830,Home,40298 Mark Way Apt. 167,Jacksonville,FL,56328
A008563,C006831,Home,036 Michael Stravenue,Fort Lauderdale,FL,56213
A008564,C006832,Home,8323 Cowan Oval,Tallahassee,FL,91389
A008565,C006832,Mailing,303 Justin Shore,Fort Lauderdale,FL,21795
A008566,C006833,Home,99913 Nicole Dam Suite 102,Coral Springs,FL,59225
A008567,C006833,Mailing,658 Miller Village,Tampa,FL,38795
A008568,C006834,Home,2975 Phillip Fork,Coral Springs,FL,11815
A008569,C006835,Home,00286 Wallace Estates,Gainesville,FL,12242
A008570,C006836,Home,77106 Jeffrey Trace,Sarasota,FL,54702
A008571,C006836,Mailing,5843 Cline Street,Sarasota,FL,52786
A008572,C006837,Home,418 Tracy Inlet,Boca Raton,FL,55593
A008573,C006838,Home,826 Kevin Loop Apt. 833,Boca Raton,FL,77349
A008574,C006839,Home,939 Ball Green Apt. 797,Tallahassee,FL,43757
A008575,C006840,Home,95274 Craig Coves Suite 107,Miami,FL,85254
A008576,C006841,Home,18652 Matthew Isle,Naples,FL,98993
A008577,C006842,Home,0871 Carlos Walks,Orlando,FL,11755
A008578,C006843,Home,1817 Brian Crest Suite 046,Miami,FL,73315
A008579,C006844,Home,13553 Michael Forge Apt. 878,Pembroke Pines,FL,38969
A008580,C006844,Mailing,08506 Leslie Spurs,Hollywood,FL,21497
A008581,C006845,Home,88265 Mahoney Corners Suite 469,Orlando,FL,25371
A008582,C006845,Mailing,75020 Davis Crest Apt. 355,Davie,FL,52243
A008583,C006846,Home,010 Thomas Fields,Davie,FL,41887
A008584,C006847,Home,108 Stokes Square,Naples,FL,59905
A008585,C006847,Mailing,64837 Caroline Knolls,Orlando,FL,98798
A008586,C006848,Home,29526 Boone Flat,Coral Springs,FL,97924
A008587,C006849,Home,0244 Jacqueline Lane Suite 410,Naples,FL,30487
A008588,C006850,Home,159 Jesse Common,Orlando,FL,71381
A008589,C006851,Home,55148 Johnston Drive,West Palm Beach,FL,22648
A008590,C006851,Mailing,19315 Tracy Hollow,Coral Springs,FL,32418
A008591,C006852,Home,50826 Christopher Underpass,Pembroke Pines,FL,53257
A008592,C006853,Home,18840 Brittany Neck,Pembroke Pines,FL,93810
A008593,C006854,Home,7202 Yoder Groves Apt. 690,Pembroke Pines,FL,39102
A008594,C006854,Mailing,9677 Christine Canyon Suite 000,West Palm Beach,FL,00886
A008595,C006855,Home,280 Meyers Radial Apt. 711,Coral Springs,FL,03073
A008596,C006856,Home,829 Christopher Stravenue,Davie,FL,15041
A008597,C006857,Home,0026 Yu Stream,Naples,FL,87775
A008598,C006857,Mailing,36950 Christie Mills Suite 083,Miami,FL,91856
A008599,C006858,Home,04675 Joshua Trace,Gainesville,FL,53858
A008600,C006859,Home,641 Peter Bypass Apt. 221,Hollywood,FL,78543
A008601,C006860,Home,9936 Cisneros Pass Apt. 707,Tampa,FL,86616
A008602,C006861,Home,0030 Deborah Park Suite 598,Naples,FL,69703
A008603,C006862,Home,789 Bradley Pines Apt. 685,Tampa,FL,16773
A008604,C006863,Home,70134 Daniel Greens Apt. 780,Coral Springs,FL,88354
A008605,C006864,Home,297 Burton Shores Suite 065,Boca Raton,FL,68033
A008606,C006864,Mailing,144 Hunt Crossing,Naples,FL,91557
A008607,C006865,Home,0773 David Passage,Sarasota,FL,10253
A008608,C006866,Home,813 Sherman Meadows Suite 559,Gainesville,FL,01837
A008609,C006867,Home,22459 Elizabeth Turnpike,Davie,FL,29567
A008610,C006868,Home,4923 Peters Mountains Apt. 771,Coral Springs,FL,47972
A008611,C006869,Home,556 John Landing Apt. 574,Hollywood,FL,54404
A008612,C006870,Home,7821 Jones Plaza Apt. 175,Gainesville,FL,25393
A008613,C006871,Home,95079 Phillips Fork,Orlando,FL,07720
A008614,C006872,Home,44636 Franklin Valley Suite 669,Boca Raton,FL,50049
A008615,C006873,Home,000 Alvarez Field,Orlando,FL,99792
A008616,C006873,Mailing,38172 Christian Ramp,Tallahassee,FL,65155
A008617,C006874,Home,65086 Tracy Ramp Suite 322,Sarasota,FL,76392
A008618,C006875,Home,917 Ricky Pike,Gainesville,FL,78302
A008619,C006876,Home,170 Amber Run,Coral Springs,FL,47367
A008620,C006877,Home,1810 Franklin Union,Fort Lauderdale,FL,13088
A008621,C006878,Home,64973 Kimberly Passage,Naples,FL,12074
A008622,C006878,Mailing,6296 Estes Hill Apt. 617,Fort Lauderdale,FL,62398
A008623,C006879,Home,540 Peter Brook,Pembroke Pines,FL,91763
A008624,C006880,Home,759 Jesse Causeway Suite 982,Boca Raton,FL,86806
A008625,C006881,Home,159 James Square Suite 193,West Palm Beach,FL,11575
A008626,C006881,Mailing,4103 Perez Gardens Suite 419,Pembroke Pines,FL,48309
A008627,C006882,Home,182 Steven Freeway,Orlando,FL,22052
A008628,C006883,Home,32188 Robert Crescent Suite 587,Hollywood,FL,48006
A008629,C006884,Home,13761 Leonard Ferry Apt. 649,Coral Springs,FL,37057
A008630,C006885,Home,594 Burton Crest Suite 385,West Palm Beach,FL,22289
A008631,C006886,Home,87964 Elizabeth Wells Suite 065,Hollywood,FL,40143
A008632,C006887,Home,185 Richardson Vista,Pembroke Pines,FL,92706
A008633,C006888,Home,211 Jeffrey Locks Apt. 167,Hollywood,FL,11319
A008634,C006889,Home,7337 Rebecca Glens Suite 250,Hollywood,FL,44001
A008635,C006889,Mailing,92274 Patricia Gateway,Hollywood,FL,06729
A008636,C006890,Home,8315 Scott Ford,Gainesville,FL,79827
A008637,C006890,Mailing,012 Chad Common,Tampa,FL,70740
A008638,C006891,Home,12373 Becker Pines Apt. 902,Miami,FL,45559
A008639,C006892,Home,2974 Jodi Lane Apt. 326,West Palm Beach,FL,34882
A008640,C006892,Mailing,156 Johnson Radial,Sarasota,FL,88511
A008641,C006893,Home,626 Connie Lodge,Hollywood,FL,35993
A008642,C006893,Mailing,324 Penny Shore,Pembroke Pines,FL,65611
A008643,C006894,Home,3329 Turner Mountains Suite 530,Coral Springs,FL,09103
A008644,C006895,Home,138 Joseph Mall,Pembroke Pines,FL,67919
A008645,C006896,Home,316 Smith Summit Suite 538,Naples,FL,62725
A008646,C006897,Home,18208 Scott Alley Apt. 855,Tallahassee,FL,84819
A008647,C006898,Home,0079 Isaiah Garden Suite 470,Gainesville,FL,72609
A008648,C006899,Home,005 Sampson Lodge Apt. 912,West Palm Beach,FL,61000
A008649,C006900,Home,525 Sara Avenue Apt. 505,Tampa,FL,32093
A008650,C006900,Mailing,4222 Clark Ways Suite 117,Tallahassee,FL,28957
A008651,C006901,Home,13898 Bean Burgs,Pembroke Pines,FL,03294
A008652,C006901,Mailing,348 Hicks Drives,Miami,FL,28995
A008653,C006902,Home,659 Cristian Center,Orlando,FL,63128
A008654,C006902,Mailing,3501 Sara Shoal,Orlando,FL,50439
A008655,C006903,Home,357 Gardner Brook,Pembroke Pines,FL,99781
A008656,C006904,Home,1200 Jeremy Lake Suite 544,Pembroke Pines,FL,15497
A008657,C006905,Home,8063 Christopher Point Apt. 924,Tampa,FL,12099
A008658,C006906,Home,8493 Amanda Haven,Naples,FL,58940
A008659,C006906,Mailing,90701 Nicholas Stravenue,Gainesville,FL,77316
A008660,C006907,Home,879 Brittany Freeway,Davie,FL,49427
A008661,C006907,Mailing,1232 Paul Shoal,Tallahassee,FL,46260
A008662,C006908,Home,2807 Carlos Divide Apt. 360,Pembroke Pines,FL,13283
A008663,C006909,Home,825 Thomas Village Suite 994,Naples,FL,08449
A008664,C006910,Home,8120 Jonathan Forges,Coral Springs,FL,31783
A008665,C006911,Home,42745 Joseph Mission,Fort Lauderdale,FL,49194
A008666,C006911,Mailing,3174 Lynn Walks Apt. 172,Jacksonville,FL,46553
A008667,C006912,Home,33895 Ali Stravenue Suite 422,Tallahassee,FL,37063
A008668,C006912,Mailing,16075 Jeffrey Wall,West Palm Beach,FL,71524
A008669,C006913,Home,5191 Amber Port,Coral Springs,FL,63196
A008670,C006914,Home,076 David Pike Suite 371,Sarasota,FL,30218
A008671,C006915,Home,7193 Adams Circles,Miami,FL,31140
A008672,C006916,Home,135 Hebert Shores,Fort Lauderdale,FL,63617
A008673,C006917,Home,4577 Noah Flats,West Palm Beach,FL,59360
A008674,C006918,Home,691 Castaneda Green,Pembroke Pines,FL,91443
A008675,C006919,Home,8399 Jose Manor Apt. 558,Miami,FL,46815
A008676,C006920,Home,27510 Michael Union Suite 208,Hollywood,FL,22225
A008677,C006920,Mailing,3156 Allen Islands Suite 536,Pembroke Pines,FL,65416
A008678,C006921,Home,90499 Sutton Causeway Suite 415,Gainesville,FL,92920
A008679,C006922,Home,1515 Sharon Estate,Naples,FL,63922
A008680,C006923,Home,4956 Munoz Centers Suite 173,Coral Springs,FL,47396
A008681,C006923,Mailing,59689 Lambert Plain Suite 055,Boca Raton,FL,34103
A008682,C006924,Home,887 Katherine Branch Suite 427,Coral Springs,FL,12517
A008683,C006925,Home,01196 Kristen Squares,Fort Lauderdale,FL,80392
A008684,C006926,Home,605 Smith Inlet Apt. 799,Naples,FL,73683
A008685,C006927,Home,7703 Andrew Highway,West Palm Beach,FL,51624
A008686,C006928,Home,4196 Andres Locks,Orlando,FL,31391
A008687,C006929,Home,96443 Grace View,Orlando,FL,63342
A008688,C006930,Home,95975 Brian Place,Gainesville,FL,46008
A008689,C006931,Home,1242 Johnson Locks,Sarasota,FL,74716
A008690,C006931,Mailing,84903 Castro Knolls Suite 310,Hollywood,FL,02774
A008691,C006932,Home,352 Russell Lane,Orlando,FL,24373
A008692,C006933,Home,802 Anderson Loop,Coral Springs,FL,70319
A008693,C006934,Home,88299 Stacie Common,Pembroke Pines,FL,62273
A008694,C006935,Home,8537 Miller View,Jacksonville,FL,44153
A008695,C006936,Home,000 Williams Mews,Gainesville,FL,80954
A008696,C006936,Mailing,9654 Charles Light,Davie,FL,06172
A008697,C006937,Home,204 Rowe Streets,West Palm Beach,FL,47747
A008698,C006938,Home,066 James Shoals Suite 424,Miami,FL,67875
A008699,C006939,Home,6989 Tabitha Inlet Apt. 511,Tallahassee,FL,23279
A008700,C006940,Home,9703 Sharon Fields,Sarasota,FL,96060
A008701,C006941,Home,36534 Emma Estates Apt. 845,Pembroke Pines,FL,32565
A008702,C006942,Home,880 Rebecca Mills,Jacksonville,FL,42245
A008703,C006943,Home,158 Collins Drives Suite 249,Tallahassee,FL,61978
A008704,C006943,Mailing,37152 Jerry Turnpike,Orlando,FL,30454
A008705,C006944,Home,236 Lane Passage,Boca Raton,FL,95546
A008706,C006945,Home,5585 Moran Track Apt. 615,Boca Raton,FL,49153
A008707,C006946,Home,2073 Kaitlin Falls,Jacksonville,FL,32355
A008708,C006946,Mailing,02378 Butler Common,Tallahassee,FL,87474
A008709,C006947,Home,082 Webster Parks,West Palm Beach,FL,63031
A008710,C006948,Home,29555 Peter Estate Suite 618,Davie,FL,45329
A008711,C006949,Home,40102 Marcus Lane Suite 877,Tampa,FL,55923
A008712,C006950,Home,1721 Nguyen Bypass,Tallahassee,FL,06577
A008713,C006950,Mailing,692 Johnson Common Suite 265,Tallahassee,FL,66076
A008714,C006951,Home,0911 Bonilla Trafficway Suite 094,Fort Lauderdale,FL,17856
A008715,C006952,Home,2365 Luke Branch,Fort Lauderdale,FL,72160
A008716,C006953,Home,34981 Garrison Meadow,Hollywood,FL,68775
A008717,C006954,Home,286 Richard Point,Coral Springs,FL,21883
A008718,C006954,Mailing,971 Weaver Viaduct,Gainesville,FL,87941
A008719,C006955,Home,35822 Steven Creek,Coral Springs,FL,86342
A008720,C006955,Mailing,91135 Tracy Coves,Miami,FL,05444
A008721,C006956,Home,846 Amanda Via Suite 135,Naples,FL,02543
A008722,C006957,Home,9886 Fitzgerald Loop,Jacksonville,FL,84358
A008723,C006957,Mailing,8032 Gray Stravenue Suite 595,Tampa,FL,68703
A008724,C006958,Home,160 Turner Trail Suite 783,Orlando,FL,02291
A008725,C006959,Home,66215 Beth Island Apt. 752,Miami,FL,23131
A008726,C006960,Home,4831 Nicole Glen,West Palm Beach,FL,07451
A008727,C006961,Home,656 Gonzalez Port,Gainesville,FL,58451
A008728,C006962,Home,98813 Knapp River,Naples,FL,92061
A008729,C006962,Mailing,90535 Clark Well Suite 335,Jacksonville,FL,91451
A008730,C006963,Home,15198 Mathews Prairie Apt. 360,Gainesville,FL,96411
A008731,C006963,Mailing,338 Jackson Roads Apt. 175,Gainesville,FL,15645
A008732,C006964,Home,664 Pugh Ports Suite 564,Boca Raton,FL,48132
A008733,C006964,Mailing,2257 Lewis Mews,Hollywood,FL,51973
A008734,C006965,Home,5057 Jennifer Village,Orlando,FL,41040
A008735,C006965,Mailing,9026 Jennifer Way,Hollywood,FL,63365
A008736,C006966,Home,667 Thomas Mountains Suite 360,Coral Springs,FL,89615
A008737,C006967,Home,445 Alex Grove Apt. 769,Orlando,FL,26308
A008738,C006968,Home,9315 Mendoza Tunnel,Tampa,FL,56748
A008739,C006969,Home,141 Browning Lakes,Hollywood,FL,43769
A008740,C006970,Home,6624 Robinson Road Apt. 745,Tampa,FL,34987
A008741,C006971,Home,763 Sheri Fields Apt. 315,Sarasota,FL,10996
A008742,C006971,Mailing,224 Pamela Shoals,Hollywood,FL,33123
A008743,C006972,Home,6239 Nielsen Center Suite 572,Jacksonville,FL,79543
A008744,C006973,Home,12697 Odom Station,Gainesville,FL,98175
A008745,C006973,Mailing,8654 Ryan Drives Suite 154,Gainesville,FL,36730
A008746,C006974,Home,0211 Pham Parkway,Sarasota,FL,52684
A008747,C006975,Home,9450 Benjamin Passage,Orlando,FL,93099
A008748,C006976,Home,561 Christine Place Apt. 866,Orlando,FL,82845
A008749,C006977,Home,1444 Stanley Drives Suite 923,Orlando,FL,07130
A008750,C006978,Home,4328 Daniel Square Apt. 967,Miami,FL,33638
A008751,C006979,Home,2268 Morgan Valley Suite 880,Sarasota,FL,30293
A008752,C006980,Home,140 Brown Cape Apt. 651,Jacksonville,FL,35918
A008753,C006980,Mailing,6820 Rebecca Parkway,Pembroke Pines,FL,28128
A008754,C006981,Home,728 Larson Lane Suite 226,West Palm Beach,FL,88539
A008755,C006981,Mailing,6179 Maria Drive,West Palm Beach,FL,61444
A008756,C006982,Home,623 Hayes Corners,Gainesville,FL,01589
A008757,C006982,Mailing,93902 Alexandra Bridge,Pembroke Pines,FL,48659
A008758,C006983,Home,11733 Erin Overpass,Pembroke Pines,FL,97031
A008759,C006984,Home,36131 Carpenter Fork,Coral Springs,FL,44860
A008760,C006985,Home,138 Brown Landing Suite 483,Pembroke Pines,FL,63936
A008761,C006986,Home,9996 Holder Union Apt. 409,Tallahassee,FL,92996
A008762,C006987,Home,84502 David Bypass,Davie,FL,00705
A008763,C006988,Home,1641 Troy Mall Apt. 773,Tampa,FL,21754
A008764,C006989,Home,077 Kevin Groves Suite 868,Jacksonville,FL,62204
A008765,C006990,Home,357 Mcknight Junction,Miami,FL,17279
A008766,C006991,Home,54332 Jones Walks Apt. 564,Sarasota,FL,20722
A008767,C006992,Home,078 Brett Shores,Naples,FL,42054
A008768,C006993,Home,0994 Oscar Tunnel Apt. 121,Pembroke Pines,FL,18787
A008769,C006994,Home,2177 Jill Course Apt. 846,Hollywood,FL,01843
A008770,C006995,Home,3714 Glass Inlet Suite 652,West Palm Beach,FL,21708
A008771,C006996,Home,3896 Joseph Forges Apt. 182,Pembroke Pines,FL,95405
A008772,C006996,Mailing,30127 Jordan Tunnel,Pembroke Pines,FL,64666
A008773,C006997,Home,3873 Richard Walks,Tampa,FL,01170
A008774,C006997,Mailing,802 Patricia Stravenue,Jacksonville,FL,24088
A008775,C006998,Home,35075 Wiley Turnpike,Naples,FL,27324
A008776,C006999,Home,5651 Lopez Avenue Suite 594,Pembroke Pines,FL,03278
A008777,C007000,Home,1202 Lisa Corners,Tampa,FL,12787
A008778,C007001,Home,319 Lindsey Squares,West Palm Beach,FL,58877
A008779,C007002,Home,678 Gutierrez Island,Coral Springs,FL,22545
A008780,C007002,Mailing,56797 Thompson Plain Suite 010,Davie,FL,98915
A008781,C007003,Home,804 Ronald Crossing Suite 201,Jacksonville,FL,67782
A008782,C007003,Mailing,94518 Kyle Roads Suite 304,Orlando,FL,47249
A008783,C007004,Home,2488 Ramirez Fort Suite 894,Miami,FL,29414
A008784,C007005,Home,008 Jose Springs Suite 906,West Palm Beach,FL,46104
A008785,C007006,Home,525 Dana Views,Davie,FL,39041
A008786,C007007,Home,8023 Sydney Plains,Orlando,FL,57094
A008787,C007008,Home,0838 Denise Street Suite 596,Jacksonville,FL,58463
A008788,C007009,Home,815 Wright Crossroad Apt. 245,Sarasota,FL,07470
A008789,C007009,Mailing,072 Smith Harbors Suite 036,Hollywood,FL,22338
A008790,C007010,Home,150 Laura Ramp Suite 853,Coral Springs,FL,65644
A008791,C007011,Home,592 Kelly Lodge,Tallahassee,FL,25623
A008792,C007012,Home,54017 Wright Mall Suite 959,Fort Lauderdale,FL,79903
A008793,C007013,Home,29403 Gabrielle Corner Suite 954,Coral Springs,FL,54806
A008794,C007014,Home,081 Henry Club,Jacksonville,FL,26970
A008795,C007015,Home,350 Jackson Station Apt. 628,Tampa,FL,65095
A008796,C007016,Home,86852 Christine Mission Apt. 063,Davie,FL,55487
A008797,C007017,Home,130 Carter Orchard Apt. 314,Tampa,FL,47577
A008798,C007018,Home,632 Tammy Trafficway,Pembroke Pines,FL,83263
A008799,C007019,Home,5041 Ware Mission Apt. 758,Miami,FL,67918
A008800,C007020,Home,43120 Mills Stravenue Apt. 709,Fort Lauderdale,FL,24375
A008801,C007020,Mailing,1652 Cannon Plains,Naples,FL,34146
A008802,C007021,Home,0661 Jennifer Skyway Suite 175,Hollywood,FL,57551
A008803,C007022,Home,09164 Aaron Stravenue,Orlando,FL,78124
A008804,C007022,Mailing,0364 Elizabeth Brooks,Davie,FL,67730
A008805,C007023,Home,8209 Buchanan Drive Suite 953,West Palm Beach,FL,37689
A008806,C007023,Mailing,2377 Nguyen Branch,Hollywood,FL,65062
A008807,C007024,Home,50386 William Street,Sarasota,FL,23623
A008808,C007025,Home,823 Vasquez Mews,Boca Raton,FL,02038
A008809,C007025,Mailing,979 Kyle Valleys Apt. 503,Tallahassee,FL,41807
A008810,C007026,Home,288 Dunn Brook Apt. 224,Fort Lauderdale,FL,73428
A008811,C007027,Home,9677 Alvarez Well Suite 967,Tallahassee,FL,18820
A008812,C007027,Mailing,096 Hicks Junction,Coral Springs,FL,74755
A008813,C007028,Home,415 Randy Landing,Gainesville,FL,66077
A008814,C007029,Home,2909 Baldwin Island Apt. 194,Miami,FL,97796
A008815,C007030,Home,11570 Cochran Inlet Suite 771,Davie,FL,69800
A008816,C007030,Mailing,9579 Robinson Crest Apt. 496,Fort Lauderdale,FL,30309
A008817,C007031,Home,0318 Chen Coves,West Palm Beach,FL,79323
A008818,C007032,Home,091 Kevin Point,Miami,FL,50960
A008819,C007033,Home,4245 Dawn Crest,Naples,FL,82591
A008820,C007034,Home,827 Rachel Port,Jacksonville,FL,40365
A008821,C007035,Home,38012 Danielle Common,Naples,FL,44689
A008822,C007035,Mailing,4741 Martinez Route Apt. 409,Boca Raton,FL,17723
A008823,C007036,Home,1832 Shelby Greens,Gainesville,FL,68778
A008824,C007036,Mailing,4897 Matthew Squares Apt. 368,Tallahassee,FL,13619
A008825,C007037,Home,835 Erin Streets Suite 527,Davie,FL,66004
A008826,C007037,Mailing,23966 Robert Run,Tampa,FL,05860
A008827,C007038,Home,188 Seth Cliffs Suite 361,Boca Raton,FL,59038
A008828,C007038,Mailing,4737 Thornton Dale,Naples,FL,14699
A008829,C007039,Home,2704 Nicholas Meadows Suite 679,Fort Lauderdale,FL,42864
A008830,C007040,Home,213 Chase Mountains,Naples,FL,52914
A008831,C007041,Home,709 Jason Wells,Naples,FL,01900
A008832,C007042,Home,820 Cruz Trail Suite 260,West Palm Beach,FL,69954
A008833,C007043,Home,806 Zuniga Parks Suite 719,Sarasota,FL,07602
A008834,C007044,Home,63490 Holder Pine,Hollywood,FL,09585
A008835,C007045,Home,74688 Rachael Forge Apt. 715,Naples,FL,43212
A008836,C007046,Home,754 Brandon Path,Sarasota,FL,20135
A008837,C007047,Home,6390 Jessica Inlet,West Palm Beach,FL,83679
A008838,C007048,Home,79282 Spence Dale Apt. 300,Hollywood,FL,23382
A008839,C007049,Home,074 John Row,Fort Lauderdale,FL,06632
A008840,C007050,Home,558 Gonzalez Inlet Apt. 801,Fort Lauderdale,FL,45214
A008841,C007050,Mailing,734 Stephanie Crest,Gainesville,FL,94031
A008842,C007051,Home,21579 Payne Heights,Sarasota,FL,67362
A008843,C007052,Home,331 Mark Light Apt. 202,Jacksonville,FL,30152
A008844,C007053,Home,85124 Weeks Vista Suite 577,Naples,FL,45237
A008845,C007053,Mailing,2607 Hawkins Causeway,Sarasota,FL,09443
A008846,C007054,Home,52007 Fuller Mountains Suite 075,Orlando,FL,31748
A008847,C007055,Home,6440 Cameron Forest,West Palm Beach,FL,23128
A008848,C007056,Home,9044 King Pines Suite 807,Pembroke Pines,FL,36795
A008849,C007057,Home,208 Sawyer Gateway Apt. 477,Tallahassee,FL,94005
A008850,C007058,Home,8798 Johnson Motorway,West Palm Beach,FL,55415
A008851,C007058,Mailing,6930 Barnett Plains,West Palm Beach,FL,15253
A008852,C007059,Home,5055 Jill Junction,Orlando,FL,33594
A008853,C007059,Mailing,349 Bethany Landing,Davie,FL,81081
A008854,C007060,Home,868 Ray Rue Suite 211,Davie,FL,36874
A008855,C007060,Mailing,6219 Nancy Spurs Suite 339,Sarasota,FL,97434
A008856,C007061,Home,6856 Sandra Harbor,Tampa,FL,98583
A008857,C007061,Mailing,5702 Henry Loaf,Coral Springs,FL,41821
A008858,C007062,Home,80720 Ronald Meadows,Jacksonville,FL,55966
A008859,C007063,Home,8031 Christina Hollow,Gainesville,FL,27134
A008860,C007064,Home,931 Preston Parkways Suite 862,Hollywood,FL,16288
A008861,C007065,Home,11447 Wilson Village Suite 476,Naples,FL,33461
A008862,C007066,Home,3866 Shields Isle Suite 382,Hollywood,FL,16825
A008863,C007067,Home,05165 Anthony Fields,Tallahassee,FL,32205
A008864,C007068,Home,465 Larsen Dam,Tampa,FL,22544
A008865,C007069,Home,867 Montes Forest,Coral Springs,FL,51775
A008866,C007070,Home,3272 Jeffrey Trail Apt. 518,Davie,FL,31941
A008867,C007071,Home,25109 David Pine,Hollywood,FL,55221
A008868,C007071,Mailing,50664 Jorge Way Suite 450,Davie,FL,06106
A008869,C007072,Home,11176 Delgado Pike Apt. 521,Pembroke Pines,FL,17350
A008870,C007073,Home,4652 Pierce Pike Suite 226,Tampa,FL,50921
A008871,C007074,Home,123 Long Fords Apt. 060,Naples,FL,46418
A008872,C007075,Home,3822 Hailey Views Apt. 543,Tampa,FL,76168
A008873,C007076,Home,623 Kerri Manors Apt. 737,Naples,FL,34401
A008874,C007077,Home,959 Michael Greens,Fort Lauderdale,FL,60253
A008875,C007077,Mailing,805 Taylor Fords,Coral Springs,FL,11502
A008876,C007078,Home,19835 Thompson Station,Tampa,FL,34249
A008877,C007078,Mailing,4377 Scott Brooks Suite 815,Hollywood,FL,48114
A008878,C007079,Home,851 Cruz Drive,Coral Springs,FL,84327
A008879,C007080,Home,22541 Cox Trail,Tampa,FL,01970
A008880,C007081,Home,80837 Stewart Heights Suite 011,Sarasota,FL,89598
A008881,C007082,Home,455 Nguyen Route Apt. 934,Coral Springs,FL,91248
A008882,C007083,Home,02028 Ramirez Spur,Davie,FL,14729
A008883,C007084,Home,9399 Gutierrez Parkway Suite 314,Naples,FL,17857
A008884,C007085,Home,35679 Stewart Ports,Tallahassee,FL,91190
A008885,C007086,Home,405 Gomez Crossroad Suite 092,Gainesville,FL,45694
A008886,C007087,Home,08956 Clark Mall,Hollywood,FL,42224
A008887,C007088,Home,12259 Ann Loaf,Davie,FL,07566
A008888,C007089,Home,985 Brittany Motorway Suite 388,Coral Springs,FL,77838
A008889,C007090,Home,8654 Smith Harbor Apt. 839,Fort Lauderdale,FL,64313
A008890,C007090,Mailing,120 Tran Radial Suite 027,Hollywood,FL,74881
A008891,C007091,Home,64070 Robin Skyway Apt. 133,Tampa,FL,03130
A008892,C007091,Mailing,761 Jessica Unions,Tallahassee,FL,12227
A008893,C007092,Home,50383 Robert Lights,West Palm Beach,FL,91148
A008894,C007093,Home,15089 Maynard Rapid,Tallahassee,FL,90414
A008895,C007094,Home,003 Andrea Island,Tallahassee,FL,53957
A008896,C007095,Home,59693 Anderson Crossing Suite 399,Fort Lauderdale,FL,83872
A008897,C007095,Mailing,91409 Paul Square Suite 587,Tampa,FL,38227
A008898,C007096,Home,052 Sanchez Plain,Tampa,FL,12795
A008899,C007097,Home,78410 Tina Cliff,Orlando,FL,67331
A008900,C007098,Home,61640 Patterson Loaf Apt. 885,Pembroke Pines,FL,38183
A008901,C007099,Home,92624 Ian Port,Orlando,FL,36060
A008902,C007100,Home,9857 Warren Shore,Hollywood,FL,48898
A008903,C007101,Home,500 Regina Crest,Tallahassee,FL,61861
A008904,C007101,Mailing,929 Patel Fall,Jacksonville,FL,16489
A008905,C007102,Home,701 Schmitt Course Apt. 039,Coral Springs,FL,56045
A008906,C007103,Home,38700 Jacob Roads Suite 744,Davie,FL,86500
A008907,C007103,Mailing,740 Hunter Islands Apt. 259,Tampa,FL,43261
A008908,C007104,Home,870 Nolan Road Apt. 601,Pembroke Pines,FL,80541
A008909,C007105,Home,34136 Jones Isle Suite 852,Tampa,FL,58985
A008910,C007106,Home,9231 Combs Alley Apt. 035,Hollywood,FL,31965
A008911,C007107,Home,4492 Scott Light,Tallahassee,FL,30228
A008912,C007107,Mailing,46214 Chavez Divide Apt. 822,Orlando,FL,29728
A008913,C007108,Home,330 David Plaza,Miami,FL,83974
A008914,C007109,Home,89363 Burch Avenue Suite 675,Coral Springs,FL,98562
A008915,C007110,Home,0724 Nguyen Roads,Sarasota,FL,51878
A008916,C007111,Home,6322 Kimberly Point Apt. 931,Gainesville,FL,84086
A008917,C007112,Home,752 White Isle,Boca Raton,FL,18647
A008918,C007113,Home,719 Kelly Forge Apt. 420,Naples,FL,03949
A008919,C007114,Home,050 Angela Brooks,Coral Springs,FL,62392
A008920,C007115,Home,923 Poole Ville,Hollywood,FL,63696
A008921,C007115,Mailing,8727 Anderson Row Apt. 365,Tampa,FL,85932
A008922,C007116,Home,4921 John Junction Apt. 335,Jacksonville,FL,00589
A008923,C007116,Mailing,8490 Ian Flats Apt. 937,Tampa,FL,92308
A008924,C007117,Home,70540 Nicole Crest Apt. 752,Tampa,FL,26649
A008925,C007117,Mailing,7697 Miller Skyway Suite 297,Pembroke Pines,FL,92334
A008926,C007118,Home,4101 Randy Mountains Apt. 290,Sarasota,FL,71622
A008927,C007119,Home,4865 Suarez Springs,Coral Springs,FL,23490
A008928,C007120,Home,7868 Smith Vista,Jacksonville,FL,57113
A008929,C007120,Mailing,368 Johnson Summit,Davie,FL,75260
A008930,C007121,Home,989 Riley Point,Orlando,FL,90842
A008931,C007122,Home,17184 Joe Glens Suite 278,Hollywood,FL,14292
A008932,C007123,Home,81531 King Keys,Boca Raton,FL,41109
A008933,C007123,Mailing,4958 Potts Forge Suite 117,Coral Springs,FL,94403
A008934,C007124,Home,0450 Branch Union,Tampa,FL,61636
A008935,C007125,Home,1092 Chad Walk Apt. 513,Gainesville,FL,27967
A008936,C007126,Home,53812 Lisa Camp,West Palm Beach,FL,35538
A008937,C007126,Mailing,36880 Rachel Point,Miami,FL,08852
A008938,C007127,Home,103 Anna Manors,Hollywood,FL,30308
A008939,C007128,Home,5884 Richard Spring Apt. 340,Gainesville,FL,34211
A008940,C007129,Home,9681 Thomas Road Suite 013,Pembroke Pines,FL,46276
A008941,C007130,Home,4084 Victoria Brook,Orlando,FL,20302
A008942,C007130,Mailing,192 Allen Glens Apt. 946,Boca Raton,FL,65187
A008943,C007131,Home,81604 Michael Circle Apt. 108,Hollywood,FL,81769
A008944,C007131,Mailing,479 Brown Oval,West Palm Beach,FL,90252
A008945,C007132,Home,473 Jose Mountains Apt. 517,Gainesville,FL,53046
A008946,C007133,Home,38076 Evans Manor,West Palm Beach,FL,33453
A008947,C007134,Home,1383 Richardson Spurs,Naples,FL,56526
A008948,C007135,Home,5240 Harrison Walks Apt. 709,Coral Springs,FL,88300
A008949,C007136,Home,0668 Smith Mews Apt. 332,Boca Raton,FL,55133
A008950,C007137,Home,843 Boyd Hollow,Boca Raton,FL,44004
A008951,C007137,Mailing,45382 Jackson Village,Fort Lauderdale,FL,30865
A008952,C007138,Home,569 Joseph Lane,Davie,FL,76026
A008953,C007139,Home,2917 Jennifer Rapids Apt. 963,Boca Raton,FL,73378
A008954,C007139,Mailing,68677 Tiffany Shoal Apt. 928,Naples,FL,75485
A008955,C007140,Home,7154 Amy Glens,Tallahassee,FL,20302
A008956,C007141,Home,5018 Lynch Islands Apt. 274,Pembroke Pines,FL,25864
A008957,C007142,Home,08227 David Parkway,Miami,FL,22314
A008958,C007142,Mailing,28360 Catherine Street,Orlando,FL,67204
A008959,C007143,Home,49349 Odom Ford Apt. 126,Tallahassee,FL,76889
A008960,C007144,Home,8988 Linda Prairie,Fort Lauderdale,FL,40521
A008961,C007145,Home,29202 Kayla Burg,Boca Raton,FL,56989
A008962,C007146,Home,1399 Catherine Shoals,Miami,FL,07364
A008963,C007147,Home,22135 James Mission Apt. 819,Jacksonville,FL,23169
A008964,C007148,Home,0563 Pacheco Cape Suite 220,Gainesville,FL,01343
A008965,C007149,Home,7604 Erin Tunnel Suite 390,Hollywood,FL,17067
A008966,C007150,Home,469 Richards Club,Tallahassee,FL,80074
A008967,C007151,Home,5687 Terri Viaduct,Coral Springs,FL,78931
A008968,C007151,Mailing,1743 Kenneth Bridge Apt. 468,Orlando,FL,67347
A008969,C007152,Home,23969 Howard Vista Apt. 634,Pembroke Pines,FL,81704
A008970,C007153,Home,855 Victoria Manors Suite 431,Gainesville,FL,19592
A008971,C007154,Home,3394 Stout Stream Suite 499,Gainesville,FL,81681
A008972,C007155,Home,9679 Daniel Mount Apt. 901,Naples,FL,09488
A008973,C007156,Home,87213 Shelby Junction Apt. 216,Sarasota,FL,67654
A008974,C007157,Home,649 Felicia Wells,Pembroke Pines,FL,71529
A008975,C007158,Home,8694 Evan Mountains,Orlando,FL,71919
A008976,C007159,Home,669 Kristin Bridge,Pembroke Pines,FL,64727
A008977,C007160,Home,4744 Bradley Harbors,Tampa,FL,87001
A008978,C007161,Home,324 Keith Plaza Apt. 594,West Palm Beach,FL,09963
A008979,C007162,Home,15255 Rodriguez Valleys,West Palm Beach,FL,74627
A008980,C007163,Home,319 Barker Estates Apt. 877,Miami,FL,50842
A008981,C007164,Home,239 Daniel Circle,Sarasota,FL,34452
A008982,C007165,Home,65708 Decker Ranch,Naples,FL,69717
A008983,C007166,Home,2495 Andrew Plains,Davie,FL,22421
A008984,C007167,Home,75069 Keith Burg,Pembroke Pines,FL,13705
A008985,C007168,Home,5473 Hudson Glen,Fort Lauderdale,FL,96497
A008986,C007169,Home,42609 Lester Extensions Suite 084,Sarasota,FL,31432
A008987,C007170,Home,62048 French Fall Apt. 064,Boca Raton,FL,41225
A008988,C007171,Home,28413 Marcus Expressway Apt. 656,Gainesville,FL,46744
A008989,C007171,Mailing,71181 Peters Circle,Tallahassee,FL,75965
A008990,C007172,Home,23856 Andrew Mews Suite 053,Fort Lauderdale,FL,51748
A008991,C007173,Home,1570 Mason Viaduct,Tallahassee,FL,20803
A008992,C007173,Mailing,64144 Robert Island,Hollywood,FL,26791
A008993,C007174,Home,5447 Kevin Street,Pembroke Pines,FL,41116
A008994,C007175,Home,432 Tonya Loaf,Tampa,FL,72278
A008995,C007176,Home,8720 Bailey Walks Suite 022,Sarasota,FL,48478
A008996,C007177,Home,397 Alexander Isle,Tallahassee,FL,25891
A008997,C007178,Home,743 John Parkways,Gainesville,FL,42230
A008998,C007179,Home,830 Wilson Unions,Pembroke Pines,FL,88841
A008999,C007180,Home,17896 Sanchez Locks,Boca Raton,FL,04958
A009000,C007181,Home,4787 Jacqueline Streets Apt. 756,Coral Springs,FL,88749
A009001,C007182,Home,3310 Sean Trail,Fort Lauderdale,FL,38451
A009002,C007183,Home,58943 Kelly Greens,Naples,FL,05185
A009003,C007184,Home,989 Tina Prairie Suite 936,Boca Raton,FL,73609
A009004,C007185,Home,16164 Park Brooks,Pembroke Pines,FL,35158
A009005,C007186,Home,6988 Nguyen Hill Suite 300,Naples,FL,23466
A009006,C007187,Home,908 Anthony Orchard Suite 118,Jacksonville,FL,99723
A009007,C007188,Home,196 Gary Flat Suite 207,Davie,FL,28940
A009008,C007189,Home,683 Anderson Locks,Pembroke Pines,FL,44963
A009009,C007189,Mailing,4722 Matthews Valley Suite 461,Boca Raton,FL,84556
A009010,C007190,Home,47437 Dawson Terrace,Sarasota,FL,10487
A009011,C007191,Home,0519 Gregory Crossroad,Miami,FL,01736
A009012,C007192,Home,177 Margaret Square Apt. 493,Jacksonville,FL,87829
A009013,C007193,Home,923 Reyes Parks,Miami,FL,87165
A009014,C007193,Mailing,73582 Sutton Freeway Apt. 989,Hollywood,FL,55408
A009015,C007194,Home,2220 Michael Fall,Jacksonville,FL,35610
A009016,C007195,Home,728 Anderson Viaduct,Naples,FL,87688
A009017,C007196,Home,40844 Jason Estates,Hollywood,FL,40054
A009018,C007196,Mailing,26782 Costa Expressway Apt. 949,Jacksonville,FL,88030
A009019,C007197,Home,07408 Obrien Trail Apt. 292,Orlando,FL,44530
A009020,C007198,Home,322 Palmer Hill Apt. 332,Tampa,FL,50468
A009021,C007199,Home,6210 William Mission Apt. 541,Orlando,FL,22770
A009022,C007200,Home,666 Campbell Point,Pembroke Pines,FL,92088
A009023,C007200,Mailing,936 Ramirez Vista Apt. 541,Pembroke Pines,FL,16010
A009024,C007201,Home,9280 Webb Inlet,West Palm Beach,FL,93659
A009025,C007202,Home,4027 Underwood Ford,Jacksonville,FL,95157
A009026,C007203,Home,05551 Freeman Terrace,Tampa,FL,16110
A009027,C007204,Home,7156 Scott Manor,Davie,FL,70460
A009028,C007205,Home,700 Wilson Pike,Gainesville,FL,83506
A009029,C007206,Home,0716 Brown Park,Sarasota,FL,05925
A009030,C007206,Mailing,12485 Lynch Knoll Apt. 594,Tampa,FL,87736
A009031,C007207,Home,33155 White Branch,Hollywood,FL,04347
A009032,C007208,Home,59271 Costa Brook Suite 713,Orlando,FL,80496
A009033,C007209,Home,2670 Connor Views,Tallahassee,FL,19712
A009034,C007210,Home,934 Jefferson Trail Suite 967,Sarasota,FL,45046
A009035,C007211,Home,9342 Jeremy Prairie,Hollywood,FL,59000
A009036,C007211,Mailing,7851 Lisa Mountains,Davie,FL,11035
A009037,C007212,Home,8509 Harris Overpass Suite 576,Tallahassee,FL,50344
A009038,C007213,Home,411 Baker Mission Apt. 681,Naples,FL,87445
A009039,C007214,Home,327 Jonathan Isle Apt. 926,Coral Springs,FL,73791
A009040,C007214,Mailing,73068 Walton Glen Suite 063,Davie,FL,12846
A009041,C007215,Home,788 Brianna Underpass,Orlando,FL,82284
A009042,C007216,Home,26382 Dennis Road Suite 426,Davie,FL,26467
A009043,C007216,Mailing,743 Melissa Unions Apt. 438,Orlando,FL,85531
A009044,C007217,Home,811 Darryl Ports Apt. 542,Orlando,FL,88137
A009045,C007218,Home,84786 Charlotte Trail,Gainesville,FL,24117
A009046,C007219,Home,38489 Hannah Cape Apt. 097,Orlando,FL,43285
A009047,C007220,Home,20572 Powell Mountains,Davie,FL,64920
A009048,C007221,Home,828 Michele Fort Suite 975,Jacksonville,FL,01284
A009049,C007222,Home,24298 Tami Highway Apt. 604,Orlando,FL,35593
A009050,C007223,Home,2754 Montoya Fork,West Palm Beach,FL,91240
A009051,C007224,Home,38312 Bennett Common,Pembroke Pines,FL,27216
A009052,C007225,Home,05822 Michael Estate,Sarasota,FL,01623
A009053,C007226,Home,1090 Brian Green Apt. 594,Coral Springs,FL,53723
A009054,C007227,Home,6693 Steven Plains,West Palm Beach,FL,07909
A009055,C007228,Home,12832 White Mountain,Orlando,FL,12015
A009056,C007228,Mailing,86062 Davis Manor Suite 749,Tallahassee,FL,16693
A009057,C007229,Home,2075 Hayes Turnpike Apt. 623,Orlando,FL,65818
A009058,C007230,Home,96805 Mary Road,Tampa,FL,59981
A009059,C007231,Home,52707 Howard Harbor Suite 159,Jacksonville,FL,39008
A009060,C007232,Home,7077 Zoe Divide Suite 215,Hollywood,FL,45041
A009061,C007233,Home,329 Hull Loop,Miami,FL,68178
A009062,C007234,Home,305 Michael Union,Hollywood,FL,19095
A009063,C007235,Home,76542 Williams Via,Sarasota,FL,67188
A009064,C007236,Home,54413 Wagner Parks Suite 592,Jacksonville,FL,85201
A009065,C007237,Home,7928 Cuevas Extensions,Jacksonville,FL,50685
A009066,C007238,Home,752 Brandi Keys Suite 016,West Palm Beach,FL,53852
A009067,C007239,Home,4507 Gallegos Shore Suite 297,Tallahassee,FL,91768
A009068,C007240,Home,273 Kari Tunnel,Sarasota,FL,21991
A009069,C007241,Home,49567 Antonio Divide Apt. 842,Tallahassee,FL,82940
A009070,C007241,Mailing,45014 Harris Ports Apt. 800,Tampa,FL,86117
A009071,C007242,Home,0085 Brian Plaza Apt. 239,Fort Lauderdale,FL,68630
A009072,C007243,Home,18788 Doris Stream Suite 010,Davie,FL,41690
A009073,C007244,Home,05075 John Court,Jacksonville,FL,03521
A009074,C007245,Home,1706 Lopez Rest Apt. 663,Coral Springs,FL,72437
A009075,C007246,Home,1947 Anthony Prairie,Coral Springs,FL,69525
A009076,C007246,Mailing,75627 Mosley Summit,Davie,FL,35083
A009077,C007247,Home,3953 Robinson Gateway Apt. 449,Orlando,FL,15987
A009078,C007248,Home,18154 Alvarez Square Apt. 776,Miami,FL,81254
A009079,C007249,Home,8391 Mary Parks Suite 845,Miami,FL,80737
A009080,C007250,Home,831 Hayes Trail Apt. 520,Jacksonville,FL,93359
A009081,C007250,Mailing,519 Powell Overpass,Tampa,FL,84636
A009082,C007251,Home,777 Megan Alley Suite 683,Tampa,FL,75205
A009083,C007252,Home,503 Hannah Ports Apt. 761,Jacksonville,FL,62752
A009084,C007253,Home,33578 Garcia Street,Pembroke Pines,FL,37931
A009085,C007254,Home,733 Leblanc Islands,Pembroke Pines,FL,26354
A009086,C007254,Mailing,50873 Kelly Circle,Miami,FL,10226
A009087,C007255,Home,143 Rangel Extensions,Gainesville,FL,75994
A009088,C007256,Home,47316 Johnson Gateway Apt. 279,Gainesville,FL,60983
A009089,C007256,Mailing,37740 Andrew Streets Apt. 508,Gainesville,FL,63238
A009090,C007257,Home,6223 Rubio View Suite 399,Naples,FL,57588
A009091,C007257,Mailing,2568 Rebecca Pines,Hollywood,FL,55484
A009092,C007258,Home,4315 Burnett Bridge Suite 716,Miami,FL,45579
A009093,C007258,Mailing,36048 Wells Bridge Suite 695,Pembroke Pines,FL,43689
A009094,C007259,Home,21788 John Vista Suite 453,Fort Lauderdale,FL,09934
A009095,C007259,Mailing,00551 Briana Roads Suite 954,Hollywood,FL,61233
A009096,C007260,Home,0433 Zachary Forest,West Palm Beach,FL,39560
A009097,C007261,Home,287 Mercedes Turnpike,Tallahassee,FL,30740
A009098,C007262,Home,98821 Ramirez Drive Suite 694,Orlando,FL,53667
A009099,C007262,Mailing,736 Rios Parks,West Palm Beach,FL,47741
A009100,C007263,Home,888 Dean Harbors Apt. 616,Pembroke Pines,FL,56734
A009101,C007264,Home,66542 Ryan Plaza,Orlando,FL,75120
A009102,C007265,Home,04215 Lopez Spur Suite 601,Boca Raton,FL,23364
A009103,C007266,Home,1199 Hart Greens,West Palm Beach,FL,59660
A009104,C007267,Home,64602 Kevin Groves,Tampa,FL,93335
A009105,C007268,Home,688 James Underpass,West Palm Beach,FL,09553
A009106,C007269,Home,1488 Allen Ports Suite 072,Sarasota,FL,49417
A009107,C007270,Home,373 Thomas Brooks Suite 001,Naples,FL,90658
A009108,C007271,Home,7270 Camacho Center,Gainesville,FL,88896
A009109,C007271,Mailing,4761 Kristen Trace Suite 925,Boca Raton,FL,30261
A009110,C007272,Home,237 Matthew Radial,Gainesville,FL,05644
A009111,C007272,Mailing,1334 Jones Glens,Orlando,FL,60034
A009112,C007273,Home,004 Smith Port Apt. 236,Orlando,FL,29462
A009113,C007273,Mailing,8184 Vaughan Plain Suite 794,Miami,FL,20545
A009114,C007274,Home,0955 Kayla Lights,Coral Springs,FL,10728
A009115,C007274,Mailing,2660 Francis Drive Suite 410,Jacksonville,FL,72410
A009116,C007275,Home,63131 Stone Lakes Apt. 133,Pembroke Pines,FL,49141
A009117,C007276,Home,672 Jessica Trail Suite 852,Sarasota,FL,01028
A009118,C007277,Home,3210 Jacob Pike Apt. 090,Pembroke Pines,FL,04472
A009119,C007277,Mailing,461 Williams Rest Apt. 809,Davie,FL,12656
A009120,C007278,Home,841 Vasquez Corner,Tallahassee,FL,51582
A009121,C007278,Mailing,0596 Kelly Squares,Jacksonville,FL,84800
A009122,C007279,Home,7655 Robert Curve Apt. 823,Davie,FL,26060
A009123,C007280,Home,553 Roberts Harbors,Miami,FL,07373
A009124,C007281,Home,494 Robert Brook Apt. 461,Jacksonville,FL,39602
A009125,C007281,Mailing,274 Elizabeth Drives Apt. 111,Pembroke Pines,FL,90441
A009126,C007282,Home,22226 White Walk Apt. 312,Orlando,FL,02328
A009127,C007282,Mailing,7992 Chase Square,Boca Raton,FL,33940
A009128,C007283,Home,0417 Richard Mews,Gainesville,FL,61223
A009129,C007284,Home,8502 Keller Shoal Apt. 691,Hollywood,FL,33494
A009130,C007284,Mailing,202 King Overpass Apt. 760,Naples,FL,40880
A009131,C007285,Home,239 Teresa Drive,Miami,FL,71649
A009132,C007286,Home,1329 Adams Road,Naples,FL,24095
A009133,C007287,Home,7927 Ryan Curve Suite 069,Gainesville,FL,27216
A009134,C007288,Home,4086 Henry Centers,Gainesville,FL,88193
A009135,C007289,Home,23805 Frazier Port,Hollywood,FL,73638
A009136,C007290,Home,0244 Jeffrey Square,Coral Springs,FL,45590
A009137,C007291,Home,98816 Green Park Suite 168,Davie,FL,78601
A009138,C007291,Mailing,017 Robert Rapids,Gainesville,FL,68452
A009139,C007292,Home,482 Adams Greens,Naples,FL,57629
A009140,C007293,Home,01451 Thomas Radial Apt. 276,Sarasota,FL,26644
A009141,C007294,Home,296 Palmer Station Apt. 024,Davie,FL,52530
A009142,C007294,Mailing,3464 Williams Grove,Davie,FL,07394
A009143,C007295,Home,4429 Gina Rapid Apt. 134,Fort Lauderdale,FL,57708
A009144,C007296,Home,691 Travis Way,Boca Raton,FL,92070
A009145,C007297,Home,046 Avila Road Suite 502,Miami,FL,40918
A009146,C007298,Home,431 King Lodge Apt. 837,Gainesville,FL,88287
A009147,C007298,Mailing,349 Christopher Way,Tampa,FL,53032
A009148,C007299,Home,27292 Martin Bridge Apt. 422,West Palm Beach,FL,21570
A009149,C007300,Home,4528 Anthony Drive Suite 492,Pembroke Pines,FL,55686
A009150,C007301,Home,76914 Gonzales Unions Suite 099,Miami,FL,91639
A009151,C007302,Home,764 Williams Circle,Pembroke Pines,FL,14131
A009152,C007303,Home,1540 Loretta Gardens Apt. 806,Gainesville,FL,79082
A009153,C007304,Home,30015 Hughes Springs Apt. 602,Jacksonville,FL,32222
A009154,C007304,Mailing,14410 Hale Mountains Suite 110,Hollywood,FL,68174
A009155,C007305,Home,483 Harrington Village,Tallahassee,FL,59896
A009156,C007306,Home,813 Jordan Point Apt. 842,West Palm Beach,FL,10512
A009157,C007306,Mailing,87209 Nicole Squares Suite 901,Tampa,FL,96047
A009158,C007307,Home,203 Barton Vista,Tallahassee,FL,01613
A009159,C007308,Home,429 Christopher Alley,Jacksonville,FL,87449
A009160,C007309,Home,8637 Brown Cliffs Apt. 422,Fort Lauderdale,FL,23298
A009161,C007309,Mailing,774 Oconnor Drive Suite 593,West Palm Beach,FL,06649
A009162,C007310,Home,86751 Yates Harbor Suite 141,Boca Raton,FL,35628
A009163,C007310,Mailing,313 Adams Green Suite 646,Tallahassee,FL,49910
A009164,C007311,Home,0762 Stephanie Parkways Suite 364,Gainesville,FL,60616
A009165,C007311,Mailing,829 Roberts Underpass,Sarasota,FL,58387
A009166,C007312,Home,751 Cory Expressway,Coral Springs,FL,61240
A009167,C007313,Home,943 Mejia Drive Suite 664,Boca Raton,FL,20130
A009168,C007314,Home,7174 Megan Bridge Apt. 782,Fort Lauderdale,FL,22290
A009169,C007315,Home,714 Mitchell Extensions Apt. 060,Fort Lauderdale,FL,40909
A009170,C007316,Home,291 Anderson Crescent,West Palm Beach,FL,47194
A009171,C007317,Home,25037 Jenna Divide,Hollywood,FL,75944
A009172,C007317,Mailing,3328 Bailey Summit Suite 698,Gainesville,FL,79923
A009173,C007318,Home,7074 Paul Fields,Pembroke Pines,FL,83452
A009174,C007319,Home,673 Mason Rue Apt. 901,West Palm Beach,FL,51110
A009175,C007320,Home,12121 Anthony Streets Apt. 091,Pembroke Pines,FL,32019
A009176,C007320,Mailing,28825 Megan Fork Suite 315,Hollywood,FL,97723
A009177,C007321,Home,7891 John Glen Apt. 982,Pembroke Pines,FL,50469
A009178,C007322,Home,2575 Robert Plains,Boca Raton,FL,06003
A009179,C007323,Home,297 Vargas Causeway Apt. 890,Hollywood,FL,70713
A009180,C007324,Home,72067 Todd Trafficway,Gainesville,FL,75218
A009181,C007325,Home,398 Jessica Forge,Naples,FL,48309
A009182,C007326,Home,2763 Davis Pine,Tallahassee,FL,61784
A009183,C007327,Home,39571 Brendan Estate Apt. 661,Pembroke Pines,FL,41518
A009184,C007328,Home,7817 Leslie Circle,Coral Springs,FL,55412
A009185,C007329,Home,74922 Jeremy Common Suite 553,Tallahassee,FL,11532
A009186,C007329,Mailing,7022 Burnett Way,West Palm Beach,FL,23606
A009187,C007330,Home,8042 Carl Mews,Orlando,FL,18680
A009188,C007331,Home,2058 Abigail Station,Naples,FL,24938
A009189,C007332,Home,5375 Elizabeth Hill,West Palm Beach,FL,93513
A009190,C007333,Home,57638 Miller Locks,Sarasota,FL,72462
A009191,C007334,Home,751 Watkins Summit,Coral Springs,FL,55208
A009192,C007335,Home,402 Gregory Grove Suite 493,Davie,FL,03213
A009193,C007336,Home,42387 Caleb Club,Jacksonville,FL,22948
A009194,C007337,Home,0438 Brent Summit,Fort Lauderdale,FL,51081
A009195,C007337,Mailing,0318 Smith Garden Suite 310,Naples,FL,75872
A009196,C007338,Home,7165 Hayes Square Apt. 323,Tampa,FL,15039
A009197,C007339,Home,69495 Henderson Land Apt. 023,Boca Raton,FL,66407
A009198,C007339,Mailing,8660 Kimberly Mall Apt. 389,Boca Raton,FL,96426
A009199,C007340,Home,3431 Christine Locks,West Palm Beach,FL,96740
A009200,C007341,Home,8448 Poole Rest Suite 482,Boca Raton,FL,85479
A009201,C007342,Home,481 Daniel Grove,Gainesville,FL,26791
A009202,C007343,Home,2245 Rogers Manor Apt. 045,Fort Lauderdale,FL,01531
A009203,C007344,Home,289 Taylor Cape Apt. 446,Naples,FL,92890
A009204,C007344,Mailing,77820 Ward Islands,West Palm Beach,FL,46085
A009205,C007345,Home,579 Glenn Mountains,Miami,FL,06592
A009206,C007346,Home,665 Grant Alley,Naples,FL,22877
A009207,C007347,Home,136 Lauren Drive Suite 615,Coral Springs,FL,39165
A009208,C007348,Home,951 Reyes Circle,Gainesville,FL,18420
A009209,C007348,Mailing,289 Klein Lodge,Fort Lauderdale,FL,92741
A009210,C007349,Home,234 Emily Garden,Davie,FL,34054
A009211,C007350,Home,8684 Tapia Causeway,Gainesville,FL,79379
A009212,C007351,Home,2639 Reed Rest,Orlando,FL,74955
A009213,C007352,Home,6090 Clifford Freeway,Sarasota,FL,87366
A009214,C007353,Home,837 Lisa Pines,Coral Springs,FL,47360
A009215,C007353,Mailing,1139 Christopher Forge Suite 667,Gainesville,FL,70502
A009216,C007354,Home,92340 Silva Trace Apt. 750,Tallahassee,FL,80204
A009217,C007355,Home,2372 Smith Alley,Sarasota,FL,60208
A009218,C007356,Home,5325 Clark Points,Jacksonville,FL,41205
A009219,C007357,Home,5940 Michele Street,Jacksonville,FL,51292
A009220,C007358,Home,88525 Erica Springs,Orlando,FL,08213
A009221,C007359,Home,87081 Brian Crossroad,West Palm Beach,FL,04207
A009222,C007360,Home,129 Wilkerson Trace Apt. 722,Sarasota,FL,45036
A009223,C007361,Home,5577 Carlson Crescent,Orlando,FL,60029
A009224,C007362,Home,9035 Cynthia Parkways,Naples,FL,70403
A009225,C007363,Home,1174 Green Oval Suite 090,West Palm Beach,FL,90927
A009226,C007364,Home,945 Williams Path Apt. 011,Boca Raton,FL,50385
A009227,C007364,Mailing,138 Franklin Plaza,Sarasota,FL,15307
A009228,C007365,Home,77320 Dixon Trafficway Suite 457,Fort Lauderdale,FL,83959
A009229,C007366,Home,2766 Choi Lodge Suite 851,Tampa,FL,86827
A009230,C007367,Home,14078 Fox Mission,Tampa,FL,56902
A009231,C007368,Home,5302 Valdez Lock Suite 487,Pembroke Pines,FL,64600
A009232,C007368,Mailing,887 Marie Springs Suite 106,Hollywood,FL,60420
A009233,C007369,Home,91270 Sullivan Place Suite 360,Miami,FL,84386
A009234,C007370,Home,02028 Amanda Vista Apt. 385,West Palm Beach,FL,41984
A009235,C007371,Home,29420 Ruiz Shoals,Jacksonville,FL,12182
A009236,C007371,Mailing,70960 Mcintyre Mission,West Palm Beach,FL,91542
A009237,C007372,Home,2676 Simmons Plains Suite 439,Sarasota,FL,27815
A009238,C007373,Home,834 Gregory Club Suite 896,Orlando,FL,79179
A009239,C007374,Home,31240 Webb Neck Apt. 091,Tampa,FL,10658
A009240,C007375,Home,200 Kaylee Field,Pembroke Pines,FL,19090
A009241,C007376,Home,58280 Carter Plaza Apt. 728,Miami,FL,04994
A009242,C007377,Home,417 Jared Club Suite 888,Boca Raton,FL,60959
A009243,C007377,Mailing,69033 Leslie Green,Orlando,FL,61134
A009244,C007378,Home,3482 Craig Trail Suite 422,Orlando,FL,45550
A009245,C007379,Home,46258 Bryant Lakes,Pembroke Pines,FL,57066
A009246,C007380,Home,80962 Watson Squares,Boca Raton,FL,38627
A009247,C007381,Home,51329 Kayla Station Apt. 424,Boca Raton,FL,78943
A009248,C007381,Mailing,712 Crawford Skyway Suite 306,West Palm Beach,FL,54750
A009249,C007382,Home,21826 Diane Hollow,Jacksonville,FL,40095
A009250,C007383,Home,6579 William Trail Apt. 094,Gainesville,FL,95583
A009251,C007383,Mailing,01574 Daniel Ridges,Orlando,FL,84592
A009252,C007384,Home,864 Kenneth Stream Suite 076,Jacksonville,FL,49249
A009253,C007384,Mailing,2037 Ross Drive Apt. 225,Tampa,FL,29587
A009254,C007385,Home,8110 Meghan Harbors,Jacksonville,FL,05054
A009255,C007386,Home,5452 Rhodes Underpass Suite 377,Tallahassee,FL,69655
A009256,C007387,Home,82404 French Pine Apt. 200,Gainesville,FL,68511
A009257,C007388,Home,191 Mcgee Knolls,Tampa,FL,95567
A009258,C007388,Mailing,33567 John Expressway,Pembroke Pines,FL,72838
A009259,C007389,Home,31715 Brian Springs Apt. 919,Sarasota,FL,90849
A009260,C007390,Home,5147 Brent Islands Suite 245,Coral Springs,FL,55723
A009261,C007390,Mailing,35876 Frederick Island Suite 202,West Palm Beach,FL,39967
A009262,C007391,Home,9256 Simpson Run Apt. 260,Fort Lauderdale,FL,15775
A009263,C007392,Home,09391 Angela Stravenue,Tampa,FL,47759
A009264,C007393,Home,01591 Young Mills Apt. 959,Naples,FL,12114
A009265,C007394,Home,61608 Louis Inlet,Tallahassee,FL,93847
A009266,C007395,Home,763 Ewing Village,Miami,FL,92538
A009267,C007396,Home,27624 Jennifer Crest Apt. 835,Boca Raton,FL,29118
A009268,C007397,Home,78060 Campbell Common,Coral Springs,FL,58214
A009269,C007398,Home,21723 Clark Hill,Sarasota,FL,83968
A009270,C007398,Mailing,96819 Deborah Tunnel Suite 937,Davie,FL,28695
A009271,C007399,Home,3186 Gary Ways,Fort Lauderdale,FL,92400
A009272,C007400,Home,74972 Nicole Islands Suite 075,Tampa,FL,74281
A009273,C007401,Home,27526 Hernandez Manors Apt. 641,Orlando,FL,00902
A009274,C007402,Home,730 Price Landing,Fort Lauderdale,FL,47631
A009275,C007403,Home,19570 James Locks,Orlando,FL,39704
A009276,C007404,Home,8316 Richard Canyon,Miami,FL,87847
A009277,C007405,Home,04958 Gordon Ports Suite 453,Orlando,FL,26024
A009278,C007406,Home,8397 Bell Falls Apt. 539,Tallahassee,FL,69881
A009279,C007407,Home,130 Soto Flats Apt. 905,Naples,FL,77860
A009280,C007407,Mailing,803 Foster Crest Suite 353,Tallahassee,FL,06316
A009281,C007408,Home,457 Henderson Square,Jacksonville,FL,41501
A009282,C007409,Home,10206 Gross Trail,Davie,FL,82190
A009283,C007410,Home,429 Crystal Mission,Davie,FL,49910
A009284,C007411,Home,54708 Johnson Heights Suite 654,Orlando,FL,01137
A009285,C007411,Mailing,9915 Thompson Union,Naples,FL,18482
A009286,C007412,Home,032 Jackson Crest,Fort Lauderdale,FL,39520
A009287,C007412,Mailing,8431 Best Street,Tampa,FL,27203
A009288,C007413,Home,19764 Gentry Creek Suite 952,Tampa,FL,21298
A009289,C007414,Home,828 Brad Place,Miami,FL,01721
A009290,C007415,Home,4472 Garcia Forges Apt. 503,Gainesville,FL,88524
A009291,C007416,Home,2192 Allen Radial Suite 505,Davie,FL,80718
A009292,C007416,Mailing,5073 Wesley Dale,Coral Springs,FL,79355
A009293,C007417,Home,02059 Moss Terrace,Gainesville,FL,24181
A009294,C007418,Home,902 Rodriguez Dam,Pembroke Pines,FL,48883
A009295,C007418,Mailing,22659 Compton Valleys Suite 973,Coral Springs,FL,64114
A009296,C007419,Home,5953 Carter Wall Suite 281,Hollywood,FL,81393
A009297,C007420,Home,240 Alan Bridge Suite 596,West Palm Beach,FL,24046
A009298,C007421,Home,97662 Davis Stravenue,Boca Raton,FL,78932
A009299,C007422,Home,112 Morrow Fort Apt. 155,Pembroke Pines,FL,39186
A009300,C007423,Home,7849 Mark Mission Suite 527,Hollywood,FL,65621
A009301,C007424,Home,766 Miller Lake,Boca Raton,FL,02998
A009302,C007425,Home,97204 Fisher Forge,West Palm Beach,FL,25257
A009303,C007426,Home,8298 Wilkinson Lake Suite 302,Hollywood,FL,29124
A009304,C007427,Home,2578 Chad Springs Apt. 795,Coral Springs,FL,43705
A009305,C007428,Home,323 Nicole Burgs,Naples,FL,02137
A009306,C007428,Mailing,1449 Brown Lock,Tampa,FL,72997
A009307,C007429,Home,61860 Robert Unions Apt. 349,Boca Raton,FL,63174
A009308,C007429,Mailing,9983 Campbell Road,Miami,FL,35466
A009309,C007430,Home,7000 Dana Ferry Apt. 228,Jacksonville,FL,78583
A009310,C007430,Mailing,0634 Mark Row,Naples,FL,27078
A009311,C007431,Home,48887 Janet Cliffs,Fort Lauderdale,FL,84989
A009312,C007432,Home,3492 Alexander Knolls,Boca Raton,FL,75907
A009313,C007432,Mailing,7413 Janice Courts Apt. 581,Coral Springs,FL,75131
A009314,C007433,Home,444 Kaitlyn Square Suite 713,Orlando,FL,82157
A009315,C007434,Home,628 Parker Underpass,Naples,FL,67709
A009316,C007435,Home,1610 Christina Corner,Jacksonville,FL,67664
A009317,C007436,Home,950 Adams Islands,Pembroke Pines,FL,06533
A009318,C007437,Home,055 Perez Gateway Suite 367,Sarasota,FL,61623
A009319,C007438,Home,648 Hart Mountain Apt. 472,Naples,FL,35869
A009320,C007438,Mailing,205 Sharon Valleys,Fort Lauderdale,FL,88908
A009321,C007439,Home,5907 Gates Run,Fort Lauderdale,FL,63251
A009322,C007439,Mailing,638 Lori Pine,Fort Lauderdale,FL,62547
A009323,C007440,Home,2832 Melanie Oval Suite 268,Hollywood,FL,27343
A009324,C007441,Home,93895 Brown Views,Coral Springs,FL,92664
A009325,C007442,Home,94404 Taylor Shoal Apt. 597,Tampa,FL,65885
A009326,C007443,Home,890 Barbara Fields Apt. 727,West Palm Beach,FL,57576
A009327,C007444,Home,98764 Odonnell Points Apt. 751,Naples,FL,19832
A009328,C007445,Home,370 Emily Square,Gainesville,FL,46844
A009329,C007446,Home,726 Samuel Islands,Boca Raton,FL,86407
A009330,C007446,Mailing,0441 Charles Park Apt. 202,Hollywood,FL,58792
A009331,C007447,Home,72728 Rebecca Light Suite 655,Boca Raton,FL,28997
A009332,C007447,Mailing,6431 Dana Extension Apt. 104,Orlando,FL,46504
A009333,C007448,Home,283 Robbins Views,Fort Lauderdale,FL,51167
A009334,C007449,Home,75056 Stevens Extensions,Pembroke Pines,FL,54872
A009335,C007450,Home,74242 Aaron Squares Apt. 872,Davie,FL,64597
A009336,C007451,Home,119 Barnes Trace Apt. 777,Boca Raton,FL,77228
A009337,C007452,Home,113 Clark Cliff,Sarasota,FL,19005
A009338,C007453,Home,67400 Julia Bypass,Naples,FL,37418
A009339,C007453,Mailing,174 Jeremy Corner,Tallahassee,FL,43629
A009340,C007454,Home,3351 Nelson Terrace Apt. 365,Boca Raton,FL,43728
A009341,C007455,Home,75381 Sullivan Stream Apt. 718,Sarasota,FL,72549
A009342,C007456,Home,1024 Carolyn Radial Apt. 001,West Palm Beach,FL,87394
A009343,C007457,Home,6896 Rodgers Alley,Jacksonville,FL,99347
A009344,C007458,Home,23606 Ray Cape,Boca Raton,FL,28128
A009345,C007458,Mailing,081 Palmer Spur,Sarasota,FL,15878
A009346,C007459,Home,8024 Kimberly Forges Suite 618,Miami,FL,45466
A009347,C007460,Home,658 Jennings Shoals,Fort Lauderdale,FL,98332
A009348,C007460,Mailing,7789 Marshall Trace Apt. 090,Gainesville,FL,33905
A009349,C007461,Home,2940 Robinson Dam,Davie,FL,80593
A009350,C007461,Mailing,01050 Mcmillan Fort Apt. 380,Boca Raton,FL,74580
A009351,C007462,Home,3298 William Ridges,Miami,FL,33364
A009352,C007463,Home,932 Romero Extension,West Palm Beach,FL,19193
A009353,C007464,Home,92548 Ho Wall,Boca Raton,FL,52193
A009354,C007464,Mailing,937 Scott Path Apt. 429,Miami,FL,32603
A009355,C007465,Home,28788 Barrett Park Apt. 224,Fort Lauderdale,FL,71116
A009356,C007466,Home,37119 Thompson Union,Coral Springs,FL,81882
A009357,C007466,Mailing,35166 Taylor Hollow Suite 399,Gainesville,FL,24476
A009358,C007467,Home,830 Williams Station,West Palm Beach,FL,63098
A009359,C007467,Mailing,7635 Felicia Lock,Gainesville,FL,03574
A009360,C007468,Home,0288 Simpson Meadows Suite 574,Davie,FL,99238
A009361,C007469,Home,552 Andersen Stream Suite 296,Hollywood,FL,99594
A009362,C007470,Home,21023 Tracey Junctions Apt. 986,West Palm Beach,FL,73983
A009363,C007471,Home,046 Bean Bypass,Gainesville,FL,58178
A009364,C007472,Home,805 Suzanne Coves,Coral Springs,FL,25891
A009365,C007472,Mailing,611 Mcmillan Wall Apt. 245,Boca Raton,FL,70241
A009366,C007473,Home,10063 Michelle Route Suite 664,Hollywood,FL,70796
A009367,C007474,Home,78857 Mike Mountain Apt. 358,West Palm Beach,FL,05766
A009368,C007475,Home,87940 Jennifer Parkway,Pembroke Pines,FL,90846
A009369,C007476,Home,306 Carroll Meadows,Boca Raton,FL,81640
A009370,C007476,Mailing,997 Jeremy Fork,Sarasota,FL,29902
A009371,C007477,Home,7344 Joseph Meadow,Davie,FL,43218
A009372,C007478,Home,50937 Parker Court Apt. 658,Tallahassee,FL,56524
A009373,C007478,Mailing,7377 Park Shore Apt. 916,Davie,FL,71313
A009374,C007479,Home,3670 Sweeney Stravenue Suite 129,Jacksonville,FL,90213
A009375,C007480,Home,138 Charles Street Apt. 814,West Palm Beach,FL,71388
A009376,C007481,Home,9510 Michelle Walks,Sarasota,FL,67326
A009377,C007482,Home,6101 Hutchinson Road,Hollywood,FL,11246
A009378,C007483,Home,37014 Joshua Dale,West Palm Beach,FL,67306
A009379,C007484,Home,968 Zhang Road Apt. 029,Coral Springs,FL,17403
A009380,C007485,Home,7358 Jeffrey Summit Apt. 352,Coral Springs,FL,41251
A009381,C007486,Home,1095 Jamie Vista,Boca Raton,FL,53735
A009382,C007487,Home,8399 Cathy Motorway,Coral Springs,FL,34897
A009383,C007488,Home,6640 Lewis Junction Suite 859,Davie,FL,94165
A009384,C007489,Home,93181 Lopez Lock,Hollywood,FL,05473
A009385,C007490,Home,62088 Joel Vista Suite 622,Boca Raton,FL,43492
A009386,C007491,Home,003 Glass Mountain Suite 170,Sarasota,FL,63662
A009387,C007492,Home,45980 Foster Harbors Suite 143,Fort Lauderdale,FL,47043
A009388,C007492,Mailing,49851 Stewart Circles Suite 083,Miami,FL,92537
A009389,C007493,Home,6897 Watts Road Apt. 545,Jacksonville,FL,67850
A009390,C007494,Home,51309 Frederick Villages Suite 232,Pembroke Pines,FL,91910
A009391,C007495,Home,738 Hubbard Port Suite 156,Gainesville,FL,86303
A009392,C007495,Mailing,3011 Griffin Lights Apt. 243,Gainesville,FL,78763
A009393,C007496,Home,2897 Kristen Grove,Tampa,FL,25437
A009394,C007497,Home,8835 Heather Passage Suite 460,Gainesville,FL,40863
A009395,C007498,Home,236 Williams Green,West Palm Beach,FL,74401
A009396,C007499,Home,2461 Michael Turnpike,Sarasota,FL,79022
A009397,C007500,Home,46146 Michael Parkways Suite 811,Tallahassee,FL,47929
A009398,C007500,Mailing,0563 Anthony Squares,Pembroke Pines,FL,20008
A009399,C007501,Home,8480 Green Pine Suite 473,West Palm Beach,FL,12407
A009400,C007502,Home,3100 Paul Creek Suite 723,Boca Raton,FL,42526
A009401,C007503,Home,67993 Stacy Row,Hollywood,FL,67534
A009402,C007504,Home,9986 Watson Grove,Hollywood,FL,34005
A009403,C007505,Home,15557 Timothy Garden,Hollywood,FL,37052
A009404,C007505,Mailing,47285 Nicole Plain Suite 316,Sarasota,FL,16593
A009405,C007506,Home,343 Franklin Loaf,Tampa,FL,86874
A009406,C007507,Home,876 Garcia Extensions Suite 093,Miami,FL,91969
A009407,C007507,Mailing,499 Lee Court Apt. 906,Fort Lauderdale,FL,31688
A009408,C007508,Home,95401 Patterson Harbor Suite 024,West Palm Beach,FL,87714
A009409,C007509,Home,2816 Taylor Summit Suite 062,Jacksonville,FL,33625
A009410,C007510,Home,506 Cheryl Glens Apt. 923,Jacksonville,FL,49543
A009411,C007511,Home,80421 Ware Knolls Suite 893,Naples,FL,62865
A009412,C007512,Home,055 Boyd Cliffs,Pembroke Pines,FL,41429
A009413,C007513,Home,38130 Jacqueline Roads,Miami,FL,57829
A009414,C007514,Home,1040 Jessica Extension,Boca Raton,FL,18320
A009415,C007515,Home,02860 Jessica Harbors,Naples,FL,35482
A009416,C007515,Mailing,409 Jimmy Fields Suite 644,Tampa,FL,27258
A009417,C007516,Home,0191 Mackenzie Roads,Pembroke Pines,FL,09665
A009418,C007517,Home,3406 Parker Place,Fort Lauderdale,FL,97542
A009419,C007518,Home,56914 Buckley Spurs,Davie,FL,23706
A009420,C007519,Home,70554 Donovan Extension Suite 194,West Palm Beach,FL,78923
A009421,C007520,Home,616 Christopher Mill Suite 001,Fort Lauderdale,FL,39544
A009422,C007521,Home,410 Fisher Rest Suite 090,Sarasota,FL,86702
A009423,C007522,Home,599 Brown Flat,Tallahassee,FL,66203
A009424,C007522,Mailing,57885 Anderson Parks,Hollywood,FL,73491
A009425,C007523,Home,23276 Mario Orchard Suite 543,Boca Raton,FL,73472
A009426,C007524,Home,00826 Phillip Motorway,Fort Lauderdale,FL,19169
A009427,C007524,Mailing,1796 Carter Gateway Apt. 281,Miami,FL,49858
A009428,C007525,Home,1272 Scott Estate,Jacksonville,FL,16270
A009429,C007526,Home,26881 Green Stream Suite 000,Hollywood,FL,34377
A009430,C007526,Mailing,52752 Goodman Unions Apt. 359,Boca Raton,FL,14249
A009431,C007527,Home,5997 Durham Green Apt. 073,Hollywood,FL,94804
A009432,C007528,Home,70002 Isaiah River,Tallahassee,FL,92553
A009433,C007529,Home,1345 Smith Meadow,Sarasota,FL,86989
A009434,C007530,Home,44243 Terri Estates Apt. 620,Tampa,FL,61093
A009435,C007530,Mailing,4942 Bryan Hills Suite 657,Tallahassee,FL,38975
A009436,C007531,Home,663 Ricky Shoal Apt. 301,Pembroke Pines,FL,20533
A009437,C007532,Home,338 Bartlett Cliffs,Boca Raton,FL,21932
A009438,C007533,Home,92874 Lisa Court Suite 764,Orlando,FL,78380
A009439,C007534,Home,22441 King Brooks,Miami,FL,82979
A009440,C007535,Home,49262 Jeffrey Loop,Miami,FL,35573
A009441,C007535,Mailing,66278 Nancy Common,Davie,FL,02852
A009442,C007536,Home,6414 Teresa Plaza,Boca Raton,FL,80820
A009443,C007537,Home,384 James Village Apt. 884,Jacksonville,FL,96640
A009444,C007537,Mailing,39489 Holly Extensions,West Palm Beach,FL,37131
A009445,C007538,Home,795 Laura Oval,Pembroke Pines,FL,41917
A009446,C007539,Home,3218 Gill Light Apt. 229,Tallahassee,FL,30348
A009447,C007540,Home,6880 James Spurs,Naples,FL,63336
A009448,C007540,Mailing,39607 Rachel Via,West Palm Beach,FL,24475
A009449,C007541,Home,8264 Ricky Forks,Naples,FL,50261
A009450,C007542,Home,23586 Bianca Key,Miami,FL,01283
A009451,C007542,Mailing,91122 Cassandra Wall,Sarasota,FL,17782
A009452,C007543,Home,715 Matthew Manor Apt. 286,Coral Springs,FL,80042
A009453,C007544,Home,971 Clark Place Apt. 029,Coral Springs,FL,93687
A009454,C007545,Home,33358 Hunt Rest,Coral Springs,FL,48462
A009455,C007546,Home,3357 Joanne Estates,Davie,FL,77777
A009456,C007547,Home,728 Gillespie Gateway,Fort Lauderdale,FL,78436
A009457,C007548,Home,3105 Briggs Radial,Davie,FL,14132
A009458,C007549,Home,140 Rosario Divide,Fort Lauderdale,FL,34619
A009459,C007550,Home,194 Hester Estates,West Palm Beach,FL,29249
A009460,C007551,Home,4344 Ritter Lane Apt. 590,Hollywood,FL,77118
A009461,C007552,Home,1170 Fry Streets,Gainesville,FL,92334
A009462,C007553,Home,886 Candace Canyon Apt. 268,Miami,FL,95238
A009463,C007554,Home,1983 Christopher Ways,Tallahassee,FL,26112
A009464,C007554,Mailing,999 Hoover Gateway Apt. 908,Fort Lauderdale,FL,90327
A009465,C007555,Home,46517 Mcdonald Mountain Suite 262,Miami,FL,58219
A009466,C007555,Mailing,5648 Victoria Burgs Apt. 958,Tallahassee,FL,51152
A009467,C007556,Home,2190 Moore Mountains Suite 897,West Palm Beach,FL,77217
A009468,C007557,Home,9248 Patrick Bridge Suite 885,Davie,FL,10744
A009469,C007558,Home,7476 Henderson Islands Apt. 284,Naples,FL,29979
A009470,C007559,Home,209 Cooper Walks,Fort Lauderdale,FL,45829
A009471,C007560,Home,39531 Heather Run,Fort Lauderdale,FL,32489
A009472,C007561,Home,87947 Steven Causeway Suite 289,Jacksonville,FL,92515
A009473,C007562,Home,948 Crawford Street,Naples,FL,44527
A009474,C007563,Home,650 Mendez Estate Suite 692,Tampa,FL,20006
A009475,C007563,Mailing,150 Laura Roads,Tampa,FL,90651
A009476,C007564,Home,5964 Ruiz Parkway Suite 181,Jacksonville,FL,96766
A009477,C007565,Home,960 Robert Flats Suite 258,Pembroke Pines,FL,80421
A009478,C007566,Home,7848 Angel Squares Suite 929,Orlando,FL,86801
A009479,C007567,Home,22416 Diaz Lights Suite 643,Hollywood,FL,53671
A009480,C007567,Mailing,088 Michael Spurs,Coral Springs,FL,25586
A009481,C007568,Home,66525 John Ridges,West Palm Beach,FL,89836
A009482,C007569,Home,7296 Fields Villages Suite 727,Miami,FL,55314
A009483,C007570,Home,338 Margaret Highway,Coral Springs,FL,79546
A009484,C007571,Home,3525 Garcia Port,Hollywood,FL,09141
A009485,C007572,Home,162 Cindy Parks,Coral Springs,FL,24350
A009486,C007572,Mailing,7870 Cooper Parkway Suite 303,Orlando,FL,53849
A009487,C007573,Home,40004 Harris Spur Apt. 015,Jacksonville,FL,40935
A009488,C007574,Home,5376 Ashley Wells,Pembroke Pines,FL,74639
A009489,C007575,Home,630 Wagner Island Apt. 386,Coral Springs,FL,13164
A009490,C007576,Home,6961 Vargas Circle,Jacksonville,FL,10303
A009491,C007577,Home,689 Katherine Bridge Apt. 167,Pembroke Pines,FL,11999
A009492,C007577,Mailing,92401 Sharon Lodge,Tallahassee,FL,50679
A009493,C007578,Home,5683 Michael Green,Miami,FL,29601
A009494,C007579,Home,07144 Todd Courts Apt. 566,Fort Lauderdale,FL,01242
A009495,C007580,Home,030 Hood Plains Suite 846,Coral Springs,FL,42071
A009496,C007580,Mailing,8674 Black Points Suite 037,Orlando,FL,81634
A009497,C007581,Home,63672 Evans Rapid,Tampa,FL,60366
A009498,C007582,Home,41242 Dalton Squares,Miami,FL,81193
A009499,C007583,Home,3584 Felicia Mall,Tallahassee,FL,22635
A009500,C007584,Home,8774 Shawn Locks Suite 198,Orlando,FL,33594
A009501,C007584,Mailing,57255 Rowe Junctions Apt. 702,Coral Springs,FL,60127
A009502,C007585,Home,1581 Renee Mission Apt. 397,Sarasota,FL,65476
A009503,C007586,Home,992 Sanchez Roads Apt. 773,Hollywood,FL,69198
A009504,C007587,Home,715 Rivas Crossing Suite 905,Tallahassee,FL,57000
A009505,C007588,Home,003 Villegas Port,Tallahassee,FL,93165
A009506,C007589,Home,473 Meyer Spur Suite 954,Miami,FL,72953
A009507,C007590,Home,991 Allison Cape Apt. 068,Pembroke Pines,FL,47958
A009508,C007591,Home,09038 Cook Avenue,Coral Springs,FL,99423
A009509,C007591,Mailing,017 Alvarez Port,Orlando,FL,86879
A009510,C007592,Home,41776 Jeremy Curve,Orlando,FL,11964
A009511,C007593,Home,8545 Brandon Coves Suite 200,Tallahassee,FL,27381
A009512,C007593,Mailing,459 Nicholas Rapid,Miami,FL,15027
A009513,C007594,Home,1044 Kyle Falls Apt. 580,Davie,FL,83726
A009514,C007594,Mailing,7168 Smith Knoll Suite 237,Orlando,FL,19058
A009515,C007595,Home,4207 Miller Corners Apt. 766,Coral Springs,FL,49148
A009516,C007595,Mailing,929 Gilbert Village,Coral Springs,FL,82144
A009517,C007596,Home,12109 Scott Stream Apt. 917,Naples,FL,90856
A009518,C007597,Home,6846 Derek Plaza Apt. 453,West Palm Beach,FL,31726
A009519,C007598,Home,577 Mckinney Heights Suite 232,Boca Raton,FL,74996
A009520,C007598,Mailing,3373 Smith Cove Apt. 367,Gainesville,FL,13633
A009521,C007599,Home,349 Steven Pine Suite 523,Coral Springs,FL,29960
A009522,C007599,Mailing,215 Jordan Radial Apt. 018,Naples,FL,29865
A009523,C007600,Home,5614 Ellis Tunnel,Orlando,FL,08747
A009524,C007600,Mailing,19841 Zachary Island Apt. 722,Tampa,FL,08792
A009525,C007601,Home,24058 Rodriguez Crossing Suite 448,Sarasota,FL,46710
A009526,C007601,Mailing,19783 Lopez Locks,Jacksonville,FL,93634
A009527,C007602,Home,20988 Alexander Loaf,Gainesville,FL,37661
A009528,C007602,Mailing,92004 Grant Loaf Apt. 363,Pembroke Pines,FL,42677
A009529,C007603,Home,885 Mckenzie Lane Apt. 709,Jacksonville,FL,37632
A009530,C007604,Home,4006 Nunez Shoal Suite 370,Sarasota,FL,95711
A009531,C007605,Home,48373 Dana Shores Suite 650,Tampa,FL,99883
A009532,C007606,Home,20678 Frederick Fords Suite 231,Sarasota,FL,36070
A009533,C007607,Home,082 Jonathan Harbors Apt. 720,Tampa,FL,36213
A009534,C007608,Home,6381 Hobbs Squares,Fort Lauderdale,FL,80710
A009535,C007608,Mailing,2645 Green Road Apt. 230,Orlando,FL,39809
A009536,C007609,Home,9912 Dunn Circle,Hollywood,FL,41538
A009537,C007610,Home,8402 Ryan Island,Naples,FL,63230
A009538,C007610,Mailing,34850 Kemp Prairie,Gainesville,FL,97167
A009539,C007611,Home,54420 Mason Harbor,Coral Springs,FL,69020
A009540,C007611,Mailing,8161 Paula Drives,Coral Springs,FL,93715
A009541,C007612,Home,565 Sarah Rapids Suite 576,Coral Springs,FL,12305
A009542,C007612,Mailing,394 Bolton Field,Naples,FL,87027
A009543,C007613,Home,05655 Bobby Cliff Apt. 168,Miami,FL,78210
A009544,C007614,Home,238 Brett Radial Suite 683,Tampa,FL,33285
A009545,C007615,Home,910 Meyer Tunnel,Jacksonville,FL,70243
A009546,C007615,Mailing,20427 Torres Curve,Davie,FL,88637
A009547,C007616,Home,4636 James Mountains Suite 570,Davie,FL,70352
A009548,C007617,Home,027 Nielsen Inlet Suite 517,Jacksonville,FL,78263
A009549,C007618,Home,96132 Gregory Path,Tampa,FL,33360
A009550,C007619,Home,290 Perez Hill,Miami,FL,35429
A009551,C007620,Home,96450 Michael Extension,Jacksonville,FL,27185
A009552,C007621,Home,97524 Wiggins Station,West Palm Beach,FL,92058
A009553,C007621,Mailing,9423 Henderson Pass,Davie,FL,11522
A009554,C007622,Home,944 Sanders Junction,Davie,FL,58158
A009555,C007623,Home,0980 Hill Track Suite 503,West Palm Beach,FL,08117
A009556,C007623,Mailing,137 Patricia Drives Apt. 288,Jacksonville,FL,36464
A009557,C007624,Home,0364 Marvin Valley Apt. 276,Orlando,FL,73429
A009558,C007624,Mailing,830 Berry Passage,Tallahassee,FL,16892
A009559,C007625,Home,65888 Jasmine Walks Suite 694,Fort Lauderdale,FL,12883
A009560,C007625,Mailing,457 Wilson Via Suite 270,Miami,FL,99558
A009561,C007626,Home,64358 Alexandra Terrace Suite 620,Boca Raton,FL,39902
A009562,C007627,Home,97895 Hill Underpass,West Palm Beach,FL,61331
A009563,C007628,Home,4745 Kelly Glens Apt. 069,Hollywood,FL,88109
A009564,C007628,Mailing,191 Collins Bypass,West Palm Beach,FL,60631
A009565,C007629,Home,724 Mark Centers,Tampa,FL,97927
A009566,C007629,Mailing,01221 Gonzales Shore,Miami,FL,65524
A009567,C007630,Home,468 Joseph Circle Suite 507,Orlando,FL,87638
A009568,C007631,Home,636 Cody Mews,Naples,FL,55281
A009569,C007632,Home,078 Martinez Lights,Hollywood,FL,65846
A009570,C007633,Home,8755 Parker Street,Sarasota,FL,53082
A009571,C007634,Home,335 Jennifer Alley,Boca Raton,FL,13584
A009572,C007635,Home,58965 Penny Isle Apt. 110,Fort Lauderdale,FL,91255
A009573,C007635,Mailing,298 Mercado Cliff,Naples,FL,67767
A009574,C007636,Home,91251 Nancy Points Apt. 645,Sarasota,FL,82203
A009575,C007637,Home,908 Wallace Bypass Suite 944,Orlando,FL,14630
A009576,C007638,Home,12903 Roger Alley,Gainesville,FL,33902
A009577,C007639,Home,5302 Sarah Valleys,Boca Raton,FL,95127
A009578,C007640,Home,64306 Moody Vista,West Palm Beach,FL,99476
A009579,C007641,Home,6094 Scott Glen Suite 562,Gainesville,FL,20087
A009580,C007642,Home,25142 Adam Flats,Naples,FL,87990
A009581,C007643,Home,88450 Campos Islands Suite 827,Coral Springs,FL,38381
A009582,C007644,Home,41217 Frank Forks Apt. 803,Naples,FL,24059
A009583,C007644,Mailing,8932 Dominguez Pine,Coral Springs,FL,22211
A009584,C007645,Home,48963 Watson Ways Apt. 873,Tallahassee,FL,95545
A009585,C007645,Mailing,051 Carter Glens Apt. 300,Orlando,FL,98227
A009586,C007646,Home,191 Le Canyon,Coral Springs,FL,37354
A009587,C007647,Home,72441 Parker Pines Suite 612,Gainesville,FL,60130
A009588,C007647,Mailing,9803 Corey Mews,Boca Raton,FL,63196
A009589,C007648,Home,017 Cynthia Flat Apt. 899,Pembroke Pines,FL,64900
A009590,C007649,Home,9658 Kristina Manors Suite 278,Coral Springs,FL,75123
A009591,C007650,Home,4898 Mayo Garden Apt. 558,Tallahassee,FL,13115
A009592,C007651,Home,74176 Sarah Road,Miami,FL,03239
A009593,C007652,Home,1500 Veronica Island,Orlando,FL,87637
A009594,C007653,Home,885 Price Shoals Suite 768,Gainesville,FL,28624
A009595,C007654,Home,17490 Teresa Highway Apt. 958,Davie,FL,00937
A009596,C007655,Home,4900 Kelly Mews,Pembroke Pines,FL,92208
A009597,C007656,Home,1892 Hensley Ports,Davie,FL,97500
A009598,C007656,Mailing,841 Miller Canyon,Hollywood,FL,26263
A009599,C007657,Home,7583 Shawn Corners,Gainesville,FL,56158
A009600,C007657,Mailing,5868 Arroyo Lake,Miami,FL,58802
A009601,C007658,Home,63936 Townsend Tunnel Suite 213,Orlando,FL,00536
A009602,C007659,Home,82895 Mays Causeway Suite 334,Boca Raton,FL,89218
A009603,C007660,Home,241 Gary Common,Gainesville,FL,69428
A009604,C007661,Home,75650 Walker Pass Apt. 477,Naples,FL,89395
A009605,C007662,Home,7684 Jefferson Junctions,Tampa,FL,66512
A009606,C007662,Mailing,259 Martin Underpass,Gainesville,FL,32296
A009607,C007663,Home,9490 Gray Walks,Gainesville,FL,83596
A009608,C007664,Home,88861 Turner Greens Suite 142,Miami,FL,48822
A009609,C007664,Mailing,190 Daniels Common,Sarasota,FL,73843
A009610,C007665,Home,19408 Gomez Ranch Apt. 389,Fort Lauderdale,FL,32036
A009611,C007666,Home,4255 Rachel Forge Apt. 977,Coral Springs,FL,72429
A009612,C007667,Home,334 Amanda Squares,Naples,FL,81512
A009613,C007668,Home,869 Melissa Forest Suite 137,Orlando,FL,72327
A009614,C007668,Mailing,354 Davis Well Suite 951,Boca Raton,FL,61046
A009615,C007669,Home,576 Perry Springs Suite 177,Hollywood,FL,84465
A009616,C007670,Home,754 Moore Mall,Tallahassee,FL,54496
A009617,C007671,Home,33779 Robert Ports Apt. 641,Davie,FL,79361
A009618,C007671,Mailing,46326 Michael Dam,Davie,FL,58979
A009619,C007672,Home,32987 Garcia Inlet Suite 420,Naples,FL,51311
A009620,C007673,Home,3089 Kevin Center,Orlando,FL,47458
A009621,C007674,Home,1214 Gregory Spring Apt. 913,Fort Lauderdale,FL,06135
A009622,C007675,Home,2037 Bass Course,Boca Raton,FL,16490
A009623,C007675,Mailing,175 Daniel Spurs,Tallahassee,FL,21744
A009624,C007676,Home,3902 Charles Camp Apt. 618,Tampa,FL,87047
A009625,C007677,Home,595 Kathy Crossing,Pembroke Pines,FL,61989
A009626,C007678,Home,79473 Wilson Knolls,Davie,FL,37009
A009627,C007679,Home,977 Lee Fords,Pembroke Pines,FL,70876
A009628,C007680,Home,83926 Lopez Fork,Boca Raton,FL,05340
A009629,C007681,Home,64287 Williams Underpass,Gainesville,FL,36236
A009630,C007682,Home,108 William Fields,Davie,FL,60696
A009631,C007683,Home,30124 Walker Stream,Sarasota,FL,17314
A009632,C007684,Home,839 Matthew Stream,Boca Raton,FL,77693
A009633,C007685,Home,94583 Mckenzie Villages Apt. 210,Hollywood,FL,52251
A009634,C007686,Home,9522 Kimberly Streets,West Palm Beach,FL,04200
A009635,C007687,Home,27699 Shaw Ridge,Tallahassee,FL,82886
A009636,C007688,Home,96269 James Alley Apt. 419,Hollywood,FL,69838
A009637,C007689,Home,56823 Anderson Island,Gainesville,FL,15090
A009638,C007689,Mailing,532 Taylor Pines Apt. 598,Orlando,FL,55368
A009639,C007690,Home,90155 Kimberly Rest Suite 130,Gainesville,FL,33954
A009640,C007691,Home,6922 Judy Fords,Pembroke Pines,FL,15624
A009641,C007691,Mailing,7259 Allison Overpass,Hollywood,FL,75586
A009642,C007692,Home,6549 Moore Prairie,Jacksonville,FL,16045
A009643,C007693,Home,57714 Willis Canyon Apt. 104,West Palm Beach,FL,44507
A009644,C007694,Home,7791 Cynthia Road,Naples,FL,95391
A009645,C007694,Mailing,1514 Nguyen Rapids Suite 107,Tallahassee,FL,64117
A009646,C007695,Home,3037 Raven Causeway Suite 796,Gainesville,FL,10341
A009647,C007696,Home,68063 Robert Knoll Suite 933,Tampa,FL,56598
A009648,C007697,Home,763 Ronald Ferry Suite 319,West Palm Beach,FL,42302
A009649,C007697,Mailing,493 Brown Track Apt. 992,Coral Springs,FL,13059
A009650,C007698,Home,16611 David Knolls Suite 376,Sarasota,FL,20825
A009651,C007699,Home,496 Lauren Way,Boca Raton,FL,13032
A009652,C007700,Home,22755 Hines Neck,Naples,FL,23848
A009653,C007701,Home,50048 Adrian Stream,Tampa,FL,53313
A009654,C007702,Home,2454 Peter Islands,Boca Raton,FL,94323
A009655,C007703,Home,10040 Valdez Terrace,Jacksonville,FL,30708
A009656,C007704,Home,324 James Creek Suite 364,Pembroke Pines,FL,70498
A009657,C007704,Mailing,69774 Carla Row Suite 049,Hollywood,FL,09627
A009658,C007705,Home,693 Mark Fields,Jacksonville,FL,65298
A009659,C007706,Home,85149 Smith Vista,Tampa,FL,41926
A009660,C007706,Mailing,965 Dawn Lake,Pembroke Pines,FL,36164
A009661,C007707,Home,72023 Christopher Row,West Palm Beach,FL,14939
A009662,C007707,Mailing,45972 Cannon Crescent,West Palm Beach,FL,12890
A009663,C007708,Home,77410 Matthew Parks,Tampa,FL,35801
A009664,C007709,Home,94022 Alan Canyon Apt. 578,Gainesville,FL,47495
A009665,C007710,Home,74307 Kenneth Drives,Boca Raton,FL,45830
A009666,C007711,Home,778 Wright Wall,Boca Raton,FL,37067
A009667,C007712,Home,4144 Jones Mountains,Fort Lauderdale,FL,85734
A009668,C007713,Home,9562 Austin Springs,Naples,FL,52494
A009669,C007714,Home,475 Cooley Place,Sarasota,FL,18917
A009670,C007715,Home,53888 Ellis Freeway Suite 024,Boca Raton,FL,42506
A009671,C007716,Home,49566 Peters Lake Apt. 773,Pembroke Pines,FL,13483
A009672,C007717,Home,770 Mark Locks Apt. 283,Fort Lauderdale,FL,27009
A009673,C007718,Home,4151 Jennifer Ridge Apt. 619,Tallahassee,FL,85486
A009674,C007719,Home,011 Brandon Union,Fort Lauderdale,FL,96730
A009675,C007719,Mailing,0200 Newman Manor,Tallahassee,FL,20137
A009676,C007720,Home,162 Johnson Stravenue,Boca Raton,FL,20110
A009677,C007721,Home,941 Joseph Shore Apt. 598,Jacksonville,FL,42573
A009678,C007722,Home,931 Jennifer Throughway,Tampa,FL,29936
A009679,C007722,Mailing,326 Nguyen Vista,Fort Lauderdale,FL,79395
A009680,C007723,Home,7699 Davis Way,Naples,FL,19624
A009681,C007724,Home,608 Becky Field Suite 119,Coral Springs,FL,98768
A009682,C007725,Home,9222 Linda Field Apt. 531,Orlando,FL,01555
A009683,C007726,Home,304 Robert Neck,West Palm Beach,FL,52584
A009684,C007727,Home,38775 White Curve,Tallahassee,FL,88225
A009685,C007727,Mailing,742 Maldonado Tunnel,Coral Springs,FL,76893
A009686,C007728,Home,33034 Samantha Garden Apt. 720,Davie,FL,68775
A009687,C007728,Mailing,1344 Tyler Rest,West Palm Beach,FL,36124
A009688,C007729,Home,87614 Phillip Corner,Jacksonville,FL,16610
A009689,C007730,Home,301 Smith Wall,Tampa,FL,45095
A009690,C007730,Mailing,3354 Denise Expressway Suite 195,Orlando,FL,80896
A009691,C007731,Home,88884 Collins Village Apt. 632,Hollywood,FL,80092
A009692,C007732,Home,94271 Santiago Ridges Suite 340,Miami,FL,62755
A009693,C007733,Home,371 Amy Harbors,Sarasota,FL,35785
A009694,C007734,Home,38175 Sheri Rapids,Davie,FL,98855
A009695,C007735,Home,9000 Martin Manors Apt. 162,Naples,FL,48621
A009696,C007736,Home,32955 Peter Circles,Jacksonville,FL,65497
A009697,C007736,Mailing,100 Gregory Meadow Suite 088,Tallahassee,FL,05733
A009698,C007737,Home,116 Sara Ramp,Fort Lauderdale,FL,56578
A009699,C007738,Home,3344 Janice Circle Suite 774,Miami,FL,46760
A009700,C007738,Mailing,1111 Christopher Shoals,Sarasota,FL,35324
A009701,C007739,Home,2639 Brown Union Apt. 804,Coral Springs,FL,37535
A009702,C007740,Home,0268 Roberts Ford Suite 340,West Palm Beach,FL,69959
A009703,C007741,Home,03424 William Manors Apt. 608,Orlando,FL,28235
A009704,C007742,Home,625 Hill Lodge Suite 447,Orlando,FL,53839
A009705,C007743,Home,69403 John Island,Hollywood,FL,79252
A009706,C007744,Home,435 Sellers Mall,Fort Lauderdale,FL,27523
A009707,C007745,Home,1259 Johnston Light,Davie,FL,19845
A009708,C007746,Home,57980 Jones Station Suite 327,Naples,FL,39973
A009709,C007747,Home,63505 Jill Parkways Apt. 699,Tampa,FL,17570
A009710,C007748,Home,41289 Christina Union,Coral Springs,FL,27689
A009711,C007749,Home,20757 Michael Flats Suite 734,Hollywood,FL,87224
A009712,C007750,Home,02038 Montgomery Turnpike,Tampa,FL,93240
A009713,C007751,Home,98215 Lopez Turnpike Suite 242,Jacksonville,FL,12386
A009714,C007752,Home,8275 Rogers Cliffs,Boca Raton,FL,94187
A009715,C007753,Home,76871 Jason Harbors,Naples,FL,36300
A009716,C007754,Home,9402 Eric Parks Suite 294,Miami,FL,71035
A009717,C007754,Mailing,02627 Fuller Tunnel Apt. 651,Gainesville,FL,22270
A009718,C007755,Home,620 Vargas Harbor,Tampa,FL,85997
A009719,C007755,Mailing,1659 Laura Mount Apt. 320,Sarasota,FL,81544
A009720,C007756,Home,21971 Smith Tunnel Suite 079,Fort Lauderdale,FL,41154
A009721,C007757,Home,83587 Williams Mountains Suite 513,Hollywood,FL,58246
A009722,C007758,Home,8323 Shawn Gateway Apt. 070,Tampa,FL,81667
A009723,C007758,Mailing,563 Marissa Fort,Boca Raton,FL,79951
A009724,C007759,Home,2523 Martin Parkways,West Palm Beach,FL,13024
A009725,C007759,Mailing,095 Victor Rue,Fort Lauderdale,FL,45567
A009726,C007760,Home,52880 Jenkins Course,Hollywood,FL,03107
A009727,C007760,Mailing,543 Douglas Ports Suite 250,Sarasota,FL,75119
A009728,C007761,Home,2748 Luis Squares,West Palm Beach,FL,92016
A009729,C007761,Mailing,19104 Christensen Rapid,Sarasota,FL,80638
A009730,C007762,Home,6764 Kimberly Roads Apt. 170,Boca Raton,FL,66112
A009731,C007762,Mailing,1834 Andrea Road Apt. 133,Sarasota,FL,39312
A009732,C007763,Home,9013 Donald Flat Apt. 777,Hollywood,FL,58432
A009733,C007764,Home,813 Walter Lights Apt. 926,Jacksonville,FL,33685
A009734,C007765,Home,0338 Marcia Causeway Apt. 916,Boca Raton,FL,01945
A009735,C007766,Home,3087 Amy Freeway Suite 152,Davie,FL,52085
A009736,C007767,Home,31650 Mathis Bypass,Hollywood,FL,50522
A009737,C007767,Mailing,9378 Schneider Valleys,Tampa,FL,58324
A009738,C007768,Home,8698 Stewart Road Suite 539,Jacksonville,FL,81476
A009739,C007769,Home,1618 Williams Island Suite 275,Miami,FL,20244
A009740,C007770,Home,213 Eric Turnpike Suite 126,West Palm Beach,FL,39022
A009741,C007770,Mailing,35901 Price Overpass,Miami,FL,82912
A009742,C007771,Home,38604 Fry Falls,Coral Springs,FL,78617
A009743,C007772,Home,8777 Maxwell Expressway,Tampa,FL,96900
A009744,C007773,Home,285 Salazar Motorway Suite 335,Sarasota,FL,15251
A009745,C007774,Home,9105 Rebecca Canyon,Fort Lauderdale,FL,26728
A009746,C007774,Mailing,3310 Emily Mountain,Orlando,FL,49577
A009747,C007775,Home,001 Kenneth Gardens,Hollywood,FL,27369
A009748,C007776,Home,5861 Susan Circle,Tallahassee,FL,21837
A009749,C007777,Home,1336 Colon Hill,Pembroke Pines,FL,26178
A009750,C007777,Mailing,1883 Hayes Stream Suite 765,Hollywood,FL,79676
A009751,C007778,Home,087 Perry Orchard Suite 984,Orlando,FL,12676
A009752,C007779,Home,79817 Clarke Field Suite 174,Orlando,FL,74429
A009753,C007780,Home,9303 Hunt Circle Apt. 564,Jacksonville,FL,68526
A009754,C007781,Home,4719 Angela Common Suite 743,Coral Springs,FL,01474
A009755,C007782,Home,269 Flowers Green,Jacksonville,FL,19129
A009756,C007783,Home,573 Amber Heights Suite 580,Boca Raton,FL,50939
A009757,C007784,Home,07815 Marie Avenue,Orlando,FL,70174
A009758,C007784,Mailing,2226 Anthony Glens,Tallahassee,FL,09476
A009759,C007785,Home,107 Wise Motorway,Boca Raton,FL,53440
A009760,C007786,Home,910 Rogers Center,Gainesville,FL,06440
A009761,C007787,Home,634 Sabrina Squares Suite 904,Pembroke Pines,FL,99668
A009762,C007787,Mailing,4985 Adams Fall Apt. 425,Davie,FL,74100
A009763,C007788,Home,23030 King Cliff Apt. 655,West Palm Beach,FL,87205
A009764,C007789,Home,12760 Tyler Ville,Boca Raton,FL,66471
A009765,C007790,Home,0365 Jessica Streets Suite 414,Miami,FL,63486
A009766,C007791,Home,58996 Amanda Canyon Apt. 943,Tampa,FL,71340
A009767,C007792,Home,724 Cole Rue,Orlando,FL,65131
A009768,C007793,Home,360 Jones Park Apt. 879,Hollywood,FL,23420
A009769,C007794,Home,3817 Vasquez Well,Fort Lauderdale,FL,62855
A009770,C007795,Home,9211 Rosario Vista Suite 769,Gainesville,FL,86581
A009771,C007795,Mailing,727 Silva Prairie,Naples,FL,66489
A009772,C007796,Home,5892 Jacob Expressway Apt. 318,Orlando,FL,98389
A009773,C007797,Home,7114 Bishop Villages,Gainesville,FL,02692
A009774,C007798,Home,496 Gregory Park,Orlando,FL,22163
A009775,C007799,Home,69729 Julian Well Apt. 441,Sarasota,FL,88482
A009776,C007800,Home,59001 Michele Fort Suite 498,Pembroke Pines,FL,05419
A009777,C007801,Home,850 Riley Knoll,Orlando,FL,82591
A009778,C007802,Home,350 Joseph Trail,Tallahassee,FL,61998
A009779,C007803,Home,1478 Crawford Tunnel Suite 329,Gainesville,FL,89631
A009780,C007804,Home,6116 Sims Parks Apt. 964,Tampa,FL,58494
A009781,C007805,Home,4218 Angela Ranch Suite 054,Davie,FL,17521
A009782,C007806,Home,13115 Samuel Inlet Suite 195,Miami,FL,97833
A009783,C007807,Home,57981 Smith Springs,Davie,FL,40535
A009784,C007808,Home,08291 Zachary Motorway,Naples,FL,48408
A009785,C007808,Mailing,315 Ortiz Station Apt. 813,Coral Springs,FL,64992
A009786,C007809,Home,09405 Margaret Shore Suite 630,Jacksonville,FL,23367
A009787,C007810,Home,7158 James Ridge,Tampa,FL,88779
A009788,C007811,Home,17572 Hamilton Isle Apt. 503,Gainesville,FL,39510
A009789,C007812,Home,668 Michael Drive,Naples,FL,71912
A009790,C007813,Home,92838 Micheal Union,Davie,FL,06382
A009791,C007813,Mailing,754 Richardson Ports,Coral Springs,FL,64728
A009792,C007814,Home,82870 Kendra Hill Suite 971,Fort Lauderdale,FL,83058
A009793,C007814,Mailing,325 Hernandez Squares,Gainesville,FL,19719
A009794,C007815,Home,74075 Davis Route Suite 298,Orlando,FL,24244
A009795,C007815,Mailing,159 Mcclain Coves,Fort Lauderdale,FL,32275
A009796,C007816,Home,228 Smith Plain Suite 259,Fort Lauderdale,FL,30733
A009797,C007816,Mailing,2561 Brewer Grove,Davie,FL,55347
A009798,C007817,Home,2937 Mikayla Cliff Suite 692,Hollywood,FL,43778
A009799,C007818,Home,03956 Butler Mills Apt. 081,Coral Springs,FL,51205
A009800,C007819,Home,15392 Palmer Glens,Orlando,FL,83178
A009801,C007820,Home,3800 Mary Islands,Tallahassee,FL,21147
A009802,C007820,Mailing,6130 Donna Street Apt. 939,Naples,FL,44725
A009803,C007821,Home,9057 Pollard Gateway,Boca Raton,FL,87525
A009804,C007822,Home,035 Gonzalez Circle,Fort Lauderdale,FL,11148
A009805,C007823,Home,8024 Price Stravenue,West Palm Beach,FL,62479
A009806,C007824,Home,2264 Boyer Rest Apt. 037,Pembroke Pines,FL,53235
A009807,C007824,Mailing,0433 Richard Mission,Naples,FL,78256
A009808,C007825,Home,26564 Preston Mission Suite 036,Boca Raton,FL,17602
A009809,C007826,Home,61206 Henry Isle,Hollywood,FL,30012
A009810,C007827,Home,63987 Christopher Roads Suite 445,Pembroke Pines,FL,56957
A009811,C007828,Home,5532 William Pines,West Palm Beach,FL,68475
A009812,C007828,Mailing,365 Darrell Run Suite 807,Miami,FL,73250
A009813,C007829,Home,959 Johnny Route Suite 934,Fort Lauderdale,FL,45858
A009814,C007830,Home,4849 Harrell Locks Suite 968,Coral Springs,FL,54174
A009815,C007831,Home,95128 Lin Dale,Gainesville,FL,79289
A009816,C007831,Mailing,318 Melissa Forges Apt. 578,Hollywood,FL,07105
A009817,C007832,Home,4368 Michael Hills Apt. 933,Fort Lauderdale,FL,14635
A009818,C007832,Mailing,99496 Nicholas Canyon Suite 940,Pembroke Pines,FL,41565
A009819,C007833,Home,095 Yates Green Apt. 677,Fort Lauderdale,FL,31768
A009820,C007834,Home,41952 Hawkins Forges,Boca Raton,FL,81160
A009821,C007835,Home,23652 Erica Parks Apt. 692,Jacksonville,FL,47294
A009822,C007836,Home,7603 Chase Camp,Orlando,FL,92788
A009823,C007837,Home,384 Tina Burg Suite 053,Tallahassee,FL,46840
A009824,C007838,Home,69546 Kent Shore,West Palm Beach,FL,58124
A009825,C007839,Home,558 Brooks Divide Suite 694,Fort Lauderdale,FL,56940
A009826,C007840,Home,1370 Fitzgerald Fields,Boca Raton,FL,63633
A009827,C007841,Home,4363 Michele Lane Suite 061,Gainesville,FL,45920
A009828,C007842,Home,82698 Chelsea Place,Tampa,FL,51971
A009829,C007843,Home,735 Steven Gateway,Naples,FL,19773
A009830,C007844,Home,122 Rocha Hollow Suite 857,Miami,FL,20387
A009831,C007845,Home,7325 Kelly Courts,Tallahassee,FL,86506
A009832,C007846,Home,1952 Miller Tunnel,Fort Lauderdale,FL,92799
A009833,C007846,Mailing,781 Natalie Estates Suite 206,Naples,FL,10565
A009834,C007847,Home,2112 Kelly Field,Pembroke Pines,FL,90999
A009835,C007848,Home,335 Kathy Harbors,Hollywood,FL,94222
A009836,C007849,Home,997 Ricardo Orchard Apt. 163,Boca Raton,FL,63617
A009837,C007850,Home,360 Torres Mission,Miami,FL,47055
A009838,C007851,Home,136 Derek Pines Suite 432,Naples,FL,68196
A009839,C007852,Home,8091 Gilmore Village,Davie,FL,46948
A009840,C007853,Home,23627 Lyons Track,Hollywood,FL,67064
A009841,C007853,Mailing,865 Nixon Fort,Gainesville,FL,28542
A009842,C007854,Home,04169 Jonathan Inlet Suite 234,Fort Lauderdale,FL,43873
A009843,C007854,Mailing,8682 Roger Locks Suite 741,Naples,FL,77265
A009844,C007855,Home,66381 Brittany Falls Apt. 104,Fort Lauderdale,FL,52819
A009845,C007856,Home,0805 Alexis Walk Suite 185,Jacksonville,FL,86344
A009846,C007857,Home,352 Timothy Mountains,Gainesville,FL,58440
A009847,C007858,Home,2563 Martin Unions Apt. 006,Hollywood,FL,31955
A009848,C007859,Home,551 Patterson Glens,Naples,FL,44942
A009849,C007860,Home,660 Wilson Land Suite 503,Coral Springs,FL,78610
A009850,C007861,Home,35146 Megan Road,Fort Lauderdale,FL,24531
A009851,C007862,Home,678 Irwin Club,Tampa,FL,21634
A009852,C007863,Home,285 Gaines Mission Suite 100,Tampa,FL,18246
A009853,C007864,Home,1734 Connor Route,Gainesville,FL,84626
A009854,C007864,Mailing,1900 Jerry Inlet,Pembroke Pines,FL,73322
A009855,C007865,Home,4387 Christopher Hills Suite 478,Coral Springs,FL,60361
A009856,C007866,Home,606 Eric Place,Tampa,FL,15070
A009857,C007866,Mailing,52996 Angel Path Apt. 146,Gainesville,FL,58025
A009858,C007867,Home,436 James Squares,Pembroke Pines,FL,03520
A009859,C007868,Home,501 Ashley Extension,Sarasota,FL,79171
A009860,C007868,Mailing,281 Morgan Points Suite 655,Sarasota,FL,45889
A009861,C007869,Home,26132 Jones Pass Apt. 351,West Palm Beach,FL,92918
A009862,C007869,Mailing,701 Deborah Stravenue,Sarasota,FL,77532
A009863,C007870,Home,85549 Blanchard Street Suite 286,West Palm Beach,FL,67998
A009864,C007871,Home,70960 Houston Pike,Hollywood,FL,43219
A009865,C007872,Home,4286 Jones Pass,Hollywood,FL,86764
A009866,C007872,Mailing,3445 Brandon Land,Tampa,FL,24363
A009867,C007873,Home,715 Laura Centers Suite 205,Fort Lauderdale,FL,66218
A009868,C007874,Home,56055 Pitts Knolls,Davie,FL,39619
A009869,C007875,Home,529 Heather Cliffs,Tampa,FL,37168
A009870,C007876,Home,8534 Wilson Squares,Gainesville,FL,01564
A009871,C007877,Home,065 Nancy Harbors Apt. 248,Gainesville,FL,99526
A009872,C007878,Home,011 Robin Terrace Apt. 008,Boca Raton,FL,43710
A009873,C007878,Mailing,10383 Gary Path,Gainesville,FL,95411
A009874,C007879,Home,412 Johnson Way,Orlando,FL,21002
A009875,C007879,Mailing,9362 Graham Plains,Fort Lauderdale,FL,77172
A009876,C007880,Home,6205 Spencer Mill Suite 585,West Palm Beach,FL,71812
A009877,C007880,Mailing,1527 Stephen Squares Suite 007,Miami,FL,65877
A009878,C007881,Home,415 Gonzalez Centers,Tampa,FL,39087
A009879,C007882,Home,89741 Jocelyn Spring,West Palm Beach,FL,45815
A009880,C007883,Home,2920 Logan Trail,Miami,FL,09210
A009881,C007884,Home,4987 Tina Islands Apt. 933,Miami,FL,07915
A009882,C007885,Home,207 Brown Mill,West Palm Beach,FL,82978
A009883,C007886,Home,259 Sarah Trail,West Palm Beach,FL,18815
A009884,C007887,Home,48825 Peterson Trail Apt. 132,Sarasota,FL,69975
A009885,C007887,Mailing,813 Wallace Extension,Tallahassee,FL,32285
A009886,C007888,Home,2229 Diana Ramp,West Palm Beach,FL,06909
A009887,C007888,Mailing,17068 Mitchell Green,Gainesville,FL,90175
A009888,C007889,Home,0831 Hayes Station,Sarasota,FL,37193
A009889,C007890,Home,2353 Tamara Walks,Hollywood,FL,04745
A009890,C007890,Mailing,605 Nathaniel Underpass,Pembroke Pines,FL,33281
A009891,C007891,Home,36330 King Knolls,Sarasota,FL,72926
A009892,C007891,Mailing,22666 Ritter Inlet,Boca Raton,FL,51068
A009893,C007892,Home,94620 Franklin Walk,Hollywood,FL,97264
A009894,C007892,Mailing,443 Sara Ports Suite 767,Gainesville,FL,65277
A009895,C007893,Home,284 Christy Estate Apt. 556,Gainesville,FL,01584
A009896,C007894,Home,478 Kennedy Roads Suite 598,Davie,FL,21258
A009897,C007895,Home,3666 Julie Parkway,West Palm Beach,FL,80385
A009898,C007896,Home,550 Mueller Trafficway,Pembroke Pines,FL,62128
A009899,C007896,Mailing,960 Johnson Mills Suite 533,Tampa,FL,42827
A009900,C007897,Home,9265 Megan Circles,Orlando,FL,62808
A009901,C007898,Home,29103 Castillo Ramp Suite 446,Coral Springs,FL,86768
A009902,C007899,Home,344 Bonnie Landing,Davie,FL,43100
A009903,C007900,Home,579 Luis Stream Apt. 293,Coral Springs,FL,54413
A009904,C007901,Home,249 Erin Street Suite 592,Gainesville,FL,99686
A009905,C007902,Home,88912 Charles Knoll,Pembroke Pines,FL,36878
A009906,C007902,Mailing,0849 Robinson Club,Pembroke Pines,FL,02769
A009907,C007903,Home,718 Nelson Estates,Boca Raton,FL,63074
A009908,C007903,Mailing,949 Crystal Locks,Boca Raton,FL,08088
A009909,C007904,Home,77147 John Hill Suite 579,West Palm Beach,FL,90853
A009910,C007905,Home,78573 White Gateway,Davie,FL,95935
A009911,C007905,Mailing,9979 Cochran Park,Boca Raton,FL,77527
A009912,C007906,Home,3778 Miller Shoal Suite 733,Orlando,FL,04338
A009913,C007907,Home,416 Newman Valleys Suite 715,Sarasota,FL,24622
A009914,C007908,Home,862 Hudson Shoal Suite 729,Gainesville,FL,31053
A009915,C007909,Home,937 Rice Divide,Miami,FL,80369
A009916,C007910,Home,779 Graham Loop,Orlando,FL,34080
A009917,C007911,Home,73647 Jason Mount,Boca Raton,FL,91730
A009918,C007912,Home,8378 Suarez Mission,Gainesville,FL,14634
A009919,C007913,Home,66330 Moore Drives Apt. 490,Orlando,FL,35448
A009920,C007913,Mailing,590 Martinez Valleys,Naples,FL,91190
A009921,C007914,Home,1289 Sierra Lake,Pembroke Pines,FL,43642
A009922,C007915,Home,6316 Kimberly Harbor Apt. 146,Boca Raton,FL,11932
A009923,C007916,Home,204 Melissa Mountain Suite 749,Fort Lauderdale,FL,23610
A009924,C007917,Home,7228 Murillo Creek,Tallahassee,FL,82092
A009925,C007918,Home,63970 Murphy Shore Suite 144,Jacksonville,FL,33769
A009926,C007919,Home,15049 Jeffrey Track Suite 303,West Palm Beach,FL,81317
A009927,C007920,Home,495 Rose Crescent,Gainesville,FL,16879
A009928,C007920,Mailing,7752 David Port,Tallahassee,FL,57821
A009929,C007921,Home,7299 Phillips Ways,Naples,FL,71202
A009930,C007922,Home,00639 Shaun Estates Suite 175,West Palm Beach,FL,37359
A009931,C007923,Home,433 Flores Circle,Sarasota,FL,85710
A009932,C007924,Home,14924 Willie Path Apt. 692,Miami,FL,20749
A009933,C007925,Home,60023 Savannah Trail Suite 937,Miami,FL,28175
A009934,C007926,Home,4721 William Green Suite 179,Hollywood,FL,08940
A009935,C007927,Home,70650 Garcia Union Apt. 333,West Palm Beach,FL,44013
A009936,C007928,Home,300 Richmond Manors Apt. 222,Tampa,FL,22090
A009937,C007929,Home,37192 Allen Creek,West Palm Beach,FL,03657
A009938,C007930,Home,12941 Brown Inlet,Naples,FL,05111
A009939,C007931,Home,3756 John Light,West Palm Beach,FL,39846
A009940,C007932,Home,6133 Lori Summit,Coral Springs,FL,85719
A009941,C007933,Home,1575 Larry Flats Apt. 504,Sarasota,FL,81806
A009942,C007934,Home,5160 Haley Hills,Sarasota,FL,48003
A009943,C007935,Home,030 Nguyen Circle Suite 116,Tallahassee,FL,19635
A009944,C007936,Home,773 Frost Dam,Coral Springs,FL,06253
A009945,C007936,Mailing,7244 Jason Hills Suite 839,Orlando,FL,35744
A009946,C007937,Home,1032 Mcintyre Circles,Tampa,FL,94906
A009947,C007938,Home,22118 Underwood Highway Suite 867,Orlando,FL,63331
A009948,C007939,Home,40454 Miller Fall Apt. 421,Naples,FL,70800
A009949,C007940,Home,148 Mackenzie Junctions Suite 759,West Palm Beach,FL,62963
A009950,C007941,Home,8959 Quinn Ports,Boca Raton,FL,38540
A009951,C007942,Home,686 Waller Bridge,Jacksonville,FL,73729
A009952,C007943,Home,5481 Christina Mountains,Orlando,FL,46998
A009953,C007944,Home,37290 Derrick Pine,Pembroke Pines,FL,95421
A009954,C007944,Mailing,649 Leslie Centers Apt. 194,Gainesville,FL,42047
A009955,C007945,Home,875 William Trail Apt. 231,West Palm Beach,FL,04636
A009956,C007946,Home,0702 Kenneth Heights,Fort Lauderdale,FL,23403
A009957,C007946,Mailing,272 Joseph Cape,Hollywood,FL,10867
A009958,C007947,Home,1901 Cameron Meadow,Naples,FL,11222
A009959,C007948,Home,584 Jennifer Islands,Sarasota,FL,96997
A009960,C007949,Home,3034 Dudley Way Apt. 255,Gainesville,FL,23997
A009961,C007949,Mailing,3803 Banks Plain Suite 174,Jacksonville,FL,84164
A009962,C007950,Home,4955 Bobby Dam,West Palm Beach,FL,68201
A009963,C007951,Home,41347 Edwin Run,Fort Lauderdale,FL,90530
A009964,C007952,Home,5602 Eric Groves Apt. 458,Pembroke Pines,FL,29169
A009965,C007953,Home,50821 Deborah Haven Suite 828,Naples,FL,39122
A009966,C007954,Home,494 Elliott Prairie,Fort Lauderdale,FL,04770
A009967,C007955,Home,453 Robin Flats Suite 288,Coral Springs,FL,47158
A009968,C007956,Home,16039 Brenda Stream Apt. 414,Hollywood,FL,10536
A009969,C007957,Home,887 Diana Dam,Pembroke Pines,FL,69096
A009970,C007957,Mailing,6988 Vaughn Curve,Fort Lauderdale,FL,37160
A009971,C007958,Home,6485 Greene Lane,Boca Raton,FL,99562
A009972,C007958,Mailing,49352 Lewis Drive Suite 483,Gainesville,FL,72576
A009973,C007959,Home,506 Kenneth Vista,Hollywood,FL,55563
A009974,C007960,Home,9005 Jones Port,Hollywood,FL,04227
A009975,C007960,Mailing,71677 Laura Knolls Suite 061,West Palm Beach,FL,41196
A009976,C007961,Home,76897 Adams Grove,Tampa,FL,49071
A009977,C007961,Mailing,69688 Webb Rapids Suite 438,Tampa,FL,72370
A009978,C007962,Home,8247 Jeffrey Course Apt. 827,Naples,FL,05986
A009979,C007962,Mailing,472 Amanda Spur Suite 435,Miami,FL,81859
A009980,C007963,Home,5649 Hailey Dale,Sarasota,FL,23465
A009981,C007964,Home,463 Green Streets Suite 762,Tampa,FL,14073
A009982,C007965,Home,067 James Point,Tallahassee,FL,75823
A009983,C007966,Home,42724 Schmidt Vista Apt. 277,Hollywood,FL,36300
A009984,C007967,Home,38676 Erica Common Suite 399,West Palm Beach,FL,24735
A009985,C007968,Home,37155 William Locks Apt. 998,Sarasota,FL,09934
A009986,C007969,Home,97534 Berg Burgs,Fort Lauderdale,FL,38769
A009987,C007970,Home,565 Monica Fort Suite 427,Davie,FL,35786
A009988,C007971,Home,658 Whitaker Drive Suite 336,Hollywood,FL,96301
A009989,C007971,Mailing,943 Jones Plaza,West Palm Beach,FL,97202
A009990,C007972,Home,4181 Jones Shore,Jacksonville,FL,45368
A009991,C007973,Home,9916 Brianna Corners Apt. 396,Naples,FL,70298
A009992,C007973,Mailing,685 Huynh Meadow Apt. 800,Tampa,FL,67086
A009993,C007974,Home,4560 David Stream,Hollywood,FL,45566
A009994,C007974,Mailing,2276 Patterson Radial Apt. 118,Miami,FL,70640
A009995,C007975,Home,196 Goodman Bypass Apt. 152,Boca Raton,FL,31784
A009996,C007975,Mailing,29539 Timothy Village,Tallahassee,FL,37263
A009997,C007976,Home,320 Antonio Course Suite 479,Naples,FL,13131
A009998,C007977,Home,868 Obrien Burgs Suite 940,Coral Springs,FL,92153
A009999,C007978,Home,78534 Kyle Wall Suite 292,Tampa,FL,28446
A010000,C007979,Home,600 Young Camp Suite 652,Orlando,FL,10842
A010001,C007980,Home,278 Martin Falls,Boca Raton,FL,88777
A010002,C007981,Home,603 Harrell Estates,Coral Springs,FL,50299
A010003,C007982,Home,7417 Jennifer Pike Suite 489,Tampa,FL,82061
A010004,C007982,Mailing,8974 Jennifer Ridges,Fort Lauderdale,FL,24073
A010005,C007983,Home,19011 Clark Locks,Tallahassee,FL,28624
A010006,C007983,Mailing,19467 Johnson Hollow,Gainesville,FL,67957
A010007,C007984,Home,34777 Rachael Cliff,Davie,FL,73666
A010008,C007985,Home,1933 Knight Drive Suite 343,Miami,FL,09379
A010009,C007986,Home,468 Green Square Apt. 685,Pembroke Pines,FL,02695
A010010,C007987,Home,5916 Cindy Fort Suite 847,West Palm Beach,FL,20446
A010011,C007988,Home,5097 Ellen Fall,Miami,FL,61552
A010012,C007988,Mailing,89151 Harvey Garden Apt. 494,Tallahassee,FL,27588
A010013,C007989,Home,2974 Ward Overpass,Naples,FL,01355
A010014,C007990,Home,54870 Megan Rue,West Palm Beach,FL,45567
A010015,C007991,Home,4733 Anna Brook,Sarasota,FL,23800
A010016,C007992,Home,6380 Craig Roads Suite 756,Boca Raton,FL,01684
A010017,C007993,Home,64292 Mccormick Villages,Boca Raton,FL,89767
A010018,C007994,Home,27457 Bailey Lodge Suite 148,Miami,FL,77326
A010019,C007995,Home,96579 Kevin Radial Apt. 428,Pembroke Pines,FL,80945
A010020,C007996,Home,8255 Tammy Lodge,Fort Lauderdale,FL,97079
A010021,C007997,Home,399 Martin Station Apt. 460,Jacksonville,FL,28887
A010022,C007998,Home,13452 Harris Meadow Suite 790,Pembroke Pines,FL,45337
A010023,C007999,Home,0117 Adams Islands,Sarasota,FL,70255
A010024,C008000,Home,3172 Lisa Cliffs,Boca Raton,FL,82373
A010025,C008001,Home,98367 Roberto Ville,Hollywood,FL,22725
A010026,C008002,Home,76327 Ronald Manor,Hollywood,FL,83345
A010027,C008003,Home,2425 Rodriguez Plaza,Orlando,FL,58825
A010028,C008004,Home,38557 Nash Port,Tampa,FL,07549
A010029,C008005,Home,370 Mcdonald Falls Apt. 503,Orlando,FL,99917
A010030,C008006,Home,4682 Christopher Burgs,Sarasota,FL,35979
A010031,C008006,Mailing,6054 Cody Garden,Tampa,FL,23461
A010032,C008007,Home,8577 Jeffrey Parks Apt. 060,Boca Raton,FL,06445
A010033,C008008,Home,5300 Johnson Lane,Davie,FL,53234
A010034,C008008,Mailing,6676 Kimberly Centers,Naples,FL,37269
A010035,C008009,Home,614 Andrea Inlet Suite 992,West Palm Beach,FL,20933
A010036,C008009,Mailing,435 Smith Turnpike,Davie,FL,06367
A010037,C008010,Home,2743 Olson Forges Apt. 761,Davie,FL,10501
A010038,C008010,Mailing,18147 Anderson Islands,Boca Raton,FL,54771
A010039,C008011,Home,46433 Brown Oval,Orlando,FL,17359
A010040,C008011,Mailing,36628 Cynthia Field,Pembroke Pines,FL,60749
A010041,C008012,Home,9293 Greene Run,Gainesville,FL,51650
A010042,C008013,Home,83138 Jeffrey Points,Gainesville,FL,68295
A010043,C008013,Mailing,18459 Douglas Center,Davie,FL,35296
A010044,C008014,Home,786 Foley Forks,Hollywood,FL,64663
A010045,C008015,Home,590 Jacqueline Rest Suite 026,Sarasota,FL,24294
A010046,C008016,Home,4429 Bauer Square,Davie,FL,34990
A010047,C008016,Mailing,97560 John Spur Apt. 305,Gainesville,FL,61563
A010048,C008017,Home,6298 Melissa Cliff,West Palm Beach,FL,98535
A010049,C008017,Mailing,3911 Moore Roads Apt. 188,Pembroke Pines,FL,41585
A010050,C008018,Home,181 Jacob Fields,Naples,FL,27560
A010051,C008019,Home,824 Michael Mountain Apt. 371,Sarasota,FL,85958
A010052,C008020,Home,478 Sarah Pine,Boca Raton,FL,61966
A010053,C008021,Home,2462 Lauren Lock Apt. 442,West Palm Beach,FL,92585
A010054,C008022,Home,7543 Boyle Spurs Suite 332,West Palm Beach,FL,78262
A010055,C008023,Home,16618 Spencer Cliffs,Gainesville,FL,19712
A010056,C008024,Home,4390 Robert Alley Apt. 133,Hollywood,FL,60021
A010057,C008024,Mailing,95178 Montgomery Coves Suite 304,Tampa,FL,76834
A010058,C008025,Home,081 James Bridge,Naples,FL,10779
A010059,C008026,Home,7728 April Ranch Apt. 804,Davie,FL,22395
A010060,C008027,Home,486 Scott Ridge Apt. 972,Jacksonville,FL,56581
A010061,C008028,Home,4721 Lynch Shore,Orlando,FL,17319
A010062,C008029,Home,94514 David Rapids Suite 958,Boca Raton,FL,32939
A010063,C008030,Home,5178 Kenneth Rapid,Orlando,FL,53815
A010064,C008031,Home,28735 Lindsay Place Suite 779,Hollywood,FL,13075
A010065,C008032,Home,60752 Gordon River Suite 948,Davie,FL,63880
A010066,C008033,Home,214 Pope Point,Tallahassee,FL,26705
A010067,C008034,Home,309 Bonnie Crest,Davie,FL,37887
A010068,C008034,Mailing,18115 Jamie Dale,Naples,FL,24894
A010069,C008035,Home,95425 Taylor Parkway Suite 403,Davie,FL,81374
A010070,C008035,Mailing,552 Gary Road Apt. 597,West Palm Beach,FL,12442
A010071,C008036,Home,95287 Sarah Knoll Suite 760,Pembroke Pines,FL,95776
A010072,C008036,Mailing,521 Wendy Oval,Orlando,FL,44018
A010073,C008037,Home,1343 Lindsey Rapid,Coral Springs,FL,48490
A010074,C008038,Home,844 Reynolds Branch,Tampa,FL,61145
A010075,C008039,Home,992 Jeanette Overpass Suite 532,Hollywood,FL,05240
A010076,C008040,Home,3619 Jennifer Union,Fort Lauderdale,FL,42519
A010077,C008041,Home,064 David Throughway,Jacksonville,FL,35897
A010078,C008042,Home,01094 Richard Track Apt. 105,Pembroke Pines,FL,56579
A010079,C008043,Home,17530 Sarah Light,Fort Lauderdale,FL,30379
A010080,C008044,Home,4416 Lee Station Suite 342,Orlando,FL,49484
A010081,C008044,Mailing,85772 Jose Trace,Jacksonville,FL,66070
A010082,C008045,Home,66850 Michelle Inlet Apt. 221,Tallahassee,FL,14397
A010083,C008046,Home,5866 Emily Ford Suite 939,Davie,FL,49613
A010084,C008047,Home,4302 Peter Lane Apt. 027,Fort Lauderdale,FL,29082
A010085,C008048,Home,50917 Fernandez Common Suite 402,Sarasota,FL,01314
A010086,C008049,Home,602 Audrey Dam Apt. 651,Davie,FL,80559
A010087,C008050,Home,111 Grant Route Apt. 241,West Palm Beach,FL,14912
A010088,C008051,Home,78817 Phillips Spring Suite 327,Orlando,FL,69417
A010089,C008052,Home,9794 Richards Springs,Jacksonville,FL,78991
A010090,C008052,Mailing,8986 Kara Points Suite 286,Sarasota,FL,54320
A010091,C008053,Home,11794 Jessica Grove,Naples,FL,87059
A010092,C008053,Mailing,1692 Johnson Isle,Miami,FL,11273
A010093,C008054,Home,8571 Matthews Center,Tampa,FL,48255
A010094,C008055,Home,7224 Kyle Island,Gainesville,FL,12265
A010095,C008056,Home,95202 Robbins Road,Orlando,FL,14067
A010096,C008056,Mailing,1862 Sheri Pike,Jacksonville,FL,55311
A010097,C008057,Home,8768 Boyer Drives Suite 898,Tallahassee,FL,37858
A010098,C008058,Home,004 Turner Oval Suite 911,Boca Raton,FL,86229
A010099,C008059,Home,5922 Brian Mission,West Palm Beach,FL,66413
A010100,C008060,Home,5461 Eric Fall,Coral Springs,FL,24963
A010101,C008060,Mailing,177 Anthony Branch,Davie,FL,88863
A010102,C008061,Home,2396 Stacy Isle,Jacksonville,FL,56855
A010103,C008062,Home,6196 Olivia Manor Apt. 482,West Palm Beach,FL,85311
A010104,C008062,Mailing,58403 Alicia Cove Suite 305,Boca Raton,FL,89639
A010105,C008063,Home,33835 Williams Park Suite 928,Tampa,FL,58426
A010106,C008064,Home,462 Joseph Canyon,Tallahassee,FL,13658
A010107,C008065,Home,014 Kyle Pine,Orlando,FL,51693
A010108,C008065,Mailing,15672 Hickman Coves Apt. 424,West Palm Beach,FL,51697
A010109,C008066,Home,000 Huff Terrace,Gainesville,FL,26168
A010110,C008067,Home,0191 Felicia Crest Apt. 052,Sarasota,FL,80389
A010111,C008068,Home,891 Carrie Well Apt. 019,Miami,FL,27769
A010112,C008069,Home,58089 Heidi Parkways,Orlando,FL,04982
A010113,C008070,Home,531 Virginia Landing,Boca Raton,FL,08064
A010114,C008071,Home,32650 Mcmillan Camp,Fort Lauderdale,FL,77539
A010115,C008072,Home,3772 Holmes Plaza,Tallahassee,FL,32522
A010116,C008073,Home,826 Schultz Skyway,Hollywood,FL,86666
A010117,C008074,Home,162 Hill Villages,Tallahassee,FL,80485
A010118,C008075,Home,80965 Margaret Walks Apt. 756,Fort Lauderdale,FL,00699
A010119,C008076,Home,55103 Ashley Valley,Hollywood,FL,84786
A010120,C008076,Mailing,210 Elizabeth Causeway Apt. 425,Orlando,FL,38637
A010121,C008077,Home,80389 Perez Fields,Pembroke Pines,FL,49067
A010122,C008077,Mailing,018 Shaw Street,Orlando,FL,42794
A010123,C008078,Home,5783 Lewis Isle Suite 330,Gainesville,FL,98765
A010124,C008079,Home,046 Bell Turnpike Apt. 846,West Palm Beach,FL,14104
A010125,C008080,Home,38856 Jacob Mission,Tallahassee,FL,34078
A010126,C008080,Mailing,4266 Rogers Crescent Suite 701,Davie,FL,16731
A010127,C008081,Home,481 Kelsey Spur Apt. 793,West Palm Beach,FL,73669
A010128,C008082,Home,008 Holland Shores,Tampa,FL,63566
A010129,C008083,Home,18385 Horton Ports,Fort Lauderdale,FL,35939
A010130,C008084,Home,9352 Rivera Harbor Suite 984,Boca Raton,FL,43822
A010131,C008084,Mailing,2273 Jessica Causeway Apt. 609,Davie,FL,37171
A010132,C008085,Home,4114 Vanessa Crescent Apt. 957,Tampa,FL,34324
A010133,C008085,Mailing,67374 Davis Village Apt. 442,Gainesville,FL,74775
A010134,C008086,Home,181 Best Roads,Hollywood,FL,10090
A010135,C008087,Home,458 Joshua Lake,Tallahassee,FL,80014
A010136,C008088,Home,18690 Hernandez Extension Apt. 961,Fort Lauderdale,FL,52092
A010137,C008089,Home,417 Lucero Ranch,Coral Springs,FL,89220
A010138,C008090,Home,38017 Hughes Avenue Apt. 301,Tampa,FL,99773
A010139,C008090,Mailing,2138 Hines Ridge,Gainesville,FL,26694
A010140,C008091,Home,40465 Gutierrez Ville,Jacksonville,FL,34310
A010141,C008092,Home,115 Michael Point Suite 923,Coral Springs,FL,04014
A010142,C008093,Home,096 Jonathan Highway Apt. 326,Pembroke Pines,FL,90789
A010143,C008094,Home,69588 Christine Views,Orlando,FL,22355
A010144,C008094,Mailing,3423 Albert Via Suite 849,Davie,FL,46182
A010145,C008095,Home,169 Henry Island Suite 632,Tallahassee,FL,21244
A010146,C008096,Home,285 Mercado Lodge,Naples,FL,48550
A010147,C008096,Mailing,423 Ruben Stravenue Suite 052,Miami,FL,45619
A010148,C008097,Home,08839 Zachary Plaza Apt. 663,West Palm Beach,FL,51131
A010149,C008097,Mailing,625 Erin Flats,Miami,FL,29703
A010150,C008098,Home,83148 Christine Vista,West Palm Beach,FL,89037
A010151,C008099,Home,92605 Jonathan Flat,Sarasota,FL,39881
A010152,C008100,Home,7938 Sarah Springs Suite 255,Pembroke Pines,FL,45207
A010153,C008101,Home,6979 Donna Trail,Orlando,FL,47769
A010154,C008101,Mailing,0677 Franklin Burg,Jacksonville,FL,40576
A010155,C008102,Home,1136 Anthony Alley,Coral Springs,FL,15745
A010156,C008102,Mailing,1605 Jason Shoals,Sarasota,FL,13843
A010157,C008103,Home,3798 Jason Islands,Coral Springs,FL,34647
A010158,C008104,Home,113 Gutierrez Trail,Orlando,FL,44569
A010159,C008105,Home,6199 Woods Knolls Suite 933,Sarasota,FL,40395
A010160,C008105,Mailing,228 Eddie Ridges Suite 266,Miami,FL,27874
A010161,C008106,Home,279 Linda Dam Suite 445,West Palm Beach,FL,90373
A010162,C008107,Home,218 Jackson Fords,Fort Lauderdale,FL,03686
A010163,C008108,Home,533 Baldwin Burg,Naples,FL,23748
A010164,C008109,Home,445 Anderson Ports,Davie,FL,97831
A010165,C008110,Home,7810 Mendez Ranch Apt. 766,Sarasota,FL,09074
A010166,C008111,Home,12585 Steven Bridge,Gainesville,FL,44507
A010167,C008112,Home,9560 Molly Corners Apt. 450,Boca Raton,FL,67646
A010168,C008113,Home,42838 Huffman Mountains,Orlando,FL,30763
A010169,C008114,Home,437 Diaz Island,Tallahassee,FL,72668
A010170,C008115,Home,54259 Marshall Shoal Suite 683,Naples,FL,77942
A010171,C008116,Home,3796 Juan Locks,West Palm Beach,FL,49296
A010172,C008117,Home,111 Campbell Wells,Boca Raton,FL,84850
A010173,C008117,Mailing,03339 Williams Plaza Apt. 692,Gainesville,FL,71674
A010174,C008118,Home,9909 Johnson Fields,Tallahassee,FL,66033
A010175,C008119,Home,4887 Emily Meadow,Pembroke Pines,FL,80515
A010176,C008120,Home,631 Montgomery Fields Suite 837,Sarasota,FL,90355
A010177,C008121,Home,45037 Martin Extensions Apt. 406,West Palm Beach,FL,72087
A010178,C008121,Mailing,50919 Willis Manor,Naples,FL,21077
A010179,C008122,Home,70347 Brewer Bridge Apt. 066,Naples,FL,79718
A010180,C008123,Home,2887 Thomas Common Suite 887,Hollywood,FL,95466
A010181,C008124,Home,25199 Andrew Overpass,Orlando,FL,91005
A010182,C008124,Mailing,310 Bond Shoals Apt. 204,Miami,FL,32119
A010183,C008125,Home,51568 Tanner Causeway Apt. 697,Naples,FL,76929
A010184,C008126,Home,04376 Brad Street Apt. 487,Naples,FL,71078
A010185,C008127,Home,57009 Cunningham Road Apt. 094,Miami,FL,04580
A010186,C008128,Home,187 Harrison Springs Suite 744,Gainesville,FL,10430
A010187,C008129,Home,4916 Darlene Crescent,Orlando,FL,81504
A010188,C008130,Home,156 Patterson Loaf,Naples,FL,83361
A010189,C008130,Mailing,2483 Eric Pine Suite 573,Gainesville,FL,17312
A010190,C008131,Home,8995 Matthew Mews,Miami,FL,04130
A010191,C008132,Home,588 Meadows Terrace,Gainesville,FL,19773
A010192,C008132,Mailing,579 Jonathan Ville,Gainesville,FL,23203
A010193,C008133,Home,026 Carrie Burg,Naples,FL,87227
A010194,C008133,Mailing,8623 Michelle Shore Suite 911,Orlando,FL,34113
A010195,C008134,Home,27228 Olivia Grove,Miami,FL,72791
A010196,C008135,Home,109 Smith Harbor Suite 162,Tampa,FL,46455
A010197,C008136,Home,826 Robert Island Apt. 704,Davie,FL,17981
A010198,C008137,Home,9968 Lee Gardens,Jacksonville,FL,27979
A010199,C008138,Home,09895 Johnson Drive Suite 588,Miami,FL,41284
A010200,C008139,Home,831 Thomas Hill,West Palm Beach,FL,48691
A010201,C008140,Home,77918 Shelby Creek,Coral Springs,FL,06148
A010202,C008140,Mailing,48574 Watson Ville,Naples,FL,31457
A010203,C008141,Home,396 Heather Vista Suite 320,Miami,FL,71285
A010204,C008142,Home,21712 Amy Landing Suite 013,Hollywood,FL,65603
A010205,C008143,Home,625 Sanchez Island Apt. 500,Fort Lauderdale,FL,90725
A010206,C008144,Home,3315 Jacobs Burg,Tallahassee,FL,14169
A010207,C008145,Home,3321 Walter Unions,Tampa,FL,36774
A010208,C008146,Home,6522 Warner Causeway Apt. 865,Gainesville,FL,07837
A010209,C008147,Home,232 Fernandez Canyon Apt. 812,Tampa,FL,79058
A010210,C008148,Home,73550 Garrett Island,Boca Raton,FL,08666
A010211,C008149,Home,895 Keller Estates,Tampa,FL,28554
A010212,C008150,Home,9441 Randy Avenue,Davie,FL,98040
A010213,C008151,Home,19637 Thomas Tunnel Suite 959,Pembroke Pines,FL,00624
A010214,C008151,Mailing,45786 Elizabeth Track,Naples,FL,64619
A010215,C008152,Home,209 Day Course Apt. 171,Miami,FL,77991
A010216,C008153,Home,61377 Clark Flats,Orlando,FL,97902
A010217,C008154,Home,89004 Padilla Hill,Davie,FL,58626
A010218,C008155,Home,96709 Johnson Turnpike,Hollywood,FL,11941
A010219,C008156,Home,335 Joshua Inlet Suite 478,Naples,FL,38708
A010220,C008157,Home,897 Hall Rapid,Fort Lauderdale,FL,38928
A010221,C008158,Home,3172 Foster Branch Apt. 159,Miami,FL,52159
A010222,C008159,Home,13586 Scott Cliff Suite 533,Pembroke Pines,FL,41885
A010223,C008160,Home,2621 Eric Field,Sarasota,FL,47810
A010224,C008161,Home,2561 Kimberly Causeway Suite 822,Jacksonville,FL,72100
A010225,C008161,Mailing,09796 Reed Manor Suite 865,Fort Lauderdale,FL,72513
A010226,C008162,Home,4516 Anthony Field,Boca Raton,FL,93245
A010227,C008162,Mailing,375 Taylor Pines,Fort Lauderdale,FL,10132
A010228,C008163,Home,362 Underwood Shores,Miami,FL,14426
A010229,C008164,Home,2163 Danny Radial Apt. 671,West Palm Beach,FL,87119
A010230,C008165,Home,9778 Stephanie Squares,Boca Raton,FL,22410
A010231,C008166,Home,630 Wilkerson Lodge,Hollywood,FL,35287
A010232,C008167,Home,05599 Justin Highway,West Palm Beach,FL,45425
A010233,C008168,Home,5005 Brittany Hill Suite 726,Jacksonville,FL,83181
A010234,C008169,Home,7950 Garner Mews,Boca Raton,FL,94643
A010235,C008169,Mailing,66475 Torres Trafficway Apt. 471,Orlando,FL,02578
A010236,C008170,Home,568 Schmidt Valley Apt. 474,Gainesville,FL,07052
A010237,C008170,Mailing,6538 Phillips Passage,Boca Raton,FL,01859
A010238,C008171,Home,54452 Brown Park Suite 518,Fort Lauderdale,FL,27484
A010239,C008172,Home,626 Hall Loop Apt. 481,Jacksonville,FL,61867
A010240,C008173,Home,20180 Walters Common,Davie,FL,07784
A010241,C008174,Home,516 Jennings Dam Suite 224,Coral Springs,FL,92242
A010242,C008174,Mailing,48712 Campbell Street Apt. 371,Hollywood,FL,99485
A010243,C008175,Home,6765 Howe Radial Suite 688,Davie,FL,57372
A010244,C008176,Home,2772 Jill Fords Suite 208,Naples,FL,01856
A010245,C008177,Home,9333 Woodward Rapid,Boca Raton,FL,72853
A010246,C008178,Home,948 Hunter Drive Suite 494,Sarasota,FL,70778
A010247,C008178,Mailing,43727 Mcgee Flat Suite 903,Davie,FL,12972
A010248,C008179,Home,8724 Hoffman Mall,Fort Lauderdale,FL,98474
A010249,C008179,Mailing,88262 Kimberly Canyon Suite 863,Fort Lauderdale,FL,93535
A010250,C008180,Home,99129 Heather Lock Suite 085,Davie,FL,60532
A010251,C008181,Home,27873 Church Terrace,Fort Lauderdale,FL,21933
A010252,C008182,Home,0847 Skinner Mountain,Tallahassee,FL,15504
A010253,C008183,Home,92499 Jennifer Mills Suite 312,Gainesville,FL,69899
A010254,C008184,Home,12040 Medina Well,Gainesville,FL,72293
A010255,C008185,Home,1863 Amy Knolls Suite 312,Boca Raton,FL,94740
A010256,C008185,Mailing,6946 Meredith Isle Suite 080,Coral Springs,FL,01839
A010257,C008186,Home,17650 Garcia Stream Apt. 455,Tampa,FL,38516
A010258,C008187,Home,09475 Fernandez Mall,Jacksonville,FL,77719
A010259,C008188,Home,441 Hoffman Lake Suite 738,Davie,FL,12923
A010260,C008189,Home,7011 Cross Land,Coral Springs,FL,64637
A010261,C008190,Home,085 David Key,West Palm Beach,FL,25870
A010262,C008191,Home,9230 Colleen Village,Hollywood,FL,18646
A010263,C008192,Home,3017 Dylan Square,Hollywood,FL,52154
A010264,C008193,Home,9943 Walters Trail Apt. 533,Tampa,FL,82688
A010265,C008194,Home,023 April Shore Apt. 590,Davie,FL,30921
A010266,C008195,Home,760 Fox Radial Apt. 085,Sarasota,FL,42710
A010267,C008195,Mailing,58292 Baker Coves,Tampa,FL,32489
A010268,C008196,Home,0329 Williams Forge Suite 437,Gainesville,FL,76116
A010269,C008197,Home,68822 Franklin Key,Sarasota,FL,84368
A010270,C008197,Mailing,0173 Jill Prairie Suite 700,Pembroke Pines,FL,38363
A010271,C008198,Home,03459 Ball Rue,Davie,FL,44571
A010272,C008199,Home,08322 Wade Trafficway Suite 063,Davie,FL,15834
A010273,C008199,Mailing,7937 Christopher Villages Suite 875,Naples,FL,69506
A010274,C008200,Home,80842 Michael Greens Apt. 315,Davie,FL,23921
A010275,C008201,Home,58675 Carter Ranch Apt. 792,Fort Lauderdale,FL,58465
A010276,C008201,Mailing,615 Allen Fort Suite 062,West Palm Beach,FL,07161
A010277,C008202,Home,59605 Clark Ranch,Tallahassee,FL,91311
A010278,C008202,Mailing,7369 Wagner Grove Suite 936,Coral Springs,FL,49990
A010279,C008203,Home,200 Tiffany Island Apt. 000,Pembroke Pines,FL,73065
A010280,C008204,Home,329 Larson Heights,Hollywood,FL,39505
A010281,C008204,Mailing,03384 Christine Courts,Hollywood,FL,79643
A010282,C008205,Home,796 Jason Track,Miami,FL,90789
A010283,C008206,Home,097 Patricia Lakes Apt. 086,Orlando,FL,57391
A010284,C008207,Home,39461 Schmidt Crossing Apt. 924,Fort Lauderdale,FL,10580
A010285,C008207,Mailing,51675 Stephanie Roads Suite 342,Sarasota,FL,63149
A010286,C008208,Home,5724 Roth Tunnel Apt. 076,Coral Springs,FL,52532
A010287,C008209,Home,603 Rachel Lake,Naples,FL,59154
A010288,C008209,Mailing,25867 Vincent Mountain Suite 663,Sarasota,FL,01792
A010289,C008210,Home,7277 West Corner,Naples,FL,78257
A010290,C008211,Home,012 Lee Walk Suite 089,Hollywood,FL,47062
A010291,C008211,Mailing,94082 Terry Courts,Hollywood,FL,68541
A010292,C008212,Home,894 Simon Drive,West Palm Beach,FL,63991
A010293,C008212,Mailing,098 Tiffany Village,Tampa,FL,32474
A010294,C008213,Home,433 James Village Apt. 997,Sarasota,FL,25240
A010295,C008213,Mailing,3606 Curtis Knoll,Orlando,FL,79999
A010296,C008214,Home,493 Wilson Shore,Pembroke Pines,FL,42148
A010297,C008215,Home,0435 Paul Lodge Suite 524,Pembroke Pines,FL,22263
A010298,C008215,Mailing,0652 Williams Mall,Sarasota,FL,17633
A010299,C008216,Home,96726 Stevens Drive Suite 831,Gainesville,FL,47114
A010300,C008217,Home,8594 James Crossroad Apt. 182,Tampa,FL,42555
A010301,C008218,Home,296 Smith Crescent,Sarasota,FL,88503
A010302,C008219,Home,3192 Simpson Viaduct,Pembroke Pines,FL,11747
A010303,C008220,Home,7182 Alexander Gardens,Boca Raton,FL,94684
A010304,C008221,Home,805 Peter Drives,West Palm Beach,FL,89668
A010305,C008222,Home,620 Stacy Crossroad Apt. 672,West Palm Beach,FL,19706
A010306,C008223,Home,69555 Powell Branch Apt. 123,Tallahassee,FL,50820
A010307,C008224,Home,9110 Rivera View,Hollywood,FL,81211
A010308,C008225,Home,738 Potter Glen,Tampa,FL,74404
A010309,C008226,Home,39666 Grant Ville Apt. 674,Hollywood,FL,01235
A010310,C008226,Mailing,1515 Melissa Curve,Coral Springs,FL,88026
A010311,C008227,Home,980 Lang Crossing,Sarasota,FL,35650
A010312,C008227,Mailing,369 Rowe Spurs Suite 746,Hollywood,FL,30436
A010313,C008228,Home,183 Christopher Roads,Fort Lauderdale,FL,30926
A010314,C008229,Home,71200 David Road Suite 847,West Palm Beach,FL,32476
A010315,C008230,Home,0963 Todd Street Suite 073,West Palm Beach,FL,76321
A010316,C008230,Mailing,3195 Murray Greens,Jacksonville,FL,18241
A010317,C008231,Home,57127 Bell Crescent Apt. 075,Boca Raton,FL,35257
A010318,C008232,Home,871 Larry Park,Orlando,FL,98565
A010319,C008233,Home,48316 Mcgee Trafficway Suite 981,Pembroke Pines,FL,86327
A010320,C008234,Home,6669 Margaret Grove,Boca Raton,FL,85589
A010321,C008234,Mailing,87108 Costa Corners Suite 326,Tallahassee,FL,08184
A010322,C008235,Home,14657 Montgomery Lodge,Boca Raton,FL,18513
A010323,C008236,Home,106 Price Land,Pembroke Pines,FL,16042
A010324,C008237,Home,766 Moore Station Suite 921,West Palm Beach,FL,49412
A010325,C008237,Mailing,242 Sean Ports Apt. 054,Orlando,FL,42677
A010326,C008238,Home,907 Jared Parkways Suite 371,Naples,FL,86385
A010327,C008239,Home,6590 Williams Fork,West Palm Beach,FL,43568
A010328,C008240,Home,2143 Anne Mews Apt. 253,Fort Lauderdale,FL,25821
A010329,C008241,Home,7873 Johnson Park Apt. 760,West Palm Beach,FL,43132
A010330,C008242,Home,6002 Brandon Shore Apt. 528,Fort Lauderdale,FL,82240
A010331,C008243,Home,9246 Michael Falls,Jacksonville,FL,08707
A010332,C008244,Home,471 Ramirez Orchard,Naples,FL,21641
A010333,C008245,Home,0764 Thomas Island,Davie,FL,54463
A010334,C008245,Mailing,602 Todd Spur,Gainesville,FL,66359
A010335,C008246,Home,28081 Debbie Court,Gainesville,FL,34000
A010336,C008247,Home,202 Melissa Rapids Apt. 751,Naples,FL,34801
A010337,C008248,Home,27234 Catherine Harbor Apt. 411,Pembroke Pines,FL,36282
A010338,C008249,Home,6161 Duarte Loop Suite 353,West Palm Beach,FL,26344
A010339,C008250,Home,143 Jennifer Haven Suite 838,Pembroke Pines,FL,52279
A010340,C008251,Home,61764 Williams Common Suite 384,Orlando,FL,33793
A010341,C008251,Mailing,6770 Sean Terrace Apt. 647,Naples,FL,16695
A010342,C008252,Home,982 Christina Manor,Hollywood,FL,59914
A010343,C008253,Home,0541 Erin Knolls Apt. 561,West Palm Beach,FL,13132
A010344,C008254,Home,3780 William Spur,Boca Raton,FL,14581
A010345,C008254,Mailing,64320 Rios Roads,Tallahassee,FL,54790
A010346,C008255,Home,578 Taylor Route,Naples,FL,77000
A010347,C008256,Home,238 Noble Plain Apt. 439,Pembroke Pines,FL,54847
A010348,C008257,Home,046 Allen Mountain Apt. 120,Naples,FL,13897
A010349,C008258,Home,049 Andrew Forks,Tampa,FL,99458
A010350,C008259,Home,582 Wright Mountains,Sarasota,FL,08193
A010351,C008260,Home,358 Brewer Ville Suite 937,Orlando,FL,67025
A010352,C008261,Home,54132 Michelle Tunnel Apt. 955,Naples,FL,78669
A010353,C008262,Home,18682 David Coves Apt. 420,Naples,FL,77389
A010354,C008263,Home,071 Thompson Alley Apt. 363,Tallahassee,FL,64540
A010355,C008263,Mailing,781 Buck Trace,Naples,FL,70124
A010356,C008264,Home,7047 Nicholas Spur,Fort Lauderdale,FL,62125
A010357,C008265,Home,28208 Robles Courts,Sarasota,FL,89914
A010358,C008266,Home,13216 Ronald Forks,Naples,FL,55878
A010359,C008267,Home,84220 Butler Camp,Gainesville,FL,05611
A010360,C008268,Home,88318 Melissa Ways Apt. 888,Hollywood,FL,30134
A010361,C008268,Mailing,963 Sosa Neck Apt. 332,Sarasota,FL,03187
A010362,C008269,Home,28005 Valdez Curve,Coral Springs,FL,25899
A010363,C008270,Home,2810 Villarreal Row Apt. 071,Naples,FL,11500
A010364,C008271,Home,371 Thompson Alley Apt. 084,Tallahassee,FL,65077
A010365,C008272,Home,176 Tucker Rapid Suite 927,Orlando,FL,79216
A010366,C008273,Home,15855 Dawn Villages,Tampa,FL,61659
A010367,C008274,Home,9644 Parker Forest,West Palm Beach,FL,31969
A010368,C008274,Mailing,5180 Davis Trafficway,Naples,FL,36799
A010369,C008275,Home,0097 Dawn Cove Apt. 081,Davie,FL,03442
A010370,C008276,Home,8503 Mario Union Apt. 587,Miami,FL,99101
A010371,C008277,Home,4793 Hoover Street Suite 427,Hollywood,FL,70585
A010372,C008277,Mailing,94302 Mary Vista Suite 450,Coral Springs,FL,02054
A010373,C008278,Home,32770 Anthony Estate Suite 229,Davie,FL,86351
A010374,C008279,Home,779 Collins Drive Apt. 033,West Palm Beach,FL,33363
A010375,C008280,Home,4363 Howard Lights Suite 220,Sarasota,FL,45880
A010376,C008280,Mailing,06413 Michele Cliff,Davie,FL,14222
A010377,C008281,Home,7443 Joel Spurs Apt. 970,Miami,FL,51565
A010378,C008282,Home,46926 Scott Springs,West Palm Beach,FL,39775
A010379,C008283,Home,815 Colleen Parkway Apt. 147,Pembroke Pines,FL,43316
A010380,C008284,Home,4476 Amy Forges Apt. 443,Tampa,FL,91770
A010381,C008285,Home,13219 Becker Path,Gainesville,FL,92540
A010382,C008286,Home,052 Munoz Corner Apt. 237,Miami,FL,99801
A010383,C008287,Home,95312 Jennifer Rue Suite 864,Gainesville,FL,90022
A010384,C008288,Home,2220 Jon Brook,Fort Lauderdale,FL,60901
A010385,C008288,Mailing,1266 Scott Alley Suite 819,Fort Lauderdale,FL,10609
A010386,C008289,Home,012 Carpenter Tunnel,Coral Springs,FL,59868
A010387,C008290,Home,16265 Allen Hills Suite 406,Tampa,FL,31773
A010388,C008290,Mailing,085 Gabriel Square,Naples,FL,87009
A010389,C008291,Home,252 Walls River Suite 043,Coral Springs,FL,44593
A010390,C008292,Home,053 Manuel Islands,Coral Springs,FL,44241
A010391,C008293,Home,442 Ortiz Gateway Apt. 682,Gainesville,FL,90327
A010392,C008294,Home,615 Craig Burg,Orlando,FL,86653
A010393,C008294,Mailing,1269 Oliver Throughway,Sarasota,FL,96156
A010394,C008295,Home,71280 Cathy Shoal Suite 600,Boca Raton,FL,95619
A010395,C008296,Home,1185 Michelle Greens,Naples,FL,20988
A010396,C008297,Home,4411 Wyatt Turnpike,Jacksonville,FL,41737
A010397,C008298,Home,558 Cynthia Prairie,Tallahassee,FL,46520
A010398,C008298,Mailing,910 Kevin Vista,Davie,FL,88311
A010399,C008299,Home,845 Michael Rest Apt. 273,Hollywood,FL,12543
A010400,C008300,Home,978 Matthew Isle Apt. 508,Orlando,FL,56001
A010401,C008301,Home,888 Austin Mission,Tampa,FL,54651
A010402,C008302,Home,53709 Smith Neck,Miami,FL,56056
A010403,C008303,Home,2228 Zachary Skyway,Jacksonville,FL,08817
A010404,C008304,Home,695 Jennifer Rue Apt. 514,Orlando,FL,62500
A010405,C008304,Mailing,64119 Karen Station Apt. 790,Jacksonville,FL,43309
A010406,C008305,Home,1941 Day Dam Suite 098,Sarasota,FL,80408
A010407,C008306,Home,95048 Cynthia Place Apt. 358,Hollywood,FL,74536
A010408,C008307,Home,6397 Carey Street Apt. 078,Jacksonville,FL,64051
A010409,C008308,Home,023 Henry Point,Miami,FL,83583
A010410,C008309,Home,12696 Ashley Viaduct,Hollywood,FL,51981
A010411,C008310,Home,361 Parrish Junction Apt. 605,Boca Raton,FL,32145
A010412,C008310,Mailing,157 Kristen Camp Apt. 554,Boca Raton,FL,05649
A010413,C008311,Home,064 Johnny Forest Apt. 959,Tallahassee,FL,59428
A010414,C008312,Home,7752 Karen Groves Apt. 504,Orlando,FL,62696
A010415,C008312,Mailing,529 Wood Prairie Apt. 677,Sarasota,FL,75392
A010416,C008313,Home,870 David Ramp,Fort Lauderdale,FL,41126
A010417,C008314,Home,11962 Ramirez Extensions,Sarasota,FL,06514
A010418,C008314,Mailing,221 Jason Canyon Apt. 947,Fort Lauderdale,FL,61581
A010419,C008315,Home,361 Jessica Shores,West Palm Beach,FL,28265
A010420,C008316,Home,097 Stephanie Burgs Suite 426,Orlando,FL,54010
A010421,C008317,Home,96088 Nicole Harbors,Boca Raton,FL,83037
A010422,C008317,Mailing,3400 Michael Gardens,Tampa,FL,99102
A010423,C008318,Home,777 Curtis Estate,Davie,FL,19985
A010424,C008319,Home,7829 Hamilton Landing,West Palm Beach,FL,90685
A010425,C008320,Home,32320 Chad Fort Apt. 149,Boca Raton,FL,16544
A010426,C008320,Mailing,0455 Graves Forks,Jacksonville,FL,21953
A010427,C008321,Home,438 Raymond Drive Apt. 243,Fort Lauderdale,FL,59270
A010428,C008321,Mailing,78665 Jones River,Boca Raton,FL,05302
A010429,C008322,Home,13495 Bryan Islands,Tampa,FL,66400
A010430,C008323,Home,92159 Jones Loaf Apt. 558,Orlando,FL,27338
A010431,C008324,Home,4856 Virginia Valleys,Miami,FL,21508
A010432,C008324,Mailing,571 Travis Forks Apt. 301,Pembroke Pines,FL,60958
A010433,C008325,Home,7416 Antonio Groves Apt. 996,Davie,FL,09869
A010434,C008325,Mailing,144 Micheal Way Apt. 820,Gainesville,FL,98533
A010435,C008326,Home,0816 Heather Fields,Jacksonville,FL,07995
A010436,C008327,Home,829 Villegas Trail Suite 633,Pembroke Pines,FL,39616
A010437,C008328,Home,657 Kelly Square,Fort Lauderdale,FL,80577
A010438,C008329,Home,457 Martin Shoals,Jacksonville,FL,72830
A010439,C008330,Home,69045 Cole Tunnel Suite 448,Coral Springs,FL,22911
A010440,C008331,Home,5618 White Underpass Apt. 976,Miami,FL,36814
A010441,C008331,Mailing,2949 Eric Turnpike Suite 400,Gainesville,FL,29680
A010442,C008332,Home,072 Smith Mount Apt. 193,Coral Springs,FL,90016
A010443,C008333,Home,48523 Flores Coves,Fort Lauderdale,FL,67319
A010444,C008333,Mailing,4090 Jared Stream Apt. 395,Naples,FL,31197
A010445,C008334,Home,0147 Howell Pines,Miami,FL,27818
A010446,C008335,Home,42452 Golden Wells,Pembroke Pines,FL,22001
A010447,C008335,Mailing,9483 Ricky Inlet,Tallahassee,FL,31841
A010448,C008336,Home,033 Reed Avenue,Tampa,FL,43006
A010449,C008337,Home,8566 Tyler View Suite 519,Sarasota,FL,39057
A010450,C008338,Home,8405 Miles Cove,Jacksonville,FL,08567
A010451,C008339,Home,873 Tiffany Brook,Sarasota,FL,64415
A010452,C008340,Home,71092 Gene Lane,Fort Lauderdale,FL,47243
A010453,C008341,Home,6109 Heather Ramp Apt. 301,Fort Lauderdale,FL,59508
A010454,C008341,Mailing,04812 Ariana Dale,Coral Springs,FL,42436
A010455,C008342,Home,1708 Washington Wells,Orlando,FL,21859
A010456,C008343,Home,55184 Holmes Vista Suite 149,Pembroke Pines,FL,77582
A010457,C008343,Mailing,7938 Julie Lake Suite 034,Davie,FL,14172
A010458,C008344,Home,259 Virginia Springs Suite 264,Naples,FL,04734
A010459,C008344,Mailing,14618 Kimberly Roads Apt. 478,Jacksonville,FL,56371
A010460,C008345,Home,379 Frederick Island,Davie,FL,29335
A010461,C008345,Mailing,6306 Lee Union Suite 173,Tampa,FL,92411
A010462,C008346,Home,53142 Davis Village,West Palm Beach,FL,59938
A010463,C008347,Home,245 Williamson Square Suite 215,Hollywood,FL,48717
A010464,C008348,Home,5304 Jones Haven Suite 564,Naples,FL,03447
A010465,C008349,Home,603 Brenda Vista,Davie,FL,49144
A010466,C008350,Home,67992 Scott Points Apt. 122,Sarasota,FL,07450
A010467,C008351,Home,573 Monique Knoll,Tampa,FL,47840
A010468,C008352,Home,8738 Elizabeth Walk Suite 588,Coral Springs,FL,53042
A010469,C008353,Home,484 Zachary Mountains,West Palm Beach,FL,06210
A010470,C008354,Home,7876 Schwartz Port Suite 843,Boca Raton,FL,83904
A010471,C008354,Mailing,5928 Michael Plain Suite 581,West Palm Beach,FL,23798
A010472,C008355,Home,785 Gay Cliffs,Sarasota,FL,65815
A010473,C008356,Home,22297 Ramirez Trafficway,Hollywood,FL,65283
A010474,C008356,Mailing,70497 Karen Neck,Fort Lauderdale,FL,28965
A010475,C008357,Home,89948 Mario Forges Suite 025,Hollywood,FL,36189
A010476,C008358,Home,33104 Montoya Fields Suite 577,Coral Springs,FL,02059
A010477,C008359,Home,9593 Anita Island,Tallahassee,FL,32771
A010478,C008360,Home,548 Andrew Alley,West Palm Beach,FL,18314
A010479,C008361,Home,29666 Watkins Viaduct Suite 241,Tampa,FL,96502
A010480,C008362,Home,54257 Salinas Village,Tampa,FL,17283
A010481,C008363,Home,734 Jacob Tunnel,Naples,FL,64957
A010482,C008364,Home,0309 Robinson Place,Orlando,FL,08511
A010483,C008364,Mailing,3600 Anderson Center,Pembroke Pines,FL,15734
A010484,C008365,Home,329 Wood Circles,Coral Springs,FL,32745
A010485,C008365,Mailing,50293 Bush Square Suite 681,Hollywood,FL,40182
A010486,C008366,Home,87294 Duncan Turnpike Apt. 051,Coral Springs,FL,32431
A010487,C008367,Home,30307 Sharon Ridges Suite 048,Davie,FL,96901
A010488,C008367,Mailing,5956 Michelle Squares Apt. 815,Coral Springs,FL,51779
A010489,C008368,Home,3019 Mary Place,Miami,FL,31196
A010490,C008369,Home,99106 Brandt Junctions Suite 683,Miami,FL,23079
A010491,C008370,Home,40175 Erik Crest Apt. 239,Boca Raton,FL,92757
A010492,C008371,Home,310 Gordon Shores,Hollywood,FL,38190
A010493,C008372,Home,85045 Riley Junction,West Palm Beach,FL,60445
A010494,C008373,Home,80159 Webster Ridge,Orlando,FL,79073
A010495,C008373,Mailing,5793 Hayes Glen,Pembroke Pines,FL,39227
A010496,C008374,Home,145 Massey Ports Apt. 438,Tampa,FL,26875
A010497,C008375,Home,82398 Robin Orchard Suite 396,Sarasota,FL,98479
A010498,C008376,Home,15422 Walter Forks,Boca Raton,FL,18690
A010499,C008376,Mailing,28697 Henry Ville,Fort Lauderdale,FL,42567
A010500,C008377,Home,447 Darren Turnpike Apt. 792,Boca Raton,FL,72923
A010501,C008377,Mailing,5250 Nash Glens Suite 422,Fort Lauderdale,FL,40311
A010502,C008378,Home,23028 Timothy Unions,Naples,FL,73697
A010503,C008378,Mailing,682 Taylor Fort Suite 984,West Palm Beach,FL,93266
A010504,C008379,Home,5353 Mark Stravenue Apt. 440,Tampa,FL,94421
A010505,C008380,Home,32211 Shelby Pines,Miami,FL,94853
A010506,C008381,Home,5683 Ramirez Haven Apt. 328,Davie,FL,73214
A010507,C008382,Home,681 Soto Locks Apt. 547,Hollywood,FL,14783
A010508,C008383,Home,624 Atkins Landing Apt. 174,Orlando,FL,66261
A010509,C008384,Home,64693 Clay Roads,Sarasota,FL,89253
A010510,C008385,Home,034 Patricia Brooks Suite 230,Hollywood,FL,81313
A010511,C008386,Home,33078 Christopher Rapid,West Palm Beach,FL,88466
A010512,C008387,Home,3059 Shaun Canyon Suite 850,Hollywood,FL,17007
A010513,C008388,Home,042 Williams Islands,West Palm Beach,FL,33270
A010514,C008389,Home,464 Stacy Circle,Davie,FL,77541
A010515,C008389,Mailing,1446 Troy Street,Miami,FL,70717
A010516,C008390,Home,238 Thompson Mission,Boca Raton,FL,70476
A010517,C008390,Mailing,77268 Melinda Fields,Coral Springs,FL,38237
A010518,C008391,Home,85551 Sanchez Route,Pembroke Pines,FL,02599
A010519,C008392,Home,3905 Williams Forges Apt. 757,Coral Springs,FL,85908
A010520,C008393,Home,0594 Vasquez Oval Suite 186,Tallahassee,FL,77110
A010521,C008393,Mailing,28384 Sheila Bridge Apt. 304,Tallahassee,FL,83869
A010522,C008394,Home,2013 Colleen Groves,Pembroke Pines,FL,56183
A010523,C008395,Home,27787 Welch Mill,Pembroke Pines,FL,29987
A010524,C008396,Home,929 Janice River,Gainesville,FL,07826
A010525,C008396,Mailing,7073 Haney Mountains Apt. 955,Pembroke Pines,FL,65767
A010526,C008397,Home,39649 Kristen Mountain,Hollywood,FL,70849
A010527,C008398,Home,179 John Groves Suite 126,Fort Lauderdale,FL,73286
A010528,C008399,Home,853 Gates Fork Apt. 786,Boca Raton,FL,48932
A010529,C008399,Mailing,40112 Phillips Drives,Naples,FL,36702
A010530,C008400,Home,22408 Wendy Underpass,Gainesville,FL,57655
A010531,C008401,Home,5460 Ernest Station,Naples,FL,25371
A010532,C008402,Home,2541 Anna Village Suite 576,Gainesville,FL,78086
A010533,C008402,Mailing,716 Gregg Station Suite 144,Hollywood,FL,10331
A010534,C008403,Home,95893 Travis Garden,Hollywood,FL,03110
A010535,C008404,Home,540 Diana Track Apt. 798,Coral Springs,FL,19795
A010536,C008404,Mailing,8162 Elizabeth Rest Apt. 085,Davie,FL,98923
A010537,C008405,Home,43420 Michelle Bridge Apt. 827,Gainesville,FL,44913
A010538,C008405,Mailing,594 Estrada Freeway Suite 474,Pembroke Pines,FL,27497
A010539,C008406,Home,23290 Koch Mews Apt. 313,Naples,FL,58603
A010540,C008406,Mailing,706 Jessica Drive,West Palm Beach,FL,42933
A010541,C008407,Home,0114 Kevin Vista Apt. 787,Pembroke Pines,FL,01208
A010542,C008408,Home,1085 Alan Estates,Coral Springs,FL,42404
A010543,C008409,Home,100 Edward Cove Apt. 044,Tampa,FL,35412
A010544,C008410,Home,95375 Bishop Field Apt. 426,Boca Raton,FL,46003
A010545,C008411,Home,413 Miranda Field Suite 919,West Palm Beach,FL,85314
A010546,C008411,Mailing,5739 Robinson Unions,Orlando,FL,44102
A010547,C008412,Home,70742 Gavin Island,Hollywood,FL,61201
A010548,C008413,Home,4699 Conley Unions,Boca Raton,FL,91366
A010549,C008414,Home,4820 Bradley Bridge,West Palm Beach,FL,60353
A010550,C008415,Home,56588 Tracie Mall,Orlando,FL,33288
A010551,C008416,Home,7715 Howard Mountain,Orlando,FL,58688
A010552,C008417,Home,89580 Kevin Shoal,West Palm Beach,FL,68473
A010553,C008418,Home,60798 Thomas Rapids Suite 779,Jacksonville,FL,18271
A010554,C008419,Home,819 Gomez Dam,Sarasota,FL,40971
A010555,C008420,Home,45258 Melanie Fields Suite 186,Naples,FL,62091
A010556,C008421,Home,52651 Gutierrez River Apt. 618,Orlando,FL,39282
A010557,C008422,Home,1881 Jesse Mountain Suite 439,Naples,FL,68188
A010558,C008423,Home,256 Jones Corner,Coral Springs,FL,29062
A010559,C008424,Home,9547 Fernandez Rapids Apt. 557,Boca Raton,FL,71655
A010560,C008425,Home,2144 Maxwell Falls Suite 310,Davie,FL,61006
A010561,C008426,Home,0892 Heath Pass Suite 622,Boca Raton,FL,84220
A010562,C008427,Home,746 Perez Route,Sarasota,FL,85010
A010563,C008428,Home,31132 Moran Station,Tallahassee,FL,23027
A010564,C008429,Home,12208 Willis Terrace,Fort Lauderdale,FL,87267
A010565,C008430,Home,0417 Miller Grove Suite 423,Miami,FL,54380
A010566,C008431,Home,0271 Michaela Glens Suite 076,Fort Lauderdale,FL,92862
A010567,C008431,Mailing,2011 Kurt Common,Orlando,FL,01764
A010568,C008432,Home,981 Barnett Road Suite 604,Tampa,FL,02380
A010569,C008433,Home,3846 Anthony Burgs,Hollywood,FL,67548
A010570,C008433,Mailing,64672 Susan Knolls Apt. 295,Sarasota,FL,08285
A010571,C008434,Home,0574 Anderson Heights,Naples,FL,48775
A010572,C008435,Home,1511 Ian Spring,Davie,FL,35978
A010573,C008435,Mailing,1062 Vasquez Mountains Apt. 800,Tallahassee,FL,88596
A010574,C008436,Home,04197 Wilson Dale,Miami,FL,48262
A010575,C008436,Mailing,88390 Gabriel Shoal Apt. 358,Fort Lauderdale,FL,61629
A010576,C008437,Home,3684 Toni Walk Suite 493,Gainesville,FL,91355
A010577,C008438,Home,1665 Fleming Ville,Tampa,FL,96613
A010578,C008439,Home,776 Kennedy Station Suite 105,Tampa,FL,56640
A010579,C008440,Home,03349 Todd Trail,Fort Lauderdale,FL,02953
A010580,C008440,Mailing,0976 James Mission Apt. 937,Hollywood,FL,03496
A010581,C008441,Home,2389 Hicks Rue Suite 542,Hollywood,FL,48376
A010582,C008441,Mailing,702 Leah Rest,Tampa,FL,97035
A010583,C008442,Home,386 Mark Gateway,Sarasota,FL,81453
A010584,C008443,Home,3200 Connie Brook Apt. 142,Jacksonville,FL,07286
A010585,C008444,Home,16603 Thomas Knolls,Gainesville,FL,06154
A010586,C008444,Mailing,449 Breanna Prairie Apt. 453,Tallahassee,FL,20464
A010587,C008445,Home,086 Karen Greens Suite 156,Hollywood,FL,16163
A010588,C008446,Home,02653 Diana Common Suite 248,Sarasota,FL,31823
A010589,C008447,Home,173 Ryan Dale,Davie,FL,34014
A010590,C008448,Home,266 Miller Highway,Boca Raton,FL,75207
A010591,C008449,Home,626 Robert Ranch Suite 878,Orlando,FL,10039
A010592,C008450,Home,5343 Tammy Meadow Apt. 052,Sarasota,FL,44096
A010593,C008450,Mailing,23664 Hernandez Rest Apt. 460,Sarasota,FL,40772
A010594,C008451,Home,9214 Wayne Ford,Pembroke Pines,FL,19394
A010595,C008452,Home,36203 Alicia Stravenue,Gainesville,FL,38908
A010596,C008453,Home,030 Harris Estate Apt. 041,Sarasota,FL,97134
A010597,C008454,Home,22431 Hall Pike,Tallahassee,FL,25241
A010598,C008455,Home,015 Barry Points,Orlando,FL,92481
A010599,C008456,Home,50568 Nicholas Trail Suite 075,Orlando,FL,05770
A010600,C008457,Home,6933 Alexander Trafficway Apt. 576,Fort Lauderdale,FL,34842
A010601,C008458,Home,15285 Armstrong Harbor Suite 076,Boca Raton,FL,52106
A010602,C008459,Home,88698 Stanley Grove Apt. 608,Fort Lauderdale,FL,40348
A010603,C008460,Home,1089 Lee Shores Apt. 794,Coral Springs,FL,37523
A010604,C008461,Home,7216 Chapman Creek,Gainesville,FL,91567
A010605,C008462,Home,937 Miranda View Suite 821,Miami,FL,78527
A010606,C008463,Home,149 Miller Run,West Palm Beach,FL,47371
A010607,C008463,Mailing,943 Alexander Divide,Davie,FL,16940
A010608,C008464,Home,1636 Smith Brooks,Gainesville,FL,21766
A010609,C008465,Home,5907 Gregory Stream Suite 103,Coral Springs,FL,80651
A010610,C008466,Home,402 Lopez Passage Apt. 994,Gainesville,FL,96759
A010611,C008467,Home,66428 Anderson Divide,Jacksonville,FL,47952
A010612,C008468,Home,414 Ronald Station,Davie,FL,12229
A010613,C008468,Mailing,816 Joseph Haven,Tampa,FL,81562
A010614,C008469,Home,3654 Hood Flat,Coral Springs,FL,38764
A010615,C008470,Home,546 Belinda Plains,Davie,FL,68151
A010616,C008471,Home,3264 Moss Summit Apt. 468,Fort Lauderdale,FL,32454
A010617,C008472,Home,09454 Lewis Landing,Fort Lauderdale,FL,62920
A010618,C008472,Mailing,191 Sheila Streets,Jacksonville,FL,83661
A010619,C008473,Home,60940 James Terrace Suite 367,West Palm Beach,FL,73042
A010620,C008474,Home,333 Hess Green,Fort Lauderdale,FL,07344
A010621,C008475,Home,290 Pugh Villages,Hollywood,FL,22491
A010622,C008476,Home,46951 Maria Forest Suite 398,Pembroke Pines,FL,02328
A010623,C008476,Mailing,86417 Jessica Landing Apt. 705,Boca Raton,FL,59320
A010624,C008477,Home,4111 Daniel Loaf,Sarasota,FL,77984
A010625,C008478,Home,17307 Maria Crescent,Tampa,FL,22760
A010626,C008478,Mailing,11855 Bailey Bypass Suite 328,Pembroke Pines,FL,90473
A010627,C008479,Home,6783 Jacob Village Suite 428,Boca Raton,FL,72035
A010628,C008479,Mailing,1257 Allen Vista,Orlando,FL,87625
A010629,C008480,Home,596 Gonzales Underpass Apt. 895,Fort Lauderdale,FL,09955
A010630,C008480,Mailing,0328 Angela Brooks Suite 509,Tallahassee,FL,51851
A010631,C008481,Home,941 Fields Vista,Tallahassee,FL,39300
A010632,C008482,Home,0033 Dana Dam,Hollywood,FL,71079
A010633,C008483,Home,051 Fry Mews Apt. 384,Pembroke Pines,FL,46886
A010634,C008484,Home,42758 Mcgee Field Apt. 034,Miami,FL,92308
A010635,C008484,Mailing,0625 Ryan Forges Suite 705,Hollywood,FL,94673
A010636,C008485,Home,4649 Porter Mountains,West Palm Beach,FL,32173
A010637,C008486,Home,9401 Zuniga Via,Gainesville,FL,72578
A010638,C008486,Mailing,574 Timothy Street Suite 249,Tallahassee,FL,11620
A010639,C008487,Home,531 Matthew Mission,Coral Springs,FL,69620
A010640,C008487,Mailing,1973 Susan Estate Apt. 785,Tallahassee,FL,67011
A010641,C008488,Home,466 Jason Heights,Sarasota,FL,80506
A010642,C008489,Home,2599 Ryan Harbor Apt. 963,Coral Springs,FL,75506
A010643,C008490,Home,853 Gonzalez Ridges,Hollywood,FL,66505
A010644,C008491,Home,58336 Jessica Brook Apt. 276,Gainesville,FL,26213
A010645,C008492,Home,423 Nicholas Ridge Suite 760,Gainesville,FL,69627
A010646,C008493,Home,69418 Gray Mountain Suite 366,Orlando,FL,75319
A010647,C008494,Home,59715 Herrera Summit,Tampa,FL,40681
A010648,C008495,Home,281 Emily Mount Apt. 840,Fort Lauderdale,FL,85369
A010649,C008496,Home,822 Goodman Path Suite 931,Fort Lauderdale,FL,73049
A010650,C008497,Home,63227 Carmen Ways,Hollywood,FL,29582
A010651,C008498,Home,3374 Sarah Square Suite 233,West Palm Beach,FL,42390
A010652,C008499,Home,32297 Ashley Pike Suite 706,West Palm Beach,FL,55453
A010653,C008499,Mailing,60124 Tyler Cape Apt. 332,Boca Raton,FL,14800
A010654,C008500,Home,00555 Brenda Turnpike,Jacksonville,FL,70483
A010655,C008501,Home,7841 Lydia Village,Fort Lauderdale,FL,79088
A010656,C008502,Home,96233 Stewart Bridge,Fort Lauderdale,FL,30398
A010657,C008502,Mailing,956 Hall Pine Suite 394,Sarasota,FL,47264
A010658,C008503,Home,7379 Julian Port Suite 443,Tampa,FL,92418
A010659,C008504,Home,2761 Dawn Road,Tampa,FL,71990
A010660,C008505,Home,8921 Tiffany Canyon,Davie,FL,93369
A010661,C008506,Home,24898 Jackson Shoal,Naples,FL,22290
A010662,C008506,Mailing,51927 Jones Lodge Suite 065,West Palm Beach,FL,84097
A010663,C008507,Home,1905 Jessica Island Apt. 669,West Palm Beach,FL,79786
A010664,C008508,Home,50187 Breanna Mill Suite 322,Jacksonville,FL,86419
A010665,C008509,Home,03137 Newman Road,Fort Lauderdale,FL,20510
A010666,C008509,Mailing,71145 Allison Village,Tampa,FL,71957
A010667,C008510,Home,9395 Pearson Rue Suite 474,Tallahassee,FL,43491
A010668,C008510,Mailing,064 Williams Port,Naples,FL,10594
A010669,C008511,Home,3589 Reynolds Forge,Tampa,FL,01193
A010670,C008511,Mailing,45858 Rivers Fort,Tallahassee,FL,30901
A010671,C008512,Home,50644 Gould Road Apt. 007,Orlando,FL,36255
A010672,C008512,Mailing,6881 Odonnell Highway Suite 035,Naples,FL,19702
A010673,C008513,Home,928 Gloria Corner Suite 948,Davie,FL,75384
A010674,C008514,Home,262 Steven Mission,Coral Springs,FL,62540
A010675,C008515,Home,0229 Nelson Corners,Coral Springs,FL,57066
A010676,C008516,Home,9349 Peck Lock,Jacksonville,FL,95097
A010677,C008516,Mailing,85444 Bryant Greens,Fort Lauderdale,FL,36068
A010678,C008517,Home,41779 Janet Port,Tallahassee,FL,78439
A010679,C008518,Home,637 Pierce Shores Apt. 969,Hollywood,FL,18780
A010680,C008519,Home,836 Rosales Manors Suite 373,Orlando,FL,64147
A010681,C008520,Home,091 Chen Park Apt. 389,Tampa,FL,48242
A010682,C008521,Home,902 Myers Keys Apt. 833,Davie,FL,19038
A010683,C008522,Home,38601 Fitzgerald Crescent Suite 371,Coral Springs,FL,42982
A010684,C008523,Home,934 Brian Square Suite 485,Sarasota,FL,23011
A010685,C008523,Mailing,56086 Diaz Point,Hollywood,FL,66979
A010686,C008524,Home,3813 Simpson River,Boca Raton,FL,74486
A010687,C008524,Mailing,780 Brian Port Apt. 952,Gainesville,FL,83608
A010688,C008525,Home,03637 Willis River,Orlando,FL,44442
A010689,C008526,Home,0249 Mariah Mountains,Pembroke Pines,FL,06225
A010690,C008527,Home,25513 Stewart Avenue Apt. 331,Pembroke Pines,FL,57602
A010691,C008528,Home,83557 Jimmy Drive Apt. 661,Coral Springs,FL,55278
A010692,C008529,Home,86704 Martin Glen Suite 879,Miami,FL,63223
A010693,C008529,Mailing,53404 Guzman Underpass,West Palm Beach,FL,69191
A010694,C008530,Home,22946 Michele Glens Apt. 529,West Palm Beach,FL,65008
A010695,C008531,Home,62734 Frye Rapids,Boca Raton,FL,41751
A010696,C008531,Mailing,32028 Boyle Mountain Apt. 561,Fort Lauderdale,FL,61342
A010697,C008532,Home,99522 Lutz Causeway,Orlando,FL,96812
A010698,C008532,Mailing,6583 Golden Ridges Apt. 635,Davie,FL,62306
A010699,C008533,Home,52705 Taylor Drive Apt. 811,Sarasota,FL,67493
A010700,C008534,Home,45430 Cardenas Curve Apt. 659,Gainesville,FL,94593
A010701,C008534,Mailing,895 Crawford Motorway Apt. 254,Sarasota,FL,13044
A010702,C008535,Home,721 Davies Mill,Coral Springs,FL,41239
A010703,C008536,Home,040 Davis Forest Apt. 066,Gainesville,FL,56248
A010704,C008537,Home,7191 Vaughn Mountains Suite 836,Naples,FL,57095
A010705,C008537,Mailing,70382 Ramirez Cliffs Apt. 317,Naples,FL,64599
A010706,C008538,Home,920 Brown Divide Apt. 783,Jacksonville,FL,59448
A010707,C008538,Mailing,5533 Timothy Ridges,Hollywood,FL,11266
A010708,C008539,Home,995 Wang Motorway,Tampa,FL,96028
A010709,C008540,Home,4799 Brian Mission,West Palm Beach,FL,20335
A010710,C008541,Home,8137 Hernandez Forks,Boca Raton,FL,59823
A010711,C008542,Home,778 Diana Junctions,West Palm Beach,FL,56117
A010712,C008543,Home,442 John Passage,Sarasota,FL,49731
A010713,C008544,Home,729 Brown Forks,Miami,FL,89692
A010714,C008544,Mailing,758 Jonathan Curve,Coral Springs,FL,92573
A010715,C008545,Home,981 Pittman Well,Sarasota,FL,00652
A010716,C008546,Home,69745 Lewis Shoals Suite 853,West Palm Beach,FL,55860
A010717,C008547,Home,09989 Mark Spur Suite 416,Tallahassee,FL,96899
A010718,C008548,Home,37075 Lindsey Haven Apt. 693,Gainesville,FL,11116
A010719,C008549,Home,9529 Kathryn Falls,Orlando,FL,13617
A010720,C008550,Home,377 Morgan River Apt. 594,Jacksonville,FL,80091
A010721,C008550,Mailing,063 Carr Valley Suite 112,Pembroke Pines,FL,72006
A010722,C008551,Home,0896 Stewart Inlet,Miami,FL,81780
A010723,C008552,Home,51959 Pittman Via Suite 996,Sarasota,FL,77818
A010724,C008552,Mailing,98834 Sosa Underpass Apt. 918,Pembroke Pines,FL,88999
A010725,C008553,Home,8451 Danny Skyway Suite 509,Gainesville,FL,63905
A010726,C008554,Home,740 Stephanie Garden,Miami,FL,72560
A010727,C008555,Home,24197 Gonzalez Terrace,Hollywood,FL,35247
A010728,C008556,Home,60100 Travis Pine Suite 064,West Palm Beach,FL,84190
A010729,C008557,Home,1479 Taylor Freeway,Fort Lauderdale,FL,47545
A010730,C008558,Home,29489 Snyder Row Suite 940,Coral Springs,FL,10842
A010731,C008559,Home,218 James Path,Fort Lauderdale,FL,36918
A010732,C008559,Mailing,2609 Miller Stream Suite 486,Boca Raton,FL,35375
A010733,C008560,Home,54791 Hamilton Lane,Boca Raton,FL,76347
A010734,C008560,Mailing,573 Sean Cliffs Suite 447,Coral Springs,FL,67790
A010735,C008561,Home,2994 Newman Lights Suite 624,West Palm Beach,FL,39707
A010736,C008561,Mailing,71765 Bryan Ford Suite 608,Orlando,FL,42892
A010737,C008562,Home,1916 Shawn Prairie Suite 463,Fort Lauderdale,FL,35578
A010738,C008563,Home,610 Shelby Creek Suite 371,Pembroke Pines,FL,27593
A010739,C008564,Home,9930 Taylor Bridge,Naples,FL,38614
A010740,C008564,Mailing,7882 Vincent Fort Apt. 280,Gainesville,FL,78117
A010741,C008565,Home,6538 Angelica Junction Apt. 091,Coral Springs,FL,96980
A010742,C008566,Home,1613 Roy Lights Suite 222,Gainesville,FL,53357
A010743,C008566,Mailing,306 Dougherty Dam Suite 868,Naples,FL,88170
A010744,C008567,Home,59380 Kim Pine Suite 177,Hollywood,FL,08059
A010745,C008567,Mailing,963 Caitlin Plains,Tampa,FL,39723
A010746,C008568,Home,931 Janice Expressway Apt. 475,Pembroke Pines,FL,35606
A010747,C008569,Home,87590 Shaffer Landing,Boca Raton,FL,99289
A010748,C008570,Home,9292 Williams Ford,Tampa,FL,51252
A010749,C008571,Home,01871 Blanchard Well Suite 273,Fort Lauderdale,FL,72523
A010750,C008572,Home,5534 Simmons Burgs Apt. 075,Tampa,FL,40386
A010751,C008573,Home,69616 Rice Garden,Tampa,FL,47622
A010752,C008573,Mailing,20529 Christian Pike Apt. 148,Miami,FL,07147
A010753,C008574,Home,60670 Thomas Roads Suite 728,Coral Springs,FL,46673
A010754,C008575,Home,801 James Highway Suite 747,Boca Raton,FL,62292
A010755,C008576,Home,372 Victoria Place,Tampa,FL,52352
A010756,C008577,Home,4452 Amanda Tunnel Suite 966,West Palm Beach,FL,57786
A010757,C008578,Home,0198 Ramirez Wells,Orlando,FL,37486
A010758,C008579,Home,88610 Miranda Squares Suite 008,Orlando,FL,60758
A010759,C008580,Home,247 John Gardens,West Palm Beach,FL,28243
A010760,C008580,Mailing,71706 Robinson Mills,Gainesville,FL,52605
A010761,C008581,Home,9751 Roberts Run Apt. 097,Fort Lauderdale,FL,06668
A010762,C008581,Mailing,922 Karen Springs,Tampa,FL,27623
A010763,C008582,Home,29005 Sarah Flats Apt. 190,Miami,FL,56190
A010764,C008582,Mailing,218 Rubio Summit Apt. 181,Miami,FL,32056
A010765,C008583,Home,318 Brian Lights Apt. 659,Hollywood,FL,26210
A010766,C008584,Home,9507 Edwards Mews,Naples,FL,05303
A010767,C008585,Home,548 Brian Inlet,West Palm Beach,FL,20002
A010768,C008585,Mailing,04326 Lawrence River Apt. 659,Naples,FL,09692
A010769,C008586,Home,0190 Phillips Centers Apt. 495,Hollywood,FL,89171
A010770,C008587,Home,088 Watkins Estates Suite 860,Davie,FL,98945
A010771,C008588,Home,1454 Daniel Mills,Tampa,FL,61204
A010772,C008589,Home,5701 David Point Suite 154,Gainesville,FL,91587
A010773,C008589,Mailing,02345 Love Fords Suite 558,Coral Springs,FL,45007
A010774,C008590,Home,637 Brittany Tunnel,Sarasota,FL,01649
A010775,C008590,Mailing,616 Reynolds Walk Suite 553,Fort Lauderdale,FL,11761
A010776,C008591,Home,3153 Cynthia Street,Naples,FL,96101
A010777,C008591,Mailing,0821 Kaylee Extension Suite 954,Davie,FL,25186
A010778,C008592,Home,95622 Diana Ports,Davie,FL,44848
A010779,C008593,Home,52839 Watson Fall Apt. 996,Tallahassee,FL,17656
A010780,C008594,Home,9523 Smith Square,Pembroke Pines,FL,34346
A010781,C008595,Home,0842 Freeman Park,West Palm Beach,FL,77991
A010782,C008596,Home,3182 Gutierrez Plaza,West Palm Beach,FL,12843
A010783,C008597,Home,136 Megan Inlet,Fort Lauderdale,FL,60467
A010784,C008597,Mailing,69230 Aaron Point Suite 344,Hollywood,FL,50152
A010785,C008598,Home,062 Wendy Light,Tampa,FL,62268
A010786,C008598,Mailing,44924 Micheal Parks Suite 675,Tampa,FL,81783
A010787,C008599,Home,6810 Santos Walk Suite 668,Miami,FL,95182
A010788,C008600,Home,711 James Circles Apt. 285,Fort Lauderdale,FL,04643
A010789,C008600,Mailing,095 Jones Walks Suite 502,Miami,FL,24553
A010790,C008601,Home,53057 Roach Loop Apt. 979,Hollywood,FL,96331
A010791,C008602,Home,3041 Heather Viaduct Suite 209,Tampa,FL,05013
A010792,C008603,Home,0911 Jessica Circles Suite 445,Sarasota,FL,83102
A010793,C008604,Home,48439 Kylie Shore,Hollywood,FL,07700
A010794,C008604,Mailing,3447 Brian Mills,Sarasota,FL,39886
A010795,C008605,Home,4560 Holly Lakes Suite 551,Tallahassee,FL,03155
A010796,C008606,Home,910 Daniel Neck,West Palm Beach,FL,12245
A010797,C008607,Home,467 Craig Pines,Fort Lauderdale,FL,07148
A010798,C008608,Home,9038 Ross Forks Suite 721,Tampa,FL,13021
A010799,C008609,Home,5507 Veronica Pine,West Palm Beach,FL,94257
A010800,C008610,Home,489 Lisa Canyon,Pembroke Pines,FL,68132
A010801,C008611,Home,9443 Cynthia Lake Apt. 088,Gainesville,FL,57662
A010802,C008612,Home,9482 Waters Crescent,Tampa,FL,47220
A010803,C008613,Home,10838 Chelsey Fords Suite 825,Pembroke Pines,FL,51039
A010804,C008614,Home,8399 Rodriguez Plaza,Boca Raton,FL,81226
A010805,C008615,Home,49845 Julie Unions,West Palm Beach,FL,12114
A010806,C008616,Home,1442 Megan Place,Miami,FL,19841
A010807,C008617,Home,1624 Mcclure Locks,Gainesville,FL,36708
A010808,C008617,Mailing,9960 Glenda Trail,West Palm Beach,FL,58663
A010809,C008618,Home,74123 Laura Flat Suite 021,Fort Lauderdale,FL,41827
A010810,C008619,Home,04943 Kimberly Vista Apt. 057,Miami,FL,49386
A010811,C008620,Home,34023 Michael Islands Suite 297,Orlando,FL,03806
A010812,C008621,Home,50004 Bennett Stravenue,Naples,FL,06724
A010813,C008622,Home,91204 Jennifer Corners,Pembroke Pines,FL,44099
A010814,C008623,Home,87040 Alexandra Gardens,Tampa,FL,24123
A010815,C008623,Mailing,9890 Lopez Turnpike Apt. 856,Hollywood,FL,59306
A010816,C008624,Home,60572 Edwards Fields Apt. 208,Tampa,FL,02713
A010817,C008625,Home,61622 Mary Heights,Miami,FL,12919
A010818,C008626,Home,369 Wilson Fords Apt. 947,Boca Raton,FL,22660
A010819,C008626,Mailing,5667 Amy Ridge,Orlando,FL,99902
A010820,C008627,Home,1476 Smith Meadows,Jacksonville,FL,72246
A010821,C008628,Home,7202 Thomas Heights Suite 072,Miami,FL,17452
A010822,C008629,Home,9060 Tara Curve,Hollywood,FL,22913
A010823,C008629,Mailing,63364 Harmon Island,West Palm Beach,FL,82449
A010824,C008630,Home,9454 Kimberly Causeway Apt. 626,Gainesville,FL,30641
A010825,C008631,Home,13978 Weiss Stream,Coral Springs,FL,80254
A010826,C008632,Home,7653 Carol Flat Apt. 343,Pembroke Pines,FL,41191
A010827,C008632,Mailing,67578 Jamie Loop,Davie,FL,18423
A010828,C008633,Home,5128 Steven Overpass Apt. 826,West Palm Beach,FL,82809
A010829,C008633,Mailing,743 Krause Port,Davie,FL,44278
A010830,C008634,Home,9936 Shannon Manor Suite 820,Tampa,FL,69064
A010831,C008634,Mailing,1077 Billy Mews,Tallahassee,FL,90472
A010832,C008635,Home,93261 Matthew Cove Apt. 221,Boca Raton,FL,69430
A010833,C008636,Home,47718 Smith Valleys,Fort Lauderdale,FL,27021
A010834,C008636,Mailing,390 Lisa Port Suite 529,West Palm Beach,FL,22985
A010835,C008637,Home,95870 Walker Court Suite 948,West Palm Beach,FL,30763
A010836,C008638,Home,003 Gallagher Spring Suite 474,Fort Lauderdale,FL,61280
A010837,C008639,Home,3324 Jerry Cliffs Apt. 529,West Palm Beach,FL,36075
A010838,C008640,Home,413 Jeremy View,Boca Raton,FL,99487
A010839,C008640,Mailing,674 Kristina Wells,Davie,FL,83703
A010840,C008641,Home,47807 Shannon Green,Gainesville,FL,37729
A010841,C008642,Home,360 Ryan Pines Apt. 131,Miami,FL,62010
A010842,C008643,Home,2306 Lester Stream,Jacksonville,FL,57374
A010843,C008644,Home,815 Denise Harbors,Hollywood,FL,06178
A010844,C008645,Home,9582 Tracey Expressway,Sarasota,FL,19335
A010845,C008646,Home,7119 David Tunnel,Miami,FL,51242
A010846,C008647,Home,118 Patricia Square Suite 610,West Palm Beach,FL,81296
A010847,C008648,Home,976 Green Lodge,Naples,FL,92655
A010848,C008649,Home,87102 Johnson Loaf,Hollywood,FL,32925
A010849,C008650,Home,6291 Rojas Valley Suite 118,Coral Springs,FL,00669
A010850,C008650,Mailing,7059 Webb View,Miami,FL,65662
A010851,C008651,Home,4589 Snyder Garden Suite 268,Fort Lauderdale,FL,42219
A010852,C008651,Mailing,214 Alicia Throughway,Miami,FL,12581
A010853,C008652,Home,297 Rhonda Villages Apt. 940,Gainesville,FL,93088
A010854,C008653,Home,852 Jessica Summit Apt. 848,Orlando,FL,97101
A010855,C008653,Mailing,44046 Christopher Court,Hollywood,FL,19541
A010856,C008654,Home,504 David Hills,Pembroke Pines,FL,69550
A010857,C008655,Home,7594 Jenna Inlet Suite 937,Miami,FL,75004
A010858,C008655,Mailing,125 Bell Mills,Tallahassee,FL,88517
A010859,C008656,Home,405 Martinez Lock Suite 601,Naples,FL,49003
A010860,C008657,Home,353 Brenda Crossing Apt. 266,Naples,FL,78819
A010861,C008658,Home,49187 Mike Field,Naples,FL,62979
A010862,C008659,Home,9661 Ronald Islands Suite 019,Jacksonville,FL,54894
A010863,C008659,Mailing,701 Katie Shoals Suite 768,West Palm Beach,FL,77116
A010864,C008660,Home,674 Brandon Road Apt. 786,Tallahassee,FL,33703
A010865,C008661,Home,439 Sandra Stravenue Apt. 075,Boca Raton,FL,43534
A010866,C008662,Home,23759 Jones Point Apt. 643,Tampa,FL,59773
A010867,C008663,Home,1598 Fleming Shore,Boca Raton,FL,20746
A010868,C008664,Home,440 Richard Shoal Suite 417,Tampa,FL,28415
A010869,C008665,Home,764 Hernandez Fort,Gainesville,FL,54285
A010870,C008666,Home,691 Raymond Road Apt. 312,West Palm Beach,FL,67793
A010871,C008667,Home,3666 Solis Plains Apt. 938,Hollywood,FL,63623
A010872,C008667,Mailing,8124 Rodriguez Tunnel Suite 734,Tallahassee,FL,17130
A010873,C008668,Home,9215 Michael Plaza Suite 139,Boca Raton,FL,33470
A010874,C008668,Mailing,84749 Li Trace Apt. 144,Fort Lauderdale,FL,31998
A010875,C008669,Home,2590 Grant Spur Suite 243,Hollywood,FL,72096
A010876,C008670,Home,7687 Christensen Rue,Tampa,FL,70842
A010877,C008671,Home,3527 Hart Tunnel Suite 329,Orlando,FL,41984
A010878,C008672,Home,45744 Robinson Roads,Orlando,FL,55430
A010879,C008673,Home,3614 Pitts Forges Apt. 384,Pembroke Pines,FL,19899
A010880,C008674,Home,617 Silva Pines Apt. 944,West Palm Beach,FL,94174
A010881,C008675,Home,8558 Marquez Ford Suite 976,Tampa,FL,54733
A010882,C008676,Home,5602 Lauren Landing,Sarasota,FL,42453
A010883,C008676,Mailing,5611 Tucker Rue,Orlando,FL,50434
A010884,C008677,Home,851 Christopher Dale,Tampa,FL,38306
A010885,C008678,Home,8681 Melanie Coves,Miami,FL,84297
A010886,C008679,Home,7405 Daniel Inlet,Pembroke Pines,FL,74087
A010887,C008679,Mailing,251 Kellie Forks Apt. 300,Jacksonville,FL,01083
A010888,C008680,Home,5222 Toni Island Apt. 006,Coral Springs,FL,98028
A010889,C008681,Home,3274 April Ridges Suite 672,Boca Raton,FL,58339
A010890,C008682,Home,65903 Alyssa Club Apt. 662,Tallahassee,FL,82040
A010891,C008683,Home,7537 Wyatt Camp,Davie,FL,17304
A010892,C008684,Home,796 Carter Stream,Tallahassee,FL,28009
A010893,C008685,Home,97373 Hayes Lodge Apt. 585,Tampa,FL,86717
A010894,C008685,Mailing,14172 Brittany Ranch,Tampa,FL,28054
A010895,C008686,Home,96257 Banks Forges Apt. 566,Jacksonville,FL,92967
A010896,C008687,Home,00508 Thomas Crossing Suite 118,Tallahassee,FL,56838
A010897,C008688,Home,75153 Sherri Ridge Apt. 006,Boca Raton,FL,32326
A010898,C008689,Home,25453 Shannon Square,Sarasota,FL,86426
A010899,C008690,Home,571 Arnold Valleys Suite 197,Jacksonville,FL,22183
A010900,C008691,Home,744 Linda Points Suite 720,Pembroke Pines,FL,14928
A010901,C008691,Mailing,35637 William Dale,Orlando,FL,93332
A010902,C008692,Home,2302 John Ridge,Hollywood,FL,58175
A010903,C008693,Home,637 Nathan Drive,Hollywood,FL,48265
A010904,C008693,Mailing,4464 Shawn Centers,Coral Springs,FL,26116
A010905,C008694,Home,137 Maynard Viaduct,Tallahassee,FL,62928
A010906,C008694,Mailing,164 Bryan Burg Apt. 439,Davie,FL,75508
A010907,C008695,Home,02588 Johnson Springs Apt. 107,Naples,FL,18325
A010908,C008696,Home,2382 Bradley Rest,Sarasota,FL,75913
A010909,C008697,Home,9379 Jeremiah Stream Suite 109,Pembroke Pines,FL,98586
A010910,C008698,Home,451 Phillips Hollow,Naples,FL,57002
A010911,C008699,Home,23967 Simpson Point,Jacksonville,FL,92557
A010912,C008700,Home,262 Amanda Skyway,Tampa,FL,32219
A010913,C008701,Home,433 Kathleen Summit,Orlando,FL,30010
A010914,C008701,Mailing,501 Jason Path Apt. 406,Jacksonville,FL,49985
A010915,C008702,Home,35190 Gonzalez Walks,Miami,FL,62303
A010916,C008703,Home,6005 Michelle Green Apt. 124,Boca Raton,FL,68909
A010917,C008704,Home,51169 Harper Coves,Naples,FL,36192
A010918,C008705,Home,142 Anderson Port,Sarasota,FL,71809
A010919,C008706,Home,454 Matthew Ways,Fort Lauderdale,FL,95986
A010920,C008707,Home,1855 Mayo Forks,Sarasota,FL,33214
A010921,C008708,Home,7283 Sara Mews,Hollywood,FL,19182
A010922,C008709,Home,01232 Roger Street Suite 933,Orlando,FL,25280
A010923,C008710,Home,04943 Eric Landing,Davie,FL,49368
A010924,C008711,Home,14039 Michael Track Apt. 614,Fort Lauderdale,FL,29812
A010925,C008712,Home,8187 Foster Mall Suite 393,Miami,FL,23483
A010926,C008713,Home,5780 Stevens Club Suite 190,Davie,FL,99723
A010927,C008714,Home,6674 Mooney Route Suite 987,Fort Lauderdale,FL,94357
A010928,C008715,Home,8602 Julie Lakes,West Palm Beach,FL,68679
A010929,C008716,Home,6769 Richard Parkways Suite 838,Hollywood,FL,04753
A010930,C008716,Mailing,774 Gregory Expressway,Jacksonville,FL,09141
A010931,C008717,Home,05505 Mary Well,Hollywood,FL,93130
A010932,C008718,Home,556 Robinson Mountain Suite 821,Coral Springs,FL,60181
A010933,C008719,Home,017 Keith Prairie,Hollywood,FL,60604
A010934,C008720,Home,572 Snow Ford,Boca Raton,FL,43115
A010935,C008720,Mailing,9159 Brown Brook,Tampa,FL,06834
A010936,C008721,Home,026 Peters Overpass,Jacksonville,FL,63629
A010937,C008721,Mailing,3127 Courtney Route,Tallahassee,FL,36832
A010938,C008722,Home,43677 Roberts Road,West Palm Beach,FL,01787
A010939,C008723,Home,57914 Teresa Estates Suite 588,Tampa,FL,10465
A010940,C008724,Home,92127 Carter Fork,Miami,FL,83328
A010941,C008725,Home,23020 Carter Squares Apt. 491,Miami,FL,52581
A010942,C008726,Home,57916 Price Meadow Suite 516,Miami,FL,49926
A010943,C008727,Home,8521 David Ville,Fort Lauderdale,FL,25327
A010944,C008728,Home,98836 Colton Pine,Tampa,FL,60663
A010945,C008728,Mailing,34263 Rachel Ports Suite 777,Boca Raton,FL,05911
A010946,C008729,Home,492 Ball Passage Apt. 195,Miami,FL,70920
A010947,C008729,Mailing,4230 Theresa Summit Suite 453,Tampa,FL,70447
A010948,C008730,Home,7043 Wendy Throughway Suite 154,Sarasota,FL,05303
A010949,C008731,Home,469 Duncan Park Apt. 617,Pembroke Pines,FL,35422
A010950,C008732,Home,4492 Hardy Ramp,Tampa,FL,09351
A010951,C008733,Home,539 Erica Common,Miami,FL,45233
A010952,C008734,Home,70157 Michelle Trafficway,Orlando,FL,70753
A010953,C008734,Mailing,8243 Austin Points,Boca Raton,FL,01749
A010954,C008735,Home,4080 Thomas Ridges,Jacksonville,FL,39882
A010955,C008736,Home,906 Huff Ferry Suite 291,Miami,FL,15017
A010956,C008737,Home,6170 Lori Mall,Orlando,FL,82549
A010957,C008737,Mailing,86349 Julia Way,Hollywood,FL,13290
A010958,C008738,Home,0819 Anderson Trace,Boca Raton,FL,69796
A010959,C008738,Mailing,173 Fernandez Union,Davie,FL,05008
A010960,C008739,Home,80032 Howe Forges Suite 871,Davie,FL,05003
A010961,C008740,Home,8131 Lara Trail,Miami,FL,87994
A010962,C008741,Home,5678 Heather Pike Apt. 387,Naples,FL,50631
A010963,C008741,Mailing,3771 Hernandez Pike Suite 848,Tallahassee,FL,89730
A010964,C008742,Home,6473 Jorge Mount Apt. 859,Naples,FL,49239
A010965,C008743,Home,6254 Nathaniel Roads,Sarasota,FL,82347
A010966,C008744,Home,848 Jacob Point,Fort Lauderdale,FL,64637
A010967,C008744,Mailing,0434 Carter Wells,Pembroke Pines,FL,57541
A010968,C008745,Home,92103 Simpson Rapids Suite 946,Tampa,FL,18757
A010969,C008746,Home,395 Dennis Via Suite 409,Fort Lauderdale,FL,26857
A010970,C008747,Home,6448 Jacob Spur,Jacksonville,FL,66118
A010971,C008748,Home,9238 Robinson Lodge,Jacksonville,FL,48212
A010972,C008748,Mailing,750 Steven Centers Suite 997,Tampa,FL,77216
A010973,C008749,Home,538 Harris Port,Naples,FL,35784
A010974,C008750,Home,21421 Lloyd Plaza Suite 222,West Palm Beach,FL,41466
A010975,C008750,Mailing,7018 Miller Knoll Apt. 884,West Palm Beach,FL,13737
A010976,C008751,Home,592 Quinn Turnpike Apt. 251,Boca Raton,FL,72350
A010977,C008752,Home,92526 Ford Glens Apt. 054,Hollywood,FL,88188
A010978,C008753,Home,015 Tucker Square,Boca Raton,FL,94666
A010979,C008754,Home,15979 Michelle Roads,Coral Springs,FL,00940
A010980,C008755,Home,2494 Jessica Shore Suite 881,Sarasota,FL,35647
A010981,C008755,Mailing,1394 White Mission Suite 619,Sarasota,FL,90492
A010982,C008756,Home,331 Philip Trail,West Palm Beach,FL,20361
A010983,C008756,Mailing,962 Glover Coves Apt. 846,Tampa,FL,07393
A010984,C008757,Home,57202 Brown Corner,Pembroke Pines,FL,16755
A010985,C008758,Home,01171 Sullivan Walk Apt. 240,Davie,FL,18647
A010986,C008759,Home,1176 Mcconnell Crossing Suite 156,West Palm Beach,FL,17335
A010987,C008759,Mailing,2867 Reed Overpass Suite 462,Sarasota,FL,79399
A010988,C008760,Home,13480 Robinson Track Suite 097,Miami,FL,13674
A010989,C008761,Home,657 Travis Fall,Pembroke Pines,FL,18114
A010990,C008762,Home,11986 Moran Locks,Davie,FL,62929
A010991,C008763,Home,423 Sheri Trafficway,Sarasota,FL,47659
A010992,C008764,Home,6227 Nelson Turnpike,Tampa,FL,32720
A010993,C008764,Mailing,070 Theresa Club Suite 507,Sarasota,FL,98831
A010994,C008765,Home,2318 Young Divide,Tallahassee,FL,47650
A010995,C008766,Home,2437 Davis Land Suite 484,Orlando,FL,91220
A010996,C008767,Home,888 Elizabeth Inlet Apt. 015,Hollywood,FL,78078
A010997,C008767,Mailing,6501 Whitney Turnpike Apt. 388,Pembroke Pines,FL,77911
A010998,C008768,Home,01423 Green Crest,Davie,FL,61393
A010999,C008769,Home,18207 Charlene Street,Hollywood,FL,19019
A011000,C008770,Home,0403 Wood Light Apt. 099,Hollywood,FL,09586
A011001,C008771,Home,933 Lindsey Garden Apt. 979,Sarasota,FL,68775
A011002,C008772,Home,73941 Teresa Stravenue Suite 944,Tallahassee,FL,81520
A011003,C008773,Home,348 Davis Parks,Tampa,FL,69007
A011004,C008774,Home,796 Brown Parkway,Jacksonville,FL,11176
A011005,C008775,Home,2198 Martinez Ridge Suite 799,Coral Springs,FL,75732
A011006,C008775,Mailing,628 Jennifer View,Miami,FL,49860
A011007,C008776,Home,891 Nguyen Harbors Suite 141,Davie,FL,15371
A011008,C008777,Home,65820 Brown Vista Apt. 405,Tampa,FL,74478
A011009,C008778,Home,19881 Don Club Suite 782,Fort Lauderdale,FL,20912
A011010,C008778,Mailing,607 Griffin Manor Apt. 333,Naples,FL,30120
A011011,C008779,Home,04496 Davies Road,Sarasota,FL,13723
A011012,C008780,Home,42096 Shannon Road Suite 036,Jacksonville,FL,54849
A011013,C008781,Home,953 Elizabeth Valley,Orlando,FL,11347
A011014,C008782,Home,8847 Cook Park,Coral Springs,FL,60245
A011015,C008782,Mailing,141 Boyle Corners,Boca Raton,FL,96185
A011016,C008783,Home,49386 Gina Haven Apt. 707,Boca Raton,FL,68829
A011017,C008783,Mailing,0933 Jeff Meadows Suite 476,Fort Lauderdale,FL,35798
A011018,C008784,Home,0818 Robles Station,Naples,FL,29283
A011019,C008784,Mailing,2229 Erik Stravenue,Sarasota,FL,83184
A011020,C008785,Home,06107 John Springs Apt. 908,Boca Raton,FL,32527
A011021,C008786,Home,94516 Wilkerson Pike Apt. 031,Hollywood,FL,99863
A011022,C008786,Mailing,139 Michelle Prairie,West Palm Beach,FL,79602
A011023,C008787,Home,31517 John Corner Suite 324,Jacksonville,FL,64306
A011024,C008787,Mailing,7632 Bonnie Fork Suite 208,Tampa,FL,44440
A011025,C008788,Home,85042 Little Divide,Jacksonville,FL,73083
A011026,C008789,Home,796 Barrera Forks Suite 645,Miami,FL,71878
A011027,C008790,Home,2379 Matthew Island,Jacksonville,FL,90912
A011028,C008791,Home,85767 Kelly Rapid Apt. 935,Sarasota,FL,43246
A011029,C008791,Mailing,83082 Sloan Freeway Suite 902,West Palm Beach,FL,41775
A011030,C008792,Home,893 Alyssa Knoll,Sarasota,FL,85624
A011031,C008793,Home,3984 Ricardo Divide Suite 921,Coral Springs,FL,44853
A011032,C008793,Mailing,8874 Michael Stravenue Apt. 094,Tallahassee,FL,76183
A011033,C008794,Home,120 Whitney Village,Naples,FL,01227
A011034,C008795,Home,645 Alexis Rapid,Davie,FL,54295
A011035,C008796,Home,5187 Ashley Crossing Apt. 145,Miami,FL,26946
A011036,C008797,Home,28660 Koch Ridges,West Palm Beach,FL,99068
A011037,C008798,Home,350 Samantha Vista,Boca Raton,FL,38112
A011038,C008798,Mailing,7772 William Lodge Apt. 919,West Palm Beach,FL,82142
A011039,C008799,Home,469 Richardson Parks Apt. 277,Davie,FL,21722
A011040,C008800,Home,53533 Bishop Drive,Gainesville,FL,84447
A011041,C008801,Home,18099 Nicholas Point Apt. 975,Naples,FL,55540
A011042,C008801,Mailing,860 Meghan Circle,Coral Springs,FL,01294
A011043,C008802,Home,53451 Carter Ways Apt. 926,Fort Lauderdale,FL,09623
A011044,C008803,Home,26497 Allison Causeway,Coral Springs,FL,71162
A011045,C008803,Mailing,0342 Jerry Walks,Fort Lauderdale,FL,46021
A011046,C008804,Home,0166 Maxwell Lock,Jacksonville,FL,70714
A011047,C008805,Home,2223 Ball Station Apt. 461,Tampa,FL,08466
A011048,C008805,Mailing,1422 Robert Underpass,Davie,FL,21552
A011049,C008806,Home,2029 Robert Valleys,Tallahassee,FL,48181
A011050,C008807,Home,145 Maria Extension Apt. 191,Orlando,FL,68988
A011051,C008807,Mailing,63041 Miller Isle,Tallahassee,FL,65055
A011052,C008808,Home,484 Hess Lake Suite 459,Miami,FL,50587
A011053,C008809,Home,3071 Richmond Locks,Tampa,FL,27313
A011054,C008809,Mailing,59659 Nancy Park Suite 664,Miami,FL,42196
A011055,C008810,Home,55916 Rachel Landing,Davie,FL,46554
A011056,C008811,Home,6830 Small Rapids Apt. 569,Fort Lauderdale,FL,93936
A011057,C008812,Home,89361 Lozano Key Apt. 700,Davie,FL,37899
A011058,C008813,Home,70559 Jay Mountain,Tallahassee,FL,97197
A011059,C008814,Home,489 Rogers Land Suite 247,Tampa,FL,10587
A011060,C008814,Mailing,66349 Beasley Lake,Naples,FL,03548
A011061,C008815,Home,35555 Daniel Station Apt. 403,Jacksonville,FL,40602
A011062,C008816,Home,68526 Adams Hollow,Tallahassee,FL,98194
A011063,C008817,Home,9695 Rebecca Flats,Jacksonville,FL,79684
A011064,C008818,Home,3282 Cheryl Park Suite 822,West Palm Beach,FL,81446
A011065,C008819,Home,0629 Kristen Street Suite 122,Boca Raton,FL,21797
A011066,C008820,Home,137 Amber Corner Apt. 911,Sarasota,FL,62979
A011067,C008820,Mailing,99880 Teresa Rest,Naples,FL,79520
A011068,C008821,Home,66787 Rodriguez Center,Fort Lauderdale,FL,88239
A011069,C008821,Mailing,31997 Tonya Cliffs,Naples,FL,82158
A011070,C008822,Home,8119 Jensen Crossroad Suite 724,Coral Springs,FL,86336
A011071,C008822,Mailing,99882 Andrew Wells Suite 742,Fort Lauderdale,FL,32955
A011072,C008823,Home,196 Sandoval Roads,Miami,FL,64884
A011073,C008823,Mailing,68520 Perry Lake,Orlando,FL,18520
A011074,C008824,Home,87371 Williams Divide Apt. 059,Naples,FL,27224
A011075,C008825,Home,74267 Allen Alley Suite 701,Coral Springs,FL,07825
A011076,C008826,Home,4840 Melissa Skyway,Gainesville,FL,95034
A011077,C008826,Mailing,83850 Ballard Overpass Apt. 013,Miami,FL,88986
A011078,C008827,Home,6736 Erickson Harbors,Fort Lauderdale,FL,90277
A011079,C008827,Mailing,1928 Thompson Flat Suite 068,Coral Springs,FL,92144
A011080,C008828,Home,448 Jerry Fords,Naples,FL,68186
A011081,C008829,Home,5650 Jennifer Mountains Suite 297,Hollywood,FL,71652
A011082,C008830,Home,948 Brown Shore,Pembroke Pines,FL,56372
A011083,C008830,Mailing,27668 Robinson Light Suite 672,Coral Springs,FL,83057
A011084,C008831,Home,523 Hernandez Ports Apt. 169,Gainesville,FL,03206
A011085,C008832,Home,67680 Jones Locks Apt. 664,West Palm Beach,FL,57903
A011086,C008833,Home,2199 Arias Canyon Suite 643,Tampa,FL,20526
A011087,C008834,Home,321 Nguyen Parks,Davie,FL,31978
A011088,C008834,Mailing,6645 Pacheco Unions Suite 629,Boca Raton,FL,72524
A011089,C008835,Home,7330 Lopez Expressway,Gainesville,FL,26947
A011090,C008836,Home,8795 Hernandez Crest Suite 889,Sarasota,FL,03925
A011091,C008836,Mailing,41502 Mary Crescent,Miami,FL,04983
A011092,C008837,Home,6296 Browning Well Apt. 934,Naples,FL,42828
A011093,C008837,Mailing,11862 Nathan Club,Boca Raton,FL,17792
A011094,C008838,Home,760 Adams Center Suite 477,Tampa,FL,55761
A011095,C008839,Home,51744 Mooney Spring,Tampa,FL,78426
A011096,C008840,Home,9752 Floyd Road,Miami,FL,42714
A011097,C008840,Mailing,02782 Sloan Ridge,Pembroke Pines,FL,11684
A011098,C008841,Home,16305 Robert Isle,Sarasota,FL,27708
A011099,C008841,Mailing,6757 Davis Unions,Orlando,FL,77640
A011100,C008842,Home,888 Williams Creek Suite 568,Orlando,FL,50057
A011101,C008842,Mailing,223 Daniels Rue Suite 642,Tampa,FL,92525
A011102,C008843,Home,5900 James Mountains,Davie,FL,86297
A011103,C008843,Mailing,442 Katherine Summit,Miami,FL,98668
A011104,C008844,Home,4615 Andrew Trail,West Palm Beach,FL,96376
A011105,C008845,Home,95843 Christopher Causeway Suite 510,Miami,FL,74913
A011106,C008846,Home,81647 Orozco Villages Apt. 582,Miami,FL,62522
A011107,C008847,Home,530 Anderson Hills Suite 643,Orlando,FL,96848
A011108,C008848,Home,27896 Murphy Mill Suite 785,Jacksonville,FL,95461
A011109,C008848,Mailing,00140 Jackson Isle,Gainesville,FL,11636
A011110,C008849,Home,152 Jose Grove,Gainesville,FL,90916
A011111,C008849,Mailing,14418 Jones Court,Fort Lauderdale,FL,14899
A011112,C008850,Home,8681 Elliott Islands Suite 677,West Palm Beach,FL,29198
A011113,C008851,Home,79388 Carroll Crossroad,Gainesville,FL,89337
A011114,C008852,Home,0138 Peters Springs,Miami,FL,91854
A011115,C008853,Home,8515 Wilson Flat Suite 285,Orlando,FL,25366
A011116,C008854,Home,618 Powell Ridges,Gainesville,FL,44106
A011117,C008855,Home,27351 Joseph Junctions Apt. 509,Fort Lauderdale,FL,06050
A011118,C008856,Home,03622 Jose Place Suite 986,Hollywood,FL,02209
A011119,C008857,Home,640 Martin Pine Apt. 851,Jacksonville,FL,65032
A011120,C008857,Mailing,9141 Alexis Trafficway Suite 914,Orlando,FL,42117
A011121,C008858,Home,9886 Dougherty Squares,Tampa,FL,77272
A011122,C008859,Home,20425 Vanessa Fort Apt. 509,Boca Raton,FL,78902
A011123,C008860,Home,740 Jason Square Suite 537,Naples,FL,48588
A011124,C008861,Home,73913 Villegas Isle Apt. 433,Hollywood,FL,87506
A011125,C008862,Home,55508 Jane Islands Suite 871,Fort Lauderdale,FL,35964
A011126,C008862,Mailing,440 Matthew Station,Miami,FL,33432
A011127,C008863,Home,698 Caroline Rapids Apt. 369,Coral Springs,FL,42152
A011128,C008863,Mailing,8873 Margaret Rapid Suite 979,Jacksonville,FL,93639
A011129,C008864,Home,7400 Becker Crossroad Apt. 728,Davie,FL,58964
A011130,C008865,Home,840 Jones Stream,Tampa,FL,99125
A011131,C008866,Home,047 Wong Orchard,Jacksonville,FL,68261
A011132,C008866,Mailing,9266 Erica Tunnel,Pembroke Pines,FL,33608
A011133,C008867,Home,489 James Tunnel,Orlando,FL,05185
A011134,C008868,Home,20969 Samantha Views,Sarasota,FL,49405
A011135,C008868,Mailing,188 Gallegos Walks,Davie,FL,27163
A011136,C008869,Home,15949 Amy Stream,Coral Springs,FL,17592
A011137,C008869,Mailing,73319 Ramos Lake Apt. 648,West Palm Beach,FL,68427
A011138,C008870,Home,4638 Knight Knoll Suite 755,West Palm Beach,FL,24661
A011139,C008871,Home,0971 Wendy Green,Boca Raton,FL,26602
A011140,C008872,Home,1547 Peter Key,Boca Raton,FL,15630
A011141,C008873,Home,191 Burns Greens Suite 860,Hollywood,FL,47687
A011142,C008874,Home,685 Campbell Tunnel Suite 192,Sarasota,FL,75023
A011143,C008875,Home,8279 Combs Fords,West Palm Beach,FL,14174
A011144,C008876,Home,482 Erica Branch,Davie,FL,18724
A011145,C008877,Home,0986 Thomas Via Suite 301,Sarasota,FL,20884
A011146,C008878,Home,8930 Williams Pine,West Palm Beach,FL,01438
A011147,C008879,Home,10910 Michael Isle,Sarasota,FL,56544
A011148,C008880,Home,4797 Jill Mall Apt. 354,Coral Springs,FL,71437
A011149,C008881,Home,74220 Smith Land,Orlando,FL,56778
A011150,C008882,Home,4859 Christina Cove Suite 888,Sarasota,FL,34896
A011151,C008883,Home,107 Robert Orchard,Miami,FL,02355
A011152,C008884,Home,27166 Kimberly Turnpike Suite 657,Sarasota,FL,71802
A011153,C008884,Mailing,76079 William Falls Apt. 399,Jacksonville,FL,23364
A011154,C008885,Home,884 Dennis Island Suite 496,Boca Raton,FL,45014
A011155,C008886,Home,5760 Johnathan Trail,Naples,FL,46651
A011156,C008887,Home,81501 Hunter Mountain,Pembroke Pines,FL,91126
A011157,C008887,Mailing,5709 Steven Pike Apt. 053,Jacksonville,FL,88554
A011158,C008888,Home,2126 Martinez Union,Tallahassee,FL,53634
A011159,C008888,Mailing,5551 Medina Knolls Apt. 356,Sarasota,FL,84651
A011160,C008889,Home,2730 Joseph Knoll,Sarasota,FL,61930
A011161,C008889,Mailing,692 Robert Spurs,Miami,FL,78594
A011162,C008890,Home,359 Miranda Road Suite 131,Davie,FL,40412
A011163,C008891,Home,501 Heidi Fork Suite 656,Miami,FL,42009
A011164,C008892,Home,969 Robertson Garden Suite 874,Hollywood,FL,03326
A011165,C008893,Home,73434 Burns Plain,West Palm Beach,FL,43629
A011166,C008893,Mailing,952 Sanchez Viaduct,West Palm Beach,FL,34452
A011167,C008894,Home,58319 Brittany Pine Apt. 870,Orlando,FL,79525
A011168,C008895,Home,98758 Sosa Views Suite 635,Orlando,FL,97914
A011169,C008896,Home,7478 Peterson Brooks,Hollywood,FL,85265
A011170,C008897,Home,9434 Taylor Junction Apt. 376,Orlando,FL,21693
A011171,C008898,Home,8990 Sandoval Stream Suite 269,Coral Springs,FL,06538
A011172,C008899,Home,35783 Sutton Pine,Fort Lauderdale,FL,04074
A011173,C008900,Home,765 Julie Bypass,Jacksonville,FL,98769
A011174,C008900,Mailing,27449 Linda Plains,Coral Springs,FL,37468
A011175,C008901,Home,11204 Yvonne Fall,Davie,FL,30854
A011176,C008901,Mailing,9753 Reeves Extension Apt. 710,Coral Springs,FL,36954
A011177,C008902,Home,0183 William Court,Coral Springs,FL,72885
A011178,C008903,Home,26675 Robert Road,Fort Lauderdale,FL,99942
A011179,C008904,Home,421 Carrie Viaduct,Tampa,FL,16549
A011180,C008905,Home,040 Nguyen Route Suite 001,Coral Springs,FL,57209
A011181,C008906,Home,972 Kelli Shores,Coral Springs,FL,35782
A011182,C008907,Home,10742 Melanie Heights,Orlando,FL,41540
A011183,C008907,Mailing,30161 Boyd Road,Miami,FL,62340
A011184,C008908,Home,42911 Robert Valleys Apt. 680,Coral Springs,FL,35196
A011185,C008908,Mailing,939 Daniel Valleys Apt. 749,Davie,FL,43467
A011186,C008909,Home,210 Stein Spring Apt. 118,Miami,FL,14034
A011187,C008910,Home,4400 Campbell Isle Suite 836,Gainesville,FL,81695
A011188,C008911,Home,607 Blair Loaf,Jacksonville,FL,09551
A011189,C008912,Home,814 Farmer Light,Gainesville,FL,23995
A011190,C008913,Home,1200 Hill Mountain,Tampa,FL,05314
A011191,C008914,Home,3101 Small Neck,Miami,FL,95391
A011192,C008915,Home,0203 James Port,Tampa,FL,87478
A011193,C008915,Mailing,6749 Bates Groves,Coral Springs,FL,63750
A011194,C008916,Home,23145 Sanders Drive Suite 111,Boca Raton,FL,56253
A011195,C008917,Home,01210 Green Dam Apt. 539,Miami,FL,16165
A011196,C008918,Home,825 Austin Lake Suite 273,Gainesville,FL,90746
A011197,C008918,Mailing,683 Walters Burgs Apt. 211,Davie,FL,44661
A011198,C008919,Home,562 Scott Pine,Miami,FL,97646
A011199,C008920,Home,481 Maria Courts,Davie,FL,57487
A011200,C008921,Home,5225 Chelsea Grove,Sarasota,FL,09283
A011201,C008921,Mailing,06368 Penny Cliffs Apt. 431,Gainesville,FL,22827
A011202,C008922,Home,80749 Griffith Rapid,Boca Raton,FL,72364
A011203,C008923,Home,0895 Joshua Place,Hollywood,FL,27990
A011204,C008924,Home,15203 Michael Keys Apt. 203,Naples,FL,08636
A011205,C008925,Home,9774 Tanner Dale Suite 737,Davie,FL,62299
A011206,C008926,Home,2356 Horton Brook,Naples,FL,97765
A011207,C008926,Mailing,24472 Ramirez Harbor Suite 124,Orlando,FL,73153
A011208,C008927,Home,2960 Lopez Glen,Orlando,FL,12814
A011209,C008927,Mailing,95397 Warren Port Suite 561,Tampa,FL,30090
A011210,C008928,Home,6046 Bobby Gardens Apt. 228,Miami,FL,89773
A011211,C008929,Home,619 Rhonda Stream,Boca Raton,FL,90312
A011212,C008929,Mailing,987 Elizabeth Mountains Suite 711,Gainesville,FL,30545
A011213,C008930,Home,3631 Powers Square Suite 638,Orlando,FL,69538
A011214,C008931,Home,7382 Sandra Keys Apt. 200,Orlando,FL,48230
A011215,C008932,Home,29365 Patricia Rue,Hollywood,FL,06722
A011216,C008933,Home,2924 Heather Center Suite 914,Orlando,FL,25031
A011217,C008934,Home,37616 Karen Stream,Fort Lauderdale,FL,93227
A011218,C008934,Mailing,897 Jones Throughway Apt. 550,Boca Raton,FL,04525
A011219,C008935,Home,46945 Gabriel Station Apt. 774,Pembroke Pines,FL,36179
A011220,C008936,Home,9455 Trevor Fords Suite 045,Tampa,FL,38657
A011221,C008936,Mailing,21846 Mark Curve Suite 190,Fort Lauderdale,FL,34898
A011222,C008937,Home,9329 Lisa Stravenue,Hollywood,FL,24500
A011223,C008937,Mailing,8634 Bradley Plain Suite 418,Tallahassee,FL,62300
A011224,C008938,Home,61002 Blake Trail Apt. 219,Pembroke Pines,FL,90237
A011225,C008938,Mailing,342 Carrillo Landing,West Palm Beach,FL,71884
A011226,C008939,Home,565 Robert River,Davie,FL,81612
A011227,C008940,Home,90931 Kristen Union,Jacksonville,FL,22268
A011228,C008940,Mailing,1732 Manuel Mall,Coral Springs,FL,36888
A011229,C008941,Home,90652 Peterson Stream Apt. 205,Fort Lauderdale,FL,20107
A011230,C008942,Home,98446 Ayala Station,Miami,FL,38660
A011231,C008943,Home,885 Robin Junction Suite 321,Naples,FL,48179
A011232,C008944,Home,1976 Paul Cliffs Suite 670,Boca Raton,FL,84922
A011233,C008944,Mailing,5817 Cathy Gateway Apt. 552,Jacksonville,FL,68886
A011234,C008945,Home,187 Dustin Summit,Tampa,FL,95692
A011235,C008946,Home,325 Taylor Locks,Miami,FL,02988
A011236,C008946,Mailing,152 Lisa Dam Suite 385,West Palm Beach,FL,93654
A011237,C008947,Home,960 Fuller Extension Suite 156,Naples,FL,81718
A011238,C008948,Home,6116 Lang Views Suite 873,Tampa,FL,34421
A011239,C008949,Home,9314 Palmer Fall Suite 438,Miami,FL,94861
A011240,C008950,Home,321 Richard Cliff,Gainesville,FL,14298
A011241,C008951,Home,05352 Zachary Shoal Apt. 989,Sarasota,FL,20116
A011242,C008952,Home,321 Bowman Light Apt. 030,Boca Raton,FL,88290
A011243,C008953,Home,68229 Ricardo Bridge Suite 264,West Palm Beach,FL,79898
A011244,C008954,Home,291 Kelsey Place,Miami,FL,34567
A011245,C008955,Home,92555 Adkins Course,Boca Raton,FL,20824
A011246,C008955,Mailing,212 Jones Plain Suite 454,Boca Raton,FL,90807
A011247,C008956,Home,876 Byrd Field,Coral Springs,FL,85196
A011248,C008956,Mailing,35797 Beard Villages,Naples,FL,55533
A011249,C008957,Home,108 Andrew Stream,Gainesville,FL,31472
A011250,C008958,Home,0802 Jerry Village Suite 639,Fort Lauderdale,FL,58492
A011251,C008959,Home,88531 Wilson Landing Apt. 396,Orlando,FL,28567
A011252,C008960,Home,433 Wright Heights,Naples,FL,73558
A011253,C008961,Home,213 Steele Creek,Coral Springs,FL,01749
A011254,C008962,Home,582 Grant Mountain,Jacksonville,FL,42848
A011255,C008962,Mailing,190 Fleming Corners,Coral Springs,FL,63978
A011256,C008963,Home,376 Price Burg,Boca Raton,FL,72492
A011257,C008964,Home,63367 Murray River Apt. 323,Boca Raton,FL,82883
A011258,C008964,Mailing,05715 Villarreal Ferry,Fort Lauderdale,FL,20955
A011259,C008965,Home,9209 Melissa Squares,Orlando,FL,21235
A011260,C008966,Home,3449 Mcfarland Cape Suite 408,Davie,FL,69089
A011261,C008967,Home,0781 Baldwin Locks,Sarasota,FL,80921
A011262,C008968,Home,213 Landry Junctions Apt. 857,Fort Lauderdale,FL,03101
A011263,C008969,Home,135 Anthony Forges,Coral Springs,FL,06726
A011264,C008970,Home,57323 Stewart Creek Apt. 719,Sarasota,FL,95822
A011265,C008971,Home,859 Gonzales Crescent Apt. 692,Coral Springs,FL,01907
A011266,C008971,Mailing,303 Jones Fall Apt. 447,Coral Springs,FL,23889
A011267,C008972,Home,1779 Derek Walk Suite 942,Davie,FL,86593
A011268,C008973,Home,32101 David Islands,Davie,FL,39877
A011269,C008974,Home,56523 Garcia Estates Suite 262,Davie,FL,12932
A011270,C008975,Home,2987 Howell Islands Apt. 693,Miami,FL,72785
A011271,C008976,Home,6455 James Route,Jacksonville,FL,08449
A011272,C008977,Home,9978 Chavez Forks Suite 315,Boca Raton,FL,02784
A011273,C008978,Home,99355 Miller Haven,Gainesville,FL,60229
A011274,C008979,Home,804 Ariana Inlet,Sarasota,FL,44173
A011275,C008980,Home,441 Daniel Isle,Gainesville,FL,19003
A011276,C008981,Home,0292 Anne Island Suite 996,Orlando,FL,03284
A011277,C008981,Mailing,4195 Herman Turnpike Suite 015,Tallahassee,FL,52766
A011278,C008982,Home,2449 Duncan Divide Suite 439,Hollywood,FL,50434
A011279,C008983,Home,171 Zachary Camp,Orlando,FL,32476
A011280,C008984,Home,4138 Campbell Mission,Hollywood,FL,15422
A011281,C008984,Mailing,469 John Gateway,Miami,FL,76790
A011282,C008985,Home,6881 Smith Estate Suite 729,Davie,FL,03063
A011283,C008985,Mailing,5876 Williams Cliff Suite 493,Gainesville,FL,23422
A011284,C008986,Home,1398 Cervantes Valleys,Orlando,FL,37669
A011285,C008986,Mailing,584 Farley Rapid Apt. 729,Pembroke Pines,FL,82765
A011286,C008987,Home,9989 Daniel Flat,Coral Springs,FL,30009
A011287,C008988,Home,16154 Samantha Branch,Sarasota,FL,90502
A011288,C008989,Home,018 Caleb Brooks Suite 169,Naples,FL,18748
A011289,C008990,Home,5771 Nicholas Via,Boca Raton,FL,69742
A011290,C008990,Mailing,126 Sherman Stream Apt. 487,Coral Springs,FL,06960
A011291,C008991,Home,90819 Gabriela Square,Orlando,FL,25938
A011292,C008992,Home,1452 David Port,Naples,FL,35689
A011293,C008993,Home,610 Johnson Ways,Boca Raton,FL,06043
A011294,C008994,Home,95724 Reynolds Forks Apt. 566,Jacksonville,FL,21558
A011295,C008994,Mailing,67698 Evans Islands,Orlando,FL,90750
A011296,C008995,Home,94655 Leon Inlet Suite 947,Gainesville,FL,49288
A011297,C008995,Mailing,804 Bailey Harbors,Coral Springs,FL,68121
A011298,C008996,Home,033 Stewart Fords Apt. 240,Tallahassee,FL,30983
A011299,C008997,Home,839 Deborah Overpass Apt. 984,Fort Lauderdale,FL,97099
A011300,C008997,Mailing,08144 Monroe Unions Apt. 473,Tampa,FL,24440
A011301,C008998,Home,5520 Jessica Glen,Naples,FL,21026
A011302,C008999,Home,3757 Elizabeth Estate Suite 328,Miami,FL,11360
A011303,C009000,Home,81202 Brooks Court,Sarasota,FL,27796
A011304,C009001,Home,290 Cross Pines,Gainesville,FL,50719
A011305,C009002,Home,2050 Wright Mall Apt. 682,Naples,FL,92620
A011306,C009002,Mailing,8059 Davidson Harbors Suite 884,Coral Springs,FL,48831
A011307,C009003,Home,57072 Mann Groves,Boca Raton,FL,32495
A011308,C009004,Home,7393 Caleb Underpass Suite 661,Boca Raton,FL,68412
A011309,C009005,Home,133 Kenneth Burgs Suite 235,Naples,FL,99466
A011310,C009006,Home,196 Hill Parkway,Jacksonville,FL,09499
A011311,C009007,Home,023 Andre Mews Suite 628,Boca Raton,FL,56845
A011312,C009008,Home,00867 Tristan Plains Apt. 052,Hollywood,FL,95615
A011313,C009009,Home,558 Robert Route,Boca Raton,FL,74854
A011314,C009010,Home,7899 Harris Villages Apt. 419,Boca Raton,FL,08777
A011315,C009010,Mailing,4782 Shannon Ways,Boca Raton,FL,82548
A011316,C009011,Home,580 Keller Shores,Miami,FL,14232
A011317,C009012,Home,234 Tiffany Port Apt. 942,Jacksonville,FL,88247
A011318,C009013,Home,5371 Deanna Square Suite 147,Gainesville,FL,40345
A011319,C009013,Mailing,71428 Anthony Stravenue,West Palm Beach,FL,56393
A011320,C009014,Home,354 Barton Mission,Coral Springs,FL,86750
A011321,C009015,Home,94264 Horton Passage Apt. 185,Hollywood,FL,03435
A011322,C009016,Home,5695 Roman Throughway,Fort Lauderdale,FL,26868
A011323,C009016,Mailing,162 Kristi Rapid,Tampa,FL,91044
A011324,C009017,Home,5041 Waters Shore Apt. 793,Gainesville,FL,41234
A011325,C009017,Mailing,71937 Daniel Plains Suite 119,West Palm Beach,FL,99845
A011326,C009018,Home,95390 Walker Club,Hollywood,FL,15947
A011327,C009018,Mailing,3066 Mccoy Place Apt. 970,Davie,FL,78111
A011328,C009019,Home,966 Castro Turnpike,Davie,FL,51469
A011329,C009020,Home,8399 Victoria Ramp Apt. 501,West Palm Beach,FL,29953
A011330,C009021,Home,631 Mitchell Junctions,Boca Raton,FL,20343
A011331,C009022,Home,291 Lawrence Walk,Naples,FL,34370
A011332,C009023,Home,474 Ruiz Trafficway Suite 120,Coral Springs,FL,84894
A011333,C009024,Home,21256 Yvonne Terrace,Tampa,FL,55241
A011334,C009025,Home,5587 Anderson Fall Apt. 335,Tampa,FL,47128
A011335,C009025,Mailing,2608 Brooks Forest,Naples,FL,80686
A011336,C009026,Home,2818 Derek Islands,Tallahassee,FL,59582
A011337,C009027,Home,19324 Brown Shores,Sarasota,FL,95311
A011338,C009027,Mailing,987 Hardy Field Suite 785,Gainesville,FL,04374
A011339,C009028,Home,75658 Sharon Walk Suite 243,Tallahassee,FL,04503
A011340,C009029,Home,8061 Parker Crossroad,Hollywood,FL,94383
A011341,C009029,Mailing,8721 Fisher Port Suite 781,Hollywood,FL,95277
A011342,C009030,Home,83974 Connie Wall,Pembroke Pines,FL,79307
A011343,C009031,Home,405 Philip Forks Apt. 136,Orlando,FL,27062
A011344,C009031,Mailing,00986 Gillespie Center,Pembroke Pines,FL,72652
A011345,C009032,Home,0755 Reid Landing,Tallahassee,FL,17270
A011346,C009032,Mailing,5067 Bill Underpass Apt. 707,Sarasota,FL,20356
A011347,C009033,Home,73190 Eric Underpass,Tallahassee,FL,17518
A011348,C009034,Home,18479 Gregory Shore Suite 059,Pembroke Pines,FL,76169
A011349,C009035,Home,8269 Barry Trace Suite 896,Miami,FL,53714
A011350,C009036,Home,64463 Spencer Bypass,Coral Springs,FL,19882
A011351,C009037,Home,65776 Rebecca Shoals,Fort Lauderdale,FL,18985
A011352,C009038,Home,419 Woodward Canyon Suite 908,Gainesville,FL,04590
A011353,C009039,Home,589 Carter Camp,West Palm Beach,FL,63871
A011354,C009040,Home,16151 Scott Forge Suite 397,Miami,FL,39317
A011355,C009041,Home,17802 Jordan Loop,Tampa,FL,24637
A011356,C009042,Home,029 Eric Mill,Fort Lauderdale,FL,30378
A011357,C009043,Home,09182 Kimberly Lane Apt. 120,Gainesville,FL,45177
A011358,C009044,Home,483 Caroline Prairie,Gainesville,FL,21095
A011359,C009045,Home,48274 Joan Corners,Hollywood,FL,29364
A011360,C009046,Home,711 Stacy Alley,West Palm Beach,FL,10202
A011361,C009047,Home,761 Hawkins Ferry,Coral Springs,FL,35848
A011362,C009047,Mailing,25612 Martinez Walks,Pembroke Pines,FL,41628
A011363,C009048,Home,509 Sylvia Inlet,Boca Raton,FL,47769
A011364,C009048,Mailing,71157 Walton Spur,West Palm Beach,FL,54034
A011365,C009049,Home,434 Silva Road Suite 111,Fort Lauderdale,FL,65774
A011366,C009050,Home,215 Griffin Burg,Davie,FL,96989
A011367,C009051,Home,903 Suzanne Route Apt. 949,Jacksonville,FL,04784
A011368,C009052,Home,7185 Robinson Plaza Apt. 970,Fort Lauderdale,FL,51274
A011369,C009053,Home,572 Susan Park,Hollywood,FL,47356
A011370,C009054,Home,145 Middleton Harbors,Pembroke Pines,FL,22129
A011371,C009054,Mailing,69183 Alvarez Stream Apt. 761,Tampa,FL,79529
A011372,C009055,Home,77842 Alyssa Junction,West Palm Beach,FL,08803
A011373,C009056,Home,291 Davidson Parkways Suite 285,Sarasota,FL,47086
A011374,C009057,Home,68496 Kimberly Station,Naples,FL,58913
A011375,C009057,Mailing,1366 Sherman Mill,West Palm Beach,FL,19924
A011376,C009058,Home,98142 Rodriguez Shore Suite 065,Davie,FL,21155
A011377,C009059,Home,349 Hayes Square,Naples,FL,34708
A011378,C009060,Home,083 Leah Junctions,Davie,FL,71570
A011379,C009061,Home,1575 Luis Heights Suite 794,Coral Springs,FL,74432
A011380,C009062,Home,5521 Michael Radial,Tampa,FL,56281
A011381,C009063,Home,57670 Warren Bypass,Pembroke Pines,FL,98399
A011382,C009064,Home,559 Herrera Hills,Miami,FL,79517
A011383,C009065,Home,07774 Walker Drive Apt. 484,Orlando,FL,57035
A011384,C009066,Home,03383 Brittany Lake,Hollywood,FL,11642
A011385,C009067,Home,055 Mueller Isle,West Palm Beach,FL,74178
A011386,C009068,Home,4785 Gregory Spring Suite 535,Orlando,FL,50101
A011387,C009068,Mailing,3675 Dennis Locks,Hollywood,FL,62215
A011388,C009069,Home,085 Hill Harbors,Fort Lauderdale,FL,14533
A011389,C009070,Home,86645 Fernandez Roads,Coral Springs,FL,66075
A011390,C009071,Home,1784 Norman Bypass Apt. 172,Sarasota,FL,37028
A011391,C009072,Home,55647 Lyons Heights Suite 920,Fort Lauderdale,FL,14108
A011392,C009073,Home,22263 Robert Haven,Sarasota,FL,07460
A011393,C009074,Home,46238 David Trace Apt. 280,Naples,FL,37517
A011394,C009075,Home,264 Elizabeth Meadow,Pembroke Pines,FL,08584
A011395,C009076,Home,20316 Sydney Estate,Fort Lauderdale,FL,57584
A011396,C009077,Home,596 Campos Burgs,Boca Raton,FL,78253
A011397,C009078,Home,278 Robert Springs,Naples,FL,68700
A011398,C009079,Home,37026 Donald Falls Apt. 888,Orlando,FL,17323
A011399,C009080,Home,86121 Cook Manors Apt. 903,Boca Raton,FL,41618
A011400,C009081,Home,1186 Wilson Hill,Miami,FL,96772
A011401,C009082,Home,5303 Stephen River,Naples,FL,68179
A011402,C009082,Mailing,3684 Smith Court Apt. 488,Pembroke Pines,FL,74635
A011403,C009083,Home,3129 Christina Forest,Boca Raton,FL,96711
A011404,C009084,Home,152 Ian Locks Apt. 911,Coral Springs,FL,63586
A011405,C009085,Home,074 Marcus Ways,Fort Lauderdale,FL,11101
A011406,C009086,Home,63174 Owen Hills,Pembroke Pines,FL,02777
A011407,C009087,Home,6942 Jones Ranch,West Palm Beach,FL,49214
A011408,C009088,Home,942 Mary Burgs Suite 281,Fort Lauderdale,FL,63096
A011409,C009088,Mailing,7426 Mark Curve Apt. 580,Tallahassee,FL,22702
A011410,C009089,Home,66943 Jessica Island,Tallahassee,FL,58349
A011411,C009090,Home,167 Summer Knolls,Boca Raton,FL,05919
A011412,C009090,Mailing,040 Sarah Lock Apt. 524,Naples,FL,96886
A011413,C009091,Home,257 Jason Canyon Suite 008,Pembroke Pines,FL,60889
A011414,C009092,Home,791 White Throughway Suite 386,Coral Springs,FL,91949
A011415,C009092,Mailing,474 Ashley Ferry,Fort Lauderdale,FL,94773
A011416,C009093,Home,14144 Hinton Lock,Miami,FL,13127
A011417,C009094,Home,08693 Austin Ville,Coral Springs,FL,15396
A011418,C009094,Mailing,56314 Billy Plaza,Gainesville,FL,75886
A011419,C009095,Home,3258 Michael Curve,Tampa,FL,67747
A011420,C009095,Mailing,99240 Kelley Fort Apt. 001,Tallahassee,FL,84419
A011421,C009096,Home,536 Tammy Union Apt. 140,Orlando,FL,40729
A011422,C009097,Home,4047 Andrea Port,West Palm Beach,FL,43050
A011423,C009097,Mailing,6151 Poole Curve Suite 370,Fort Lauderdale,FL,27747
A011424,C009098,Home,780 Tammy Corners Suite 612,Fort Lauderdale,FL,88184
A011425,C009099,Home,8298 Jones Pine,Naples,FL,82801
A011426,C009099,Mailing,726 Zuniga Park,Tallahassee,FL,98675
A011427,C009100,Home,633 Dorsey Ports Apt. 685,Pembroke Pines,FL,44633
A011428,C009100,Mailing,9931 Hill Field,Jacksonville,FL,13624
A011429,C009101,Home,742 Kelly Rue Apt. 102,Miami,FL,75443
A011430,C009102,Home,8402 Deanna Village,Fort Lauderdale,FL,45789
A011431,C009103,Home,5365 Flores Well Apt. 685,Miami,FL,20631
A011432,C009103,Mailing,0426 Adkins Knoll Suite 504,Orlando,FL,47775
A011433,C009104,Home,8320 Dennis Mountains Apt. 283,Sarasota,FL,00620
A011434,C009105,Home,6663 Natasha Glen Suite 933,Pembroke Pines,FL,85096
A011435,C009106,Home,619 Patel Cliffs Apt. 337,Fort Lauderdale,FL,09456
A011436,C009107,Home,19097 Harrison Island,West Palm Beach,FL,98029
A011437,C009107,Mailing,65299 Chapman Crescent,Tampa,FL,40865
A011438,C009108,Home,63804 Heather Radial,Gainesville,FL,78402
A011439,C009109,Home,5961 Robert Mills Apt. 863,Gainesville,FL,15456
A011440,C009110,Home,22245 Camacho Knolls,Davie,FL,25444
A011441,C009111,Home,28350 Charles Forest,Coral Springs,FL,73705
A011442,C009112,Home,8505 Margaret Mill Apt. 515,Tampa,FL,12382
A011443,C009113,Home,6177 Jessica Fall,West Palm Beach,FL,36879
A011444,C009113,Mailing,01242 Smith Neck Suite 547,Coral Springs,FL,85631
A011445,C009114,Home,29019 Robert Place Suite 936,Miami,FL,74468
A011446,C009115,Home,202 Willis Lakes,Tampa,FL,24639
A011447,C009116,Home,3239 Shawn Spurs Apt. 720,Coral Springs,FL,57719
A011448,C009116,Mailing,299 Mary Point,Coral Springs,FL,59367
A011449,C009117,Home,581 Cheryl View Apt. 911,Davie,FL,78237
A011450,C009118,Home,869 Griffin Viaduct,Pembroke Pines,FL,64027
A011451,C009118,Mailing,5661 Lopez Pass Suite 603,Tallahassee,FL,99727
A011452,C009119,Home,1178 Steven Trail Apt. 106,Hollywood,FL,62288
A011453,C009120,Home,4484 Davis Drives,Coral Springs,FL,47253
A011454,C009121,Home,02429 Leonard Common,Pembroke Pines,FL,68205
A011455,C009122,Home,49981 Fox Rapid Suite 469,Coral Springs,FL,60016
A011456,C009122,Mailing,1806 Elizabeth Wall Apt. 144,Orlando,FL,81161
A011457,C009123,Home,563 Dustin Island,Pembroke Pines,FL,10853
A011458,C009123,Mailing,391 Garcia Brooks,Tallahassee,FL,13413
A011459,C009124,Home,45869 Ramirez Estate,West Palm Beach,FL,64548
A011460,C009125,Home,40506 Michaela Row,Boca Raton,FL,32557
A011461,C009126,Home,032 Priscilla Shoal Apt. 736,Pembroke Pines,FL,59798
A011462,C009127,Home,53860 Brown Underpass,Pembroke Pines,FL,43137
A011463,C009128,Home,996 Victor Stravenue,Jacksonville,FL,35030
A011464,C009128,Mailing,669 Reyes Wall Apt. 347,Miami,FL,82789
A011465,C009129,Home,088 Robinson Keys,Jacksonville,FL,14602
A011466,C009130,Home,87874 Callahan Pines,Coral Springs,FL,70840
A011467,C009131,Home,00347 Brown Isle,Tampa,FL,12936
A011468,C009131,Mailing,73986 Bryant Cape Apt. 023,Coral Springs,FL,32167
A011469,C009132,Home,56333 Livingston Crossroad,Davie,FL,51432
A011470,C009133,Home,7138 Montgomery Ville,Gainesville,FL,08595
A011471,C009133,Mailing,5869 Caleb Centers Suite 793,Tampa,FL,96565
A011472,C009134,Home,11699 Robert Pike,Coral Springs,FL,18419
A011473,C009134,Mailing,1017 Jason Village Suite 957,Fort Lauderdale,FL,93630
A011474,C009135,Home,29324 Martin Road Suite 872,Naples,FL,89421
A011475,C009135,Mailing,79001 Adam Mall,Tallahassee,FL,57914
A011476,C009136,Home,329 Glover Squares Apt. 439,Naples,FL,92251
A011477,C009137,Home,3807 Alexander Course Suite 024,Boca Raton,FL,64287
A011478,C009137,Mailing,8881 Joyce Vista Apt. 626,Davie,FL,71908
A011479,C009138,Home,258 Susan Lake Suite 038,West Palm Beach,FL,29677
A011480,C009139,Home,32785 Shelton Springs,Fort Lauderdale,FL,77775
A011481,C009140,Home,43695 Hannah Ports Apt. 378,Fort Lauderdale,FL,74330
A011482,C009141,Home,584 Boone Station,Boca Raton,FL,62010
A011483,C009141,Mailing,38273 Sharon Orchard Apt. 834,Naples,FL,86217
A011484,C009142,Home,0146 Warren Forks Suite 737,Pembroke Pines,FL,16300
A011485,C009142,Mailing,0613 Paula Haven,Gainesville,FL,98431
A011486,C009143,Home,99011 Martinez Wells Suite 221,Boca Raton,FL,42212
A011487,C009143,Mailing,5433 Scott Rue,Gainesville,FL,79160
A011488,C009144,Home,9510 Woods Trace Apt. 711,Jacksonville,FL,19114
A011489,C009145,Home,6062 Alicia Stream Suite 003,Gainesville,FL,43904
A011490,C009146,Home,363 Mills Plaza Suite 724,Tampa,FL,69740
A011491,C009147,Home,582 Carter Turnpike Suite 313,Boca Raton,FL,92572
A011492,C009148,Home,04857 Tiffany Roads,Tallahassee,FL,23341
A011493,C009148,Mailing,163 Horton Inlet Apt. 492,Naples,FL,79944
A011494,C009149,Home,36780 Dean Villages Suite 282,Tallahassee,FL,44647
A011495,C009150,Home,724 Thomas Plains,Boca Raton,FL,67391
A011496,C009150,Mailing,9257 James Common,Coral Springs,FL,90014
A011497,C009151,Home,0080 Shelby Ridge Suite 027,Naples,FL,62070
A011498,C009151,Mailing,864 Avery Plaza Apt. 766,Naples,FL,02438
A011499,C009152,Home,450 Russell Circles Apt. 107,Jacksonville,FL,89951
A011500,C009152,Mailing,613 Owen Point Suite 796,Gainesville,FL,14586
A011501,C009153,Home,0849 Donald Heights,Tallahassee,FL,26144
A011502,C009153,Mailing,64095 Jacob Pike Apt. 763,Naples,FL,67026
A011503,C009154,Home,83254 Robert Path Apt. 036,Jacksonville,FL,61609
A011504,C009155,Home,805 Morris Spur,Davie,FL,79073
A011505,C009156,Home,787 Katie Forges,Naples,FL,83375
A011506,C009156,Mailing,185 Leonard Station,Naples,FL,60903
A011507,C009157,Home,62020 Juan Avenue Apt. 420,Tampa,FL,40286
A011508,C009158,Home,428 Holly Well,Boca Raton,FL,79750
A011509,C009159,Home,5966 Joshua Flat,Pembroke Pines,FL,13699
A011510,C009160,Home,307 Michele Forest Suite 961,Tallahassee,FL,15933
A011511,C009160,Mailing,993 Anderson Port,Gainesville,FL,76766
A011512,C009161,Home,806 Nathaniel Points Apt. 001,Hollywood,FL,16476
A011513,C009162,Home,92157 Laura Road,Boca Raton,FL,21289
A011514,C009162,Mailing,36540 Alyssa Island Suite 504,Fort Lauderdale,FL,51563
A011515,C009163,Home,852 David Plaza,Fort Lauderdale,FL,25151
A011516,C009164,Home,72560 Vega Hill,Hollywood,FL,78584
A011517,C009165,Home,120 Peter Loaf Suite 981,Davie,FL,47436
A011518,C009166,Home,648 Davis Cape,Jacksonville,FL,89699
A011519,C009167,Home,4801 Pearson Via,Tampa,FL,54690
A011520,C009167,Mailing,29068 Daniel Street Apt. 058,Coral Springs,FL,64823
A011521,C009168,Home,548 Watson Gardens Apt. 453,Davie,FL,88911
A011522,C009169,Home,183 Alec Court Suite 664,West Palm Beach,FL,60985
A011523,C009170,Home,9687 Graham Shore,Boca Raton,FL,55317
A011524,C009171,Home,888 Anna Roads Suite 939,Tampa,FL,80221
A011525,C009172,Home,965 Michael Ferry Suite 176,Coral Springs,FL,86702
A011526,C009173,Home,42915 Kelly Locks,Miami,FL,92912
A011527,C009174,Home,861 Gilmore Mountains Suite 992,Hollywood,FL,65522
A011528,C009175,Home,2582 Eric Skyway,Fort Lauderdale,FL,81910
A011529,C009176,Home,370 Gregory Divide Suite 270,Tallahassee,FL,01455
A011530,C009177,Home,086 Elizabeth Burg,Gainesville,FL,30254
A011531,C009178,Home,961 Misty Knoll,Jacksonville,FL,39177
A011532,C009179,Home,70662 Dillon Mills Apt. 797,Hollywood,FL,45911
A011533,C009180,Home,5989 Jones Rapid Apt. 890,Miami,FL,35164
A011534,C009180,Mailing,73281 Christopher Spurs Suite 157,Tampa,FL,10551
A011535,C009181,Home,407 Santos Walks Apt. 886,Hollywood,FL,21300
A011536,C009182,Home,456 Sara Manor Suite 835,Naples,FL,60027
A011537,C009183,Home,0280 Jackson Knolls,Tampa,FL,97927
A011538,C009184,Home,00095 Sharon Fords,Sarasota,FL,81008
A011539,C009185,Home,669 Collier Shoals,West Palm Beach,FL,50598
A011540,C009186,Home,94853 Wright Locks Apt. 563,Tampa,FL,91385
A011541,C009187,Home,7300 Mary Forest,Orlando,FL,45839
A011542,C009188,Home,26778 Bradford Road Apt. 916,Orlando,FL,27338
A011543,C009189,Home,43696 Jeremy Loaf Apt. 335,Tampa,FL,11946
A011544,C009189,Mailing,6228 Allen Corners,Davie,FL,59877
A011545,C009190,Home,528 Riley Mountain,Jacksonville,FL,48699
A011546,C009191,Home,351 Lewis Turnpike,Davie,FL,80804
A011547,C009192,Home,976 Ana Locks Suite 351,Hollywood,FL,14808
A011548,C009193,Home,132 Harris Pass,Pembroke Pines,FL,74289
A011549,C009194,Home,785 Andrew Creek Apt. 591,Sarasota,FL,85380
A011550,C009195,Home,96703 Hudson River Suite 344,Hollywood,FL,85195
A011551,C009196,Home,7192 Lewis Rue,Orlando,FL,16087
A011552,C009197,Home,367 Maria Club,Boca Raton,FL,65646
A011553,C009198,Home,70953 Nicholas Branch,Pembroke Pines,FL,08404
A011554,C009199,Home,6163 Paul Branch,West Palm Beach,FL,66433
A011555,C009199,Mailing,621 Kathryn Stravenue,West Palm Beach,FL,16984
A011556,C009200,Home,771 Gordon Row Suite 989,Miami,FL,45418
A011557,C009201,Home,03210 Fowler Dam Apt. 073,Hollywood,FL,26556
A011558,C009202,Home,56256 Murray Trafficway,Fort Lauderdale,FL,58523
A011559,C009203,Home,498 Karen River Suite 090,Tampa,FL,90269
A011560,C009203,Mailing,370 Robinson Parkway Apt. 567,Davie,FL,62067
A011561,C009204,Home,4302 Moreno Heights,Coral Springs,FL,70481
A011562,C009204,Mailing,7746 Harvey Orchard,West Palm Beach,FL,62406
A011563,C009205,Home,16155 Kevin Wells Apt. 530,Naples,FL,27422
A011564,C009206,Home,691 Donna Centers Suite 095,Pembroke Pines,FL,77741
A011565,C009207,Home,0276 Benjamin Dam,Gainesville,FL,69624
A011566,C009208,Home,689 Carol Village Apt. 779,Naples,FL,25200
A011567,C009209,Home,2447 Day River,Tampa,FL,92813
A011568,C009210,Home,03650 Anthony Brooks Suite 764,Sarasota,FL,35446
A011569,C009211,Home,28749 Williams Rapids,Boca Raton,FL,62870
A011570,C009212,Home,940 Susan Garden,Tallahassee,FL,64372
A011571,C009213,Home,7933 Don Lane,Boca Raton,FL,18225
A011572,C009213,Mailing,1740 Buckley Prairie Suite 465,Tampa,FL,28718
A011573,C009214,Home,4076 Lauren Brook Suite 733,Tampa,FL,95028
A011574,C009215,Home,53499 Beard Port Apt. 207,Davie,FL,93051
A011575,C009216,Home,0677 James Coves,Boca Raton,FL,94055
A011576,C009216,Mailing,87669 Jones Summit,Pembroke Pines,FL,28223
A011577,C009217,Home,05528 Erickson Road Apt. 851,Pembroke Pines,FL,37193
A011578,C009217,Mailing,4893 Michele Station Apt. 370,Naples,FL,66107
A011579,C009218,Home,489 Kelly Wall,Tampa,FL,53220
A011580,C009219,Home,324 Mary Views,Naples,FL,28199
A011581,C009219,Mailing,663 Corey Stravenue Apt. 729,Pembroke Pines,FL,10177
A011582,C009220,Home,8001 Rollins Ports Suite 420,Hollywood,FL,86352
A011583,C009221,Home,64544 John Ranch Apt. 946,Coral Springs,FL,82633
A011584,C009222,Home,053 Butler Pine,Boca Raton,FL,48795
A011585,C009223,Home,527 Scott Light,Orlando,FL,54223
A011586,C009224,Home,760 Cook Harbors Suite 445,Gainesville,FL,89035
A011587,C009225,Home,6397 Madison Unions Suite 957,Coral Springs,FL,47007
A011588,C009226,Home,242 Adam Shoals Suite 187,Miami,FL,55729
A011589,C009227,Home,25762 William Roads Suite 206,Pembroke Pines,FL,03424
A011590,C009228,Home,45328 Caroline Stravenue,Hollywood,FL,47891
A011591,C009229,Home,2560 Annette Pass,West Palm Beach,FL,18349
A011592,C009229,Mailing,21898 George Pike Apt. 758,Davie,FL,47920
A011593,C009230,Home,233 Mark Mews,Tallahassee,FL,66984
A011594,C009231,Home,67838 Joseph Pike Suite 450,Pembroke Pines,FL,46660
A011595,C009231,Mailing,76667 Finley Village Suite 157,Jacksonville,FL,85241
A011596,C009232,Home,31883 Jennifer Overpass Suite 585,Boca Raton,FL,36716
A011597,C009233,Home,8153 Amy Prairie Apt. 917,Naples,FL,46751
A011598,C009234,Home,75006 Brittany Isle,Hollywood,FL,83913
A011599,C009235,Home,2546 Gomez Run Suite 048,Sarasota,FL,42851
A011600,C009235,Mailing,5888 Sheila Station Suite 603,Sarasota,FL,96278
A011601,C009236,Home,6592 Jason Valleys,Orlando,FL,66175
A011602,C009237,Home,035 Brianna Radial Apt. 942,Gainesville,FL,06783
A011603,C009238,Home,49238 Mary Alley Suite 767,Boca Raton,FL,14355
A011604,C009239,Home,16813 Katie Row,Orlando,FL,69294
A011605,C009240,Home,6958 Hughes Corners Apt. 839,Coral Springs,FL,06898
A011606,C009241,Home,02328 Baker Neck,Jacksonville,FL,86369
A011607,C009242,Home,029 Wong Rapid,Davie,FL,12769
A011608,C009243,Home,288 Karen Wells Suite 576,Boca Raton,FL,97040
A011609,C009244,Home,65909 Garrett Points,Orlando,FL,91943
A011610,C009245,Home,8275 Linda Vista,Coral Springs,FL,97217
A011611,C009246,Home,691 Mcdaniel Ridges Suite 165,Naples,FL,05336
A011612,C009247,Home,4743 Sarah Unions Suite 255,Naples,FL,93029
A011613,C009248,Home,91525 Williams Island Apt. 515,Coral Springs,FL,13457
A011614,C009249,Home,20259 Jennifer Ways Apt. 844,Coral Springs,FL,61602
A011615,C009250,Home,6301 Michael Place,Pembroke Pines,FL,77333
A011616,C009250,Mailing,56952 Christopher Prairie,Hollywood,FL,45306
A011617,C009251,Home,95917 Lisa Groves,Boca Raton,FL,21334
A011618,C009252,Home,4289 Oconnell Mills,Fort Lauderdale,FL,90758
A011619,C009253,Home,4815 Lee Glen Suite 850,Fort Lauderdale,FL,09943
A011620,C009254,Home,3013 Edwards Land Apt. 513,Fort Lauderdale,FL,28010
A011621,C009254,Mailing,46995 Victoria Road Apt. 199,Miami,FL,82193
A011622,C009255,Home,898 Wright Ports Apt. 472,Miami,FL,94027
A011623,C009256,Home,44544 Farmer Garden,Hollywood,FL,86309
A011624,C009257,Home,9139 Sanchez Expressway,West Palm Beach,FL,35606
A011625,C009257,Mailing,5198 David Divide,Gainesville,FL,60519
A011626,C009258,Home,105 Sarah Lakes Apt. 666,Boca Raton,FL,03369
A011627,C009258,Mailing,611 Juarez Shoal,Jacksonville,FL,28612
A011628,C009259,Home,840 Lynn Bridge Apt. 489,Tallahassee,FL,18034
A011629,C009259,Mailing,255 Leslie Spurs Suite 857,Naples,FL,34627
A011630,C009260,Home,53344 Allen Manor,Orlando,FL,91177
A011631,C009261,Home,4193 Proctor Branch,Naples,FL,58057
A011632,C009262,Home,73925 Scott Glen Suite 646,Hollywood,FL,99842
A011633,C009263,Home,3907 Stephanie Lake,Coral Springs,FL,26219
A011634,C009263,Mailing,419 Jennifer Mills,Sarasota,FL,21250
A011635,C009264,Home,959 Ryan Shores Apt. 156,Hollywood,FL,56469
A011636,C009265,Home,7724 Tyrone Shores Suite 977,Boca Raton,FL,23217
A011637,C009266,Home,05322 Marshall Villages,Hollywood,FL,49328
A011638,C009267,Home,18801 Randall Skyway,West Palm Beach,FL,10811
A011639,C009268,Home,6828 Benjamin Club Apt. 734,Gainesville,FL,52700
A011640,C009269,Home,6492 Heather Inlet Suite 390,Davie,FL,85679
A011641,C009269,Mailing,526 Brooke Ways Apt. 064,West Palm Beach,FL,85516
A011642,C009270,Home,1875 Robert Orchard Suite 051,Boca Raton,FL,37769
A011643,C009270,Mailing,554 Joseph Course Apt. 275,West Palm Beach,FL,30183
A011644,C009271,Home,408 Ian Hill,Pembroke Pines,FL,94456
A011645,C009272,Home,247 Madison Brook,Boca Raton,FL,34269
A011646,C009273,Home,49261 Hunter Green Suite 712,Davie,FL,94009
A011647,C009274,Home,876 Jonathon Key,Coral Springs,FL,32592
A011648,C009275,Home,560 Russell Lakes Apt. 029,Coral Springs,FL,14986
A011649,C009276,Home,337 Martinez Flats,Boca Raton,FL,72536
A011650,C009277,Home,055 Strickland Springs,Davie,FL,37271
A011651,C009278,Home,11217 Lawrence Plaza,West Palm Beach,FL,89970
A011652,C009279,Home,689 Gonzales Plain Suite 278,Miami,FL,40685
A011653,C009280,Home,66689 Stephanie Ferry Apt. 458,Naples,FL,40529
A011654,C009280,Mailing,61317 Russell Mills Suite 218,Naples,FL,03118
A011655,C009281,Home,256 Philip Union Suite 658,Davie,FL,08284
A011656,C009282,Home,7582 Jamie Circle,Hollywood,FL,77144
A011657,C009282,Mailing,0835 Bailey Skyway,Davie,FL,08662
A011658,C009283,Home,160 Dunn Drive,Tampa,FL,97008
A011659,C009283,Mailing,86598 Mary Courts,Davie,FL,89208
A011660,C009284,Home,277 Victoria Greens,Boca Raton,FL,44742
A011661,C009285,Home,11265 Green Oval,Jacksonville,FL,13296
A011662,C009286,Home,2857 Scott Mission,Boca Raton,FL,80000
A011663,C009286,Mailing,1196 Carlson Brooks Suite 824,Tallahassee,FL,14549
A011664,C009287,Home,2246 Vanessa Plaza Apt. 743,Gainesville,FL,64144
A011665,C009288,Home,871 Jimenez Circles,Naples,FL,81356
A011666,C009289,Home,189 Renee Dam,West Palm Beach,FL,51726
A011667,C009290,Home,2303 Zimmerman Stream,Tampa,FL,07609
A011668,C009290,Mailing,981 Shannon Pines,Coral Springs,FL,12755
A011669,C009291,Home,499 Wood Common,Tampa,FL,10684
A011670,C009292,Home,683 Hansen Branch,Tampa,FL,82962
A011671,C009293,Home,1051 Rogers Walk Suite 129,Pembroke Pines,FL,19986
A011672,C009294,Home,14280 Haley Courts,Boca Raton,FL,13817
A011673,C009295,Home,6878 Lee Drive,Orlando,FL,76322
A011674,C009296,Home,4629 Li Parkways Apt. 236,Davie,FL,35639
A011675,C009296,Mailing,381 Grace Trafficway,Coral Springs,FL,36068
A011676,C009297,Home,587 Heather Vista,Orlando,FL,92424
A011677,C009298,Home,58297 Tina Curve Apt. 853,Boca Raton,FL,90559
A011678,C009299,Home,9589 Henderson Mount,Boca Raton,FL,94209
A011679,C009300,Home,73243 Jennifer Lock Apt. 990,Naples,FL,77463
A011680,C009301,Home,04906 William Well,Tampa,FL,71977
A011681,C009302,Home,60935 Sean Mountains,Davie,FL,93687
A011682,C009303,Home,683 Rangel Mills Suite 490,Miami,FL,88836
A011683,C009304,Home,488 Sharon Forges Suite 704,Fort Lauderdale,FL,11062
A011684,C009305,Home,828 Hall Trail,Tampa,FL,90027
A011685,C009306,Home,875 Marks Extension Suite 233,Boca Raton,FL,13950
A011686,C009307,Home,275 Hunt Court,Orlando,FL,52750
A011687,C009307,Mailing,53255 Donna Hollow Apt. 455,Naples,FL,05547
A011688,C009308,Home,7171 Sandra Street,Tampa,FL,12417
A011689,C009309,Home,015 Nicholson Overpass,Jacksonville,FL,92411
A011690,C009309,Mailing,464 Elizabeth Forest Suite 034,Orlando,FL,10140
A011691,C009310,Home,01930 Roberta Course Suite 850,Davie,FL,19842
A011692,C009311,Home,7524 Campbell Plaza,Coral Springs,FL,69502
A011693,C009312,Home,6635 Jones Garden Suite 816,Fort Lauderdale,FL,34830
A011694,C009312,Mailing,8315 Casey Centers Suite 384,West Palm Beach,FL,89675
A011695,C009313,Home,26191 Bond Courts Suite 860,Coral Springs,FL,63200
A011696,C009314,Home,6984 Michael Shore Suite 615,Boca Raton,FL,37108
A011697,C009315,Home,335 Myers Crossroad Suite 507,Boca Raton,FL,78069
A011698,C009316,Home,2484 Page Dam Suite 836,Boca Raton,FL,10728
A011699,C009317,Home,432 Michael Streets Suite 458,Jacksonville,FL,51038
A011700,C009318,Home,8851 Casey Tunnel Apt. 809,Naples,FL,06861
A011701,C009319,Home,8800 Bryant Pike,Tallahassee,FL,36760
A011702,C009320,Home,3099 Megan Tunnel Apt. 335,Fort Lauderdale,FL,41595
A011703,C009320,Mailing,50766 Martin Harbor,Sarasota,FL,30891
A011704,C009321,Home,8645 Bryant Flats,Orlando,FL,15740
A011705,C009322,Home,930 John Rapids,Tallahassee,FL,56062
A011706,C009323,Home,62431 Lewis Estate,Fort Lauderdale,FL,75938
A011707,C009324,Home,9303 Laura Trace,Davie,FL,82105
A011708,C009325,Home,24155 Harrison Track Apt. 376,Miami,FL,90223
A011709,C009326,Home,8656 Alison Valleys Suite 301,Jacksonville,FL,31096
A011710,C009327,Home,0328 Paul Branch Suite 559,Orlando,FL,69629
A011711,C009328,Home,981 Reyes Spurs Apt. 217,Naples,FL,64357
A011712,C009329,Home,0287 Joshua Plains,Tampa,FL,30587
A011713,C009330,Home,7191 Heather Summit Apt. 689,Coral Springs,FL,47546
A011714,C009331,Home,8223 David Cliff,Tallahassee,FL,35711
A011715,C009332,Home,4834 Jennifer Forest,Pembroke Pines,FL,58524
A011716,C009332,Mailing,72178 Thompson Stravenue,Miami,FL,09870
A011717,C009333,Home,0352 Garrett Garden Apt. 836,Coral Springs,FL,41207
A011718,C009334,Home,09919 Hughes Estate Apt. 206,Coral Springs,FL,03526
A011719,C009335,Home,71579 Mendez Locks,Jacksonville,FL,61805
A011720,C009336,Home,80540 Reed Streets,Naples,FL,69171
A011721,C009337,Home,0635 Stephanie Crescent,West Palm Beach,FL,11412
A011722,C009338,Home,888 Justin Points Suite 904,Orlando,FL,52870
A011723,C009339,Home,389 Lucas Shore Suite 497,Fort Lauderdale,FL,42566
A011724,C009340,Home,15457 Ruiz Camp,West Palm Beach,FL,45505
A011725,C009341,Home,831 Brown Ports,Fort Lauderdale,FL,94094
A011726,C009341,Mailing,6435 Steven Cove,Orlando,FL,76235
A011727,C009342,Home,1493 Graham Overpass Apt. 405,Orlando,FL,07124
A011728,C009342,Mailing,7130 Chambers Curve,Orlando,FL,14174
A011729,C009343,Home,196 Nicholas Inlet,Naples,FL,07561
A011730,C009343,Mailing,97175 Garza Springs,Jacksonville,FL,69231
A011731,C009344,Home,8454 Costa Radial,Hollywood,FL,65718
A011732,C009345,Home,66425 Robert Dam Apt. 912,Boca Raton,FL,17313
A011733,C009346,Home,8682 Ford Lake Apt. 676,Coral Springs,FL,66411
A011734,C009347,Home,3705 Oconnell Mill,Coral Springs,FL,87965
A011735,C009348,Home,97396 Reid Ranch Apt. 256,Pembroke Pines,FL,67015
A011736,C009349,Home,8787 Singleton Isle Suite 571,Davie,FL,66866
A011737,C009349,Mailing,76429 Shawn Valleys Apt. 897,Sarasota,FL,90772
A011738,C009350,Home,3732 Anna Valleys Suite 386,Miami,FL,52179
A011739,C009351,Home,118 David Lane Suite 557,Coral Springs,FL,25279
A011740,C009352,Home,36479 Diane Lights Suite 052,Orlando,FL,17764
A011741,C009352,Mailing,8146 Kyle Plaza,Tampa,FL,27978
A011742,C009353,Home,504 Amanda Hollow Suite 985,Hollywood,FL,59746
A011743,C009354,Home,269 Brown Ville,Gainesville,FL,90680
A011744,C009355,Home,7313 Palmer Ville Apt. 236,Sarasota,FL,90994
A011745,C009356,Home,5812 John Fords,Naples,FL,60949
A011746,C009357,Home,4823 Kelly Mews,Jacksonville,FL,87901
A011747,C009357,Mailing,5516 Ryan Green,Davie,FL,95573
A011748,C009358,Home,889 Diaz Drive,Tallahassee,FL,11564
A011749,C009359,Home,388 Hurley Trail,Davie,FL,82625
A011750,C009360,Home,6305 Robert Dale Apt. 534,Naples,FL,17218
A011751,C009361,Home,71003 Morse Wells,Coral Springs,FL,74413
A011752,C009362,Home,5686 Martinez Landing,Sarasota,FL,91958
A011753,C009363,Home,195 Jones Isle,Jacksonville,FL,34160
A011754,C009364,Home,848 Brian Glens Suite 570,Hollywood,FL,29039
A011755,C009364,Mailing,7217 Smith Turnpike,Fort Lauderdale,FL,06717
A011756,C009365,Home,152 Russell Way,Tallahassee,FL,60787
A011757,C009366,Home,97423 Fry Fall Suite 366,Gainesville,FL,18574
A011758,C009366,Mailing,82152 Hurst Crescent,Naples,FL,82609
A011759,C009367,Home,44647 Smith Junction Suite 298,Naples,FL,07142
A011760,C009368,Home,68627 Mark Freeway Apt. 804,Gainesville,FL,76961
A011761,C009368,Mailing,61095 Lucero Loaf Apt. 654,Miami,FL,84853
A011762,C009369,Home,3341 Valdez Trafficway Apt. 617,Hollywood,FL,15594
A011763,C009370,Home,564 Robin Estate Apt. 988,Fort Lauderdale,FL,04266
A011764,C009371,Home,9356 Edwards Shoals,Fort Lauderdale,FL,67643
A011765,C009372,Home,76456 Chelsea Overpass,Orlando,FL,20559
A011766,C009373,Home,710 Ramos Roads Apt. 535,Miami,FL,42664
A011767,C009374,Home,200 Warren Port Suite 245,Orlando,FL,61095
A011768,C009375,Home,4042 Long Lights Apt. 309,Naples,FL,70008
A011769,C009376,Home,781 Bailey Manors Suite 291,Miami,FL,90200
A011770,C009376,Mailing,6544 Tom Mills,Jacksonville,FL,44779
A011771,C009377,Home,598 Brown Green Apt. 417,Coral Springs,FL,44297
A011772,C009378,Home,1662 Johnny Ford,Boca Raton,FL,59023
A011773,C009379,Home,4885 Frost Path,Hollywood,FL,23746
A011774,C009380,Home,1245 Patterson Ridges,Coral Springs,FL,05532
A011775,C009381,Home,9893 Jessica Forks Suite 341,Hollywood,FL,55207
A011776,C009382,Home,67177 Robert Haven,Sarasota,FL,43877
A011777,C009383,Home,26899 Kari Village Apt. 589,Tallahassee,FL,86300
A011778,C009384,Home,918 Higgins River,Gainesville,FL,78095
A011779,C009385,Home,709 Julian View Suite 072,Jacksonville,FL,96856
A011780,C009386,Home,6043 Kelly Fort Suite 227,Orlando,FL,82791
A011781,C009387,Home,02903 Hall Row,Orlando,FL,55895
A011782,C009388,Home,417 Carol Plaza Suite 593,Hollywood,FL,28826
A011783,C009389,Home,38394 Wade Isle Suite 144,Davie,FL,58405
A011784,C009389,Mailing,249 Holder Junctions Suite 450,Davie,FL,39062
A011785,C009390,Home,7851 Salinas Trail Apt. 672,Miami,FL,13831
A011786,C009391,Home,955 Odonnell Shoal,Hollywood,FL,21004
A011787,C009392,Home,87047 Newman Crossing,Gainesville,FL,91567
A011788,C009393,Home,388 Frank Mountains,Miami,FL,29607
A011789,C009394,Home,714 David Forge,Jacksonville,FL,68113
A011790,C009395,Home,573 Christine Isle Suite 626,Davie,FL,05597
A011791,C009396,Home,24472 Fuller Port Suite 572,Sarasota,FL,38941
A011792,C009397,Home,393 Nancy Crest,Miami,FL,70369
A011793,C009398,Home,992 Jennifer Crest Apt. 072,Orlando,FL,37875
A011794,C009398,Mailing,1872 Hogan Lights Suite 720,Sarasota,FL,68504
A011795,C009399,Home,89643 Carter Shore,Boca Raton,FL,35555
A011796,C009400,Home,977 David Circle,Davie,FL,94246
A011797,C009401,Home,371 Nicole Radial Apt. 572,Gainesville,FL,80634
A011798,C009402,Home,677 Ramirez Course Suite 457,West Palm Beach,FL,56009
A011799,C009402,Mailing,411 Troy Hill,Boca Raton,FL,85302
A011800,C009403,Home,93103 Wilson Mills,Tallahassee,FL,39899
A011801,C009404,Home,8835 Andrea Forks Apt. 998,Jacksonville,FL,63778
A011802,C009405,Home,2575 Taylor Pine Suite 374,Coral Springs,FL,02164
A011803,C009405,Mailing,10136 Donald Streets,Boca Raton,FL,94795
A011804,C009406,Home,956 Robinson Knolls,Hollywood,FL,91983
A011805,C009407,Home,379 Benson Passage Suite 496,Davie,FL,56756
A011806,C009407,Mailing,94019 Jacqueline Trace Apt. 577,Gainesville,FL,46349
A011807,C009408,Home,37037 Farrell Greens Suite 751,Davie,FL,24587
A011808,C009409,Home,423 Stephen Rapids,Fort Lauderdale,FL,52835
A011809,C009410,Home,964 Brown Overpass,Jacksonville,FL,37758
A011810,C009411,Home,44164 Donna Vista,Jacksonville,FL,69709
A011811,C009412,Home,042 Miller Turnpike Apt. 758,Miami,FL,67199
A011812,C009412,Mailing,064 Theresa Manors,Jacksonville,FL,40399
A011813,C009413,Home,7657 James Terrace Suite 042,Tallahassee,FL,70127
A011814,C009414,Home,1299 Silva Grove Apt. 126,Fort Lauderdale,FL,65893
A011815,C009415,Home,4119 Carlson Center,Davie,FL,13813
A011816,C009416,Home,993 Gilmore View,Boca Raton,FL,72061
A011817,C009417,Home,61543 Dana Key,Orlando,FL,29082
A011818,C009417,Mailing,90811 Gregory Curve Apt. 302,Gainesville,FL,89026
A011819,C009418,Home,025 Adam Ports,Jacksonville,FL,92705
A011820,C009419,Home,01394 Mary Isle,Orlando,FL,96876
A011821,C009420,Home,5297 Tony Mission Suite 716,Naples,FL,24465
A011822,C009421,Home,51345 Wright Glens,Naples,FL,51856
A011823,C009422,Home,18371 Lewis Grove,Tallahassee,FL,27469
A011824,C009423,Home,9118 Powers Lights Suite 153,Boca Raton,FL,87924
A011825,C009423,Mailing,6237 Jefferson Motorway,Tallahassee,FL,70223
A011826,C009424,Home,56311 Teresa Springs,Tampa,FL,78922
A011827,C009425,Home,0044 Perez Loaf,Coral Springs,FL,57021
A011828,C009426,Home,97332 Mullen View Apt. 465,Gainesville,FL,41133
A011829,C009427,Home,83588 Owens Forge,West Palm Beach,FL,68477
A011830,C009428,Home,77735 Barbara Manors Suite 245,Naples,FL,16527
A011831,C009429,Home,583 Aaron Cove Apt. 385,West Palm Beach,FL,25021
A011832,C009430,Home,584 Michael Grove Apt. 146,Tampa,FL,37483
A011833,C009431,Home,50860 Jackson Lane Suite 941,Fort Lauderdale,FL,54339
A011834,C009432,Home,3194 Abigail Springs,Davie,FL,76831
A011835,C009433,Home,5879 Wilson Bridge Suite 923,Gainesville,FL,83743
A011836,C009433,Mailing,48954 Melissa Springs,Gainesville,FL,51221
A011837,C009434,Home,0374 Joseph Falls Apt. 000,Tallahassee,FL,92566
A011838,C009435,Home,50606 Megan Center,Pembroke Pines,FL,76294
A011839,C009436,Home,3407 John Grove Apt. 433,Jacksonville,FL,60763
A011840,C009437,Home,0886 Lori Greens Suite 302,Coral Springs,FL,93165
A011841,C009438,Home,5117 Diana Gateway,Boca Raton,FL,68638
A011842,C009439,Home,32487 Byrd Mall Suite 374,West Palm Beach,FL,09582
A011843,C009440,Home,7374 Nunez Way Suite 092,Boca Raton,FL,52305
A011844,C009441,Home,7630 Erin Place,Orlando,FL,65860
A011845,C009441,Mailing,68321 Frank Common,Boca Raton,FL,17447
A011846,C009442,Home,889 Bowers Falls,Miami,FL,78527
A011847,C009443,Home,772 Yang Causeway Apt. 122,Sarasota,FL,11000
A011848,C009444,Home,846 Wiley Vista,Fort Lauderdale,FL,95609
A011849,C009445,Home,1971 Hayes Plaza,West Palm Beach,FL,36136
A011850,C009446,Home,33588 Wall Bypass Suite 891,Tallahassee,FL,63539
A011851,C009447,Home,1507 Brittany Ports Suite 406,Naples,FL,06355
A011852,C009447,Mailing,670 Amy Hollow Apt. 423,Boca Raton,FL,78729
A011853,C009448,Home,98778 James Squares,Miami,FL,56765
A011854,C009449,Home,6467 Hughes Mountains Suite 408,Boca Raton,FL,91272
A011855,C009450,Home,79942 Alexander Road Apt. 005,West Palm Beach,FL,37605
A011856,C009450,Mailing,8902 Bailey View Suite 118,West Palm Beach,FL,19703
A011857,C009451,Home,1125 Amber Loop,Fort Lauderdale,FL,64093
A011858,C009451,Mailing,163 Robert Villages Apt. 257,Jacksonville,FL,89456
A011859,C009452,Home,11870 Jeremy Mission Apt. 583,Pembroke Pines,FL,09934
A011860,C009453,Home,6638 Nancy Point,Orlando,FL,06101
A011861,C009454,Home,8226 Kenneth Causeway,Jacksonville,FL,63645
A011862,C009455,Home,87106 Booker Mountain Apt. 225,Gainesville,FL,85186
A011863,C009455,Mailing,2540 Mcguire Turnpike,Davie,FL,70720
A011864,C009456,Home,994 Stephanie Radial Suite 330,Gainesville,FL,13739
A011865,C009457,Home,3551 Cassandra Radial,Sarasota,FL,17628
A011866,C009458,Home,85202 Crosby Lodge Apt. 479,Jacksonville,FL,32062
A011867,C009458,Mailing,05763 Jordan Mill,Miami,FL,40412
A011868,C009459,Home,703 Ashley Bridge,Sarasota,FL,96786
A011869,C009460,Home,88905 Chapman Branch Suite 784,Davie,FL,03605
A011870,C009461,Home,043 Rojas Glens Suite 459,Miami,FL,48600
A011871,C009461,Mailing,060 Stephanie Lights Suite 320,Tampa,FL,82943
A011872,C009462,Home,52064 Jones Throughway,Boca Raton,FL,26750
A011873,C009462,Mailing,39905 Smith Turnpike,Tampa,FL,16769
A011874,C009463,Home,728 Scott Center Suite 676,Davie,FL,27229
A011875,C009464,Home,30847 Ashley Square,Sarasota,FL,71147
A011876,C009465,Home,106 Kristen Gateway Suite 582,Tallahassee,FL,98748
A011877,C009465,Mailing,091 Sarah Crescent,Gainesville,FL,21500
A011878,C009466,Home,108 Tucker Loop Apt. 820,Jacksonville,FL,01885
A011879,C009467,Home,435 Nicole Summit Apt. 999,Jacksonville,FL,77551
A011880,C009467,Mailing,7251 Weaver Junctions,Sarasota,FL,42633
A011881,C009468,Home,457 Matthew Lodge Suite 406,Pembroke Pines,FL,15728
A011882,C009469,Home,304 Steven Curve,Fort Lauderdale,FL,48007
A011883,C009470,Home,35044 Aaron Springs Suite 740,Coral Springs,FL,99922
A011884,C009471,Home,7318 Jessica Meadows,Hollywood,FL,85301
A011885,C009472,Home,1421 Daniel Garden Apt. 638,Tallahassee,FL,02067
A011886,C009473,Home,78106 Paul Locks,Boca Raton,FL,18886
A011887,C009473,Mailing,4602 Rachel Viaduct,Tampa,FL,28312
A011888,C009474,Home,36068 Baker Stream Suite 688,Tampa,FL,13762
A011889,C009475,Home,138 James Crest,Jacksonville,FL,17719
A011890,C009476,Home,5631 Smith Pine Apt. 548,Davie,FL,89347
A011891,C009477,Home,5343 Johnson Trail Apt. 416,Miami,FL,03159
A011892,C009478,Home,155 Dominic Mews,Pembroke Pines,FL,51208
A011893,C009479,Home,16486 Phillip Passage,Davie,FL,64758
A011894,C009479,Mailing,909 Dawn Union Apt. 580,West Palm Beach,FL,94611
A011895,C009480,Home,2465 Michelle Manors,Sarasota,FL,69640
A011896,C009480,Mailing,97925 Denise Estates,Jacksonville,FL,52885
A011897,C009481,Home,049 Melanie Prairie Apt. 507,Naples,FL,69358
A011898,C009482,Home,98257 Jones Row,Orlando,FL,34590
A011899,C009482,Mailing,49535 Phillips Locks,Tallahassee,FL,15951
A011900,C009483,Home,6084 Jocelyn Ranch Apt. 166,Orlando,FL,65980
A011901,C009484,Home,2371 Robert Camp Apt. 929,Boca Raton,FL,42906
A011902,C009485,Home,9562 Hall Mountains Apt. 049,Jacksonville,FL,29255
A011903,C009485,Mailing,290 Bryan Rest Suite 634,Coral Springs,FL,23494
A011904,C009486,Home,99999 Bradley Isle Apt. 436,Tallahassee,FL,94723
A011905,C009487,Home,646 Sanchez Turnpike,Coral Springs,FL,14595
A011906,C009488,Home,699 Jessica Island,Boca Raton,FL,86548
A011907,C009489,Home,27645 Cheryl Gateway Suite 098,Davie,FL,32647
A011908,C009490,Home,7870 Gray Vista Suite 744,Naples,FL,08687
A011909,C009491,Home,817 Nathan Trace Suite 902,Jacksonville,FL,21215
A011910,C009492,Home,86576 Kelsey Parks Suite 728,Gainesville,FL,93107
A011911,C009493,Home,7393 Anthony Lock,Miami,FL,83093
A011912,C009494,Home,39204 Sarah Street,Coral Springs,FL,89343
A011913,C009495,Home,7503 Baker Causeway Apt. 354,Jacksonville,FL,74056
A011914,C009495,Mailing,7026 Sandra Village Apt. 181,Jacksonville,FL,62243
A011915,C009496,Home,562 Andrew Ramp,Naples,FL,63015
A011916,C009496,Mailing,4469 Davis Manor Suite 421,Davie,FL,67164
A011917,C009497,Home,508 Oconnor Summit Apt. 094,West Palm Beach,FL,47604
A011918,C009498,Home,343 Munoz Estate,Davie,FL,40740
A011919,C009499,Home,794 Wallace Shoal,Pembroke Pines,FL,76820
A011920,C009500,Home,66779 Roberts Turnpike,Pembroke Pines,FL,96991
A011921,C009501,Home,6056 Joseph Cliffs Apt. 681,Davie,FL,34469
A011922,C009502,Home,605 Kirk Rue Apt. 100,Naples,FL,46173
A011923,C009502,Mailing,1244 David Parks,Fort Lauderdale,FL,39800
A011924,C009503,Home,900 Carla Coves,Tampa,FL,27440
A011925,C009504,Home,570 Greene Trace Apt. 402,Miami,FL,49583
A011926,C009505,Home,7694 Kelli Manors,Boca Raton,FL,74188
A011927,C009506,Home,59415 Gordon Expressway,Davie,FL,27005
A011928,C009507,Home,513 Reese Plains Apt. 679,Orlando,FL,17263
A011929,C009508,Home,394 Steven Mountain,Davie,FL,66536
A011930,C009509,Home,7761 Hall Haven,Boca Raton,FL,63239
A011931,C009510,Home,067 James Landing,Miami,FL,14915
A011932,C009511,Home,32930 Collins Mountain,Tampa,FL,94898
A011933,C009512,Home,124 Jonathan Branch Suite 028,Miami,FL,76363
A011934,C009513,Home,38862 Massey Vista Suite 696,Coral Springs,FL,29338
A011935,C009514,Home,291 Savage Lake,Miami,FL,81982
A011936,C009515,Home,9842 Berger Fords Apt. 636,Sarasota,FL,41964
A011937,C009516,Home,2931 Jeffrey Pike,Miami,FL,48808
A011938,C009517,Home,1089 Stanley Skyway,Pembroke Pines,FL,89306
A011939,C009517,Mailing,5916 Andrew Port Apt. 162,Tallahassee,FL,09807
A011940,C009518,Home,759 Hansen Lane Suite 798,Boca Raton,FL,40997
A011941,C009519,Home,32180 Brian Field Suite 962,Naples,FL,75331
A011942,C009520,Home,39096 Angelica Point,Gainesville,FL,65928
A011943,C009521,Home,643 Moran Shore Apt. 822,Tampa,FL,13554
A011944,C009521,Mailing,254 Perez Coves Apt. 454,Jacksonville,FL,77807
A011945,C009522,Home,51409 Morgan Keys Suite 343,Orlando,FL,95266
A011946,C009523,Home,910 Day Village Apt. 422,Hollywood,FL,57520
A011947,C009524,Home,28109 Brian River Suite 019,Orlando,FL,37239
A011948,C009524,Mailing,48739 Justin Station,West Palm Beach,FL,53672
A011949,C009525,Home,331 Roberts Prairie Apt. 120,Orlando,FL,33597
A011950,C009526,Home,74922 Garcia Spurs Apt. 702,Boca Raton,FL,22325
A011951,C009527,Home,0141 Brittany Ville Apt. 683,Davie,FL,71810
A011952,C009528,Home,7852 Lee Parkway,Pembroke Pines,FL,42991
A011953,C009528,Mailing,1584 Lopez River Suite 635,Tampa,FL,18408
A011954,C009529,Home,58260 Gray Harbor,Naples,FL,03671
A011955,C009530,Home,2597 West Cliff,Tampa,FL,51612
A011956,C009531,Home,285 John Turnpike,Tallahassee,FL,58801
A011957,C009532,Home,726 Judith Meadows,Tallahassee,FL,37328
A011958,C009532,Mailing,2791 Brown Manor,Boca Raton,FL,31709
A011959,C009533,Home,7695 Lori Islands,Pembroke Pines,FL,45134
A011960,C009534,Home,11598 James Corners Suite 313,Boca Raton,FL,61416
A011961,C009535,Home,96084 Nguyen Harbor,Orlando,FL,60301
A011962,C009536,Home,5126 West Centers,West Palm Beach,FL,79184
A011963,C009536,Mailing,8461 William Pines Suite 126,Miami,FL,00982
A011964,C009537,Home,09702 Hess Turnpike Apt. 845,Tallahassee,FL,28329
A011965,C009538,Home,14250 Wong Route,Davie,FL,19714
A011966,C009539,Home,6504 Farrell Wells Suite 798,Hollywood,FL,14599
A011967,C009539,Mailing,2995 Christopher Lodge Apt. 179,Davie,FL,56868
A011968,C009540,Home,46211 Craig Tunnel,Miami,FL,37598
A011969,C009541,Home,33438 William Valley,Davie,FL,19019
A011970,C009542,Home,07666 Stephanie Parkways,Davie,FL,22052
A011971,C009542,Mailing,77119 Kaitlyn Terrace,West Palm Beach,FL,88959
A011972,C009543,Home,6264 Harrison Neck,Fort Lauderdale,FL,89230
A011973,C009544,Home,35478 Evan Spurs,Boca Raton,FL,91478
A011974,C009545,Home,39491 Hall Lights,Jacksonville,FL,53593
A011975,C009546,Home,761 Karen Union Suite 291,Miami,FL,94792
A011976,C009547,Home,1399 Smith Crescent,Tampa,FL,92622
A011977,C009548,Home,19557 Carla Turnpike,West Palm Beach,FL,40945
A011978,C009549,Home,3698 Lowe Key,Hollywood,FL,44496
A011979,C009550,Home,3612 Colleen Village Apt. 581,Boca Raton,FL,23353
A011980,C009551,Home,895 Jason Harbor,Jacksonville,FL,05812
A011981,C009552,Home,8304 Ryan Road,Sarasota,FL,34860
A011982,C009553,Home,29294 Lee Lights Apt. 600,Jacksonville,FL,49134
A011983,C009553,Mailing,55883 Micheal Neck Suite 214,Boca Raton,FL,57897
A011984,C009554,Home,213 Collins Mountains Suite 938,Sarasota,FL,72925
A011985,C009555,Home,423 Alan Park,Pembroke Pines,FL,14846
A011986,C009555,Mailing,22802 Fox Island Suite 589,Fort Lauderdale,FL,60789
A011987,C009556,Home,357 Gutierrez Villages Suite 532,Miami,FL,73507
A011988,C009556,Mailing,879 Wayne Parkway Apt. 973,Gainesville,FL,33153
A011989,C009557,Home,408 Alexander Loaf Suite 138,Tallahassee,FL,99431
A011990,C009558,Home,825 Rodriguez Villages,Tampa,FL,51783
A011991,C009559,Home,21775 Madison Brook,Hollywood,FL,54284
A011992,C009560,Home,37349 Macias Skyway Suite 365,Pembroke Pines,FL,80022
A011993,C009561,Home,34281 Hernandez Land,Davie,FL,11958
A011994,C009562,Home,43363 Kayla Branch Apt. 299,Tallahassee,FL,75138
A011995,C009563,Home,1384 Gill Cape Suite 995,Coral Springs,FL,42952
A011996,C009563,Mailing,66717 Parker Plains,Hollywood,FL,34428
A011997,C009564,Home,158 Ryan Turnpike Apt. 462,Coral Springs,FL,82558
A011998,C009564,Mailing,318 Aguilar Stravenue,Fort Lauderdale,FL,63307
A011999,C009565,Home,9901 Kelly Fords,Fort Lauderdale,FL,94468
A012000,C009566,Home,3721 Miranda Via,Davie,FL,82090
A012001,C009567,Home,2441 Eric Freeway Suite 758,Fort Lauderdale,FL,37711
A012002,C009568,Home,47886 Sanchez Circles,Davie,FL,46643
A012003,C009569,Home,81996 Angela Throughway,Orlando,FL,26281
A012004,C009570,Home,1974 Ochoa Run Apt. 875,Orlando,FL,62778
A012005,C009570,Mailing,68098 Doyle Ridges Suite 895,Davie,FL,56601
A012006,C009571,Home,90559 Carpenter Greens Apt. 262,Tampa,FL,45139
A012007,C009571,Mailing,6642 Gonzales Grove,Pembroke Pines,FL,48180
A012008,C009572,Home,0337 Scott Trafficway,Tampa,FL,72227
A012009,C009573,Home,2991 Chapman Stream Apt. 180,Gainesville,FL,61215
A012010,C009574,Home,054 Turner Crossroad Suite 377,West Palm Beach,FL,19813
A012011,C009574,Mailing,513 Anthony Shoals Apt. 556,Tallahassee,FL,27080
A012012,C009575,Home,0372 Rachel Lodge,Boca Raton,FL,01596
A012013,C009576,Home,807 Glenn Camp,Gainesville,FL,08403
A012014,C009577,Home,1179 Johnson Isle Apt. 270,Davie,FL,96683
A012015,C009578,Home,0344 Rodriguez Views Apt. 947,Boca Raton,FL,50394
A012016,C009579,Home,24352 Ashley Via Apt. 709,Pembroke Pines,FL,27647
A012017,C009580,Home,362 Heather Square,Orlando,FL,86829
A012018,C009581,Home,52027 Daniel Parkway,Sarasota,FL,42880
A012019,C009581,Mailing,82230 Amanda Shore Suite 049,Gainesville,FL,46609
A012020,C009582,Home,67506 Andrea Avenue Apt. 478,Naples,FL,71356
A012021,C009583,Home,225 Washington Expressway,Miami,FL,39497
A012022,C009584,Home,8226 Rhodes Well Apt. 545,Tampa,FL,16413
A012023,C009584,Mailing,976 Crystal Roads,Orlando,FL,41171
A012024,C009585,Home,093 Lewis Spring Suite 579,Gainesville,FL,37251
A012025,C009586,Home,5266 Walker Groves,Jacksonville,FL,55785
A012026,C009587,Home,02625 Amber Forest,Sarasota,FL,37730
A012027,C009588,Home,99040 Pacheco Inlet,Coral Springs,FL,31990
A012028,C009588,Mailing,198 Hernandez Divide,Gainesville,FL,65679
A012029,C009589,Home,086 Moore Spur Suite 134,Tallahassee,FL,14022
A012030,C009589,Mailing,24591 Obrien Meadows,West Palm Beach,FL,79549
A012031,C009590,Home,5214 Diana Harbor Apt. 336,Fort Lauderdale,FL,47609
A012032,C009590,Mailing,4148 Patrick Flat,Orlando,FL,30408
A012033,C009591,Home,32045 Melissa Inlet,Hollywood,FL,54796
A012034,C009592,Home,0880 Sharp Villages,Naples,FL,61335
A012035,C009592,Mailing,32761 Charles Tunnel Apt. 811,Boca Raton,FL,40611
A012036,C009593,Home,12003 Sandoval Brook,Orlando,FL,76122
A012037,C009593,Mailing,640 Vang Circles Suite 896,Gainesville,FL,78556
A012038,C009594,Home,772 Kevin Drive,Gainesville,FL,85153
A012039,C009595,Home,90383 Robert Center,Coral Springs,FL,49563
A012040,C009595,Mailing,5044 Walker Streets,Sarasota,FL,64147
A012041,C009596,Home,972 Rebecca Parkways,Boca Raton,FL,10947
A012042,C009596,Mailing,35718 Jessica Common,Pembroke Pines,FL,06602
A012043,C009597,Home,2828 Amy Course Apt. 185,Coral Springs,FL,08047
A012044,C009597,Mailing,45662 Delacruz Fort,Pembroke Pines,FL,47271
A012045,C009598,Home,795 Chandler Canyon Apt. 988,Hollywood,FL,05572
A012046,C009598,Mailing,3948 Gardner Ridge Apt. 905,Hollywood,FL,42111
A012047,C009599,Home,61681 Sean Common,Hollywood,FL,18012
A012048,C009599,Mailing,5911 William Dale,Hollywood,FL,65014
A012049,C009600,Home,9291 Donald Terrace Suite 438,Tallahassee,FL,47849
A012050,C009601,Home,57632 David Isle Suite 344,Jacksonville,FL,38998
A012051,C009602,Home,4175 Bennett Station Apt. 362,Jacksonville,FL,47324
A012052,C009603,Home,32315 Kelly Prairie Suite 275,Gainesville,FL,48065
A012053,C009604,Home,280 Schroeder Shore Suite 101,Coral Springs,FL,06948
A012054,C009605,Home,455 Bell Oval,Miami,FL,35136
A012055,C009606,Home,1013 Christina Green Apt. 723,Coral Springs,FL,91372
A012056,C009607,Home,1717 Knight Isle Suite 945,Orlando,FL,17126
A012057,C009608,Home,9132 Laura Plain Apt. 131,Davie,FL,40052
A012058,C009609,Home,5991 Vasquez Corners Suite 397,Sarasota,FL,96690
A012059,C009610,Home,4267 Sullivan Inlet,Fort Lauderdale,FL,56428
A012060,C009611,Home,359 Anthony Ridge,Gainesville,FL,73547
A012061,C009611,Mailing,5419 Martin Pass,Tampa,FL,70668
A012062,C009612,Home,42111 Jacob Points Suite 658,Sarasota,FL,68072
A012063,C009613,Home,34478 Smith Gateway Suite 700,Davie,FL,26478
A012064,C009613,Mailing,8054 Lori Glen,Jacksonville,FL,94339
A012065,C009614,Home,3077 Hamilton Isle,Gainesville,FL,45150
A012066,C009615,Home,9482 Richard Key Apt. 057,Miami,FL,70041
A012067,C009616,Home,64198 Todd Overpass,Coral Springs,FL,45070
A012068,C009616,Mailing,2529 Deborah Circles Suite 617,Coral Springs,FL,45864
A012069,C009617,Home,47986 Kimberly Vista Suite 620,Tampa,FL,16819
A012070,C009618,Home,205 Erin Crescent,Miami,FL,95584
A012071,C009619,Home,9989 Lee Mountain,West Palm Beach,FL,62700
A012072,C009620,Home,23327 Clark Knolls,Naples,FL,02802
A012073,C009621,Home,280 Williams Centers Apt. 348,Tallahassee,FL,22865
A012074,C009622,Home,6484 Luis Center,Hollywood,FL,71641
A012075,C009623,Home,70385 Taylor Brook,Tallahassee,FL,91240
A012076,C009624,Home,867 Kane Locks Apt. 511,Gainesville,FL,02775
A012077,C009624,Mailing,79946 Patricia Circles Apt. 400,Naples,FL,73995
A012078,C009625,Home,5551 Brown Ferry,Miami,FL,00695
A012079,C009625,Mailing,0536 Green Shoals Suite 449,Coral Springs,FL,42046
A012080,C009626,Home,3403 Hawkins Vista,Naples,FL,76510
A012081,C009626,Mailing,2146 Brian Mall,Orlando,FL,76372
A012082,C009627,Home,0912 Allison Ramp Apt. 988,Davie,FL,98297
A012083,C009628,Home,760 Taylor Motorway,Gainesville,FL,77605
A012084,C009628,Mailing,22516 Alexander Haven,Gainesville,FL,76680
A012085,C009629,Home,67908 Reed Passage,Boca Raton,FL,53111
A012086,C009630,Home,2762 Sanders Locks Apt. 879,Tampa,FL,09858
A012087,C009630,Mailing,27403 Maxwell Mews Suite 925,Boca Raton,FL,10086
A012088,C009631,Home,662 Rodriguez Curve Suite 373,Miami,FL,29505
A012089,C009632,Home,53818 Rebecca Greens,Pembroke Pines,FL,23355
A012090,C009632,Mailing,80858 Bob Lakes,Naples,FL,48332
A012091,C009633,Home,99763 Leonard River,Pembroke Pines,FL,69720
A012092,C009633,Mailing,149 Martinez Pines,Davie,FL,59228
A012093,C009634,Home,6051 Matthew Trafficway,Miami,FL,29101
A012094,C009634,Mailing,91877 Scott Square Apt. 647,Gainesville,FL,23489
A012095,C009635,Home,370 Morris Curve Suite 884,Orlando,FL,78428
A012096,C009636,Home,73969 Richard Light Suite 907,Tallahassee,FL,44894
A012097,C009636,Mailing,60659 Cox Bridge Apt. 172,Miami,FL,17260
A012098,C009637,Home,2406 Karen Stravenue Apt. 602,Jacksonville,FL,94896
A012099,C009637,Mailing,57431 Garcia Courts,Hollywood,FL,37443
A012100,C009638,Home,915 Collins Streets,Pembroke Pines,FL,07730
A012101,C009639,Home,95128 Kayla Lights Suite 403,Tampa,FL,67456
A012102,C009640,Home,29007 Felicia Islands,Orlando,FL,18226
A012103,C009640,Mailing,2258 Richard Neck Suite 932,Sarasota,FL,13506
A012104,C009641,Home,5471 Benjamin Creek Apt. 480,Coral Springs,FL,82616
A012105,C009642,Home,63761 Lee Tunnel,Orlando,FL,13770
A012106,C009643,Home,612 Perry Junction,Miami,FL,54190
A012107,C009643,Mailing,0960 Eric Valleys,Sarasota,FL,02370
A012108,C009644,Home,6905 Chelsea Squares Apt. 604,Jacksonville,FL,15142
A012109,C009645,Home,4028 Jesse Lodge,Pembroke Pines,FL,87417
A012110,C009645,Mailing,31952 Lee Causeway Suite 429,Orlando,FL,33730
A012111,C009646,Home,51432 Christensen Lakes Suite 671,West Palm Beach,FL,79856
A012112,C009647,Home,181 Shane Points,Gainesville,FL,50616
A012113,C009648,Home,824 Rose Union,West Palm Beach,FL,89026
A012114,C009649,Home,40832 Cynthia Hills Suite 183,Pembroke Pines,FL,10943
A012115,C009650,Home,269 Henson Pine,Gainesville,FL,09482
A012116,C009650,Mailing,5342 Shelton Stream,Naples,FL,58890
A012117,C009651,Home,7130 Higgins Mountain,Jacksonville,FL,21928
A012118,C009652,Home,7776 Donna Hollow Suite 141,West Palm Beach,FL,73804
A012119,C009653,Home,53199 Murray Rest Suite 194,Davie,FL,06001
A012120,C009654,Home,713 Katherine Flat Suite 597,West Palm Beach,FL,73292
A012121,C009655,Home,57696 Daniel Isle Suite 474,West Palm Beach,FL,72943
A012122,C009656,Home,4602 Edwards Flats,West Palm Beach,FL,60804
A012123,C009657,Home,27254 Robert Field,Tampa,FL,75799
A012124,C009658,Home,28575 Smith Harbor Suite 890,Boca Raton,FL,16519
A012125,C009658,Mailing,54511 Sherry Shoals,Hollywood,FL,24298
A012126,C009659,Home,13554 John Center Apt. 874,Naples,FL,30690
A012127,C009660,Home,562 Taylor Ferry,Tallahassee,FL,70058
A012128,C009661,Home,88574 Riley Points,Gainesville,FL,66340
A012129,C009662,Home,80472 Collins Spring,Orlando,FL,95543
A012130,C009663,Home,006 Reynolds Summit Apt. 507,Hollywood,FL,49169
A012131,C009664,Home,7301 Chen Motorway Suite 766,Tampa,FL,89136
A012132,C009664,Mailing,144 Gordon Fall,Coral Springs,FL,59687
A012133,C009665,Home,34384 Molina Plains Apt. 226,Fort Lauderdale,FL,27899
A012134,C009666,Home,6378 Castaneda Freeway Apt. 855,Orlando,FL,86406
A012135,C009667,Home,614 Carroll Ways,Orlando,FL,97889
A012136,C009668,Home,4448 Wilson Passage Apt. 286,Miami,FL,62048
A012137,C009669,Home,6282 Ryan Throughway Apt. 636,Sarasota,FL,94931
A012138,C009670,Home,68782 Williams Dale,Fort Lauderdale,FL,61586
A012139,C009670,Mailing,39753 Laura Motorway,Boca Raton,FL,42473
A012140,C009671,Home,6093 Elizabeth Spring,Davie,FL,73285
A012141,C009672,Home,3797 Rebecca Motorway Suite 252,Davie,FL,31160
A012142,C009673,Home,1696 Jackson Courts Apt. 027,Davie,FL,49911
A012143,C009673,Mailing,865 Mays Spur,Jacksonville,FL,05581
A012144,C009674,Home,813 Francisco Shoals Suite 567,Jacksonville,FL,16743
A012145,C009675,Home,363 Mullen Heights Suite 509,Fort Lauderdale,FL,28766
A012146,C009676,Home,98792 Matthew Gateway Suite 236,West Palm Beach,FL,37358
A012147,C009677,Home,38420 Bentley Spur,Tampa,FL,25307
A012148,C009678,Home,661 Ian Ferry,Coral Springs,FL,63356
A012149,C009679,Home,276 Salazar Mountain Suite 483,Pembroke Pines,FL,25436
A012150,C009680,Home,52702 Julie Path Suite 221,Naples,FL,29527
A012151,C009681,Home,13131 Zachary Wall Suite 519,Tampa,FL,90201
A012152,C009682,Home,1908 Lorraine Shoal Apt. 084,Naples,FL,79214
A012153,C009683,Home,410 Barron Village Suite 369,Boca Raton,FL,94463
A012154,C009684,Home,0560 Shari Valleys Suite 024,Naples,FL,28255
A012155,C009684,Mailing,458 April Stream,Pembroke Pines,FL,98586
A012156,C009685,Home,67085 Scott Locks Apt. 840,Pembroke Pines,FL,46930
A012157,C009686,Home,763 Ryan Harbor,Gainesville,FL,61929
A012158,C009687,Home,807 Carey Street,Boca Raton,FL,60109
A012159,C009688,Home,68738 Christopher Club,Hollywood,FL,83334
A012160,C009688,Mailing,598 Kristi Dale Apt. 325,Gainesville,FL,50120
A012161,C009689,Home,490 Reeves Meadow,Tampa,FL,99910
A012162,C009690,Home,7937 Elizabeth Overpass,Coral Springs,FL,53464
A012163,C009691,Home,7444 Jacob Knoll,Sarasota,FL,22469
A012164,C009692,Home,127 Hubbard Common,Pembroke Pines,FL,94880
A012165,C009692,Mailing,550 Phyllis Hills,Miami,FL,05637
A012166,C009693,Home,4441 Watts Camp,Pembroke Pines,FL,46542
A012167,C009694,Home,80273 Robertson Forks Suite 182,Boca Raton,FL,23247
A012168,C009695,Home,889 Karen Fields,Davie,FL,09063
A012169,C009696,Home,61144 Fox Prairie,Coral Springs,FL,76359
A012170,C009697,Home,03972 Zimmerman Mission,West Palm Beach,FL,57232
A012171,C009698,Home,5975 Suzanne Rapid Apt. 454,Pembroke Pines,FL,51985
A012172,C009699,Home,249 Crystal Square Apt. 796,Naples,FL,04514
A012173,C009699,Mailing,17868 Boyer Route Suite 201,Hollywood,FL,99285
A012174,C009700,Home,41438 Brown Corner Apt. 283,West Palm Beach,FL,12935
A012175,C009701,Home,39261 Sean Trail,Coral Springs,FL,88985
A012176,C009702,Home,209 Williams Orchard Suite 752,Davie,FL,57179
A012177,C009702,Mailing,7337 Scott Radial,Miami,FL,91097
A012178,C009703,Home,2971 Sanders Court Apt. 196,Fort Lauderdale,FL,78817
A012179,C009704,Home,76137 Tanya Landing,Hollywood,FL,80746
A012180,C009704,Mailing,38937 Ortiz Mission,Pembroke Pines,FL,38415
A012181,C009705,Home,592 Myers Viaduct,Boca Raton,FL,26596
A012182,C009706,Home,54539 Bell Union,Boca Raton,FL,61323
A012183,C009707,Home,72630 Flores Grove Suite 926,Tallahassee,FL,42852
A012184,C009707,Mailing,8772 Ricardo Crest Apt. 676,Naples,FL,97421
A012185,C009708,Home,62854 Michelle Extensions Suite 093,Fort Lauderdale,FL,98156
A012186,C009709,Home,426 Moreno Fall Suite 355,Davie,FL,38031
A012187,C009710,Home,783 Lisa Village,Fort Lauderdale,FL,80036
A012188,C009711,Home,712 Deborah Mountains Suite 762,Fort Lauderdale,FL,39417
A012189,C009712,Home,654 Brooke Island Apt. 202,Hollywood,FL,04128
A012190,C009713,Home,275 Holmes Wells Suite 125,Coral Springs,FL,75197
A012191,C009713,Mailing,14219 Barbara Stravenue,Tampa,FL,05139
A012192,C009714,Home,820 Terri Trace Apt. 747,Davie,FL,55315
A012193,C009714,Mailing,64478 Diane Streets,Coral Springs,FL,84741
A012194,C009715,Home,45432 Kaitlyn Parkway Apt. 626,Fort Lauderdale,FL,27402
A012195,C009715,Mailing,12886 Jonathon Mission Suite 649,Pembroke Pines,FL,93033
A012196,C009716,Home,0047 Jake Ports,West Palm Beach,FL,25687
A012197,C009717,Home,681 Carson Mountain Suite 149,Gainesville,FL,44762
A012198,C009718,Home,8323 Scott Corners,Fort Lauderdale,FL,05060
A012199,C009719,Home,0650 Troy Parks,Hollywood,FL,72725
A012200,C009720,Home,846 Kennedy Street,Tampa,FL,83480
A012201,C009721,Home,867 Cole Corners,Miami,FL,20483
A012202,C009722,Home,361 Laura Street,Jacksonville,FL,60082
A012203,C009723,Home,33843 Rodgers Circle Suite 161,Sarasota,FL,10292
A012204,C009724,Home,44407 James Greens,Orlando,FL,98335
A012205,C009724,Mailing,883 Debra Extensions Suite 746,Davie,FL,24719
A012206,C009725,Home,9453 Michael Road,Davie,FL,72360
A012207,C009725,Mailing,46541 Carrie Wall Suite 670,Coral Springs,FL,12708
A012208,C009726,Home,4122 Jake Estate,Miami,FL,78943
A012209,C009726,Mailing,46174 Deborah Mews,Hollywood,FL,67355
A012210,C009727,Home,3785 Vargas Meadow,Pembroke Pines,FL,37827
A012211,C009727,Mailing,566 Morris Stravenue Apt. 650,Tallahassee,FL,03989
A012212,C009728,Home,980 Crawford Circles,Miami,FL,22092
A012213,C009729,Home,2279 Mclean Plaza,Fort Lauderdale,FL,16711
A012214,C009729,Mailing,302 Mason Plain Suite 737,Miami,FL,55929
A012215,C009730,Home,809 Jo Locks Suite 486,Davie,FL,80766
A012216,C009730,Mailing,445 Clark Glen,Fort Lauderdale,FL,55840
A012217,C009731,Home,3956 Estrada Lake,Gainesville,FL,30506
A012218,C009732,Home,3599 Ramirez Spur,West Palm Beach,FL,02010
A012219,C009733,Home,9255 Jeffrey Trace,Sarasota,FL,19457
A012220,C009734,Home,035 Robert Mission,West Palm Beach,FL,98221
A012221,C009734,Mailing,593 Hamilton Meadows,Coral Springs,FL,83540
A012222,C009735,Home,7582 Alan Plain Apt. 338,Pembroke Pines,FL,51969
A012223,C009735,Mailing,7798 Garcia Causeway Suite 205,Pembroke Pines,FL,22444
A012224,C009736,Home,31827 Jodi Avenue Apt. 678,Hollywood,FL,34350
A012225,C009737,Home,297 Deanna Centers Suite 969,Coral Springs,FL,78956
A012226,C009737,Mailing,3429 Donovan Ville,Gainesville,FL,13043
A012227,C009738,Home,418 Justin Isle Suite 320,Gainesville,FL,61535
A012228,C009738,Mailing,794 Johnson Ville,Miami,FL,78729
A012229,C009739,Home,50338 Williams Tunnel,Hollywood,FL,89092
A012230,C009740,Home,0118 Sandra Skyway,Gainesville,FL,28362
A012231,C009741,Home,0278 Smith Creek,West Palm Beach,FL,15089
A012232,C009742,Home,0829 Allen Tunnel,Orlando,FL,14808
A012233,C009743,Home,8011 Reed Roads,Coral Springs,FL,00815
A012234,C009744,Home,83362 Alan Orchard Apt. 941,Fort Lauderdale,FL,14368
A012235,C009745,Home,173 Black Trace Suite 324,Miami,FL,67411
A012236,C009745,Mailing,018 Kerr Place,Sarasota,FL,14484
A012237,C009746,Home,156 Richard Summit Suite 610,Tallahassee,FL,74173
A012238,C009747,Home,944 Briana Dam,Sarasota,FL,98261
A012239,C009748,Home,33127 Rodriguez Isle Suite 915,Hollywood,FL,54707
A012240,C009749,Home,123 Ramos Gateway,Naples,FL,20197
A012241,C009750,Home,75948 Woods Underpass Suite 526,Tallahassee,FL,32570
A012242,C009751,Home,52442 Dennis Ports Suite 287,Orlando,FL,96529
A012243,C009751,Mailing,5427 Rowland Square,Tallahassee,FL,19570
A012244,C009752,Home,30564 Daniel Wall Apt. 194,Sarasota,FL,43833
A012245,C009753,Home,2836 Darlene Centers,West Palm Beach,FL,61574
A012246,C009754,Home,71308 Abigail Well,Pembroke Pines,FL,54250
A012247,C009754,Mailing,40714 Maria Forks,Gainesville,FL,64464
A012248,C009755,Home,5134 Steele Street Suite 827,Fort Lauderdale,FL,43391
A012249,C009756,Home,54058 Wise Springs Apt. 646,Miami,FL,05997
A012250,C009757,Home,8987 Ruth Cliffs Suite 091,Hollywood,FL,51695
A012251,C009758,Home,4181 Jacob Streets,Tampa,FL,87104
A012252,C009759,Home,78816 Romero Hills,Fort Lauderdale,FL,60254
A012253,C009759,Mailing,4285 Lewis Orchard,Naples,FL,10072
A012254,C009760,Home,175 Howard Ferry,Hollywood,FL,40360
A012255,C009761,Home,0913 Smith Ranch Suite 745,Coral Springs,FL,84678
A012256,C009762,Home,008 Michael Prairie,Tampa,FL,37461
A012257,C009763,Home,8513 Martin Spur Suite 425,Fort Lauderdale,FL,31142
A012258,C009764,Home,56726 Johnston Shores Apt. 410,Tampa,FL,29638
A012259,C009765,Home,514 Lori Route Apt. 287,Pembroke Pines,FL,06394
A012260,C009765,Mailing,3912 Lamb Underpass,Tampa,FL,98938
A012261,C009766,Home,600 Salazar Isle,Gainesville,FL,85807
A012262,C009766,Mailing,5005 Hernandez Pike,Sarasota,FL,29973
A012263,C009767,Home,9736 Julie Camp,Orlando,FL,64622
A012264,C009768,Home,9927 Nancy Haven Apt. 704,Fort Lauderdale,FL,57965
A012265,C009769,Home,25526 Peterson Landing,Hollywood,FL,89116
A012266,C009770,Home,28015 Crystal Greens Suite 522,Hollywood,FL,68347
A012267,C009771,Home,0858 Jones Isle,Boca Raton,FL,15001
A012268,C009772,Home,6040 Martinez Causeway Apt. 220,West Palm Beach,FL,93348
A012269,C009773,Home,251 John Land Apt. 956,West Palm Beach,FL,73487
A012270,C009773,Mailing,78830 Snyder Mall Suite 793,Naples,FL,14076
A012271,C009774,Home,1063 Jackson Course,Sarasota,FL,78134
A012272,C009774,Mailing,9688 Kari Plains,Miami,FL,81269
A012273,C009775,Home,6492 Smith Points Apt. 594,Tampa,FL,84937
A012274,C009776,Home,27924 Michael Summit Suite 778,Miami,FL,29718
A012275,C009777,Home,3522 Robert Brook,Boca Raton,FL,24358
A012276,C009778,Home,50883 Oconnell Crossroad Suite 122,Naples,FL,60166
A012277,C009779,Home,586 Simmons Roads Apt. 628,West Palm Beach,FL,62357
A012278,C009780,Home,42437 Gregory Underpass Apt. 803,Coral Springs,FL,17984
A012279,C009780,Mailing,12369 Jesus Fords,West Palm Beach,FL,69776
A012280,C009781,Home,28021 Stacey Square,Fort Lauderdale,FL,66399
A012281,C009782,Home,93788 Tyler Loaf,Tallahassee,FL,12622
A012282,C009783,Home,4697 Martinez Oval,West Palm Beach,FL,50264
A012283,C009784,Home,1672 Hayes Station Suite 055,Sarasota,FL,43184
A012284,C009785,Home,544 Nichols Port,Davie,FL,68587
A012285,C009786,Home,8306 Thomas Forge Apt. 489,Fort Lauderdale,FL,15349
A012286,C009787,Home,197 Daniel Drive Suite 945,Naples,FL,05565
A012287,C009788,Home,62570 Chapman River,Boca Raton,FL,10326
A012288,C009788,Mailing,897 Anderson Viaduct,Miami,FL,78667
A012289,C009789,Home,7659 Tyler Forges,Naples,FL,44842
A012290,C009790,Home,134 Veronica Fort Apt. 889,Miami,FL,05080
A012291,C009791,Home,311 Nicole Viaduct,Hollywood,FL,27352
A012292,C009792,Home,82856 Mark Plain,Hollywood,FL,16581
A012293,C009793,Home,2310 Green Valleys Suite 226,Tampa,FL,73079
A012294,C009794,Home,56648 Schroeder Wells,Tampa,FL,34167
A012295,C009795,Home,4672 Mario Street,Miami,FL,69443
A012296,C009796,Home,58897 Ross Well,Miami,FL,53038
A012297,C009797,Home,857 Brandon Mall Apt. 880,Hollywood,FL,46570
A012298,C009798,Home,45917 Taylor Stream,Tallahassee,FL,45744
A012299,C009799,Home,3413 Huynh Bridge,Davie,FL,02361
A012300,C009800,Home,969 William Fords,Sarasota,FL,94043
A012301,C009801,Home,532 Mark Spring,Pembroke Pines,FL,68986
A012302,C009802,Home,381 Joseph Skyway,Hollywood,FL,82559
A012303,C009803,Home,0553 Fuentes Drives,Coral Springs,FL,69600
A012304,C009803,Mailing,30632 Martinez Tunnel Suite 134,Pembroke Pines,FL,65130
A012305,C009804,Home,2764 Yvonne Squares,Naples,FL,53119
A012306,C009804,Mailing,923 Mcdonald Land,Davie,FL,10402
A012307,C009805,Home,08522 Paul Freeway Apt. 855,Naples,FL,05684
A012308,C009806,Home,2032 Baker Hollow,West Palm Beach,FL,54918
A012309,C009807,Home,1071 Kenneth Underpass,Pembroke Pines,FL,55160
A012310,C009808,Home,80214 Ebony Hill Apt. 558,Jacksonville,FL,61689
A012311,C009809,Home,291 Gardner Creek,Naples,FL,38590
A012312,C009810,Home,9223 Macias Station,Jacksonville,FL,21992
A012313,C009811,Home,65492 Lee Run,Jacksonville,FL,72757
A012314,C009812,Home,56785 Anderson Harbor Suite 303,Naples,FL,57063
A012315,C009812,Mailing,13007 Smith Rue,Naples,FL,07384
A012316,C009813,Home,2549 Karen Island Apt. 053,Jacksonville,FL,30552
A012317,C009814,Home,1152 Rogers Plains,Orlando,FL,78605
A012318,C009815,Home,8605 Joseph Drive Suite 388,Naples,FL,49189
A012319,C009816,Home,38220 Santiago Flats,Tallahassee,FL,05006
A012320,C009817,Home,934 Jenkins Rapid,Hollywood,FL,18921
A012321,C009817,Mailing,464 Jennifer Trail Suite 957,Davie,FL,66251
A012322,C009818,Home,7933 Cassandra Parks Apt. 859,West Palm Beach,FL,54065
A012323,C009819,Home,5763 David Inlet Apt. 219,Miami,FL,11223
A012324,C009820,Home,94292 Perez Springs Suite 774,Miami,FL,50197
A012325,C009821,Home,50302 Wheeler Fork,Fort Lauderdale,FL,06299
A012326,C009822,Home,4340 Phillips Highway Apt. 153,Coral Springs,FL,90921
A012327,C009823,Home,60604 Denise Highway,Jacksonville,FL,21501
A012328,C009824,Home,0680 Antonio Mission,West Palm Beach,FL,84980
A012329,C009824,Mailing,788 Davis Shoal,Gainesville,FL,77379
A012330,C009825,Home,160 Diana Dale Suite 821,Coral Springs,FL,48399
A012331,C009825,Mailing,58459 Matthew Valley,Sarasota,FL,10425
A012332,C009826,Home,08876 Garrett Isle Apt. 928,Boca Raton,FL,50222
A012333,C009827,Home,047 Michael Vista Suite 246,Gainesville,FL,22796
A012334,C009828,Home,9527 Natalie Camp Apt. 082,Orlando,FL,67660
A012335,C009829,Home,09639 Robert Manor Apt. 088,Miami,FL,89575
A012336,C009830,Home,0455 Edward Knoll Apt. 514,Miami,FL,50100
A012337,C009831,Home,0013 Thomas Hills Apt. 195,Davie,FL,86355
A012338,C009832,Home,2372 Kristin Valley,Orlando,FL,63019
A012339,C009833,Home,2091 Davis Spur Apt. 890,Hollywood,FL,78026
A012340,C009834,Home,21250 Melanie Throughway,Naples,FL,33273
A012341,C009834,Mailing,959 Gerald Brook,Gainesville,FL,69515
A012342,C009835,Home,24707 Sharon Heights Suite 558,West Palm Beach,FL,31265
A012343,C009836,Home,7336 Corey Landing Suite 718,Pembroke Pines,FL,18907
A012344,C009837,Home,5272 Michelle Knoll,Coral Springs,FL,85510
A012345,C009837,Mailing,3097 Susan Park,Tampa,FL,94463
A012346,C009838,Home,4113 Singleton View Apt. 250,Davie,FL,31628
A012347,C009838,Mailing,2565 Thomas Spurs,Sarasota,FL,69708
A012348,C009839,Home,9814 Harris Lodge Suite 438,Miami,FL,28219
A012349,C009840,Home,533 Bishop Rest Apt. 483,Sarasota,FL,31933
A012350,C009841,Home,97680 Jeffrey Burg,Gainesville,FL,56689
A012351,C009842,Home,29195 Bailey Station Suite 061,Tallahassee,FL,48042
A012352,C009842,Mailing,54801 Daniel Track,Orlando,FL,93894
A012353,C009843,Home,356 Dalton Station Suite 901,Pembroke Pines,FL,04387
A012354,C009844,Home,52388 Lopez Island,Naples,FL,18954
A012355,C009845,Home,10395 Doris Springs Suite 218,Coral Springs,FL,79241
A012356,C009846,Home,01163 Figueroa Pike,West Palm Beach,FL,52133
A012357,C009847,Home,66793 Taylor Mountain Apt. 481,West Palm Beach,FL,53996
A012358,C009848,Home,9362 Nicholas Greens Suite 999,Davie,FL,80848
A012359,C009849,Home,1837 Walker Springs,Boca Raton,FL,26838
A012360,C009850,Home,1349 Lowery Roads Suite 272,Sarasota,FL,38037
A012361,C009851,Home,9205 Cooper Parkways,Tallahassee,FL,17486
A012362,C009852,Home,52538 Todd Fort,Jacksonville,FL,47774
A012363,C009853,Home,178 Pope Ports,Hollywood,FL,55806
A012364,C009854,Home,546 James Avenue,Miami,FL,00612
A012365,C009855,Home,32093 Davis Corner,Coral Springs,FL,52846
A012366,C009855,Mailing,6639 Amanda Falls Suite 773,Sarasota,FL,93457
A012367,C009856,Home,35030 Bonilla Island Suite 485,Jacksonville,FL,76447
A012368,C009857,Home,8123 Holt Lock,Fort Lauderdale,FL,54646
A012369,C009857,Mailing,05113 Amy Wall Apt. 199,Gainesville,FL,13113
A012370,C009858,Home,510 Daniel Street,Fort Lauderdale,FL,71166
A012371,C009859,Home,68853 Tammy Pine Suite 361,Orlando,FL,30159
A012372,C009859,Mailing,71142 Mcdonald Forges,Fort Lauderdale,FL,05506
A012373,C009860,Home,7202 Cindy Green,Hollywood,FL,95867
A012374,C009861,Home,6051 Patel Spurs,Gainesville,FL,62788
A012375,C009862,Home,69330 Lynch Gateway Suite 061,Naples,FL,34557
A012376,C009863,Home,6247 Brandon Course Suite 988,Gainesville,FL,08754
A012377,C009864,Home,13531 Turner Divide Suite 294,Jacksonville,FL,08947
A012378,C009864,Mailing,327 Kimberly Forest Suite 948,Jacksonville,FL,33648
A012379,C009865,Home,767 Ramirez Lake,Naples,FL,90978
A012380,C009866,Home,4685 Adriana Throughway,Pembroke Pines,FL,49749
A012381,C009866,Mailing,604 Shawn Overpass,Hollywood,FL,41116
A012382,C009867,Home,855 Flores Forest,Hollywood,FL,11151
A012383,C009867,Mailing,228 Stanley Avenue Apt. 767,Tampa,FL,39495
A012384,C009868,Home,849 Cynthia Plaza,Sarasota,FL,22596
A012385,C009869,Home,08207 Campbell Parks Suite 170,Orlando,FL,19308
A012386,C009870,Home,91262 Cooke Freeway Suite 190,West Palm Beach,FL,81287
A012387,C009870,Mailing,09153 Garcia Ville Suite 468,Tallahassee,FL,51885
A012388,C009871,Home,35551 Hubbard Vista,West Palm Beach,FL,11572
A012389,C009872,Home,1458 Guy Groves,Orlando,FL,32191
A012390,C009873,Home,816 Nicole Trail,Orlando,FL,51583
A012391,C009874,Home,069 Hines Estate,Tallahassee,FL,30170
A012392,C009875,Home,3038 Harrison Court,Naples,FL,26781
A012393,C009876,Home,8274 Hardin Ranch,Coral Springs,FL,83443
A012394,C009877,Home,2375 Horn Islands,Boca Raton,FL,07857
A012395,C009877,Mailing,52297 Thomas Extensions Apt. 978,Miami,FL,73701
A012396,C009878,Home,3586 Becker Ports,Jacksonville,FL,99497
A012397,C009879,Home,6844 Martin Way,Hollywood,FL,89951
A012398,C009880,Home,4589 Diane Cove Apt. 682,Jacksonville,FL,20604
A012399,C009881,Home,02433 Robinson Circles,Coral Springs,FL,81265
A012400,C009882,Home,07409 Kayla Views Apt. 673,Miami,FL,89728
A012401,C009882,Mailing,873 Douglas Mountains,Jacksonville,FL,45569
A012402,C009883,Home,4485 Rebecca Road Suite 243,Pembroke Pines,FL,86478
A012403,C009884,Home,71158 Maria Centers,Tallahassee,FL,81487
A012404,C009885,Home,50061 Kirby Stravenue,West Palm Beach,FL,35356
A012405,C009885,Mailing,29189 Christina Crossing,Jacksonville,FL,43628
A012406,C009886,Home,6495 Kent Point,Tallahassee,FL,03099
A012407,C009887,Home,8172 Stevens Road,Tampa,FL,73815
A012408,C009887,Mailing,1567 Tate Cape Suite 530,Fort Lauderdale,FL,26595
A012409,C009888,Home,26738 Hughes Mountains,Sarasota,FL,38484
A012410,C009889,Home,54434 Katrina Lane Apt. 362,Orlando,FL,90307
A012411,C009890,Home,755 Li Keys,Tallahassee,FL,85900
A012412,C009890,Mailing,39049 Hubbard Walks Suite 944,Davie,FL,06847
A012413,C009891,Home,425 Hall Radial Suite 109,Miami,FL,28249
A012414,C009892,Home,021 James Place Suite 104,Fort Lauderdale,FL,08237
A012415,C009893,Home,377 Michael Trace,Gainesville,FL,14464
A012416,C009894,Home,941 Armstrong Cliff,Miami,FL,85529
A012417,C009895,Home,87491 Schneider Pass Apt. 134,Pembroke Pines,FL,60396
A012418,C009895,Mailing,376 Martinez Radial Suite 534,Orlando,FL,22015
A012419,C009896,Home,875 William Keys Apt. 677,Davie,FL,57155
A012420,C009897,Home,682 Scott Square,Pembroke Pines,FL,44147
A012421,C009897,Mailing,9359 Tammy Meadows,Davie,FL,66987
A012422,C009898,Home,68720 James Meadows,Coral Springs,FL,48314
A012423,C009899,Home,579 Hudson Hollow,Pembroke Pines,FL,53231
A012424,C009900,Home,9472 Callahan Coves,Gainesville,FL,61537
A012425,C009901,Home,7366 Lisa Tunnel Suite 844,Fort Lauderdale,FL,96726
A012426,C009902,Home,4106 Matthew Squares,Tampa,FL,47709
A012427,C009903,Home,2894 Garcia Loaf Apt. 496,Sarasota,FL,34655
A012428,C009904,Home,06407 Jones Trace,Davie,FL,66865
A012429,C009905,Home,8785 Dylan Plaza Suite 154,Fort Lauderdale,FL,66825
A012430,C009906,Home,436 John Divide,Pembroke Pines,FL,12504
A012431,C009907,Home,262 Chad Spurs,Miami,FL,78121
A012432,C009908,Home,05492 Johnson Springs,Coral Springs,FL,72192
A012433,C009908,Mailing,83235 Riggs Ramp,Coral Springs,FL,75316
A012434,C009909,Home,09161 Sierra Creek Suite 432,Pembroke Pines,FL,95404
A012435,C009910,Home,827 Christina Corners,Tallahassee,FL,74026
A012436,C009911,Home,8018 Tyrone Crossroad,Coral Springs,FL,50902
A012437,C009912,Home,3481 Bailey Squares,Miami,FL,19585
A012438,C009913,Home,24209 Gonzalez Spurs Apt. 527,Jacksonville,FL,13308
A012439,C009914,Home,3213 Reynolds Common,Pembroke Pines,FL,28916
A012440,C009915,Home,76838 Anthony Pass Apt. 098,Fort Lauderdale,FL,59880
A012441,C009916,Home,007 Elizabeth Gardens Suite 650,Hollywood,FL,50932
A012442,C009917,Home,26176 Holly Pass Apt. 461,Tampa,FL,23670
A012443,C009917,Mailing,578 James Streets,Fort Lauderdale,FL,12551
A012444,C009918,Home,409 Meyer Views Suite 922,Davie,FL,50105
A012445,C009919,Home,51610 Bennett Club,Hollywood,FL,68279
A012446,C009920,Home,88053 Thomas Spring Suite 059,West Palm Beach,FL,52650
A012447,C009920,Mailing,4322 Crystal Orchard,Naples,FL,41072
A012448,C009921,Home,450 Heather Common Apt. 749,Gainesville,FL,27488
A012449,C009922,Home,761 Monica Springs,Jacksonville,FL,91240
A012450,C009923,Home,108 Brandon Plains,Naples,FL,38801
A012451,C009924,Home,3742 Jones Field,Miami,FL,43519
A012452,C009925,Home,40282 Jessica Plains,Coral Springs,FL,17795
A012453,C009925,Mailing,5367 Christopher Rapids,Tampa,FL,68288
A012454,C009926,Home,47263 Mullins Gateway Apt. 356,Jacksonville,FL,74608
A012455,C009927,Home,946 Jessica Fort,Pembroke Pines,FL,71340
A012456,C009928,Home,09370 Danielle Spurs,Miami,FL,42248
A012457,C009929,Home,585 Sarah Extension,Sarasota,FL,40774
A012458,C009930,Home,9881 Courtney Valleys,Coral Springs,FL,15152
A012459,C009931,Home,33106 Mcgee Rest Apt. 837,Davie,FL,40080
A012460,C009931,Mailing,92533 Cathy Run,Tallahassee,FL,45017
A012461,C009932,Home,083 Frazier Trace Suite 042,Naples,FL,38674
A012462,C009932,Mailing,35633 Troy Underpass,Sarasota,FL,21984
A012463,C009933,Home,714 Richardson Drives Suite 561,Fort Lauderdale,FL,86136
A012464,C009934,Home,332 Pham Meadows Suite 387,Davie,FL,22524
A012465,C009935,Home,0309 Todd Ranch Apt. 542,Coral Springs,FL,47274
A012466,C009936,Home,97600 Shields Dam,Davie,FL,02431
A012467,C009937,Home,1122 Tanner Forks Suite 787,Pembroke Pines,FL,39618
A012468,C009938,Home,708 Sean Freeway,Tampa,FL,63244
A012469,C009938,Mailing,2699 Robert Ports,Miami,FL,57925
A012470,C009939,Home,238 Johnson Viaduct,Orlando,FL,59326
A012471,C009939,Mailing,060 Powell Dale Apt. 589,West Palm Beach,FL,70089
A012472,C009940,Home,0186 David Plains,Davie,FL,82187
A012473,C009940,Mailing,0442 Murray Neck Apt. 864,Fort Lauderdale,FL,15775
A012474,C009941,Home,99189 Terry Mills,Coral Springs,FL,55581
A012475,C009941,Mailing,15966 Scott Island,Tallahassee,FL,60131
A012476,C009942,Home,577 Wilson Fort,Coral Springs,FL,35580
A012477,C009943,Home,3820 Wood Overpass Apt. 385,Gainesville,FL,84523
A012478,C009944,Home,539 Raymond Path,Jacksonville,FL,20435
A012479,C009944,Mailing,14418 White Stravenue,West Palm Beach,FL,69655
A012480,C009945,Home,240 Matthew Lodge Suite 815,Tampa,FL,59189
A012481,C009946,Home,174 Stokes Keys Suite 035,Naples,FL,49747
A012482,C009946,Mailing,9726 Daniel Trail,Gainesville,FL,74405
A012483,C009947,Home,2219 Fuentes Inlet,Tampa,FL,37279
A012484,C009948,Home,946 Autumn Throughway,Davie,FL,19631
A012485,C009949,Home,661 Linda Lake,Tallahassee,FL,29383
A012486,C009950,Home,8566 Walker Radial,Tampa,FL,48561
A012487,C009951,Home,2358 Jackson Terrace,Naples,FL,30213
A012488,C009952,Home,981 Lori Mission Apt. 278,Coral Springs,FL,34004
A012489,C009953,Home,5175 Grant Path,Tampa,FL,31276
A012490,C009954,Home,200 Francisco Spurs Suite 386,Jacksonville,FL,80878
A012491,C009955,Home,66611 Ashley Valley,Miami,FL,02363
A012492,C009956,Home,1145 Catherine Underpass,Sarasota,FL,90310
A012493,C009956,Mailing,0500 Isaac Burg,Tallahassee,FL,78509
A012494,C009957,Home,49027 Samantha Flat,Fort Lauderdale,FL,38996
A012495,C009957,Mailing,0929 Johnson Island,Tallahassee,FL,97849
A012496,C009958,Home,446 Jeff Crescent Apt. 446,Orlando,FL,18172
A012497,C009959,Home,93137 Matthew Gardens Suite 832,Miami,FL,49980
A012498,C009960,Home,556 Leslie Mission,Pembroke Pines,FL,35254
A012499,C009960,Mailing,294 Wiggins Ford Apt. 764,Fort Lauderdale,FL,06559
A012500,C009961,Home,90427 Donna Ford,Pembroke Pines,FL,60741
A012501,C009961,Mailing,24867 Davis Tunnel Suite 882,Boca Raton,FL,25258
A012502,C009962,Home,7968 Tony Way Suite 842,Tampa,FL,99164
A012503,C009963,Home,483 Adam Islands Suite 130,Jacksonville,FL,76467
A012504,C009964,Home,803 Kevin Meadows,Fort Lauderdale,FL,64928
A012505,C009965,Home,98499 Casey Road Suite 380,Naples,FL,61524
A012506,C009966,Home,7507 Deanna Mountains Apt. 174,Boca Raton,FL,40823
A012507,C009967,Home,482 Gilmore Mountain,Pembroke Pines,FL,42424
A012508,C009968,Home,1625 James Station Suite 278,Gainesville,FL,85463
A012509,C009968,Mailing,80691 Allison Camp Suite 277,Jacksonville,FL,80251
A012510,C009969,Home,061 Mcclain Vista,Davie,FL,89474
A012511,C009969,Mailing,4228 David Skyway Apt. 651,Tallahassee,FL,56930
A012512,C009970,Home,895 Soto Gardens,Orlando,FL,97296
A012513,C009970,Mailing,188 Ferguson Center,Tampa,FL,57343
A012514,C009971,Home,527 Evans Roads Apt. 849,Sarasota,FL,58802
A012515,C009972,Home,2270 Boyd Village,Sarasota,FL,67041
A012516,C009973,Home,508 Miller Dale Suite 305,West Palm Beach,FL,13335
A012517,C009973,Mailing,958 Lisa Isle,Boca Raton,FL,71091
A012518,C009974,Home,428 Taylor Valley,Jacksonville,FL,88779
A012519,C009975,Home,21480 Todd Drives Apt. 438,Orlando,FL,72159
A012520,C009976,Home,0001 Melissa Well Apt. 053,Gainesville,FL,57430
A012521,C009977,Home,48888 Anderson Row,Davie,FL,42017
A012522,C009978,Home,633 Patton Mall,Miami,FL,45146
A012523,C009979,Home,71570 Thomas Island Suite 048,West Palm Beach,FL,16462
A012524,C009980,Home,379 Vincent Passage,Fort Lauderdale,FL,43141
A012525,C009981,Home,7665 Ronald Crescent Suite 356,Orlando,FL,53626
A012526,C009982,Home,8427 Jeremy Viaduct,Miami,FL,44908
A012527,C009983,Home,3830 Patterson Divide,Sarasota,FL,67022
A012528,C009983,Mailing,1726 Christopher Pike Suite 604,Boca Raton,FL,58699
A012529,C009984,Home,0177 Elizabeth Circle Suite 747,West Palm Beach,FL,69869
A012530,C009984,Mailing,6837 Karen Oval,Naples,FL,76859
A012531,C009985,Home,1329 Anderson Inlet Suite 803,Fort Lauderdale,FL,73683
A012532,C009985,Mailing,2254 Harris Rue Suite 937,Miami,FL,83647
A012533,C009986,Home,3804 Charles Fort Suite 112,Tallahassee,FL,65595
A012534,C009987,Home,73295 Veronica Track,Sarasota,FL,59605
A012535,C009987,Mailing,883 Kyle Roads,Davie,FL,05996
A012536,C009988,Home,168 Anthony Plains,Gainesville,FL,92979
A012537,C009989,Home,18899 Erica Pine,Gainesville,FL,51210
A012538,C009990,Home,2690 Woods Meadows Suite 051,Sarasota,FL,81179
A012539,C009991,Home,8259 Jones Crest,Hollywood,FL,38910
A012540,C009992,Home,668 Wilson Knoll,Orlando,FL,76232
A012541,C009993,Home,5992 Greene Crossroad Suite 404,Fort Lauderdale,FL,58826
A012542,C009993,Mailing,4391 Melissa Islands,Tallahassee,FL,88857
A012543,C009994,Home,81314 Allen Lights Apt. 964,Coral Springs,FL,82328
A012544,C009995,Home,37844 Kimberly Pines,Fort Lauderdale,FL,31891
A012545,C009996,Home,98454 Micheal Fords,Hollywood,FL,95473
A012546,C009996,Mailing,77609 Salazar Branch Apt. 546,Tampa,FL,30224
A012547,C009997,Home,530 Ryan Common Suite 501,Tallahassee,FL,79174
A012548,C009997,Mailing,52505 Marcus Alley,Pembroke Pines,FL,49095
A012549,C009998,Home,356 Harvey Walk Suite 415,Pembroke Pines,FL,02637
A012550,C009998,Mailing,92590 Rhonda Views Apt. 830,West Palm Beach,FL,07776
A012551,C009999,Home,3635 Alexander Oval Apt. 693,Fort Lauderdale,FL,13685
A012552,C010000,Home,4653 Brandon Springs,Gainesville,FL,30536
A012553,C010000,Mailing,137 Debra Trail,Sarasota,FL,35895
