inventory_id,store_id,product_id,quantity_on_hand,reorder_level,last_updated_date
INV0000001,ST0001,P000017,46,37,2026-07-02
INV0000002,ST0001,P000004,326,50,2026-06-30
INV0000003,ST0001,P000003,298,73,2026-06-30
INV0000004,ST0001,P000011,70,74,2026-06-10
INV0000005,ST0001,P000006,299,89,2026-06-10
INV0000006,ST0001,P000010,414,42,2026-06-11
INV0000007,ST0001,P000018,28,28,2026-07-01
INV0000008,ST0001,P000020,305,21,2026-07-01
INV0000009,ST0001,P000007,404,95,2026-06-23
INV0000010,ST0001,P000002,278,82,2026-07-05
INV0000011,ST0001,P000014,197,66,2026-07-03
INV0000012,ST0001,P000019,381,52,2026-06-08
INV0000013,ST0001,P000005,455,78,2026-07-04
INV0000014,ST0001,P000009,431,89,2026-06-23
INV0000015,ST0001,P000015,135,36,2026-06-22
INV0000016,ST0002,P000015,468,76,2026-06-17
INV0000017,ST0002,P000008,456,57,2026-06-27
INV0000018,ST0002,P000019,59,87,2026-06-15
INV0000019,ST0002,P000002,190,27,2026-06-21
INV0000020,ST0002,P000003,495,61,2026-07-04
INV0000021,ST0002,P000004,500,44,2026-06-28
INV0000022,ST0002,P000005,334,45,2026-07-01
INV0000023,ST0002,P000012,394,35,2026-06-17
INV0000024,ST0002,P000001,56,91,2026-06-21
INV0000025,ST0002,P000020,130,50,2026-07-06
INV0000026,ST0002,P000010,256,57,2026-07-06
INV0000027,ST0002,P000016,453,78,2026-06-29
INV0000028,ST0002,P000009,299,76,2026-06-14
INV0000029,ST0002,P000007,445,72,2026-07-04
INV0000030,ST0002,P000011,40,23,2026-06-14
INV0000031,ST0003,P000013,283,97,2026-06-17
INV0000032,ST0003,P000005,257,52,2026-06-30
INV0000033,ST0003,P000018,192,75,2026-06-20
INV0000034,ST0003,P000010,228,27,2026-06-13
INV0000035,ST0003,P000008,326,23,2026-06-29
INV0000036,ST0003,P000004,43,69,2026-06-29
INV0000037,ST0003,P000006,79,32,2026-06-28
INV0000038,ST0003,P000002,205,66,2026-06-30
INV0000039,ST0003,P000019,176,60,2026-06-22
INV0000040,ST0003,P000020,454,95,2026-07-01
INV0000041,ST0003,P000011,471,31,2026-07-07
INV0000042,ST0003,P000009,467,62,2026-07-03
INV0000043,ST0003,P000001,370,32,2026-06-28
INV0000044,ST0003,P000017,260,46,2026-06-12
INV0000045,ST0003,P000007,330,47,2026-07-07
INV0000046,ST0004,P000014,280,44,2026-06-24
INV0000047,ST0004,P000002,451,51,2026-06-12
INV0000048,ST0004,P000015,356,79,2026-06-25
INV0000049,ST0004,P000017,269,78,2026-07-07
INV0000050,ST0004,P000016,14,80,2026-06-12
INV0000051,ST0004,P000006,355,79,2026-06-21
INV0000052,ST0004,P000004,475,47,2026-06-30
INV0000053,ST0004,P000001,313,31,2026-06-17
INV0000054,ST0004,P000012,242,93,2026-06-12
INV0000055,ST0004,P000010,289,76,2026-06-30
INV0000056,ST0004,P000013,335,40,2026-07-06
INV0000057,ST0004,P000019,245,30,2026-06-22
INV0000058,ST0004,P000008,351,37,2026-07-04
INV0000059,ST0004,P000005,195,82,2026-06-09
INV0000060,ST0004,P000007,55,21,2026-06-30
INV0000061,ST0005,P000009,34,31,2026-07-02
INV0000062,ST0005,P000010,81,85,2026-06-30
INV0000063,ST0005,P000007,469,71,2026-06-22
INV0000064,ST0005,P000019,406,86,2026-06-26
INV0000065,ST0005,P000008,325,34,2026-07-02
INV0000066,ST0005,P000018,418,26,2026-06-15
INV0000067,ST0005,P000020,66,83,2026-06-21
INV0000068,ST0005,P000002,439,76,2026-06-26
INV0000069,ST0005,P000016,297,79,2026-06-20
INV0000070,ST0005,P000015,2,37,2026-06-16
INV0000071,ST0005,P000014,482,64,2026-06-19
INV0000072,ST0005,P000017,52,85,2026-06-29
INV0000073,ST0005,P000012,260,91,2026-06-27
INV0000074,ST0005,P000003,256,37,2026-07-07
INV0000075,ST0005,P000006,197,85,2026-07-03
INV0000076,ST0006,P000007,353,88,2026-06-24
INV0000077,ST0006,P000009,203,39,2026-06-20
INV0000078,ST0006,P000006,433,33,2026-06-12
INV0000079,ST0006,P000011,113,24,2026-06-10
INV0000080,ST0006,P000008,183,84,2026-07-01
INV0000081,ST0006,P000020,83,72,2026-06-10
INV0000082,ST0006,P000010,361,78,2026-06-12
INV0000083,ST0006,P000018,351,69,2026-07-03
INV0000084,ST0006,P000019,137,95,2026-06-16
INV0000085,ST0006,P000001,350,26,2026-06-12
INV0000086,ST0006,P000014,13,29,2026-07-05
INV0000087,ST0006,P000004,341,33,2026-06-08
INV0000088,ST0006,P000002,93,78,2026-06-25
INV0000089,ST0006,P000015,225,30,2026-07-01
INV0000090,ST0006,P000003,395,90,2026-06-20
INV0000091,ST0007,P000018,363,48,2026-06-25
INV0000092,ST0007,P000014,289,100,2026-06-29
INV0000093,ST0007,P000007,9,80,2026-06-17
INV0000094,ST0007,P000004,82,71,2026-06-13
INV0000095,ST0007,P000020,455,40,2026-06-23
INV0000096,ST0007,P000016,464,28,2026-06-13
INV0000097,ST0007,P000012,359,22,2026-06-18
INV0000098,ST0007,P000013,107,21,2026-06-17
INV0000099,ST0007,P000001,281,83,2026-06-19
INV0000100,ST0007,P000005,416,49,2026-06-20
INV0000101,ST0007,P000009,91,36,2026-06-23
INV0000102,ST0007,P000015,80,54,2026-07-06
INV0000103,ST0007,P000003,74,20,2026-06-10
INV0000104,ST0007,P000008,496,67,2026-06-26
INV0000105,ST0007,P000006,418,25,2026-06-22
INV0000106,ST0008,P000001,305,62,2026-07-01
INV0000107,ST0008,P000015,19,98,2026-06-10
INV0000108,ST0008,P000018,345,29,2026-06-20
INV0000109,ST0008,P000019,445,26,2026-07-07
INV0000110,ST0008,P000016,449,67,2026-06-12
INV0000111,ST0008,P000009,166,27,2026-06-11
INV0000112,ST0008,P000014,371,53,2026-06-10
INV0000113,ST0008,P000002,106,97,2026-06-11
INV0000114,ST0008,P000008,163,24,2026-06-19
INV0000115,ST0008,P000011,381,43,2026-06-14
INV0000116,ST0008,P000006,74,70,2026-07-02
INV0000117,ST0008,P000005,329,66,2026-06-25
INV0000118,ST0008,P000017,110,98,2026-06-19
INV0000119,ST0008,P000010,457,86,2026-06-13
INV0000120,ST0008,P000012,89,44,2026-06-22
INV0000121,ST0009,P000014,403,75,2026-06-13
INV0000122,ST0009,P000015,62,46,2026-06-08
INV0000123,ST0009,P000006,271,73,2026-06-17
INV0000124,ST0009,P000010,50,24,2026-06-24
INV0000125,ST0009,P000002,278,74,2026-06-22
INV0000126,ST0009,P000011,125,79,2026-07-04
INV0000127,ST0009,P000016,342,24,2026-06-17
INV0000128,ST0009,P000017,321,26,2026-07-07
INV0000129,ST0009,P000013,463,68,2026-06-26
INV0000130,ST0009,P000005,186,63,2026-06-27
INV0000131,ST0009,P000009,163,55,2026-07-03
INV0000132,ST0009,P000019,52,69,2026-06-25
INV0000133,ST0009,P000007,91,42,2026-06-25
INV0000134,ST0009,P000003,23,45,2026-07-04
INV0000135,ST0009,P000020,254,64,2026-06-12
INV0000136,ST0010,P000020,126,59,2026-06-14
INV0000137,ST0010,P000010,333,89,2026-06-26
INV0000138,ST0010,P000002,381,83,2026-06-30
INV0000139,ST0010,P000014,404,47,2026-06-08
INV0000140,ST0010,P000012,20,98,2026-06-23
INV0000141,ST0010,P000005,488,51,2026-07-01
INV0000142,ST0010,P000017,269,90,2026-06-17
INV0000143,ST0010,P000001,277,35,2026-06-20
INV0000144,ST0010,P000009,419,61,2026-06-21
INV0000145,ST0010,P000013,84,52,2026-07-01
INV0000146,ST0010,P000008,18,41,2026-07-07
INV0000147,ST0010,P000003,293,59,2026-06-23
INV0000148,ST0010,P000011,105,21,2026-07-03
INV0000149,ST0010,P000004,187,26,2026-06-26
INV0000150,ST0010,P000015,156,22,2026-06-30
INV0000151,ST0011,P000001,145,62,2026-07-07
INV0000152,ST0011,P000014,92,53,2026-06-12
INV0000153,ST0011,P000016,335,99,2026-06-14
INV0000154,ST0011,P000002,432,36,2026-06-27
INV0000155,ST0011,P000020,26,58,2026-06-22
INV0000156,ST0011,P000005,173,38,2026-06-08
INV0000157,ST0011,P000003,445,63,2026-06-30
INV0000158,ST0011,P000009,491,23,2026-06-24
INV0000159,ST0011,P000012,470,91,2026-06-11
INV0000160,ST0011,P000007,168,42,2026-06-28
INV0000161,ST0011,P000013,462,58,2026-06-15
INV0000162,ST0011,P000011,264,61,2026-06-15
INV0000163,ST0011,P000019,174,82,2026-06-12
INV0000164,ST0011,P000006,158,93,2026-06-26
INV0000165,ST0011,P000010,159,31,2026-06-10
INV0000166,ST0012,P000007,318,33,2026-06-25
INV0000167,ST0012,P000004,200,100,2026-07-01
INV0000168,ST0012,P000017,7,61,2026-06-13
INV0000169,ST0012,P000018,443,42,2026-06-10
INV0000170,ST0012,P000012,114,30,2026-06-29
INV0000171,ST0012,P000002,431,20,2026-06-16
INV0000172,ST0012,P000008,379,96,2026-06-14
INV0000173,ST0012,P000015,436,26,2026-07-07
INV0000174,ST0012,P000019,242,83,2026-06-16
INV0000175,ST0012,P000013,348,59,2026-07-03
INV0000176,ST0012,P000016,387,61,2026-07-05
INV0000177,ST0012,P000003,59,75,2026-07-07
INV0000178,ST0012,P000011,342,64,2026-06-15
INV0000179,ST0012,P000005,376,76,2026-06-30
INV0000180,ST0012,P000014,137,32,2026-06-09
INV0000181,ST0013,P000011,477,58,2026-07-03
INV0000182,ST0013,P000016,445,69,2026-06-19
INV0000183,ST0013,P000017,322,83,2026-06-16
INV0000184,ST0013,P000013,89,61,2026-06-21
INV0000185,ST0013,P000008,410,98,2026-06-24
INV0000186,ST0013,P000010,330,33,2026-06-26
INV0000187,ST0013,P000009,427,36,2026-06-12
INV0000188,ST0013,P000018,423,46,2026-06-14
INV0000189,ST0013,P000012,205,54,2026-07-07
INV0000190,ST0013,P000003,215,64,2026-06-15
INV0000191,ST0013,P000015,21,31,2026-06-11
INV0000192,ST0013,P000007,494,39,2026-06-10
INV0000193,ST0013,P000019,244,51,2026-07-07
INV0000194,ST0013,P000001,14,38,2026-07-05
INV0000195,ST0013,P000006,461,68,2026-06-18
INV0000196,ST0014,P000007,42,73,2026-06-30
INV0000197,ST0014,P000004,64,91,2026-07-07
INV0000198,ST0014,P000020,119,82,2026-06-24
INV0000199,ST0014,P000005,101,64,2026-07-04
INV0000200,ST0014,P000003,187,28,2026-06-26
INV0000201,ST0014,P000008,282,85,2026-06-23
INV0000202,ST0014,P000011,15,93,2026-06-22
INV0000203,ST0014,P000015,27,30,2026-06-28
INV0000204,ST0014,P000018,402,84,2026-06-13
INV0000205,ST0014,P000016,325,24,2026-06-08
INV0000206,ST0014,P000001,282,23,2026-06-12
INV0000207,ST0014,P000014,3,77,2026-07-01
INV0000208,ST0014,P000010,191,28,2026-07-03
INV0000209,ST0014,P000019,248,70,2026-07-07
INV0000210,ST0014,P000006,40,67,2026-07-06
INV0000211,ST0015,P000020,457,26,2026-06-23
INV0000212,ST0015,P000007,22,26,2026-06-20
INV0000213,ST0015,P000008,428,45,2026-06-08
INV0000214,ST0015,P000005,445,53,2026-06-17
INV0000215,ST0015,P000018,304,31,2026-06-12
INV0000216,ST0015,P000001,271,54,2026-06-10
INV0000217,ST0015,P000004,128,55,2026-06-30
INV0000218,ST0015,P000019,384,54,2026-06-13
INV0000219,ST0015,P000006,403,94,2026-06-22
INV0000220,ST0015,P000015,23,37,2026-06-09
INV0000221,ST0015,P000014,203,72,2026-06-10
INV0000222,ST0015,P000010,140,84,2026-06-24
INV0000223,ST0015,P000016,199,60,2026-06-18
INV0000224,ST0015,P000003,453,21,2026-07-04
INV0000225,ST0015,P000009,366,88,2026-06-13
INV0000226,ST0016,P000016,1,23,2026-07-01
INV0000227,ST0016,P000017,351,98,2026-06-21
INV0000228,ST0016,P000004,299,55,2026-06-19
INV0000229,ST0016,P000001,138,32,2026-06-28
INV0000230,ST0016,P000018,435,85,2026-07-01
INV0000231,ST0016,P000009,489,59,2026-06-19
INV0000232,ST0016,P000002,47,26,2026-06-21
INV0000233,ST0016,P000006,291,32,2026-06-22
INV0000234,ST0016,P000013,118,92,2026-07-05
INV0000235,ST0016,P000012,17,97,2026-06-10
INV0000236,ST0016,P000011,143,44,2026-06-24
INV0000237,ST0016,P000015,67,29,2026-06-13
INV0000238,ST0016,P000014,297,52,2026-06-29
INV0000239,ST0016,P000003,373,70,2026-06-12
INV0000240,ST0016,P000010,176,62,2026-06-23
INV0000241,ST0017,P000019,367,24,2026-07-06
INV0000242,ST0017,P000018,101,39,2026-06-30
INV0000243,ST0017,P000015,66,76,2026-06-16
INV0000244,ST0017,P000016,242,97,2026-06-12
INV0000245,ST0017,P000006,114,69,2026-07-04
INV0000246,ST0017,P000001,462,94,2026-06-28
INV0000247,ST0017,P000013,254,30,2026-06-11
INV0000248,ST0017,P000010,71,27,2026-06-09
INV0000249,ST0017,P000014,197,73,2026-07-07
INV0000250,ST0017,P000008,141,43,2026-06-09
INV0000251,ST0017,P000003,209,32,2026-06-21
INV0000252,ST0017,P000002,394,61,2026-06-25
INV0000253,ST0017,P000005,190,97,2026-06-26
INV0000254,ST0017,P000020,136,68,2026-06-12
INV0000255,ST0017,P000009,315,54,2026-06-17
INV0000256,ST0018,P000015,135,71,2026-06-15
INV0000257,ST0018,P000007,188,69,2026-07-03
INV0000258,ST0018,P000009,411,82,2026-06-27
INV0000259,ST0018,P000017,82,82,2026-06-16
INV0000260,ST0018,P000012,174,57,2026-06-09
INV0000261,ST0018,P000008,239,64,2026-07-04
INV0000262,ST0018,P000014,331,75,2026-07-01
INV0000263,ST0018,P000006,141,64,2026-07-06
INV0000264,ST0018,P000004,497,66,2026-06-26
INV0000265,ST0018,P000001,479,87,2026-06-11
INV0000266,ST0018,P000011,173,32,2026-06-23
INV0000267,ST0018,P000002,255,39,2026-06-23
INV0000268,ST0018,P000020,11,21,2026-06-16
INV0000269,ST0018,P000018,448,72,2026-06-23
INV0000270,ST0018,P000003,78,74,2026-07-01
INV0000271,ST0019,P000011,464,96,2026-06-22
INV0000272,ST0019,P000002,318,54,2026-06-28
INV0000273,ST0019,P000016,189,62,2026-07-03
INV0000274,ST0019,P000007,22,100,2026-06-24
INV0000275,ST0019,P000004,331,40,2026-06-11
INV0000276,ST0019,P000017,282,20,2026-06-18
INV0000277,ST0019,P000018,463,85,2026-07-05
INV0000278,ST0019,P000019,161,51,2026-06-12
INV0000279,ST0019,P000001,172,49,2026-06-22
INV0000280,ST0019,P000009,8,28,2026-07-07
INV0000281,ST0019,P000006,159,79,2026-06-10
INV0000282,ST0019,P000014,130,73,2026-06-25
INV0000283,ST0019,P000005,120,63,2026-06-22
INV0000284,ST0019,P000020,212,51,2026-07-03
INV0000285,ST0019,P000003,350,66,2026-07-05
INV0000286,ST0020,P000013,409,31,2026-06-30
INV0000287,ST0020,P000008,10,36,2026-06-30
INV0000288,ST0020,P000004,131,24,2026-06-12
INV0000289,ST0020,P000019,121,27,2026-06-17
INV0000290,ST0020,P000018,398,53,2026-06-27
INV0000291,ST0020,P000002,123,36,2026-06-19
INV0000292,ST0020,P000003,312,24,2026-07-01
INV0000293,ST0020,P000007,52,54,2026-06-24
INV0000294,ST0020,P000020,444,58,2026-06-17
INV0000295,ST0020,P000017,182,66,2026-06-16
INV0000296,ST0020,P000005,93,27,2026-06-15
INV0000297,ST0020,P000016,135,31,2026-06-10
INV0000298,ST0020,P000001,190,83,2026-06-13
INV0000299,ST0020,P000014,227,99,2026-07-07
INV0000300,ST0020,P000015,372,95,2026-07-05
INV0000301,ST0021,P000010,251,36,2026-07-04
INV0000302,ST0021,P000012,28,56,2026-06-24
INV0000303,ST0021,P000007,430,31,2026-07-07
INV0000304,ST0021,P000004,180,72,2026-07-01
INV0000305,ST0021,P000002,152,94,2026-07-07
INV0000306,ST0021,P000018,288,48,2026-06-15
INV0000307,ST0021,P000017,240,43,2026-06-22
INV0000308,ST0021,P000015,46,91,2026-06-15
INV0000309,ST0021,P000006,291,68,2026-07-04
INV0000310,ST0021,P000001,97,81,2026-06-21
INV0000311,ST0021,P000019,486,65,2026-06-09
INV0000312,ST0021,P000005,23,75,2026-06-20
INV0000313,ST0021,P000013,107,20,2026-06-24
INV0000314,ST0021,P000011,371,41,2026-07-06
INV0000315,ST0021,P000003,44,50,2026-06-16
INV0000316,ST0022,P000012,286,98,2026-06-29
INV0000317,ST0022,P000002,265,34,2026-06-22
INV0000318,ST0022,P000001,435,59,2026-07-03
INV0000319,ST0022,P000013,479,68,2026-06-26
INV0000320,ST0022,P000019,466,74,2026-06-21
INV0000321,ST0022,P000020,49,89,2026-06-29
INV0000322,ST0022,P000011,311,91,2026-06-08
INV0000323,ST0022,P000008,92,72,2026-07-02
INV0000324,ST0022,P000017,7,70,2026-07-05
INV0000325,ST0022,P000007,48,80,2026-07-03
INV0000326,ST0022,P000015,476,87,2026-07-06
INV0000327,ST0022,P000009,7,99,2026-06-16
INV0000328,ST0022,P000003,38,70,2026-07-06
INV0000329,ST0022,P000010,414,87,2026-07-02
INV0000330,ST0022,P000016,480,47,2026-06-24
INV0000331,ST0023,P000017,266,99,2026-06-30
INV0000332,ST0023,P000003,355,77,2026-06-30
INV0000333,ST0023,P000015,86,75,2026-06-20
INV0000334,ST0023,P000002,318,93,2026-06-08
INV0000335,ST0023,P000014,150,39,2026-06-29
INV0000336,ST0023,P000018,179,44,2026-06-22
INV0000337,ST0023,P000019,156,38,2026-06-26
INV0000338,ST0023,P000001,211,35,2026-06-25
INV0000339,ST0023,P000016,315,59,2026-07-05
INV0000340,ST0023,P000012,2,23,2026-06-11
INV0000341,ST0023,P000009,363,35,2026-06-18
INV0000342,ST0023,P000007,319,48,2026-06-20
INV0000343,ST0023,P000006,251,79,2026-07-05
INV0000344,ST0023,P000013,434,63,2026-06-23
INV0000345,ST0023,P000004,257,44,2026-06-20
INV0000346,ST0024,P000006,369,69,2026-06-21
INV0000347,ST0024,P000002,282,51,2026-06-11
INV0000348,ST0024,P000009,345,23,2026-06-29
INV0000349,ST0024,P000020,214,21,2026-06-23
INV0000350,ST0024,P000005,369,72,2026-07-02
INV0000351,ST0024,P000014,412,81,2026-06-23
INV0000352,ST0024,P000012,189,37,2026-06-26
INV0000353,ST0024,P000008,253,21,2026-06-18
INV0000354,ST0024,P000007,0,59,2026-06-13
INV0000355,ST0024,P000019,445,34,2026-06-22
INV0000356,ST0024,P000003,456,21,2026-06-20
INV0000357,ST0024,P000018,32,97,2026-06-12
INV0000358,ST0024,P000017,102,87,2026-06-26
INV0000359,ST0024,P000011,271,48,2026-07-02
INV0000360,ST0024,P000016,129,25,2026-07-06
INV0000361,ST0025,P000009,443,68,2026-06-11
INV0000362,ST0025,P000012,327,32,2026-06-26
INV0000363,ST0025,P000010,116,31,2026-07-05
INV0000364,ST0025,P000001,35,83,2026-06-20
INV0000365,ST0025,P000011,387,100,2026-06-18
INV0000366,ST0025,P000004,266,59,2026-06-15
INV0000367,ST0025,P000018,433,90,2026-06-19
INV0000368,ST0025,P000002,64,64,2026-06-22
INV0000369,ST0025,P000020,150,100,2026-06-20
INV0000370,ST0025,P000015,402,32,2026-06-10
INV0000371,ST0025,P000008,39,58,2026-06-26
INV0000372,ST0025,P000014,142,78,2026-06-10
INV0000373,ST0025,P000003,250,38,2026-06-17
INV0000374,ST0025,P000019,179,49,2026-06-10
INV0000375,ST0025,P000016,177,82,2026-07-01
INV0000376,ST0026,P000008,287,50,2026-06-30
INV0000377,ST0026,P000005,132,54,2026-06-11
INV0000378,ST0026,P000019,334,100,2026-06-20
INV0000379,ST0026,P000002,320,77,2026-06-27
INV0000380,ST0026,P000015,62,80,2026-07-04
INV0000381,ST0026,P000014,44,21,2026-06-30
INV0000382,ST0026,P000010,399,36,2026-07-07
INV0000383,ST0026,P000001,149,22,2026-06-27
INV0000384,ST0026,P000016,286,72,2026-07-07
INV0000385,ST0026,P000017,153,97,2026-07-02
INV0000386,ST0026,P000004,143,85,2026-07-07
INV0000387,ST0026,P000012,150,30,2026-06-19
INV0000388,ST0026,P000006,390,55,2026-06-09
INV0000389,ST0026,P000018,25,21,2026-06-26
INV0000390,ST0026,P000003,330,25,2026-07-03
INV0000391,ST0027,P000003,171,20,2026-06-16
INV0000392,ST0027,P000004,274,82,2026-07-02
INV0000393,ST0027,P000001,2,75,2026-06-23
INV0000394,ST0027,P000007,381,51,2026-06-19
INV0000395,ST0027,P000010,302,87,2026-06-12
INV0000396,ST0027,P000008,78,77,2026-07-05
INV0000397,ST0027,P000012,435,33,2026-06-16
INV0000398,ST0027,P000011,481,52,2026-06-21
INV0000399,ST0027,P000014,356,29,2026-07-06
INV0000400,ST0027,P000018,338,82,2026-06-13
INV0000401,ST0027,P000005,63,99,2026-06-08
INV0000402,ST0027,P000006,123,88,2026-06-19
INV0000403,ST0027,P000013,416,99,2026-06-28
INV0000404,ST0027,P000020,323,88,2026-06-08
INV0000405,ST0027,P000016,94,71,2026-06-11
INV0000406,ST0028,P000013,146,39,2026-07-04
INV0000407,ST0028,P000010,195,97,2026-06-25
INV0000408,ST0028,P000004,7,41,2026-07-04
INV0000409,ST0028,P000007,440,69,2026-06-24
INV0000410,ST0028,P000011,283,45,2026-06-30
INV0000411,ST0028,P000006,370,62,2026-06-09
INV0000412,ST0028,P000017,93,42,2026-07-02
INV0000413,ST0028,P000019,217,27,2026-06-10
INV0000414,ST0028,P000001,145,65,2026-06-29
INV0000415,ST0028,P000002,250,40,2026-06-10
INV0000416,ST0028,P000005,327,48,2026-06-14
INV0000417,ST0028,P000018,252,72,2026-06-11
INV0000418,ST0028,P000012,433,55,2026-07-07
INV0000419,ST0028,P000016,402,74,2026-06-10
INV0000420,ST0028,P000003,275,70,2026-06-28
INV0000421,ST0029,P000020,262,34,2026-06-28
INV0000422,ST0029,P000012,3,72,2026-06-22
INV0000423,ST0029,P000016,98,86,2026-06-12
INV0000424,ST0029,P000006,482,47,2026-06-14
INV0000425,ST0029,P000017,305,54,2026-06-24
INV0000426,ST0029,P000013,377,76,2026-07-04
INV0000427,ST0029,P000003,85,59,2026-06-14
INV0000428,ST0029,P000007,195,94,2026-06-24
INV0000429,ST0029,P000001,116,51,2026-07-02
INV0000430,ST0029,P000005,54,64,2026-07-07
INV0000431,ST0029,P000015,287,97,2026-07-01
INV0000432,ST0029,P000002,474,90,2026-06-29
INV0000433,ST0029,P000018,255,26,2026-06-19
INV0000434,ST0029,P000008,397,56,2026-06-10
INV0000435,ST0029,P000019,73,85,2026-07-07
INV0000436,ST0030,P000003,420,51,2026-06-18
INV0000437,ST0030,P000020,76,66,2026-06-12
INV0000438,ST0030,P000019,205,21,2026-07-01
INV0000439,ST0030,P000002,152,91,2026-06-20
INV0000440,ST0030,P000014,321,50,2026-06-20
INV0000441,ST0030,P000007,374,60,2026-06-22
INV0000442,ST0030,P000008,57,98,2026-06-23
INV0000443,ST0030,P000012,152,47,2026-06-14
INV0000444,ST0030,P000009,182,36,2026-07-07
INV0000445,ST0030,P000017,364,26,2026-07-03
INV0000446,ST0030,P000006,460,33,2026-07-03
INV0000447,ST0030,P000018,82,57,2026-06-15
INV0000448,ST0030,P000010,391,33,2026-06-26
INV0000449,ST0030,P000016,84,35,2026-07-02
INV0000450,ST0030,P000011,472,29,2026-06-10
INV0000451,ST0031,P000009,289,94,2026-06-26
INV0000452,ST0031,P000018,382,65,2026-06-18
INV0000453,ST0031,P000005,414,90,2026-06-22
INV0000454,ST0031,P000010,353,51,2026-07-02
INV0000455,ST0031,P000013,395,38,2026-07-04
INV0000456,ST0031,P000003,307,65,2026-07-02
INV0000457,ST0031,P000014,305,63,2026-06-23
INV0000458,ST0031,P000004,323,32,2026-07-04
INV0000459,ST0031,P000006,250,61,2026-06-15
INV0000460,ST0031,P000016,311,91,2026-07-04
INV0000461,ST0031,P000015,182,58,2026-06-27
INV0000462,ST0031,P000017,159,95,2026-07-06
INV0000463,ST0031,P000011,334,36,2026-06-26
INV0000464,ST0031,P000008,214,28,2026-06-27
INV0000465,ST0031,P000012,259,29,2026-06-16
INV0000466,ST0032,P000018,248,87,2026-06-08
INV0000467,ST0032,P000009,2,32,2026-06-25
INV0000468,ST0032,P000004,471,23,2026-06-18
INV0000469,ST0032,P000008,491,87,2026-06-20
INV0000470,ST0032,P000010,290,49,2026-06-12
INV0000471,ST0032,P000011,435,87,2026-07-01
INV0000472,ST0032,P000020,457,38,2026-06-11
INV0000473,ST0032,P000012,436,82,2026-07-02
INV0000474,ST0032,P000019,160,97,2026-06-27
INV0000475,ST0032,P000007,141,98,2026-07-01
INV0000476,ST0032,P000017,117,39,2026-06-22
INV0000477,ST0032,P000005,91,87,2026-07-07
INV0000478,ST0032,P000001,124,34,2026-06-09
INV0000479,ST0032,P000015,312,62,2026-07-04
INV0000480,ST0032,P000002,59,60,2026-06-08
INV0000481,ST0033,P000006,166,24,2026-07-05
INV0000482,ST0033,P000019,458,65,2026-06-29
INV0000483,ST0033,P000015,399,67,2026-07-07
INV0000484,ST0033,P000012,304,77,2026-06-25
INV0000485,ST0033,P000004,63,86,2026-07-06
INV0000486,ST0033,P000002,108,51,2026-06-13
INV0000487,ST0033,P000013,20,68,2026-06-13
INV0000488,ST0033,P000011,143,87,2026-07-03
INV0000489,ST0033,P000009,112,93,2026-06-30
INV0000490,ST0033,P000005,58,63,2026-06-28
INV0000491,ST0033,P000007,391,90,2026-06-25
INV0000492,ST0033,P000014,34,47,2026-06-27
INV0000493,ST0033,P000003,111,70,2026-07-07
INV0000494,ST0033,P000018,284,43,2026-07-06
INV0000495,ST0033,P000016,79,45,2026-06-13
INV0000496,ST0034,P000013,460,83,2026-06-19
INV0000497,ST0034,P000004,173,48,2026-07-01
INV0000498,ST0034,P000018,8,37,2026-06-26
INV0000499,ST0034,P000011,176,69,2026-06-30
INV0000500,ST0034,P000009,427,22,2026-07-06
INV0000501,ST0034,P000001,422,58,2026-07-02
INV0000502,ST0034,P000015,27,97,2026-06-12
INV0000503,ST0034,P000007,229,46,2026-07-07
INV0000504,ST0034,P000017,231,46,2026-06-28
INV0000505,ST0034,P000016,201,43,2026-06-19
INV0000506,ST0034,P000002,366,35,2026-07-07
INV0000507,ST0034,P000008,78,67,2026-06-25
INV0000508,ST0034,P000020,474,35,2026-06-18
INV0000509,ST0034,P000005,469,96,2026-06-09
INV0000510,ST0034,P000003,438,81,2026-07-07
INV0000511,ST0035,P000002,34,57,2026-06-17
INV0000512,ST0035,P000006,40,62,2026-06-17
INV0000513,ST0035,P000019,422,78,2026-06-21
INV0000514,ST0035,P000018,1,92,2026-07-07
INV0000515,ST0035,P000012,264,90,2026-06-19
INV0000516,ST0035,P000020,93,68,2026-06-10
INV0000517,ST0035,P000010,303,81,2026-06-12
INV0000518,ST0035,P000007,349,86,2026-06-22
INV0000519,ST0035,P000014,308,57,2026-07-02
INV0000520,ST0035,P000001,401,43,2026-06-10
INV0000521,ST0035,P000016,250,95,2026-07-06
INV0000522,ST0035,P000017,325,81,2026-06-21
INV0000523,ST0035,P000005,21,72,2026-06-28
INV0000524,ST0035,P000015,360,44,2026-06-24
INV0000525,ST0035,P000013,179,50,2026-06-28
INV0000526,ST0036,P000016,67,32,2026-06-19
INV0000527,ST0036,P000013,163,29,2026-06-12
INV0000528,ST0036,P000012,60,55,2026-07-07
INV0000529,ST0036,P000017,405,66,2026-06-20
INV0000530,ST0036,P000003,120,73,2026-07-03
INV0000531,ST0036,P000009,125,68,2026-07-03
INV0000532,ST0036,P000006,141,94,2026-06-23
INV0000533,ST0036,P000014,355,27,2026-06-19
INV0000534,ST0036,P000008,222,48,2026-06-09
INV0000535,ST0036,P000007,23,61,2026-06-12
INV0000536,ST0036,P000020,429,100,2026-06-22
INV0000537,ST0036,P000018,402,87,2026-06-21
INV0000538,ST0036,P000019,241,60,2026-06-29
INV0000539,ST0036,P000002,432,33,2026-07-04
INV0000540,ST0036,P000001,433,69,2026-06-11
INV0000541,ST0037,P000017,255,64,2026-06-11
INV0000542,ST0037,P000015,281,44,2026-06-30
INV0000543,ST0037,P000002,220,83,2026-06-23
INV0000544,ST0037,P000006,496,30,2026-06-12
INV0000545,ST0037,P000001,236,24,2026-06-12
INV0000546,ST0037,P000010,424,51,2026-06-19
INV0000547,ST0037,P000019,224,61,2026-07-07
INV0000548,ST0037,P000018,426,66,2026-06-12
INV0000549,ST0037,P000005,438,53,2026-07-03
INV0000550,ST0037,P000004,319,39,2026-06-26
INV0000551,ST0037,P000011,366,100,2026-06-23
INV0000552,ST0037,P000003,219,91,2026-07-01
INV0000553,ST0037,P000013,48,71,2026-06-10
INV0000554,ST0037,P000014,144,44,2026-07-07
INV0000555,ST0037,P000016,18,20,2026-06-09
INV0000556,ST0038,P000013,396,44,2026-06-29
INV0000557,ST0038,P000015,120,93,2026-07-07
INV0000558,ST0038,P000006,320,74,2026-06-13
INV0000559,ST0038,P000004,209,63,2026-07-05
INV0000560,ST0038,P000008,255,38,2026-06-11
INV0000561,ST0038,P000002,136,57,2026-06-21
INV0000562,ST0038,P000016,235,84,2026-06-14
INV0000563,ST0038,P000007,125,46,2026-06-18
INV0000564,ST0038,P000019,444,41,2026-06-14
INV0000565,ST0038,P000001,52,35,2026-07-07
INV0000566,ST0038,P000012,32,31,2026-07-03
INV0000567,ST0038,P000017,454,61,2026-06-10
INV0000568,ST0038,P000011,237,87,2026-07-05
INV0000569,ST0038,P000018,106,40,2026-06-22
INV0000570,ST0038,P000010,279,45,2026-06-15
INV0000571,ST0039,P000014,65,52,2026-06-29
INV0000572,ST0039,P000015,485,75,2026-06-30
INV0000573,ST0039,P000011,157,80,2026-07-07
INV0000574,ST0039,P000020,252,95,2026-06-19
INV0000575,ST0039,P000005,133,76,2026-06-11
INV0000576,ST0039,P000001,479,96,2026-07-06
INV0000577,ST0039,P000007,265,81,2026-06-27
INV0000578,ST0039,P000018,263,22,2026-06-28
INV0000579,ST0039,P000008,472,45,2026-06-17
INV0000580,ST0039,P000002,31,21,2026-07-02
INV0000581,ST0039,P000019,162,33,2026-06-20
INV0000582,ST0039,P000012,43,97,2026-06-28
INV0000583,ST0039,P000013,320,56,2026-06-08
INV0000584,ST0039,P000003,185,28,2026-06-15
INV0000585,ST0039,P000010,38,75,2026-06-25
INV0000586,ST0040,P000009,301,95,2026-06-24
INV0000587,ST0040,P000007,127,48,2026-07-01
INV0000588,ST0040,P000014,482,56,2026-06-14
INV0000589,ST0040,P000005,129,23,2026-07-01
INV0000590,ST0040,P000004,283,21,2026-06-11
INV0000591,ST0040,P000008,145,58,2026-06-13
INV0000592,ST0040,P000016,220,28,2026-06-08
INV0000593,ST0040,P000012,299,21,2026-06-27
INV0000594,ST0040,P000018,498,97,2026-06-23
INV0000595,ST0040,P000006,168,99,2026-07-02
INV0000596,ST0040,P000010,262,22,2026-06-13
INV0000597,ST0040,P000017,1,59,2026-06-14
INV0000598,ST0040,P000019,34,55,2026-07-01
INV0000599,ST0040,P000015,427,57,2026-06-26
INV0000600,ST0040,P000013,140,86,2026-07-05
INV0000601,ST0041,P000009,412,63,2026-06-08
INV0000602,ST0041,P000003,470,21,2026-06-12
INV0000603,ST0041,P000006,383,66,2026-06-15
INV0000604,ST0041,P000017,356,90,2026-06-21
INV0000605,ST0041,P000013,94,58,2026-06-22
INV0000606,ST0041,P000001,58,95,2026-07-05
INV0000607,ST0041,P000014,2,78,2026-06-11
INV0000608,ST0041,P000016,110,26,2026-06-27
INV0000609,ST0041,P000008,461,22,2026-06-24
INV0000610,ST0041,P000012,53,51,2026-06-25
INV0000611,ST0041,P000004,64,56,2026-06-27
INV0000612,ST0041,P000002,277,28,2026-06-29
INV0000613,ST0041,P000010,28,57,2026-06-10
INV0000614,ST0041,P000011,311,84,2026-07-02
INV0000615,ST0041,P000019,250,84,2026-06-19
INV0000616,ST0042,P000007,141,62,2026-07-01
INV0000617,ST0042,P000017,114,67,2026-06-08
INV0000618,ST0042,P000016,161,45,2026-06-08
INV0000619,ST0042,P000005,463,85,2026-06-30
INV0000620,ST0042,P000008,307,77,2026-06-22
INV0000621,ST0042,P000012,454,43,2026-06-29
INV0000622,ST0042,P000014,278,97,2026-06-15
INV0000623,ST0042,P000001,422,77,2026-06-15
INV0000624,ST0042,P000010,225,36,2026-06-09
INV0000625,ST0042,P000006,318,98,2026-06-18
INV0000626,ST0042,P000018,377,41,2026-06-09
INV0000627,ST0042,P000015,21,40,2026-06-28
INV0000628,ST0042,P000011,339,86,2026-06-17
INV0000629,ST0042,P000009,190,22,2026-06-25
INV0000630,ST0042,P000020,240,53,2026-06-23
INV0000631,ST0043,P000006,119,85,2026-06-13
INV0000632,ST0043,P000019,71,66,2026-06-17
INV0000633,ST0043,P000011,344,87,2026-06-25
INV0000634,ST0043,P000002,334,100,2026-07-06
INV0000635,ST0043,P000018,467,57,2026-06-12
INV0000636,ST0043,P000015,280,33,2026-06-30
INV0000637,ST0043,P000013,408,43,2026-07-02
INV0000638,ST0043,P000020,86,99,2026-06-24
INV0000639,ST0043,P000017,478,71,2026-06-17
INV0000640,ST0043,P000003,99,45,2026-06-21
INV0000641,ST0043,P000001,419,53,2026-06-17
INV0000642,ST0043,P000010,417,76,2026-07-03
INV0000643,ST0043,P000004,455,21,2026-07-01
INV0000644,ST0043,P000007,231,37,2026-07-03
INV0000645,ST0043,P000009,122,98,2026-06-18
INV0000646,ST0044,P000015,308,61,2026-07-03
INV0000647,ST0044,P000003,469,45,2026-06-17
INV0000648,ST0044,P000008,263,59,2026-06-09
INV0000649,ST0044,P000013,352,100,2026-07-07
INV0000650,ST0044,P000016,257,80,2026-06-13
INV0000651,ST0044,P000005,370,58,2026-06-27
INV0000652,ST0044,P000010,305,70,2026-06-17
INV0000653,ST0044,P000011,354,25,2026-06-23
INV0000654,ST0044,P000020,119,62,2026-06-29
INV0000655,ST0044,P000004,341,83,2026-07-07
INV0000656,ST0044,P000001,231,42,2026-06-19
INV0000657,ST0044,P000017,80,75,2026-06-26
INV0000658,ST0044,P000018,273,76,2026-06-21
INV0000659,ST0044,P000014,113,25,2026-06-16
INV0000660,ST0044,P000012,106,27,2026-06-26
INV0000661,ST0045,P000001,96,84,2026-07-05
INV0000662,ST0045,P000003,348,52,2026-06-12
INV0000663,ST0045,P000019,66,67,2026-06-30
INV0000664,ST0045,P000005,261,24,2026-06-12
INV0000665,ST0045,P000020,228,96,2026-06-28
INV0000666,ST0045,P000013,103,52,2026-06-20
INV0000667,ST0045,P000008,277,30,2026-07-04
INV0000668,ST0045,P000012,385,77,2026-06-20
INV0000669,ST0045,P000002,241,72,2026-07-03
INV0000670,ST0045,P000010,458,36,2026-06-12
INV0000671,ST0045,P000007,79,94,2026-06-25
INV0000672,ST0045,P000006,328,64,2026-07-04
INV0000673,ST0045,P000018,344,22,2026-07-01
INV0000674,ST0045,P000015,58,95,2026-06-12
INV0000675,ST0045,P000014,300,43,2026-06-15
INV0000676,ST0046,P000011,150,50,2026-07-02
INV0000677,ST0046,P000003,199,81,2026-06-17
INV0000678,ST0046,P000017,480,64,2026-07-04
INV0000679,ST0046,P000005,35,38,2026-07-07
INV0000680,ST0046,P000009,407,47,2026-06-20
INV0000681,ST0046,P000014,29,29,2026-07-03
INV0000682,ST0046,P000018,103,37,2026-06-25
INV0000683,ST0046,P000019,432,21,2026-06-27
INV0000684,ST0046,P000013,352,55,2026-06-24
INV0000685,ST0046,P000004,48,36,2026-06-12
INV0000686,ST0046,P000001,257,75,2026-06-21
INV0000687,ST0046,P000012,107,34,2026-06-11
INV0000688,ST0046,P000016,353,58,2026-06-13
INV0000689,ST0046,P000002,273,79,2026-06-17
INV0000690,ST0046,P000008,210,55,2026-07-07
INV0000691,ST0047,P000003,237,30,2026-06-15
INV0000692,ST0047,P000018,241,85,2026-06-20
INV0000693,ST0047,P000016,112,82,2026-06-13
INV0000694,ST0047,P000008,371,63,2026-07-03
INV0000695,ST0047,P000012,266,99,2026-06-27
INV0000696,ST0047,P000002,213,97,2026-07-03
INV0000697,ST0047,P000001,80,28,2026-06-18
INV0000698,ST0047,P000011,429,40,2026-06-26
INV0000699,ST0047,P000019,434,72,2026-06-28
INV0000700,ST0047,P000010,214,33,2026-06-28
INV0000701,ST0047,P000014,175,80,2026-06-21
INV0000702,ST0047,P000005,26,88,2026-07-02
INV0000703,ST0047,P000009,7,79,2026-06-08
INV0000704,ST0047,P000006,464,32,2026-06-26
INV0000705,ST0047,P000017,277,57,2026-06-12
INV0000706,ST0048,P000013,224,90,2026-06-29
INV0000707,ST0048,P000001,50,42,2026-06-30
INV0000708,ST0048,P000005,468,39,2026-06-26
INV0000709,ST0048,P000002,337,80,2026-06-27
INV0000710,ST0048,P000004,418,37,2026-06-11
INV0000711,ST0048,P000014,413,74,2026-06-10
INV0000712,ST0048,P000007,8,21,2026-06-28
INV0000713,ST0048,P000017,204,48,2026-06-29
INV0000714,ST0048,P000006,460,55,2026-06-22
INV0000715,ST0048,P000003,408,85,2026-06-15
INV0000716,ST0048,P000019,442,97,2026-06-10
INV0000717,ST0048,P000009,341,45,2026-06-28
INV0000718,ST0048,P000020,486,90,2026-06-13
INV0000719,ST0048,P000016,116,98,2026-07-03
INV0000720,ST0048,P000008,494,93,2026-06-24
INV0000721,ST0049,P000002,246,65,2026-06-20
INV0000722,ST0049,P000001,326,71,2026-06-27
INV0000723,ST0049,P000010,480,97,2026-06-26
INV0000724,ST0049,P000019,324,90,2026-06-21
INV0000725,ST0049,P000017,459,42,2026-06-30
INV0000726,ST0049,P000020,475,37,2026-06-28
INV0000727,ST0049,P000013,9,49,2026-06-23
INV0000728,ST0049,P000018,25,65,2026-06-27
INV0000729,ST0049,P000006,258,29,2026-07-07
INV0000730,ST0049,P000005,104,79,2026-06-16
INV0000731,ST0049,P000004,104,33,2026-07-06
INV0000732,ST0049,P000012,63,93,2026-06-26
INV0000733,ST0049,P000011,235,48,2026-06-12
INV0000734,ST0049,P000007,371,42,2026-06-19
INV0000735,ST0049,P000014,430,36,2026-06-27
INV0000736,ST0050,P000003,27,45,2026-07-02
INV0000737,ST0050,P000007,32,58,2026-06-22
INV0000738,ST0050,P000017,265,89,2026-07-05
INV0000739,ST0050,P000010,374,53,2026-06-21
INV0000740,ST0050,P000014,331,44,2026-06-23
INV0000741,ST0050,P000012,337,43,2026-07-04
INV0000742,ST0050,P000002,79,21,2026-06-18
INV0000743,ST0050,P000020,462,31,2026-07-03
INV0000744,ST0050,P000016,457,37,2026-06-23
INV0000745,ST0050,P000004,375,52,2026-07-07
INV0000746,ST0050,P000015,288,58,2026-06-27
INV0000747,ST0050,P000019,306,61,2026-06-08
INV0000748,ST0050,P000018,138,20,2026-06-08
INV0000749,ST0050,P000006,202,76,2026-06-24
INV0000750,ST0050,P000013,218,36,2026-06-08
INV0000751,ST0051,P000002,474,72,2026-06-28
INV0000752,ST0051,P000006,56,88,2026-06-19
INV0000753,ST0051,P000003,177,28,2026-07-01
INV0000754,ST0051,P000005,55,99,2026-06-14
INV0000755,ST0051,P000016,428,59,2026-06-19
INV0000756,ST0051,P000004,72,95,2026-07-07
INV0000757,ST0051,P000001,327,72,2026-06-14
INV0000758,ST0051,P000017,290,35,2026-06-30
INV0000759,ST0051,P000009,147,98,2026-06-10
INV0000760,ST0051,P000012,41,43,2026-06-20
INV0000761,ST0051,P000007,304,53,2026-07-04
INV0000762,ST0051,P000020,479,69,2026-07-01
INV0000763,ST0051,P000015,339,86,2026-06-12
INV0000764,ST0051,P000013,303,41,2026-07-05
INV0000765,ST0051,P000014,266,24,2026-06-21
INV0000766,ST0052,P000001,185,91,2026-06-09
INV0000767,ST0052,P000005,456,26,2026-06-16
INV0000768,ST0052,P000020,359,42,2026-06-24
INV0000769,ST0052,P000019,489,50,2026-06-14
INV0000770,ST0052,P000010,407,49,2026-06-28
INV0000771,ST0052,P000002,374,42,2026-06-11
INV0000772,ST0052,P000009,5,99,2026-06-21
INV0000773,ST0052,P000012,114,60,2026-07-02
INV0000774,ST0052,P000007,212,74,2026-07-03
INV0000775,ST0052,P000015,472,23,2026-07-06
INV0000776,ST0052,P000008,351,75,2026-07-02
INV0000777,ST0052,P000016,30,66,2026-07-01
INV0000778,ST0052,P000018,413,23,2026-06-25
INV0000779,ST0052,P000004,322,79,2026-07-07
INV0000780,ST0052,P000011,405,27,2026-06-13
INV0000781,ST0053,P000014,275,65,2026-06-15
INV0000782,ST0053,P000001,256,47,2026-06-14
INV0000783,ST0053,P000006,312,92,2026-07-05
INV0000784,ST0053,P000002,161,97,2026-06-25
INV0000785,ST0053,P000012,369,62,2026-06-20
INV0000786,ST0053,P000015,232,27,2026-06-24
INV0000787,ST0053,P000005,500,94,2026-07-01
INV0000788,ST0053,P000011,246,87,2026-07-01
INV0000789,ST0053,P000013,68,48,2026-06-18
INV0000790,ST0053,P000004,339,22,2026-06-15
INV0000791,ST0053,P000018,74,96,2026-06-30
INV0000792,ST0053,P000008,150,41,2026-06-14
INV0000793,ST0053,P000017,402,42,2026-07-06
INV0000794,ST0053,P000019,234,53,2026-06-28
INV0000795,ST0053,P000009,323,42,2026-06-16
INV0000796,ST0054,P000014,427,30,2026-06-30
INV0000797,ST0054,P000006,27,31,2026-06-18
INV0000798,ST0054,P000003,254,61,2026-07-04
INV0000799,ST0054,P000017,382,32,2026-06-17
INV0000800,ST0054,P000012,424,29,2026-07-06
INV0000801,ST0054,P000015,159,75,2026-07-05
INV0000802,ST0054,P000002,407,25,2026-06-20
INV0000803,ST0054,P000018,154,26,2026-06-20
INV0000804,ST0054,P000009,307,67,2026-06-24
INV0000805,ST0054,P000005,227,58,2026-06-15
INV0000806,ST0054,P000001,318,68,2026-06-09
INV0000807,ST0054,P000011,41,50,2026-07-05
INV0000808,ST0054,P000008,360,41,2026-06-23
INV0000809,ST0054,P000010,160,24,2026-06-09
INV0000810,ST0054,P000004,62,97,2026-06-12
INV0000811,ST0055,P000017,133,22,2026-06-22
INV0000812,ST0055,P000011,115,94,2026-07-07
INV0000813,ST0055,P000019,221,67,2026-06-10
INV0000814,ST0055,P000007,216,45,2026-06-18
INV0000815,ST0055,P000008,149,52,2026-07-04
INV0000816,ST0055,P000002,221,49,2026-06-10
INV0000817,ST0055,P000006,358,51,2026-06-15
INV0000818,ST0055,P000003,49,26,2026-06-26
INV0000819,ST0055,P000001,14,66,2026-07-01
INV0000820,ST0055,P000004,61,25,2026-06-29
INV0000821,ST0055,P000020,341,38,2026-07-07
INV0000822,ST0055,P000014,406,69,2026-06-23
INV0000823,ST0055,P000005,469,35,2026-06-11
INV0000824,ST0055,P000015,3,71,2026-06-25
INV0000825,ST0055,P000013,14,48,2026-06-19
INV0000826,ST0056,P000020,170,54,2026-06-25
INV0000827,ST0056,P000019,167,73,2026-06-26
INV0000828,ST0056,P000012,287,59,2026-06-10
INV0000829,ST0056,P000011,143,59,2026-06-24
INV0000830,ST0056,P000016,301,78,2026-06-14
INV0000831,ST0056,P000007,294,61,2026-07-06
INV0000832,ST0056,P000018,374,38,2026-06-22
INV0000833,ST0056,P000005,85,29,2026-06-26
INV0000834,ST0056,P000003,190,88,2026-06-15
INV0000835,ST0056,P000001,172,68,2026-06-11
INV0000836,ST0056,P000009,102,36,2026-06-25
INV0000837,ST0056,P000010,314,45,2026-07-07
INV0000838,ST0056,P000013,205,84,2026-06-23
INV0000839,ST0056,P000002,153,30,2026-06-10
INV0000840,ST0056,P000008,387,73,2026-06-27
INV0000841,ST0057,P000017,254,47,2026-06-28
INV0000842,ST0057,P000004,209,42,2026-06-19
INV0000843,ST0057,P000020,149,64,2026-06-17
INV0000844,ST0057,P000008,268,94,2026-06-15
INV0000845,ST0057,P000007,56,70,2026-06-13
INV0000846,ST0057,P000002,235,87,2026-07-05
INV0000847,ST0057,P000019,419,92,2026-06-17
INV0000848,ST0057,P000014,20,39,2026-06-16
INV0000849,ST0057,P000001,335,75,2026-06-18
INV0000850,ST0057,P000009,294,60,2026-06-23
INV0000851,ST0057,P000011,115,45,2026-07-06
INV0000852,ST0057,P000005,93,42,2026-06-25
INV0000853,ST0057,P000012,359,66,2026-06-21
INV0000854,ST0057,P000018,257,93,2026-06-30
INV0000855,ST0057,P000013,202,83,2026-06-12
INV0000856,ST0058,P000006,231,65,2026-06-12
INV0000857,ST0058,P000015,378,48,2026-06-20
INV0000858,ST0058,P000009,286,26,2026-06-24
INV0000859,ST0058,P000012,393,64,2026-06-13
INV0000860,ST0058,P000016,37,47,2026-06-12
INV0000861,ST0058,P000018,301,71,2026-06-26
INV0000862,ST0058,P000010,349,26,2026-06-30
INV0000863,ST0058,P000011,302,70,2026-06-13
INV0000864,ST0058,P000002,62,27,2026-06-10
INV0000865,ST0058,P000008,431,77,2026-06-09
INV0000866,ST0058,P000020,246,75,2026-06-23
INV0000867,ST0058,P000001,453,55,2026-06-30
INV0000868,ST0058,P000013,16,73,2026-06-11
INV0000869,ST0058,P000019,319,82,2026-06-13
INV0000870,ST0058,P000005,63,66,2026-06-29
INV0000871,ST0059,P000018,28,37,2026-06-17
INV0000872,ST0059,P000006,352,99,2026-06-11
INV0000873,ST0059,P000003,132,22,2026-07-07
INV0000874,ST0059,P000015,160,62,2026-06-19
INV0000875,ST0059,P000002,99,91,2026-06-17
INV0000876,ST0059,P000019,167,82,2026-06-28
INV0000877,ST0059,P000016,345,91,2026-06-19
INV0000878,ST0059,P000011,254,86,2026-06-22
INV0000879,ST0059,P000013,465,95,2026-06-18
INV0000880,ST0059,P000012,292,55,2026-06-10
INV0000881,ST0059,P000014,54,88,2026-07-01
INV0000882,ST0059,P000020,425,92,2026-06-14
INV0000883,ST0059,P000017,138,21,2026-06-15
INV0000884,ST0059,P000009,295,40,2026-06-08
INV0000885,ST0059,P000001,115,67,2026-06-22
INV0000886,ST0060,P000011,24,89,2026-06-20
INV0000887,ST0060,P000017,334,98,2026-06-23
INV0000888,ST0060,P000005,251,60,2026-06-09
INV0000889,ST0060,P000014,49,61,2026-06-12
INV0000890,ST0060,P000016,282,70,2026-06-22
INV0000891,ST0060,P000002,163,78,2026-06-24
INV0000892,ST0060,P000009,462,40,2026-06-14
INV0000893,ST0060,P000006,411,45,2026-07-06
INV0000894,ST0060,P000015,376,87,2026-06-09
INV0000895,ST0060,P000001,125,98,2026-06-25
INV0000896,ST0060,P000008,53,23,2026-06-10
INV0000897,ST0060,P000004,373,36,2026-06-18
INV0000898,ST0060,P000003,133,61,2026-06-21
INV0000899,ST0060,P000010,308,31,2026-07-04
INV0000900,ST0060,P000012,4,49,2026-06-24
INV0000901,ST0061,P000008,197,32,2026-06-21
INV0000902,ST0061,P000017,32,30,2026-06-13
INV0000903,ST0061,P000016,36,40,2026-06-23
INV0000904,ST0061,P000018,68,83,2026-06-26
INV0000905,ST0061,P000001,318,51,2026-06-10
INV0000906,ST0061,P000002,451,77,2026-06-09
INV0000907,ST0061,P000009,401,85,2026-06-26
INV0000908,ST0061,P000019,463,36,2026-06-25
INV0000909,ST0061,P000006,282,44,2026-07-05
INV0000910,ST0061,P000013,395,99,2026-06-08
INV0000911,ST0061,P000003,92,86,2026-06-12
INV0000912,ST0061,P000020,316,87,2026-07-01
INV0000913,ST0061,P000005,224,37,2026-06-20
INV0000914,ST0061,P000014,362,54,2026-06-12
INV0000915,ST0061,P000004,43,71,2026-07-02
INV0000916,ST0062,P000016,392,42,2026-06-30
INV0000917,ST0062,P000004,389,74,2026-06-11
INV0000918,ST0062,P000003,233,29,2026-06-21
INV0000919,ST0062,P000007,84,44,2026-06-20
INV0000920,ST0062,P000014,113,67,2026-06-20
INV0000921,ST0062,P000013,239,97,2026-07-03
INV0000922,ST0062,P000018,336,76,2026-06-08
INV0000923,ST0062,P000001,222,28,2026-07-01
INV0000924,ST0062,P000006,15,94,2026-06-10
INV0000925,ST0062,P000002,22,96,2026-06-28
INV0000926,ST0062,P000010,281,75,2026-06-17
INV0000927,ST0062,P000015,122,52,2026-07-07
INV0000928,ST0062,P000009,341,89,2026-06-17
INV0000929,ST0062,P000008,238,54,2026-06-24
INV0000930,ST0062,P000005,129,96,2026-07-05
INV0000931,ST0063,P000006,243,34,2026-06-27
INV0000932,ST0063,P000008,47,42,2026-06-09
INV0000933,ST0063,P000017,68,99,2026-07-05
INV0000934,ST0063,P000011,471,79,2026-07-02
INV0000935,ST0063,P000015,10,27,2026-07-01
INV0000936,ST0063,P000004,413,69,2026-07-04
INV0000937,ST0063,P000005,409,51,2026-06-17
INV0000938,ST0063,P000020,159,24,2026-06-15
INV0000939,ST0063,P000007,307,95,2026-06-18
INV0000940,ST0063,P000009,445,55,2026-06-23
INV0000941,ST0063,P000001,100,73,2026-06-25
INV0000942,ST0063,P000019,486,70,2026-06-24
INV0000943,ST0063,P000012,353,97,2026-06-17
INV0000944,ST0063,P000013,500,75,2026-06-23
INV0000945,ST0063,P000002,448,52,2026-06-28
INV0000946,ST0064,P000003,255,48,2026-06-09
INV0000947,ST0064,P000009,0,70,2026-07-06
INV0000948,ST0064,P000012,41,88,2026-06-30
INV0000949,ST0064,P000018,146,30,2026-06-25
INV0000950,ST0064,P000011,392,85,2026-06-30
INV0000951,ST0064,P000020,122,23,2026-06-28
INV0000952,ST0064,P000013,266,28,2026-06-25
INV0000953,ST0064,P000019,341,87,2026-06-09
INV0000954,ST0064,P000015,253,54,2026-07-07
INV0000955,ST0064,P000010,64,23,2026-06-27
INV0000956,ST0064,P000004,196,57,2026-06-28
INV0000957,ST0064,P000008,459,72,2026-06-10
INV0000958,ST0064,P000002,62,20,2026-06-10
INV0000959,ST0064,P000001,459,58,2026-07-04
INV0000960,ST0064,P000006,11,26,2026-06-14
INV0000961,ST0065,P000004,62,52,2026-06-24
INV0000962,ST0065,P000020,124,40,2026-06-19
INV0000963,ST0065,P000018,411,59,2026-06-20
INV0000964,ST0065,P000017,203,65,2026-06-09
INV0000965,ST0065,P000014,340,34,2026-06-25
INV0000966,ST0065,P000001,186,88,2026-06-10
INV0000967,ST0065,P000009,130,42,2026-06-17
INV0000968,ST0065,P000010,475,25,2026-06-27
INV0000969,ST0065,P000005,3,34,2026-07-06
INV0000970,ST0065,P000019,382,45,2026-06-28
INV0000971,ST0065,P000013,17,65,2026-06-13
INV0000972,ST0065,P000007,256,28,2026-06-30
INV0000973,ST0065,P000002,372,83,2026-06-11
INV0000974,ST0065,P000016,429,86,2026-06-12
INV0000975,ST0065,P000006,252,62,2026-06-27
INV0000976,ST0066,P000007,81,52,2026-07-05
INV0000977,ST0066,P000011,80,24,2026-06-27
INV0000978,ST0066,P000002,428,96,2026-06-25
INV0000979,ST0066,P000016,376,32,2026-06-24
INV0000980,ST0066,P000006,256,56,2026-07-03
INV0000981,ST0066,P000020,350,26,2026-06-22
INV0000982,ST0066,P000012,148,31,2026-07-07
INV0000983,ST0066,P000014,242,80,2026-06-11
INV0000984,ST0066,P000015,435,58,2026-06-10
INV0000985,ST0066,P000003,20,29,2026-06-24
INV0000986,ST0066,P000008,2,40,2026-06-21
INV0000987,ST0066,P000019,22,38,2026-07-03
INV0000988,ST0066,P000010,172,47,2026-07-03
INV0000989,ST0066,P000004,493,38,2026-06-23
INV0000990,ST0066,P000018,105,67,2026-06-26
INV0000991,ST0067,P000017,408,60,2026-06-23
INV0000992,ST0067,P000014,196,34,2026-06-23
INV0000993,ST0067,P000015,231,86,2026-06-27
INV0000994,ST0067,P000016,414,20,2026-06-30
INV0000995,ST0067,P000001,12,38,2026-06-15
INV0000996,ST0067,P000020,218,96,2026-06-10
INV0000997,ST0067,P000005,409,36,2026-06-27
INV0000998,ST0067,P000004,336,99,2026-07-07
INV0000999,ST0067,P000012,33,90,2026-06-29
INV0001000,ST0067,P000019,480,55,2026-06-15
INV0001001,ST0067,P000007,38,46,2026-06-12
INV0001002,ST0067,P000003,243,96,2026-06-14
INV0001003,ST0067,P000006,233,41,2026-07-03
INV0001004,ST0067,P000010,451,33,2026-06-08
INV0001005,ST0067,P000018,245,23,2026-06-16
INV0001006,ST0068,P000002,205,27,2026-07-04
INV0001007,ST0068,P000010,181,68,2026-07-04
INV0001008,ST0068,P000007,267,39,2026-06-18
INV0001009,ST0068,P000009,446,26,2026-07-06
INV0001010,ST0068,P000012,446,54,2026-06-15
INV0001011,ST0068,P000020,257,90,2026-06-15
INV0001012,ST0068,P000013,36,96,2026-06-17
INV0001013,ST0068,P000015,60,88,2026-06-14
INV0001014,ST0068,P000008,92,92,2026-06-11
INV0001015,ST0068,P000018,70,22,2026-06-19
INV0001016,ST0068,P000003,327,41,2026-07-03
INV0001017,ST0068,P000011,478,30,2026-06-08
INV0001018,ST0068,P000019,445,79,2026-06-16
INV0001019,ST0068,P000004,49,91,2026-06-23
INV0001020,ST0068,P000005,482,98,2026-06-30
INV0001021,ST0069,P000019,458,62,2026-06-09
INV0001022,ST0069,P000011,326,62,2026-06-30
INV0001023,ST0069,P000009,254,53,2026-06-18
INV0001024,ST0069,P000017,380,74,2026-06-29
INV0001025,ST0069,P000020,401,99,2026-06-09
INV0001026,ST0069,P000014,212,56,2026-06-18
INV0001027,ST0069,P000001,308,38,2026-06-14
INV0001028,ST0069,P000006,125,29,2026-06-11
INV0001029,ST0069,P000018,208,29,2026-06-16
INV0001030,ST0069,P000005,419,73,2026-06-18
INV0001031,ST0069,P000004,88,49,2026-06-22
INV0001032,ST0069,P000016,280,64,2026-06-09
INV0001033,ST0069,P000008,95,33,2026-07-02
INV0001034,ST0069,P000012,471,73,2026-06-14
INV0001035,ST0069,P000003,191,80,2026-06-28
INV0001036,ST0070,P000016,429,84,2026-06-22
INV0001037,ST0070,P000002,386,84,2026-06-11
INV0001038,ST0070,P000005,186,34,2026-07-04
INV0001039,ST0070,P000003,380,29,2026-07-06
INV0001040,ST0070,P000004,137,47,2026-06-18
INV0001041,ST0070,P000007,152,28,2026-06-30
INV0001042,ST0070,P000010,243,35,2026-07-07
INV0001043,ST0070,P000015,184,79,2026-07-06
INV0001044,ST0070,P000009,308,30,2026-07-05
INV0001045,ST0070,P000017,224,72,2026-06-08
INV0001046,ST0070,P000012,320,51,2026-07-07
INV0001047,ST0070,P000011,418,32,2026-06-09
INV0001048,ST0070,P000020,98,51,2026-06-21
INV0001049,ST0070,P000014,347,57,2026-06-16
INV0001050,ST0070,P000013,42,85,2026-06-21
INV0001051,ST0071,P000019,72,92,2026-06-20
INV0001052,ST0071,P000007,77,76,2026-07-04
INV0001053,ST0071,P000018,469,79,2026-06-30
INV0001054,ST0071,P000002,207,96,2026-06-14
INV0001055,ST0071,P000008,19,24,2026-07-02
INV0001056,ST0071,P000004,31,21,2026-06-08
INV0001057,ST0071,P000011,92,85,2026-06-24
INV0001058,ST0071,P000009,388,25,2026-06-16
INV0001059,ST0071,P000005,221,73,2026-06-08
INV0001060,ST0071,P000015,127,56,2026-06-23
INV0001061,ST0071,P000001,498,20,2026-07-01
INV0001062,ST0071,P000020,230,94,2026-07-04
INV0001063,ST0071,P000013,38,58,2026-06-15
INV0001064,ST0071,P000010,373,82,2026-06-26
INV0001065,ST0071,P000012,299,48,2026-06-14
INV0001066,ST0072,P000010,1,68,2026-06-14
INV0001067,ST0072,P000007,71,69,2026-06-11
INV0001068,ST0072,P000001,335,93,2026-06-26
INV0001069,ST0072,P000018,179,67,2026-06-29
INV0001070,ST0072,P000015,419,77,2026-07-04
INV0001071,ST0072,P000003,256,97,2026-06-11
INV0001072,ST0072,P000002,53,74,2026-06-15
INV0001073,ST0072,P000006,377,32,2026-06-21
INV0001074,ST0072,P000020,55,28,2026-06-14
INV0001075,ST0072,P000011,302,39,2026-06-29
INV0001076,ST0072,P000012,29,84,2026-06-08
INV0001077,ST0072,P000019,91,39,2026-06-21
INV0001078,ST0072,P000009,458,22,2026-07-05
INV0001079,ST0072,P000005,443,60,2026-06-15
INV0001080,ST0072,P000004,302,26,2026-06-30
INV0001081,ST0073,P000014,40,38,2026-06-09
INV0001082,ST0073,P000005,347,56,2026-06-15
INV0001083,ST0073,P000006,436,48,2026-06-30
INV0001084,ST0073,P000016,405,89,2026-06-27
INV0001085,ST0073,P000019,163,81,2026-07-06
INV0001086,ST0073,P000012,180,32,2026-06-20
INV0001087,ST0073,P000008,73,33,2026-06-18
INV0001088,ST0073,P000001,343,50,2026-06-29
INV0001089,ST0073,P000017,98,32,2026-07-07
INV0001090,ST0073,P000020,425,66,2026-06-16
INV0001091,ST0073,P000007,102,87,2026-07-07
INV0001092,ST0073,P000002,3,39,2026-06-23
INV0001093,ST0073,P000013,423,48,2026-06-15
INV0001094,ST0073,P000011,227,95,2026-06-26
INV0001095,ST0073,P000003,257,64,2026-06-13
INV0001096,ST0074,P000001,327,47,2026-06-14
INV0001097,ST0074,P000004,294,84,2026-07-07
INV0001098,ST0074,P000010,424,100,2026-06-15
INV0001099,ST0074,P000015,472,55,2026-06-28
INV0001100,ST0074,P000011,1,80,2026-06-22
INV0001101,ST0074,P000017,343,92,2026-06-22
INV0001102,ST0074,P000013,67,63,2026-06-16
INV0001103,ST0074,P000005,412,23,2026-06-11
INV0001104,ST0074,P000009,236,84,2026-07-05
INV0001105,ST0074,P000016,326,36,2026-06-23
INV0001106,ST0074,P000007,163,71,2026-06-27
INV0001107,ST0074,P000014,495,48,2026-07-07
INV0001108,ST0074,P000002,277,31,2026-06-30
INV0001109,ST0074,P000008,496,34,2026-06-27
INV0001110,ST0074,P000020,30,24,2026-06-10
INV0001111,ST0075,P000017,395,27,2026-06-11
INV0001112,ST0075,P000014,58,41,2026-06-17
INV0001113,ST0075,P000004,357,41,2026-06-11
INV0001114,ST0075,P000003,140,55,2026-07-03
INV0001115,ST0075,P000016,103,23,2026-06-10
INV0001116,ST0075,P000020,4,65,2026-06-11
INV0001117,ST0075,P000018,466,28,2026-06-17
INV0001118,ST0075,P000008,384,89,2026-06-25
INV0001119,ST0075,P000019,326,25,2026-06-09
INV0001120,ST0075,P000007,405,30,2026-06-20
INV0001121,ST0075,P000013,133,25,2026-06-30
INV0001122,ST0075,P000011,42,41,2026-06-27
INV0001123,ST0075,P000012,182,99,2026-07-02
INV0001124,ST0075,P000005,417,72,2026-06-27
INV0001125,ST0075,P000009,305,41,2026-07-07
INV0001126,ST0076,P000012,329,75,2026-06-08
INV0001127,ST0076,P000017,205,48,2026-07-06
INV0001128,ST0076,P000011,95,30,2026-06-20
INV0001129,ST0076,P000003,4,27,2026-07-07
INV0001130,ST0076,P000020,337,69,2026-07-06
INV0001131,ST0076,P000001,406,21,2026-06-27
INV0001132,ST0076,P000019,103,81,2026-06-11
INV0001133,ST0076,P000013,239,25,2026-06-12
INV0001134,ST0076,P000016,41,97,2026-06-25
INV0001135,ST0076,P000006,48,61,2026-07-07
INV0001136,ST0076,P000008,162,61,2026-07-02
INV0001137,ST0076,P000007,204,62,2026-06-20
INV0001138,ST0076,P000002,342,57,2026-06-19
INV0001139,ST0076,P000010,153,24,2026-06-17
INV0001140,ST0076,P000014,452,73,2026-06-25
INV0001141,ST0077,P000020,156,64,2026-07-06
INV0001142,ST0077,P000004,437,89,2026-06-25
INV0001143,ST0077,P000014,420,38,2026-06-22
INV0001144,ST0077,P000005,74,27,2026-06-30
INV0001145,ST0077,P000006,84,81,2026-06-15
INV0001146,ST0077,P000018,157,93,2026-07-05
INV0001147,ST0077,P000008,356,65,2026-06-12
INV0001148,ST0077,P000009,86,96,2026-07-04
INV0001149,ST0077,P000003,11,57,2026-06-19
INV0001150,ST0077,P000013,128,97,2026-07-07
INV0001151,ST0077,P000012,389,32,2026-06-19
INV0001152,ST0077,P000015,367,35,2026-06-15
INV0001153,ST0077,P000010,183,94,2026-07-03
INV0001154,ST0077,P000017,328,34,2026-07-01
INV0001155,ST0077,P000011,333,65,2026-07-05
INV0001156,ST0078,P000017,267,66,2026-06-30
INV0001157,ST0078,P000001,75,47,2026-06-11
INV0001158,ST0078,P000008,186,53,2026-07-04
INV0001159,ST0078,P000009,273,32,2026-06-21
INV0001160,ST0078,P000002,239,89,2026-06-10
INV0001161,ST0078,P000007,36,96,2026-07-02
INV0001162,ST0078,P000004,412,69,2026-07-05
INV0001163,ST0078,P000019,387,43,2026-06-18
INV0001164,ST0078,P000011,361,33,2026-06-25
INV0001165,ST0078,P000020,228,23,2026-06-23
INV0001166,ST0078,P000003,187,88,2026-06-20
INV0001167,ST0078,P000012,132,87,2026-06-25
INV0001168,ST0078,P000010,26,49,2026-06-10
INV0001169,ST0078,P000005,139,62,2026-06-27
INV0001170,ST0078,P000006,357,60,2026-06-30
INV0001171,ST0079,P000004,480,35,2026-06-17
INV0001172,ST0079,P000010,285,58,2026-07-02
INV0001173,ST0079,P000007,478,48,2026-06-15
INV0001174,ST0079,P000015,1,79,2026-07-07
INV0001175,ST0079,P000002,75,43,2026-06-08
INV0001176,ST0079,P000018,494,52,2026-06-30
INV0001177,ST0079,P000003,444,25,2026-06-12
INV0001178,ST0079,P000014,16,79,2026-06-13
INV0001179,ST0079,P000009,62,59,2026-06-22
INV0001180,ST0079,P000005,239,81,2026-06-22
INV0001181,ST0079,P000013,397,37,2026-06-09
INV0001182,ST0079,P000017,379,91,2026-06-11
INV0001183,ST0079,P000012,156,99,2026-06-17
INV0001184,ST0079,P000020,350,30,2026-07-03
INV0001185,ST0079,P000011,69,48,2026-06-28
INV0001186,ST0080,P000013,481,92,2026-07-01
INV0001187,ST0080,P000011,120,68,2026-06-28
INV0001188,ST0080,P000019,210,70,2026-06-12
INV0001189,ST0080,P000015,439,43,2026-07-06
INV0001190,ST0080,P000001,355,84,2026-07-01
INV0001191,ST0080,P000002,41,50,2026-06-14
INV0001192,ST0080,P000004,260,25,2026-06-26
INV0001193,ST0080,P000017,474,75,2026-06-25
INV0001194,ST0080,P000020,148,99,2026-06-29
INV0001195,ST0080,P000008,47,98,2026-07-03
INV0001196,ST0080,P000006,111,38,2026-07-03
INV0001197,ST0080,P000005,16,75,2026-06-28
INV0001198,ST0080,P000009,486,47,2026-06-21
INV0001199,ST0080,P000012,37,99,2026-06-22
INV0001200,ST0080,P000018,119,88,2026-06-10
INV0001201,ST0081,P000002,47,25,2026-06-15
INV0001202,ST0081,P000015,430,77,2026-06-26
INV0001203,ST0081,P000009,285,59,2026-06-08
INV0001204,ST0081,P000006,9,53,2026-07-03
INV0001205,ST0081,P000011,38,52,2026-06-20
INV0001206,ST0081,P000013,17,32,2026-06-09
INV0001207,ST0081,P000019,128,98,2026-06-21
INV0001208,ST0081,P000005,150,55,2026-06-21
INV0001209,ST0081,P000010,396,24,2026-06-24
INV0001210,ST0081,P000016,170,70,2026-06-12
INV0001211,ST0081,P000017,373,45,2026-06-15
INV0001212,ST0081,P000007,415,60,2026-06-18
INV0001213,ST0081,P000003,66,98,2026-06-20
INV0001214,ST0081,P000020,427,90,2026-06-21
INV0001215,ST0081,P000012,205,61,2026-06-19
INV0001216,ST0082,P000019,123,65,2026-06-23
INV0001217,ST0082,P000004,88,44,2026-06-26
INV0001218,ST0082,P000002,497,42,2026-06-08
INV0001219,ST0082,P000001,151,52,2026-07-03
INV0001220,ST0082,P000005,59,41,2026-06-18
INV0001221,ST0082,P000008,361,99,2026-06-15
INV0001222,ST0082,P000007,268,82,2026-06-24
INV0001223,ST0082,P000010,451,27,2026-06-27
INV0001224,ST0082,P000003,127,60,2026-06-26
INV0001225,ST0082,P000018,52,80,2026-06-20
INV0001226,ST0082,P000017,62,37,2026-06-16
INV0001227,ST0082,P000013,34,81,2026-06-30
INV0001228,ST0082,P000015,86,59,2026-06-14
INV0001229,ST0082,P000009,349,69,2026-06-25
INV0001230,ST0082,P000011,114,69,2026-07-04
INV0001231,ST0083,P000008,129,83,2026-06-27
INV0001232,ST0083,P000009,293,88,2026-06-28
INV0001233,ST0083,P000020,46,70,2026-06-24
INV0001234,ST0083,P000003,257,45,2026-06-22
INV0001235,ST0083,P000010,376,49,2026-06-16
INV0001236,ST0083,P000011,235,76,2026-07-07
INV0001237,ST0083,P000012,68,27,2026-07-06
INV0001238,ST0083,P000013,6,63,2026-06-20
INV0001239,ST0083,P000002,232,93,2026-06-13
INV0001240,ST0083,P000005,98,56,2026-06-25
INV0001241,ST0083,P000015,37,73,2026-07-06
INV0001242,ST0083,P000001,170,21,2026-06-13
INV0001243,ST0083,P000019,248,88,2026-06-17
INV0001244,ST0083,P000016,1,84,2026-07-03
INV0001245,ST0083,P000007,387,74,2026-06-26
INV0001246,ST0084,P000009,226,78,2026-06-16
INV0001247,ST0084,P000002,431,88,2026-06-15
INV0001248,ST0084,P000012,322,22,2026-06-25
INV0001249,ST0084,P000016,321,92,2026-07-02
INV0001250,ST0084,P000015,305,78,2026-07-06
INV0001251,ST0084,P000010,219,62,2026-07-01
INV0001252,ST0084,P000008,264,99,2026-06-10
INV0001253,ST0084,P000011,276,78,2026-06-27
INV0001254,ST0084,P000005,117,87,2026-06-28
INV0001255,ST0084,P000020,353,85,2026-06-27
INV0001256,ST0084,P000013,248,93,2026-06-22
INV0001257,ST0084,P000004,490,77,2026-06-20
INV0001258,ST0084,P000003,213,87,2026-06-27
INV0001259,ST0084,P000006,421,35,2026-07-02
INV0001260,ST0084,P000018,257,31,2026-06-21
INV0001261,ST0085,P000010,314,24,2026-06-10
INV0001262,ST0085,P000002,498,62,2026-07-06
INV0001263,ST0085,P000013,482,67,2026-06-20
INV0001264,ST0085,P000007,65,99,2026-06-25
INV0001265,ST0085,P000003,268,63,2026-06-30
INV0001266,ST0085,P000011,475,28,2026-06-21
INV0001267,ST0085,P000004,188,59,2026-06-09
INV0001268,ST0085,P000019,452,40,2026-06-23
INV0001269,ST0085,P000001,428,67,2026-06-08
INV0001270,ST0085,P000018,330,83,2026-06-16
INV0001271,ST0085,P000015,401,45,2026-06-11
INV0001272,ST0085,P000005,249,77,2026-06-14
INV0001273,ST0085,P000012,497,66,2026-06-15
INV0001274,ST0085,P000014,211,49,2026-06-30
INV0001275,ST0085,P000006,287,94,2026-06-08
INV0001276,ST0086,P000012,105,26,2026-07-06
INV0001277,ST0086,P000002,381,89,2026-06-17
INV0001278,ST0086,P000003,378,97,2026-06-23
INV0001279,ST0086,P000005,136,52,2026-06-13
INV0001280,ST0086,P000009,258,25,2026-06-13
INV0001281,ST0086,P000008,363,27,2026-06-26
INV0001282,ST0086,P000011,474,32,2026-06-19
INV0001283,ST0086,P000001,247,20,2026-06-12
INV0001284,ST0086,P000010,391,58,2026-07-07
INV0001285,ST0086,P000019,470,22,2026-06-23
INV0001286,ST0086,P000017,321,50,2026-06-11
INV0001287,ST0086,P000004,401,96,2026-07-04
INV0001288,ST0086,P000016,231,87,2026-07-02
INV0001289,ST0086,P000018,298,30,2026-06-21
INV0001290,ST0086,P000020,258,77,2026-06-15
INV0001291,ST0087,P000008,166,35,2026-07-05
INV0001292,ST0087,P000013,349,21,2026-06-12
INV0001293,ST0087,P000016,19,52,2026-06-26
INV0001294,ST0087,P000002,159,29,2026-06-08
INV0001295,ST0087,P000019,5,66,2026-06-09
INV0001296,ST0087,P000011,395,23,2026-07-07
INV0001297,ST0087,P000004,350,58,2026-06-23
INV0001298,ST0087,P000018,440,24,2026-06-28
INV0001299,ST0087,P000007,162,68,2026-06-19
INV0001300,ST0087,P000009,37,41,2026-06-08
INV0001301,ST0087,P000015,349,50,2026-07-05
INV0001302,ST0087,P000012,306,40,2026-06-16
INV0001303,ST0087,P000005,390,70,2026-06-11
INV0001304,ST0087,P000003,14,40,2026-07-06
INV0001305,ST0087,P000017,240,74,2026-06-16
INV0001306,ST0088,P000008,353,26,2026-06-10
INV0001307,ST0088,P000007,273,46,2026-07-04
INV0001308,ST0088,P000018,301,76,2026-06-30
INV0001309,ST0088,P000013,469,29,2026-06-22
INV0001310,ST0088,P000020,97,27,2026-06-28
INV0001311,ST0088,P000010,69,73,2026-07-03
INV0001312,ST0088,P000016,411,59,2026-06-29
INV0001313,ST0088,P000005,137,76,2026-06-14
INV0001314,ST0088,P000006,84,43,2026-07-07
INV0001315,ST0088,P000001,415,75,2026-06-28
INV0001316,ST0088,P000015,221,45,2026-06-14
INV0001317,ST0088,P000017,196,92,2026-07-05
INV0001318,ST0088,P000011,30,32,2026-06-18
INV0001319,ST0088,P000012,0,40,2026-06-25
INV0001320,ST0088,P000014,444,49,2026-06-17
INV0001321,ST0089,P000010,305,84,2026-06-15
INV0001322,ST0089,P000018,300,44,2026-06-22
INV0001323,ST0089,P000014,424,79,2026-06-25
INV0001324,ST0089,P000017,298,88,2026-06-24
INV0001325,ST0089,P000011,434,22,2026-06-09
INV0001326,ST0089,P000016,240,25,2026-06-28
INV0001327,ST0089,P000004,423,64,2026-06-27
INV0001328,ST0089,P000008,230,87,2026-07-01
INV0001329,ST0089,P000003,342,83,2026-06-30
INV0001330,ST0089,P000020,375,99,2026-06-15
INV0001331,ST0089,P000015,445,37,2026-06-20
INV0001332,ST0089,P000007,49,73,2026-06-29
INV0001333,ST0089,P000013,269,39,2026-06-30
INV0001334,ST0089,P000006,363,61,2026-06-10
INV0001335,ST0089,P000009,241,88,2026-06-11
INV0001336,ST0090,P000019,155,95,2026-06-25
INV0001337,ST0090,P000002,30,92,2026-07-07
INV0001338,ST0090,P000010,398,33,2026-06-28
INV0001339,ST0090,P000020,286,60,2026-07-04
INV0001340,ST0090,P000004,158,36,2026-06-11
INV0001341,ST0090,P000005,117,30,2026-06-16
INV0001342,ST0090,P000018,309,21,2026-07-01
INV0001343,ST0090,P000011,201,39,2026-06-15
INV0001344,ST0090,P000014,166,100,2026-06-17
INV0001345,ST0090,P000012,47,85,2026-06-15
INV0001346,ST0090,P000003,500,96,2026-06-13
INV0001347,ST0090,P000015,117,35,2026-06-26
INV0001348,ST0090,P000006,288,25,2026-06-13
INV0001349,ST0090,P000016,373,98,2026-07-04
INV0001350,ST0090,P000001,411,51,2026-06-26
INV0001351,ST0091,P000008,4,68,2026-06-14
INV0001352,ST0091,P000003,42,53,2026-06-08
INV0001353,ST0091,P000004,493,72,2026-06-08
INV0001354,ST0091,P000002,244,44,2026-07-06
INV0001355,ST0091,P000006,199,88,2026-06-13
INV0001356,ST0091,P000020,407,25,2026-07-03
INV0001357,ST0091,P000010,9,42,2026-06-29
INV0001358,ST0091,P000011,234,88,2026-06-23
INV0001359,ST0091,P000019,43,89,2026-06-17
INV0001360,ST0091,P000009,61,43,2026-06-25
INV0001361,ST0091,P000013,258,29,2026-06-19
INV0001362,ST0091,P000012,341,68,2026-07-04
INV0001363,ST0091,P000007,433,86,2026-06-22
INV0001364,ST0091,P000014,239,43,2026-07-06
INV0001365,ST0091,P000018,259,78,2026-07-07
INV0001366,ST0092,P000009,313,33,2026-07-07
INV0001367,ST0092,P000011,399,43,2026-06-11
INV0001368,ST0092,P000004,34,64,2026-06-15
INV0001369,ST0092,P000014,129,65,2026-07-04
INV0001370,ST0092,P000003,26,81,2026-07-05
INV0001371,ST0092,P000008,429,94,2026-06-19
INV0001372,ST0092,P000018,274,45,2026-06-22
INV0001373,ST0092,P000020,442,22,2026-06-08
INV0001374,ST0092,P000013,132,90,2026-06-21
INV0001375,ST0092,P000012,440,48,2026-06-22
INV0001376,ST0092,P000001,224,84,2026-06-29
INV0001377,ST0092,P000016,328,56,2026-06-21
INV0001378,ST0092,P000015,292,86,2026-07-06
INV0001379,ST0092,P000010,394,63,2026-06-17
INV0001380,ST0092,P000002,164,23,2026-07-04
INV0001381,ST0093,P000008,348,51,2026-07-07
INV0001382,ST0093,P000019,19,58,2026-06-08
INV0001383,ST0093,P000003,272,69,2026-06-21
INV0001384,ST0093,P000004,431,95,2026-06-12
INV0001385,ST0093,P000013,223,100,2026-06-28
INV0001386,ST0093,P000009,378,82,2026-06-16
INV0001387,ST0093,P000002,462,20,2026-06-25
INV0001388,ST0093,P000020,482,52,2026-07-04
INV0001389,ST0093,P000010,140,80,2026-06-26
INV0001390,ST0093,P000006,31,34,2026-07-04
INV0001391,ST0093,P000012,364,69,2026-07-03
INV0001392,ST0093,P000001,71,97,2026-06-19
INV0001393,ST0093,P000011,199,39,2026-07-03
INV0001394,ST0093,P000015,118,26,2026-07-02
INV0001395,ST0093,P000018,298,69,2026-06-09
INV0001396,ST0094,P000001,62,70,2026-06-27
INV0001397,ST0094,P000017,421,83,2026-06-09
INV0001398,ST0094,P000009,345,27,2026-06-10
INV0001399,ST0094,P000015,108,62,2026-06-24
INV0001400,ST0094,P000008,212,38,2026-06-12
INV0001401,ST0094,P000011,12,49,2026-07-02
INV0001402,ST0094,P000007,209,30,2026-06-08
INV0001403,ST0094,P000006,144,57,2026-06-24
INV0001404,ST0094,P000005,218,33,2026-07-04
INV0001405,ST0094,P000016,426,69,2026-07-07
INV0001406,ST0094,P000013,272,76,2026-07-02
INV0001407,ST0094,P000020,51,29,2026-07-06
INV0001408,ST0094,P000010,257,67,2026-07-03
INV0001409,ST0094,P000003,173,41,2026-06-12
INV0001410,ST0094,P000004,295,60,2026-07-07
INV0001411,ST0095,P000009,244,39,2026-06-14
INV0001412,ST0095,P000001,30,46,2026-07-07
INV0001413,ST0095,P000018,359,59,2026-06-29
INV0001414,ST0095,P000015,400,66,2026-06-24
INV0001415,ST0095,P000008,120,37,2026-06-17
INV0001416,ST0095,P000012,66,59,2026-06-12
INV0001417,ST0095,P000019,83,37,2026-06-10
INV0001418,ST0095,P000007,270,69,2026-06-28
INV0001419,ST0095,P000011,471,72,2026-06-13
INV0001420,ST0095,P000017,363,46,2026-06-20
INV0001421,ST0095,P000003,418,52,2026-07-05
INV0001422,ST0095,P000002,278,62,2026-06-11
INV0001423,ST0095,P000005,348,44,2026-06-09
INV0001424,ST0095,P000010,123,100,2026-06-22
INV0001425,ST0095,P000016,220,75,2026-06-27
INV0001426,ST0096,P000008,13,86,2026-06-25
INV0001427,ST0096,P000020,427,92,2026-06-09
INV0001428,ST0096,P000011,473,83,2026-06-09
INV0001429,ST0096,P000006,450,58,2026-06-22
INV0001430,ST0096,P000004,346,79,2026-07-02
INV0001431,ST0096,P000017,356,73,2026-06-16
INV0001432,ST0096,P000003,350,90,2026-06-10
INV0001433,ST0096,P000015,363,68,2026-06-12
INV0001434,ST0096,P000009,326,92,2026-06-11
INV0001435,ST0096,P000014,80,80,2026-06-08
INV0001436,ST0096,P000016,426,53,2026-06-23
INV0001437,ST0096,P000019,432,70,2026-06-22
INV0001438,ST0096,P000001,359,43,2026-07-04
INV0001439,ST0096,P000002,367,44,2026-07-05
INV0001440,ST0096,P000012,391,79,2026-07-05
INV0001441,ST0097,P000010,23,80,2026-07-05
INV0001442,ST0097,P000009,205,58,2026-07-05
INV0001443,ST0097,P000006,338,24,2026-06-20
INV0001444,ST0097,P000015,85,29,2026-07-02
INV0001445,ST0097,P000014,125,81,2026-06-27
INV0001446,ST0097,P000001,38,29,2026-06-20
INV0001447,ST0097,P000012,234,37,2026-06-23
INV0001448,ST0097,P000005,468,84,2026-07-02
INV0001449,ST0097,P000002,470,96,2026-06-23
INV0001450,ST0097,P000003,495,37,2026-07-02
INV0001451,ST0097,P000008,371,95,2026-06-11
INV0001452,ST0097,P000007,18,82,2026-07-01
INV0001453,ST0097,P000018,445,24,2026-07-04
INV0001454,ST0097,P000013,112,59,2026-06-12
INV0001455,ST0097,P000020,494,82,2026-06-17
INV0001456,ST0098,P000020,349,78,2026-06-26
INV0001457,ST0098,P000019,51,37,2026-06-18
INV0001458,ST0098,P000008,383,26,2026-06-26
INV0001459,ST0098,P000015,258,37,2026-06-17
INV0001460,ST0098,P000007,443,87,2026-06-09
INV0001461,ST0098,P000002,430,52,2026-06-27
INV0001462,ST0098,P000013,258,89,2026-07-05
INV0001463,ST0098,P000017,16,90,2026-07-07
INV0001464,ST0098,P000003,67,31,2026-06-09
INV0001465,ST0098,P000016,263,25,2026-07-07
INV0001466,ST0098,P000001,26,77,2026-07-04
INV0001467,ST0098,P000010,339,88,2026-06-26
INV0001468,ST0098,P000009,73,92,2026-07-07
INV0001469,ST0098,P000011,478,36,2026-06-29
INV0001470,ST0098,P000018,276,90,2026-06-11
INV0001471,ST0099,P000018,463,61,2026-06-11
INV0001472,ST0099,P000011,175,34,2026-06-27
INV0001473,ST0099,P000016,347,49,2026-06-30
INV0001474,ST0099,P000014,77,53,2026-07-03
INV0001475,ST0099,P000002,404,64,2026-06-26
INV0001476,ST0099,P000003,197,35,2026-06-18
INV0001477,ST0099,P000008,386,43,2026-06-29
INV0001478,ST0099,P000012,443,83,2026-06-24
INV0001479,ST0099,P000007,440,79,2026-06-30
INV0001480,ST0099,P000009,353,37,2026-06-13
INV0001481,ST0099,P000004,295,60,2026-06-18
INV0001482,ST0099,P000017,164,43,2026-06-27
INV0001483,ST0099,P000019,74,70,2026-07-02
INV0001484,ST0099,P000013,250,36,2026-07-02
INV0001485,ST0099,P000005,165,59,2026-06-23
INV0001486,ST0100,P000019,169,85,2026-07-06
INV0001487,ST0100,P000015,294,91,2026-06-29
INV0001488,ST0100,P000017,327,72,2026-06-20
INV0001489,ST0100,P000020,176,28,2026-07-06
INV0001490,ST0100,P000016,232,74,2026-06-11
INV0001491,ST0100,P000004,456,91,2026-06-18
INV0001492,ST0100,P000007,194,65,2026-06-24
INV0001493,ST0100,P000010,253,63,2026-06-24
INV0001494,ST0100,P000006,398,76,2026-06-17
INV0001495,ST0100,P000009,416,66,2026-06-11
INV0001496,ST0100,P000011,172,24,2026-06-13
INV0001497,ST0100,P000001,55,73,2026-06-26
INV0001498,ST0100,P000018,75,81,2026-07-02
INV0001499,ST0100,P000008,129,84,2026-06-20
INV0001500,ST0100,P000005,376,25,2026-06-26
INV0001501,ST0101,P000002,373,49,2026-06-16
INV0001502,ST0101,P000010,446,51,2026-06-18
INV0001503,ST0101,P000014,70,68,2026-06-08
INV0001504,ST0101,P000007,452,74,2026-06-24
INV0001505,ST0101,P000016,36,44,2026-06-27
INV0001506,ST0101,P000012,150,71,2026-06-16
INV0001507,ST0101,P000013,450,41,2026-06-19
INV0001508,ST0101,P000004,335,71,2026-06-10
INV0001509,ST0101,P000019,32,32,2026-06-26
INV0001510,ST0101,P000009,83,38,2026-06-14
INV0001511,ST0101,P000020,393,55,2026-06-15
INV0001512,ST0101,P000006,37,84,2026-06-08
INV0001513,ST0101,P000001,138,56,2026-07-04
INV0001514,ST0101,P000017,471,90,2026-06-28
INV0001515,ST0101,P000005,439,63,2026-06-10
INV0001516,ST0102,P000012,254,40,2026-06-19
INV0001517,ST0102,P000005,421,99,2026-06-28
INV0001518,ST0102,P000014,218,28,2026-06-09
INV0001519,ST0102,P000010,370,77,2026-06-23
INV0001520,ST0102,P000013,83,33,2026-07-02
INV0001521,ST0102,P000019,154,53,2026-06-10
INV0001522,ST0102,P000018,219,93,2026-06-12
INV0001523,ST0102,P000016,341,98,2026-06-16
INV0001524,ST0102,P000015,169,37,2026-07-05
INV0001525,ST0102,P000011,187,54,2026-07-04
INV0001526,ST0102,P000002,373,74,2026-06-12
INV0001527,ST0102,P000004,250,26,2026-07-06
INV0001528,ST0102,P000006,176,81,2026-07-07
INV0001529,ST0102,P000009,51,90,2026-06-30
INV0001530,ST0102,P000020,156,39,2026-06-12
INV0001531,ST0103,P000017,9,91,2026-06-12
INV0001532,ST0103,P000018,178,70,2026-06-27
INV0001533,ST0103,P000019,269,26,2026-06-16
INV0001534,ST0103,P000009,178,49,2026-06-21
INV0001535,ST0103,P000015,115,79,2026-06-24
INV0001536,ST0103,P000020,354,76,2026-06-26
INV0001537,ST0103,P000012,140,52,2026-06-14
INV0001538,ST0103,P000005,265,67,2026-07-07
INV0001539,ST0103,P000016,492,83,2026-07-02
INV0001540,ST0103,P000014,66,36,2026-07-04
INV0001541,ST0103,P000003,275,39,2026-06-23
INV0001542,ST0103,P000013,343,90,2026-07-01
INV0001543,ST0103,P000006,265,96,2026-06-08
INV0001544,ST0103,P000004,129,43,2026-07-05
INV0001545,ST0103,P000001,86,44,2026-06-15
INV0001546,ST0104,P000015,494,51,2026-06-14
INV0001547,ST0104,P000005,134,71,2026-06-11
INV0001548,ST0104,P000013,457,88,2026-06-22
INV0001549,ST0104,P000012,373,20,2026-06-22
INV0001550,ST0104,P000008,209,97,2026-06-18
INV0001551,ST0104,P000003,385,27,2026-07-02
INV0001552,ST0104,P000016,264,47,2026-06-22
INV0001553,ST0104,P000011,348,92,2026-06-26
INV0001554,ST0104,P000019,90,25,2026-07-01
INV0001555,ST0104,P000020,100,97,2026-06-28
INV0001556,ST0104,P000006,398,59,2026-06-23
INV0001557,ST0104,P000009,500,31,2026-06-13
INV0001558,ST0104,P000017,333,66,2026-07-03
INV0001559,ST0104,P000001,385,28,2026-06-12
INV0001560,ST0104,P000002,97,61,2026-06-09
INV0001561,ST0105,P000007,82,82,2026-06-23
INV0001562,ST0105,P000013,263,64,2026-06-19
INV0001563,ST0105,P000003,494,89,2026-06-13
INV0001564,ST0105,P000001,81,64,2026-07-06
INV0001565,ST0105,P000012,232,38,2026-07-05
INV0001566,ST0105,P000019,373,41,2026-06-27
INV0001567,ST0105,P000020,10,96,2026-06-12
INV0001568,ST0105,P000009,309,36,2026-06-10
INV0001569,ST0105,P000008,215,48,2026-06-22
INV0001570,ST0105,P000017,11,56,2026-07-03
INV0001571,ST0105,P000016,365,38,2026-06-29
INV0001572,ST0105,P000004,360,94,2026-06-13
INV0001573,ST0105,P000005,336,45,2026-06-14
INV0001574,ST0105,P000011,389,80,2026-06-22
INV0001575,ST0105,P000006,495,86,2026-06-20
INV0001576,ST0106,P000019,192,21,2026-06-21
INV0001577,ST0106,P000002,67,66,2026-06-29
INV0001578,ST0106,P000018,495,53,2026-07-05
INV0001579,ST0106,P000009,466,66,2026-06-21
INV0001580,ST0106,P000012,82,82,2026-06-12
INV0001581,ST0106,P000005,108,30,2026-06-12
INV0001582,ST0106,P000007,246,99,2026-06-10
INV0001583,ST0106,P000001,70,76,2026-06-30
INV0001584,ST0106,P000010,377,39,2026-07-02
INV0001585,ST0106,P000013,284,90,2026-06-22
INV0001586,ST0106,P000014,185,22,2026-06-20
INV0001587,ST0106,P000004,136,55,2026-06-14
INV0001588,ST0106,P000017,343,33,2026-06-20
INV0001589,ST0106,P000006,315,80,2026-06-23
INV0001590,ST0106,P000008,3,100,2026-06-10
INV0001591,ST0107,P000017,447,78,2026-06-14
INV0001592,ST0107,P000016,324,34,2026-07-04
INV0001593,ST0107,P000015,271,26,2026-06-15
INV0001594,ST0107,P000003,147,54,2026-06-20
INV0001595,ST0107,P000013,270,51,2026-07-03
INV0001596,ST0107,P000010,89,81,2026-06-12
INV0001597,ST0107,P000006,273,38,2026-06-18
INV0001598,ST0107,P000004,122,63,2026-07-01
INV0001599,ST0107,P000008,370,49,2026-06-27
INV0001600,ST0107,P000005,468,29,2026-06-29
INV0001601,ST0107,P000019,258,100,2026-07-03
INV0001602,ST0107,P000014,304,75,2026-06-22
INV0001603,ST0107,P000002,322,56,2026-06-21
INV0001604,ST0107,P000007,468,46,2026-06-20
INV0001605,ST0107,P000012,318,44,2026-06-10
INV0001606,ST0108,P000013,203,21,2026-06-09
INV0001607,ST0108,P000001,430,84,2026-06-27
INV0001608,ST0108,P000015,127,26,2026-06-11
INV0001609,ST0108,P000004,301,38,2026-07-01
INV0001610,ST0108,P000016,110,71,2026-07-07
INV0001611,ST0108,P000002,351,92,2026-06-30
INV0001612,ST0108,P000020,304,38,2026-06-29
INV0001613,ST0108,P000005,423,97,2026-06-18
INV0001614,ST0108,P000010,442,95,2026-06-19
INV0001615,ST0108,P000007,63,27,2026-06-18
INV0001616,ST0108,P000006,47,89,2026-06-16
INV0001617,ST0108,P000009,342,98,2026-06-20
INV0001618,ST0108,P000003,454,77,2026-06-09
INV0001619,ST0108,P000011,122,32,2026-06-30
INV0001620,ST0108,P000014,207,76,2026-07-06
INV0001621,ST0109,P000015,447,28,2026-06-09
INV0001622,ST0109,P000005,418,69,2026-06-24
INV0001623,ST0109,P000018,209,48,2026-06-11
INV0001624,ST0109,P000014,467,68,2026-06-26
INV0001625,ST0109,P000001,207,98,2026-06-23
INV0001626,ST0109,P000013,143,50,2026-06-22
INV0001627,ST0109,P000002,9,93,2026-06-22
INV0001628,ST0109,P000016,219,88,2026-06-30
INV0001629,ST0109,P000010,372,82,2026-06-21
INV0001630,ST0109,P000004,371,93,2026-06-25
INV0001631,ST0109,P000003,240,24,2026-06-28
INV0001632,ST0109,P000009,284,72,2026-06-23
INV0001633,ST0109,P000017,70,33,2026-06-11
INV0001634,ST0109,P000011,141,53,2026-07-01
INV0001635,ST0109,P000020,232,34,2026-06-10
INV0001636,ST0110,P000006,121,34,2026-07-02
INV0001637,ST0110,P000017,264,52,2026-06-19
INV0001638,ST0110,P000001,133,48,2026-07-01
INV0001639,ST0110,P000014,397,74,2026-06-26
INV0001640,ST0110,P000019,95,98,2026-06-19
INV0001641,ST0110,P000011,464,37,2026-06-08
INV0001642,ST0110,P000007,266,24,2026-06-16
INV0001643,ST0110,P000004,244,58,2026-06-18
INV0001644,ST0110,P000009,55,43,2026-06-18
INV0001645,ST0110,P000018,309,89,2026-06-26
INV0001646,ST0110,P000020,212,98,2026-06-30
INV0001647,ST0110,P000003,126,26,2026-06-14
INV0001648,ST0110,P000002,469,47,2026-06-26
INV0001649,ST0110,P000005,376,53,2026-07-04
INV0001650,ST0110,P000015,270,33,2026-06-29
INV0001651,ST0111,P000017,396,39,2026-06-24
INV0001652,ST0111,P000001,210,79,2026-06-10
INV0001653,ST0111,P000018,157,49,2026-07-04
INV0001654,ST0111,P000020,342,89,2026-07-06
INV0001655,ST0111,P000003,134,48,2026-06-27
INV0001656,ST0111,P000007,380,31,2026-06-11
INV0001657,ST0111,P000004,140,94,2026-06-28
INV0001658,ST0111,P000009,498,52,2026-06-16
INV0001659,ST0111,P000019,18,60,2026-07-07
INV0001660,ST0111,P000015,300,26,2026-06-15
INV0001661,ST0111,P000016,9,70,2026-06-26
INV0001662,ST0111,P000013,142,56,2026-06-18
INV0001663,ST0111,P000006,409,52,2026-07-04
INV0001664,ST0111,P000011,341,26,2026-07-03
INV0001665,ST0111,P000010,338,46,2026-06-21
INV0001666,ST0112,P000001,102,49,2026-07-02
INV0001667,ST0112,P000005,125,47,2026-06-18
INV0001668,ST0112,P000011,34,85,2026-06-14
INV0001669,ST0112,P000007,409,91,2026-07-06
INV0001670,ST0112,P000006,313,59,2026-06-16
INV0001671,ST0112,P000017,425,93,2026-06-22
INV0001672,ST0112,P000012,20,55,2026-07-07
INV0001673,ST0112,P000013,331,91,2026-07-02
INV0001674,ST0112,P000014,496,96,2026-06-30
INV0001675,ST0112,P000009,369,22,2026-06-08
INV0001676,ST0112,P000002,333,89,2026-06-30
INV0001677,ST0112,P000008,238,78,2026-06-21
INV0001678,ST0112,P000020,171,89,2026-06-09
INV0001679,ST0112,P000003,206,83,2026-06-13
INV0001680,ST0112,P000019,125,76,2026-06-28
INV0001681,ST0113,P000009,405,76,2026-06-28
INV0001682,ST0113,P000016,236,20,2026-06-17
INV0001683,ST0113,P000002,82,91,2026-06-10
INV0001684,ST0113,P000020,487,34,2026-07-07
INV0001685,ST0113,P000011,106,40,2026-06-23
INV0001686,ST0113,P000010,446,40,2026-06-15
INV0001687,ST0113,P000008,196,51,2026-06-28
INV0001688,ST0113,P000004,251,67,2026-06-24
INV0001689,ST0113,P000013,327,95,2026-06-17
INV0001690,ST0113,P000014,76,80,2026-06-23
INV0001691,ST0113,P000005,470,59,2026-06-23
INV0001692,ST0113,P000018,466,75,2026-06-18
INV0001693,ST0113,P000015,451,32,2026-07-02
INV0001694,ST0113,P000003,264,44,2026-06-15
INV0001695,ST0113,P000007,105,84,2026-07-02
INV0001696,ST0114,P000012,436,79,2026-06-15
INV0001697,ST0114,P000015,419,49,2026-06-10
INV0001698,ST0114,P000014,300,91,2026-06-10
INV0001699,ST0114,P000002,395,79,2026-06-28
INV0001700,ST0114,P000001,37,40,2026-06-20
INV0001701,ST0114,P000020,439,100,2026-06-15
INV0001702,ST0114,P000016,149,25,2026-06-23
INV0001703,ST0114,P000008,138,79,2026-07-05
INV0001704,ST0114,P000011,322,97,2026-06-22
INV0001705,ST0114,P000004,248,56,2026-06-22
INV0001706,ST0114,P000006,392,58,2026-06-22
INV0001707,ST0114,P000019,396,92,2026-07-03
INV0001708,ST0114,P000003,269,32,2026-06-13
INV0001709,ST0114,P000010,43,62,2026-06-30
INV0001710,ST0114,P000013,475,85,2026-06-28
INV0001711,ST0115,P000018,480,100,2026-06-13
INV0001712,ST0115,P000009,172,69,2026-06-16
INV0001713,ST0115,P000002,382,73,2026-07-02
INV0001714,ST0115,P000004,394,70,2026-06-11
INV0001715,ST0115,P000016,24,75,2026-06-29
INV0001716,ST0115,P000017,366,20,2026-06-19
INV0001717,ST0115,P000015,116,37,2026-07-06
INV0001718,ST0115,P000007,306,78,2026-07-06
INV0001719,ST0115,P000013,179,24,2026-07-06
INV0001720,ST0115,P000006,479,62,2026-06-16
INV0001721,ST0115,P000014,149,62,2026-06-22
INV0001722,ST0115,P000008,223,77,2026-06-15
INV0001723,ST0115,P000003,472,91,2026-06-20
INV0001724,ST0115,P000001,254,85,2026-07-03
INV0001725,ST0115,P000005,443,81,2026-06-09
INV0001726,ST0116,P000017,20,39,2026-06-22
INV0001727,ST0116,P000010,136,57,2026-06-24
INV0001728,ST0116,P000015,139,63,2026-06-29
INV0001729,ST0116,P000001,290,63,2026-06-28
INV0001730,ST0116,P000005,366,48,2026-06-23
INV0001731,ST0116,P000018,50,89,2026-06-25
INV0001732,ST0116,P000002,279,73,2026-06-13
INV0001733,ST0116,P000011,434,29,2026-06-17
INV0001734,ST0116,P000012,278,75,2026-07-06
INV0001735,ST0116,P000019,401,24,2026-06-17
INV0001736,ST0116,P000013,373,34,2026-06-15
INV0001737,ST0116,P000020,21,38,2026-07-01
INV0001738,ST0116,P000016,479,84,2026-06-11
INV0001739,ST0116,P000006,366,30,2026-06-23
INV0001740,ST0116,P000014,236,40,2026-07-01
INV0001741,ST0117,P000014,62,63,2026-06-09
INV0001742,ST0117,P000008,270,92,2026-06-27
INV0001743,ST0117,P000002,130,61,2026-07-02
INV0001744,ST0117,P000004,249,54,2026-06-26
INV0001745,ST0117,P000009,498,45,2026-07-04
INV0001746,ST0117,P000005,137,63,2026-06-29
INV0001747,ST0117,P000001,70,36,2026-06-27
INV0001748,ST0117,P000017,360,79,2026-07-02
INV0001749,ST0117,P000020,185,81,2026-06-22
INV0001750,ST0117,P000018,186,100,2026-06-28
INV0001751,ST0117,P000011,200,71,2026-06-25
INV0001752,ST0117,P000013,427,55,2026-06-26
INV0001753,ST0117,P000016,177,49,2026-06-21
INV0001754,ST0117,P000019,56,86,2026-07-06
INV0001755,ST0117,P000007,457,72,2026-06-20
INV0001756,ST0118,P000008,208,45,2026-07-07
INV0001757,ST0118,P000017,275,82,2026-06-09
INV0001758,ST0118,P000019,441,43,2026-06-11
INV0001759,ST0118,P000006,120,56,2026-07-07
INV0001760,ST0118,P000001,225,77,2026-07-02
INV0001761,ST0118,P000005,68,27,2026-06-09
INV0001762,ST0118,P000004,142,90,2026-06-11
INV0001763,ST0118,P000020,57,48,2026-06-23
INV0001764,ST0118,P000009,37,98,2026-06-28
INV0001765,ST0118,P000015,458,32,2026-06-09
INV0001766,ST0118,P000016,347,66,2026-07-01
INV0001767,ST0118,P000011,260,59,2026-06-17
INV0001768,ST0118,P000003,456,57,2026-06-11
INV0001769,ST0118,P000002,211,58,2026-06-19
INV0001770,ST0118,P000012,301,64,2026-06-09
INV0001771,ST0119,P000018,150,25,2026-06-10
INV0001772,ST0119,P000017,443,61,2026-06-20
INV0001773,ST0119,P000020,142,30,2026-06-24
INV0001774,ST0119,P000019,357,69,2026-06-26
INV0001775,ST0119,P000008,402,20,2026-06-21
INV0001776,ST0119,P000014,288,32,2026-06-20
INV0001777,ST0119,P000009,27,94,2026-07-06
INV0001778,ST0119,P000006,319,80,2026-06-27
INV0001779,ST0119,P000004,387,97,2026-06-24
INV0001780,ST0119,P000010,140,57,2026-06-13
INV0001781,ST0119,P000003,97,74,2026-07-01
INV0001782,ST0119,P000001,362,47,2026-07-03
INV0001783,ST0119,P000012,203,88,2026-07-04
INV0001784,ST0119,P000011,124,87,2026-06-22
INV0001785,ST0119,P000007,498,29,2026-06-19
INV0001786,ST0120,P000014,45,96,2026-07-06
INV0001787,ST0120,P000008,464,62,2026-06-13
INV0001788,ST0120,P000003,204,69,2026-06-26
INV0001789,ST0120,P000004,318,76,2026-06-11
INV0001790,ST0120,P000016,102,66,2026-06-13
INV0001791,ST0120,P000012,492,61,2026-06-20
INV0001792,ST0120,P000005,348,81,2026-06-24
INV0001793,ST0120,P000015,26,24,2026-06-19
INV0001794,ST0120,P000001,246,22,2026-06-29
INV0001795,ST0120,P000018,220,34,2026-06-08
INV0001796,ST0120,P000002,35,24,2026-06-13
INV0001797,ST0120,P000013,188,53,2026-06-23
INV0001798,ST0120,P000020,207,97,2026-06-21
INV0001799,ST0120,P000011,79,69,2026-06-24
INV0001800,ST0120,P000017,231,84,2026-06-27
INV0001801,ST0121,P000002,21,63,2026-06-27
INV0001802,ST0121,P000016,280,67,2026-06-23
INV0001803,ST0121,P000020,388,81,2026-06-14
INV0001804,ST0121,P000017,316,32,2026-06-19
INV0001805,ST0121,P000011,113,60,2026-07-03
INV0001806,ST0121,P000018,183,98,2026-06-09
INV0001807,ST0121,P000014,293,44,2026-07-07
INV0001808,ST0121,P000013,371,30,2026-06-21
INV0001809,ST0121,P000007,184,41,2026-07-01
INV0001810,ST0121,P000003,429,57,2026-06-13
INV0001811,ST0121,P000012,278,33,2026-06-19
INV0001812,ST0121,P000008,163,80,2026-07-07
INV0001813,ST0121,P000010,95,34,2026-06-24
INV0001814,ST0121,P000019,168,27,2026-06-12
INV0001815,ST0121,P000015,264,62,2026-06-28
INV0001816,ST0122,P000010,15,64,2026-07-04
INV0001817,ST0122,P000006,104,28,2026-07-03
INV0001818,ST0122,P000004,167,43,2026-06-20
INV0001819,ST0122,P000011,156,59,2026-06-22
INV0001820,ST0122,P000002,93,88,2026-06-12
INV0001821,ST0122,P000017,464,34,2026-07-04
INV0001822,ST0122,P000009,182,65,2026-06-26
INV0001823,ST0122,P000007,340,94,2026-06-26
INV0001824,ST0122,P000001,416,97,2026-07-06
INV0001825,ST0122,P000013,348,43,2026-06-16
INV0001826,ST0122,P000020,256,54,2026-06-11
INV0001827,ST0122,P000015,347,59,2026-06-10
INV0001828,ST0122,P000014,46,97,2026-06-29
INV0001829,ST0122,P000008,309,82,2026-06-27
INV0001830,ST0122,P000012,214,58,2026-07-01
INV0001831,ST0123,P000003,33,87,2026-07-02
INV0001832,ST0123,P000005,59,23,2026-06-20
INV0001833,ST0123,P000013,156,88,2026-06-08
INV0001834,ST0123,P000014,116,47,2026-07-04
INV0001835,ST0123,P000006,254,96,2026-07-03
INV0001836,ST0123,P000004,469,62,2026-07-03
INV0001837,ST0123,P000016,193,65,2026-06-13
INV0001838,ST0123,P000011,189,25,2026-06-30
INV0001839,ST0123,P000012,367,41,2026-07-06
INV0001840,ST0123,P000002,150,27,2026-06-30
INV0001841,ST0123,P000008,491,89,2026-06-22
INV0001842,ST0123,P000019,311,45,2026-06-10
INV0001843,ST0123,P000018,298,36,2026-07-02
INV0001844,ST0123,P000020,401,85,2026-06-27
INV0001845,ST0123,P000010,195,22,2026-06-27
INV0001846,ST0124,P000011,135,99,2026-06-17
INV0001847,ST0124,P000008,280,87,2026-06-09
INV0001848,ST0124,P000019,36,31,2026-06-11
INV0001849,ST0124,P000009,118,76,2026-07-07
INV0001850,ST0124,P000017,139,93,2026-06-21
INV0001851,ST0124,P000013,136,28,2026-06-08
INV0001852,ST0124,P000014,402,59,2026-07-06
INV0001853,ST0124,P000018,402,64,2026-06-20
INV0001854,ST0124,P000004,10,26,2026-06-23
INV0001855,ST0124,P000005,53,74,2026-07-05
INV0001856,ST0124,P000001,358,33,2026-07-07
INV0001857,ST0124,P000007,137,40,2026-06-25
INV0001858,ST0124,P000012,42,66,2026-06-11
INV0001859,ST0124,P000010,385,98,2026-06-24
INV0001860,ST0124,P000006,353,40,2026-06-25
INV0001861,ST0125,P000006,363,49,2026-06-29
INV0001862,ST0125,P000002,139,40,2026-06-09
INV0001863,ST0125,P000013,459,99,2026-07-06
INV0001864,ST0125,P000018,456,33,2026-06-29
INV0001865,ST0125,P000019,472,55,2026-06-11
INV0001866,ST0125,P000014,227,86,2026-06-20
INV0001867,ST0125,P000005,6,51,2026-07-07
INV0001868,ST0125,P000012,382,34,2026-06-25
INV0001869,ST0125,P000010,147,49,2026-07-02
INV0001870,ST0125,P000001,207,83,2026-06-11
INV0001871,ST0125,P000009,55,75,2026-06-18
INV0001872,ST0125,P000017,187,56,2026-07-04
INV0001873,ST0125,P000016,456,65,2026-06-24
INV0001874,ST0125,P000003,82,52,2026-06-23
INV0001875,ST0125,P000011,18,77,2026-07-02
INV0001876,ST0126,P000018,343,49,2026-06-12
INV0001877,ST0126,P000004,289,41,2026-06-23
INV0001878,ST0126,P000016,71,45,2026-06-12
INV0001879,ST0126,P000005,121,66,2026-06-15
INV0001880,ST0126,P000013,246,45,2026-07-04
INV0001881,ST0126,P000020,163,47,2026-06-09
INV0001882,ST0126,P000006,497,79,2026-06-25
INV0001883,ST0126,P000008,329,51,2026-06-26
INV0001884,ST0126,P000002,397,37,2026-07-05
INV0001885,ST0126,P000017,414,39,2026-06-15
INV0001886,ST0126,P000014,425,62,2026-06-15
INV0001887,ST0126,P000015,314,86,2026-06-21
INV0001888,ST0126,P000011,192,54,2026-06-12
INV0001889,ST0126,P000010,452,78,2026-06-11
INV0001890,ST0126,P000012,431,38,2026-06-29
INV0001891,ST0127,P000014,244,63,2026-06-20
INV0001892,ST0127,P000008,213,88,2026-06-13
INV0001893,ST0127,P000017,266,48,2026-07-04
INV0001894,ST0127,P000011,394,84,2026-06-08
INV0001895,ST0127,P000001,375,37,2026-06-11
INV0001896,ST0127,P000020,299,54,2026-07-06
INV0001897,ST0127,P000006,381,26,2026-06-10
INV0001898,ST0127,P000004,274,22,2026-06-10
INV0001899,ST0127,P000019,284,30,2026-07-06
INV0001900,ST0127,P000016,221,86,2026-06-26
INV0001901,ST0127,P000003,269,93,2026-06-08
INV0001902,ST0127,P000010,343,96,2026-06-23
INV0001903,ST0127,P000013,248,89,2026-06-10
INV0001904,ST0127,P000012,71,41,2026-06-11
INV0001905,ST0127,P000007,214,55,2026-06-09
INV0001906,ST0128,P000017,329,58,2026-06-29
INV0001907,ST0128,P000019,343,37,2026-07-03
INV0001908,ST0128,P000015,427,62,2026-06-29
INV0001909,ST0128,P000003,289,22,2026-06-14
INV0001910,ST0128,P000006,235,38,2026-06-18
INV0001911,ST0128,P000012,404,33,2026-06-22
INV0001912,ST0128,P000009,193,51,2026-06-12
INV0001913,ST0128,P000016,420,99,2026-06-26
INV0001914,ST0128,P000008,318,86,2026-06-29
INV0001915,ST0128,P000010,483,83,2026-07-07
INV0001916,ST0128,P000004,252,29,2026-06-10
INV0001917,ST0128,P000002,417,20,2026-06-14
INV0001918,ST0128,P000013,234,37,2026-07-07
INV0001919,ST0128,P000020,380,66,2026-06-16
INV0001920,ST0128,P000011,430,70,2026-07-07
INV0001921,ST0129,P000005,30,39,2026-06-10
INV0001922,ST0129,P000009,341,91,2026-06-26
INV0001923,ST0129,P000001,367,27,2026-06-11
INV0001924,ST0129,P000011,182,47,2026-06-26
INV0001925,ST0129,P000012,373,56,2026-06-29
INV0001926,ST0129,P000002,169,47,2026-06-17
INV0001927,ST0129,P000006,35,91,2026-06-15
INV0001928,ST0129,P000004,312,63,2026-06-21
INV0001929,ST0129,P000008,270,24,2026-06-09
INV0001930,ST0129,P000014,110,32,2026-06-19
INV0001931,ST0129,P000015,37,54,2026-07-04
INV0001932,ST0129,P000016,448,47,2026-06-14
INV0001933,ST0129,P000003,393,77,2026-07-05
INV0001934,ST0129,P000020,11,51,2026-07-01
INV0001935,ST0129,P000019,500,69,2026-07-04
INV0001936,ST0130,P000012,12,95,2026-06-30
INV0001937,ST0130,P000005,401,76,2026-06-29
INV0001938,ST0130,P000020,433,32,2026-06-26
INV0001939,ST0130,P000018,42,28,2026-07-01
INV0001940,ST0130,P000019,54,20,2026-06-14
INV0001941,ST0130,P000007,188,85,2026-07-05
INV0001942,ST0130,P000004,285,67,2026-07-06
INV0001943,ST0130,P000017,72,38,2026-06-16
INV0001944,ST0130,P000003,170,43,2026-07-05
INV0001945,ST0130,P000008,156,41,2026-07-01
INV0001946,ST0130,P000015,221,60,2026-06-26
INV0001947,ST0130,P000001,301,34,2026-06-12
INV0001948,ST0130,P000010,252,94,2026-06-28
INV0001949,ST0130,P000009,232,91,2026-07-04
INV0001950,ST0130,P000002,287,25,2026-06-14
INV0001951,ST0131,P000003,353,22,2026-06-29
INV0001952,ST0131,P000011,146,58,2026-07-07
INV0001953,ST0131,P000020,164,87,2026-06-16
INV0001954,ST0131,P000004,135,64,2026-06-15
INV0001955,ST0131,P000014,70,100,2026-06-27
INV0001956,ST0131,P000006,477,39,2026-06-24
INV0001957,ST0131,P000015,415,35,2026-06-24
INV0001958,ST0131,P000017,53,25,2026-06-28
INV0001959,ST0131,P000012,161,33,2026-06-22
INV0001960,ST0131,P000010,308,46,2026-06-24
INV0001961,ST0131,P000013,456,56,2026-06-16
INV0001962,ST0131,P000002,139,76,2026-07-02
INV0001963,ST0131,P000019,369,68,2026-06-15
INV0001964,ST0131,P000005,292,65,2026-06-18
INV0001965,ST0131,P000007,459,71,2026-06-16
INV0001966,ST0132,P000004,339,85,2026-06-17
INV0001967,ST0132,P000011,295,32,2026-06-20
INV0001968,ST0132,P000013,420,98,2026-06-18
INV0001969,ST0132,P000008,7,22,2026-06-09
INV0001970,ST0132,P000001,277,56,2026-06-18
INV0001971,ST0132,P000003,30,62,2026-06-13
INV0001972,ST0132,P000020,115,27,2026-06-26
INV0001973,ST0132,P000015,8,50,2026-06-14
INV0001974,ST0132,P000012,434,31,2026-06-12
INV0001975,ST0132,P000009,185,30,2026-06-23
INV0001976,ST0132,P000014,76,74,2026-06-24
INV0001977,ST0132,P000007,489,63,2026-06-20
INV0001978,ST0132,P000016,235,77,2026-07-06
INV0001979,ST0132,P000002,256,28,2026-07-03
INV0001980,ST0132,P000010,412,23,2026-06-25
INV0001981,ST0133,P000020,386,56,2026-06-12
INV0001982,ST0133,P000012,200,51,2026-06-13
INV0001983,ST0133,P000003,323,41,2026-06-23
INV0001984,ST0133,P000007,363,84,2026-06-30
INV0001985,ST0133,P000015,133,89,2026-07-02
INV0001986,ST0133,P000019,172,85,2026-06-17
INV0001987,ST0133,P000008,338,44,2026-06-20
INV0001988,ST0133,P000004,141,30,2026-07-02
INV0001989,ST0133,P000016,132,62,2026-06-25
INV0001990,ST0133,P000013,332,44,2026-06-28
INV0001991,ST0133,P000001,483,41,2026-06-08
INV0001992,ST0133,P000009,150,93,2026-06-11
INV0001993,ST0133,P000006,183,66,2026-07-07
INV0001994,ST0133,P000002,135,51,2026-06-17
INV0001995,ST0133,P000014,265,95,2026-06-16
INV0001996,ST0134,P000002,395,81,2026-06-28
INV0001997,ST0134,P000014,395,77,2026-07-07
INV0001998,ST0134,P000005,193,75,2026-07-06
INV0001999,ST0134,P000001,313,81,2026-06-08
INV0002000,ST0134,P000008,230,40,2026-06-18
INV0002001,ST0134,P000017,473,80,2026-06-08
INV0002002,ST0134,P000012,458,63,2026-06-09
INV0002003,ST0134,P000003,146,97,2026-07-01
INV0002004,ST0134,P000009,156,22,2026-06-16
INV0002005,ST0134,P000013,455,67,2026-06-24
INV0002006,ST0134,P000004,61,89,2026-06-29
INV0002007,ST0134,P000011,407,78,2026-06-14
INV0002008,ST0134,P000010,59,44,2026-06-24
INV0002009,ST0134,P000018,467,28,2026-06-21
INV0002010,ST0134,P000016,155,99,2026-06-18
INV0002011,ST0135,P000002,174,44,2026-06-09
INV0002012,ST0135,P000013,115,58,2026-07-06
INV0002013,ST0135,P000020,417,83,2026-06-30
INV0002014,ST0135,P000011,485,61,2026-07-04
INV0002015,ST0135,P000014,252,36,2026-06-11
INV0002016,ST0135,P000015,276,71,2026-07-03
INV0002017,ST0135,P000016,209,52,2026-06-13
INV0002018,ST0135,P000007,367,35,2026-07-03
INV0002019,ST0135,P000017,181,68,2026-06-22
INV0002020,ST0135,P000003,294,35,2026-06-28
INV0002021,ST0135,P000019,403,81,2026-06-29
INV0002022,ST0135,P000010,251,100,2026-07-03
INV0002023,ST0135,P000006,63,33,2026-06-10
INV0002024,ST0135,P000001,58,41,2026-06-10
INV0002025,ST0135,P000008,429,94,2026-06-16
INV0002026,ST0136,P000005,396,83,2026-06-26
INV0002027,ST0136,P000012,283,99,2026-07-01
INV0002028,ST0136,P000001,370,63,2026-06-26
INV0002029,ST0136,P000011,157,21,2026-06-30
INV0002030,ST0136,P000013,79,82,2026-07-06
INV0002031,ST0136,P000007,186,48,2026-06-14
INV0002032,ST0136,P000019,489,89,2026-06-19
INV0002033,ST0136,P000004,224,44,2026-06-23
INV0002034,ST0136,P000016,494,75,2026-06-20
INV0002035,ST0136,P000010,454,67,2026-06-22
INV0002036,ST0136,P000008,352,95,2026-07-05
INV0002037,ST0136,P000009,192,44,2026-06-13
INV0002038,ST0136,P000014,284,45,2026-06-30
INV0002039,ST0136,P000018,257,81,2026-06-09
INV0002040,ST0136,P000006,412,56,2026-07-05
INV0002041,ST0137,P000016,66,68,2026-06-30
INV0002042,ST0137,P000003,264,61,2026-06-15
INV0002043,ST0137,P000002,323,21,2026-06-27
INV0002044,ST0137,P000007,443,75,2026-06-27
INV0002045,ST0137,P000020,151,28,2026-07-04
INV0002046,ST0137,P000006,19,55,2026-07-01
INV0002047,ST0137,P000001,470,75,2026-06-08
INV0002048,ST0137,P000019,76,65,2026-06-12
INV0002049,ST0137,P000004,495,70,2026-06-11
INV0002050,ST0137,P000005,294,89,2026-06-22
INV0002051,ST0137,P000012,43,66,2026-06-29
INV0002052,ST0137,P000011,6,71,2026-06-13
INV0002053,ST0137,P000010,320,54,2026-06-23
INV0002054,ST0137,P000008,402,26,2026-06-14
INV0002055,ST0137,P000015,221,97,2026-06-19
INV0002056,ST0138,P000011,300,77,2026-07-06
INV0002057,ST0138,P000013,396,69,2026-06-13
INV0002058,ST0138,P000001,55,61,2026-06-16
INV0002059,ST0138,P000015,119,42,2026-06-20
INV0002060,ST0138,P000010,316,38,2026-06-08
INV0002061,ST0138,P000016,153,83,2026-06-23
INV0002062,ST0138,P000005,12,34,2026-07-06
INV0002063,ST0138,P000008,190,28,2026-06-25
INV0002064,ST0138,P000009,351,47,2026-06-12
INV0002065,ST0138,P000007,291,40,2026-06-20
INV0002066,ST0138,P000002,231,92,2026-07-06
INV0002067,ST0138,P000014,43,23,2026-06-22
INV0002068,ST0138,P000004,74,91,2026-06-28
INV0002069,ST0138,P000017,168,81,2026-07-01
INV0002070,ST0138,P000020,407,98,2026-06-20
INV0002071,ST0139,P000015,287,63,2026-06-25
INV0002072,ST0139,P000004,482,100,2026-07-05
INV0002073,ST0139,P000006,128,73,2026-06-09
INV0002074,ST0139,P000019,270,67,2026-06-21
INV0002075,ST0139,P000007,401,39,2026-06-26
INV0002076,ST0139,P000008,245,55,2026-07-01
INV0002077,ST0139,P000014,38,61,2026-06-26
INV0002078,ST0139,P000017,333,58,2026-06-11
INV0002079,ST0139,P000012,185,71,2026-07-02
INV0002080,ST0139,P000018,376,82,2026-07-07
INV0002081,ST0139,P000003,342,63,2026-06-14
INV0002082,ST0139,P000001,91,79,2026-06-09
INV0002083,ST0139,P000005,105,66,2026-06-17
INV0002084,ST0139,P000020,300,67,2026-06-24
INV0002085,ST0139,P000011,120,84,2026-06-30
INV0002086,ST0140,P000017,18,62,2026-06-11
INV0002087,ST0140,P000001,12,90,2026-06-21
INV0002088,ST0140,P000015,55,68,2026-07-04
INV0002089,ST0140,P000006,298,87,2026-06-16
INV0002090,ST0140,P000014,200,66,2026-06-19
INV0002091,ST0140,P000010,207,88,2026-06-08
INV0002092,ST0140,P000007,347,61,2026-07-02
INV0002093,ST0140,P000002,192,23,2026-06-22
INV0002094,ST0140,P000019,175,72,2026-06-15
INV0002095,ST0140,P000013,457,39,2026-07-05
INV0002096,ST0140,P000016,492,25,2026-06-10
INV0002097,ST0140,P000018,71,87,2026-07-05
INV0002098,ST0140,P000008,145,100,2026-06-20
INV0002099,ST0140,P000011,245,59,2026-06-10
INV0002100,ST0140,P000009,364,94,2026-06-20
INV0002101,ST0141,P000018,285,86,2026-07-03
INV0002102,ST0141,P000014,374,98,2026-06-28
INV0002103,ST0141,P000001,257,27,2026-06-20
INV0002104,ST0141,P000012,460,50,2026-06-24
INV0002105,ST0141,P000007,491,22,2026-06-19
INV0002106,ST0141,P000006,151,90,2026-06-20
INV0002107,ST0141,P000019,155,23,2026-06-29
INV0002108,ST0141,P000009,200,59,2026-06-16
INV0002109,ST0141,P000013,45,37,2026-07-05
INV0002110,ST0141,P000010,422,31,2026-07-02
INV0002111,ST0141,P000002,321,26,2026-06-24
INV0002112,ST0141,P000015,68,93,2026-06-26
INV0002113,ST0141,P000004,232,21,2026-06-21
INV0002114,ST0141,P000020,22,46,2026-07-02
INV0002115,ST0141,P000017,161,43,2026-06-11
INV0002116,ST0142,P000005,399,57,2026-06-13
INV0002117,ST0142,P000016,468,75,2026-06-11
INV0002118,ST0142,P000010,102,62,2026-06-15
INV0002119,ST0142,P000011,266,78,2026-07-03
INV0002120,ST0142,P000012,472,40,2026-06-14
INV0002121,ST0142,P000019,321,38,2026-06-15
INV0002122,ST0142,P000020,467,20,2026-06-25
INV0002123,ST0142,P000014,132,21,2026-06-14
INV0002124,ST0142,P000013,363,32,2026-06-15
INV0002125,ST0142,P000002,311,88,2026-06-28
INV0002126,ST0142,P000006,407,20,2026-06-12
INV0002127,ST0142,P000007,217,68,2026-06-16
INV0002128,ST0142,P000001,134,44,2026-06-18
INV0002129,ST0142,P000003,336,70,2026-06-12
INV0002130,ST0142,P000008,406,35,2026-06-20
INV0002131,ST0143,P000001,343,100,2026-07-05
INV0002132,ST0143,P000019,1,49,2026-07-06
INV0002133,ST0143,P000004,56,73,2026-06-11
INV0002134,ST0143,P000020,492,51,2026-06-20
INV0002135,ST0143,P000016,474,52,2026-06-17
INV0002136,ST0143,P000002,239,53,2026-07-05
INV0002137,ST0143,P000010,289,94,2026-06-23
INV0002138,ST0143,P000014,257,89,2026-06-24
INV0002139,ST0143,P000012,334,76,2026-06-27
INV0002140,ST0143,P000018,138,47,2026-06-27
INV0002141,ST0143,P000011,236,74,2026-06-10
INV0002142,ST0143,P000003,401,64,2026-06-17
INV0002143,ST0143,P000008,380,90,2026-06-25
INV0002144,ST0143,P000006,450,57,2026-06-30
INV0002145,ST0143,P000015,41,93,2026-06-30
INV0002146,ST0144,P000015,10,86,2026-06-20
INV0002147,ST0144,P000008,73,27,2026-07-02
INV0002148,ST0144,P000009,388,72,2026-06-16
INV0002149,ST0144,P000017,16,63,2026-06-28
INV0002150,ST0144,P000018,65,89,2026-06-18
INV0002151,ST0144,P000013,45,83,2026-06-20
INV0002152,ST0144,P000014,465,24,2026-07-06
INV0002153,ST0144,P000016,263,75,2026-06-09
INV0002154,ST0144,P000004,489,54,2026-06-26
INV0002155,ST0144,P000003,217,24,2026-07-02
INV0002156,ST0144,P000011,81,99,2026-06-26
INV0002157,ST0144,P000010,349,97,2026-06-11
INV0002158,ST0144,P000012,98,28,2026-07-01
INV0002159,ST0144,P000007,240,87,2026-07-06
INV0002160,ST0144,P000002,332,97,2026-06-28
INV0002161,ST0145,P000013,357,25,2026-06-10
INV0002162,ST0145,P000006,454,33,2026-06-20
INV0002163,ST0145,P000015,61,48,2026-06-12
INV0002164,ST0145,P000005,109,53,2026-06-21
INV0002165,ST0145,P000004,236,89,2026-07-07
INV0002166,ST0145,P000018,45,75,2026-07-03
INV0002167,ST0145,P000016,292,64,2026-06-09
INV0002168,ST0145,P000012,272,35,2026-06-29
INV0002169,ST0145,P000010,234,89,2026-06-13
INV0002170,ST0145,P000001,356,97,2026-06-19
INV0002171,ST0145,P000011,475,29,2026-07-04
INV0002172,ST0145,P000019,176,22,2026-06-11
INV0002173,ST0145,P000020,396,32,2026-07-04
INV0002174,ST0145,P000002,394,78,2026-07-07
INV0002175,ST0145,P000008,87,97,2026-06-20
INV0002176,ST0146,P000017,467,39,2026-06-12
INV0002177,ST0146,P000016,95,30,2026-06-16
INV0002178,ST0146,P000007,190,86,2026-06-16
INV0002179,ST0146,P000004,167,46,2026-06-16
INV0002180,ST0146,P000013,364,50,2026-06-11
INV0002181,ST0146,P000014,214,24,2026-06-11
INV0002182,ST0146,P000020,372,73,2026-06-27
INV0002183,ST0146,P000005,149,48,2026-07-04
INV0002184,ST0146,P000019,149,67,2026-06-21
INV0002185,ST0146,P000006,115,32,2026-06-23
INV0002186,ST0146,P000012,279,81,2026-06-14
INV0002187,ST0146,P000009,336,28,2026-06-14
INV0002188,ST0146,P000008,450,27,2026-06-26
INV0002189,ST0146,P000011,12,54,2026-06-30
INV0002190,ST0146,P000001,499,99,2026-07-04
INV0002191,ST0147,P000004,422,72,2026-06-10
INV0002192,ST0147,P000002,455,50,2026-06-22
INV0002193,ST0147,P000001,10,78,2026-06-12
INV0002194,ST0147,P000016,363,90,2026-07-02
INV0002195,ST0147,P000003,446,66,2026-06-19
INV0002196,ST0147,P000013,247,43,2026-06-23
INV0002197,ST0147,P000020,375,54,2026-06-13
INV0002198,ST0147,P000017,286,46,2026-07-04
INV0002199,ST0147,P000015,374,50,2026-06-15
INV0002200,ST0147,P000019,47,28,2026-06-14
INV0002201,ST0147,P000006,406,96,2026-06-11
INV0002202,ST0147,P000014,49,88,2026-06-22
INV0002203,ST0147,P000018,149,29,2026-06-10
INV0002204,ST0147,P000005,154,21,2026-06-11
INV0002205,ST0147,P000010,81,34,2026-07-01
INV0002206,ST0148,P000004,206,90,2026-06-12
INV0002207,ST0148,P000001,233,22,2026-06-28
INV0002208,ST0148,P000018,482,46,2026-07-06
INV0002209,ST0148,P000008,17,21,2026-06-12
INV0002210,ST0148,P000017,243,65,2026-07-06
INV0002211,ST0148,P000005,16,75,2026-06-08
INV0002212,ST0148,P000015,241,55,2026-06-14
INV0002213,ST0148,P000006,414,85,2026-06-08
INV0002214,ST0148,P000016,300,88,2026-07-03
INV0002215,ST0148,P000009,275,28,2026-06-08
INV0002216,ST0148,P000010,310,37,2026-06-08
INV0002217,ST0148,P000020,315,56,2026-06-14
INV0002218,ST0148,P000003,24,95,2026-07-07
INV0002219,ST0148,P000019,453,21,2026-06-21
INV0002220,ST0148,P000002,55,71,2026-07-01
INV0002221,ST0149,P000013,155,55,2026-07-07
INV0002222,ST0149,P000004,364,86,2026-06-22
INV0002223,ST0149,P000020,267,70,2026-06-25
INV0002224,ST0149,P000017,438,43,2026-06-25
INV0002225,ST0149,P000018,171,37,2026-06-09
INV0002226,ST0149,P000005,132,58,2026-07-06
INV0002227,ST0149,P000008,26,23,2026-06-15
INV0002228,ST0149,P000009,494,87,2026-06-24
INV0002229,ST0149,P000003,53,54,2026-06-10
INV0002230,ST0149,P000007,336,81,2026-07-07
INV0002231,ST0149,P000014,274,64,2026-06-11
INV0002232,ST0149,P000016,335,74,2026-06-17
INV0002233,ST0149,P000002,216,67,2026-06-09
INV0002234,ST0149,P000012,450,93,2026-07-07
INV0002235,ST0149,P000001,16,62,2026-06-27
INV0002236,ST0150,P000014,223,69,2026-06-18
INV0002237,ST0150,P000017,83,55,2026-06-10
INV0002238,ST0150,P000009,233,36,2026-07-02
INV0002239,ST0150,P000016,423,50,2026-06-13
INV0002240,ST0150,P000018,470,41,2026-06-16
INV0002241,ST0150,P000015,191,70,2026-06-08
INV0002242,ST0150,P000003,58,30,2026-06-16
INV0002243,ST0150,P000019,460,27,2026-07-01
INV0002244,ST0150,P000006,205,89,2026-06-28
INV0002245,ST0150,P000001,2,80,2026-06-10
INV0002246,ST0150,P000013,467,95,2026-06-18
INV0002247,ST0150,P000008,29,43,2026-06-14
INV0002248,ST0150,P000010,261,47,2026-06-15
INV0002249,ST0150,P000020,63,66,2026-06-22
INV0002250,ST0150,P000012,118,62,2026-06-24
INV0002251,ST0151,P000013,327,25,2026-06-11
INV0002252,ST0151,P000017,481,54,2026-06-14
INV0002253,ST0151,P000002,256,31,2026-07-05
INV0002254,ST0151,P000008,480,70,2026-07-03
INV0002255,ST0151,P000019,259,81,2026-06-13
INV0002256,ST0151,P000005,239,27,2026-06-18
INV0002257,ST0151,P000006,363,45,2026-06-10
INV0002258,ST0151,P000010,150,49,2026-06-11
INV0002259,ST0151,P000016,368,73,2026-06-24
INV0002260,ST0151,P000020,489,40,2026-06-30
INV0002261,ST0151,P000014,415,65,2026-07-06
INV0002262,ST0151,P000011,9,96,2026-06-20
INV0002263,ST0151,P000012,18,85,2026-07-02
INV0002264,ST0151,P000015,361,77,2026-07-04
INV0002265,ST0151,P000003,478,90,2026-06-13
INV0002266,ST0152,P000005,346,50,2026-07-05
INV0002267,ST0152,P000018,347,74,2026-06-24
INV0002268,ST0152,P000001,382,39,2026-06-27
INV0002269,ST0152,P000017,493,65,2026-06-24
INV0002270,ST0152,P000011,369,73,2026-06-09
INV0002271,ST0152,P000004,231,40,2026-06-28
INV0002272,ST0152,P000003,168,22,2026-06-20
INV0002273,ST0152,P000010,357,57,2026-06-29
INV0002274,ST0152,P000013,192,77,2026-06-14
INV0002275,ST0152,P000019,387,95,2026-06-24
INV0002276,ST0152,P000012,406,36,2026-06-11
INV0002277,ST0152,P000008,412,66,2026-06-22
INV0002278,ST0152,P000014,259,59,2026-06-29
INV0002279,ST0152,P000020,467,77,2026-06-28
INV0002280,ST0152,P000009,464,92,2026-06-11
INV0002281,ST0153,P000007,221,87,2026-06-26
INV0002282,ST0153,P000006,306,41,2026-06-18
INV0002283,ST0153,P000013,461,40,2026-06-26
INV0002284,ST0153,P000008,334,34,2026-06-19
INV0002285,ST0153,P000015,106,40,2026-06-27
INV0002286,ST0153,P000020,313,98,2026-06-17
INV0002287,ST0153,P000005,284,45,2026-06-11
INV0002288,ST0153,P000014,214,65,2026-06-13
INV0002289,ST0153,P000012,428,88,2026-06-20
INV0002290,ST0153,P000009,390,70,2026-06-14
INV0002291,ST0153,P000016,249,64,2026-06-29
INV0002292,ST0153,P000003,223,59,2026-07-05
INV0002293,ST0153,P000017,87,68,2026-07-03
INV0002294,ST0153,P000011,487,33,2026-06-21
INV0002295,ST0153,P000004,358,60,2026-06-28
INV0002296,ST0154,P000001,351,35,2026-06-11
INV0002297,ST0154,P000006,79,44,2026-06-21
INV0002298,ST0154,P000013,217,48,2026-06-17
INV0002299,ST0154,P000010,142,33,2026-06-21
INV0002300,ST0154,P000017,19,68,2026-06-28
INV0002301,ST0154,P000019,401,56,2026-06-19
INV0002302,ST0154,P000011,476,85,2026-06-13
INV0002303,ST0154,P000012,377,57,2026-06-11
INV0002304,ST0154,P000005,328,28,2026-06-30
INV0002305,ST0154,P000002,91,76,2026-06-08
INV0002306,ST0154,P000008,199,52,2026-06-27
INV0002307,ST0154,P000020,406,94,2026-06-16
INV0002308,ST0154,P000014,256,76,2026-07-01
INV0002309,ST0154,P000003,460,63,2026-06-16
INV0002310,ST0154,P000004,43,96,2026-06-20
INV0002311,ST0155,P000001,228,22,2026-06-30
INV0002312,ST0155,P000002,395,91,2026-06-22
INV0002313,ST0155,P000018,32,84,2026-06-14
INV0002314,ST0155,P000009,411,63,2026-06-08
INV0002315,ST0155,P000008,231,78,2026-06-15
INV0002316,ST0155,P000019,25,75,2026-06-18
INV0002317,ST0155,P000010,51,81,2026-06-10
INV0002318,ST0155,P000011,32,42,2026-06-11
INV0002319,ST0155,P000006,372,26,2026-07-06
INV0002320,ST0155,P000014,371,47,2026-06-08
INV0002321,ST0155,P000013,92,70,2026-06-15
INV0002322,ST0155,P000016,460,35,2026-07-07
INV0002323,ST0155,P000005,343,25,2026-06-24
INV0002324,ST0155,P000004,445,76,2026-06-29
INV0002325,ST0155,P000007,311,98,2026-06-12
INV0002326,ST0156,P000004,120,27,2026-07-01
INV0002327,ST0156,P000009,476,54,2026-06-20
INV0002328,ST0156,P000007,256,79,2026-06-19
INV0002329,ST0156,P000017,184,41,2026-06-24
INV0002330,ST0156,P000016,192,97,2026-06-09
INV0002331,ST0156,P000006,372,62,2026-06-21
INV0002332,ST0156,P000013,135,34,2026-06-23
INV0002333,ST0156,P000018,428,38,2026-06-28
INV0002334,ST0156,P000010,271,61,2026-06-21
INV0002335,ST0156,P000011,311,39,2026-06-18
INV0002336,ST0156,P000020,267,20,2026-07-02
INV0002337,ST0156,P000002,348,65,2026-06-14
INV0002338,ST0156,P000019,140,26,2026-06-26
INV0002339,ST0156,P000015,270,31,2026-06-22
INV0002340,ST0156,P000014,465,49,2026-06-26
INV0002341,ST0157,P000009,297,87,2026-06-30
INV0002342,ST0157,P000002,250,69,2026-07-02
INV0002343,ST0157,P000011,2,53,2026-06-08
INV0002344,ST0157,P000015,94,61,2026-06-23
INV0002345,ST0157,P000008,190,50,2026-06-15
INV0002346,ST0157,P000006,102,87,2026-07-06
INV0002347,ST0157,P000016,221,85,2026-06-12
INV0002348,ST0157,P000010,481,41,2026-06-20
INV0002349,ST0157,P000007,376,61,2026-06-11
INV0002350,ST0157,P000013,101,67,2026-07-07
INV0002351,ST0157,P000005,377,48,2026-06-10
INV0002352,ST0157,P000012,89,46,2026-06-20
INV0002353,ST0157,P000019,457,38,2026-06-28
INV0002354,ST0157,P000004,283,20,2026-06-19
INV0002355,ST0157,P000017,116,89,2026-06-21
INV0002356,ST0158,P000016,125,28,2026-06-18
INV0002357,ST0158,P000006,346,45,2026-07-03
INV0002358,ST0158,P000007,130,52,2026-06-13
INV0002359,ST0158,P000020,357,82,2026-06-27
INV0002360,ST0158,P000002,18,98,2026-06-20
INV0002361,ST0158,P000009,343,25,2026-06-09
INV0002362,ST0158,P000004,95,100,2026-06-25
INV0002363,ST0158,P000014,362,79,2026-06-18
INV0002364,ST0158,P000008,89,60,2026-06-23
INV0002365,ST0158,P000010,78,80,2026-06-08
INV0002366,ST0158,P000015,201,47,2026-07-03
INV0002367,ST0158,P000017,457,82,2026-06-20
INV0002368,ST0158,P000003,208,55,2026-06-14
INV0002369,ST0158,P000011,69,42,2026-06-27
INV0002370,ST0158,P000018,394,89,2026-07-03
INV0002371,ST0159,P000005,264,38,2026-06-08
INV0002372,ST0159,P000001,246,60,2026-06-30
INV0002373,ST0159,P000002,464,30,2026-06-24
INV0002374,ST0159,P000019,113,72,2026-06-13
INV0002375,ST0159,P000018,27,28,2026-06-16
INV0002376,ST0159,P000015,420,51,2026-06-08
INV0002377,ST0159,P000012,214,78,2026-07-03
INV0002378,ST0159,P000020,90,68,2026-06-17
INV0002379,ST0159,P000006,159,46,2026-06-27
INV0002380,ST0159,P000010,395,60,2026-06-20
INV0002381,ST0159,P000007,111,75,2026-06-10
INV0002382,ST0159,P000003,189,81,2026-06-16
INV0002383,ST0159,P000013,384,34,2026-06-14
INV0002384,ST0159,P000011,347,79,2026-06-16
INV0002385,ST0159,P000004,165,28,2026-06-22
INV0002386,ST0160,P000013,135,22,2026-06-25
INV0002387,ST0160,P000016,339,61,2026-06-26
INV0002388,ST0160,P000014,42,25,2026-06-13
INV0002389,ST0160,P000006,394,44,2026-06-20
INV0002390,ST0160,P000012,164,55,2026-06-27
INV0002391,ST0160,P000017,111,62,2026-06-11
INV0002392,ST0160,P000010,418,98,2026-06-30
INV0002393,ST0160,P000019,197,52,2026-06-22
INV0002394,ST0160,P000004,245,43,2026-06-23
INV0002395,ST0160,P000015,382,95,2026-07-07
INV0002396,ST0160,P000008,485,46,2026-07-04
INV0002397,ST0160,P000009,260,25,2026-06-22
INV0002398,ST0160,P000007,142,76,2026-06-08
INV0002399,ST0160,P000011,162,91,2026-06-21
INV0002400,ST0160,P000018,288,21,2026-07-05
INV0002401,ST0161,P000007,444,98,2026-06-15
INV0002402,ST0161,P000008,432,59,2026-06-13
INV0002403,ST0161,P000016,82,70,2026-07-01
INV0002404,ST0161,P000005,281,43,2026-07-02
INV0002405,ST0161,P000014,327,71,2026-06-26
INV0002406,ST0161,P000006,492,23,2026-07-05
INV0002407,ST0161,P000001,432,67,2026-06-17
INV0002408,ST0161,P000013,379,42,2026-06-16
INV0002409,ST0161,P000011,231,34,2026-07-07
INV0002410,ST0161,P000019,298,38,2026-06-16
INV0002411,ST0161,P000018,449,52,2026-06-20
INV0002412,ST0161,P000002,33,36,2026-06-10
INV0002413,ST0161,P000012,223,45,2026-07-07
INV0002414,ST0161,P000015,244,45,2026-06-16
INV0002415,ST0161,P000020,188,64,2026-06-23
INV0002416,ST0162,P000015,71,80,2026-06-26
INV0002417,ST0162,P000008,145,62,2026-06-16
INV0002418,ST0162,P000005,281,64,2026-06-13
INV0002419,ST0162,P000018,188,49,2026-07-01
INV0002420,ST0162,P000007,210,27,2026-06-18
INV0002421,ST0162,P000019,192,88,2026-07-03
INV0002422,ST0162,P000014,345,49,2026-07-04
INV0002423,ST0162,P000016,367,46,2026-06-25
INV0002424,ST0162,P000017,3,54,2026-07-07
INV0002425,ST0162,P000002,162,34,2026-06-13
INV0002426,ST0162,P000003,376,38,2026-07-04
INV0002427,ST0162,P000011,33,70,2026-06-21
INV0002428,ST0162,P000010,272,51,2026-07-06
INV0002429,ST0162,P000012,459,28,2026-06-12
INV0002430,ST0162,P000006,456,98,2026-06-11
INV0002431,ST0163,P000008,236,75,2026-06-21
INV0002432,ST0163,P000019,422,39,2026-06-19
INV0002433,ST0163,P000018,129,30,2026-07-04
INV0002434,ST0163,P000016,242,75,2026-06-11
INV0002435,ST0163,P000012,189,84,2026-07-02
INV0002436,ST0163,P000003,483,60,2026-06-16
INV0002437,ST0163,P000002,398,92,2026-06-15
INV0002438,ST0163,P000007,96,21,2026-06-24
INV0002439,ST0163,P000013,1,27,2026-06-27
INV0002440,ST0163,P000004,490,64,2026-07-04
INV0002441,ST0163,P000005,31,68,2026-06-20
INV0002442,ST0163,P000014,46,80,2026-06-13
INV0002443,ST0163,P000010,414,71,2026-06-11
INV0002444,ST0163,P000006,414,96,2026-06-23
INV0002445,ST0163,P000011,364,88,2026-06-21
INV0002446,ST0164,P000019,15,24,2026-06-15
INV0002447,ST0164,P000007,83,21,2026-06-10
INV0002448,ST0164,P000006,425,84,2026-06-27
INV0002449,ST0164,P000015,174,56,2026-06-16
INV0002450,ST0164,P000005,52,50,2026-07-01
INV0002451,ST0164,P000012,102,82,2026-07-03
INV0002452,ST0164,P000003,138,21,2026-06-09
INV0002453,ST0164,P000001,158,68,2026-06-15
INV0002454,ST0164,P000004,187,87,2026-06-25
INV0002455,ST0164,P000014,438,80,2026-06-24
INV0002456,ST0164,P000009,363,88,2026-06-20
INV0002457,ST0164,P000016,158,63,2026-06-28
INV0002458,ST0164,P000010,388,87,2026-07-06
INV0002459,ST0164,P000020,422,39,2026-06-30
INV0002460,ST0164,P000002,431,28,2026-06-22
INV0002461,ST0165,P000009,89,56,2026-06-20
INV0002462,ST0165,P000011,430,23,2026-06-14
INV0002463,ST0165,P000010,361,38,2026-07-05
INV0002464,ST0165,P000018,497,65,2026-07-06
INV0002465,ST0165,P000020,169,27,2026-07-05
INV0002466,ST0165,P000015,53,48,2026-06-13
INV0002467,ST0165,P000017,382,47,2026-06-14
INV0002468,ST0165,P000005,489,25,2026-07-02
INV0002469,ST0165,P000006,177,30,2026-07-05
INV0002470,ST0165,P000014,377,66,2026-07-04
INV0002471,ST0165,P000008,343,60,2026-07-02
INV0002472,ST0165,P000004,369,99,2026-06-17
INV0002473,ST0165,P000019,284,50,2026-07-04
INV0002474,ST0165,P000012,266,39,2026-06-21
INV0002475,ST0165,P000013,246,93,2026-07-01
INV0002476,ST0166,P000014,445,66,2026-07-06
INV0002477,ST0166,P000004,188,89,2026-06-10
INV0002478,ST0166,P000006,53,68,2026-07-01
INV0002479,ST0166,P000002,293,33,2026-06-17
INV0002480,ST0166,P000011,327,81,2026-06-29
INV0002481,ST0166,P000008,500,27,2026-06-27
INV0002482,ST0166,P000012,454,58,2026-06-23
INV0002483,ST0166,P000020,161,85,2026-06-19
INV0002484,ST0166,P000010,124,55,2026-07-07
INV0002485,ST0166,P000017,490,56,2026-06-27
INV0002486,ST0166,P000018,98,77,2026-06-20
INV0002487,ST0166,P000003,280,54,2026-06-21
INV0002488,ST0166,P000019,43,27,2026-06-30
INV0002489,ST0166,P000015,62,58,2026-06-18
INV0002490,ST0166,P000009,49,52,2026-07-02
INV0002491,ST0167,P000002,43,95,2026-06-25
INV0002492,ST0167,P000008,45,97,2026-07-01
INV0002493,ST0167,P000012,229,56,2026-07-07
INV0002494,ST0167,P000020,9,65,2026-07-01
INV0002495,ST0167,P000003,62,67,2026-07-03
INV0002496,ST0167,P000011,183,23,2026-06-29
INV0002497,ST0167,P000007,8,51,2026-06-11
INV0002498,ST0167,P000017,259,88,2026-07-04
INV0002499,ST0167,P000018,295,100,2026-06-11
INV0002500,ST0167,P000001,235,36,2026-07-03
INV0002501,ST0167,P000010,359,47,2026-06-29
INV0002502,ST0167,P000013,145,99,2026-07-03
INV0002503,ST0167,P000004,157,85,2026-06-12
INV0002504,ST0167,P000009,115,82,2026-06-12
INV0002505,ST0167,P000006,399,60,2026-06-21
INV0002506,ST0168,P000003,295,99,2026-06-10
INV0002507,ST0168,P000005,185,46,2026-06-14
INV0002508,ST0168,P000013,138,46,2026-07-07
INV0002509,ST0168,P000014,67,58,2026-06-12
INV0002510,ST0168,P000006,273,78,2026-07-05
INV0002511,ST0168,P000004,337,95,2026-07-03
INV0002512,ST0168,P000016,444,52,2026-06-30
INV0002513,ST0168,P000011,320,24,2026-06-13
INV0002514,ST0168,P000012,396,42,2026-06-13
INV0002515,ST0168,P000002,105,45,2026-07-01
INV0002516,ST0168,P000008,453,67,2026-07-03
INV0002517,ST0168,P000019,115,53,2026-07-03
INV0002518,ST0168,P000018,299,93,2026-06-26
INV0002519,ST0168,P000020,339,27,2026-06-23
INV0002520,ST0168,P000010,495,97,2026-07-03
INV0002521,ST0169,P000002,193,74,2026-07-05
INV0002522,ST0169,P000016,308,62,2026-06-25
INV0002523,ST0169,P000018,110,66,2026-06-13
INV0002524,ST0169,P000008,173,41,2026-06-16
INV0002525,ST0169,P000011,96,58,2026-06-26
INV0002526,ST0169,P000005,35,59,2026-06-09
INV0002527,ST0169,P000020,499,38,2026-06-30
INV0002528,ST0169,P000019,285,40,2026-06-27
INV0002529,ST0169,P000012,189,53,2026-06-12
INV0002530,ST0169,P000010,279,22,2026-07-05
INV0002531,ST0169,P000013,177,68,2026-06-24
INV0002532,ST0169,P000017,229,69,2026-07-01
INV0002533,ST0169,P000003,382,93,2026-06-21
INV0002534,ST0169,P000014,207,95,2026-06-24
INV0002535,ST0169,P000015,170,82,2026-06-10
INV0002536,ST0170,P000012,253,73,2026-07-01
INV0002537,ST0170,P000002,470,53,2026-06-12
INV0002538,ST0170,P000007,377,74,2026-06-10
INV0002539,ST0170,P000018,35,82,2026-06-13
INV0002540,ST0170,P000016,222,38,2026-06-16
INV0002541,ST0170,P000004,0,42,2026-06-30
INV0002542,ST0170,P000009,330,47,2026-07-04
INV0002543,ST0170,P000003,480,64,2026-06-14
INV0002544,ST0170,P000019,83,52,2026-06-22
INV0002545,ST0170,P000001,308,61,2026-06-20
INV0002546,ST0170,P000014,398,76,2026-06-13
INV0002547,ST0170,P000013,424,58,2026-06-17
INV0002548,ST0170,P000010,22,26,2026-06-30
INV0002549,ST0170,P000020,0,52,2026-07-05
INV0002550,ST0170,P000015,114,48,2026-06-10
INV0002551,ST0171,P000002,196,93,2026-07-05
INV0002552,ST0171,P000004,100,71,2026-06-13
INV0002553,ST0171,P000017,185,39,2026-06-10
INV0002554,ST0171,P000006,97,88,2026-06-10
INV0002555,ST0171,P000005,280,50,2026-06-11
INV0002556,ST0171,P000007,408,64,2026-06-26
INV0002557,ST0171,P000009,26,23,2026-06-23
INV0002558,ST0171,P000011,226,23,2026-06-18
INV0002559,ST0171,P000018,469,99,2026-06-10
INV0002560,ST0171,P000008,373,25,2026-07-07
INV0002561,ST0171,P000015,278,66,2026-06-22
INV0002562,ST0171,P000001,80,69,2026-06-13
INV0002563,ST0171,P000012,115,48,2026-06-22
INV0002564,ST0171,P000016,5,29,2026-06-16
INV0002565,ST0171,P000014,68,73,2026-06-09
INV0002566,ST0172,P000001,321,23,2026-06-13
INV0002567,ST0172,P000014,375,70,2026-07-06
INV0002568,ST0172,P000003,83,96,2026-06-16
INV0002569,ST0172,P000018,457,87,2026-07-07
INV0002570,ST0172,P000012,224,100,2026-06-19
INV0002571,ST0172,P000017,240,89,2026-06-22
INV0002572,ST0172,P000009,187,28,2026-06-12
INV0002573,ST0172,P000010,337,71,2026-06-19
INV0002574,ST0172,P000005,326,97,2026-06-19
INV0002575,ST0172,P000006,440,44,2026-06-30
INV0002576,ST0172,P000013,365,25,2026-06-17
INV0002577,ST0172,P000008,40,82,2026-07-02
INV0002578,ST0172,P000015,405,89,2026-06-28
INV0002579,ST0172,P000002,51,99,2026-06-30
INV0002580,ST0172,P000019,206,69,2026-06-11
INV0002581,ST0173,P000010,454,76,2026-06-28
INV0002582,ST0173,P000007,137,34,2026-06-26
INV0002583,ST0173,P000002,478,60,2026-06-28
INV0002584,ST0173,P000019,452,56,2026-06-20
INV0002585,ST0173,P000020,220,89,2026-06-25
INV0002586,ST0173,P000013,118,93,2026-06-17
INV0002587,ST0173,P000006,393,75,2026-06-08
INV0002588,ST0173,P000014,266,32,2026-06-14
INV0002589,ST0173,P000005,493,56,2026-06-13
INV0002590,ST0173,P000018,254,73,2026-07-01
INV0002591,ST0173,P000016,348,60,2026-06-14
INV0002592,ST0173,P000009,296,89,2026-07-02
INV0002593,ST0173,P000004,52,47,2026-06-18
INV0002594,ST0173,P000012,137,32,2026-07-03
INV0002595,ST0173,P000001,339,57,2026-06-14
INV0002596,ST0174,P000011,327,24,2026-06-21
INV0002597,ST0174,P000007,292,61,2026-06-08
INV0002598,ST0174,P000003,476,46,2026-06-13
INV0002599,ST0174,P000018,1,79,2026-06-18
INV0002600,ST0174,P000020,379,99,2026-06-29
INV0002601,ST0174,P000006,271,75,2026-06-18
INV0002602,ST0174,P000010,0,74,2026-06-17
INV0002603,ST0174,P000004,453,67,2026-06-09
INV0002604,ST0174,P000012,280,75,2026-06-22
INV0002605,ST0174,P000014,34,51,2026-07-07
INV0002606,ST0174,P000019,173,37,2026-06-28
INV0002607,ST0174,P000008,235,29,2026-07-02
INV0002608,ST0174,P000017,211,60,2026-06-12
INV0002609,ST0174,P000005,60,33,2026-07-07
INV0002610,ST0174,P000002,431,61,2026-06-14
INV0002611,ST0175,P000015,422,75,2026-06-19
INV0002612,ST0175,P000018,400,94,2026-06-22
INV0002613,ST0175,P000019,96,53,2026-06-18
INV0002614,ST0175,P000011,145,29,2026-07-06
INV0002615,ST0175,P000002,170,48,2026-06-08
INV0002616,ST0175,P000007,160,85,2026-06-21
INV0002617,ST0175,P000010,487,93,2026-06-23
INV0002618,ST0175,P000020,27,26,2026-07-07
INV0002619,ST0175,P000006,107,48,2026-06-19
INV0002620,ST0175,P000005,266,70,2026-06-13
INV0002621,ST0175,P000001,456,89,2026-06-11
INV0002622,ST0175,P000017,391,52,2026-06-27
INV0002623,ST0175,P000013,98,54,2026-06-13
INV0002624,ST0175,P000009,421,91,2026-06-24
INV0002625,ST0175,P000008,138,59,2026-06-13
INV0002626,ST0176,P000012,70,83,2026-06-20
INV0002627,ST0176,P000019,354,49,2026-06-25
INV0002628,ST0176,P000011,399,33,2026-07-06
INV0002629,ST0176,P000003,263,100,2026-07-06
INV0002630,ST0176,P000006,456,98,2026-06-28
INV0002631,ST0176,P000008,57,99,2026-06-08
INV0002632,ST0176,P000001,187,20,2026-06-30
INV0002633,ST0176,P000002,490,47,2026-06-22
INV0002634,ST0176,P000004,16,32,2026-06-15
INV0002635,ST0176,P000017,479,41,2026-07-07
INV0002636,ST0176,P000007,223,59,2026-06-19
INV0002637,ST0176,P000018,216,86,2026-06-12
INV0002638,ST0176,P000010,190,75,2026-06-30
INV0002639,ST0176,P000015,93,93,2026-06-21
INV0002640,ST0176,P000005,58,66,2026-06-21
INV0002641,ST0177,P000019,376,48,2026-06-09
INV0002642,ST0177,P000007,373,89,2026-06-18
INV0002643,ST0177,P000020,202,74,2026-06-29
INV0002644,ST0177,P000012,217,38,2026-06-22
INV0002645,ST0177,P000001,47,43,2026-06-30
INV0002646,ST0177,P000015,405,69,2026-06-14
INV0002647,ST0177,P000018,215,23,2026-07-06
INV0002648,ST0177,P000005,426,50,2026-06-19
INV0002649,ST0177,P000004,128,74,2026-07-07
INV0002650,ST0177,P000008,381,51,2026-07-05
INV0002651,ST0177,P000014,111,62,2026-06-08
INV0002652,ST0177,P000002,233,68,2026-06-16
INV0002653,ST0177,P000011,475,85,2026-06-18
INV0002654,ST0177,P000003,159,61,2026-06-09
INV0002655,ST0177,P000017,206,91,2026-06-30
INV0002656,ST0178,P000013,489,96,2026-06-12
INV0002657,ST0178,P000001,218,27,2026-06-28
INV0002658,ST0178,P000009,396,25,2026-06-21
INV0002659,ST0178,P000018,72,52,2026-06-20
INV0002660,ST0178,P000015,66,49,2026-07-05
INV0002661,ST0178,P000002,287,96,2026-06-17
INV0002662,ST0178,P000019,158,53,2026-06-20
INV0002663,ST0178,P000007,241,82,2026-06-15
INV0002664,ST0178,P000014,398,56,2026-06-28
INV0002665,ST0178,P000010,87,74,2026-07-05
INV0002666,ST0178,P000017,490,95,2026-07-01
INV0002667,ST0178,P000008,266,66,2026-07-06
INV0002668,ST0178,P000006,193,97,2026-06-27
INV0002669,ST0178,P000016,441,91,2026-06-16
INV0002670,ST0178,P000011,87,90,2026-06-23
INV0002671,ST0179,P000017,69,61,2026-06-25
INV0002672,ST0179,P000008,370,42,2026-07-04
INV0002673,ST0179,P000010,182,74,2026-06-30
INV0002674,ST0179,P000015,41,71,2026-06-29
INV0002675,ST0179,P000020,346,47,2026-06-08
INV0002676,ST0179,P000009,349,56,2026-06-17
INV0002677,ST0179,P000018,333,100,2026-07-06
INV0002678,ST0179,P000014,452,52,2026-06-23
INV0002679,ST0179,P000013,136,78,2026-06-30
INV0002680,ST0179,P000003,348,55,2026-07-04
INV0002681,ST0179,P000012,197,79,2026-07-07
INV0002682,ST0179,P000011,296,94,2026-07-04
INV0002683,ST0179,P000002,104,29,2026-07-04
INV0002684,ST0179,P000006,171,55,2026-06-30
INV0002685,ST0179,P000004,413,46,2026-06-21
INV0002686,ST0180,P000012,201,97,2026-06-12
INV0002687,ST0180,P000006,8,58,2026-06-21
INV0002688,ST0180,P000020,318,80,2026-06-18
INV0002689,ST0180,P000015,448,20,2026-06-27
INV0002690,ST0180,P000018,191,90,2026-06-19
INV0002691,ST0180,P000017,266,87,2026-06-14
INV0002692,ST0180,P000019,103,50,2026-07-04
INV0002693,ST0180,P000007,301,33,2026-06-28
INV0002694,ST0180,P000002,243,36,2026-07-02
INV0002695,ST0180,P000008,269,20,2026-06-09
INV0002696,ST0180,P000016,232,99,2026-07-05
INV0002697,ST0180,P000001,52,49,2026-06-28
INV0002698,ST0180,P000009,268,82,2026-06-10
INV0002699,ST0180,P000011,197,52,2026-07-03
INV0002700,ST0180,P000004,96,42,2026-06-16
INV0002701,ST0181,P000011,234,41,2026-06-21
INV0002702,ST0181,P000002,450,34,2026-06-27
INV0002703,ST0181,P000004,383,97,2026-06-25
INV0002704,ST0181,P000017,330,76,2026-06-22
INV0002705,ST0181,P000001,273,74,2026-07-03
INV0002706,ST0181,P000007,267,92,2026-06-13
INV0002707,ST0181,P000008,421,79,2026-06-22
INV0002708,ST0181,P000003,244,71,2026-06-12
INV0002709,ST0181,P000014,87,88,2026-06-13
INV0002710,ST0181,P000016,192,56,2026-07-03
INV0002711,ST0181,P000015,471,26,2026-06-14
INV0002712,ST0181,P000006,440,90,2026-06-27
INV0002713,ST0181,P000009,244,59,2026-07-02
INV0002714,ST0181,P000018,113,42,2026-06-28
INV0002715,ST0181,P000013,455,79,2026-06-11
INV0002716,ST0182,P000012,151,28,2026-06-15
INV0002717,ST0182,P000014,333,96,2026-06-13
INV0002718,ST0182,P000013,182,75,2026-06-13
INV0002719,ST0182,P000019,26,32,2026-07-06
INV0002720,ST0182,P000011,246,64,2026-06-27
INV0002721,ST0182,P000018,118,100,2026-06-27
INV0002722,ST0182,P000015,200,46,2026-06-20
INV0002723,ST0182,P000008,310,49,2026-06-18
INV0002724,ST0182,P000007,128,57,2026-06-19
INV0002725,ST0182,P000003,342,61,2026-06-18
INV0002726,ST0182,P000009,40,38,2026-06-16
INV0002727,ST0182,P000020,306,59,2026-07-02
INV0002728,ST0182,P000016,205,92,2026-07-03
INV0002729,ST0182,P000010,136,40,2026-06-12
INV0002730,ST0182,P000017,400,33,2026-07-03
INV0002731,ST0183,P000010,372,32,2026-07-05
INV0002732,ST0183,P000003,448,43,2026-07-03
INV0002733,ST0183,P000005,216,95,2026-07-07
INV0002734,ST0183,P000009,23,86,2026-06-09
INV0002735,ST0183,P000011,139,50,2026-07-06
INV0002736,ST0183,P000002,83,52,2026-06-23
INV0002737,ST0183,P000015,271,59,2026-07-06
INV0002738,ST0183,P000012,21,91,2026-06-15
INV0002739,ST0183,P000004,245,28,2026-06-16
INV0002740,ST0183,P000001,245,90,2026-06-12
INV0002741,ST0183,P000017,27,54,2026-06-13
INV0002742,ST0183,P000016,387,38,2026-06-18
INV0002743,ST0183,P000006,45,38,2026-06-27
INV0002744,ST0183,P000008,93,99,2026-06-13
INV0002745,ST0183,P000018,216,92,2026-06-28
INV0002746,ST0184,P000018,284,63,2026-06-16
INV0002747,ST0184,P000017,242,42,2026-06-20
INV0002748,ST0184,P000006,0,68,2026-06-25
INV0002749,ST0184,P000019,189,25,2026-07-06
INV0002750,ST0184,P000009,30,59,2026-07-01
INV0002751,ST0184,P000015,286,60,2026-06-28
INV0002752,ST0184,P000008,44,40,2026-06-22
INV0002753,ST0184,P000001,392,42,2026-06-17
INV0002754,ST0184,P000007,490,58,2026-06-21
INV0002755,ST0184,P000002,381,56,2026-06-18
INV0002756,ST0184,P000003,373,66,2026-06-21
INV0002757,ST0184,P000016,342,87,2026-06-10
INV0002758,ST0184,P000014,5,88,2026-06-09
INV0002759,ST0184,P000004,283,31,2026-06-11
INV0002760,ST0184,P000012,335,79,2026-06-14
INV0002761,ST0185,P000004,316,50,2026-06-18
INV0002762,ST0185,P000001,308,45,2026-06-10
INV0002763,ST0185,P000009,95,65,2026-06-27
INV0002764,ST0185,P000005,355,68,2026-06-24
INV0002765,ST0185,P000020,439,36,2026-06-13
INV0002766,ST0185,P000013,263,21,2026-06-13
INV0002767,ST0185,P000012,204,47,2026-07-06
INV0002768,ST0185,P000015,269,66,2026-06-26
INV0002769,ST0185,P000007,404,37,2026-06-24
INV0002770,ST0185,P000018,238,21,2026-06-26
INV0002771,ST0185,P000016,484,58,2026-06-26
INV0002772,ST0185,P000008,319,31,2026-06-18
INV0002773,ST0185,P000002,202,54,2026-06-11
INV0002774,ST0185,P000011,439,94,2026-06-26
INV0002775,ST0185,P000010,31,33,2026-07-04
INV0002776,ST0186,P000007,298,22,2026-06-20
INV0002777,ST0186,P000011,366,61,2026-06-26
INV0002778,ST0186,P000016,195,50,2026-06-25
INV0002779,ST0186,P000020,205,58,2026-06-25
INV0002780,ST0186,P000003,37,36,2026-06-26
INV0002781,ST0186,P000002,380,98,2026-06-11
INV0002782,ST0186,P000006,147,92,2026-07-06
INV0002783,ST0186,P000017,371,33,2026-07-06
INV0002784,ST0186,P000005,118,22,2026-06-29
INV0002785,ST0186,P000008,462,53,2026-06-12
INV0002786,ST0186,P000004,382,93,2026-07-03
INV0002787,ST0186,P000001,398,53,2026-07-03
INV0002788,ST0186,P000010,382,42,2026-06-23
INV0002789,ST0186,P000013,473,73,2026-06-28
INV0002790,ST0186,P000019,242,32,2026-06-30
INV0002791,ST0187,P000015,269,77,2026-06-30
INV0002792,ST0187,P000010,30,59,2026-06-13
INV0002793,ST0187,P000008,149,82,2026-06-27
INV0002794,ST0187,P000014,68,71,2026-06-23
INV0002795,ST0187,P000012,258,58,2026-06-08
INV0002796,ST0187,P000004,27,64,2026-07-05
INV0002797,ST0187,P000002,213,42,2026-07-01
INV0002798,ST0187,P000013,354,36,2026-06-30
INV0002799,ST0187,P000003,302,40,2026-07-07
INV0002800,ST0187,P000009,151,44,2026-06-29
INV0002801,ST0187,P000020,38,66,2026-06-23
INV0002802,ST0187,P000005,349,66,2026-06-25
INV0002803,ST0187,P000006,273,62,2026-06-28
INV0002804,ST0187,P000018,9,72,2026-06-30
INV0002805,ST0187,P000001,20,32,2026-06-11
INV0002806,ST0188,P000020,4,20,2026-06-22
INV0002807,ST0188,P000013,428,48,2026-07-06
INV0002808,ST0188,P000019,352,60,2026-06-15
INV0002809,ST0188,P000004,103,45,2026-07-03
INV0002810,ST0188,P000009,174,98,2026-06-29
INV0002811,ST0188,P000018,341,23,2026-06-25
INV0002812,ST0188,P000003,396,79,2026-06-13
INV0002813,ST0188,P000017,336,21,2026-06-20
INV0002814,ST0188,P000015,387,45,2026-06-30
INV0002815,ST0188,P000016,85,87,2026-06-27
INV0002816,ST0188,P000005,237,44,2026-07-04
INV0002817,ST0188,P000006,307,43,2026-07-07
INV0002818,ST0188,P000012,73,64,2026-06-22
INV0002819,ST0188,P000008,82,44,2026-06-28
INV0002820,ST0188,P000010,53,72,2026-06-23
INV0002821,ST0189,P000016,417,62,2026-06-30
INV0002822,ST0189,P000017,125,31,2026-06-25
INV0002823,ST0189,P000012,406,83,2026-06-16
INV0002824,ST0189,P000008,333,79,2026-06-24
INV0002825,ST0189,P000004,164,50,2026-06-10
INV0002826,ST0189,P000001,8,71,2026-06-28
INV0002827,ST0189,P000011,288,96,2026-06-10
INV0002828,ST0189,P000013,141,78,2026-07-02
INV0002829,ST0189,P000018,443,86,2026-06-25
INV0002830,ST0189,P000005,279,48,2026-06-23
INV0002831,ST0189,P000015,118,91,2026-06-22
INV0002832,ST0189,P000014,271,30,2026-06-28
INV0002833,ST0189,P000009,402,73,2026-06-18
INV0002834,ST0189,P000003,157,30,2026-06-19
INV0002835,ST0189,P000010,40,99,2026-06-28
INV0002836,ST0190,P000005,327,45,2026-06-27
INV0002837,ST0190,P000002,489,43,2026-07-01
INV0002838,ST0190,P000010,149,92,2026-06-15
INV0002839,ST0190,P000007,102,61,2026-07-01
INV0002840,ST0190,P000018,406,61,2026-06-10
INV0002841,ST0190,P000006,255,43,2026-06-20
INV0002842,ST0190,P000004,433,49,2026-06-25
INV0002843,ST0190,P000011,347,84,2026-06-30
INV0002844,ST0190,P000012,18,62,2026-06-17
INV0002845,ST0190,P000001,260,24,2026-06-24
INV0002846,ST0190,P000019,133,38,2026-06-21
INV0002847,ST0190,P000015,65,56,2026-07-04
INV0002848,ST0190,P000017,240,92,2026-06-10
INV0002849,ST0190,P000014,492,55,2026-07-01
INV0002850,ST0190,P000008,350,100,2026-07-05
INV0002851,ST0191,P000009,196,54,2026-06-30
INV0002852,ST0191,P000014,464,34,2026-07-06
INV0002853,ST0191,P000008,405,83,2026-06-13
INV0002854,ST0191,P000012,85,95,2026-06-13
INV0002855,ST0191,P000010,365,77,2026-06-28
INV0002856,ST0191,P000016,403,61,2026-06-16
INV0002857,ST0191,P000017,382,40,2026-06-22
INV0002858,ST0191,P000013,250,57,2026-06-12
INV0002859,ST0191,P000006,391,39,2026-06-21
INV0002860,ST0191,P000003,96,61,2026-06-17
INV0002861,ST0191,P000002,45,77,2026-06-15
INV0002862,ST0191,P000019,142,43,2026-06-23
INV0002863,ST0191,P000011,319,35,2026-07-03
INV0002864,ST0191,P000005,87,88,2026-06-27
INV0002865,ST0191,P000018,494,52,2026-07-05
INV0002866,ST0192,P000013,430,71,2026-06-12
INV0002867,ST0192,P000020,205,84,2026-06-27
INV0002868,ST0192,P000015,46,43,2026-06-21
INV0002869,ST0192,P000010,299,62,2026-06-14
INV0002870,ST0192,P000012,172,42,2026-06-13
INV0002871,ST0192,P000016,226,96,2026-06-26
INV0002872,ST0192,P000009,48,25,2026-06-09
INV0002873,ST0192,P000014,46,87,2026-06-22
INV0002874,ST0192,P000019,127,76,2026-07-05
INV0002875,ST0192,P000017,191,36,2026-06-26
INV0002876,ST0192,P000005,277,96,2026-06-24
INV0002877,ST0192,P000001,207,49,2026-06-15
INV0002878,ST0192,P000018,170,32,2026-07-01
INV0002879,ST0192,P000002,33,38,2026-06-10
INV0002880,ST0192,P000008,220,78,2026-06-16
INV0002881,ST0193,P000015,398,43,2026-06-11
INV0002882,ST0193,P000019,493,94,2026-06-09
INV0002883,ST0193,P000005,214,78,2026-06-14
INV0002884,ST0193,P000011,33,71,2026-06-10
INV0002885,ST0193,P000018,185,75,2026-06-25
INV0002886,ST0193,P000016,48,69,2026-06-20
INV0002887,ST0193,P000010,459,62,2026-06-15
INV0002888,ST0193,P000003,7,60,2026-07-02
INV0002889,ST0193,P000020,424,50,2026-06-17
INV0002890,ST0193,P000008,104,59,2026-06-18
INV0002891,ST0193,P000014,493,42,2026-06-30
INV0002892,ST0193,P000002,333,36,2026-06-24
INV0002893,ST0193,P000001,428,56,2026-07-05
INV0002894,ST0193,P000007,90,56,2026-06-26
INV0002895,ST0193,P000012,59,85,2026-06-17
INV0002896,ST0194,P000010,488,58,2026-06-19
INV0002897,ST0194,P000001,359,91,2026-07-02
INV0002898,ST0194,P000002,328,25,2026-06-10
INV0002899,ST0194,P000009,164,81,2026-07-04
INV0002900,ST0194,P000015,304,37,2026-07-04
INV0002901,ST0194,P000014,8,99,2026-06-29
INV0002902,ST0194,P000006,9,65,2026-06-12
INV0002903,ST0194,P000003,467,50,2026-06-26
INV0002904,ST0194,P000019,81,100,2026-07-02
INV0002905,ST0194,P000004,187,50,2026-07-04
INV0002906,ST0194,P000007,183,73,2026-06-12
INV0002907,ST0194,P000018,179,92,2026-06-10
INV0002908,ST0194,P000020,63,96,2026-06-29
INV0002909,ST0194,P000016,442,22,2026-06-19
INV0002910,ST0194,P000008,39,80,2026-07-05
INV0002911,ST0195,P000004,119,93,2026-06-16
INV0002912,ST0195,P000014,5,62,2026-07-01
INV0002913,ST0195,P000005,207,79,2026-06-15
INV0002914,ST0195,P000001,297,71,2026-06-26
INV0002915,ST0195,P000016,377,93,2026-07-02
INV0002916,ST0195,P000006,314,51,2026-06-15
INV0002917,ST0195,P000018,429,22,2026-07-03
INV0002918,ST0195,P000019,139,46,2026-06-13
INV0002919,ST0195,P000007,477,98,2026-07-03
INV0002920,ST0195,P000017,247,58,2026-07-01
INV0002921,ST0195,P000015,197,93,2026-06-29
INV0002922,ST0195,P000012,96,66,2026-06-25
INV0002923,ST0195,P000009,285,43,2026-06-30
INV0002924,ST0195,P000013,168,25,2026-07-04
INV0002925,ST0195,P000003,441,89,2026-06-18
INV0002926,ST0196,P000017,341,32,2026-06-15
INV0002927,ST0196,P000013,332,82,2026-06-16
INV0002928,ST0196,P000012,421,28,2026-06-18
INV0002929,ST0196,P000016,250,31,2026-06-20
INV0002930,ST0196,P000008,319,99,2026-07-05
INV0002931,ST0196,P000009,199,37,2026-06-20
INV0002932,ST0196,P000010,90,93,2026-07-03
INV0002933,ST0196,P000003,375,83,2026-06-08
INV0002934,ST0196,P000019,211,93,2026-06-14
INV0002935,ST0196,P000007,419,87,2026-07-06
INV0002936,ST0196,P000018,407,67,2026-06-09
INV0002937,ST0196,P000011,361,55,2026-06-24
INV0002938,ST0196,P000004,487,75,2026-07-05
INV0002939,ST0196,P000020,480,45,2026-07-03
INV0002940,ST0196,P000006,435,48,2026-06-19
INV0002941,ST0197,P000006,66,60,2026-07-01
INV0002942,ST0197,P000016,347,32,2026-06-22
INV0002943,ST0197,P000020,493,31,2026-06-29
INV0002944,ST0197,P000014,402,79,2026-07-01
INV0002945,ST0197,P000004,34,22,2026-07-02
INV0002946,ST0197,P000019,451,67,2026-07-01
INV0002947,ST0197,P000013,101,22,2026-06-20
INV0002948,ST0197,P000003,165,81,2026-06-23
INV0002949,ST0197,P000018,461,76,2026-07-06
INV0002950,ST0197,P000008,246,35,2026-07-05
INV0002951,ST0197,P000012,109,46,2026-06-13
INV0002952,ST0197,P000011,20,23,2026-06-29
INV0002953,ST0197,P000009,247,48,2026-07-07
INV0002954,ST0197,P000010,364,74,2026-07-03
INV0002955,ST0197,P000002,491,50,2026-06-17
INV0002956,ST0198,P000005,22,40,2026-07-03
INV0002957,ST0198,P000020,486,68,2026-06-10
INV0002958,ST0198,P000008,28,77,2026-07-07
INV0002959,ST0198,P000017,30,21,2026-07-07
INV0002960,ST0198,P000015,293,55,2026-07-03
INV0002961,ST0198,P000007,202,52,2026-06-17
INV0002962,ST0198,P000016,454,88,2026-06-17
INV0002963,ST0198,P000003,106,56,2026-07-05
INV0002964,ST0198,P000006,137,59,2026-06-12
INV0002965,ST0198,P000004,384,21,2026-06-09
INV0002966,ST0198,P000010,273,35,2026-06-21
INV0002967,ST0198,P000011,353,80,2026-06-11
INV0002968,ST0198,P000018,127,82,2026-07-02
INV0002969,ST0198,P000019,429,75,2026-06-29
INV0002970,ST0198,P000001,446,87,2026-07-02
INV0002971,ST0199,P000003,276,95,2026-07-03
INV0002972,ST0199,P000005,6,71,2026-06-13
INV0002973,ST0199,P000013,275,24,2026-06-21
INV0002974,ST0199,P000004,119,36,2026-06-19
INV0002975,ST0199,P000010,166,64,2026-06-24
INV0002976,ST0199,P000007,175,76,2026-06-28
INV0002977,ST0199,P000012,84,22,2026-06-20
INV0002978,ST0199,P000019,305,98,2026-06-25
INV0002979,ST0199,P000014,270,53,2026-06-19
INV0002980,ST0199,P000006,423,43,2026-06-29
INV0002981,ST0199,P000001,225,77,2026-06-12
INV0002982,ST0199,P000002,232,39,2026-06-27
INV0002983,ST0199,P000016,446,33,2026-07-04
INV0002984,ST0199,P000015,193,79,2026-07-06
INV0002985,ST0199,P000020,301,43,2026-06-23
INV0002986,ST0200,P000009,187,49,2026-07-01
INV0002987,ST0200,P000012,100,40,2026-06-18
INV0002988,ST0200,P000002,426,44,2026-07-03
INV0002989,ST0200,P000004,5,78,2026-06-28
INV0002990,ST0200,P000007,354,57,2026-06-29
INV0002991,ST0200,P000001,259,32,2026-07-03
INV0002992,ST0200,P000014,473,41,2026-06-08
INV0002993,ST0200,P000013,114,65,2026-06-08
INV0002994,ST0200,P000015,279,26,2026-06-23
INV0002995,ST0200,P000011,368,56,2026-07-07
INV0002996,ST0200,P000006,71,26,2026-06-24
INV0002997,ST0200,P000018,128,77,2026-06-30
INV0002998,ST0200,P000017,113,94,2026-06-15
INV0002999,ST0200,P000005,112,35,2026-06-25
INV0003000,ST0200,P000016,454,26,2026-06-20
INV0003001,ST0201,P000019,116,79,2026-06-10
INV0003002,ST0201,P000001,111,35,2026-06-17
INV0003003,ST0201,P000004,468,85,2026-06-13
INV0003004,ST0201,P000006,95,60,2026-06-25
INV0003005,ST0201,P000008,380,61,2026-06-23
INV0003006,ST0201,P000010,332,50,2026-07-01
INV0003007,ST0201,P000012,351,79,2026-06-13
INV0003008,ST0201,P000009,325,41,2026-06-15
INV0003009,ST0201,P000005,51,62,2026-06-26
INV0003010,ST0201,P000003,195,43,2026-07-06
INV0003011,ST0201,P000002,32,58,2026-06-25
INV0003012,ST0201,P000017,178,97,2026-06-19
INV0003013,ST0201,P000018,498,37,2026-06-13
INV0003014,ST0201,P000013,35,43,2026-07-07
INV0003015,ST0201,P000014,298,52,2026-06-22
INV0003016,ST0202,P000003,0,50,2026-06-27
INV0003017,ST0202,P000016,77,92,2026-07-04
INV0003018,ST0202,P000007,233,49,2026-06-16
INV0003019,ST0202,P000010,161,31,2026-06-26
INV0003020,ST0202,P000009,485,93,2026-06-28
INV0003021,ST0202,P000018,410,78,2026-06-16
INV0003022,ST0202,P000017,181,45,2026-06-13
INV0003023,ST0202,P000012,74,76,2026-06-13
INV0003024,ST0202,P000014,416,80,2026-06-26
INV0003025,ST0202,P000015,218,86,2026-06-24
INV0003026,ST0202,P000006,384,46,2026-06-24
INV0003027,ST0202,P000011,210,41,2026-06-29
INV0003028,ST0202,P000005,370,59,2026-06-08
INV0003029,ST0202,P000013,492,27,2026-06-29
INV0003030,ST0202,P000001,246,31,2026-07-07
INV0003031,ST0203,P000011,57,33,2026-06-16
INV0003032,ST0203,P000017,15,99,2026-07-06
INV0003033,ST0203,P000012,2,92,2026-06-22
INV0003034,ST0203,P000014,62,96,2026-07-04
INV0003035,ST0203,P000003,458,37,2026-06-08
INV0003036,ST0203,P000019,364,87,2026-06-11
INV0003037,ST0203,P000015,157,65,2026-06-18
INV0003038,ST0203,P000010,23,79,2026-06-12
INV0003039,ST0203,P000016,231,25,2026-06-26
INV0003040,ST0203,P000008,191,39,2026-06-11
INV0003041,ST0203,P000006,337,69,2026-06-18
INV0003042,ST0203,P000013,129,25,2026-07-06
INV0003043,ST0203,P000002,299,82,2026-07-03
INV0003044,ST0203,P000009,299,57,2026-06-16
INV0003045,ST0203,P000001,458,25,2026-06-12
INV0003046,ST0204,P000020,224,34,2026-07-01
INV0003047,ST0204,P000008,303,87,2026-07-07
INV0003048,ST0204,P000013,273,58,2026-06-08
INV0003049,ST0204,P000019,419,92,2026-06-22
INV0003050,ST0204,P000004,381,31,2026-06-15
INV0003051,ST0204,P000018,414,99,2026-07-06
INV0003052,ST0204,P000003,497,42,2026-07-02
INV0003053,ST0204,P000011,433,40,2026-06-11
INV0003054,ST0204,P000017,229,69,2026-06-10
INV0003055,ST0204,P000006,95,90,2026-06-24
INV0003056,ST0204,P000015,388,27,2026-06-13
INV0003057,ST0204,P000014,198,67,2026-07-02
INV0003058,ST0204,P000010,124,22,2026-06-28
INV0003059,ST0204,P000016,38,32,2026-07-01
INV0003060,ST0204,P000005,287,46,2026-06-26
INV0003061,ST0205,P000004,165,34,2026-06-23
INV0003062,ST0205,P000011,84,42,2026-06-10
INV0003063,ST0205,P000016,161,28,2026-07-03
INV0003064,ST0205,P000019,60,49,2026-06-13
INV0003065,ST0205,P000015,390,83,2026-06-18
INV0003066,ST0205,P000014,159,95,2026-06-22
INV0003067,ST0205,P000020,241,33,2026-06-11
INV0003068,ST0205,P000012,244,69,2026-07-05
INV0003069,ST0205,P000009,460,42,2026-06-29
INV0003070,ST0205,P000002,437,51,2026-06-14
INV0003071,ST0205,P000006,268,59,2026-06-08
INV0003072,ST0205,P000013,363,42,2026-06-08
INV0003073,ST0205,P000005,81,73,2026-06-14
INV0003074,ST0205,P000010,471,29,2026-06-24
INV0003075,ST0205,P000007,194,34,2026-06-28
INV0003076,ST0206,P000011,395,48,2026-06-23
INV0003077,ST0206,P000006,155,91,2026-06-15
INV0003078,ST0206,P000004,141,98,2026-06-27
INV0003079,ST0206,P000018,76,56,2026-06-29
INV0003080,ST0206,P000001,295,59,2026-07-06
INV0003081,ST0206,P000017,95,37,2026-07-07
INV0003082,ST0206,P000008,111,67,2026-06-30
INV0003083,ST0206,P000015,491,69,2026-06-26
INV0003084,ST0206,P000012,444,87,2026-07-07
INV0003085,ST0206,P000009,348,66,2026-07-07
INV0003086,ST0206,P000013,130,82,2026-06-25
INV0003087,ST0206,P000014,10,83,2026-06-29
INV0003088,ST0206,P000020,477,33,2026-06-15
INV0003089,ST0206,P000016,482,99,2026-06-21
INV0003090,ST0206,P000007,495,87,2026-07-05
INV0003091,ST0207,P000016,268,47,2026-07-06
INV0003092,ST0207,P000005,376,52,2026-06-16
INV0003093,ST0207,P000003,218,85,2026-06-14
INV0003094,ST0207,P000019,398,89,2026-06-18
INV0003095,ST0207,P000012,142,83,2026-07-05
INV0003096,ST0207,P000015,167,49,2026-06-17
INV0003097,ST0207,P000002,362,42,2026-06-17
INV0003098,ST0207,P000008,60,48,2026-06-08
INV0003099,ST0207,P000010,414,74,2026-06-12
INV0003100,ST0207,P000004,143,89,2026-07-05
INV0003101,ST0207,P000009,118,26,2026-06-30
INV0003102,ST0207,P000001,91,37,2026-06-11
INV0003103,ST0207,P000017,273,77,2026-06-10
INV0003104,ST0207,P000007,241,48,2026-06-24
INV0003105,ST0207,P000011,132,47,2026-07-07
INV0003106,ST0208,P000015,184,90,2026-07-05
INV0003107,ST0208,P000012,13,93,2026-06-26
INV0003108,ST0208,P000019,379,24,2026-06-17
INV0003109,ST0208,P000018,410,99,2026-06-14
INV0003110,ST0208,P000014,152,31,2026-06-19
INV0003111,ST0208,P000007,155,67,2026-06-27
INV0003112,ST0208,P000020,401,31,2026-06-24
INV0003113,ST0208,P000003,27,86,2026-06-16
INV0003114,ST0208,P000008,386,88,2026-06-08
INV0003115,ST0208,P000002,33,83,2026-06-12
INV0003116,ST0208,P000009,342,76,2026-07-03
INV0003117,ST0208,P000006,256,37,2026-06-26
INV0003118,ST0208,P000010,257,51,2026-07-06
INV0003119,ST0208,P000016,191,85,2026-06-21
INV0003120,ST0208,P000013,152,81,2026-06-17
INV0003121,ST0209,P000014,428,21,2026-06-28
INV0003122,ST0209,P000012,372,24,2026-06-29
INV0003123,ST0209,P000005,429,65,2026-07-06
INV0003124,ST0209,P000004,80,86,2026-06-13
INV0003125,ST0209,P000013,167,37,2026-06-21
INV0003126,ST0209,P000007,328,51,2026-06-22
INV0003127,ST0209,P000001,216,62,2026-07-01
INV0003128,ST0209,P000019,301,88,2026-06-17
INV0003129,ST0209,P000011,378,81,2026-06-18
INV0003130,ST0209,P000003,194,89,2026-06-30
INV0003131,ST0209,P000002,229,54,2026-06-17
INV0003132,ST0209,P000015,294,75,2026-06-17
INV0003133,ST0209,P000016,362,39,2026-07-06
INV0003134,ST0209,P000008,276,98,2026-07-07
INV0003135,ST0209,P000017,388,85,2026-06-09
INV0003136,ST0210,P000003,212,49,2026-06-12
INV0003137,ST0210,P000015,406,80,2026-07-01
INV0003138,ST0210,P000018,115,54,2026-06-14
INV0003139,ST0210,P000012,437,81,2026-06-13
INV0003140,ST0210,P000005,185,41,2026-07-03
INV0003141,ST0210,P000016,356,91,2026-06-19
INV0003142,ST0210,P000019,354,24,2026-07-04
INV0003143,ST0210,P000011,88,57,2026-06-23
INV0003144,ST0210,P000006,160,46,2026-06-13
INV0003145,ST0210,P000010,96,84,2026-06-15
INV0003146,ST0210,P000013,288,28,2026-06-20
INV0003147,ST0210,P000020,424,70,2026-07-06
INV0003148,ST0210,P000017,142,37,2026-06-22
INV0003149,ST0210,P000008,461,74,2026-06-19
INV0003150,ST0210,P000009,44,47,2026-06-24
INV0003151,ST0211,P000004,246,56,2026-06-30
INV0003152,ST0211,P000020,384,61,2026-07-05
INV0003153,ST0211,P000018,420,96,2026-07-06
INV0003154,ST0211,P000013,393,33,2026-06-17
INV0003155,ST0211,P000001,485,64,2026-06-26
INV0003156,ST0211,P000003,141,51,2026-06-28
INV0003157,ST0211,P000005,107,75,2026-07-03
INV0003158,ST0211,P000016,270,76,2026-07-06
INV0003159,ST0211,P000006,43,42,2026-07-03
INV0003160,ST0211,P000015,399,57,2026-06-09
INV0003161,ST0211,P000010,156,26,2026-07-05
INV0003162,ST0211,P000002,464,60,2026-07-04
INV0003163,ST0211,P000012,434,60,2026-06-14
INV0003164,ST0211,P000014,277,78,2026-06-11
INV0003165,ST0211,P000017,136,74,2026-06-16
INV0003166,ST0212,P000020,437,60,2026-06-22
INV0003167,ST0212,P000016,315,85,2026-06-22
INV0003168,ST0212,P000003,64,84,2026-06-08
INV0003169,ST0212,P000011,139,54,2026-06-24
INV0003170,ST0212,P000015,312,21,2026-06-26
INV0003171,ST0212,P000006,206,74,2026-07-07
INV0003172,ST0212,P000018,325,77,2026-06-19
INV0003173,ST0212,P000019,32,54,2026-06-08
INV0003174,ST0212,P000017,19,45,2026-06-15
INV0003175,ST0212,P000004,442,68,2026-06-13
INV0003176,ST0212,P000013,366,69,2026-06-24
INV0003177,ST0212,P000012,443,41,2026-06-15
INV0003178,ST0212,P000005,254,45,2026-06-12
INV0003179,ST0212,P000008,140,33,2026-06-24
INV0003180,ST0212,P000002,156,42,2026-06-18
INV0003181,ST0213,P000012,395,56,2026-06-29
INV0003182,ST0213,P000013,181,81,2026-06-26
INV0003183,ST0213,P000010,341,47,2026-06-23
INV0003184,ST0213,P000011,398,60,2026-06-14
INV0003185,ST0213,P000014,417,91,2026-06-24
INV0003186,ST0213,P000007,218,52,2026-07-07
INV0003187,ST0213,P000006,333,36,2026-06-17
INV0003188,ST0213,P000016,255,42,2026-06-24
INV0003189,ST0213,P000008,359,32,2026-06-23
INV0003190,ST0213,P000005,395,45,2026-06-18
INV0003191,ST0213,P000002,472,27,2026-07-07
INV0003192,ST0213,P000009,0,43,2026-06-21
INV0003193,ST0213,P000020,309,34,2026-07-05
INV0003194,ST0213,P000004,383,59,2026-07-03
INV0003195,ST0213,P000015,48,80,2026-06-19
INV0003196,ST0214,P000020,401,26,2026-06-24
INV0003197,ST0214,P000013,117,24,2026-07-05
INV0003198,ST0214,P000006,247,59,2026-06-10
INV0003199,ST0214,P000015,407,72,2026-06-22
INV0003200,ST0214,P000001,476,46,2026-07-05
INV0003201,ST0214,P000011,57,24,2026-07-01
INV0003202,ST0214,P000005,5,75,2026-06-29
INV0003203,ST0214,P000019,474,89,2026-06-16
INV0003204,ST0214,P000018,488,25,2026-06-12
INV0003205,ST0214,P000002,300,53,2026-07-02
INV0003206,ST0214,P000008,149,29,2026-07-07
INV0003207,ST0214,P000003,175,50,2026-06-15
INV0003208,ST0214,P000014,473,44,2026-07-07
INV0003209,ST0214,P000010,450,22,2026-06-16
INV0003210,ST0214,P000012,171,21,2026-06-20
INV0003211,ST0215,P000015,136,88,2026-06-09
INV0003212,ST0215,P000019,443,50,2026-06-25
INV0003213,ST0215,P000009,12,56,2026-06-30
INV0003214,ST0215,P000006,491,53,2026-06-11
INV0003215,ST0215,P000011,328,32,2026-06-13
INV0003216,ST0215,P000002,500,94,2026-06-19
INV0003217,ST0215,P000001,460,74,2026-07-07
INV0003218,ST0215,P000014,53,59,2026-07-01
INV0003219,ST0215,P000005,277,56,2026-06-16
INV0003220,ST0215,P000020,53,44,2026-06-20
INV0003221,ST0215,P000018,132,56,2026-06-09
INV0003222,ST0215,P000010,406,57,2026-06-28
INV0003223,ST0215,P000008,311,28,2026-06-11
INV0003224,ST0215,P000012,10,42,2026-06-15
INV0003225,ST0215,P000007,477,34,2026-06-24
INV0003226,ST0216,P000006,218,91,2026-06-11
INV0003227,ST0216,P000002,211,75,2026-06-15
INV0003228,ST0216,P000010,286,86,2026-06-10
INV0003229,ST0216,P000019,431,29,2026-06-18
INV0003230,ST0216,P000005,17,99,2026-06-18
INV0003231,ST0216,P000015,145,27,2026-06-16
INV0003232,ST0216,P000017,91,59,2026-07-06
INV0003233,ST0216,P000004,340,33,2026-06-28
INV0003234,ST0216,P000012,213,75,2026-06-24
INV0003235,ST0216,P000001,494,88,2026-06-10
INV0003236,ST0216,P000018,89,81,2026-06-21
INV0003237,ST0216,P000007,449,50,2026-06-26
INV0003238,ST0216,P000020,169,63,2026-06-27
INV0003239,ST0216,P000011,16,46,2026-06-14
INV0003240,ST0216,P000014,136,33,2026-06-12
INV0003241,ST0217,P000008,338,44,2026-06-30
INV0003242,ST0217,P000002,234,70,2026-06-27
INV0003243,ST0217,P000019,1,35,2026-07-05
INV0003244,ST0217,P000014,117,80,2026-06-10
INV0003245,ST0217,P000018,332,99,2026-07-05
INV0003246,ST0217,P000010,473,27,2026-06-23
INV0003247,ST0217,P000016,482,89,2026-06-17
INV0003248,ST0217,P000003,452,65,2026-06-16
INV0003249,ST0217,P000004,344,88,2026-06-10
INV0003250,ST0217,P000007,308,93,2026-06-30
INV0003251,ST0217,P000020,18,58,2026-06-19
INV0003252,ST0217,P000006,60,37,2026-06-28
INV0003253,ST0217,P000017,24,21,2026-06-23
INV0003254,ST0217,P000013,8,54,2026-06-25
INV0003255,ST0217,P000005,29,76,2026-07-01
INV0003256,ST0218,P000018,498,53,2026-06-21
INV0003257,ST0218,P000011,329,74,2026-07-07
INV0003258,ST0218,P000009,302,97,2026-07-03
INV0003259,ST0218,P000019,426,44,2026-06-19
INV0003260,ST0218,P000005,2,88,2026-07-06
INV0003261,ST0218,P000013,128,50,2026-06-14
INV0003262,ST0218,P000012,256,62,2026-06-20
INV0003263,ST0218,P000010,42,71,2026-07-06
INV0003264,ST0218,P000007,347,22,2026-06-13
INV0003265,ST0218,P000003,235,51,2026-06-10
INV0003266,ST0218,P000002,455,71,2026-06-18
INV0003267,ST0218,P000001,446,49,2026-06-29
INV0003268,ST0218,P000014,302,34,2026-07-01
INV0003269,ST0218,P000020,241,95,2026-06-28
INV0003270,ST0218,P000004,251,100,2026-06-27
INV0003271,ST0219,P000004,107,100,2026-06-14
INV0003272,ST0219,P000002,368,75,2026-06-25
INV0003273,ST0219,P000006,111,28,2026-07-02
INV0003274,ST0219,P000012,205,38,2026-06-14
INV0003275,ST0219,P000019,3,20,2026-06-28
INV0003276,ST0219,P000007,212,96,2026-06-22
INV0003277,ST0219,P000017,61,26,2026-06-28
INV0003278,ST0219,P000018,90,81,2026-06-23
INV0003279,ST0219,P000014,351,69,2026-06-10
INV0003280,ST0219,P000011,131,60,2026-06-11
INV0003281,ST0219,P000013,391,54,2026-06-28
INV0003282,ST0219,P000008,400,53,2026-06-22
INV0003283,ST0219,P000001,100,44,2026-06-26
INV0003284,ST0219,P000010,315,81,2026-07-04
INV0003285,ST0219,P000003,487,78,2026-06-21
INV0003286,ST0220,P000015,222,55,2026-06-22
INV0003287,ST0220,P000008,381,46,2026-06-12
INV0003288,ST0220,P000009,51,52,2026-07-02
INV0003289,ST0220,P000018,219,43,2026-07-04
INV0003290,ST0220,P000019,495,52,2026-07-04
INV0003291,ST0220,P000002,150,85,2026-06-21
INV0003292,ST0220,P000006,88,61,2026-07-02
INV0003293,ST0220,P000014,275,97,2026-06-24
INV0003294,ST0220,P000001,427,55,2026-06-24
INV0003295,ST0220,P000005,239,75,2026-07-07
INV0003296,ST0220,P000016,279,82,2026-06-28
INV0003297,ST0220,P000020,302,51,2026-07-03
INV0003298,ST0220,P000010,230,71,2026-06-14
INV0003299,ST0220,P000003,73,96,2026-06-29
INV0003300,ST0220,P000017,15,92,2026-07-02
INV0003301,ST0221,P000010,334,35,2026-06-09
INV0003302,ST0221,P000002,176,67,2026-06-23
INV0003303,ST0221,P000004,100,80,2026-07-02
INV0003304,ST0221,P000009,77,94,2026-06-30
INV0003305,ST0221,P000016,495,81,2026-06-09
INV0003306,ST0221,P000011,21,92,2026-06-27
INV0003307,ST0221,P000005,409,36,2026-07-01
INV0003308,ST0221,P000001,410,69,2026-06-25
INV0003309,ST0221,P000020,196,50,2026-06-28
INV0003310,ST0221,P000017,150,20,2026-06-26
INV0003311,ST0221,P000003,301,74,2026-07-05
INV0003312,ST0221,P000012,184,91,2026-06-13
INV0003313,ST0221,P000014,67,28,2026-06-23
INV0003314,ST0221,P000013,335,39,2026-07-06
INV0003315,ST0221,P000015,228,36,2026-07-03
INV0003316,ST0222,P000007,361,42,2026-06-09
INV0003317,ST0222,P000005,467,91,2026-06-12
INV0003318,ST0222,P000008,192,33,2026-06-20
INV0003319,ST0222,P000019,185,51,2026-07-01
INV0003320,ST0222,P000014,170,58,2026-06-20
INV0003321,ST0222,P000016,178,97,2026-07-04
INV0003322,ST0222,P000011,107,22,2026-06-21
INV0003323,ST0222,P000004,400,72,2026-06-13
INV0003324,ST0222,P000006,81,52,2026-06-12
INV0003325,ST0222,P000013,109,84,2026-06-18
INV0003326,ST0222,P000003,211,50,2026-06-19
INV0003327,ST0222,P000001,261,40,2026-06-21
INV0003328,ST0222,P000002,325,52,2026-07-05
INV0003329,ST0222,P000020,446,72,2026-06-13
INV0003330,ST0222,P000009,36,86,2026-06-08
INV0003331,ST0223,P000002,463,50,2026-06-25
INV0003332,ST0223,P000010,298,67,2026-07-07
INV0003333,ST0223,P000011,430,69,2026-06-17
INV0003334,ST0223,P000015,347,65,2026-06-19
INV0003335,ST0223,P000006,90,45,2026-06-09
INV0003336,ST0223,P000019,270,85,2026-06-09
INV0003337,ST0223,P000004,101,71,2026-07-05
INV0003338,ST0223,P000016,289,33,2026-06-22
INV0003339,ST0223,P000001,299,64,2026-06-16
INV0003340,ST0223,P000007,350,60,2026-06-24
INV0003341,ST0223,P000018,444,50,2026-07-06
INV0003342,ST0223,P000009,227,78,2026-06-14
INV0003343,ST0223,P000012,255,23,2026-06-13
INV0003344,ST0223,P000008,456,77,2026-07-05
INV0003345,ST0223,P000014,129,90,2026-06-14
INV0003346,ST0224,P000017,78,36,2026-07-03
INV0003347,ST0224,P000012,313,62,2026-06-20
INV0003348,ST0224,P000001,199,84,2026-06-22
INV0003349,ST0224,P000013,327,43,2026-06-15
INV0003350,ST0224,P000009,15,93,2026-06-23
INV0003351,ST0224,P000010,69,69,2026-06-12
INV0003352,ST0224,P000018,155,78,2026-06-27
INV0003353,ST0224,P000015,437,86,2026-06-27
INV0003354,ST0224,P000020,74,25,2026-06-24
INV0003355,ST0224,P000005,54,67,2026-06-30
INV0003356,ST0224,P000002,181,54,2026-07-04
INV0003357,ST0224,P000003,217,66,2026-06-19
INV0003358,ST0224,P000019,383,94,2026-07-03
INV0003359,ST0224,P000011,423,22,2026-06-20
INV0003360,ST0224,P000006,425,46,2026-06-17
INV0003361,ST0225,P000008,290,90,2026-06-30
INV0003362,ST0225,P000019,237,20,2026-06-20
INV0003363,ST0225,P000003,144,58,2026-07-07
INV0003364,ST0225,P000015,178,59,2026-07-05
INV0003365,ST0225,P000020,101,95,2026-07-01
INV0003366,ST0225,P000011,37,98,2026-06-28
INV0003367,ST0225,P000002,193,86,2026-06-08
INV0003368,ST0225,P000004,328,89,2026-06-11
INV0003369,ST0225,P000001,106,28,2026-07-07
INV0003370,ST0225,P000013,101,57,2026-06-20
INV0003371,ST0225,P000005,135,21,2026-06-25
INV0003372,ST0225,P000009,303,33,2026-06-22
INV0003373,ST0225,P000018,225,26,2026-06-22
INV0003374,ST0225,P000006,385,34,2026-07-01
INV0003375,ST0225,P000017,133,33,2026-06-12
INV0003376,ST0226,P000018,440,42,2026-06-10
INV0003377,ST0226,P000014,255,29,2026-06-13
INV0003378,ST0226,P000010,446,64,2026-07-05
INV0003379,ST0226,P000008,382,75,2026-06-30
INV0003380,ST0226,P000016,13,93,2026-06-08
INV0003381,ST0226,P000006,107,53,2026-06-16
INV0003382,ST0226,P000005,194,23,2026-06-27
INV0003383,ST0226,P000015,188,92,2026-06-15
INV0003384,ST0226,P000013,3,51,2026-06-30
INV0003385,ST0226,P000019,366,49,2026-06-08
INV0003386,ST0226,P000003,183,98,2026-07-03
INV0003387,ST0226,P000012,26,32,2026-06-11
INV0003388,ST0226,P000009,338,21,2026-07-05
INV0003389,ST0226,P000002,183,92,2026-06-09
INV0003390,ST0226,P000017,209,29,2026-06-14
INV0003391,ST0227,P000004,135,66,2026-06-13
INV0003392,ST0227,P000007,245,21,2026-06-20
INV0003393,ST0227,P000020,445,35,2026-06-14
INV0003394,ST0227,P000016,9,51,2026-06-16
INV0003395,ST0227,P000011,172,89,2026-06-30
INV0003396,ST0227,P000009,331,94,2026-07-05
INV0003397,ST0227,P000012,35,69,2026-06-19
INV0003398,ST0227,P000013,12,49,2026-06-27
INV0003399,ST0227,P000014,402,41,2026-06-18
INV0003400,ST0227,P000001,287,25,2026-06-20
INV0003401,ST0227,P000005,108,56,2026-06-14
INV0003402,ST0227,P000019,447,97,2026-06-16
INV0003403,ST0227,P000002,19,40,2026-06-24
INV0003404,ST0227,P000015,473,57,2026-06-15
INV0003405,ST0227,P000003,307,93,2026-06-09
INV0003406,ST0228,P000004,341,86,2026-07-03
INV0003407,ST0228,P000006,303,39,2026-07-02
INV0003408,ST0228,P000010,367,84,2026-06-30
INV0003409,ST0228,P000019,364,74,2026-06-15
INV0003410,ST0228,P000002,334,86,2026-07-02
INV0003411,ST0228,P000003,183,55,2026-06-23
INV0003412,ST0228,P000008,162,93,2026-07-05
INV0003413,ST0228,P000009,474,36,2026-07-05
INV0003414,ST0228,P000015,319,30,2026-06-13
INV0003415,ST0228,P000012,285,23,2026-06-25
INV0003416,ST0228,P000018,52,23,2026-06-30
INV0003417,ST0228,P000001,425,73,2026-06-12
INV0003418,ST0228,P000007,441,61,2026-06-19
INV0003419,ST0228,P000017,13,48,2026-06-18
INV0003420,ST0228,P000020,424,68,2026-06-19
INV0003421,ST0229,P000013,467,45,2026-06-25
INV0003422,ST0229,P000004,240,27,2026-07-07
INV0003423,ST0229,P000019,308,26,2026-06-29
INV0003424,ST0229,P000015,139,20,2026-06-29
INV0003425,ST0229,P000014,92,26,2026-06-16
INV0003426,ST0229,P000006,327,42,2026-06-13
INV0003427,ST0229,P000018,80,36,2026-06-23
INV0003428,ST0229,P000008,320,90,2026-06-22
INV0003429,ST0229,P000001,205,49,2026-06-08
INV0003430,ST0229,P000012,21,66,2026-06-11
INV0003431,ST0229,P000010,396,93,2026-06-27
INV0003432,ST0229,P000005,221,83,2026-06-14
INV0003433,ST0229,P000016,32,30,2026-06-28
INV0003434,ST0229,P000020,26,31,2026-06-08
INV0003435,ST0229,P000011,395,63,2026-06-17
INV0003436,ST0230,P000017,263,50,2026-06-08
INV0003437,ST0230,P000007,415,70,2026-07-02
INV0003438,ST0230,P000009,446,94,2026-06-11
INV0003439,ST0230,P000015,347,73,2026-06-29
INV0003440,ST0230,P000008,102,45,2026-07-03
INV0003441,ST0230,P000003,116,38,2026-07-07
INV0003442,ST0230,P000010,6,53,2026-06-26
INV0003443,ST0230,P000001,155,75,2026-07-05
INV0003444,ST0230,P000004,18,90,2026-06-24
INV0003445,ST0230,P000016,200,50,2026-06-10
INV0003446,ST0230,P000019,402,57,2026-06-22
INV0003447,ST0230,P000013,232,27,2026-06-12
INV0003448,ST0230,P000006,43,63,2026-06-18
INV0003449,ST0230,P000011,66,98,2026-06-12
INV0003450,ST0230,P000018,244,99,2026-06-19
INV0003451,ST0231,P000015,494,35,2026-06-14
INV0003452,ST0231,P000005,166,94,2026-07-02
INV0003453,ST0231,P000017,54,50,2026-06-23
INV0003454,ST0231,P000013,262,95,2026-06-10
INV0003455,ST0231,P000012,96,86,2026-06-23
INV0003456,ST0231,P000014,271,33,2026-06-12
INV0003457,ST0231,P000001,314,20,2026-06-17
INV0003458,ST0231,P000020,245,42,2026-07-01
INV0003459,ST0231,P000011,199,32,2026-07-04
INV0003460,ST0231,P000009,99,91,2026-06-08
INV0003461,ST0231,P000019,109,39,2026-06-21
INV0003462,ST0231,P000016,272,41,2026-06-23
INV0003463,ST0231,P000003,372,99,2026-07-01
INV0003464,ST0231,P000006,133,77,2026-06-17
INV0003465,ST0231,P000008,17,74,2026-06-14
INV0003466,ST0232,P000012,256,90,2026-06-20
INV0003467,ST0232,P000018,325,61,2026-06-14
INV0003468,ST0232,P000009,404,60,2026-06-21
INV0003469,ST0232,P000014,164,89,2026-06-25
INV0003470,ST0232,P000003,310,68,2026-06-18
INV0003471,ST0232,P000019,498,44,2026-06-29
INV0003472,ST0232,P000001,368,66,2026-06-17
INV0003473,ST0232,P000015,396,52,2026-06-30
INV0003474,ST0232,P000007,275,35,2026-06-26
INV0003475,ST0232,P000020,139,52,2026-06-09
INV0003476,ST0232,P000010,209,71,2026-06-25
INV0003477,ST0232,P000016,2,23,2026-06-09
INV0003478,ST0232,P000004,363,43,2026-06-20
INV0003479,ST0232,P000005,97,27,2026-06-24
INV0003480,ST0232,P000017,299,92,2026-06-10
INV0003481,ST0233,P000007,308,37,2026-06-14
INV0003482,ST0233,P000009,201,69,2026-06-30
INV0003483,ST0233,P000004,226,96,2026-07-07
INV0003484,ST0233,P000001,495,92,2026-06-17
INV0003485,ST0233,P000011,360,93,2026-06-09
INV0003486,ST0233,P000002,336,75,2026-06-17
INV0003487,ST0233,P000015,211,40,2026-06-15
INV0003488,ST0233,P000019,474,78,2026-07-05
INV0003489,ST0233,P000012,200,28,2026-06-10
INV0003490,ST0233,P000014,19,91,2026-06-29
INV0003491,ST0233,P000013,355,61,2026-06-08
INV0003492,ST0233,P000020,232,54,2026-06-09
INV0003493,ST0233,P000017,41,98,2026-06-12
INV0003494,ST0233,P000003,241,68,2026-07-03
INV0003495,ST0233,P000010,384,96,2026-07-06
INV0003496,ST0234,P000019,428,68,2026-06-14
INV0003497,ST0234,P000005,461,42,2026-07-03
INV0003498,ST0234,P000003,9,40,2026-06-09
INV0003499,ST0234,P000012,86,58,2026-07-03
INV0003500,ST0234,P000010,402,66,2026-06-26
INV0003501,ST0234,P000018,438,73,2026-06-19
INV0003502,ST0234,P000020,264,95,2026-06-18
INV0003503,ST0234,P000017,355,69,2026-06-20
INV0003504,ST0234,P000013,91,59,2026-06-28
INV0003505,ST0234,P000016,151,41,2026-06-27
INV0003506,ST0234,P000015,257,83,2026-06-21
INV0003507,ST0234,P000004,321,29,2026-06-10
INV0003508,ST0234,P000006,436,86,2026-06-13
INV0003509,ST0234,P000002,446,79,2026-06-13
INV0003510,ST0234,P000007,403,22,2026-06-16
INV0003511,ST0235,P000012,340,22,2026-06-27
INV0003512,ST0235,P000020,154,50,2026-07-03
INV0003513,ST0235,P000003,235,35,2026-06-08
INV0003514,ST0235,P000011,223,73,2026-06-21
INV0003515,ST0235,P000004,8,46,2026-06-28
INV0003516,ST0235,P000013,420,89,2026-07-01
INV0003517,ST0235,P000001,36,22,2026-06-26
INV0003518,ST0235,P000007,460,47,2026-06-24
INV0003519,ST0235,P000018,63,79,2026-06-09
INV0003520,ST0235,P000010,0,48,2026-06-10
INV0003521,ST0235,P000016,10,81,2026-06-24
INV0003522,ST0235,P000017,289,92,2026-07-01
INV0003523,ST0235,P000014,183,72,2026-06-08
INV0003524,ST0235,P000015,16,67,2026-06-13
INV0003525,ST0235,P000006,126,59,2026-06-25
INV0003526,ST0236,P000016,412,91,2026-07-01
INV0003527,ST0236,P000001,500,34,2026-06-15
INV0003528,ST0236,P000020,166,69,2026-06-11
INV0003529,ST0236,P000018,43,33,2026-06-08
INV0003530,ST0236,P000006,290,63,2026-06-28
INV0003531,ST0236,P000004,19,24,2026-06-20
INV0003532,ST0236,P000003,497,20,2026-07-02
INV0003533,ST0236,P000012,143,65,2026-06-14
INV0003534,ST0236,P000013,374,85,2026-06-28
INV0003535,ST0236,P000015,36,41,2026-06-20
INV0003536,ST0236,P000019,239,36,2026-06-29
INV0003537,ST0236,P000008,35,68,2026-06-08
INV0003538,ST0236,P000010,19,30,2026-06-12
INV0003539,ST0236,P000007,295,35,2026-07-03
INV0003540,ST0236,P000011,155,66,2026-06-28
INV0003541,ST0237,P000011,486,75,2026-07-04
INV0003542,ST0237,P000019,187,91,2026-06-29
INV0003543,ST0237,P000014,45,100,2026-06-14
INV0003544,ST0237,P000007,156,21,2026-07-07
INV0003545,ST0237,P000013,91,27,2026-06-08
INV0003546,ST0237,P000010,479,23,2026-06-27
INV0003547,ST0237,P000017,108,24,2026-07-07
INV0003548,ST0237,P000008,474,65,2026-06-15
INV0003549,ST0237,P000015,135,98,2026-06-22
INV0003550,ST0237,P000016,68,47,2026-07-02
INV0003551,ST0237,P000004,477,68,2026-06-14
INV0003552,ST0237,P000001,234,91,2026-06-09
INV0003553,ST0237,P000018,336,69,2026-06-20
INV0003554,ST0237,P000009,300,21,2026-06-25
INV0003555,ST0237,P000005,209,64,2026-06-15
INV0003556,ST0238,P000007,81,61,2026-07-07
INV0003557,ST0238,P000019,275,59,2026-07-06
INV0003558,ST0238,P000014,92,47,2026-06-17
INV0003559,ST0238,P000018,294,40,2026-06-20
INV0003560,ST0238,P000016,497,58,2026-06-12
INV0003561,ST0238,P000013,475,44,2026-06-28
INV0003562,ST0238,P000009,17,93,2026-07-01
INV0003563,ST0238,P000001,172,54,2026-06-20
INV0003564,ST0238,P000008,355,83,2026-06-19
INV0003565,ST0238,P000011,486,28,2026-06-17
INV0003566,ST0238,P000010,160,81,2026-06-26
INV0003567,ST0238,P000003,191,62,2026-06-19
INV0003568,ST0238,P000002,100,61,2026-06-24
INV0003569,ST0238,P000015,241,69,2026-06-08
INV0003570,ST0238,P000017,432,46,2026-06-13
INV0003571,ST0239,P000005,25,33,2026-06-10
INV0003572,ST0239,P000010,169,35,2026-06-25
INV0003573,ST0239,P000004,64,43,2026-06-23
INV0003574,ST0239,P000012,55,99,2026-07-06
INV0003575,ST0239,P000011,196,98,2026-06-18
INV0003576,ST0239,P000008,209,21,2026-06-19
INV0003577,ST0239,P000017,432,26,2026-07-07
INV0003578,ST0239,P000007,431,69,2026-06-10
INV0003579,ST0239,P000001,474,20,2026-06-11
INV0003580,ST0239,P000013,43,53,2026-06-27
INV0003581,ST0239,P000006,377,28,2026-06-15
INV0003582,ST0239,P000014,111,99,2026-07-04
INV0003583,ST0239,P000003,295,55,2026-06-11
INV0003584,ST0239,P000016,69,31,2026-06-26
INV0003585,ST0239,P000020,110,53,2026-06-13
INV0003586,ST0240,P000016,288,27,2026-06-10
INV0003587,ST0240,P000014,127,82,2026-06-13
INV0003588,ST0240,P000013,374,80,2026-06-17
INV0003589,ST0240,P000009,177,80,2026-06-29
INV0003590,ST0240,P000011,33,47,2026-06-11
INV0003591,ST0240,P000017,246,87,2026-06-08
INV0003592,ST0240,P000008,95,69,2026-06-24
INV0003593,ST0240,P000005,244,63,2026-07-03
INV0003594,ST0240,P000003,296,91,2026-06-21
INV0003595,ST0240,P000010,241,90,2026-06-28
INV0003596,ST0240,P000020,305,33,2026-06-09
INV0003597,ST0240,P000012,116,35,2026-06-21
INV0003598,ST0240,P000007,301,71,2026-07-01
INV0003599,ST0240,P000006,95,45,2026-07-03
INV0003600,ST0240,P000004,99,44,2026-07-04
INV0003601,ST0241,P000005,484,40,2026-06-14
INV0003602,ST0241,P000013,197,45,2026-06-20
INV0003603,ST0241,P000003,423,25,2026-06-18
INV0003604,ST0241,P000018,164,49,2026-06-08
INV0003605,ST0241,P000014,257,90,2026-06-18
INV0003606,ST0241,P000001,459,93,2026-06-17
INV0003607,ST0241,P000020,275,32,2026-06-17
INV0003608,ST0241,P000008,404,87,2026-07-04
INV0003609,ST0241,P000015,100,50,2026-06-26
INV0003610,ST0241,P000009,243,50,2026-07-05
INV0003611,ST0241,P000010,492,96,2026-06-18
INV0003612,ST0241,P000019,99,77,2026-06-09
INV0003613,ST0241,P000016,315,22,2026-06-08
INV0003614,ST0241,P000007,416,34,2026-07-01
INV0003615,ST0241,P000012,425,82,2026-07-02
INV0003616,ST0242,P000005,21,29,2026-06-27
INV0003617,ST0242,P000006,229,96,2026-06-24
INV0003618,ST0242,P000001,387,26,2026-06-08
INV0003619,ST0242,P000016,304,46,2026-06-27
INV0003620,ST0242,P000012,318,47,2026-06-30
INV0003621,ST0242,P000008,391,62,2026-07-04
INV0003622,ST0242,P000010,167,24,2026-06-21
INV0003623,ST0242,P000007,282,57,2026-07-07
INV0003624,ST0242,P000015,161,42,2026-06-24
INV0003625,ST0242,P000002,428,50,2026-07-05
INV0003626,ST0242,P000014,468,51,2026-06-28
INV0003627,ST0242,P000020,131,43,2026-06-08
INV0003628,ST0242,P000017,40,31,2026-06-13
INV0003629,ST0242,P000019,452,90,2026-06-11
INV0003630,ST0242,P000004,476,70,2026-06-24
INV0003631,ST0243,P000013,111,31,2026-07-02
INV0003632,ST0243,P000015,254,94,2026-06-25
INV0003633,ST0243,P000016,355,64,2026-06-28
INV0003634,ST0243,P000014,87,67,2026-06-20
INV0003635,ST0243,P000008,123,71,2026-06-13
INV0003636,ST0243,P000012,203,27,2026-06-14
INV0003637,ST0243,P000004,153,84,2026-06-18
INV0003638,ST0243,P000019,112,93,2026-06-10
INV0003639,ST0243,P000002,160,57,2026-06-30
INV0003640,ST0243,P000011,340,47,2026-06-08
INV0003641,ST0243,P000010,238,51,2026-06-25
INV0003642,ST0243,P000003,144,60,2026-06-16
INV0003643,ST0243,P000001,225,57,2026-06-26
INV0003644,ST0243,P000009,208,29,2026-06-14
INV0003645,ST0243,P000007,432,67,2026-06-18
INV0003646,ST0244,P000004,389,71,2026-06-08
INV0003647,ST0244,P000005,284,84,2026-06-26
INV0003648,ST0244,P000009,442,56,2026-06-19
INV0003649,ST0244,P000001,13,72,2026-07-02
INV0003650,ST0244,P000019,288,21,2026-06-11
INV0003651,ST0244,P000018,135,20,2026-06-18
INV0003652,ST0244,P000020,226,99,2026-06-26
INV0003653,ST0244,P000003,139,65,2026-07-06
INV0003654,ST0244,P000012,425,55,2026-07-02
INV0003655,ST0244,P000017,15,57,2026-06-28
INV0003656,ST0244,P000015,87,63,2026-06-21
INV0003657,ST0244,P000006,107,34,2026-07-07
INV0003658,ST0244,P000010,196,95,2026-06-23
INV0003659,ST0244,P000008,354,78,2026-06-19
INV0003660,ST0244,P000014,440,84,2026-06-29
INV0003661,ST0245,P000017,178,60,2026-06-28
INV0003662,ST0245,P000011,353,85,2026-06-29
INV0003663,ST0245,P000019,181,69,2026-06-18
INV0003664,ST0245,P000016,301,69,2026-06-26
INV0003665,ST0245,P000012,43,35,2026-07-07
INV0003666,ST0245,P000003,277,53,2026-07-05
INV0003667,ST0245,P000013,73,73,2026-06-17
INV0003668,ST0245,P000007,185,64,2026-07-02
INV0003669,ST0245,P000014,150,42,2026-06-18
INV0003670,ST0245,P000008,115,92,2026-06-14
INV0003671,ST0245,P000015,203,74,2026-06-20
INV0003672,ST0245,P000018,162,25,2026-06-13
INV0003673,ST0245,P000004,23,77,2026-07-03
INV0003674,ST0245,P000005,92,93,2026-07-07
INV0003675,ST0245,P000002,243,91,2026-07-02
INV0003676,ST0246,P000016,311,77,2026-06-30
INV0003677,ST0246,P000018,305,76,2026-07-03
INV0003678,ST0246,P000006,226,81,2026-07-02
INV0003679,ST0246,P000002,62,28,2026-06-08
INV0003680,ST0246,P000012,262,87,2026-06-28
INV0003681,ST0246,P000015,401,90,2026-06-19
INV0003682,ST0246,P000019,77,53,2026-06-13
INV0003683,ST0246,P000017,302,89,2026-06-30
INV0003684,ST0246,P000020,264,53,2026-06-28
INV0003685,ST0246,P000004,88,20,2026-06-30
INV0003686,ST0246,P000014,264,100,2026-06-30
INV0003687,ST0246,P000008,63,75,2026-06-13
INV0003688,ST0246,P000010,359,96,2026-06-16
INV0003689,ST0246,P000007,298,49,2026-07-02
INV0003690,ST0246,P000005,139,20,2026-07-06
INV0003691,ST0247,P000020,59,42,2026-06-25
INV0003692,ST0247,P000004,250,26,2026-07-02
INV0003693,ST0247,P000005,74,32,2026-07-06
INV0003694,ST0247,P000014,379,94,2026-06-16
INV0003695,ST0247,P000017,52,47,2026-06-23
INV0003696,ST0247,P000001,136,65,2026-06-24
INV0003697,ST0247,P000010,308,89,2026-06-18
INV0003698,ST0247,P000002,148,80,2026-06-14
INV0003699,ST0247,P000016,105,50,2026-07-05
INV0003700,ST0247,P000012,56,32,2026-06-26
INV0003701,ST0247,P000006,83,41,2026-06-11
INV0003702,ST0247,P000003,441,46,2026-06-22
INV0003703,ST0247,P000015,12,91,2026-06-14
INV0003704,ST0247,P000009,138,45,2026-06-30
INV0003705,ST0247,P000011,25,65,2026-06-30
INV0003706,ST0248,P000015,469,95,2026-06-17
INV0003707,ST0248,P000014,56,44,2026-07-06
INV0003708,ST0248,P000018,179,94,2026-06-23
INV0003709,ST0248,P000006,55,57,2026-06-30
INV0003710,ST0248,P000008,80,89,2026-06-16
INV0003711,ST0248,P000011,11,26,2026-06-23
INV0003712,ST0248,P000020,417,55,2026-07-05
INV0003713,ST0248,P000007,147,33,2026-06-29
INV0003714,ST0248,P000013,303,92,2026-06-30
INV0003715,ST0248,P000019,75,28,2026-06-13
INV0003716,ST0248,P000012,173,35,2026-07-05
INV0003717,ST0248,P000001,96,69,2026-07-04
INV0003718,ST0248,P000009,300,95,2026-06-29
INV0003719,ST0248,P000005,115,62,2026-06-17
INV0003720,ST0248,P000003,475,50,2026-07-01
INV0003721,ST0249,P000013,427,42,2026-07-06
INV0003722,ST0249,P000016,41,31,2026-06-20
INV0003723,ST0249,P000008,2,33,2026-07-01
INV0003724,ST0249,P000005,366,48,2026-06-12
INV0003725,ST0249,P000007,335,45,2026-06-12
INV0003726,ST0249,P000017,68,70,2026-06-23
INV0003727,ST0249,P000003,89,82,2026-06-10
INV0003728,ST0249,P000001,158,72,2026-06-23
INV0003729,ST0249,P000002,416,29,2026-06-21
INV0003730,ST0249,P000006,320,46,2026-06-18
INV0003731,ST0249,P000010,353,66,2026-06-24
INV0003732,ST0249,P000004,315,48,2026-06-30
INV0003733,ST0249,P000018,94,29,2026-06-21
INV0003734,ST0249,P000011,138,50,2026-06-11
INV0003735,ST0249,P000020,355,42,2026-06-18
INV0003736,ST0250,P000019,97,77,2026-07-04
INV0003737,ST0250,P000008,183,89,2026-07-05
INV0003738,ST0250,P000003,374,24,2026-06-17
INV0003739,ST0250,P000006,397,46,2026-07-02
INV0003740,ST0250,P000014,465,47,2026-06-21
INV0003741,ST0250,P000011,68,73,2026-06-11
INV0003742,ST0250,P000020,237,87,2026-06-27
INV0003743,ST0250,P000005,104,49,2026-06-10
INV0003744,ST0250,P000017,285,91,2026-07-07
INV0003745,ST0250,P000013,369,50,2026-06-11
INV0003746,ST0250,P000016,146,69,2026-06-29
INV0003747,ST0250,P000012,82,23,2026-06-17
INV0003748,ST0250,P000007,301,53,2026-07-02
INV0003749,ST0250,P000018,115,72,2026-06-22
INV0003750,ST0250,P000009,93,43,2026-06-18
INV0003751,ST0251,P000019,350,66,2026-06-24
INV0003752,ST0251,P000016,25,69,2026-06-21
INV0003753,ST0251,P000008,12,53,2026-06-18
INV0003754,ST0251,P000009,266,71,2026-06-17
INV0003755,ST0251,P000017,297,56,2026-06-23
INV0003756,ST0251,P000005,151,20,2026-07-03
INV0003757,ST0251,P000015,432,90,2026-06-21
INV0003758,ST0251,P000010,373,88,2026-06-12
INV0003759,ST0251,P000003,292,28,2026-06-11
INV0003760,ST0251,P000018,395,65,2026-06-09
INV0003761,ST0251,P000006,225,66,2026-06-10
INV0003762,ST0251,P000007,406,75,2026-06-23
INV0003763,ST0251,P000001,80,65,2026-07-03
INV0003764,ST0251,P000011,284,94,2026-06-28
INV0003765,ST0251,P000012,439,60,2026-07-02
INV0003766,ST0252,P000020,151,74,2026-06-22
INV0003767,ST0252,P000005,380,99,2026-06-29
INV0003768,ST0252,P000016,341,20,2026-07-05
INV0003769,ST0252,P000001,289,46,2026-06-13
INV0003770,ST0252,P000003,217,40,2026-07-02
INV0003771,ST0252,P000013,78,66,2026-07-03
INV0003772,ST0252,P000007,198,74,2026-06-12
INV0003773,ST0252,P000017,500,65,2026-06-26
INV0003774,ST0252,P000014,332,97,2026-06-18
INV0003775,ST0252,P000004,150,97,2026-06-12
INV0003776,ST0252,P000010,487,96,2026-06-11
INV0003777,ST0252,P000011,136,54,2026-06-23
INV0003778,ST0252,P000019,113,39,2026-06-29
INV0003779,ST0252,P000015,413,70,2026-06-19
INV0003780,ST0252,P000008,364,57,2026-06-22
INV0003781,ST0253,P000006,444,57,2026-06-13
INV0003782,ST0253,P000016,57,28,2026-06-12
INV0003783,ST0253,P000013,206,95,2026-06-22
INV0003784,ST0253,P000014,168,43,2026-06-11
INV0003785,ST0253,P000020,36,34,2026-06-12
INV0003786,ST0253,P000018,330,89,2026-06-27
INV0003787,ST0253,P000010,437,35,2026-06-27
INV0003788,ST0253,P000005,173,82,2026-06-12
INV0003789,ST0253,P000003,170,74,2026-06-15
INV0003790,ST0253,P000011,201,43,2026-06-11
INV0003791,ST0253,P000007,279,84,2026-06-12
INV0003792,ST0253,P000009,89,98,2026-07-04
INV0003793,ST0253,P000019,74,43,2026-07-01
INV0003794,ST0253,P000008,352,48,2026-07-02
INV0003795,ST0253,P000002,297,82,2026-07-04
INV0003796,ST0254,P000020,258,71,2026-07-05
INV0003797,ST0254,P000009,72,49,2026-06-14
INV0003798,ST0254,P000004,408,62,2026-06-19
INV0003799,ST0254,P000014,54,50,2026-07-01
INV0003800,ST0254,P000011,71,95,2026-07-04
INV0003801,ST0254,P000016,279,86,2026-06-11
INV0003802,ST0254,P000019,489,95,2026-07-04
INV0003803,ST0254,P000002,330,79,2026-07-05
INV0003804,ST0254,P000017,212,24,2026-06-18
INV0003805,ST0254,P000013,496,87,2026-06-10
INV0003806,ST0254,P000015,413,88,2026-07-03
INV0003807,ST0254,P000007,377,33,2026-07-05
INV0003808,ST0254,P000006,293,94,2026-06-27
INV0003809,ST0254,P000003,256,77,2026-07-04
INV0003810,ST0254,P000008,380,28,2026-06-29
INV0003811,ST0255,P000003,178,83,2026-07-05
INV0003812,ST0255,P000014,412,44,2026-06-26
INV0003813,ST0255,P000012,268,45,2026-06-20
INV0003814,ST0255,P000017,245,66,2026-06-26
INV0003815,ST0255,P000007,452,89,2026-07-01
INV0003816,ST0255,P000018,98,97,2026-06-13
INV0003817,ST0255,P000015,176,54,2026-07-05
INV0003818,ST0255,P000006,389,88,2026-06-21
INV0003819,ST0255,P000009,58,87,2026-06-28
INV0003820,ST0255,P000011,228,78,2026-06-19
INV0003821,ST0255,P000019,420,88,2026-06-13
INV0003822,ST0255,P000013,405,66,2026-07-01
INV0003823,ST0255,P000020,152,98,2026-06-21
INV0003824,ST0255,P000001,184,22,2026-06-16
INV0003825,ST0255,P000004,471,41,2026-07-01
INV0003826,ST0256,P000010,184,49,2026-07-03
INV0003827,ST0256,P000003,153,69,2026-06-17
INV0003828,ST0256,P000004,46,84,2026-06-10
INV0003829,ST0256,P000016,11,57,2026-06-24
INV0003830,ST0256,P000014,204,65,2026-06-20
INV0003831,ST0256,P000001,477,73,2026-06-09
INV0003832,ST0256,P000007,401,35,2026-06-20
INV0003833,ST0256,P000009,469,56,2026-06-27
INV0003834,ST0256,P000019,360,88,2026-06-22
INV0003835,ST0256,P000008,409,58,2026-06-27
INV0003836,ST0256,P000020,15,21,2026-06-08
INV0003837,ST0256,P000002,109,81,2026-06-20
INV0003838,ST0256,P000013,118,36,2026-06-18
INV0003839,ST0256,P000018,191,85,2026-06-12
INV0003840,ST0256,P000011,124,32,2026-06-24
INV0003841,ST0257,P000001,31,98,2026-07-01
INV0003842,ST0257,P000002,476,66,2026-06-14
INV0003843,ST0257,P000007,380,37,2026-07-06
INV0003844,ST0257,P000010,416,42,2026-06-24
INV0003845,ST0257,P000009,475,36,2026-07-01
INV0003846,ST0257,P000012,99,55,2026-06-25
INV0003847,ST0257,P000005,262,55,2026-07-05
INV0003848,ST0257,P000013,420,74,2026-07-03
INV0003849,ST0257,P000014,464,22,2026-06-10
INV0003850,ST0257,P000016,129,83,2026-06-19
INV0003851,ST0257,P000020,156,85,2026-06-12
INV0003852,ST0257,P000003,162,86,2026-06-17
INV0003853,ST0257,P000006,249,33,2026-07-06
INV0003854,ST0257,P000017,47,80,2026-06-27
INV0003855,ST0257,P000011,97,96,2026-06-12
INV0003856,ST0258,P000013,384,70,2026-07-06
INV0003857,ST0258,P000016,324,96,2026-07-04
INV0003858,ST0258,P000019,134,93,2026-06-29
INV0003859,ST0258,P000003,189,53,2026-06-09
INV0003860,ST0258,P000020,164,89,2026-06-15
INV0003861,ST0258,P000006,408,42,2026-06-20
INV0003862,ST0258,P000005,300,77,2026-07-04
INV0003863,ST0258,P000008,290,76,2026-06-18
INV0003864,ST0258,P000018,447,44,2026-07-07
INV0003865,ST0258,P000012,83,48,2026-06-29
INV0003866,ST0258,P000017,14,100,2026-06-14
INV0003867,ST0258,P000009,59,41,2026-07-02
INV0003868,ST0258,P000007,112,94,2026-06-24
INV0003869,ST0258,P000001,79,91,2026-06-14
INV0003870,ST0258,P000010,428,62,2026-06-10
INV0003871,ST0259,P000016,402,56,2026-06-09
INV0003872,ST0259,P000014,138,49,2026-06-10
INV0003873,ST0259,P000004,276,92,2026-06-17
INV0003874,ST0259,P000019,117,52,2026-06-13
INV0003875,ST0259,P000012,242,56,2026-07-03
INV0003876,ST0259,P000020,92,69,2026-06-30
INV0003877,ST0259,P000002,358,40,2026-06-20
INV0003878,ST0259,P000017,208,77,2026-06-28
INV0003879,ST0259,P000003,240,73,2026-06-12
INV0003880,ST0259,P000009,295,51,2026-06-16
INV0003881,ST0259,P000006,182,90,2026-07-02
INV0003882,ST0259,P000007,92,79,2026-07-04
INV0003883,ST0259,P000015,397,81,2026-06-25
INV0003884,ST0259,P000013,375,98,2026-06-22
INV0003885,ST0259,P000010,422,71,2026-06-26
INV0003886,ST0260,P000010,230,83,2026-06-27
INV0003887,ST0260,P000001,285,54,2026-06-20
INV0003888,ST0260,P000004,145,89,2026-06-19
INV0003889,ST0260,P000015,312,42,2026-07-02
INV0003890,ST0260,P000019,438,52,2026-06-08
INV0003891,ST0260,P000009,124,24,2026-06-28
INV0003892,ST0260,P000017,167,32,2026-06-22
INV0003893,ST0260,P000003,466,44,2026-07-02
INV0003894,ST0260,P000006,304,92,2026-06-17
INV0003895,ST0260,P000011,457,94,2026-07-06
INV0003896,ST0260,P000002,341,50,2026-06-08
INV0003897,ST0260,P000016,324,82,2026-07-02
INV0003898,ST0260,P000005,72,85,2026-06-11
INV0003899,ST0260,P000012,195,67,2026-06-26
INV0003900,ST0260,P000007,143,62,2026-06-15
INV0003901,ST0261,P000003,416,20,2026-06-27
INV0003902,ST0261,P000001,261,84,2026-07-04
INV0003903,ST0261,P000005,458,88,2026-06-25
INV0003904,ST0261,P000008,474,31,2026-06-08
INV0003905,ST0261,P000009,262,86,2026-06-17
INV0003906,ST0261,P000007,77,30,2026-06-12
INV0003907,ST0261,P000019,177,79,2026-06-15
INV0003908,ST0261,P000016,359,97,2026-06-09
INV0003909,ST0261,P000002,238,87,2026-06-27
INV0003910,ST0261,P000004,96,35,2026-06-26
INV0003911,ST0261,P000017,86,47,2026-07-03
INV0003912,ST0261,P000011,195,80,2026-06-25
INV0003913,ST0261,P000012,44,31,2026-06-29
INV0003914,ST0261,P000010,123,55,2026-07-06
INV0003915,ST0261,P000006,491,33,2026-06-17
INV0003916,ST0262,P000017,453,77,2026-07-07
INV0003917,ST0262,P000010,176,58,2026-07-05
INV0003918,ST0262,P000004,337,59,2026-06-29
INV0003919,ST0262,P000003,305,56,2026-06-26
INV0003920,ST0262,P000016,73,38,2026-06-30
INV0003921,ST0262,P000013,353,94,2026-07-01
INV0003922,ST0262,P000009,236,86,2026-07-07
INV0003923,ST0262,P000014,246,68,2026-06-21
INV0003924,ST0262,P000008,372,71,2026-06-29
INV0003925,ST0262,P000002,257,28,2026-07-01
INV0003926,ST0262,P000019,283,77,2026-06-19
INV0003927,ST0262,P000012,278,35,2026-06-24
INV0003928,ST0262,P000015,222,88,2026-06-15
INV0003929,ST0262,P000005,239,95,2026-06-23
INV0003930,ST0262,P000018,372,96,2026-06-08
INV0003931,ST0263,P000003,290,23,2026-06-10
INV0003932,ST0263,P000006,238,35,2026-07-01
INV0003933,ST0263,P000010,151,79,2026-07-04
INV0003934,ST0263,P000001,419,24,2026-06-08
INV0003935,ST0263,P000018,80,69,2026-06-09
INV0003936,ST0263,P000020,291,64,2026-07-04
INV0003937,ST0263,P000004,71,32,2026-06-23
INV0003938,ST0263,P000007,237,93,2026-06-16
INV0003939,ST0263,P000019,321,22,2026-06-13
INV0003940,ST0263,P000015,208,55,2026-07-05
INV0003941,ST0263,P000016,27,34,2026-06-25
INV0003942,ST0263,P000002,64,27,2026-06-20
INV0003943,ST0263,P000014,412,42,2026-06-24
INV0003944,ST0263,P000009,122,74,2026-06-24
INV0003945,ST0263,P000008,311,28,2026-06-27
INV0003946,ST0264,P000011,215,51,2026-06-12
INV0003947,ST0264,P000015,367,57,2026-06-13
INV0003948,ST0264,P000002,321,54,2026-06-09
INV0003949,ST0264,P000019,402,29,2026-07-05
INV0003950,ST0264,P000013,62,94,2026-06-15
INV0003951,ST0264,P000012,249,71,2026-07-02
INV0003952,ST0264,P000001,336,79,2026-06-27
INV0003953,ST0264,P000016,207,74,2026-06-19
INV0003954,ST0264,P000004,3,65,2026-07-07
INV0003955,ST0264,P000006,14,37,2026-06-27
INV0003956,ST0264,P000017,391,62,2026-07-03
INV0003957,ST0264,P000009,145,85,2026-07-03
INV0003958,ST0264,P000020,416,73,2026-06-09
INV0003959,ST0264,P000005,234,95,2026-06-29
INV0003960,ST0264,P000007,345,53,2026-06-14
INV0003961,ST0265,P000013,31,42,2026-06-20
INV0003962,ST0265,P000006,12,72,2026-06-17
INV0003963,ST0265,P000005,27,40,2026-06-28
INV0003964,ST0265,P000003,278,53,2026-06-25
INV0003965,ST0265,P000020,181,63,2026-07-01
INV0003966,ST0265,P000001,460,32,2026-06-21
INV0003967,ST0265,P000018,83,79,2026-06-27
INV0003968,ST0265,P000015,79,24,2026-06-11
INV0003969,ST0265,P000002,160,38,2026-06-10
INV0003970,ST0265,P000009,111,62,2026-06-19
INV0003971,ST0265,P000011,101,45,2026-06-20
INV0003972,ST0265,P000010,344,24,2026-06-17
INV0003973,ST0265,P000004,316,80,2026-07-02
INV0003974,ST0265,P000007,148,46,2026-07-06
INV0003975,ST0265,P000017,169,76,2026-07-01
INV0003976,ST0266,P000013,275,66,2026-06-23
INV0003977,ST0266,P000015,62,24,2026-06-18
INV0003978,ST0266,P000016,164,20,2026-06-22
INV0003979,ST0266,P000003,430,43,2026-06-13
INV0003980,ST0266,P000007,411,80,2026-06-08
INV0003981,ST0266,P000001,21,85,2026-06-24
INV0003982,ST0266,P000020,206,32,2026-07-07
INV0003983,ST0266,P000018,361,29,2026-07-02
INV0003984,ST0266,P000017,404,23,2026-06-22
INV0003985,ST0266,P000005,485,32,2026-06-25
INV0003986,ST0266,P000011,280,53,2026-06-14
INV0003987,ST0266,P000008,132,77,2026-06-25
INV0003988,ST0266,P000006,355,26,2026-06-12
INV0003989,ST0266,P000019,99,85,2026-06-24
INV0003990,ST0266,P000012,281,64,2026-06-08
INV0003991,ST0267,P000015,22,24,2026-06-15
INV0003992,ST0267,P000010,292,87,2026-06-12
INV0003993,ST0267,P000013,286,99,2026-06-18
INV0003994,ST0267,P000004,177,62,2026-07-06
INV0003995,ST0267,P000009,400,76,2026-06-08
INV0003996,ST0267,P000012,393,23,2026-07-04
INV0003997,ST0267,P000016,253,60,2026-06-10
INV0003998,ST0267,P000019,29,63,2026-06-25
INV0003999,ST0267,P000020,302,89,2026-06-24
INV0004000,ST0267,P000008,6,79,2026-07-05
INV0004001,ST0267,P000011,27,52,2026-06-09
INV0004002,ST0267,P000018,388,32,2026-07-07
INV0004003,ST0267,P000001,100,100,2026-06-22
INV0004004,ST0267,P000007,15,93,2026-06-14
INV0004005,ST0267,P000005,73,62,2026-06-28
INV0004006,ST0268,P000016,216,94,2026-06-19
INV0004007,ST0268,P000004,239,71,2026-06-23
INV0004008,ST0268,P000006,208,79,2026-07-05
INV0004009,ST0268,P000008,267,39,2026-06-08
INV0004010,ST0268,P000014,362,97,2026-06-09
INV0004011,ST0268,P000002,117,30,2026-07-07
INV0004012,ST0268,P000017,164,24,2026-07-05
INV0004013,ST0268,P000001,424,21,2026-06-28
INV0004014,ST0268,P000019,69,36,2026-06-12
INV0004015,ST0268,P000005,251,52,2026-06-22
INV0004016,ST0268,P000013,92,62,2026-06-27
INV0004017,ST0268,P000007,49,96,2026-06-26
INV0004018,ST0268,P000010,327,83,2026-06-08
INV0004019,ST0268,P000011,402,86,2026-06-22
INV0004020,ST0268,P000018,487,68,2026-06-13
INV0004021,ST0269,P000001,188,21,2026-06-21
INV0004022,ST0269,P000006,212,40,2026-06-19
INV0004023,ST0269,P000009,485,74,2026-06-16
INV0004024,ST0269,P000004,319,77,2026-07-03
INV0004025,ST0269,P000008,426,94,2026-06-24
INV0004026,ST0269,P000003,278,64,2026-06-24
INV0004027,ST0269,P000010,100,22,2026-07-02
INV0004028,ST0269,P000017,433,96,2026-06-12
INV0004029,ST0269,P000012,47,45,2026-07-01
INV0004030,ST0269,P000005,239,33,2026-07-06
INV0004031,ST0269,P000007,188,100,2026-07-02
INV0004032,ST0269,P000002,468,64,2026-06-27
INV0004033,ST0269,P000015,229,99,2026-06-11
INV0004034,ST0269,P000020,254,76,2026-06-21
INV0004035,ST0269,P000016,434,79,2026-06-29
INV0004036,ST0270,P000009,492,62,2026-06-30
INV0004037,ST0270,P000002,402,61,2026-06-30
INV0004038,ST0270,P000007,370,33,2026-07-02
INV0004039,ST0270,P000003,34,36,2026-06-13
INV0004040,ST0270,P000011,287,41,2026-06-13
INV0004041,ST0270,P000015,423,24,2026-06-24
INV0004042,ST0270,P000020,217,60,2026-06-13
INV0004043,ST0270,P000004,154,45,2026-06-20
INV0004044,ST0270,P000010,435,97,2026-07-06
INV0004045,ST0270,P000001,1,92,2026-07-02
INV0004046,ST0270,P000018,439,40,2026-07-05
INV0004047,ST0270,P000016,461,85,2026-06-15
INV0004048,ST0270,P000017,88,49,2026-07-07
INV0004049,ST0270,P000008,40,46,2026-06-17
INV0004050,ST0270,P000013,447,89,2026-06-14
INV0004051,ST0271,P000005,86,39,2026-06-10
INV0004052,ST0271,P000002,401,61,2026-06-24
INV0004053,ST0271,P000003,118,77,2026-06-30
INV0004054,ST0271,P000016,102,69,2026-06-12
INV0004055,ST0271,P000015,150,94,2026-06-14
INV0004056,ST0271,P000013,445,30,2026-06-28
INV0004057,ST0271,P000001,225,23,2026-06-12
INV0004058,ST0271,P000014,333,28,2026-06-13
INV0004059,ST0271,P000018,426,43,2026-06-14
INV0004060,ST0271,P000006,442,64,2026-07-01
INV0004061,ST0271,P000020,147,43,2026-06-26
INV0004062,ST0271,P000017,167,42,2026-06-15
INV0004063,ST0271,P000010,55,28,2026-06-17
INV0004064,ST0271,P000007,183,45,2026-07-07
INV0004065,ST0271,P000004,138,44,2026-06-21
INV0004066,ST0272,P000011,190,59,2026-06-30
INV0004067,ST0272,P000020,7,48,2026-07-03
INV0004068,ST0272,P000005,302,65,2026-06-27
INV0004069,ST0272,P000015,194,96,2026-06-15
INV0004070,ST0272,P000009,51,53,2026-06-23
INV0004071,ST0272,P000006,242,34,2026-07-04
INV0004072,ST0272,P000007,254,34,2026-06-22
INV0004073,ST0272,P000001,273,90,2026-07-02
INV0004074,ST0272,P000003,319,91,2026-06-09
INV0004075,ST0272,P000004,410,83,2026-06-25
INV0004076,ST0272,P000010,43,78,2026-07-07
INV0004077,ST0272,P000014,78,21,2026-06-15
INV0004078,ST0272,P000008,460,73,2026-07-06
INV0004079,ST0272,P000019,208,85,2026-07-01
INV0004080,ST0272,P000017,171,91,2026-07-06
INV0004081,ST0273,P000016,313,96,2026-06-15
INV0004082,ST0273,P000003,408,36,2026-06-10
INV0004083,ST0273,P000010,180,97,2026-06-09
INV0004084,ST0273,P000011,347,62,2026-06-16
INV0004085,ST0273,P000005,270,25,2026-06-18
INV0004086,ST0273,P000017,88,26,2026-06-28
INV0004087,ST0273,P000001,327,99,2026-06-13
INV0004088,ST0273,P000015,146,100,2026-07-01
INV0004089,ST0273,P000009,43,72,2026-06-15
INV0004090,ST0273,P000008,84,46,2026-06-17
INV0004091,ST0273,P000007,311,31,2026-06-19
INV0004092,ST0273,P000020,106,88,2026-06-23
INV0004093,ST0273,P000004,330,86,2026-06-19
INV0004094,ST0273,P000013,436,40,2026-06-15
INV0004095,ST0273,P000014,16,44,2026-07-05
INV0004096,ST0274,P000009,339,32,2026-07-07
INV0004097,ST0274,P000004,189,55,2026-07-01
INV0004098,ST0274,P000016,274,39,2026-06-12
INV0004099,ST0274,P000014,228,75,2026-06-11
INV0004100,ST0274,P000006,279,56,2026-07-04
INV0004101,ST0274,P000019,208,37,2026-07-07
INV0004102,ST0274,P000002,221,89,2026-06-25
INV0004103,ST0274,P000007,2,35,2026-06-27
INV0004104,ST0274,P000008,464,46,2026-06-14
INV0004105,ST0274,P000010,61,49,2026-06-25
INV0004106,ST0274,P000020,348,31,2026-06-11
INV0004107,ST0274,P000013,497,61,2026-06-08
INV0004108,ST0274,P000005,197,85,2026-06-29
INV0004109,ST0274,P000015,379,63,2026-06-25
INV0004110,ST0274,P000012,87,61,2026-06-21
INV0004111,ST0275,P000014,136,70,2026-07-03
INV0004112,ST0275,P000010,179,36,2026-07-02
INV0004113,ST0275,P000013,29,93,2026-07-04
INV0004114,ST0275,P000019,369,27,2026-06-26
INV0004115,ST0275,P000008,185,30,2026-06-17
INV0004116,ST0275,P000016,406,42,2026-06-15
INV0004117,ST0275,P000002,480,49,2026-06-24
INV0004118,ST0275,P000018,375,99,2026-06-15
INV0004119,ST0275,P000015,495,30,2026-06-16
INV0004120,ST0275,P000020,209,57,2026-06-21
INV0004121,ST0275,P000012,26,80,2026-06-19
INV0004122,ST0275,P000006,297,58,2026-07-06
INV0004123,ST0275,P000017,63,99,2026-06-27
INV0004124,ST0275,P000007,247,60,2026-06-09
INV0004125,ST0275,P000003,317,82,2026-06-09
INV0004126,ST0276,P000015,342,20,2026-06-20
INV0004127,ST0276,P000003,150,91,2026-07-06
INV0004128,ST0276,P000004,369,88,2026-06-08
INV0004129,ST0276,P000010,493,42,2026-06-23
INV0004130,ST0276,P000001,146,54,2026-07-03
INV0004131,ST0276,P000005,247,80,2026-06-18
INV0004132,ST0276,P000017,69,96,2026-06-16
INV0004133,ST0276,P000014,86,77,2026-07-05
INV0004134,ST0276,P000012,80,31,2026-07-05
INV0004135,ST0276,P000002,295,39,2026-06-30
INV0004136,ST0276,P000007,353,68,2026-07-01
INV0004137,ST0276,P000008,266,32,2026-06-12
INV0004138,ST0276,P000018,21,42,2026-06-20
INV0004139,ST0276,P000006,21,92,2026-06-24
INV0004140,ST0276,P000009,286,20,2026-06-22
INV0004141,ST0277,P000004,121,67,2026-06-16
INV0004142,ST0277,P000001,397,78,2026-06-24
INV0004143,ST0277,P000012,340,61,2026-06-08
INV0004144,ST0277,P000020,428,69,2026-07-07
INV0004145,ST0277,P000014,139,39,2026-06-10
INV0004146,ST0277,P000010,176,99,2026-07-02
INV0004147,ST0277,P000002,376,63,2026-07-05
INV0004148,ST0277,P000008,80,44,2026-06-13
INV0004149,ST0277,P000019,434,39,2026-06-09
INV0004150,ST0277,P000006,445,37,2026-07-03
INV0004151,ST0277,P000016,368,29,2026-06-25
INV0004152,ST0277,P000015,341,81,2026-06-22
INV0004153,ST0277,P000018,383,98,2026-06-24
INV0004154,ST0277,P000013,500,96,2026-06-22
INV0004155,ST0277,P000011,147,44,2026-07-05
INV0004156,ST0278,P000017,275,94,2026-07-03
INV0004157,ST0278,P000015,435,99,2026-07-07
INV0004158,ST0278,P000019,43,54,2026-07-02
INV0004159,ST0278,P000004,191,88,2026-06-18
INV0004160,ST0278,P000014,186,21,2026-06-27
INV0004161,ST0278,P000009,376,41,2026-06-17
INV0004162,ST0278,P000007,125,61,2026-06-25
INV0004163,ST0278,P000005,430,30,2026-06-22
INV0004164,ST0278,P000011,218,75,2026-07-04
INV0004165,ST0278,P000003,218,95,2026-06-25
INV0004166,ST0278,P000020,374,93,2026-06-10
INV0004167,ST0278,P000013,478,24,2026-06-16
INV0004168,ST0278,P000010,255,91,2026-06-15
INV0004169,ST0278,P000012,46,27,2026-06-16
INV0004170,ST0278,P000008,334,29,2026-07-03
INV0004171,ST0279,P000011,80,36,2026-06-16
INV0004172,ST0279,P000013,338,46,2026-06-18
INV0004173,ST0279,P000012,343,98,2026-06-23
INV0004174,ST0279,P000005,316,47,2026-06-24
INV0004175,ST0279,P000014,84,81,2026-06-19
INV0004176,ST0279,P000017,296,100,2026-07-03
INV0004177,ST0279,P000004,5,71,2026-06-09
INV0004178,ST0279,P000007,105,55,2026-06-08
INV0004179,ST0279,P000009,170,56,2026-06-29
INV0004180,ST0279,P000003,455,93,2026-07-05
INV0004181,ST0279,P000020,96,90,2026-07-07
INV0004182,ST0279,P000001,258,78,2026-07-04
INV0004183,ST0279,P000006,19,38,2026-06-15
INV0004184,ST0279,P000019,193,39,2026-06-26
INV0004185,ST0279,P000018,83,29,2026-07-07
INV0004186,ST0280,P000016,76,54,2026-06-19
INV0004187,ST0280,P000020,391,49,2026-06-12
INV0004188,ST0280,P000012,445,81,2026-07-03
INV0004189,ST0280,P000001,426,22,2026-07-07
INV0004190,ST0280,P000017,117,67,2026-06-26
INV0004191,ST0280,P000005,248,84,2026-07-04
INV0004192,ST0280,P000014,154,40,2026-07-01
INV0004193,ST0280,P000010,438,44,2026-06-13
INV0004194,ST0280,P000007,210,63,2026-06-18
INV0004195,ST0280,P000019,142,57,2026-06-10
INV0004196,ST0280,P000013,6,93,2026-06-14
INV0004197,ST0280,P000009,15,53,2026-06-12
INV0004198,ST0280,P000002,83,33,2026-06-17
INV0004199,ST0280,P000006,145,35,2026-06-24
INV0004200,ST0280,P000015,321,44,2026-07-02
INV0004201,ST0281,P000001,415,46,2026-06-28
INV0004202,ST0281,P000005,455,99,2026-06-23
INV0004203,ST0281,P000004,32,84,2026-06-19
INV0004204,ST0281,P000017,450,34,2026-06-24
INV0004205,ST0281,P000013,253,74,2026-06-10
INV0004206,ST0281,P000002,59,66,2026-07-07
INV0004207,ST0281,P000020,265,43,2026-07-01
INV0004208,ST0281,P000010,260,53,2026-06-18
INV0004209,ST0281,P000018,117,73,2026-06-22
INV0004210,ST0281,P000009,385,99,2026-06-27
INV0004211,ST0281,P000003,499,86,2026-06-28
INV0004212,ST0281,P000016,400,87,2026-06-19
INV0004213,ST0281,P000014,180,23,2026-06-15
INV0004214,ST0281,P000012,37,85,2026-06-25
INV0004215,ST0281,P000008,83,86,2026-06-14
INV0004216,ST0282,P000015,398,45,2026-06-18
INV0004217,ST0282,P000016,454,40,2026-06-13
INV0004218,ST0282,P000003,162,41,2026-07-05
INV0004219,ST0282,P000020,357,38,2026-06-27
INV0004220,ST0282,P000001,491,34,2026-07-04
INV0004221,ST0282,P000004,232,64,2026-06-25
INV0004222,ST0282,P000002,292,54,2026-06-14
INV0004223,ST0282,P000014,49,83,2026-06-24
INV0004224,ST0282,P000013,442,86,2026-06-15
INV0004225,ST0282,P000006,57,22,2026-07-05
INV0004226,ST0282,P000017,201,31,2026-06-26
INV0004227,ST0282,P000018,130,100,2026-07-05
INV0004228,ST0282,P000008,178,37,2026-06-20
INV0004229,ST0282,P000012,492,47,2026-07-07
INV0004230,ST0282,P000009,185,54,2026-06-26
INV0004231,ST0283,P000011,459,57,2026-06-15
INV0004232,ST0283,P000020,39,66,2026-06-10
INV0004233,ST0283,P000003,179,79,2026-07-04
INV0004234,ST0283,P000012,328,66,2026-07-04
INV0004235,ST0283,P000013,383,57,2026-07-03
INV0004236,ST0283,P000016,422,92,2026-06-27
INV0004237,ST0283,P000008,296,92,2026-06-19
INV0004238,ST0283,P000019,265,86,2026-06-30
INV0004239,ST0283,P000014,396,42,2026-06-29
INV0004240,ST0283,P000015,199,88,2026-06-09
INV0004241,ST0283,P000017,367,79,2026-07-03
INV0004242,ST0283,P000006,400,41,2026-06-25
INV0004243,ST0283,P000005,39,31,2026-06-09
INV0004244,ST0283,P000004,117,47,2026-06-13
INV0004245,ST0283,P000001,126,29,2026-06-08
INV0004246,ST0284,P000007,359,65,2026-07-01
INV0004247,ST0284,P000010,126,56,2026-07-01
INV0004248,ST0284,P000004,426,87,2026-06-26
INV0004249,ST0284,P000006,179,37,2026-06-25
INV0004250,ST0284,P000015,301,34,2026-06-08
INV0004251,ST0284,P000009,80,32,2026-06-23
INV0004252,ST0284,P000014,397,40,2026-07-07
INV0004253,ST0284,P000016,36,93,2026-06-29
INV0004254,ST0284,P000002,256,55,2026-07-06
INV0004255,ST0284,P000011,421,50,2026-06-09
INV0004256,ST0284,P000008,273,59,2026-06-11
INV0004257,ST0284,P000012,439,80,2026-06-16
INV0004258,ST0284,P000003,194,22,2026-07-06
INV0004259,ST0284,P000017,436,65,2026-07-01
INV0004260,ST0284,P000020,499,28,2026-06-12
INV0004261,ST0285,P000008,152,71,2026-06-13
INV0004262,ST0285,P000010,193,64,2026-06-22
INV0004263,ST0285,P000005,368,55,2026-07-02
INV0004264,ST0285,P000012,64,74,2026-07-07
INV0004265,ST0285,P000011,243,31,2026-07-05
INV0004266,ST0285,P000007,3,80,2026-07-02
INV0004267,ST0285,P000001,491,65,2026-07-03
INV0004268,ST0285,P000015,0,20,2026-06-09
INV0004269,ST0285,P000009,416,39,2026-06-10
INV0004270,ST0285,P000002,168,92,2026-06-10
INV0004271,ST0285,P000017,115,98,2026-06-27
INV0004272,ST0285,P000020,2,29,2026-06-30
INV0004273,ST0285,P000013,213,91,2026-07-01
INV0004274,ST0285,P000016,391,65,2026-06-24
INV0004275,ST0285,P000004,5,29,2026-06-17
INV0004276,ST0286,P000001,377,83,2026-06-14
INV0004277,ST0286,P000017,475,20,2026-06-14
INV0004278,ST0286,P000020,240,71,2026-07-06
INV0004279,ST0286,P000011,18,31,2026-07-04
INV0004280,ST0286,P000003,315,92,2026-06-13
INV0004281,ST0286,P000016,28,100,2026-06-13
INV0004282,ST0286,P000007,51,66,2026-07-04
INV0004283,ST0286,P000014,198,42,2026-06-28
INV0004284,ST0286,P000010,270,27,2026-07-05
INV0004285,ST0286,P000002,85,42,2026-06-25
INV0004286,ST0286,P000008,184,50,2026-06-15
INV0004287,ST0286,P000005,187,94,2026-06-24
INV0004288,ST0286,P000012,195,35,2026-06-22
INV0004289,ST0286,P000013,391,71,2026-06-30
INV0004290,ST0286,P000006,332,43,2026-06-17
INV0004291,ST0287,P000011,456,100,2026-06-12
INV0004292,ST0287,P000006,229,89,2026-06-18
INV0004293,ST0287,P000013,203,27,2026-06-11
INV0004294,ST0287,P000018,236,85,2026-06-12
INV0004295,ST0287,P000005,87,62,2026-06-14
INV0004296,ST0287,P000017,232,54,2026-06-13
INV0004297,ST0287,P000015,266,97,2026-06-23
INV0004298,ST0287,P000009,119,47,2026-06-15
INV0004299,ST0287,P000016,451,23,2026-07-03
INV0004300,ST0287,P000003,44,100,2026-07-01
INV0004301,ST0287,P000019,26,79,2026-07-05
INV0004302,ST0287,P000007,365,77,2026-06-17
INV0004303,ST0287,P000012,427,92,2026-06-16
INV0004304,ST0287,P000002,136,71,2026-07-05
INV0004305,ST0287,P000014,164,29,2026-06-17
INV0004306,ST0288,P000012,340,85,2026-06-10
INV0004307,ST0288,P000001,51,93,2026-06-12
INV0004308,ST0288,P000018,439,74,2026-06-29
INV0004309,ST0288,P000010,381,35,2026-06-27
INV0004310,ST0288,P000016,355,54,2026-06-14
INV0004311,ST0288,P000019,320,47,2026-06-21
INV0004312,ST0288,P000002,495,77,2026-07-07
INV0004313,ST0288,P000006,351,83,2026-07-07
INV0004314,ST0288,P000008,174,41,2026-07-06
INV0004315,ST0288,P000015,1,82,2026-06-08
INV0004316,ST0288,P000020,461,43,2026-06-25
INV0004317,ST0288,P000011,158,35,2026-06-26
INV0004318,ST0288,P000007,179,52,2026-06-08
INV0004319,ST0288,P000009,388,57,2026-07-03
INV0004320,ST0288,P000004,366,38,2026-06-13
INV0004321,ST0289,P000011,420,73,2026-07-06
INV0004322,ST0289,P000008,269,75,2026-06-10
INV0004323,ST0289,P000018,378,95,2026-07-07
INV0004324,ST0289,P000001,130,23,2026-06-23
INV0004325,ST0289,P000005,416,47,2026-07-03
INV0004326,ST0289,P000017,339,30,2026-06-10
INV0004327,ST0289,P000020,458,63,2026-06-11
INV0004328,ST0289,P000016,330,38,2026-06-27
INV0004329,ST0289,P000009,16,47,2026-06-25
INV0004330,ST0289,P000012,427,84,2026-06-17
INV0004331,ST0289,P000013,493,97,2026-06-28
INV0004332,ST0289,P000010,97,78,2026-06-19
INV0004333,ST0289,P000003,131,60,2026-06-30
INV0004334,ST0289,P000006,485,31,2026-06-08
INV0004335,ST0289,P000004,308,42,2026-06-28
INV0004336,ST0290,P000013,227,91,2026-07-06
INV0004337,ST0290,P000020,177,58,2026-07-03
INV0004338,ST0290,P000007,49,34,2026-06-22
INV0004339,ST0290,P000017,411,94,2026-06-18
INV0004340,ST0290,P000016,16,47,2026-06-29
INV0004341,ST0290,P000009,274,89,2026-06-18
INV0004342,ST0290,P000004,239,30,2026-06-16
INV0004343,ST0290,P000019,358,57,2026-06-16
INV0004344,ST0290,P000006,299,34,2026-06-18
INV0004345,ST0290,P000014,220,56,2026-06-23
INV0004346,ST0290,P000003,355,31,2026-06-28
INV0004347,ST0290,P000002,137,70,2026-06-25
INV0004348,ST0290,P000005,412,35,2026-06-20
INV0004349,ST0290,P000012,20,73,2026-06-15
INV0004350,ST0290,P000018,118,71,2026-06-15
INV0004351,ST0291,P000016,453,36,2026-06-08
INV0004352,ST0291,P000011,158,49,2026-06-30
INV0004353,ST0291,P000001,256,67,2026-07-01
INV0004354,ST0291,P000017,176,76,2026-06-28
INV0004355,ST0291,P000018,174,67,2026-06-20
INV0004356,ST0291,P000012,484,95,2026-06-11
INV0004357,ST0291,P000006,475,22,2026-07-04
INV0004358,ST0291,P000008,298,57,2026-06-15
INV0004359,ST0291,P000020,469,79,2026-06-30
INV0004360,ST0291,P000014,435,35,2026-07-04
INV0004361,ST0291,P000009,189,76,2026-06-10
INV0004362,ST0291,P000015,60,25,2026-06-16
INV0004363,ST0291,P000013,256,28,2026-06-14
INV0004364,ST0291,P000010,56,66,2026-06-09
INV0004365,ST0291,P000003,482,68,2026-06-11
INV0004366,ST0292,P000019,9,94,2026-06-10
INV0004367,ST0292,P000011,92,63,2026-06-16
INV0004368,ST0292,P000010,378,58,2026-06-22
INV0004369,ST0292,P000020,328,45,2026-06-18
INV0004370,ST0292,P000008,181,90,2026-07-05
INV0004371,ST0292,P000003,329,81,2026-06-21
INV0004372,ST0292,P000018,27,54,2026-06-20
INV0004373,ST0292,P000015,197,32,2026-06-10
INV0004374,ST0292,P000016,428,39,2026-06-14
INV0004375,ST0292,P000017,297,84,2026-07-05
INV0004376,ST0292,P000014,34,64,2026-07-06
INV0004377,ST0292,P000009,348,83,2026-06-25
INV0004378,ST0292,P000001,254,26,2026-06-25
INV0004379,ST0292,P000002,422,70,2026-06-24
INV0004380,ST0292,P000013,174,23,2026-06-12
INV0004381,ST0293,P000008,110,85,2026-06-29
INV0004382,ST0293,P000004,402,70,2026-07-06
INV0004383,ST0293,P000014,117,60,2026-06-29
INV0004384,ST0293,P000010,258,81,2026-06-24
INV0004385,ST0293,P000019,168,88,2026-06-25
INV0004386,ST0293,P000003,376,76,2026-06-25
INV0004387,ST0293,P000020,294,56,2026-06-22
INV0004388,ST0293,P000009,100,29,2026-07-05
INV0004389,ST0293,P000007,427,49,2026-06-16
INV0004390,ST0293,P000012,33,66,2026-06-17
INV0004391,ST0293,P000002,332,75,2026-06-15
INV0004392,ST0293,P000016,170,73,2026-07-07
INV0004393,ST0293,P000018,247,94,2026-07-05
INV0004394,ST0293,P000015,251,89,2026-06-28
INV0004395,ST0293,P000006,23,43,2026-07-06
INV0004396,ST0294,P000020,86,80,2026-06-11
INV0004397,ST0294,P000003,498,62,2026-06-20
INV0004398,ST0294,P000004,86,34,2026-06-24
INV0004399,ST0294,P000002,160,62,2026-07-02
INV0004400,ST0294,P000005,243,39,2026-06-22
INV0004401,ST0294,P000014,246,45,2026-06-14
INV0004402,ST0294,P000006,132,53,2026-06-24
INV0004403,ST0294,P000010,332,83,2026-07-03
INV0004404,ST0294,P000009,336,74,2026-07-02
INV0004405,ST0294,P000008,257,27,2026-06-17
INV0004406,ST0294,P000012,53,52,2026-06-26
INV0004407,ST0294,P000013,377,32,2026-06-26
INV0004408,ST0294,P000018,255,30,2026-06-27
INV0004409,ST0294,P000001,487,26,2026-07-01
INV0004410,ST0294,P000017,6,27,2026-07-06
INV0004411,ST0295,P000012,337,93,2026-06-28
INV0004412,ST0295,P000017,287,58,2026-06-28
INV0004413,ST0295,P000011,117,93,2026-06-27
INV0004414,ST0295,P000009,7,32,2026-06-30
INV0004415,ST0295,P000002,25,24,2026-06-21
INV0004416,ST0295,P000001,82,74,2026-06-22
INV0004417,ST0295,P000018,28,35,2026-06-25
INV0004418,ST0295,P000006,466,53,2026-07-01
INV0004419,ST0295,P000019,183,98,2026-06-27
INV0004420,ST0295,P000008,416,77,2026-07-01
INV0004421,ST0295,P000016,167,75,2026-06-15
INV0004422,ST0295,P000010,313,60,2026-07-06
INV0004423,ST0295,P000013,387,29,2026-06-15
INV0004424,ST0295,P000005,318,37,2026-07-01
INV0004425,ST0295,P000020,329,31,2026-07-02
INV0004426,ST0296,P000020,208,95,2026-07-03
INV0004427,ST0296,P000016,160,76,2026-06-30
INV0004428,ST0296,P000012,150,30,2026-06-15
INV0004429,ST0296,P000009,52,82,2026-06-28
INV0004430,ST0296,P000019,118,73,2026-07-06
INV0004431,ST0296,P000002,181,48,2026-06-12
INV0004432,ST0296,P000011,484,73,2026-06-22
INV0004433,ST0296,P000010,355,50,2026-07-03
INV0004434,ST0296,P000007,217,63,2026-06-13
INV0004435,ST0296,P000003,111,99,2026-06-15
INV0004436,ST0296,P000001,343,50,2026-06-28
INV0004437,ST0296,P000018,471,23,2026-07-07
INV0004438,ST0296,P000017,478,50,2026-07-02
INV0004439,ST0296,P000006,311,93,2026-07-03
INV0004440,ST0296,P000015,29,86,2026-06-16
INV0004441,ST0297,P000007,423,36,2026-07-05
INV0004442,ST0297,P000006,284,60,2026-06-21
INV0004443,ST0297,P000019,376,61,2026-07-06
INV0004444,ST0297,P000003,93,40,2026-06-11
INV0004445,ST0297,P000013,262,26,2026-06-22
INV0004446,ST0297,P000001,44,90,2026-07-04
INV0004447,ST0297,P000011,159,61,2026-06-30
INV0004448,ST0297,P000004,218,28,2026-06-15
INV0004449,ST0297,P000020,305,79,2026-06-15
INV0004450,ST0297,P000018,104,32,2026-06-25
INV0004451,ST0297,P000012,450,45,2026-06-23
INV0004452,ST0297,P000014,241,41,2026-06-14
INV0004453,ST0297,P000002,289,77,2026-06-17
INV0004454,ST0297,P000015,124,39,2026-06-24
INV0004455,ST0297,P000005,63,81,2026-06-28
INV0004456,ST0298,P000006,299,42,2026-07-04
INV0004457,ST0298,P000019,428,85,2026-06-29
INV0004458,ST0298,P000012,257,55,2026-06-11
INV0004459,ST0298,P000002,477,72,2026-06-25
INV0004460,ST0298,P000014,206,41,2026-06-29
INV0004461,ST0298,P000009,430,90,2026-06-11
INV0004462,ST0298,P000013,210,76,2026-06-12
INV0004463,ST0298,P000010,374,94,2026-06-09
INV0004464,ST0298,P000016,415,66,2026-06-09
INV0004465,ST0298,P000008,156,70,2026-06-14
INV0004466,ST0298,P000005,133,57,2026-07-01
INV0004467,ST0298,P000011,187,78,2026-07-04
INV0004468,ST0298,P000001,416,83,2026-06-15
INV0004469,ST0298,P000003,495,25,2026-06-21
INV0004470,ST0298,P000020,400,69,2026-06-23
INV0004471,ST0299,P000002,406,49,2026-07-03
INV0004472,ST0299,P000009,49,53,2026-06-08
INV0004473,ST0299,P000018,215,74,2026-06-16
INV0004474,ST0299,P000017,438,83,2026-06-12
INV0004475,ST0299,P000007,125,54,2026-06-12
INV0004476,ST0299,P000005,231,93,2026-06-10
INV0004477,ST0299,P000010,138,54,2026-06-21
INV0004478,ST0299,P000020,496,36,2026-06-20
INV0004479,ST0299,P000016,182,56,2026-06-11
INV0004480,ST0299,P000006,27,97,2026-06-18
INV0004481,ST0299,P000004,293,76,2026-06-17
INV0004482,ST0299,P000008,237,84,2026-06-30
INV0004483,ST0299,P000014,473,96,2026-06-30
INV0004484,ST0299,P000019,170,20,2026-06-24
INV0004485,ST0299,P000003,326,44,2026-06-14
INV0004486,ST0300,P000006,29,97,2026-06-17
INV0004487,ST0300,P000014,14,70,2026-06-28
INV0004488,ST0300,P000007,193,50,2026-06-15
INV0004489,ST0300,P000015,439,23,2026-06-24
INV0004490,ST0300,P000018,21,54,2026-07-04
INV0004491,ST0300,P000009,21,30,2026-07-04
INV0004492,ST0300,P000020,213,95,2026-07-06
INV0004493,ST0300,P000002,122,95,2026-06-28
INV0004494,ST0300,P000013,239,92,2026-06-17
INV0004495,ST0300,P000003,154,84,2026-06-19
INV0004496,ST0300,P000004,483,71,2026-06-22
INV0004497,ST0300,P000005,119,89,2026-06-29
INV0004498,ST0300,P000019,72,83,2026-06-29
INV0004499,ST0300,P000016,69,33,2026-07-04
INV0004500,ST0300,P000012,1,63,2026-06-18
INV0004501,ST0301,P000009,442,80,2026-06-28
INV0004502,ST0301,P000001,100,27,2026-06-27
INV0004503,ST0301,P000017,352,77,2026-06-09
INV0004504,ST0301,P000014,406,46,2026-06-24
INV0004505,ST0301,P000015,345,39,2026-07-07
INV0004506,ST0301,P000003,181,37,2026-06-12
INV0004507,ST0301,P000007,1,62,2026-06-13
INV0004508,ST0301,P000004,390,80,2026-06-30
INV0004509,ST0301,P000019,394,27,2026-07-06
INV0004510,ST0301,P000006,417,87,2026-07-04
INV0004511,ST0301,P000005,278,46,2026-06-09
INV0004512,ST0301,P000016,157,68,2026-06-08
INV0004513,ST0301,P000008,246,46,2026-06-26
INV0004514,ST0301,P000010,241,29,2026-07-01
INV0004515,ST0301,P000012,391,46,2026-06-22
INV0004516,ST0302,P000015,54,82,2026-06-26
INV0004517,ST0302,P000003,252,64,2026-07-01
INV0004518,ST0302,P000018,105,42,2026-06-23
INV0004519,ST0302,P000017,7,89,2026-06-15
INV0004520,ST0302,P000010,453,65,2026-06-27
INV0004521,ST0302,P000005,250,70,2026-06-26
INV0004522,ST0302,P000004,341,54,2026-06-24
INV0004523,ST0302,P000008,460,48,2026-06-25
INV0004524,ST0302,P000020,51,72,2026-06-19
INV0004525,ST0302,P000007,387,53,2026-06-09
INV0004526,ST0302,P000012,54,83,2026-06-25
INV0004527,ST0302,P000011,407,44,2026-06-19
INV0004528,ST0302,P000006,298,85,2026-06-19
INV0004529,ST0302,P000016,163,31,2026-07-05
INV0004530,ST0302,P000002,441,50,2026-07-06
INV0004531,ST0303,P000014,338,73,2026-07-03
INV0004532,ST0303,P000018,369,33,2026-07-02
INV0004533,ST0303,P000020,398,88,2026-06-24
INV0004534,ST0303,P000012,270,65,2026-06-17
INV0004535,ST0303,P000011,136,56,2026-06-26
INV0004536,ST0303,P000007,340,59,2026-07-04
INV0004537,ST0303,P000003,239,98,2026-07-05
INV0004538,ST0303,P000008,55,40,2026-06-14
INV0004539,ST0303,P000006,4,88,2026-06-22
INV0004540,ST0303,P000001,54,40,2026-06-24
INV0004541,ST0303,P000009,202,48,2026-06-13
INV0004542,ST0303,P000010,214,78,2026-06-27
INV0004543,ST0303,P000005,380,53,2026-06-25
INV0004544,ST0303,P000019,351,21,2026-07-01
INV0004545,ST0303,P000013,16,98,2026-06-18
INV0004546,ST0304,P000013,8,84,2026-06-18
INV0004547,ST0304,P000009,289,76,2026-07-05
INV0004548,ST0304,P000001,389,35,2026-06-19
INV0004549,ST0304,P000015,274,49,2026-06-26
INV0004550,ST0304,P000020,9,46,2026-06-27
INV0004551,ST0304,P000005,184,43,2026-07-06
INV0004552,ST0304,P000004,149,30,2026-06-17
INV0004553,ST0304,P000014,202,48,2026-07-06
INV0004554,ST0304,P000002,250,60,2026-06-30
INV0004555,ST0304,P000012,144,95,2026-06-29
INV0004556,ST0304,P000008,215,77,2026-06-16
INV0004557,ST0304,P000016,122,21,2026-06-24
INV0004558,ST0304,P000006,32,53,2026-06-22
INV0004559,ST0304,P000019,366,78,2026-06-20
INV0004560,ST0304,P000018,413,97,2026-06-21
INV0004561,ST0305,P000018,83,87,2026-07-03
INV0004562,ST0305,P000003,7,26,2026-07-04
INV0004563,ST0305,P000012,175,37,2026-06-17
INV0004564,ST0305,P000001,169,46,2026-06-17
INV0004565,ST0305,P000006,431,39,2026-06-08
INV0004566,ST0305,P000004,500,72,2026-06-12
INV0004567,ST0305,P000017,117,87,2026-07-07
INV0004568,ST0305,P000002,175,88,2026-06-20
INV0004569,ST0305,P000009,80,34,2026-06-25
INV0004570,ST0305,P000015,460,33,2026-06-13
INV0004571,ST0305,P000008,407,54,2026-06-21
INV0004572,ST0305,P000010,269,28,2026-07-06
INV0004573,ST0305,P000014,299,100,2026-06-19
INV0004574,ST0305,P000011,365,80,2026-07-01
INV0004575,ST0305,P000005,152,67,2026-06-23
INV0004576,ST0306,P000013,46,23,2026-07-05
INV0004577,ST0306,P000007,448,98,2026-06-26
INV0004578,ST0306,P000020,131,52,2026-06-13
INV0004579,ST0306,P000018,406,64,2026-06-29
INV0004580,ST0306,P000002,449,33,2026-07-06
INV0004581,ST0306,P000008,488,21,2026-06-27
INV0004582,ST0306,P000016,338,93,2026-06-15
INV0004583,ST0306,P000001,464,45,2026-06-28
INV0004584,ST0306,P000012,9,55,2026-06-08
INV0004585,ST0306,P000011,382,66,2026-06-28
INV0004586,ST0306,P000004,326,94,2026-06-24
INV0004587,ST0306,P000006,431,38,2026-06-30
INV0004588,ST0306,P000014,177,92,2026-06-15
INV0004589,ST0306,P000005,39,55,2026-06-13
INV0004590,ST0306,P000017,189,80,2026-06-26
INV0004591,ST0307,P000002,264,89,2026-06-27
INV0004592,ST0307,P000004,84,37,2026-06-29
INV0004593,ST0307,P000008,342,28,2026-06-30
INV0004594,ST0307,P000013,463,48,2026-06-27
INV0004595,ST0307,P000016,322,88,2026-06-16
INV0004596,ST0307,P000003,223,37,2026-06-16
INV0004597,ST0307,P000018,166,45,2026-06-17
INV0004598,ST0307,P000015,397,70,2026-06-20
INV0004599,ST0307,P000011,456,35,2026-06-28
INV0004600,ST0307,P000001,328,48,2026-06-15
INV0004601,ST0307,P000020,285,69,2026-06-17
INV0004602,ST0307,P000005,479,26,2026-06-10
INV0004603,ST0307,P000014,168,20,2026-07-07
INV0004604,ST0307,P000007,298,100,2026-06-14
INV0004605,ST0307,P000019,334,39,2026-06-16
INV0004606,ST0308,P000001,415,98,2026-06-12
INV0004607,ST0308,P000012,36,76,2026-07-05
INV0004608,ST0308,P000011,399,89,2026-06-27
INV0004609,ST0308,P000020,257,68,2026-06-08
INV0004610,ST0308,P000019,39,25,2026-07-06
INV0004611,ST0308,P000007,178,22,2026-06-08
INV0004612,ST0308,P000003,195,46,2026-06-28
INV0004613,ST0308,P000014,441,94,2026-07-05
INV0004614,ST0308,P000008,349,29,2026-07-03
INV0004615,ST0308,P000005,326,29,2026-06-24
INV0004616,ST0308,P000015,457,92,2026-06-23
INV0004617,ST0308,P000016,74,86,2026-07-04
INV0004618,ST0308,P000009,91,26,2026-06-17
INV0004619,ST0308,P000013,352,42,2026-06-14
INV0004620,ST0308,P000004,210,61,2026-06-25
INV0004621,ST0309,P000018,282,26,2026-06-19
INV0004622,ST0309,P000004,207,99,2026-06-30
INV0004623,ST0309,P000010,275,100,2026-06-17
INV0004624,ST0309,P000009,76,31,2026-07-06
INV0004625,ST0309,P000012,91,71,2026-06-19
INV0004626,ST0309,P000014,255,45,2026-06-19
INV0004627,ST0309,P000006,333,64,2026-06-27
INV0004628,ST0309,P000001,363,53,2026-06-12
INV0004629,ST0309,P000003,385,52,2026-06-15
INV0004630,ST0309,P000002,114,48,2026-06-10
INV0004631,ST0309,P000019,430,57,2026-06-23
INV0004632,ST0309,P000020,120,56,2026-06-13
INV0004633,ST0309,P000008,442,78,2026-06-25
INV0004634,ST0309,P000017,143,41,2026-07-04
INV0004635,ST0309,P000011,373,46,2026-06-09
INV0004636,ST0310,P000009,151,25,2026-06-20
INV0004637,ST0310,P000010,396,94,2026-06-14
INV0004638,ST0310,P000012,393,61,2026-07-07
INV0004639,ST0310,P000002,362,64,2026-06-08
INV0004640,ST0310,P000011,181,88,2026-06-21
INV0004641,ST0310,P000003,153,61,2026-06-22
INV0004642,ST0310,P000005,35,92,2026-07-07
INV0004643,ST0310,P000007,27,37,2026-06-13
INV0004644,ST0310,P000020,83,79,2026-07-01
INV0004645,ST0310,P000013,98,96,2026-06-13
INV0004646,ST0310,P000018,255,55,2026-06-09
INV0004647,ST0310,P000019,141,20,2026-07-02
INV0004648,ST0310,P000008,32,44,2026-06-08
INV0004649,ST0310,P000001,6,26,2026-06-12
INV0004650,ST0310,P000015,274,89,2026-06-28
INV0004651,ST0311,P000020,408,42,2026-06-26
INV0004652,ST0311,P000014,102,49,2026-07-01
INV0004653,ST0311,P000003,177,25,2026-06-12
INV0004654,ST0311,P000002,199,46,2026-06-30
INV0004655,ST0311,P000008,419,97,2026-06-17
INV0004656,ST0311,P000005,109,34,2026-06-13
INV0004657,ST0311,P000001,190,53,2026-06-21
INV0004658,ST0311,P000018,325,72,2026-06-23
INV0004659,ST0311,P000009,101,95,2026-06-22
INV0004660,ST0311,P000007,233,77,2026-07-04
INV0004661,ST0311,P000016,280,86,2026-06-25
INV0004662,ST0311,P000012,450,24,2026-07-01
INV0004663,ST0311,P000011,435,21,2026-06-30
INV0004664,ST0311,P000013,148,79,2026-06-20
INV0004665,ST0311,P000010,149,97,2026-06-11
INV0004666,ST0312,P000002,28,32,2026-06-13
INV0004667,ST0312,P000006,432,58,2026-06-11
INV0004668,ST0312,P000001,484,68,2026-06-29
INV0004669,ST0312,P000005,269,58,2026-06-30
INV0004670,ST0312,P000015,295,86,2026-06-29
INV0004671,ST0312,P000017,452,100,2026-07-01
INV0004672,ST0312,P000020,132,77,2026-06-16
INV0004673,ST0312,P000013,319,96,2026-07-07
INV0004674,ST0312,P000008,499,70,2026-06-10
INV0004675,ST0312,P000007,155,61,2026-07-01
INV0004676,ST0312,P000016,163,61,2026-07-03
INV0004677,ST0312,P000004,279,29,2026-06-16
INV0004678,ST0312,P000012,73,23,2026-06-11
INV0004679,ST0312,P000009,296,70,2026-06-20
INV0004680,ST0312,P000003,236,24,2026-06-30
INV0004681,ST0313,P000017,73,84,2026-06-26
INV0004682,ST0313,P000019,286,69,2026-06-08
INV0004683,ST0313,P000001,331,26,2026-06-17
INV0004684,ST0313,P000016,252,74,2026-07-03
INV0004685,ST0313,P000004,179,47,2026-06-12
INV0004686,ST0313,P000012,153,44,2026-06-20
INV0004687,ST0313,P000005,277,43,2026-07-01
INV0004688,ST0313,P000006,142,47,2026-06-25
INV0004689,ST0313,P000014,161,36,2026-06-11
INV0004690,ST0313,P000007,234,100,2026-06-23
INV0004691,ST0313,P000002,107,48,2026-06-25
INV0004692,ST0313,P000015,274,95,2026-07-02
INV0004693,ST0313,P000008,147,50,2026-06-24
INV0004694,ST0313,P000009,65,47,2026-06-23
INV0004695,ST0313,P000013,239,83,2026-06-26
INV0004696,ST0314,P000019,435,86,2026-07-04
INV0004697,ST0314,P000008,486,46,2026-06-23
INV0004698,ST0314,P000018,423,54,2026-06-25
INV0004699,ST0314,P000014,42,26,2026-07-03
INV0004700,ST0314,P000020,129,73,2026-07-05
INV0004701,ST0314,P000009,357,49,2026-06-21
INV0004702,ST0314,P000016,101,39,2026-06-10
INV0004703,ST0314,P000006,457,72,2026-07-01
INV0004704,ST0314,P000017,315,45,2026-06-15
INV0004705,ST0314,P000013,19,38,2026-06-23
INV0004706,ST0314,P000005,352,77,2026-06-27
INV0004707,ST0314,P000015,260,46,2026-06-15
INV0004708,ST0314,P000007,260,88,2026-06-13
INV0004709,ST0314,P000002,361,37,2026-06-24
INV0004710,ST0314,P000012,479,92,2026-06-10
INV0004711,ST0315,P000003,138,98,2026-06-20
INV0004712,ST0315,P000008,278,81,2026-06-24
INV0004713,ST0315,P000015,320,44,2026-06-08
INV0004714,ST0315,P000005,176,65,2026-06-21
INV0004715,ST0315,P000018,425,39,2026-06-11
INV0004716,ST0315,P000012,205,42,2026-06-26
INV0004717,ST0315,P000020,322,37,2026-06-25
INV0004718,ST0315,P000010,459,78,2026-06-12
INV0004719,ST0315,P000009,97,57,2026-06-09
INV0004720,ST0315,P000011,211,88,2026-06-23
INV0004721,ST0315,P000016,308,44,2026-06-22
INV0004722,ST0315,P000006,113,80,2026-06-23
INV0004723,ST0315,P000002,285,27,2026-06-13
INV0004724,ST0315,P000001,443,36,2026-06-12
INV0004725,ST0315,P000013,498,58,2026-07-02
INV0004726,ST0316,P000019,358,21,2026-07-03
INV0004727,ST0316,P000002,419,75,2026-06-29
INV0004728,ST0316,P000018,62,85,2026-06-22
INV0004729,ST0316,P000009,47,57,2026-06-28
INV0004730,ST0316,P000015,305,60,2026-06-14
INV0004731,ST0316,P000020,51,55,2026-06-15
INV0004732,ST0316,P000017,313,34,2026-06-19
INV0004733,ST0316,P000006,22,95,2026-06-15
INV0004734,ST0316,P000007,142,38,2026-06-08
INV0004735,ST0316,P000010,131,58,2026-06-30
INV0004736,ST0316,P000016,480,29,2026-06-09
INV0004737,ST0316,P000004,311,36,2026-07-07
INV0004738,ST0316,P000001,370,34,2026-06-18
INV0004739,ST0316,P000014,359,24,2026-07-07
INV0004740,ST0316,P000012,85,68,2026-06-10
INV0004741,ST0317,P000011,86,55,2026-06-17
INV0004742,ST0317,P000007,470,23,2026-06-09
INV0004743,ST0317,P000006,333,63,2026-06-30
INV0004744,ST0317,P000013,163,88,2026-06-14
INV0004745,ST0317,P000019,148,75,2026-07-07
INV0004746,ST0317,P000010,288,71,2026-06-15
INV0004747,ST0317,P000012,296,26,2026-06-16
INV0004748,ST0317,P000017,418,32,2026-06-08
INV0004749,ST0317,P000002,366,39,2026-06-09
INV0004750,ST0317,P000014,188,48,2026-06-16
INV0004751,ST0317,P000003,70,27,2026-07-03
INV0004752,ST0317,P000020,63,32,2026-06-30
INV0004753,ST0317,P000005,392,50,2026-06-22
INV0004754,ST0317,P000018,46,67,2026-07-06
INV0004755,ST0317,P000009,378,42,2026-06-25
INV0004756,ST0318,P000017,424,60,2026-06-20
INV0004757,ST0318,P000019,318,58,2026-06-15
INV0004758,ST0318,P000020,71,21,2026-07-06
INV0004759,ST0318,P000006,366,33,2026-06-11
INV0004760,ST0318,P000003,339,37,2026-06-29
INV0004761,ST0318,P000015,326,82,2026-06-28
INV0004762,ST0318,P000005,78,43,2026-06-10
INV0004763,ST0318,P000013,388,59,2026-07-02
INV0004764,ST0318,P000004,275,70,2026-06-08
INV0004765,ST0318,P000016,352,59,2026-06-19
INV0004766,ST0318,P000014,82,92,2026-06-17
INV0004767,ST0318,P000009,452,27,2026-06-09
INV0004768,ST0318,P000010,287,90,2026-07-07
INV0004769,ST0318,P000008,200,35,2026-06-22
INV0004770,ST0318,P000018,367,30,2026-06-26
INV0004771,ST0319,P000018,468,21,2026-06-20
INV0004772,ST0319,P000014,71,87,2026-06-22
INV0004773,ST0319,P000009,424,54,2026-06-19
INV0004774,ST0319,P000012,167,57,2026-07-01
INV0004775,ST0319,P000020,177,68,2026-06-21
INV0004776,ST0319,P000010,405,45,2026-06-16
INV0004777,ST0319,P000011,41,100,2026-07-06
INV0004778,ST0319,P000008,256,30,2026-06-20
INV0004779,ST0319,P000013,185,60,2026-07-06
INV0004780,ST0319,P000002,42,85,2026-06-27
INV0004781,ST0319,P000007,217,66,2026-06-29
INV0004782,ST0319,P000015,222,36,2026-06-17
INV0004783,ST0319,P000019,358,49,2026-06-27
INV0004784,ST0319,P000005,163,41,2026-06-23
INV0004785,ST0319,P000003,433,31,2026-06-29
INV0004786,ST0320,P000020,168,51,2026-06-24
INV0004787,ST0320,P000015,409,53,2026-06-25
INV0004788,ST0320,P000007,377,79,2026-07-05
INV0004789,ST0320,P000011,62,96,2026-07-04
INV0004790,ST0320,P000017,88,66,2026-06-12
INV0004791,ST0320,P000003,345,47,2026-07-01
INV0004792,ST0320,P000009,440,93,2026-06-08
INV0004793,ST0320,P000008,435,86,2026-06-08
INV0004794,ST0320,P000018,47,48,2026-07-06
INV0004795,ST0320,P000005,197,61,2026-06-29
INV0004796,ST0320,P000006,107,71,2026-06-10
INV0004797,ST0320,P000010,405,94,2026-06-20
INV0004798,ST0320,P000019,195,59,2026-06-28
INV0004799,ST0320,P000012,475,84,2026-06-12
INV0004800,ST0320,P000001,271,59,2026-06-16
INV0004801,ST0321,P000008,349,81,2026-07-05
INV0004802,ST0321,P000020,254,36,2026-06-10
INV0004803,ST0321,P000001,27,27,2026-06-12
INV0004804,ST0321,P000013,175,85,2026-07-05
INV0004805,ST0321,P000011,235,35,2026-06-21
INV0004806,ST0321,P000007,282,93,2026-06-14
INV0004807,ST0321,P000012,271,58,2026-06-25
INV0004808,ST0321,P000010,483,71,2026-06-19
INV0004809,ST0321,P000003,113,28,2026-06-20
INV0004810,ST0321,P000005,314,76,2026-06-17
INV0004811,ST0321,P000018,499,74,2026-06-11
INV0004812,ST0321,P000014,141,51,2026-06-21
INV0004813,ST0321,P000006,493,47,2026-06-16
INV0004814,ST0321,P000002,57,21,2026-06-28
INV0004815,ST0321,P000017,302,53,2026-06-14
INV0004816,ST0322,P000015,247,89,2026-06-25
INV0004817,ST0322,P000011,413,56,2026-06-18
INV0004818,ST0322,P000016,167,75,2026-06-25
INV0004819,ST0322,P000008,224,77,2026-06-29
INV0004820,ST0322,P000007,8,30,2026-06-16
INV0004821,ST0322,P000004,370,68,2026-06-28
INV0004822,ST0322,P000013,453,22,2026-06-14
INV0004823,ST0322,P000003,329,66,2026-07-05
INV0004824,ST0322,P000002,298,20,2026-06-11
INV0004825,ST0322,P000010,202,69,2026-06-19
INV0004826,ST0322,P000018,10,45,2026-06-17
INV0004827,ST0322,P000019,378,65,2026-06-25
INV0004828,ST0322,P000006,248,73,2026-06-20
INV0004829,ST0322,P000001,127,44,2026-06-11
INV0004830,ST0322,P000014,67,49,2026-06-11
INV0004831,ST0323,P000012,76,68,2026-06-20
INV0004832,ST0323,P000002,349,50,2026-06-22
INV0004833,ST0323,P000010,144,28,2026-07-01
INV0004834,ST0323,P000006,317,68,2026-06-17
INV0004835,ST0323,P000004,365,56,2026-07-03
INV0004836,ST0323,P000009,156,51,2026-06-23
INV0004837,ST0323,P000015,350,85,2026-06-21
INV0004838,ST0323,P000011,495,80,2026-07-03
INV0004839,ST0323,P000003,445,50,2026-06-25
INV0004840,ST0323,P000014,115,86,2026-06-13
INV0004841,ST0323,P000007,200,66,2026-06-29
INV0004842,ST0323,P000020,430,66,2026-06-22
INV0004843,ST0323,P000017,341,75,2026-06-25
INV0004844,ST0323,P000018,139,29,2026-07-06
INV0004845,ST0323,P000016,55,26,2026-06-21
INV0004846,ST0324,P000005,274,26,2026-06-10
INV0004847,ST0324,P000017,482,74,2026-06-15
INV0004848,ST0324,P000003,326,44,2026-07-07
INV0004849,ST0324,P000001,370,89,2026-06-29
INV0004850,ST0324,P000019,77,36,2026-06-25
INV0004851,ST0324,P000011,104,97,2026-06-15
INV0004852,ST0324,P000010,334,90,2026-07-03
INV0004853,ST0324,P000016,486,27,2026-06-21
INV0004854,ST0324,P000007,443,23,2026-06-12
INV0004855,ST0324,P000020,379,29,2026-06-28
INV0004856,ST0324,P000009,428,44,2026-06-11
INV0004857,ST0324,P000013,46,44,2026-06-20
INV0004858,ST0324,P000012,435,33,2026-06-29
INV0004859,ST0324,P000008,144,34,2026-06-29
INV0004860,ST0324,P000014,477,30,2026-06-30
INV0004861,ST0325,P000017,273,98,2026-07-01
INV0004862,ST0325,P000018,308,80,2026-06-24
INV0004863,ST0325,P000001,60,33,2026-07-07
INV0004864,ST0325,P000013,225,60,2026-06-24
INV0004865,ST0325,P000009,198,33,2026-07-07
INV0004866,ST0325,P000012,303,80,2026-06-22
INV0004867,ST0325,P000004,203,51,2026-07-03
INV0004868,ST0325,P000020,149,50,2026-06-21
INV0004869,ST0325,P000003,59,74,2026-06-18
INV0004870,ST0325,P000007,281,52,2026-06-19
INV0004871,ST0325,P000002,82,32,2026-07-06
INV0004872,ST0325,P000011,63,38,2026-06-14
INV0004873,ST0325,P000016,308,54,2026-06-16
INV0004874,ST0325,P000006,114,29,2026-06-17
INV0004875,ST0325,P000005,361,92,2026-06-24
INV0004876,ST0326,P000012,4,83,2026-07-07
INV0004877,ST0326,P000009,88,58,2026-06-11
INV0004878,ST0326,P000016,165,41,2026-07-06
INV0004879,ST0326,P000011,357,31,2026-06-16
INV0004880,ST0326,P000020,427,90,2026-06-20
INV0004881,ST0326,P000018,211,21,2026-06-20
INV0004882,ST0326,P000008,141,87,2026-06-29
INV0004883,ST0326,P000003,314,24,2026-06-14
INV0004884,ST0326,P000013,191,93,2026-06-20
INV0004885,ST0326,P000015,423,89,2026-06-27
INV0004886,ST0326,P000010,270,24,2026-06-29
INV0004887,ST0326,P000014,445,42,2026-06-25
INV0004888,ST0326,P000007,51,75,2026-06-10
INV0004889,ST0326,P000006,230,66,2026-06-29
INV0004890,ST0326,P000005,472,22,2026-06-24
INV0004891,ST0327,P000008,8,42,2026-06-22
INV0004892,ST0327,P000016,356,96,2026-06-15
INV0004893,ST0327,P000005,486,36,2026-06-22
INV0004894,ST0327,P000019,184,37,2026-07-05
INV0004895,ST0327,P000018,138,79,2026-07-02
INV0004896,ST0327,P000003,10,47,2026-06-18
INV0004897,ST0327,P000009,162,46,2026-06-15
INV0004898,ST0327,P000015,355,31,2026-06-30
INV0004899,ST0327,P000006,485,20,2026-07-07
INV0004900,ST0327,P000002,478,82,2026-06-30
INV0004901,ST0327,P000011,138,77,2026-06-21
INV0004902,ST0327,P000010,41,77,2026-06-09
INV0004903,ST0327,P000020,55,42,2026-06-12
INV0004904,ST0327,P000007,333,46,2026-06-14
INV0004905,ST0327,P000017,196,41,2026-06-23
INV0004906,ST0328,P000010,79,25,2026-06-11
INV0004907,ST0328,P000011,497,95,2026-07-06
INV0004908,ST0328,P000018,363,62,2026-06-08
INV0004909,ST0328,P000002,308,78,2026-06-10
INV0004910,ST0328,P000003,185,59,2026-07-04
INV0004911,ST0328,P000009,230,34,2026-07-06
INV0004912,ST0328,P000005,3,37,2026-07-03
INV0004913,ST0328,P000013,124,64,2026-06-10
INV0004914,ST0328,P000007,113,66,2026-06-08
INV0004915,ST0328,P000008,206,99,2026-06-22
INV0004916,ST0328,P000006,435,58,2026-06-29
INV0004917,ST0328,P000012,170,35,2026-06-12
INV0004918,ST0328,P000020,86,96,2026-07-01
INV0004919,ST0328,P000001,161,27,2026-06-11
INV0004920,ST0328,P000015,211,31,2026-06-16
INV0004921,ST0329,P000014,304,50,2026-06-11
INV0004922,ST0329,P000017,19,43,2026-06-11
INV0004923,ST0329,P000015,112,60,2026-06-18
INV0004924,ST0329,P000003,403,30,2026-06-22
INV0004925,ST0329,P000001,378,29,2026-07-04
INV0004926,ST0329,P000002,31,76,2026-06-30
INV0004927,ST0329,P000008,481,33,2026-07-03
INV0004928,ST0329,P000019,329,22,2026-06-13
INV0004929,ST0329,P000007,296,44,2026-07-07
INV0004930,ST0329,P000010,216,72,2026-06-09
INV0004931,ST0329,P000020,317,81,2026-06-17
INV0004932,ST0329,P000009,127,55,2026-07-05
INV0004933,ST0329,P000004,235,84,2026-06-30
INV0004934,ST0329,P000016,204,31,2026-06-15
INV0004935,ST0329,P000011,138,35,2026-06-30
INV0004936,ST0330,P000004,291,23,2026-06-12
INV0004937,ST0330,P000016,359,25,2026-06-12
INV0004938,ST0330,P000010,352,29,2026-06-18
INV0004939,ST0330,P000007,371,39,2026-07-02
INV0004940,ST0330,P000012,245,24,2026-06-27
INV0004941,ST0330,P000009,208,45,2026-06-13
INV0004942,ST0330,P000003,161,77,2026-07-02
INV0004943,ST0330,P000011,143,36,2026-06-16
INV0004944,ST0330,P000001,446,60,2026-06-21
INV0004945,ST0330,P000006,29,73,2026-07-07
INV0004946,ST0330,P000008,44,88,2026-06-16
INV0004947,ST0330,P000020,367,49,2026-06-10
INV0004948,ST0330,P000019,198,94,2026-06-28
INV0004949,ST0330,P000005,347,84,2026-06-19
INV0004950,ST0330,P000015,387,63,2026-06-12
INV0004951,ST0331,P000006,438,41,2026-06-29
INV0004952,ST0331,P000003,183,24,2026-07-01
INV0004953,ST0331,P000007,211,38,2026-06-10
INV0004954,ST0331,P000013,272,89,2026-06-23
INV0004955,ST0331,P000001,50,94,2026-06-10
INV0004956,ST0331,P000019,347,21,2026-06-18
INV0004957,ST0331,P000020,143,80,2026-06-26
INV0004958,ST0331,P000018,453,97,2026-06-10
INV0004959,ST0331,P000010,421,21,2026-07-03
INV0004960,ST0331,P000009,401,95,2026-07-03
INV0004961,ST0331,P000012,306,32,2026-06-29
INV0004962,ST0331,P000002,388,78,2026-06-22
INV0004963,ST0331,P000008,47,48,2026-06-19
INV0004964,ST0331,P000016,444,46,2026-06-12
INV0004965,ST0331,P000017,244,55,2026-07-07
INV0004966,ST0332,P000009,241,93,2026-06-18
INV0004967,ST0332,P000005,82,91,2026-06-30
INV0004968,ST0332,P000007,472,78,2026-06-28
INV0004969,ST0332,P000004,95,30,2026-06-30
INV0004970,ST0332,P000014,325,56,2026-07-05
INV0004971,ST0332,P000010,82,21,2026-06-17
INV0004972,ST0332,P000015,134,24,2026-07-01
INV0004973,ST0332,P000011,258,59,2026-07-06
INV0004974,ST0332,P000018,493,22,2026-06-12
INV0004975,ST0332,P000003,455,70,2026-07-02
INV0004976,ST0332,P000020,463,99,2026-06-30
INV0004977,ST0332,P000013,456,42,2026-07-07
INV0004978,ST0332,P000019,361,92,2026-06-19
INV0004979,ST0332,P000012,380,38,2026-06-10
INV0004980,ST0332,P000006,57,28,2026-06-17
INV0004981,ST0333,P000006,60,80,2026-07-04
INV0004982,ST0333,P000013,38,42,2026-06-20
INV0004983,ST0333,P000020,466,36,2026-06-19
INV0004984,ST0333,P000011,197,63,2026-06-18
INV0004985,ST0333,P000005,475,21,2026-06-22
INV0004986,ST0333,P000014,298,72,2026-06-09
INV0004987,ST0333,P000010,102,37,2026-06-22
INV0004988,ST0333,P000018,212,60,2026-06-30
INV0004989,ST0333,P000019,250,36,2026-06-17
INV0004990,ST0333,P000009,462,74,2026-07-02
INV0004991,ST0333,P000017,272,79,2026-06-23
INV0004992,ST0333,P000002,125,87,2026-06-17
INV0004993,ST0333,P000008,239,41,2026-06-08
INV0004994,ST0333,P000001,194,26,2026-06-12
INV0004995,ST0333,P000003,163,76,2026-06-17
INV0004996,ST0334,P000010,331,40,2026-07-07
INV0004997,ST0334,P000007,399,73,2026-06-20
INV0004998,ST0334,P000009,472,71,2026-06-10
INV0004999,ST0334,P000004,483,63,2026-07-07
INV0005000,ST0334,P000015,112,56,2026-06-22
INV0005001,ST0334,P000012,4,79,2026-06-13
INV0005002,ST0334,P000016,282,35,2026-06-22
INV0005003,ST0334,P000008,456,32,2026-06-29
INV0005004,ST0334,P000018,285,41,2026-07-03
INV0005005,ST0334,P000002,161,69,2026-06-18
INV0005006,ST0334,P000011,283,94,2026-06-27
INV0005007,ST0334,P000005,316,90,2026-07-02
INV0005008,ST0334,P000003,18,95,2026-06-28
INV0005009,ST0334,P000014,232,92,2026-06-20
INV0005010,ST0334,P000019,212,59,2026-06-15
INV0005011,ST0335,P000008,189,66,2026-06-12
INV0005012,ST0335,P000007,227,28,2026-07-01
INV0005013,ST0335,P000014,34,54,2026-07-03
INV0005014,ST0335,P000006,426,25,2026-06-14
INV0005015,ST0335,P000017,311,84,2026-06-12
INV0005016,ST0335,P000001,326,45,2026-06-20
INV0005017,ST0335,P000012,421,42,2026-06-19
INV0005018,ST0335,P000010,335,66,2026-06-22
INV0005019,ST0335,P000002,403,75,2026-07-05
INV0005020,ST0335,P000003,159,60,2026-06-11
INV0005021,ST0335,P000020,133,53,2026-06-11
INV0005022,ST0335,P000019,304,32,2026-06-19
INV0005023,ST0335,P000004,37,88,2026-06-14
INV0005024,ST0335,P000013,216,87,2026-06-15
INV0005025,ST0335,P000016,381,87,2026-06-16
INV0005026,ST0336,P000016,68,87,2026-07-02
INV0005027,ST0336,P000010,147,96,2026-06-23
INV0005028,ST0336,P000013,276,68,2026-07-01
INV0005029,ST0336,P000003,155,70,2026-06-17
INV0005030,ST0336,P000005,183,73,2026-07-07
INV0005031,ST0336,P000002,383,28,2026-06-15
INV0005032,ST0336,P000009,21,43,2026-06-11
INV0005033,ST0336,P000001,6,95,2026-07-03
INV0005034,ST0336,P000017,123,87,2026-06-30
INV0005035,ST0336,P000019,397,94,2026-06-11
INV0005036,ST0336,P000014,306,25,2026-06-12
INV0005037,ST0336,P000011,470,67,2026-06-26
INV0005038,ST0336,P000004,363,83,2026-06-10
INV0005039,ST0336,P000008,119,55,2026-06-08
INV0005040,ST0336,P000015,358,74,2026-06-10
INV0005041,ST0337,P000010,6,80,2026-06-29
INV0005042,ST0337,P000008,148,32,2026-07-02
INV0005043,ST0337,P000020,80,62,2026-06-24
INV0005044,ST0337,P000007,350,52,2026-06-23
INV0005045,ST0337,P000004,373,86,2026-06-16
INV0005046,ST0337,P000001,22,50,2026-06-18
INV0005047,ST0337,P000018,119,86,2026-06-23
INV0005048,ST0337,P000003,385,29,2026-06-14
INV0005049,ST0337,P000002,17,25,2026-06-08
INV0005050,ST0337,P000006,30,76,2026-06-10
INV0005051,ST0337,P000009,236,79,2026-07-05
INV0005052,ST0337,P000017,47,26,2026-06-14
INV0005053,ST0337,P000019,307,27,2026-06-11
INV0005054,ST0337,P000015,297,63,2026-06-28
INV0005055,ST0337,P000011,487,91,2026-06-13
INV0005056,ST0338,P000020,330,65,2026-06-11
INV0005057,ST0338,P000016,117,81,2026-07-07
INV0005058,ST0338,P000018,77,73,2026-06-25
INV0005059,ST0338,P000017,494,22,2026-06-25
INV0005060,ST0338,P000019,460,99,2026-06-22
INV0005061,ST0338,P000015,2,70,2026-06-21
INV0005062,ST0338,P000007,369,45,2026-06-25
INV0005063,ST0338,P000001,371,97,2026-06-16
INV0005064,ST0338,P000010,45,67,2026-07-01
INV0005065,ST0338,P000004,233,22,2026-06-27
INV0005066,ST0338,P000005,308,78,2026-06-27
INV0005067,ST0338,P000012,293,86,2026-06-13
INV0005068,ST0338,P000013,72,65,2026-06-17
INV0005069,ST0338,P000011,29,91,2026-06-21
INV0005070,ST0338,P000009,301,77,2026-06-14
INV0005071,ST0339,P000005,266,99,2026-06-21
INV0005072,ST0339,P000011,115,83,2026-06-12
INV0005073,ST0339,P000007,249,50,2026-06-12
INV0005074,ST0339,P000012,29,32,2026-06-22
INV0005075,ST0339,P000019,482,95,2026-06-16
INV0005076,ST0339,P000003,12,34,2026-06-30
INV0005077,ST0339,P000016,235,60,2026-06-29
INV0005078,ST0339,P000013,214,53,2026-06-13
INV0005079,ST0339,P000009,402,20,2026-06-30
INV0005080,ST0339,P000002,448,49,2026-07-02
INV0005081,ST0339,P000001,3,57,2026-06-13
INV0005082,ST0339,P000020,293,20,2026-07-06
INV0005083,ST0339,P000004,492,38,2026-06-23
INV0005084,ST0339,P000015,71,48,2026-06-27
INV0005085,ST0339,P000017,212,95,2026-06-20
INV0005086,ST0340,P000007,309,34,2026-06-10
INV0005087,ST0340,P000014,441,26,2026-06-13
INV0005088,ST0340,P000019,75,53,2026-06-09
INV0005089,ST0340,P000010,433,37,2026-06-29
INV0005090,ST0340,P000017,48,50,2026-07-02
INV0005091,ST0340,P000002,383,58,2026-06-27
INV0005092,ST0340,P000012,496,84,2026-06-17
INV0005093,ST0340,P000003,247,46,2026-06-25
INV0005094,ST0340,P000005,298,72,2026-06-30
INV0005095,ST0340,P000016,11,48,2026-06-30
INV0005096,ST0340,P000004,248,55,2026-06-17
INV0005097,ST0340,P000013,41,33,2026-06-17
INV0005098,ST0340,P000006,438,89,2026-06-28
INV0005099,ST0340,P000020,304,63,2026-07-06
INV0005100,ST0340,P000009,204,36,2026-06-27
INV0005101,ST0341,P000009,399,47,2026-06-18
INV0005102,ST0341,P000004,64,67,2026-06-28
INV0005103,ST0341,P000018,430,88,2026-07-07
INV0005104,ST0341,P000005,460,93,2026-06-10
INV0005105,ST0341,P000016,302,35,2026-06-08
INV0005106,ST0341,P000014,44,55,2026-06-17
INV0005107,ST0341,P000007,95,93,2026-06-12
INV0005108,ST0341,P000019,483,39,2026-06-08
INV0005109,ST0341,P000010,102,44,2026-06-12
INV0005110,ST0341,P000015,273,23,2026-06-12
INV0005111,ST0341,P000001,112,41,2026-06-17
INV0005112,ST0341,P000002,440,24,2026-06-15
INV0005113,ST0341,P000017,58,47,2026-06-21
INV0005114,ST0341,P000008,372,26,2026-07-04
INV0005115,ST0341,P000006,217,81,2026-06-08
INV0005116,ST0342,P000004,103,54,2026-06-12
INV0005117,ST0342,P000006,197,43,2026-06-26
INV0005118,ST0342,P000019,224,81,2026-07-03
INV0005119,ST0342,P000007,183,58,2026-06-19
INV0005120,ST0342,P000017,119,75,2026-06-18
INV0005121,ST0342,P000001,115,33,2026-06-23
INV0005122,ST0342,P000012,174,76,2026-06-13
INV0005123,ST0342,P000002,81,75,2026-06-28
INV0005124,ST0342,P000009,463,76,2026-06-10
INV0005125,ST0342,P000011,14,92,2026-07-01
INV0005126,ST0342,P000014,451,87,2026-07-04
INV0005127,ST0342,P000020,9,64,2026-06-14
INV0005128,ST0342,P000015,330,31,2026-06-08
INV0005129,ST0342,P000005,180,48,2026-06-15
INV0005130,ST0342,P000010,418,24,2026-06-28
INV0005131,ST0343,P000013,231,33,2026-07-01
INV0005132,ST0343,P000017,244,33,2026-06-29
INV0005133,ST0343,P000004,492,40,2026-06-26
INV0005134,ST0343,P000014,65,74,2026-07-04
INV0005135,ST0343,P000018,139,68,2026-06-12
INV0005136,ST0343,P000006,223,86,2026-06-23
INV0005137,ST0343,P000002,123,72,2026-06-18
INV0005138,ST0343,P000016,89,43,2026-06-25
INV0005139,ST0343,P000015,272,31,2026-06-13
INV0005140,ST0343,P000012,442,40,2026-06-19
INV0005141,ST0343,P000008,389,93,2026-07-05
INV0005142,ST0343,P000007,65,79,2026-06-10
INV0005143,ST0343,P000005,21,45,2026-06-12
INV0005144,ST0343,P000001,148,60,2026-06-26
INV0005145,ST0343,P000003,116,97,2026-07-01
INV0005146,ST0344,P000011,127,49,2026-06-12
INV0005147,ST0344,P000015,491,86,2026-07-07
INV0005148,ST0344,P000014,484,74,2026-06-11
INV0005149,ST0344,P000009,461,77,2026-06-20
INV0005150,ST0344,P000006,383,33,2026-06-14
INV0005151,ST0344,P000010,11,72,2026-06-30
INV0005152,ST0344,P000003,461,62,2026-06-13
INV0005153,ST0344,P000012,272,74,2026-06-08
INV0005154,ST0344,P000004,79,38,2026-06-29
INV0005155,ST0344,P000016,469,82,2026-06-10
INV0005156,ST0344,P000019,324,59,2026-06-20
INV0005157,ST0344,P000020,376,59,2026-06-13
INV0005158,ST0344,P000008,237,33,2026-06-29
INV0005159,ST0344,P000017,60,93,2026-07-06
INV0005160,ST0344,P000013,425,100,2026-06-19
INV0005161,ST0345,P000017,464,37,2026-06-11
INV0005162,ST0345,P000009,365,48,2026-06-26
INV0005163,ST0345,P000005,460,76,2026-06-11
INV0005164,ST0345,P000019,187,90,2026-06-09
INV0005165,ST0345,P000020,222,67,2026-06-18
INV0005166,ST0345,P000002,281,51,2026-06-24
INV0005167,ST0345,P000004,450,47,2026-06-12
INV0005168,ST0345,P000018,238,27,2026-07-03
INV0005169,ST0345,P000015,152,65,2026-07-05
INV0005170,ST0345,P000013,454,45,2026-06-16
INV0005171,ST0345,P000010,204,83,2026-06-09
INV0005172,ST0345,P000016,94,26,2026-07-01
INV0005173,ST0345,P000008,239,45,2026-06-25
INV0005174,ST0345,P000006,450,78,2026-06-09
INV0005175,ST0345,P000014,419,82,2026-06-22
INV0005176,ST0346,P000017,22,84,2026-06-21
INV0005177,ST0346,P000020,112,41,2026-06-29
INV0005178,ST0346,P000002,484,59,2026-06-23
INV0005179,ST0346,P000003,494,94,2026-06-08
INV0005180,ST0346,P000015,240,35,2026-06-25
INV0005181,ST0346,P000005,10,32,2026-07-01
INV0005182,ST0346,P000009,161,55,2026-06-13
INV0005183,ST0346,P000007,0,56,2026-06-29
INV0005184,ST0346,P000018,303,27,2026-06-20
INV0005185,ST0346,P000014,355,91,2026-06-26
INV0005186,ST0346,P000006,114,83,2026-06-26
INV0005187,ST0346,P000016,36,50,2026-06-30
INV0005188,ST0346,P000001,73,38,2026-06-27
INV0005189,ST0346,P000013,268,44,2026-06-27
INV0005190,ST0346,P000019,470,28,2026-06-26
INV0005191,ST0347,P000018,43,56,2026-06-21
INV0005192,ST0347,P000007,408,84,2026-06-10
INV0005193,ST0347,P000016,225,91,2026-06-10
INV0005194,ST0347,P000006,14,79,2026-06-16
INV0005195,ST0347,P000020,364,78,2026-06-22
INV0005196,ST0347,P000010,488,30,2026-06-10
INV0005197,ST0347,P000014,122,84,2026-07-06
INV0005198,ST0347,P000013,430,54,2026-07-05
INV0005199,ST0347,P000008,185,98,2026-06-25
INV0005200,ST0347,P000002,4,61,2026-06-30
INV0005201,ST0347,P000004,254,36,2026-06-14
INV0005202,ST0347,P000019,201,31,2026-06-11
INV0005203,ST0347,P000009,487,90,2026-07-05
INV0005204,ST0347,P000017,300,81,2026-06-11
INV0005205,ST0347,P000003,73,50,2026-07-03
INV0005206,ST0348,P000020,223,44,2026-06-19
INV0005207,ST0348,P000018,81,55,2026-06-16
INV0005208,ST0348,P000006,72,58,2026-07-02
INV0005209,ST0348,P000011,96,61,2026-06-09
INV0005210,ST0348,P000003,199,28,2026-06-16
INV0005211,ST0348,P000017,131,60,2026-06-12
INV0005212,ST0348,P000016,294,81,2026-07-03
INV0005213,ST0348,P000008,174,61,2026-07-04
INV0005214,ST0348,P000002,374,71,2026-07-06
INV0005215,ST0348,P000019,87,28,2026-07-01
INV0005216,ST0348,P000001,216,31,2026-06-14
INV0005217,ST0348,P000004,34,41,2026-06-23
INV0005218,ST0348,P000014,291,29,2026-07-05
INV0005219,ST0348,P000005,315,78,2026-06-11
INV0005220,ST0348,P000015,370,42,2026-06-09
INV0005221,ST0349,P000004,140,28,2026-07-06
INV0005222,ST0349,P000003,160,60,2026-06-27
INV0005223,ST0349,P000012,447,41,2026-06-10
INV0005224,ST0349,P000008,367,75,2026-06-16
INV0005225,ST0349,P000018,112,27,2026-06-09
INV0005226,ST0349,P000011,451,46,2026-06-19
INV0005227,ST0349,P000001,23,72,2026-06-09
INV0005228,ST0349,P000005,196,99,2026-07-03
INV0005229,ST0349,P000014,119,58,2026-06-20
INV0005230,ST0349,P000016,311,75,2026-06-16
INV0005231,ST0349,P000009,79,67,2026-06-10
INV0005232,ST0349,P000017,410,86,2026-06-15
INV0005233,ST0349,P000007,373,61,2026-06-13
INV0005234,ST0349,P000006,85,50,2026-06-17
INV0005235,ST0349,P000002,180,41,2026-06-13
INV0005236,ST0350,P000005,421,50,2026-06-15
INV0005237,ST0350,P000019,357,79,2026-06-09
INV0005238,ST0350,P000002,152,67,2026-06-11
INV0005239,ST0350,P000013,13,28,2026-07-07
INV0005240,ST0350,P000011,48,32,2026-06-16
INV0005241,ST0350,P000016,360,87,2026-06-19
INV0005242,ST0350,P000008,370,76,2026-06-26
INV0005243,ST0350,P000001,435,46,2026-06-12
INV0005244,ST0350,P000009,3,77,2026-06-26
INV0005245,ST0350,P000018,358,93,2026-06-20
INV0005246,ST0350,P000020,403,37,2026-06-12
INV0005247,ST0350,P000006,173,48,2026-06-29
INV0005248,ST0350,P000017,309,28,2026-07-02
INV0005249,ST0350,P000015,50,26,2026-06-14
INV0005250,ST0350,P000004,141,63,2026-07-01
INV0005251,ST0351,P000012,410,87,2026-06-14
INV0005252,ST0351,P000016,304,59,2026-06-15
INV0005253,ST0351,P000005,199,31,2026-06-23
INV0005254,ST0351,P000003,287,98,2026-06-21
INV0005255,ST0351,P000017,442,69,2026-06-24
INV0005256,ST0351,P000019,256,29,2026-06-13
INV0005257,ST0351,P000010,280,37,2026-06-22
INV0005258,ST0351,P000013,119,69,2026-06-13
INV0005259,ST0351,P000001,110,24,2026-07-05
INV0005260,ST0351,P000020,474,48,2026-06-27
INV0005261,ST0351,P000009,166,26,2026-06-19
INV0005262,ST0351,P000018,256,64,2026-06-19
INV0005263,ST0351,P000004,30,57,2026-06-29
INV0005264,ST0351,P000011,493,31,2026-06-29
INV0005265,ST0351,P000007,119,47,2026-06-27
INV0005266,ST0352,P000007,356,85,2026-06-23
INV0005267,ST0352,P000017,391,35,2026-06-15
INV0005268,ST0352,P000016,481,30,2026-06-17
INV0005269,ST0352,P000002,245,27,2026-06-10
INV0005270,ST0352,P000013,35,31,2026-07-05
INV0005271,ST0352,P000014,322,29,2026-07-05
INV0005272,ST0352,P000019,120,71,2026-06-30
INV0005273,ST0352,P000015,354,89,2026-07-01
INV0005274,ST0352,P000018,346,72,2026-06-25
INV0005275,ST0352,P000009,286,88,2026-06-19
INV0005276,ST0352,P000010,270,64,2026-06-12
INV0005277,ST0352,P000006,381,99,2026-06-30
INV0005278,ST0352,P000020,359,94,2026-06-19
INV0005279,ST0352,P000011,256,45,2026-06-20
INV0005280,ST0352,P000001,31,69,2026-06-09
