loyalty_id,customer_id,loyalty_tier,points_balance,enrollment_date,account_status
L000001,C006253,Gold,5485,2023-05-19,Active
L000002,C004685,Bronze,7528,2024-10-14,Active
L000003,C001732,Bronze,8182,2025-07-07,Inactive
L000004,C004743,Gold,9480,2025-11-09,Active
L000005,C004522,Bronze,8840,2025-09-26,Active
L000006,C006341,Platinum,8109,2026-03-22,Active
L000007,C000577,Silver,8153,2026-02-23,Inactive
L000008,C005203,Gold,2086,2026-04-17,Inactive
L000009,C006364,Gold,1037,2026-06-21,Inactive
L000010,C000440,Gold,5652,2026-06-16,Active
L000011,C002751,Platinum,312,2026-07-06,Active
L000012,C007488,Silver,3428,2024-08-27,Active
L000013,C005273,Gold,9579,2026-05-07,Active
L000014,C005654,Silver,4225,2023-01-13,Active
L000015,C004000,Bronze,9104,2026-01-28,Active
L000016,C006034,Platinum,9634,2026-06-27,Active
L000017,C000583,Platinum,4520,2026-02-15,Active
L000018,C009931,Gold,8007,2025-11-29,Active
L000019,C007052,Platinum,2768,2026-03-30,Active
L000020,C008159,Bronze,757,2025-05-13,Active
L000021,C009897,Silver,2994,2024-08-13,Active
L000022,C002250,Gold,7087,2024-05-18,Inactive
L000023,C004641,Platinum,9630,2022-12-14,Inactive
L000024,C009486,Gold,3715,2024-04-04,Active
L000025,C004948,Bronze,7127,2023-12-12,Active
L000026,C009921,Bronze,704,2024-10-03,Active
L000027,C001964,Bronze,4909,2025-06-17,Active
L000028,C008244,Gold,832,2025-12-15,Active
L000029,C006591,Bronze,2754,2025-03-08,Active
L000030,C008848,Gold,6281,2026-06-10,Active
L000031,C000322,Gold,2431,2024-06-27,Active
L000032,C002679,Platinum,2091,2024-09-15,Active
L000033,C004626,Bronze,2828,2025-07-20,Inactive
L000034,C004950,Bronze,2054,2026-04-14,Active
L000035,C008329,Bronze,4134,2026-01-19,Active
L000036,C003338,Gold,4639,2025-01-19,Active
L000037,C005590,Silver,6765,2026-06-10,Active
L000038,C000252,Bronze,2591,2024-12-22,Active
L000039,C003974,Gold,8504,2026-05-19,Active
L000040,C006631,Gold,6174,2026-04-10,Inactive
L000041,C005548,Gold,3316,2024-11-04,Inactive
L000042,C000036,Platinum,341,2023-06-01,Inactive
L000043,C008363,Gold,1442,2026-02-26,Active
L000044,C001514,Platinum,4993,2026-03-30,Active
L000045,C009318,Gold,6289,2025-07-09,Active
L000046,C000040,Gold,8233,2026-06-30,Active
L000047,C004820,Gold,2676,2022-07-23,Active
L000048,C003466,Platinum,7716,2026-02-14,Inactive
L000049,C001761,Gold,2162,2025-06-06,Inactive
L000050,C002305,Silver,6068,2025-10-06,Active
L000051,C003724,Bronze,5563,2024-10-26,Active
L000052,C008285,Gold,5653,2025-01-19,Active
L000053,C004994,Silver,3032,2026-06-03,Active
L000054,C008128,Platinum,3422,2023-08-21,Active
L000055,C003033,Gold,8799,2026-06-24,Active
L000056,C007939,Gold,5682,2026-01-17,Active
L000057,C003040,Bronze,5837,2023-01-23,Inactive
L000058,C009656,Bronze,828,2025-10-15,Inactive
L000059,C002546,Bronze,2048,2023-04-04,Active
L000060,C002593,Gold,9604,2026-06-19,Active
L000061,C001189,Silver,1027,2026-06-21,Inactive
L000062,C007967,Bronze,281,2024-03-22,Active
L000063,C006078,Silver,4915,2023-09-25,Active
L000064,C000108,Platinum,2348,2026-04-13,Active
L000065,C001316,Platinum,1907,2024-09-10,Active
L000066,C008188,Silver,5004,2026-04-25,Active
L000067,C002754,Silver,6373,2026-02-22,Inactive
L000068,C009754,Silver,9003,2025-09-24,Active
L000069,C006232,Gold,61,2024-09-09,Active
L000070,C002877,Bronze,890,2025-07-26,Inactive
L000071,C005324,Gold,5371,2025-08-25,Active
L000072,C000800,Silver,5882,2025-01-19,Active
L000073,C003571,Bronze,8092,2026-07-06,Active
L000074,C002895,Gold,9656,2023-11-22,Active
L000075,C002928,Bronze,5035,2025-01-16,Active
L000076,C008179,Gold,5053,2026-06-30,Active
L000077,C000972,Bronze,1082,2026-06-02,Active
L000078,C006688,Platinum,3899,2025-10-18,Active
L000079,C008576,Gold,4500,2024-03-04,Active
L000080,C002021,Platinum,141,2026-06-15,Inactive
L000081,C009055,Silver,9031,2023-06-13,Active
L000082,C000953,Gold,9630,2026-01-10,Inactive
L000083,C005360,Silver,6287,2026-07-05,Inactive
L000084,C003858,Platinum,7097,2026-03-07,Active
L000085,C005862,Gold,344,2026-01-01,Active
L000086,C003146,Gold,3048,2024-10-01,Inactive
L000087,C003306,Gold,3098,2025-09-21,Active
L000088,C003007,Silver,6582,2022-03-14,Active
L000089,C009002,Platinum,7941,2025-12-13,Active
L000090,C007771,Silver,5200,2024-05-16,Active
L000091,C007439,Gold,7735,2026-07-06,Active
L000092,C007943,Silver,4739,2026-04-13,Active
L000093,C009239,Platinum,3048,2024-08-21,Inactive
L000094,C001057,Gold,7504,2026-03-25,Active
L000095,C003155,Silver,6829,2024-12-20,Active
L000096,C003788,Platinum,5074,2024-12-18,Active
L000097,C009190,Gold,5538,2024-05-10,Inactive
L000098,C007826,Gold,8854,2026-06-30,Inactive
L000099,C007540,Platinum,2945,2026-06-21,Active
L000100,C007232,Platinum,671,2025-05-26,Active
L000101,C000765,Platinum,672,2025-12-10,Inactive
L000102,C005020,Gold,9040,2026-04-25,Active
L000103,C004904,Gold,5652,2024-12-05,Active
L000104,C008094,Bronze,2884,2023-09-29,Active
L000105,C006844,Platinum,4959,2025-05-28,Inactive
L000106,C002166,Platinum,2269,2025-11-07,Active
L000107,C001863,Platinum,9936,2023-05-14,Inactive
L000108,C007851,Bronze,6051,2026-07-03,Active
L000109,C009124,Gold,7016,2026-06-08,Active
L000110,C002341,Silver,8477,2026-05-04,Active
L000111,C005528,Bronze,5353,2023-09-23,Active
L000112,C006744,Platinum,4714,2026-02-02,Active
L000113,C004004,Silver,2930,2026-02-08,Active
L000114,C001124,Bronze,3759,2026-06-03,Active
L000115,C008710,Silver,1032,2025-10-30,Inactive
L000116,C004050,Gold,4006,2026-04-20,Inactive
L000117,C007641,Silver,3829,2024-12-24,Active
L000118,C000766,Bronze,1174,2026-06-28,Inactive
L000119,C002345,Platinum,2626,2024-10-31,Inactive
L000120,C004072,Platinum,7214,2024-10-14,Inactive
L000121,C007217,Silver,324,2026-06-30,Active
L000122,C004217,Bronze,2172,2026-01-14,Active
L000123,C007953,Silver,3786,2026-03-07,Active
L000124,C005971,Platinum,2822,2026-01-23,Active
L000125,C003351,Platinum,9441,2025-05-26,Inactive
L000126,C004696,Silver,4074,2026-02-02,Active
L000127,C003400,Platinum,453,2024-01-25,Active
L000128,C004082,Bronze,4328,2024-03-05,Active
L000129,C009150,Bronze,4441,2024-09-04,Active
L000130,C001225,Platinum,622,2022-03-22,Active
L000131,C006293,Gold,8319,2026-01-27,Active
L000132,C003123,Silver,131,2026-03-26,Inactive
L000133,C000511,Platinum,1382,2025-05-01,Inactive
L000134,C005795,Bronze,2053,2025-09-25,Active
L000135,C008182,Silver,795,2026-06-10,Active
L000136,C009418,Bronze,1123,2025-10-01,Active
L000137,C000097,Platinum,9614,2024-07-26,Active
L000138,C006682,Bronze,2543,2024-09-02,Inactive
L000139,C001513,Gold,3453,2026-02-20,Active
L000140,C008792,Silver,8835,2026-01-20,Active
L000141,C000120,Gold,2913,2025-10-06,Inactive
L000142,C007792,Gold,4074,2026-05-28,Active
L000143,C006518,Bronze,3208,2025-12-14,Active
L000144,C000034,Bronze,1783,2025-06-11,Active
L000145,C007888,Gold,7873,2025-06-19,Inactive
L000146,C006831,Platinum,1299,2022-10-28,Active
L000147,C005422,Gold,2129,2025-09-01,Active
L000148,C001069,Platinum,8263,2026-01-01,Inactive
L000149,C001348,Bronze,5155,2026-06-08,Active
L000150,C004748,Silver,7530,2025-05-26,Active
L000151,C006006,Silver,5315,2023-06-06,Active
L000152,C006040,Gold,9095,2026-06-27,Active
L000153,C003818,Bronze,9467,2024-10-01,Active
L000154,C008447,Platinum,6704,2025-09-14,Active
L000155,C005270,Bronze,6416,2026-03-26,Active
L000156,C006898,Platinum,6862,2025-03-25,Active
L000157,C005310,Bronze,6737,2025-12-27,Active
L000158,C000032,Gold,3175,2025-07-06,Active
L000159,C005675,Gold,7961,2023-05-15,Inactive
L000160,C004387,Silver,4885,2023-03-18,Active
L000161,C000030,Gold,4479,2026-04-23,Active
L000162,C004203,Bronze,4887,2026-03-21,Active
L000163,C007508,Bronze,9956,2025-04-16,Active
L000164,C000736,Gold,2984,2025-03-27,Active
L000165,C002068,Bronze,613,2026-06-26,Active
L000166,C000107,Bronze,9139,2026-03-16,Inactive
L000167,C009645,Bronze,4190,2026-04-17,Active
L000168,C008895,Bronze,3030,2023-08-02,Active
L000169,C008021,Bronze,3268,2024-10-30,Active
L000170,C002233,Gold,6765,2022-02-26,Active
L000171,C000994,Platinum,2631,2025-09-12,Inactive
L000172,C009413,Silver,3508,2026-05-28,Active
L000173,C007059,Platinum,9938,2022-10-07,Active
L000174,C006790,Silver,4702,2024-07-19,Inactive
L000175,C000361,Gold,3465,2025-03-09,Active
L000176,C000305,Gold,5919,2026-04-17,Active
L000177,C002628,Silver,5889,2026-04-25,Inactive
L000178,C008966,Gold,3406,2025-06-09,Inactive
L000179,C004514,Silver,4356,2025-08-07,Active
L000180,C005911,Silver,3369,2025-01-14,Active
L000181,C008314,Silver,5236,2024-05-30,Inactive
L000182,C003101,Gold,8135,2024-05-17,Active
L000183,C005704,Bronze,918,2024-05-02,Active
L000184,C003899,Platinum,1953,2025-07-03,Active
L000185,C005441,Platinum,6118,2025-02-20,Inactive
L000186,C007931,Gold,7996,2024-10-22,Active
L000187,C000622,Silver,3760,2026-01-18,Active
L000188,C007236,Bronze,4571,2026-06-11,Active
L000189,C002499,Silver,6869,2025-09-13,Active
L000190,C000714,Gold,7050,2026-07-04,Active
L000191,C008404,Bronze,639,2026-07-06,Inactive
L000192,C002856,Platinum,3966,2023-05-31,Active
L000193,C004270,Silver,4063,2024-10-15,Active
L000194,C002909,Silver,3237,2024-07-05,Inactive
L000195,C008081,Platinum,3569,2024-10-08,Active
L000196,C004517,Platinum,8158,2023-04-17,Active
L000197,C001262,Gold,1537,2026-06-14,Active
L000198,C003161,Platinum,3053,2026-03-05,Active
L000199,C000971,Bronze,368,2024-05-04,Active
L000200,C003913,Silver,3724,2023-03-09,Active
L000201,C005199,Gold,2344,2026-01-15,Active
L000202,C008847,Silver,1496,2024-09-13,Active
L000203,C000260,Silver,8482,2024-06-01,Active
L000204,C003791,Bronze,2053,2024-07-04,Active
L000205,C009203,Bronze,2939,2024-11-02,Inactive
L000206,C000488,Bronze,8941,2023-08-26,Active
L000207,C007908,Platinum,1736,2025-10-27,Active
L000208,C000519,Silver,6983,2023-02-21,Active
L000209,C008343,Gold,1902,2026-01-31,Active
L000210,C000312,Bronze,5262,2024-06-11,Active
L000211,C003232,Silver,7126,2026-02-08,Active
L000212,C007933,Silver,9994,2024-04-13,Active
L000213,C007458,Silver,2734,2026-06-09,Active
L000214,C009784,Silver,2633,2026-04-03,Inactive
L000215,C005184,Gold,6838,2026-04-23,Inactive
L000216,C008077,Silver,6634,2026-02-20,Active
L000217,C006502,Bronze,8728,2022-11-14,Active
L000218,C006791,Platinum,5176,2024-06-22,Inactive
L000219,C007773,Silver,9554,2025-03-25,Inactive
L000220,C002738,Platinum,1024,2026-02-10,Active
L000221,C007842,Silver,1996,2023-12-06,Active
L000222,C006262,Platinum,3010,2023-06-23,Inactive
L000223,C008206,Silver,5035,2025-04-28,Inactive
L000224,C001248,Gold,9792,2024-11-17,Active
L000225,C009336,Bronze,9275,2026-03-30,Active
L000226,C004195,Bronze,8163,2025-04-21,Active
L000227,C008001,Gold,3665,2024-12-19,Active
L000228,C007378,Bronze,3265,2026-05-25,Active
L000229,C003435,Platinum,9933,2025-08-21,Active
L000230,C005382,Platinum,7720,2026-03-28,Active
L000231,C000959,Gold,2289,2024-08-04,Active
L000232,C000417,Silver,49,2022-11-13,Inactive
L000233,C005742,Silver,8519,2025-03-20,Active
L000234,C006728,Bronze,8544,2026-02-13,Active
L000235,C004382,Gold,8501,2025-04-21,Active
L000236,C005197,Silver,1466,2025-09-06,Active
L000237,C001113,Bronze,1196,2022-04-18,Active
L000238,C002689,Platinum,6380,2025-12-11,Active
L000239,C006473,Platinum,6858,2024-11-03,Active
L000240,C008820,Bronze,7357,2025-11-24,Active
L000241,C007808,Bronze,4240,2026-06-24,Inactive
L000242,C003411,Platinum,462,2025-02-12,Inactive
L000243,C000081,Platinum,6851,2026-04-24,Active
L000244,C004614,Bronze,488,2025-12-20,Active
L000245,C001374,Platinum,1190,2026-01-08,Active
L000246,C001510,Bronze,2502,2025-04-21,Active
L000247,C006443,Gold,5482,2026-03-16,Active
L000248,C003071,Gold,3229,2025-08-09,Active
L000249,C003016,Platinum,445,2025-07-08,Active
L000250,C004823,Silver,4738,2025-08-30,Active
L000251,C007822,Bronze,5909,2025-05-23,Active
L000252,C000093,Silver,2072,2025-06-09,Active
L000253,C009421,Platinum,3475,2026-02-02,Active
L000254,C006600,Silver,3641,2024-06-29,Inactive
L000255,C004443,Bronze,5333,2023-07-16,Inactive
L000256,C007602,Bronze,1359,2025-12-13,Active
L000257,C003835,Gold,2358,2023-09-19,Active
L000258,C009702,Gold,7496,2025-06-27,Inactive
L000259,C004322,Gold,5608,2025-07-11,Inactive
L000260,C003394,Platinum,9080,2025-06-24,Active
L000261,C004752,Platinum,6581,2025-07-15,Active
L000262,C007229,Bronze,5307,2025-07-22,Active
L000263,C009191,Bronze,2631,2025-07-11,Active
L000264,C002361,Gold,4429,2022-07-20,Active
L000265,C001148,Silver,6007,2026-06-27,Active
L000266,C005666,Gold,1720,2025-04-06,Active
L000267,C008075,Bronze,2683,2025-12-13,Active
L000268,C004943,Platinum,5956,2026-03-28,Active
L000269,C003663,Bronze,4777,2026-02-13,Active
L000270,C001563,Platinum,4118,2026-06-26,Active
L000271,C004113,Platinum,7938,2026-02-02,Inactive
L000272,C009050,Bronze,4691,2025-08-09,Active
L000273,C009276,Silver,3298,2025-01-31,Inactive
L000274,C008538,Platinum,7253,2024-12-19,Inactive
L000275,C000795,Platinum,6016,2025-10-11,Inactive
L000276,C005854,Platinum,3806,2025-10-11,Active
L000277,C007619,Platinum,1221,2026-04-03,Active
L000278,C001594,Bronze,2839,2025-09-13,Active
L000279,C007418,Bronze,9131,2025-12-09,Active
L000280,C005267,Silver,4997,2025-08-22,Active
L000281,C007147,Silver,5846,2026-05-10,Active
L000282,C000089,Silver,2867,2025-04-17,Inactive
L000283,C008695,Silver,9231,2024-11-26,Inactive
L000284,C009732,Gold,6636,2026-05-11,Active
L000285,C009446,Silver,4071,2025-12-26,Active
L000286,C006754,Bronze,6213,2024-05-17,Inactive
L000287,C003502,Gold,9344,2023-05-27,Active
L000288,C002234,Gold,3998,2025-04-22,Active
L000289,C002803,Gold,3530,2024-02-14,Active
L000290,C004424,Platinum,4249,2024-04-13,Active
L000291,C005663,Silver,5215,2026-06-01,Active
L000292,C007170,Bronze,3169,2025-07-14,Active
L000293,C008337,Bronze,4868,2024-12-28,Active
L000294,C002148,Gold,5232,2024-01-04,Active
L000295,C007969,Platinum,856,2025-08-15,Active
L000296,C006551,Gold,7183,2026-04-15,Inactive
L000297,C007643,Platinum,6804,2024-08-15,Inactive
L000298,C006164,Gold,2113,2026-05-10,Active
L000299,C001495,Gold,9103,2022-11-30,Active
L000300,C007696,Platinum,2223,2025-09-06,Active
L000301,C007094,Silver,5690,2024-04-09,Active
L000302,C001409,Silver,4000,2024-05-23,Active
L000303,C006691,Silver,7821,2024-12-29,Inactive
L000304,C003401,Gold,6370,2025-10-30,Active
L000305,C000109,Gold,8591,2025-06-24,Inactive
L000306,C005636,Platinum,5606,2026-03-12,Active
L000307,C008482,Gold,8815,2025-08-30,Inactive
L000308,C006604,Silver,7841,2025-12-28,Active
L000309,C001091,Platinum,6569,2025-07-09,Active
L000310,C005560,Platinum,8238,2026-02-11,Active
L000311,C009412,Platinum,8196,2023-08-24,Active
L000312,C008143,Platinum,7528,2026-02-04,Active
L000313,C008664,Silver,4071,2024-04-10,Active
L000314,C006596,Gold,9992,2026-01-01,Active
L000315,C000624,Platinum,1543,2026-05-13,Active
L000316,C006871,Bronze,7457,2022-12-07,Active
L000317,C004814,Silver,2221,2023-05-19,Active
L000318,C006553,Platinum,8246,2026-05-09,Active
L000319,C007530,Silver,7922,2024-11-09,Inactive
L000320,C005796,Bronze,8933,2026-06-19,Inactive
L000321,C007437,Silver,5228,2025-07-24,Active
L000322,C004218,Silver,5519,2024-10-10,Inactive
L000323,C005941,Bronze,2409,2025-07-11,Active
L000324,C008501,Gold,1138,2026-07-04,Active
L000325,C006429,Silver,2086,2025-02-23,Active
L000326,C006827,Bronze,1129,2026-04-06,Active
L000327,C004131,Bronze,9965,2025-10-24,Inactive
L000328,C007802,Bronze,7432,2025-05-22,Inactive
L000329,C007754,Bronze,4035,2025-10-02,Active
L000330,C004722,Platinum,955,2025-02-17,Active
L000331,C001651,Silver,2626,2024-11-06,Inactive
L000332,C004141,Silver,4385,2024-07-24,Active
L000333,C001618,Bronze,7228,2023-07-10,Active
L000334,C002030,Silver,347,2026-01-09,Inactive
L000335,C008518,Silver,195,2026-05-31,Active
L000336,C004576,Platinum,271,2026-06-25,Active
L000337,C003993,Platinum,290,2025-04-16,Inactive
L000338,C007377,Bronze,5733,2025-02-19,Active
L000339,C006150,Gold,6266,2026-04-22,Active
L000340,C004909,Platinum,2541,2024-09-14,Active
L000341,C005027,Silver,8246,2024-09-27,Active
L000342,C008261,Platinum,3284,2026-03-04,Active
L000343,C004732,Silver,1686,2026-03-14,Active
L000344,C007549,Bronze,9524,2025-07-25,Inactive
L000345,C008135,Silver,6648,2025-11-17,Active
L000346,C001607,Silver,3564,2025-02-02,Active
L000347,C004774,Platinum,2808,2026-07-02,Active
L000348,C008110,Bronze,3336,2026-03-14,Active
L000349,C006952,Silver,7041,2025-07-26,Active
L000350,C006005,Gold,8816,2026-05-20,Active
L000351,C007729,Platinum,5068,2025-11-12,Active
L000352,C003542,Platinum,8871,2026-07-02,Active
L000353,C000389,Bronze,6173,2025-03-28,Active
L000354,C001795,Gold,6001,2023-08-19,Active
L000355,C008732,Silver,713,2025-01-13,Active
L000356,C004920,Gold,8426,2025-11-22,Active
L000357,C005538,Bronze,7236,2024-06-11,Active
L000358,C003873,Silver,308,2026-04-23,Active
L000359,C008869,Bronze,578,2026-05-05,Active
L000360,C002255,Platinum,5320,2025-10-19,Inactive
L000361,C003413,Silver,500,2025-03-11,Inactive
L000362,C005460,Bronze,1501,2023-09-29,Active
L000363,C004956,Bronze,1813,2023-03-28,Active
L000364,C007397,Gold,1887,2024-10-18,Inactive
L000365,C005415,Bronze,3424,2026-06-30,Active
L000366,C007400,Bronze,2190,2026-05-31,Active
L000367,C007415,Platinum,721,2022-12-08,Active
L000368,C009101,Gold,7500,2026-06-26,Active
L000369,C004852,Gold,3570,2025-02-09,Inactive
L000370,C002026,Bronze,1656,2024-10-05,Active
L000371,C002616,Platinum,6974,2024-04-21,Inactive
L000372,C007389,Silver,9257,2024-12-20,Inactive
L000373,C002927,Bronze,4120,2025-11-24,Active
L000374,C001122,Platinum,8201,2026-01-19,Active
L000375,C002911,Silver,3126,2025-11-17,Active
L000376,C008147,Silver,3800,2025-10-17,Active
L000377,C007384,Gold,5708,2023-04-06,Active
L000378,C003483,Bronze,9822,2025-05-07,Active
L000379,C000796,Platinum,2933,2023-04-20,Inactive
L000380,C001576,Platinum,1735,2025-03-02,Inactive
L000381,C006177,Silver,8495,2024-11-03,Active
L000382,C006267,Platinum,6767,2026-04-26,Active
L000383,C002459,Platinum,2919,2024-09-18,Active
L000384,C003313,Silver,9081,2026-03-13,Active
L000385,C001254,Silver,52,2026-05-08,Active
L000386,C006835,Gold,1693,2023-02-08,Active
L000387,C008795,Silver,8226,2026-03-27,Inactive
L000388,C003838,Silver,8417,2023-07-09,Inactive
L000389,C004399,Silver,7355,2025-07-27,Active
L000390,C003596,Bronze,7098,2026-06-01,Active
L000391,C006622,Platinum,7626,2025-11-08,Active
L000392,C008383,Gold,8464,2024-03-15,Inactive
L000393,C002125,Gold,2293,2025-12-12,Active
L000394,C003239,Bronze,7890,2023-12-25,Active
L000395,C005404,Silver,6271,2023-09-15,Inactive
L000396,C005999,Gold,6345,2025-02-06,Active
L000397,C005939,Platinum,781,2026-05-23,Inactive
L000398,C002046,Platinum,3949,2026-01-22,Active
L000399,C001579,Silver,2747,2025-08-26,Active
L000400,C000015,Silver,9763,2022-08-04,Active
L000401,C002674,Gold,7651,2026-05-07,Inactive
L000402,C007017,Platinum,2223,2025-11-23,Active
L000403,C008721,Platinum,942,2026-04-15,Active
L000404,C008850,Bronze,460,2025-04-02,Active
L000405,C004813,Bronze,1847,2025-01-02,Active
L000406,C001085,Bronze,881,2025-07-31,Active
L000407,C004984,Platinum,711,2025-08-23,Inactive
L000408,C007156,Platinum,1834,2023-07-21,Active
L000409,C002885,Gold,1841,2026-02-08,Active
L000410,C000334,Bronze,1867,2024-02-25,Active
L000411,C007205,Gold,5530,2025-08-25,Active
L000412,C004368,Bronze,2975,2025-04-01,Active
L000413,C003080,Silver,1719,2026-03-19,Inactive
L000414,C007204,Silver,5434,2026-07-01,Inactive
L000415,C009910,Platinum,4900,2026-06-23,Inactive
L000416,C008865,Platinum,9760,2023-05-22,Active
L000417,C000264,Silver,6846,2023-10-27,Inactive
L000418,C004338,Gold,8811,2026-06-08,Active
L000419,C008896,Bronze,4582,2024-11-26,Active
L000420,C008448,Silver,5606,2026-05-09,Active
L000421,C005904,Silver,939,2024-12-07,Active
L000422,C001499,Silver,3538,2025-06-05,Active
L000423,C004191,Gold,8093,2025-06-07,Active
L000424,C007486,Silver,8530,2022-11-06,Inactive
L000425,C009644,Silver,723,2025-07-30,Active
L000426,C008311,Bronze,9645,2024-09-05,Active
L000427,C007591,Platinum,4454,2026-06-29,Active
L000428,C000501,Gold,8673,2026-05-11,Active
L000429,C009156,Silver,7725,2023-06-01,Active
L000430,C009415,Silver,8702,2025-02-27,Active
L000431,C003096,Platinum,7572,2026-02-06,Active
L000432,C004632,Bronze,6955,2026-05-07,Active
L000433,C000368,Gold,3961,2026-04-27,Inactive
L000434,C004059,Bronze,4773,2025-06-21,Active
L000435,C008175,Platinum,9529,2025-07-27,Active
L000436,C004631,Bronze,2225,2025-10-26,Active
L000437,C006071,Silver,2907,2026-02-07,Active
L000438,C002665,Bronze,1548,2025-11-07,Inactive
L000439,C001027,Silver,1488,2025-01-01,Active
L000440,C005909,Gold,5428,2024-10-06,Active
L000441,C005051,Bronze,2460,2022-10-12,Active
L000442,C006329,Bronze,3922,2026-03-14,Active
L000443,C009734,Silver,4109,2025-04-24,Active
L000444,C001692,Platinum,689,2022-11-29,Active
L000445,C000674,Bronze,4990,2025-09-18,Active
L000446,C005573,Platinum,8132,2023-08-06,Active
L000447,C005767,Platinum,3671,2026-01-30,Active
L000448,C005157,Bronze,8719,2025-02-09,Inactive
L000449,C000734,Bronze,4770,2024-10-20,Inactive
L000450,C003527,Gold,2173,2024-12-10,Active
L000451,C000569,Silver,3729,2026-06-04,Active
L000452,C009188,Gold,6763,2025-06-07,Active
L000453,C002923,Gold,4583,2024-03-22,Active
L000454,C007912,Gold,3691,2023-08-11,Active
L000455,C001559,Platinum,4607,2026-04-23,Active
L000456,C000102,Silver,3027,2025-10-21,Active
L000457,C003008,Silver,2177,2026-06-13,Inactive
L000458,C007202,Bronze,6317,2025-08-18,Active
L000459,C000304,Platinum,2523,2026-04-25,Active
L000460,C000077,Gold,6982,2026-07-02,Active
L000461,C006755,Bronze,5007,2025-12-20,Active
L000462,C008630,Silver,2632,2025-05-21,Active
L000463,C001209,Gold,1426,2025-07-17,Active
L000464,C007743,Silver,7432,2026-02-04,Active
L000465,C008215,Bronze,2021,2024-11-28,Active
L000466,C008945,Gold,5940,2026-06-12,Active
L000467,C008414,Bronze,6613,2025-07-19,Active
L000468,C001776,Silver,7366,2023-10-06,Active
L000469,C003474,Silver,6732,2026-04-13,Active
L000470,C000484,Bronze,4040,2024-09-22,Active
L000471,C002190,Silver,8547,2024-10-21,Active
L000472,C000347,Platinum,3492,2025-01-22,Active
L000473,C005482,Platinum,3743,2026-03-16,Active
L000474,C008362,Silver,1503,2024-07-26,Active
L000475,C001473,Gold,3681,2026-05-12,Active
L000476,C005101,Gold,2124,2026-03-13,Inactive
L000477,C006766,Platinum,6652,2025-01-23,Active
L000478,C008707,Platinum,7308,2025-10-29,Active
L000479,C004930,Gold,8279,2026-03-18,Active
L000480,C006330,Platinum,4317,2026-05-03,Active
L000481,C002610,Platinum,5355,2022-09-10,Inactive
L000482,C000004,Platinum,7119,2025-12-23,Active
L000483,C002214,Silver,7303,2025-11-22,Active
L000484,C004828,Silver,9139,2023-04-09,Inactive
L000485,C000857,Gold,8235,2026-01-21,Active
L000486,C006978,Gold,3925,2026-06-09,Inactive
L000487,C005886,Gold,7295,2025-11-15,Active
L000488,C000625,Silver,3008,2026-04-24,Active
L000489,C000291,Bronze,2884,2024-05-27,Inactive
L000490,C002019,Platinum,6610,2024-03-02,Active
L000491,C000669,Gold,1974,2024-03-16,Active
L000492,C008922,Silver,9203,2026-03-20,Active
L000493,C008265,Silver,9795,2023-11-05,Active
L000494,C009697,Gold,4,2025-07-16,Active
L000495,C001632,Bronze,8157,2024-11-10,Active
L000496,C005171,Gold,2569,2024-07-09,Inactive
L000497,C007206,Platinum,2453,2025-02-27,Active
L000498,C002523,Silver,9438,2022-10-30,Active
L000499,C002216,Gold,5490,2024-04-27,Active
L000500,C006969,Platinum,3475,2026-03-19,Active
L000501,C006497,Silver,8708,2024-09-30,Inactive
L000502,C006214,Silver,8986,2026-06-17,Active
L000503,C007033,Silver,1323,2025-07-04,Active
L000504,C007421,Silver,62,2024-11-06,Active
L000505,C001108,Platinum,1150,2022-10-11,Active
L000506,C000451,Silver,5774,2025-07-19,Active
L000507,C006290,Bronze,6486,2024-08-17,Active
L000508,C009967,Silver,5433,2026-05-31,Active
L000509,C000136,Platinum,8471,2024-08-31,Active
L000510,C001786,Gold,5794,2023-01-19,Active
L000511,C003405,Gold,4691,2026-03-05,Inactive
L000512,C002907,Platinum,5237,2024-10-28,Inactive
L000513,C008305,Gold,474,2024-04-02,Active
L000514,C007493,Bronze,5300,2024-03-18,Active
L000515,C006101,Silver,9863,2026-02-13,Active
L000516,C004505,Gold,6224,2026-02-07,Inactive
L000517,C005054,Gold,3032,2024-01-16,Active
L000518,C005206,Gold,7427,2026-05-05,Inactive
L000519,C004081,Silver,5014,2024-11-06,Active
L000520,C006919,Gold,4448,2026-02-24,Active
L000521,C006803,Gold,7704,2025-11-30,Active
L000522,C005207,Gold,7477,2026-06-17,Active
L000523,C000533,Platinum,582,2022-06-22,Active
L000524,C004831,Gold,3331,2025-01-04,Active
L000525,C004039,Gold,2645,2026-05-03,Active
L000526,C004085,Platinum,3999,2025-05-17,Active
L000527,C003205,Gold,7587,2022-07-16,Inactive
L000528,C007111,Bronze,3095,2026-07-03,Active
L000529,C000331,Gold,5287,2026-01-05,Inactive
L000530,C004958,Gold,2273,2025-11-18,Active
L000531,C003034,Silver,7213,2023-08-20,Inactive
L000532,C007685,Platinum,9257,2026-05-01,Inactive
L000533,C001598,Platinum,7557,2025-11-10,Active
L000534,C009920,Silver,2555,2025-12-28,Active
L000535,C003598,Platinum,3262,2025-07-13,Active
L000536,C009039,Bronze,6140,2023-11-07,Active
L000537,C008002,Gold,8862,2025-04-16,Active
L000538,C000591,Bronze,4443,2025-10-28,Inactive
L000539,C000648,Bronze,3,2025-08-01,Inactive
L000540,C009103,Bronze,7997,2026-02-04,Active
L000541,C008016,Gold,779,2026-01-18,Active
L000542,C003772,Platinum,6740,2024-11-29,Active
L000543,C009040,Gold,4612,2026-03-10,Active
L000544,C005083,Silver,3780,2025-02-16,Active
L000545,C007883,Silver,6612,2023-05-31,Active
L000546,C009363,Silver,2762,2024-11-03,Active
L000547,C004211,Platinum,6330,2022-11-20,Active
L000548,C008835,Bronze,2669,2022-09-01,Inactive
L000549,C008700,Platinum,788,2023-02-20,Active
L000550,C001796,Silver,7902,2026-04-22,Active
L000551,C002587,Platinum,4591,2023-02-25,Inactive
L000552,C008356,Gold,5308,2025-06-22,Inactive
L000553,C002317,Gold,8678,2023-02-25,Inactive
L000554,C004186,Platinum,8534,2026-02-11,Active
L000555,C008828,Bronze,1055,2026-01-11,Active
L000556,C007073,Bronze,6571,2025-11-29,Active
L000557,C005235,Platinum,7823,2026-04-16,Inactive
L000558,C008744,Gold,8740,2024-06-23,Inactive
L000559,C008671,Gold,5532,2023-12-24,Active
L000560,C004769,Gold,248,2026-06-30,Inactive
L000561,C009973,Bronze,2086,2024-02-19,Active
L000562,C007145,Silver,4182,2025-08-28,Active
L000563,C002914,Silver,449,2023-07-19,Active
L000564,C009872,Platinum,154,2025-06-22,Active
L000565,C009894,Bronze,5804,2024-11-24,Inactive
L000566,C002076,Gold,1551,2024-10-06,Active
L000567,C004303,Silver,7551,2024-11-23,Active
L000568,C005823,Gold,4884,2024-09-06,Active
L000569,C002150,Gold,4487,2025-03-15,Inactive
L000570,C000145,Silver,9834,2025-09-26,Inactive
L000571,C004964,Gold,3255,2026-01-20,Active
L000572,C008160,Platinum,946,2025-05-29,Active
L000573,C009031,Platinum,5576,2025-07-24,Active
L000574,C004776,Platinum,4531,2025-05-13,Inactive
L000575,C008934,Silver,9312,2025-12-01,Active
L000576,C007750,Bronze,4030,2026-02-05,Active
L000577,C009829,Bronze,1212,2026-05-02,Active
L000578,C009215,Bronze,4437,2025-10-17,Inactive
L000579,C006061,Platinum,1037,2024-08-24,Active
L000580,C009476,Platinum,729,2024-09-21,Active
L000581,C006410,Platinum,2217,2023-09-17,Active
L000582,C003318,Silver,8628,2024-07-12,Inactive
L000583,C007465,Silver,7697,2025-05-08,Active
L000584,C003062,Gold,9485,2025-10-27,Active
L000585,C001356,Platinum,3751,2026-03-02,Active
L000586,C004515,Gold,4260,2022-11-17,Active
L000587,C005506,Platinum,5204,2026-05-28,Active
L000588,C005251,Bronze,7088,2025-10-01,Active
L000589,C004512,Bronze,7420,2026-06-06,Inactive
L000590,C001731,Bronze,6612,2026-07-01,Active
L000591,C001759,Gold,8502,2026-03-05,Active
L000592,C006651,Bronze,6147,2026-06-15,Inactive
L000593,C006647,Platinum,8499,2025-06-23,Active
L000594,C009861,Gold,8225,2026-01-19,Inactive
L000595,C004140,Gold,8069,2023-09-01,Active
L000596,C009394,Silver,9347,2024-05-22,Inactive
L000597,C005124,Silver,5430,2023-01-22,Inactive
L000598,C000001,Gold,6733,2026-06-23,Active
L000599,C001865,Silver,8079,2025-12-20,Active
L000600,C000544,Platinum,6425,2026-04-24,Active
L000601,C000350,Gold,4694,2026-02-10,Inactive
L000602,C006907,Gold,8891,2026-06-15,Active
L000603,C009766,Bronze,9149,2025-08-30,Inactive
L000604,C002524,Bronze,4465,2024-05-26,Active
L000605,C003465,Gold,2124,2026-01-04,Active
L000606,C000458,Gold,8451,2023-04-07,Active
L000607,C003024,Gold,7234,2023-06-19,Inactive
L000608,C007262,Gold,8902,2026-05-17,Active
L000609,C009516,Bronze,3036,2025-09-04,Active
L000610,C007873,Silver,5142,2024-12-15,Active
L000611,C006626,Silver,946,2024-06-18,Active
L000612,C002535,Gold,6156,2024-06-17,Active
L000613,C000132,Platinum,1844,2024-12-12,Active
L000614,C003705,Silver,373,2026-03-23,Active
L000615,C001373,Bronze,1826,2026-05-22,Active
L000616,C006201,Gold,4421,2025-12-31,Inactive
L000617,C004857,Platinum,2333,2025-07-18,Inactive
L000618,C004713,Gold,44,2024-01-27,Active
L000619,C005545,Gold,5148,2024-07-17,Active
L000620,C001414,Bronze,6440,2026-04-22,Active
L000621,C004114,Gold,3356,2023-10-20,Inactive
L000622,C000656,Platinum,5207,2026-07-03,Active
L000623,C008138,Bronze,3310,2025-12-04,Active
L000624,C004099,Bronze,1378,2026-03-08,Active
L000625,C000593,Gold,1271,2025-08-15,Active
L000626,C008709,Gold,643,2025-09-29,Active
L000627,C003124,Bronze,9984,2026-05-27,Active
L000628,C003048,Bronze,3032,2025-03-11,Active
L000629,C003888,Bronze,9126,2025-02-17,Active
L000630,C005736,Platinum,582,2024-12-22,Inactive
L000631,C002185,Gold,6938,2026-06-03,Inactive
L000632,C002146,Silver,6595,2023-09-28,Inactive
L000633,C007048,Gold,5104,2025-10-11,Active
L000634,C003106,Silver,3497,2024-06-18,Inactive
L000635,C009234,Silver,5373,2025-10-11,Active
L000636,C009097,Platinum,826,2024-09-15,Active
L000637,C002770,Silver,5384,2023-07-09,Active
L000638,C005222,Silver,9147,2024-05-07,Active
L000639,C005834,Platinum,9806,2022-12-02,Inactive
L000640,C001733,Bronze,9786,2026-07-06,Active
L000641,C000266,Platinum,8613,2023-09-27,Inactive
L000642,C005145,Platinum,7441,2026-02-23,Active
L000643,C008268,Platinum,1981,2025-01-11,Active
L000644,C003938,Bronze,6909,2026-03-24,Active
L000645,C000762,Silver,3334,2026-05-25,Active
L000646,C007221,Gold,7349,2025-05-26,Active
L000647,C008440,Silver,2270,2023-02-06,Active
L000648,C003258,Bronze,3477,2026-04-14,Inactive
L000649,C004339,Silver,7441,2025-11-02,Active
L000650,C004363,Platinum,4104,2025-04-06,Active
L000651,C000317,Platinum,164,2025-11-23,Active
L000652,C008070,Silver,1742,2025-08-20,Inactive
L000653,C001852,Platinum,3649,2023-11-05,Active
L000654,C002485,Silver,639,2024-06-02,Active
L000655,C009874,Platinum,6868,2026-04-25,Active
L000656,C009575,Silver,8625,2026-03-22,Active
L000657,C001079,Gold,4008,2026-02-24,Active
L000658,C008359,Gold,143,2025-03-17,Inactive
L000659,C007334,Silver,6051,2026-03-25,Active
L000660,C001072,Bronze,2970,2026-01-23,Active
L000661,C000104,Gold,8550,2024-01-27,Active
L000662,C005749,Gold,1220,2026-01-20,Inactive
L000663,C001419,Gold,5505,2025-05-06,Active
L000664,C001659,Silver,281,2024-07-13,Active
L000665,C005285,Gold,4686,2026-06-07,Active
L000666,C001150,Bronze,3674,2026-05-25,Inactive
L000667,C007151,Silver,5200,2022-10-08,Inactive
L000668,C001569,Gold,4861,2026-07-05,Active
L000669,C001088,Bronze,9078,2025-11-30,Active
L000670,C006086,Bronze,2355,2025-04-07,Active
L000671,C008675,Silver,1244,2026-05-31,Active
L000672,C008342,Bronze,9494,2026-07-04,Active
L000673,C007812,Gold,6166,2024-06-26,Active
L000674,C006085,Silver,2154,2026-03-12,Inactive
L000675,C008774,Gold,9221,2024-11-06,Inactive
L000676,C008758,Gold,651,2023-05-12,Active
L000677,C001693,Silver,60,2024-11-22,Active
L000678,C004735,Silver,2042,2025-11-12,Active
L000679,C003388,Gold,3266,2026-04-12,Active
L000680,C003647,Bronze,1157,2026-05-31,Inactive
L000681,C001684,Bronze,1864,2026-06-16,Active
L000682,C000009,Platinum,181,2023-10-16,Active
L000683,C006063,Bronze,1822,2023-01-18,Inactive
L000684,C006517,Platinum,2000,2024-06-15,Active
L000685,C004124,Gold,5840,2026-01-16,Active
L000686,C008730,Bronze,6241,2023-07-09,Active
L000687,C006046,Bronze,824,2026-03-19,Active
L000688,C000568,Silver,2006,2025-10-17,Active
L000689,C009162,Silver,6671,2023-04-29,Inactive
L000690,C001804,Gold,449,2026-04-20,Active
L000691,C008502,Silver,6387,2026-05-24,Active
L000692,C004901,Platinum,6320,2024-01-15,Active
L000693,C001600,Gold,8123,2024-10-15,Active
L000694,C007932,Silver,7745,2024-01-21,Active
L000695,C009548,Platinum,3822,2025-09-19,Active
L000696,C002824,Platinum,1061,2025-05-10,Active
L000697,C005468,Silver,6939,2025-04-16,Active
L000698,C003530,Gold,2677,2026-03-03,Active
L000699,C008684,Silver,9714,2026-06-19,Active
L000700,C001156,Platinum,845,2026-02-24,Active
L000701,C006548,Gold,2218,2025-11-05,Active
L000702,C009089,Gold,6626,2024-12-07,Active
L000703,C007621,Platinum,1724,2026-03-10,Active
L000704,C008297,Platinum,9908,2025-08-04,Active
L000705,C004541,Gold,5977,2023-10-09,Active
L000706,C009135,Bronze,2458,2026-05-09,Active
L000707,C006483,Platinum,2435,2024-07-29,Active
L000708,C005827,Bronze,7081,2025-07-16,Inactive
L000709,C001191,Gold,4006,2023-12-15,Active
L000710,C007445,Gold,3689,2026-04-04,Active
L000711,C008521,Silver,162,2025-06-15,Active
L000712,C000961,Gold,8211,2025-09-17,Inactive
L000713,C007455,Silver,4814,2026-02-10,Active
L000714,C000037,Silver,4737,2025-03-16,Active
L000715,C007517,Silver,937,2026-01-27,Active
L000716,C007645,Platinum,1192,2026-06-11,Inactive
L000717,C004439,Silver,6514,2023-12-22,Active
L000718,C006162,Bronze,7415,2026-02-23,Active
L000719,C007745,Silver,8168,2026-06-23,Inactive
L000720,C009588,Silver,4297,2024-06-12,Inactive
L000721,C008120,Bronze,4463,2023-10-19,Active
L000722,C006968,Bronze,8730,2026-04-18,Active
L000723,C005719,Platinum,2039,2025-03-23,Active
L000724,C000578,Bronze,4696,2026-02-21,Inactive
L000725,C009834,Platinum,8882,2026-04-18,Active
L000726,C004103,Silver,6395,2026-04-08,Active
L000727,C007647,Platinum,4506,2025-08-17,Active
L000728,C004152,Gold,5410,2025-02-22,Inactive
L000729,C003131,Bronze,6473,2024-07-11,Active
L000730,C004891,Bronze,4331,2023-12-10,Inactive
L000731,C009976,Bronze,1514,2026-04-29,Active
L000732,C007472,Silver,1448,2024-01-30,Inactive
L000733,C001834,Gold,4453,2025-03-06,Active
L000734,C009149,Platinum,4754,2024-03-24,Inactive
L000735,C004892,Platinum,5832,2024-01-27,Inactive
L000736,C002288,Platinum,8055,2025-10-18,Inactive
L000737,C001331,Silver,83,2024-01-17,Inactive
L000738,C002772,Gold,9856,2025-03-27,Active
L000739,C003687,Silver,3366,2024-09-27,Active
L000740,C008284,Silver,6137,2025-10-08,Inactive
L000741,C005929,Silver,9706,2026-03-28,Active
L000742,C000638,Gold,9765,2023-06-26,Inactive
L000743,C000048,Gold,111,2025-10-11,Inactive
L000744,C002603,Silver,3810,2025-09-20,Inactive
L000745,C001966,Silver,2346,2025-10-25,Inactive
L000746,C002169,Bronze,210,2025-11-27,Active
L000747,C005050,Platinum,4612,2025-11-15,Active
L000748,C003335,Platinum,5396,2026-03-27,Inactive
L000749,C003020,Platinum,1662,2025-08-21,Active
L000750,C008765,Silver,5245,2025-11-13,Active
L000751,C009177,Silver,5576,2024-07-02,Active
L000752,C001361,Gold,9173,2025-11-09,Inactive
L000753,C005799,Silver,9986,2026-06-12,Active
L000754,C009401,Gold,221,2026-06-08,Active
L000755,C003252,Silver,6895,2022-12-18,Inactive
L000756,C006301,Silver,3133,2025-05-22,Active
L000757,C002252,Bronze,6892,2026-04-18,Inactive
L000758,C006028,Gold,6849,2025-07-12,Inactive
L000759,C001176,Silver,1058,2023-01-24,Active
L000760,C008800,Silver,296,2026-05-28,Active
L000761,C003280,Platinum,6029,2025-05-21,Active
L000762,C002974,Gold,3915,2026-04-11,Active
L000763,C003397,Gold,9966,2026-03-24,Inactive
L000764,C006940,Platinum,3720,2023-10-18,Active
L000765,C000966,Platinum,6193,2023-07-29,Active
L000766,C008575,Gold,5901,2026-02-27,Active
L000767,C000743,Silver,185,2025-05-05,Inactive
L000768,C007515,Bronze,750,2026-05-08,Active
L000769,C003315,Platinum,9067,2026-03-04,Inactive
L000770,C004899,Bronze,7396,2023-02-12,Active
L000771,C009341,Bronze,1669,2025-11-27,Active
L000772,C004673,Bronze,3676,2023-08-23,Active
L000773,C008619,Gold,662,2025-09-17,Inactive
L000774,C001218,Platinum,6769,2025-05-11,Inactive
L000775,C004398,Gold,5048,2024-05-27,Active
L000776,C006081,Gold,7415,2026-07-01,Inactive
L000777,C002615,Platinum,8021,2023-07-01,Inactive
L000778,C002621,Silver,2592,2026-06-28,Active
L000779,C008715,Silver,9265,2024-11-03,Inactive
L000780,C007283,Gold,696,2025-12-27,Active
L000781,C003380,Gold,2701,2026-02-01,Active
L000782,C007302,Bronze,5989,2026-05-31,Active
L000783,C009858,Gold,6327,2026-03-20,Inactive
L000784,C005606,Silver,8092,2026-06-15,Active
L000785,C009814,Gold,4249,2024-05-31,Active
L000786,C005787,Platinum,1460,2024-12-25,Active
L000787,C008519,Platinum,814,2026-02-18,Active
L000788,C006851,Bronze,8333,2022-06-29,Active
L000789,C001517,Gold,84,2022-10-27,Active
L000790,C005099,Gold,4979,2024-11-13,Inactive
L000791,C007637,Silver,1060,2026-06-10,Active
L000792,C009086,Gold,2852,2023-03-25,Active
L000793,C008024,Platinum,6597,2024-10-18,Active
L000794,C002393,Bronze,5267,2026-01-04,Active
L000795,C000587,Platinum,9946,2023-06-22,Active
L000796,C003520,Gold,8982,2023-09-12,Active
L000797,C007654,Gold,5817,2026-01-22,Active
L000798,C008947,Platinum,380,2025-10-04,Active
L000799,C000851,Bronze,7369,2024-08-25,Active
L000800,C000336,Gold,2804,2025-11-13,Inactive
L000801,C006635,Gold,4612,2026-01-23,Active
L000802,C008973,Bronze,5330,2023-01-24,Inactive
L000803,C007494,Gold,1330,2024-09-08,Inactive
L000804,C002869,Platinum,6649,2026-01-14,Active
L000805,C004873,Silver,3309,2022-11-04,Active
L000806,C003551,Platinum,1223,2025-09-14,Inactive
L000807,C003843,Silver,3068,2023-04-05,Active
L000808,C007263,Silver,4080,2026-04-17,Active
L000809,C005825,Bronze,5569,2026-04-16,Inactive
L000810,C000024,Gold,9306,2023-09-25,Inactive
L000811,C001454,Gold,1017,2024-05-02,Active
L000812,C001685,Bronze,186,2023-10-13,Inactive
L000813,C002311,Platinum,2565,2026-02-22,Inactive
L000814,C009064,Silver,3863,2025-02-14,Inactive
L000815,C009407,Platinum,5316,2023-06-27,Active
L000816,C000382,Platinum,4475,2026-03-23,Active
L000817,C005815,Platinum,2533,2026-02-19,Active
L000818,C005551,Platinum,8841,2026-04-21,Active
L000819,C009309,Platinum,5392,2026-06-09,Active
L000820,C001619,Platinum,6902,2024-07-22,Inactive
L000821,C000790,Gold,2919,2025-10-30,Active
L000822,C005984,Bronze,4104,2025-08-08,Active
L000823,C008673,Silver,3431,2025-09-29,Active
L000824,C004476,Bronze,5463,2026-06-20,Active
L000825,C005607,Bronze,8611,2025-02-14,Active
L000826,C009313,Gold,5674,2025-05-11,Active
L000827,C005649,Bronze,3680,2026-01-22,Active
L000828,C006217,Silver,6763,2024-10-12,Inactive
L000829,C002287,Gold,3278,2023-12-15,Inactive
L000830,C009994,Gold,166,2025-07-01,Active
L000831,C007579,Bronze,6610,2026-04-21,Active
L000832,C001184,Gold,8414,2026-01-06,Inactive
L000833,C006002,Platinum,6561,2025-03-23,Inactive
L000834,C005091,Silver,8690,2025-07-31,Active
L000835,C002517,Platinum,3960,2025-01-13,Active
L000836,C004123,Platinum,5975,2026-03-05,Active
L000837,C005522,Bronze,2884,2023-03-23,Active
L000838,C005628,Platinum,2058,2022-10-26,Active
L000839,C008361,Gold,5554,2024-12-10,Active
L000840,C005873,Bronze,5652,2026-04-18,Inactive
L000841,C008613,Gold,2444,2024-10-01,Inactive
L000842,C007728,Platinum,1699,2026-01-27,Inactive
L000843,C005969,Gold,7607,2025-03-28,Active
L000844,C001181,Platinum,968,2024-05-07,Inactive
L000845,C008763,Bronze,7130,2026-03-17,Active
L000846,C008236,Bronze,9209,2025-04-10,Inactive
L000847,C002819,Bronze,1691,2022-09-20,Active
L000848,C009965,Silver,595,2026-05-08,Active
L000849,C008704,Platinum,2994,2025-11-14,Active
L000850,C006609,Bronze,3673,2025-08-05,Inactive
L000851,C002821,Gold,3140,2026-03-02,Active
L000852,C007536,Silver,2337,2024-05-19,Inactive
L000853,C002261,Platinum,9933,2025-05-04,Active
L000854,C002240,Gold,5443,2022-12-04,Inactive
L000855,C006022,Bronze,5323,2026-01-08,Active
L000856,C000783,Platinum,9818,2024-09-28,Active
L000857,C000933,Bronze,3489,2026-03-26,Active
L000858,C006203,Silver,2489,2025-04-13,Inactive
L000859,C002413,Silver,4312,2025-05-07,Active
L000860,C006998,Platinum,2423,2023-01-20,Inactive
L000861,C009116,Silver,1230,2025-07-02,Inactive
L000862,C001157,Bronze,7139,2025-02-27,Inactive
L000863,C008108,Silver,4710,2026-05-06,Inactive
L000864,C005806,Bronze,3197,2025-11-24,Inactive
L000865,C004880,Bronze,9654,2023-04-20,Inactive
L000866,C003310,Silver,1833,2022-06-06,Active
L000867,C008962,Bronze,3958,2023-06-21,Inactive
L000868,C001703,Platinum,1472,2026-04-01,Active
L000869,C002493,Gold,1680,2025-12-26,Active
L000870,C003707,Platinum,8182,2024-03-09,Active
L000871,C008277,Gold,9917,2024-09-11,Inactive
L000872,C000287,Silver,7797,2025-06-28,Active
L000873,C001609,Bronze,5404,2026-03-07,Active
L000874,C006632,Bronze,3684,2026-05-24,Active
L000875,C008279,Bronze,3315,2025-12-10,Active
L000876,C007316,Silver,7438,2023-07-04,Active
L000877,C002253,Platinum,8340,2025-08-18,Active
L000878,C007416,Silver,2208,2026-06-03,Inactive
L000879,C008366,Gold,957,2024-03-08,Inactive
L000880,C001892,Silver,502,2024-09-03,Active
L000881,C005063,Gold,5867,2024-12-14,Active
L000882,C006121,Silver,2298,2025-08-01,Active
L000883,C000564,Silver,1459,2025-04-18,Active
L000884,C000292,Gold,4489,2023-06-30,Active
L000885,C004717,Silver,2978,2024-04-15,Active
L000886,C007709,Gold,7070,2023-04-08,Active
L000887,C006350,Gold,6643,2024-10-19,Active
L000888,C000170,Platinum,1126,2025-09-08,Active
L000889,C000268,Silver,9916,2023-11-29,Active
L000890,C004639,Silver,6447,2026-06-08,Active
L000891,C007078,Bronze,2158,2025-10-08,Active
L000892,C003356,Bronze,9443,2026-07-06,Active
L000893,C008280,Bronze,4262,2026-01-18,Active
L000894,C000316,Platinum,5236,2025-12-04,Active
L000895,C006729,Platinum,4562,2026-05-06,Active
L000896,C009496,Platinum,8079,2025-09-10,Inactive
L000897,C004068,Bronze,5846,2025-06-09,Inactive
L000898,C000246,Platinum,6717,2026-06-13,Active
L000899,C000253,Silver,5391,2024-06-15,Active
L000900,C001112,Bronze,7900,2023-08-21,Inactive
L000901,C004802,Platinum,7859,2025-09-28,Active
L000902,C001714,Platinum,7781,2025-05-06,Active
L000903,C000051,Platinum,2016,2025-03-07,Inactive
L000904,C001836,Bronze,3334,2025-10-05,Active
L000905,C007897,Gold,4682,2025-02-24,Active
L000906,C003384,Bronze,8061,2024-11-21,Active
L000907,C006411,Platinum,7344,2026-07-04,Active
L000908,C004314,Platinum,564,2024-09-08,Inactive
L000909,C000873,Silver,7729,2026-01-28,Active
L000910,C001255,Bronze,8304,2023-09-14,Active
L000911,C008882,Platinum,836,2026-06-22,Active
L000912,C005852,Platinum,3510,2025-04-08,Active
L000913,C005703,Gold,4135,2026-06-09,Active
L000914,C008104,Platinum,9549,2026-02-28,Inactive
L000915,C002099,Bronze,6552,2026-06-30,Active
L000916,C005129,Gold,1109,2023-12-23,Active
L000917,C000249,Platinum,5665,2026-06-15,Active
L000918,C006562,Bronze,5699,2025-01-15,Inactive
L000919,C001340,Gold,4160,2024-02-04,Active
L000920,C007018,Platinum,9509,2025-11-10,Inactive
L000921,C002111,Silver,1514,2025-11-30,Active
L000922,C001570,Silver,3798,2026-04-19,Active
L000923,C001727,Bronze,9075,2025-06-16,Active
L000924,C008385,Platinum,4683,2023-06-18,Inactive
L000925,C006941,Bronze,8267,2023-09-17,Active
L000926,C004396,Platinum,3640,2026-06-16,Active
L000927,C002421,Gold,952,2022-09-28,Active
L000928,C003046,Bronze,6208,2021-09-17,Active
L000929,C005504,Gold,4047,2026-03-24,Active
L000930,C003704,Gold,5488,2026-05-31,Active
L000931,C008192,Silver,6251,2025-07-12,Inactive
L000932,C005332,Bronze,8781,2025-09-12,Active
L000933,C009809,Bronze,5334,2025-01-17,Inactive
L000934,C000448,Bronze,9410,2026-06-29,Active
L000935,C007895,Platinum,4517,2023-07-31,Active
L000936,C008729,Platinum,1885,2026-04-22,Inactive
L000937,C007829,Bronze,262,2025-10-05,Active
L000938,C001769,Silver,3467,2024-05-05,Active
L000939,C006809,Bronze,955,2024-03-11,Active
L000940,C004705,Silver,7893,2024-10-24,Inactive
L000941,C003870,Platinum,9446,2026-02-11,Inactive
L000942,C001656,Bronze,7358,2026-07-04,Active
L000943,C003188,Bronze,1483,2023-05-13,Active
L000944,C000684,Silver,189,2025-01-25,Active
L000945,C004171,Platinum,1095,2024-11-01,Active
L000946,C004478,Bronze,2637,2026-06-23,Active
L000947,C000462,Platinum,6752,2023-07-13,Active
L000948,C005765,Silver,1649,2026-06-26,Inactive
L000949,C007523,Bronze,8608,2023-03-23,Active
L000950,C004503,Gold,7789,2025-08-20,Inactive
L000951,C009710,Gold,1091,2026-02-02,Inactive
L000952,C000319,Silver,2106,2026-06-12,Active
L000953,C001146,Silver,6519,2023-11-14,Inactive
L000954,C005095,Bronze,8203,2024-10-05,Active
L000955,C001394,Platinum,9661,2024-01-11,Inactive
L000956,C006624,Bronze,6712,2025-04-12,Inactive
L000957,C001502,Bronze,4740,2025-08-24,Active
L000958,C006409,Silver,3278,2024-04-21,Inactive
L000959,C000377,Gold,2542,2025-12-09,Inactive
L000960,C000411,Platinum,3911,2026-01-21,Active
L000961,C001661,Bronze,436,2026-02-11,Inactive
L000962,C003152,Platinum,9764,2026-04-17,Active
L000963,C001624,Silver,7935,2026-02-17,Active
L000964,C005610,Silver,1492,2025-09-02,Active
L000965,C008533,Bronze,8120,2025-01-14,Active
L000966,C005803,Bronze,9696,2024-12-21,Active
L000967,C005307,Platinum,9824,2025-05-12,Active
L000968,C007087,Gold,1677,2026-05-31,Inactive
L000969,C008898,Platinum,3653,2025-10-04,Active
L000970,C007489,Platinum,3169,2024-12-17,Inactive
L000971,C009616,Bronze,3833,2023-01-11,Active
L000972,C009218,Platinum,1498,2026-02-08,Active
L000973,C001673,Gold,9205,2024-08-08,Active
L000974,C002359,Gold,1411,2025-11-17,Active
L000975,C008468,Silver,6145,2025-04-25,Active
L000976,C000275,Bronze,2216,2024-03-27,Active
L000977,C002474,Silver,7616,2024-08-15,Active
L000978,C005490,Bronze,866,2026-04-10,Active
L000979,C004772,Silver,1951,2026-04-06,Active
L000980,C002108,Bronze,3087,2024-10-02,Active
L000981,C007501,Gold,1697,2026-06-11,Active
L000982,C004415,Silver,4910,2026-04-19,Active
L000983,C008139,Bronze,4547,2023-10-20,Active
L000984,C008661,Silver,3061,2026-01-17,Active
L000985,C008240,Platinum,8548,2026-03-31,Active
L000986,C002418,Gold,6935,2026-07-02,Active
L000987,C008772,Platinum,8110,2025-10-11,Active
L000988,C002237,Platinum,2068,2025-05-02,Active
L000989,C003768,Gold,9806,2025-11-06,Active
L000990,C009792,Silver,654,2023-09-22,Inactive
L000991,C009990,Bronze,513,2025-12-05,Active
L000992,C009966,Gold,2735,2026-03-11,Active
L000993,C007324,Silver,5314,2026-04-16,Active
L000994,C001384,Platinum,4199,2023-01-09,Active
L000995,C003102,Platinum,135,2022-02-14,Active
L000996,C003922,Platinum,1779,2025-09-08,Active
L000997,C006686,Gold,4385,2026-05-24,Active
L000998,C003195,Platinum,5786,2026-01-15,Active
L000999,C001942,Platinum,8649,2025-03-31,Inactive
L001000,C007714,Gold,2926,2024-05-23,Active
L001001,C004897,Bronze,1699,2025-12-08,Active
L001002,C004783,Silver,7502,2025-11-10,Inactive
L001003,C001497,Silver,3948,2025-07-08,Active
L001004,C001958,Platinum,3279,2025-06-04,Active
L001005,C009172,Platinum,4128,2026-06-02,Active
L001006,C009746,Platinum,7772,2025-02-27,Active
L001007,C007333,Bronze,358,2025-03-16,Inactive
L001008,C007950,Silver,7148,2023-02-17,Active
L001009,C003018,Silver,2259,2026-06-20,Active
L001010,C006747,Silver,7345,2024-07-03,Inactive
L001011,C000514,Silver,2474,2024-11-22,Active
L001012,C003935,Silver,9822,2023-02-24,Active
L001013,C003026,Silver,1349,2026-07-02,Active
L001014,C001200,Gold,131,2026-03-18,Inactive
L001015,C005029,Platinum,5488,2023-04-20,Active
L001016,C009785,Gold,5536,2025-06-09,Inactive
L001017,C000922,Silver,5704,2024-07-29,Inactive
L001018,C004650,Bronze,5596,2026-02-26,Active
L001019,C005333,Platinum,5639,2025-06-08,Inactive
L001020,C001077,Silver,8227,2024-09-22,Active
L001021,C006769,Platinum,102,2025-11-13,Active
L001022,C009411,Bronze,7624,2026-01-10,Active
L001023,C001672,Bronze,2203,2023-04-28,Active
L001024,C000475,Silver,2832,2024-04-14,Active
L001025,C009187,Platinum,7419,2026-06-10,Active
L001026,C008840,Silver,6154,2026-05-23,Active
L001027,C005759,Silver,6461,2025-01-23,Active
L001028,C006298,Bronze,7544,2022-12-05,Active
L001029,C002479,Silver,5604,2025-03-12,Inactive
L001030,C005494,Gold,2013,2022-11-17,Active
L001031,C003915,Gold,6126,2024-12-17,Active
L001032,C002139,Gold,5767,2025-05-09,Active
L001033,C005455,Platinum,7633,2024-08-28,Inactive
L001034,C005380,Silver,9990,2026-05-20,Inactive
L001035,C008986,Silver,9469,2024-06-27,Inactive
L001036,C004024,Bronze,4624,2025-03-18,Active
L001037,C003486,Gold,4923,2025-03-03,Active
L001038,C002456,Bronze,8739,2025-08-14,Active
L001039,C002465,Bronze,859,2026-03-20,Active
L001040,C008697,Bronze,8518,2025-12-14,Active
L001041,C001370,Gold,3737,2025-01-11,Active
L001042,C006689,Silver,6166,2026-03-18,Inactive
L001043,C007457,Gold,5059,2025-05-06,Active
L001044,C009975,Bronze,1521,2025-11-28,Active
L001045,C001902,Platinum,4859,2026-03-07,Active
L001046,C004872,Silver,3586,2025-11-06,Active
L001047,C004711,Gold,7687,2026-03-10,Active
L001048,C007887,Gold,2370,2025-04-02,Active
L001049,C001794,Bronze,3604,2025-07-03,Active
L001050,C002875,Silver,2715,2025-06-08,Active
L001051,C006218,Gold,996,2025-02-12,Active
L001052,C005214,Gold,1673,2026-05-31,Inactive
L001053,C002246,Bronze,5094,2024-04-29,Active
L001054,C001742,Bronze,5017,2025-10-09,Active
L001055,C001021,Silver,4746,2024-11-02,Active
L001056,C000706,Silver,4621,2025-09-22,Active
L001057,C004295,Platinum,519,2025-07-25,Active
L001058,C005577,Platinum,9340,2024-10-04,Active
L001059,C007167,Silver,6500,2024-11-08,Inactive
L001060,C008178,Bronze,6021,2025-02-15,Active
L001061,C000909,Gold,7322,2022-12-26,Active
L001062,C005194,Silver,3820,2024-06-01,Active
L001063,C003078,Platinum,812,2026-02-08,Active
L001064,C009367,Bronze,4478,2025-07-30,Active
L001065,C000595,Silver,9082,2025-12-21,Active
L001066,C005305,Platinum,8480,2025-10-19,Inactive
L001067,C000441,Bronze,6392,2026-05-27,Inactive
L001068,C007607,Silver,6846,2026-06-15,Active
L001069,C004093,Bronze,1999,2025-02-03,Active
L001070,C006135,Gold,1873,2025-03-23,Active
L001071,C000011,Platinum,9022,2024-02-04,Active
L001072,C003777,Silver,5344,2024-09-10,Active
L001073,C009000,Gold,4621,2026-03-01,Active
L001074,C003709,Gold,6807,2026-05-08,Active
L001075,C003781,Platinum,254,2025-09-22,Active
L001076,C000094,Silver,3465,2023-11-11,Active
L001077,C009240,Bronze,8077,2025-11-11,Inactive
L001078,C003950,Silver,9540,2025-12-18,Active
L001079,C005786,Bronze,9073,2024-03-25,Inactive
L001080,C004871,Gold,3446,2025-01-29,Active
L001081,C004803,Bronze,7394,2026-06-27,Active
L001082,C004868,Gold,6730,2026-05-09,Inactive
L001083,C000293,Silver,8887,2026-03-12,Active
L001084,C007889,Gold,3941,2025-03-01,Inactive
L001085,C007406,Platinum,5689,2025-05-02,Active
L001086,C005596,Gold,5530,2022-07-18,Inactive
L001087,C002887,Platinum,3276,2024-07-17,Active
L001088,C006455,Silver,2360,2022-08-18,Active
L001089,C002543,Platinum,8090,2025-03-18,Active
L001090,C001766,Platinum,1521,2025-03-08,Active
L001091,C006801,Silver,1773,2023-08-06,Active
L001092,C001878,Platinum,9016,2025-11-03,Active
L001093,C001982,Gold,6884,2025-06-19,Active
L001094,C009730,Gold,1798,2025-09-02,Active
L001095,C009609,Silver,8008,2025-04-22,Active
L001096,C002686,Bronze,8160,2024-03-19,Active
L001097,C008931,Bronze,728,2022-10-27,Active
L001098,C003459,Bronze,2546,2025-03-11,Active
L001099,C004542,Bronze,5125,2025-11-03,Active
L001100,C002179,Platinum,5847,2026-05-20,Inactive
L001101,C004451,Gold,3162,2026-04-29,Active
L001102,C003860,Platinum,2948,2025-06-05,Active
L001103,C007624,Bronze,4145,2026-02-12,Active
L001104,C007655,Silver,3364,2025-01-14,Active
L001105,C004520,Silver,7920,2026-03-09,Active
L001106,C002518,Platinum,2115,2026-04-28,Inactive
L001107,C004837,Gold,9359,2024-10-08,Inactive
L001108,C002886,Platinum,9126,2026-02-24,Active
L001109,C007282,Platinum,7771,2024-08-11,Active
L001110,C006256,Platinum,1488,2025-11-20,Active
L001111,C004540,Platinum,12,2025-10-10,Active
L001112,C005640,Bronze,2184,2023-07-07,Active
L001113,C009460,Platinum,1324,2022-09-04,Active
L001114,C003482,Gold,4248,2023-10-05,Active
L001115,C001278,Bronze,6155,2025-12-14,Inactive
L001116,C003147,Platinum,5730,2025-10-26,Active
L001117,C008263,Bronze,9880,2025-06-17,Active
L001118,C003206,Gold,9852,2023-12-19,Active
L001119,C009893,Gold,5530,2023-06-29,Active
L001120,C002743,Gold,6794,2026-06-04,Active
L001121,C006077,Platinum,3749,2025-10-28,Active
L001122,C004048,Silver,300,2024-04-09,Inactive
L001123,C005732,Platinum,59,2026-06-02,Active
L001124,C002946,Gold,9607,2024-11-07,Active
L001125,C005791,Platinum,8098,2024-03-20,Active
L001126,C006795,Bronze,14,2026-04-30,Inactive
L001127,C006544,Bronze,8274,2025-10-24,Active
L001128,C000701,Silver,6606,2026-06-09,Inactive
L001129,C003575,Bronze,8739,2026-06-29,Active
L001130,C007700,Bronze,914,2024-12-10,Active
L001131,C002516,Bronze,8583,2025-05-11,Active
L001132,C003001,Silver,6438,2026-04-03,Active
L001133,C005821,Gold,5793,2023-06-06,Active
L001134,C008582,Silver,9386,2026-06-29,Inactive
L001135,C003685,Silver,471,2022-10-26,Inactive
L001136,C002996,Gold,2912,2025-01-25,Active
L001137,C004253,Silver,5315,2024-08-18,Active
L001138,C003412,Gold,2867,2025-09-16,Inactive
L001139,C007963,Gold,8301,2026-02-09,Active
L001140,C006310,Bronze,7372,2026-01-07,Inactive
L001141,C008612,Gold,2819,2025-05-04,Active
L001142,C005013,Bronze,5938,2025-02-12,Active
L001143,C007751,Gold,1038,2026-05-06,Inactive
L001144,C005980,Gold,5154,2025-01-13,Inactive
L001145,C004049,Gold,2847,2025-11-07,Inactive
L001146,C004900,Platinum,5182,2025-10-17,Inactive
L001147,C001319,Bronze,7172,2026-04-01,Active
L001148,C009773,Bronze,6052,2025-07-19,Inactive
L001149,C009138,Silver,2863,2023-04-27,Inactive
L001150,C007143,Silver,255,2026-04-14,Active
L001151,C001898,Silver,4285,2023-11-16,Active
L001152,C007466,Bronze,9538,2024-04-28,Active
L001153,C000604,Gold,903,2026-05-28,Inactive
L001154,C002847,Silver,1836,2023-02-04,Inactive
L001155,C008208,Gold,3194,2025-09-09,Active
L001156,C000394,Bronze,8256,2025-04-14,Active
L001157,C004437,Silver,9086,2026-02-25,Active
L001158,C009448,Gold,7339,2022-08-03,Active
L001159,C007235,Silver,4820,2026-06-19,Active
L001160,C005399,Platinum,4850,2024-11-26,Active
L001161,C000096,Silver,4555,2026-02-28,Active
L001162,C001663,Platinum,3541,2022-06-27,Active
L001163,C008971,Silver,3409,2024-05-09,Active
L001164,C005131,Bronze,5501,2026-07-05,Active
L001165,C001489,Gold,6345,2024-09-29,Active
L001166,C008317,Bronze,5595,2026-05-03,Active
L001167,C002708,Gold,8421,2025-07-09,Active
L001168,C001596,Platinum,9567,2023-01-11,Active
L001169,C009278,Silver,7549,2022-02-06,Active
L001170,C002378,Gold,6079,2022-07-23,Inactive
L001171,C005141,Gold,5922,2025-09-06,Active
L001172,C006148,Gold,9107,2026-01-02,Active
L001173,C008242,Silver,6712,2024-02-27,Inactive
L001174,C003949,Platinum,6596,2025-02-04,Inactive
L001175,C003934,Platinum,3438,2026-03-12,Inactive
L001176,C004798,Silver,2398,2025-11-08,Active
L001177,C004373,Gold,6220,2025-06-28,Active
L001178,C009863,Gold,2220,2026-07-03,Active
L001179,C008243,Platinum,8080,2025-11-04,Active
L001180,C003449,Bronze,2185,2026-05-04,Active
L001181,C002944,Gold,6955,2026-06-27,Active
L001182,C002466,Silver,1490,2024-10-23,Active
L001183,C008583,Platinum,1170,2026-04-11,Active
L001184,C005507,Bronze,8398,2025-07-29,Active
L001185,C002699,Gold,450,2026-07-06,Active
L001186,C002448,Silver,5668,2026-05-03,Active
L001187,C000020,Silver,5567,2026-05-08,Active
L001188,C002749,Platinum,5481,2023-11-24,Active
L001189,C005400,Platinum,6633,2026-06-26,Active
L001190,C008079,Bronze,9851,2024-07-25,Active
L001191,C006872,Gold,8347,2026-02-24,Active
L001192,C004709,Platinum,3921,2026-06-03,Active
L001193,C009477,Bronze,1265,2024-12-02,Inactive
L001194,C000810,Platinum,7578,2026-01-10,Active
L001195,C007478,Gold,8002,2026-02-05,Active
L001196,C002274,Gold,565,2023-09-06,Active
L001197,C001924,Bronze,148,2026-02-15,Active
L001198,C001471,Silver,4689,2026-04-09,Active
L001199,C007935,Gold,5629,2025-05-25,Active
L001200,C007408,Gold,1172,2026-01-25,Active
L001201,C002407,Gold,2348,2026-06-25,Active
L001202,C001143,Silver,3099,2025-04-27,Active
L001203,C001748,Silver,2446,2026-02-26,Active
L001204,C005710,Silver,9161,2024-11-29,Inactive
L001205,C004976,Bronze,5032,2026-04-18,Active
L001206,C007301,Silver,5718,2026-05-16,Active
L001207,C008149,Bronze,8430,2023-04-13,Active
L001208,C002834,Gold,3878,2026-04-17,Inactive
L001209,C003132,Bronze,8695,2025-03-22,Active
L001210,C001311,Silver,1267,2026-05-12,Inactive
L001211,C008651,Bronze,1435,2026-04-04,Active
L001212,C006775,Platinum,6774,2026-03-10,Active
L001213,C006757,Platinum,1307,2023-08-13,Inactive
L001214,C000621,Gold,2779,2025-04-23,Active
L001215,C002702,Platinum,8522,2026-01-19,Active
L001216,C002200,Gold,9641,2026-03-10,Active
L001217,C006197,Gold,7542,2023-06-17,Active
L001218,C008825,Bronze,6137,2026-03-29,Active
L001219,C001047,Platinum,5469,2024-06-26,Inactive
L001220,C005769,Bronze,6612,2025-10-25,Active
L001221,C009948,Bronze,7758,2025-10-23,Active
L001222,C009020,Gold,1615,2024-08-17,Active
L001223,C000744,Bronze,3788,2024-12-19,Inactive
L001224,C000223,Silver,3589,2026-05-19,Active
L001225,C003150,Platinum,6068,2024-06-13,Active
L001226,C000626,Bronze,2550,2026-01-09,Active
L001227,C009335,Bronze,8068,2025-08-05,Inactive
L001228,C007567,Silver,8252,2024-08-06,Active
L001229,C004583,Platinum,9371,2025-12-13,Active
L001230,C005712,Silver,8657,2025-02-22,Active
L001231,C003285,Silver,9788,2025-03-30,Active
L001232,C007586,Gold,2953,2023-04-27,Active
L001233,C009647,Bronze,438,2026-06-11,Active
L001234,C001531,Bronze,9813,2025-06-04,Active
L001235,C009686,Gold,1956,2025-09-30,Inactive
L001236,C000354,Bronze,9224,2025-12-08,Active
L001237,C002475,Platinum,2138,2023-02-24,Active
L001238,C008014,Gold,5138,2026-04-17,Active
L001239,C006476,Gold,9713,2026-04-02,Active
L001240,C006450,Gold,9126,2024-09-06,Active
L001241,C000240,Gold,2101,2024-07-04,Inactive
L001242,C002626,Bronze,8739,2026-01-17,Active
L001243,C009787,Silver,811,2024-10-08,Active
L001244,C007199,Platinum,6535,2023-06-02,Active
L001245,C007693,Gold,9582,2024-06-13,Active
L001246,C002998,Gold,8537,2024-10-29,Inactive
L001247,C006441,Bronze,5498,2026-06-18,Inactive
L001248,C004563,Platinum,2583,2024-04-12,Active
L001249,C008615,Gold,8520,2026-03-21,Active
L001250,C001480,Gold,1424,2024-09-14,Active
L001251,C001019,Platinum,3834,2023-03-20,Active
L001252,C003095,Silver,9352,2024-07-31,Active
L001253,C006183,Silver,6080,2026-04-23,Active
L001254,C004961,Silver,6092,2025-09-04,Inactive
L001255,C008493,Bronze,7164,2025-08-30,Active
L001256,C001104,Gold,1922,2026-02-21,Inactive
L001257,C006082,Platinum,7518,2026-01-17,Active
L001258,C009526,Silver,3663,2025-05-12,Active
L001259,C005191,Silver,8359,2025-09-03,Inactive
L001260,C004182,Gold,4644,2025-05-16,Active
L001261,C004468,Silver,606,2024-09-30,Inactive
L001262,C001627,Gold,9768,2025-06-21,Active
L001263,C006718,Bronze,6337,2024-09-23,Active
L001264,C003799,Platinum,5106,2024-09-27,Inactive
L001265,C003054,Bronze,9221,2024-02-17,Inactive
L001266,C002868,Silver,1799,2026-03-01,Active
L001267,C001433,Platinum,5805,2026-07-01,Active
L001268,C007984,Silver,7301,2026-06-17,Inactive
L001269,C009347,Gold,3176,2026-06-23,Active
L001270,C009420,Silver,3590,2026-07-06,Active
L001271,C004077,Bronze,7508,2025-11-03,Inactive
L001272,C000218,Bronze,5287,2026-02-23,Active
L001273,C003556,Bronze,6557,2022-12-23,Active
L001274,C007937,Gold,7003,2023-07-15,Active
L001275,C008422,Platinum,6216,2025-12-11,Inactive
L001276,C001035,Bronze,5810,2023-09-02,Active
L001277,C003774,Platinum,3941,2025-08-27,Active
L001278,C004133,Silver,3979,2024-11-21,Active
L001279,C002336,Gold,9805,2025-07-03,Active
L001280,C006493,Bronze,8053,2025-07-25,Active
L001281,C001483,Bronze,5591,2025-05-31,Active
L001282,C000907,Platinum,9953,2025-10-27,Active
L001283,C006089,Platinum,7338,2024-07-24,Active
L001284,C006467,Silver,7370,2022-10-16,Inactive
L001285,C005677,Platinum,9878,2025-07-31,Active
L001286,C002771,Gold,1701,2026-07-02,Active
L001287,C001806,Platinum,9943,2024-06-06,Active
L001288,C007375,Silver,4923,2023-06-19,Active
L001289,C002115,Silver,3040,2026-04-07,Active
L001290,C004535,Silver,1095,2023-11-20,Inactive
L001291,C002532,Bronze,4906,2026-05-13,Inactive
L001292,C008526,Gold,6673,2024-02-22,Active
L001293,C003471,Platinum,3511,2025-09-13,Active
L001294,C001403,Gold,6127,2023-08-24,Active
L001295,C000853,Platinum,8690,2026-05-12,Active
L001296,C003083,Platinum,9642,2026-05-25,Active
L001297,C008025,Bronze,8182,2026-05-13,Active
L001298,C007566,Silver,9,2023-06-19,Active
L001299,C005530,Gold,8171,2026-06-18,Active
L001300,C007855,Silver,2166,2026-02-07,Active
L001301,C004933,Bronze,3738,2025-12-30,Active
L001302,C005160,Platinum,61,2025-11-28,Active
L001303,C009716,Bronze,7007,2025-08-04,Active
L001304,C003847,Gold,2240,2026-06-26,Active
L001305,C006484,Silver,2195,2026-05-19,Inactive
L001306,C000748,Gold,4755,2026-04-30,Active
L001307,C003035,Gold,7823,2026-04-02,Active
L001308,C000348,Gold,2165,2025-10-30,Active
L001309,C003352,Platinum,1464,2024-12-06,Active
L001310,C002865,Gold,9515,2026-01-22,Active
L001311,C002168,Bronze,1520,2025-10-16,Inactive
L001312,C006955,Bronze,4432,2025-09-21,Active
L001313,C006210,Platinum,1737,2023-07-08,Active
L001314,C002778,Bronze,4646,2025-11-16,Active
L001315,C001442,Gold,8727,2024-04-11,Active
L001316,C005658,Silver,5473,2025-06-18,Inactive
L001317,C009658,Platinum,1386,2026-07-01,Active
L001318,C003028,Bronze,910,2024-06-15,Active
L001319,C006118,Platinum,7293,2025-10-20,Active
L001320,C002484,Silver,642,2026-05-14,Active
L001321,C002883,Silver,4524,2025-07-13,Active
L001322,C005562,Gold,8146,2025-04-26,Active
L001323,C000764,Silver,6164,2021-12-25,Active
L001324,C006482,Platinum,2308,2025-12-06,Inactive
L001325,C001617,Bronze,2118,2023-04-26,Active
L001326,C001223,Gold,155,2023-10-20,Active
L001327,C008665,Bronze,2997,2026-03-18,Inactive
L001328,C006222,Gold,2077,2023-07-26,Active
L001329,C001577,Silver,9073,2024-06-06,Inactive
L001330,C009392,Silver,6050,2024-09-15,Active
L001331,C006351,Gold,7548,2025-05-16,Active
L001332,C003783,Bronze,2668,2023-05-21,Active
L001333,C004375,Platinum,8729,2026-06-28,Active
L001334,C000709,Platinum,8862,2026-02-07,Active
L001335,C000510,Gold,6617,2026-06-29,Active
L001336,C002955,Platinum,2186,2025-05-29,Active
L001337,C007538,Bronze,945,2026-03-14,Active
L001338,C006339,Platinum,6062,2023-09-30,Active
L001339,C008923,Bronze,4372,2026-01-04,Active
L001340,C007064,Gold,6717,2026-06-08,Inactive
L001341,C007163,Bronze,719,2024-08-22,Active
L001342,C007372,Platinum,8715,2026-04-24,Active
L001343,C006829,Platinum,8032,2023-07-03,Active
L001344,C003616,Silver,926,2026-05-15,Active
L001345,C004657,Silver,8756,2025-08-08,Inactive
L001346,C006976,Bronze,656,2025-11-01,Active
L001347,C004351,Platinum,4234,2025-12-23,Inactive
L001348,C000712,Bronze,3066,2026-05-01,Active
L001349,C006479,Platinum,6028,2025-11-08,Active
L001350,C009130,Platinum,840,2024-07-10,Active
L001351,C008205,Silver,6877,2024-07-06,Active
L001352,C009204,Gold,7114,2026-02-28,Inactive
L001353,C000713,Silver,4497,2023-08-21,Active
L001354,C009113,Platinum,9095,2026-06-05,Inactive
L001355,C001246,Platinum,6498,2025-10-08,Active
L001356,C009786,Bronze,3468,2024-08-03,Active
L001357,C006849,Bronze,7865,2024-10-23,Active
L001358,C005134,Platinum,2372,2026-06-05,Inactive
L001359,C000716,Bronze,3774,2025-08-28,Active
L001360,C003464,Silver,6254,2025-10-16,Inactive
L001361,C004395,Platinum,7596,2026-05-13,Inactive
L001362,C004569,Silver,8897,2026-06-17,Inactive
L001363,C008804,Platinum,4566,2024-08-02,Active
L001364,C008490,Gold,3330,2026-05-24,Active
L001365,C007702,Gold,5460,2026-02-22,Active
L001366,C000213,Gold,4946,2022-11-11,Active
L001367,C009768,Silver,3207,2026-01-06,Active
L001368,C006839,Silver,2843,2024-09-24,Active
L001369,C001011,Platinum,7013,2025-06-05,Active
L001370,C000324,Gold,5391,2026-02-10,Active
L001371,C005397,Gold,358,2025-11-11,Active
L001372,C005991,Gold,3444,2025-04-27,Active
L001373,C003173,Bronze,9909,2022-09-20,Inactive
L001374,C000335,Gold,6293,2026-05-31,Active
L001375,C008306,Bronze,591,2023-12-16,Inactive
L001376,C002211,Silver,2776,2026-06-20,Inactive
L001377,C004272,Platinum,5668,2026-03-09,Active
L001378,C006741,Silver,9005,2024-11-10,Inactive
L001379,C000234,Platinum,7872,2025-11-08,Active
L001380,C005951,Silver,1397,2024-06-15,Active
L001381,C005738,Bronze,6894,2025-08-07,Inactive
L001382,C007922,Bronze,9574,2026-07-05,Active
L001383,C002349,Platinum,1523,2025-11-24,Active
L001384,C002037,Gold,5512,2026-04-29,Inactive
L001385,C007485,Gold,5113,2025-10-26,Active
L001386,C006007,Gold,7212,2026-05-28,Active
L001387,C004554,Silver,235,2023-04-11,Active
L001388,C008073,Silver,2242,2026-04-09,Active
L001389,C001459,Silver,4481,2025-07-26,Active
L001390,C003289,Platinum,1952,2025-03-15,Inactive
L001391,C003065,Silver,4906,2025-09-02,Active
L001392,C009437,Silver,2158,2026-07-02,Active
L001393,C000775,Silver,391,2026-05-19,Inactive
L001394,C006833,Bronze,3858,2025-07-02,Active
L001395,C000872,Gold,8523,2023-03-25,Active
L001396,C008750,Silver,3752,2025-12-26,Active
L001397,C001264,Platinum,3854,2024-01-12,Active
L001398,C004834,Platinum,9193,2025-01-23,Inactive
L001399,C003895,Bronze,7442,2025-07-06,Active
L001400,C006324,Bronze,1560,2023-01-30,Active
L001401,C009213,Gold,8644,2026-04-02,Active
L001402,C007020,Platinum,9423,2026-05-21,Inactive
L001403,C001221,Gold,6252,2025-08-30,Active
L001404,C001447,Silver,6479,2026-03-29,Inactive
L001405,C003185,Bronze,6573,2024-02-13,Active
L001406,C000409,Silver,4076,2025-11-30,Active
L001407,C004345,Gold,5061,2026-05-13,Inactive
L001408,C003022,Gold,8147,2024-10-09,Active
L001409,C002304,Bronze,9228,2026-06-04,Active
L001410,C006272,Bronze,4041,2022-01-27,Active
L001411,C008281,Platinum,119,2024-02-07,Active
L001412,C006642,Platinum,8651,2026-04-03,Active
L001413,C006956,Bronze,8927,2023-07-24,Inactive
L001414,C002110,Platinum,7824,2025-03-08,Active
L001415,C005352,Silver,4103,2024-05-09,Active
L001416,C009684,Bronze,7329,2025-06-13,Active
L001417,C008344,Bronze,740,2025-04-06,Active
L001418,C004550,Gold,215,2025-09-15,Inactive
L001419,C001881,Bronze,7648,2025-10-02,Active
L001420,C005946,Bronze,7044,2025-01-17,Active
L001421,C001738,Bronze,8927,2026-01-22,Active
L001422,C007794,Bronze,2456,2025-11-23,Active
L001423,C005213,Platinum,5935,2026-01-30,Active
L001424,C003209,Silver,8072,2025-05-16,Active
L001425,C007083,Gold,6113,2023-10-21,Active
L001426,C002056,Bronze,2655,2025-07-27,Active
L001427,C001689,Platinum,4601,2024-08-08,Active
L001428,C004780,Bronze,7030,2026-05-24,Active
L001429,C007476,Silver,9503,2025-06-29,Active
L001430,C007877,Silver,5917,2026-01-29,Inactive
L001431,C006750,Silver,8827,2025-10-09,Active
L001432,C008556,Silver,7607,2023-10-02,Active
L001433,C008123,Silver,8169,2026-05-28,Active
L001434,C006991,Platinum,5551,2026-06-26,Inactive
L001435,C008267,Platinum,5290,2024-03-11,Active
L001436,C008540,Silver,8260,2026-03-10,Active
L001437,C003393,Platinum,5148,2024-05-05,Inactive
L001438,C006326,Silver,6078,2023-01-18,Active
L001439,C003529,Gold,2101,2024-05-09,Active
L001440,C004605,Platinum,1365,2024-12-27,Active
L001441,C007024,Gold,3296,2025-09-02,Active
L001442,C006322,Gold,265,2026-04-24,Active
L001443,C000746,Platinum,8952,2022-10-06,Inactive
L001444,C000711,Gold,5402,2025-11-25,Active
L001445,C000380,Bronze,5280,2026-03-17,Active
L001446,C008783,Gold,6381,2026-06-19,Active
L001447,C003012,Gold,4632,2022-01-20,Active
L001448,C008859,Silver,8694,2025-10-02,Active
L001449,C007153,Silver,6987,2025-03-04,Active
L001450,C008567,Silver,662,2025-07-29,Active
L001451,C003498,Silver,951,2025-12-17,Active
L001452,C003890,Silver,4388,2024-12-10,Active
L001453,C004485,Silver,539,2025-12-02,Active
L001454,C004012,Silver,6769,2026-06-28,Active
L001455,C002620,Silver,2579,2025-01-10,Inactive
L001456,C006671,Gold,9155,2026-02-28,Inactive
L001457,C006513,Platinum,6572,2025-06-25,Active
L001458,C003468,Bronze,1878,2025-11-28,Active
L001459,C001314,Silver,987,2023-05-04,Active
L001460,C008606,Bronze,2115,2026-05-08,Active
L001461,C002070,Platinum,2230,2026-04-26,Inactive
L001462,C002983,Silver,2638,2026-01-26,Inactive
L001463,C005915,Bronze,1772,2025-03-10,Active
L001464,C009171,Silver,3693,2023-07-19,Inactive
L001465,C001286,Silver,1619,2024-12-25,Active
L001466,C008991,Silver,1668,2026-05-07,Active
L001467,C008430,Silver,5073,2025-03-10,Active
L001468,C001350,Bronze,2442,2025-06-29,Active
L001469,C002612,Platinum,8810,2026-03-18,Inactive
L001470,C009495,Gold,795,2026-03-02,Active
L001471,C003669,Platinum,8155,2022-10-13,Active
L001472,C002222,Gold,7939,2025-06-30,Inactive
L001473,C000428,Bronze,4801,2025-12-17,Inactive
L001474,C000654,Silver,8976,2024-01-16,Active
L001475,C009914,Gold,9588,2024-11-03,Active
L001476,C003536,Bronze,6696,2025-06-09,Active
L001477,C007737,Platinum,1474,2026-06-28,Active
L001478,C003246,Gold,1011,2023-10-20,Inactive
L001479,C004741,Platinum,6754,2025-09-22,Active
L001480,C009069,Bronze,650,2026-04-05,Inactive
L001481,C004100,Silver,1132,2026-06-22,Inactive
L001482,C004101,Silver,302,2025-10-18,Active
L001483,C006960,Gold,2676,2022-12-31,Inactive
L001484,C000612,Gold,4631,2026-01-09,Inactive
L001485,C004289,Gold,8804,2026-03-18,Inactive
L001486,C008571,Bronze,2074,2025-03-11,Active
L001487,C009713,Bronze,1977,2023-05-06,Active
L001488,C001544,Bronze,1782,2026-06-27,Inactive
L001489,C009536,Silver,1623,2026-03-10,Inactive
L001490,C003854,Bronze,1136,2024-10-29,Inactive
L001491,C000555,Silver,3446,2023-10-15,Active
L001492,C006366,Silver,4499,2026-03-08,Active
L001493,C000512,Silver,8576,2026-02-04,Active
L001494,C003207,Platinum,8690,2026-07-04,Active
L001495,C008085,Silver,3597,2025-04-19,Active
L001496,C000968,Platinum,1465,2026-01-25,Inactive
L001497,C006044,Silver,5278,2026-02-05,Active
L001498,C006880,Gold,8401,2024-03-10,Active
L001499,C006776,Silver,7903,2022-09-15,Active
L001500,C003296,Gold,9141,2025-07-15,Active
L001501,C008702,Bronze,3322,2023-10-29,Active
L001502,C003430,Silver,3428,2024-11-20,Inactive
L001503,C008871,Silver,5892,2026-04-01,Active
L001504,C006963,Bronze,5847,2022-10-06,Active
L001505,C002089,Gold,7400,2025-08-14,Inactive
L001506,C008500,Gold,3233,2025-12-02,Active
L001507,C006163,Platinum,1194,2025-06-14,Active
L001508,C003211,Bronze,8579,2025-01-17,Active
L001509,C009201,Bronze,867,2021-12-31,Active
L001510,C006606,Gold,1435,2026-02-05,Inactive
L001511,C001110,Platinum,4927,2026-05-13,Active
L001512,C005729,Silver,8536,2025-02-17,Active
L001513,C007830,Bronze,6192,2024-11-14,Active
L001514,C001039,Bronze,9465,2025-05-11,Active
L001515,C001195,Gold,4425,2026-05-17,Active
L001516,C004475,Gold,3840,2024-01-21,Inactive
L001517,C009875,Bronze,9242,2024-11-08,Active
L001518,C002123,Bronze,954,2025-07-15,Active
L001519,C004983,Platinum,1458,2025-04-19,Active
L001520,C008974,Platinum,2250,2023-11-05,Active
L001521,C005701,Silver,1603,2026-05-05,Inactive
L001522,C000935,Gold,2163,2024-12-07,Active
L001523,C006102,Gold,4665,2023-09-30,Active
L001524,C004690,Gold,5585,2024-03-05,Inactive
L001525,C000395,Platinum,1458,2023-12-20,Active
L001526,C004686,Bronze,9366,2026-01-10,Active
L001527,C008777,Bronze,3279,2024-12-26,Active
L001528,C009166,Platinum,8943,2025-03-23,Active
L001529,C005981,Silver,1303,2026-03-04,Active
L001530,C009943,Platinum,7270,2023-10-29,Active
L001531,C002192,Bronze,4003,2025-12-16,Active
L001532,C001298,Gold,3094,2026-01-08,Active
L001533,C005045,Silver,5438,2025-11-05,Inactive
L001534,C001163,Gold,8943,2026-02-21,Inactive
L001535,C004255,Silver,4442,2024-10-22,Active
L001536,C006373,Bronze,2364,2026-06-02,Inactive
L001537,C001528,Gold,7066,2026-01-18,Active
L001538,C004343,Gold,2598,2025-03-25,Active
L001539,C002031,Gold,8430,2023-06-01,Active
L001540,C003061,Platinum,1905,2026-07-04,Active
L001541,C000059,Platinum,5783,2026-04-24,Active
L001542,C002406,Platinum,4679,2026-07-05,Active
L001543,C005007,Platinum,6529,2024-07-03,Active
L001544,C006158,Silver,8872,2024-12-16,Active
L001545,C007376,Silver,4480,2025-05-08,Active
L001546,C004507,Platinum,1923,2025-04-30,Inactive
L001547,C005215,Platinum,1748,2026-04-03,Active
L001548,C006030,Platinum,2896,2022-04-27,Active
L001549,C001781,Platinum,9697,2026-05-08,Active
L001550,C005448,Gold,6902,2026-04-28,Active
L001551,C004607,Bronze,306,2026-05-05,Inactive
L001552,C006915,Platinum,3337,2023-04-18,Inactive
L001553,C000677,Gold,2726,2026-02-17,Inactive
L001554,C003583,Gold,8427,2026-05-30,Inactive
L001555,C003654,Bronze,4063,2026-07-03,Active
L001556,C007921,Bronze,1251,2025-07-18,Active
L001557,C009500,Silver,1116,2026-06-23,Active
L001558,C002733,Bronze,1411,2026-03-13,Inactive
L001559,C004788,Bronze,2451,2026-01-14,Inactive
L001560,C002755,Bronze,5287,2025-09-03,Active
L001561,C002338,Gold,6657,2026-04-13,Active
L001562,C003644,Platinum,8741,2024-08-12,Inactive
L001563,C007738,Platinum,1392,2023-08-15,Active
L001564,C005517,Platinum,1751,2023-08-11,Active
L001565,C005247,Bronze,6940,2026-01-02,Active
L001566,C000867,Gold,2789,2026-05-21,Active
L001567,C004448,Platinum,2454,2025-07-01,Active
L001568,C005072,Platinum,2665,2023-11-01,Active
L001569,C004882,Gold,619,2026-07-05,Inactive
L001570,C009511,Platinum,7155,2024-08-11,Active
L001571,C003003,Bronze,7305,2026-05-17,Active
L001572,C002226,Platinum,1803,2025-05-27,Inactive
L001573,C009057,Silver,7688,2026-02-28,Inactive
L001574,C004827,Silver,3218,2025-08-07,Active
L001575,C007622,Platinum,8173,2026-01-15,Active
L001576,C009690,Bronze,2515,2023-10-30,Active
L001577,C005501,Bronze,5071,2024-10-26,Inactive
L001578,C009701,Silver,6133,2026-01-22,Active
L001579,C008479,Platinum,3100,2024-03-12,Inactive
L001580,C005503,Platinum,4190,2024-04-05,Active
L001581,C001211,Platinum,440,2024-04-27,Inactive
L001582,C009084,Gold,8826,2025-01-30,Active
L001583,C002289,Gold,2055,2024-06-15,Active
L001584,C002184,Bronze,7387,2026-01-19,Active
L001585,C002863,Gold,8387,2025-05-14,Active
L001586,C006862,Gold,4412,2025-09-22,Active
L001587,C002363,Bronze,8003,2025-11-24,Active
L001588,C008464,Gold,4245,2024-07-02,Inactive
L001589,C006333,Gold,2833,2026-03-20,Inactive
L001590,C004065,Bronze,9681,2022-12-21,Active
L001591,C009547,Platinum,981,2026-04-23,Active
L001592,C000618,Silver,4942,2026-06-29,Active
L001593,C003282,Silver,5482,2022-11-17,Inactive
L001594,C005227,Platinum,1603,2026-05-08,Active
L001595,C003398,Bronze,5384,2026-07-05,Active
L001596,C003066,Bronze,8015,2025-11-27,Active
L001597,C000767,Silver,4931,2025-09-24,Inactive
L001598,C007079,Gold,4451,2024-03-03,Active
L001599,C005280,Bronze,7569,2023-07-25,Active
L001600,C004150,Platinum,3725,2026-06-05,Inactive
L001601,C001145,Platinum,1606,2026-04-12,Active
L001602,C004249,Gold,6138,2022-09-26,Active
L001603,C004111,Bronze,2309,2026-06-28,Active
L001604,C000463,Bronze,3864,2026-02-27,Active
L001605,C002933,Bronze,6869,2025-11-27,Active
L001606,C004624,Bronze,4524,2026-02-08,Active
L001607,C003814,Bronze,5912,2026-07-06,Inactive
L001608,C006309,Gold,9667,2023-08-15,Active
L001609,C004342,Platinum,8444,2025-07-18,Active
L001610,C005301,Silver,951,2024-07-28,Inactive
L001611,C006805,Platinum,8357,2025-04-18,Active
L001612,C003283,Bronze,3235,2026-06-10,Active
L001613,C002575,Platinum,826,2025-05-26,Inactive
L001614,C007962,Gold,6435,2022-08-03,Inactive
L001615,C007880,Silver,4171,2023-12-28,Active
L001616,C000829,Platinum,2506,2026-02-15,Inactive
L001617,C006487,Bronze,2020,2026-05-31,Active
L001618,C007600,Silver,8945,2026-04-16,Active
L001619,C002541,Bronze,5832,2025-12-01,Active
L001620,C005747,Silver,6931,2023-02-18,Active
L001621,C008527,Silver,1294,2026-01-21,Active
L001622,C009567,Platinum,9170,2024-06-28,Active
L001623,C003743,Bronze,1033,2023-01-03,Inactive
L001624,C007499,Silver,2295,2026-02-06,Inactive
L001625,C003525,Bronze,7551,2026-04-12,Inactive
L001626,C000021,Silver,6543,2024-08-16,Active
L001627,C001916,Gold,1669,2025-12-10,Active
L001628,C006572,Bronze,4561,2026-05-05,Inactive
L001629,C009019,Bronze,1190,2025-05-31,Inactive
L001630,C002013,Silver,7332,2025-11-14,Inactive
L001631,C005406,Gold,3291,2026-06-25,Active
L001632,C001296,Bronze,8394,2026-04-01,Active
L001633,C003746,Platinum,9678,2023-06-06,Active
L001634,C000592,Silver,6829,2023-04-01,Active
L001635,C001407,Bronze,4871,2024-10-01,Active
L001636,C000222,Bronze,3163,2025-11-06,Inactive
L001637,C005618,Gold,1989,2024-09-05,Inactive
L001638,C006249,Platinum,8683,2022-08-25,Active
L001639,C004419,Bronze,690,2025-02-03,Active
L001640,C000859,Platinum,1981,2025-05-30,Active
L001641,C001784,Bronze,2111,2026-04-27,Active
L001642,C007260,Platinum,4497,2025-10-16,Inactive
L001643,C006857,Bronze,6336,2024-02-02,Active
L001644,C001955,Platinum,9434,2023-08-12,Active
L001645,C001747,Platinum,6541,2024-06-10,Active
L001646,C003133,Bronze,7113,2026-06-20,Active
L001647,C008037,Platinum,8168,2025-08-18,Active
L001648,C008851,Silver,8137,2025-11-13,Active
L001649,C000995,Platinum,2719,2022-09-10,Active
L001650,C006109,Silver,3008,2023-06-20,Inactive
L001651,C000731,Platinum,4191,2023-07-19,Active
L001652,C006975,Silver,6209,2025-07-23,Active
L001653,C006274,Bronze,9139,2026-06-11,Active
L001654,C006752,Platinum,8969,2026-02-27,Inactive
L001655,C003510,Silver,4898,2026-07-02,Inactive
L001656,C003534,Silver,9104,2025-06-10,Active
L001657,C002514,Gold,2058,2026-04-24,Inactive
L001658,C005437,Gold,1523,2023-09-14,Inactive
L001659,C003626,Bronze,9327,2026-01-24,Active
L001660,C000466,Bronze,3598,2026-06-23,Active
L001661,C006756,Bronze,2164,2026-04-07,Inactive
L001662,C006760,Silver,7187,2024-11-21,Active
L001663,C007992,Silver,2966,2023-10-10,Active
L001664,C000158,Platinum,3073,2026-02-01,Inactive
L001665,C003961,Silver,6202,2023-09-09,Active
L001666,C008833,Silver,5527,2026-03-18,Active
L001667,C005471,Silver,8164,2026-04-26,Active
L001668,C000186,Platinum,609,2024-04-12,Active
L001669,C001003,Bronze,4691,2024-09-09,Active
L001670,C009509,Silver,6098,2024-09-18,Active
L001671,C005624,Platinum,2572,2023-09-08,Inactive
L001672,C000401,Silver,3913,2023-06-10,Active
L001673,C006241,Gold,8926,2026-05-02,Active
L001674,C008941,Bronze,9487,2025-01-14,Active
L001675,C009933,Silver,6144,2022-02-22,Active
L001676,C007343,Silver,5606,2025-12-19,Active
L001677,C009833,Platinum,3866,2023-09-26,Active
L001678,C008467,Silver,4656,2025-08-09,Active
L001679,C008757,Gold,5968,2025-10-08,Active
L001680,C007959,Silver,7061,2026-02-17,Inactive
L001681,C001251,Silver,6547,2023-09-23,Active
L001682,C003144,Silver,9498,2024-04-23,Active
L001683,C007431,Gold,2488,2025-10-23,Active
L001684,C000060,Gold,4748,2025-01-08,Active
L001685,C007856,Platinum,7682,2025-12-06,Active
L001686,C001114,Silver,4903,2023-05-12,Active
L001687,C003058,Bronze,3659,2025-10-31,Active
L001688,C009570,Gold,5803,2025-06-15,Active
L001689,C001329,Silver,1459,2025-09-09,Active
L001690,C004996,Gold,8579,2026-07-01,Active
L001691,C006683,Platinum,3140,2025-07-30,Active
L001692,C002073,Silver,7547,2023-08-24,Active
L001693,C004794,Bronze,5783,2023-06-06,Active
L001694,C006830,Gold,9217,2024-09-10,Inactive
L001695,C009630,Gold,5070,2025-12-06,Active
L001696,C008219,Silver,2741,2025-06-16,Active
L001697,C007568,Bronze,334,2026-02-23,Inactive
L001698,C005923,Gold,8840,2022-08-07,Inactive
L001699,C001551,Gold,8409,2026-06-04,Inactive
L001700,C001010,Gold,3607,2025-09-07,Active
L001701,C003756,Gold,4631,2026-04-09,Active
L001702,C008682,Silver,9018,2025-07-20,Active
L001703,C009343,Gold,2229,2026-06-30,Inactive
L001704,C008010,Bronze,5986,2021-11-15,Inactive
L001705,C003861,Platinum,113,2026-07-05,Active
L001706,C003149,Bronze,3120,2026-03-18,Active
L001707,C002520,Platinum,2025,2026-06-13,Active
L001708,C003128,Bronze,8086,2025-11-09,Active
L001709,C009085,Silver,9792,2024-07-10,Active
L001710,C005317,Silver,7123,2024-01-23,Active
L001711,C001196,Silver,2656,2025-10-04,Inactive
L001712,C009051,Platinum,8309,2026-07-04,Active
L001713,C000880,Silver,5348,2026-01-08,Inactive
L001714,C006990,Bronze,8678,2024-06-02,Active
L001715,C002488,Silver,457,2021-10-08,Inactive
L001716,C002841,Platinum,5670,2022-11-02,Active
L001717,C004330,Platinum,8668,2025-10-15,Inactive
L001718,C002931,Platinum,2962,2022-07-31,Active
L001719,C006425,Platinum,2894,2026-03-18,Inactive
L001720,C002486,Gold,4135,2025-08-17,Active
L001721,C005748,Gold,4679,2024-11-07,Active
L001722,C000884,Bronze,6375,2026-07-03,Active
L001723,C004915,Bronze,172,2024-01-30,Active
L001724,C006211,Platinum,9589,2026-07-03,Inactive
L001725,C009579,Platinum,2045,2024-06-07,Active
L001726,C000212,Silver,1013,2026-04-07,Active
L001727,C002276,Bronze,4408,2026-06-25,Inactive
L001728,C002329,Bronze,5387,2024-05-04,Inactive
L001729,C004951,Gold,528,2026-02-15,Active
L001730,C003320,Silver,3658,2026-05-24,Active
L001731,C009835,Bronze,7458,2026-06-18,Inactive
L001732,C004608,Bronze,1505,2024-07-23,Active
L001733,C001439,Platinum,6083,2025-07-03,Inactive
L001734,C000468,Platinum,6489,2026-03-02,Active
L001735,C005467,Silver,8830,2025-03-30,Active
L001736,C003330,Platinum,6402,2025-08-12,Active
L001737,C005829,Gold,5225,2025-05-20,Active
L001738,C008608,Platinum,3637,2023-09-03,Active
L001739,C000697,Bronze,8315,2025-12-01,Active
L001740,C007268,Silver,4676,2022-01-16,Inactive
L001741,C009145,Gold,6730,2023-12-03,Inactive
L001742,C008181,Gold,1942,2026-06-10,Inactive
L001743,C009939,Platinum,1983,2025-08-22,Inactive
L001744,C001315,Silver,541,2025-10-03,Inactive
L001745,C002302,Bronze,3417,2023-06-11,Inactive
L001746,C002040,Silver,7902,2025-02-01,Inactive
L001747,C007109,Bronze,7954,2024-04-15,Inactive
L001748,C003667,Gold,793,2025-10-08,Inactive
L001749,C000915,Gold,806,2025-09-22,Active
L001750,C000013,Platinum,8971,2026-03-14,Active
L001751,C008584,Bronze,1544,2026-06-06,Inactive
L001752,C006428,Silver,7059,2026-04-21,Active
L001753,C001537,Platinum,1144,2025-04-18,Inactive
L001754,C000737,Silver,8422,2025-10-14,Active
L001755,C008202,Platinum,6386,2022-05-23,Active
L001756,C008653,Platinum,1109,2026-03-23,Active
L001757,C000454,Bronze,3044,2026-04-06,Active
L001758,C004346,Platinum,2826,2026-05-09,Inactive
L001759,C000928,Bronze,9254,2024-07-06,Active
L001760,C006292,Silver,9734,2026-02-01,Inactive
L001761,C008282,Gold,9267,2026-07-03,Inactive
L001762,C008723,Platinum,9129,2025-02-25,Active
L001763,C006474,Silver,9804,2026-06-03,Active
L001764,C000038,Gold,8060,2026-04-12,Active
L001765,C005771,Platinum,752,2023-10-12,Active
L001766,C002555,Silver,6732,2023-02-03,Active
L001767,C007633,Gold,5985,2023-07-15,Active
L001768,C009999,Silver,9115,2026-03-19,Active
L001769,C006621,Platinum,6749,2026-02-19,Inactive
L001770,C000941,Gold,8530,2024-11-08,Active
L001771,C007399,Bronze,4899,2026-03-13,Inactive
L001772,C006129,Bronze,1383,2023-10-12,Inactive
L001773,C009830,Gold,2444,2026-03-27,Active
L001774,C002681,Platinum,8780,2024-05-31,Active
L001775,C004355,Gold,6403,2026-06-16,Inactive
L001776,C003059,Gold,7506,2024-08-26,Active
L001777,C007881,Platinum,5871,2024-07-28,Inactive
L001778,C000739,Silver,2239,2025-09-27,Active
L001779,C000539,Silver,3797,2025-11-13,Active
L001780,C003326,Bronze,7476,2022-11-03,Active
L001781,C004240,Bronze,6206,2024-11-28,Inactive
L001782,C001401,Bronze,9022,2025-08-27,Active
L001783,C004047,Silver,6571,2025-07-14,Active
L001784,C005138,Bronze,6929,2023-12-20,Active
L001785,C004230,Gold,9022,2023-05-22,Active
L001786,C004192,Bronze,742,2026-06-15,Active
L001787,C009143,Gold,1624,2026-04-11,Active
L001788,C005539,Platinum,9545,2025-10-10,Inactive
L001789,C002693,Silver,3190,2026-06-29,Inactive
L001790,C005341,Bronze,5763,2026-02-23,Inactive
L001791,C009918,Silver,3887,2026-04-02,Active
L001792,C007671,Bronze,7816,2025-10-26,Inactive
L001793,C009174,Gold,5586,2025-06-20,Active
L001794,C001808,Platinum,6082,2025-11-04,Active
L001795,C005112,Platinum,9588,2025-02-28,Inactive
L001796,C003990,Gold,4089,2024-07-13,Inactive
L001797,C003456,Bronze,9480,2026-06-09,Active
L001798,C002908,Gold,5489,2026-06-12,Active
L001799,C006652,Gold,9741,2025-07-13,Active
L001800,C008288,Silver,5252,2026-06-07,Active
L001801,C006245,Platinum,8351,2023-09-09,Active
L001802,C002698,Silver,293,2024-05-13,Active
L001803,C004017,Silver,4789,2024-07-29,Active
L001804,C004340,Silver,8232,2026-04-21,Active
L001805,C004646,Platinum,2723,2024-07-28,Inactive
L001806,C007740,Platinum,668,2026-07-05,Active
L001807,C007092,Gold,6185,2026-04-15,Active
L001808,C004693,Bronze,6796,2023-12-14,Active
L001809,C001740,Platinum,7372,2022-08-04,Active
L001810,C005407,Bronze,1672,2025-10-02,Active
L001811,C004589,Platinum,4640,2026-04-03,Active
L001812,C003126,Gold,9464,2025-12-15,Inactive
L001813,C002158,Platinum,6555,2025-01-09,Active
L001814,C005334,Platinum,3985,2022-06-21,Active
L001815,C008637,Gold,922,2026-03-12,Active
L001816,C001826,Bronze,2438,2025-12-02,Active
L001817,C004231,Gold,3330,2024-04-06,Active
L001818,C003488,Silver,9507,2025-09-15,Active
L001819,C009054,Bronze,7214,2024-07-03,Active
L001820,C009769,Platinum,7221,2022-09-22,Active
L001821,C003648,Gold,3371,2026-06-12,Active
L001822,C005903,Platinum,1697,2025-06-05,Active
L001823,C006386,Bronze,6174,2023-08-29,Inactive
L001824,C005639,Silver,2965,2025-10-10,Active
L001825,C006424,Platinum,7359,2026-01-07,Active
L001826,C007827,Platinum,3239,2024-08-09,Active
L001827,C007744,Platinum,543,2025-05-11,Active
L001828,C003013,Silver,5329,2026-05-07,Active
L001829,C007672,Silver,7860,2024-05-14,Active
L001830,C009549,Platinum,3238,2025-04-24,Inactive
L001831,C009978,Bronze,62,2025-06-18,Active
L001832,C003081,Gold,5029,2026-02-18,Active
L001833,C003521,Gold,5123,2026-03-30,Active
L001834,C004979,Platinum,2682,2025-06-12,Inactive
L001835,C007620,Gold,2465,2025-01-29,Active
L001836,C004348,Gold,3395,2025-06-25,Active
L001837,C008441,Silver,3979,2026-01-11,Active
L001838,C001347,Gold,6209,2026-03-11,Active
L001839,C007088,Gold,22,2024-06-30,Active
L001840,C008948,Bronze,1057,2023-12-03,Active
L001841,C005652,Platinum,7950,2026-02-12,Inactive
L001842,C008082,Gold,5636,2024-08-22,Active
L001843,C001792,Silver,960,2026-05-08,Active
L001844,C007429,Silver,8783,2022-06-26,Active
L001845,C009580,Silver,4071,2025-04-04,Active
L001846,C009960,Bronze,8605,2025-10-15,Active
L001847,C002271,Silver,3781,2026-03-20,Active
L001848,C009767,Gold,4756,2026-03-05,Active
L001849,C002956,Gold,4178,2025-04-23,Active
L001850,C003444,Bronze,4644,2023-07-29,Active
L001851,C007736,Platinum,3551,2024-11-05,Active
L001852,C000834,Platinum,6094,2026-04-30,Active
L001853,C006499,Gold,9639,2025-08-12,Inactive
L001854,C002992,Gold,4385,2024-02-03,Active
L001855,C007793,Bronze,3229,2026-05-30,Inactive
L001856,C002151,Platinum,857,2025-03-11,Active
L001857,C004023,Gold,6619,2024-11-14,Inactive
L001858,C007615,Platinum,2816,2026-05-23,Active
L001859,C006124,Platinum,4707,2024-09-24,Active
L001860,C003339,Silver,9037,2026-03-13,Active
L001861,C004344,Gold,3351,2024-06-13,Active
L001862,C004464,Bronze,6024,2026-05-12,Active
L001863,C002376,Gold,1550,2025-03-17,Active
L001864,C009044,Gold,483,2025-10-29,Active
L001865,C005571,Platinum,6780,2026-04-10,Active
L001866,C008599,Platinum,2307,2026-05-26,Active
L001867,C008504,Bronze,1333,2026-04-23,Active
L001868,C008880,Bronze,2739,2026-02-06,Active
L001869,C001887,Silver,460,2026-05-14,Active
L001870,C001198,Gold,7844,2021-07-29,Active
L001871,C006427,Platinum,3552,2026-01-01,Inactive
L001872,C008911,Bronze,1463,2026-02-06,Active
L001873,C002936,Gold,1890,2024-12-12,Active
L001874,C006342,Gold,8827,2026-04-02,Active
L001875,C001430,Platinum,4932,2026-05-24,Inactive
L001876,C006307,Gold,4535,2026-01-02,Inactive
L001877,C003650,Bronze,9271,2026-07-02,Inactive
L001878,C001938,Gold,7722,2025-10-06,Active
L001879,C005172,Silver,7386,2025-04-19,Inactive
L001880,C007764,Platinum,5907,2026-06-04,Active
L001881,C006393,Platinum,1696,2025-10-08,Active
L001882,C001154,Gold,8410,2026-07-04,Active
L001883,C006250,Platinum,6367,2022-04-09,Inactive
L001884,C007037,Platinum,1007,2023-07-23,Inactive
L001885,C004229,Silver,2908,2022-10-11,Active
L001886,C004975,Platinum,9588,2026-07-02,Active
L001887,C006401,Platinum,7018,2023-08-27,Active
L001888,C003640,Platinum,8172,2024-06-24,Active
L001889,C003972,Gold,2187,2025-12-29,Active
L001890,C009594,Platinum,4509,2024-05-16,Inactive
L001891,C003376,Silver,9538,2025-07-10,Active
L001892,C002487,Bronze,1774,2026-03-26,Inactive
L001893,C006954,Bronze,3172,2025-09-03,Active
L001894,C000606,Silver,5979,2023-07-12,Active
L001895,C007444,Bronze,4349,2026-06-06,Active
L001896,C005928,Silver,1137,2025-11-12,Active
L001897,C002454,Silver,4982,2025-05-07,Active
L001898,C003609,Platinum,1265,2024-11-04,Active
L001899,C001484,Gold,6442,2023-12-12,Active
L001900,C004519,Bronze,7782,2026-04-15,Inactive
L001901,C003038,Platinum,6932,2025-01-06,Active
L001902,C009352,Gold,6162,2024-09-25,Active
L001903,C007692,Bronze,2919,2026-03-20,Active
L001904,C004116,Platinum,4782,2023-08-16,Active
L001905,C001427,Bronze,3763,2026-05-28,Active
L001906,C000497,Bronze,1216,2026-06-08,Active
L001907,C003353,Gold,1063,2025-09-18,Active
L001908,C008794,Bronze,660,2024-03-26,Active
L001909,C000759,Bronze,5497,2025-06-27,Active
L001910,C000838,Gold,4420,2025-06-25,Active
L001911,C004327,Silver,7479,2025-12-06,Active
L001912,C002128,Gold,8889,2026-05-02,Active
L001913,C001023,Silver,2400,2026-03-20,Inactive
L001914,C008762,Bronze,4470,2026-05-21,Active
L001915,C005614,Silver,4454,2025-08-26,Inactive
L001916,C005581,Platinum,8990,2024-05-20,Active
L001917,C001058,Bronze,8890,2025-04-04,Inactive
L001918,C009542,Bronze,7628,2026-06-26,Active
L001919,C006856,Silver,478,2026-04-20,Inactive
L001920,C007349,Bronze,7415,2026-05-25,Active
L001921,C009045,Platinum,1068,2026-01-17,Inactive
L001922,C002129,Platinum,1790,2026-06-09,Inactive
L001923,C002767,Silver,5409,2025-12-18,Active
L001924,C002109,Silver,8513,2025-09-28,Inactive
L001925,C003617,Silver,5959,2024-09-15,Active
L001926,C001545,Bronze,9167,2026-01-30,Active
L001927,C006914,Platinum,4283,2026-03-02,Active
L001928,C001719,Gold,8274,2025-12-27,Inactive
L001929,C007435,Platinum,9859,2026-05-11,Inactive
L001930,C007365,Silver,2409,2025-04-09,Active
L001931,C006235,Bronze,7420,2024-02-17,Active
L001932,C000725,Bronze,7100,2025-12-27,Active
L001933,C006673,Platinum,2566,2023-10-05,Active
L001934,C008029,Silver,823,2025-07-09,Inactive
L001935,C005492,Silver,9365,2023-06-16,Active
L001936,C001128,Platinum,7969,2025-10-01,Active
L001937,C002957,Gold,1056,2026-02-12,Active
L001938,C005156,Silver,5786,2025-03-18,Inactive
L001939,C004817,Platinum,7311,2024-11-19,Active
L001940,C006202,Silver,5765,2025-08-02,Active
L001941,C006224,Gold,1873,2025-04-28,Active
L001942,C008686,Platinum,3622,2026-06-01,Inactive
L001943,C007114,Silver,8436,2025-12-18,Active
L001944,C005275,Platinum,3574,2026-01-08,Active
L001945,C008536,Platinum,8523,2025-12-23,Active
L001946,C003044,Gold,7754,2022-12-05,Active
L001947,C006912,Gold,1808,2023-06-16,Inactive
L001948,C000150,Gold,4879,2025-04-29,Inactive
L001949,C007574,Silver,7910,2022-11-16,Active
L001950,C004206,Platinum,5867,2025-12-26,Inactive
L001951,C005493,Silver,1054,2026-07-03,Active
L001952,C002690,Gold,8466,2024-12-02,Inactive
L001953,C004221,Platinum,2183,2025-02-20,Active
L001954,C009102,Silver,375,2025-04-14,Active
L001955,C000842,Silver,4747,2025-04-15,Active
L001956,C008137,Bronze,1628,2026-01-01,Inactive
L001957,C006438,Bronze,9800,2024-02-04,Active
L001958,C009700,Gold,92,2025-03-13,Active
L001959,C006200,Silver,8876,2025-08-24,Active
L001960,C002795,Platinum,3948,2026-03-30,Active
L001961,C007626,Gold,8480,2026-03-29,Active
L001962,C008475,Bronze,7111,2026-06-24,Active
L001963,C007890,Platinum,5100,2026-01-26,Active
L001964,C006608,Gold,8693,2024-04-08,Active
L001965,C009195,Gold,3867,2026-03-04,Active
L001966,C008248,Silver,1912,2026-02-22,Inactive
L001967,C001393,Bronze,9861,2026-04-16,Active
L001968,C001922,Silver,1332,2026-06-20,Active
L001969,C007019,Bronze,1220,2025-12-07,Active
L001970,C003622,Gold,8960,2026-06-21,Active
L001971,C004849,Gold,814,2024-03-12,Inactive
L001972,C002292,Bronze,2119,2026-02-25,Active
L001973,C002134,Gold,682,2025-05-05,Inactive
L001974,C000551,Bronze,3446,2026-06-05,Inactive
L001975,C001741,Silver,2632,2025-05-08,Active
L001976,C005290,Platinum,1113,2023-05-27,Inactive
L001977,C001818,Gold,2372,2025-07-19,Active
L001978,C004699,Platinum,5635,2026-03-05,Active
L001979,C005182,Gold,3522,2023-08-08,Inactive
L001980,C003019,Gold,3373,2025-02-08,Active
L001981,C000018,Silver,940,2021-09-20,Active
L001982,C001771,Gold,1546,2026-02-11,Active
L001983,C001889,Silver,1231,2026-06-02,Active
L001984,C002153,Bronze,5785,2026-03-07,Active
L001985,C001643,Gold,6542,2023-06-14,Inactive
L001986,C007847,Silver,9315,2024-10-21,Inactive
L001987,C004194,Bronze,70,2025-10-07,Active
L001988,C009433,Gold,581,2025-10-29,Active
L001989,C008899,Bronze,3784,2025-03-31,Active
L001990,C000534,Silver,5019,2023-10-18,Inactive
L001991,C000133,Gold,4929,2025-06-10,Active
L001992,C007723,Bronze,6590,2026-04-05,Active
L001993,C008459,Bronze,1612,2022-07-14,Active
L001994,C000965,Silver,1818,2025-04-09,Active
L001995,C008720,Gold,4265,2026-06-30,Inactive
L001996,C006413,Bronze,5102,2025-01-07,Active
L001997,C008286,Gold,7853,2026-06-01,Inactive
L001998,C007854,Bronze,9914,2024-02-24,Inactive
L001999,C001096,Silver,9405,2026-05-29,Active
L002000,C006930,Platinum,7221,2025-11-18,Active
L002001,C009255,Bronze,7213,2024-08-15,Active
L002002,C001562,Platinum,9475,2026-03-28,Inactive
L002003,C001671,Platinum,795,2025-02-25,Active
L002004,C006088,Platinum,1113,2026-05-23,Active
L002005,C006670,Gold,3008,2026-06-27,Active
L002006,C005934,Silver,173,2025-05-19,Active
L002007,C008830,Bronze,2951,2026-04-07,Active
L002008,C007946,Bronze,9500,2024-07-11,Active
L002009,C003509,Bronze,4034,2024-11-29,Active
L002010,C002003,Silver,5508,2026-03-11,Active
L002011,C005867,Bronze,6907,2026-04-01,Active
L002012,C000169,Platinum,6269,2024-11-11,Active
L002013,C002589,Bronze,9348,2023-05-16,Active
L002014,C005906,Platinum,7061,2026-06-30,Active
L002015,C009530,Gold,6005,2026-06-10,Active
L002016,C006385,Gold,6404,2023-04-30,Inactive
L002017,C007825,Bronze,8954,2024-04-04,Active
L002018,C009780,Platinum,5407,2025-04-17,Active
L002019,C004630,Bronze,9832,2024-09-01,Inactive
L002020,C008561,Bronze,7217,2026-06-16,Inactive
L002021,C009292,Bronze,6826,2024-08-28,Inactive
L002022,C006875,Silver,6835,2024-11-08,Active
L002023,C006522,Bronze,5574,2025-02-15,Active
L002024,C008980,Bronze,7836,2024-11-02,Inactive
L002025,C006648,Gold,435,2025-11-01,Active
L002026,C009826,Bronze,7806,2025-08-28,Active
L002027,C000211,Silver,5610,2025-07-18,Inactive
L002028,C005279,Silver,6444,2024-10-31,Inactive
L002029,C001920,Bronze,8244,2026-04-25,Active
L002030,C000719,Platinum,6031,2026-07-02,Active
L002031,C004869,Silver,3173,2025-06-11,Active
L002032,C007835,Gold,5671,2025-11-19,Inactive
L002033,C001299,Silver,391,2026-06-27,Active
L002034,C009194,Gold,4008,2025-02-08,Active
L002035,C004618,Gold,665,2025-12-04,Active
L002036,C003129,Platinum,5832,2024-01-12,Inactive
L002037,C009796,Gold,2984,2026-05-14,Active
L002038,C003980,Gold,2676,2025-05-05,Active
L002039,C009925,Gold,7453,2022-10-19,Active
L002040,C008318,Silver,3118,2023-05-27,Active
L002041,C004394,Gold,6650,2022-11-09,Active
L002042,C001288,Bronze,4962,2026-04-28,Active
L002043,C004356,Platinum,5879,2025-11-11,Active
L002044,C007014,Gold,9024,2024-12-28,Active
L002045,C003886,Gold,7356,2026-04-05,Inactive
L002046,C005750,Bronze,2922,2022-02-25,Active
L002047,C009170,Platinum,328,2026-05-04,Active
L002048,C002408,Gold,5912,2024-07-24,Inactive
L002049,C002014,Platinum,8315,2024-09-01,Active
L002050,C005154,Bronze,4781,2025-10-06,Active
L002051,C008552,Bronze,9655,2024-10-07,Active
L002052,C004377,Silver,4320,2025-10-14,Active
L002053,C008823,Gold,1323,2025-03-30,Active
L002054,C004274,Bronze,1914,2024-07-19,Active
L002055,C005826,Bronze,4731,2026-02-14,Active
L002056,C006700,Bronze,2419,2025-12-19,Inactive
L002057,C007244,Platinum,1656,2026-05-28,Active
L002058,C000450,Platinum,6412,2025-12-27,Inactive
L002059,C002228,Silver,9784,2025-07-30,Active
L002060,C005757,Gold,5495,2023-01-22,Active
L002061,C000811,Silver,5216,2026-04-03,Active
L002062,C004181,Gold,4024,2024-01-20,Active
L002063,C009001,Bronze,1924,2025-10-30,Active
L002064,C005439,Gold,3482,2026-05-12,Active
L002065,C007534,Platinum,1836,2025-10-29,Active
L002066,C006370,Silver,6446,2026-05-12,Inactive
L002067,C008417,Silver,342,2025-05-18,Active
L002068,C001478,Silver,7668,2025-06-24,Active
L002069,C001791,Gold,505,2024-10-31,Active
L002070,C002009,Platinum,1803,2025-11-27,Active
L002071,C000683,Silver,6824,2026-04-03,Inactive
L002072,C002817,Gold,4934,2024-06-11,Active
L002073,C009432,Silver,2051,2024-08-14,Active
L002074,C003775,Platinum,996,2025-01-11,Active
L002075,C006496,Silver,8235,2026-02-04,Active
L002076,C008879,Platinum,1786,2024-10-06,Active
L002077,C007362,Bronze,4150,2025-08-04,Active
L002078,C008367,Platinum,1994,2026-07-01,Active
L002079,C007475,Platinum,9498,2026-02-26,Active
L002080,C000047,Platinum,2811,2026-03-10,Active
L002081,C000031,Platinum,5749,2026-06-21,Active
L002082,C008251,Platinum,3600,2024-10-05,Inactive
L002083,C006936,Gold,9195,2024-01-19,Active
L002084,C001469,Platinum,9777,2025-05-24,Inactive
L002085,C001666,Bronze,2119,2026-05-08,Active
L002086,C001417,Bronze,7161,2025-08-12,Active
L002087,C006481,Silver,9357,2024-08-06,Active
L002088,C004853,Bronze,4959,2026-01-26,Inactive
L002089,C002471,Gold,2340,2026-05-11,Active
L002090,C004374,Bronze,6955,2025-09-21,Active
L002091,C008525,Silver,1345,2024-07-05,Active
L002092,C000430,Gold,502,2024-10-24,Active
L002093,C005245,Gold,1044,2022-07-17,Active
L002094,C002120,Gold,6116,2024-04-07,Inactive
L002095,C000386,Platinum,8293,2025-04-24,Inactive
L002096,C001946,Platinum,310,2026-06-30,Inactive
L002097,C004225,Platinum,210,2022-07-23,Active
L002098,C000474,Platinum,1151,2025-04-21,Inactive
L002099,C002130,Silver,4224,2025-07-02,Active
L002100,C006557,Silver,957,2025-02-22,Active
L002101,C006999,Silver,4441,2023-10-06,Inactive
L002102,C001056,Platinum,9868,2024-08-30,Active
L002103,C003275,Bronze,2453,2025-01-29,Active
L002104,C004962,Silver,4319,2026-06-20,Active
L002105,C005364,Gold,2474,2026-02-01,Active
L002106,C005817,Bronze,1032,2025-12-04,Inactive
L002107,C000812,Platinum,113,2024-11-10,Active
L002108,C004574,Silver,3726,2025-07-15,Active
L002109,C006138,Bronze,907,2022-02-20,Active
L002110,C002389,Gold,1505,2026-05-17,Active
L002111,C009649,Platinum,3203,2023-10-21,Active
L002112,C006226,Silver,5700,2024-12-05,Active
L002113,C000112,Gold,1808,2026-03-21,Inactive
L002114,C008910,Bronze,4701,2025-12-20,Inactive
L002115,C001746,Bronze,9584,2023-08-05,Active
L002116,C007852,Silver,7281,2024-02-29,Inactive
L002117,C001453,Gold,5973,2023-03-13,Active
L002118,C000320,Bronze,7053,2024-11-22,Active
L002119,C008594,Bronze,4281,2026-04-23,Inactive
L002120,C003334,Gold,4719,2022-05-09,Inactive
L002121,C001923,Silver,1192,2026-03-04,Active
L002122,C005866,Gold,3409,2025-03-24,Active
L002123,C009529,Silver,96,2026-03-08,Active
L002124,C003686,Bronze,8444,2025-10-31,Active
L002125,C004276,Gold,9422,2023-11-30,Active
L002126,C004890,Silver,7230,2026-06-10,Active
L002127,C005226,Bronze,5986,2025-09-04,Inactive
L002128,C007473,Bronze,1807,2024-08-10,Active
L002129,C003606,Gold,859,2023-05-03,Inactive
L002130,C001053,Gold,6364,2026-07-04,Active
L002131,C004157,Silver,1183,2025-02-05,Active
L002132,C009677,Platinum,5573,2023-11-28,Active
L002133,C000100,Platinum,5328,2026-04-16,Active
L002134,C007509,Silver,4718,2024-05-23,Inactive
L002135,C001457,Platinum,2880,2024-12-31,Active
L002136,C007689,Silver,7005,2026-05-10,Active
L002137,C004005,Silver,3959,2024-12-05,Active
L002138,C006867,Platinum,8624,2026-06-27,Active
L002139,C004510,Gold,4619,2023-04-01,Inactive
L002140,C003300,Bronze,1600,2024-09-20,Active
L002141,C003800,Bronze,2429,2024-03-13,Active
L002142,C004282,Silver,3514,2026-04-20,Inactive
L002143,C009052,Platinum,7838,2025-10-16,Active
L002144,C006463,Bronze,7292,2026-03-10,Active
L002145,C007913,Platinum,5220,2023-07-04,Active
L002146,C001415,Bronze,6754,2022-09-14,Active
L002147,C000541,Silver,8075,2025-02-11,Active
L002148,C005816,Bronze,5382,2026-03-20,Active
L002149,C008200,Silver,4685,2025-11-26,Active
L002150,C003681,Silver,8318,2026-06-23,Active
L002151,C000755,Platinum,3626,2025-11-04,Active
L002152,C004197,Bronze,2091,2026-05-24,Active
L002153,C002651,Bronze,1904,2025-12-19,Active
L002154,C004523,Silver,643,2026-03-02,Active
L002155,C009520,Silver,2902,2022-08-20,Active
L002156,C003119,Bronze,9513,2026-06-28,Active
L002157,C003729,Platinum,155,2023-03-02,Active
L002158,C003887,Bronze,1080,2026-06-12,Active
L002159,C007108,Platinum,9295,2025-12-27,Active
L002160,C008069,Gold,6652,2026-06-01,Active
L002161,C007326,Gold,9932,2025-10-13,Active
L002162,C008484,Gold,2758,2026-01-26,Active
L002163,C008768,Bronze,6277,2026-01-09,Active
L002164,C006501,Bronze,7497,2025-05-19,Active
L002165,C008427,Platinum,4976,2025-10-06,Inactive
L002166,C007964,Bronze,4600,2023-12-22,Active
L002167,C000602,Silver,5373,2022-06-04,Active
L002168,C009250,Silver,7433,2026-07-03,Active
L002169,C008920,Bronze,2219,2024-04-13,Active
L002170,C006815,Bronze,6897,2023-03-08,Inactive
L002171,C005412,Gold,5032,2026-06-11,Active
L002172,C008748,Gold,1870,2025-11-18,Active
L002173,C005523,Platinum,5594,2026-02-21,Active
L002174,C001045,Platinum,2492,2026-05-16,Active
L002175,C007335,Gold,350,2025-11-14,Active
L002176,C001558,Bronze,1452,2026-03-26,Active
L002177,C003740,Bronze,1971,2026-01-11,Inactive
L002178,C003523,Platinum,7501,2026-06-08,Inactive
L002179,C000181,Gold,3990,2023-09-08,Active
L002180,C002116,Bronze,171,2026-01-15,Active
L002181,C001700,Silver,9751,2025-04-12,Active
L002182,C001380,Gold,3482,2024-04-28,Active
L002183,C007230,Silver,6125,2025-10-21,Active
L002184,C009144,Gold,2611,2026-04-06,Inactive
L002185,C000619,Silver,1347,2026-06-16,Active
L002186,C003182,Bronze,5938,2026-05-22,Active
L002187,C009852,Platinum,8240,2026-05-11,Active
L002188,C001601,Bronze,5809,2026-05-23,Active
L002189,C005964,Silver,961,2026-05-02,Active
L002190,C001616,Gold,8730,2026-04-22,Active
L002191,C005921,Bronze,823,2023-10-09,Active
L002192,C009592,Bronze,7315,2024-05-17,Active
L002193,C003892,Bronze,6073,2024-06-06,Inactive
L002194,C002084,Bronze,865,2026-03-31,Inactive
L002195,C004575,Gold,3368,2025-02-22,Inactive
L002196,C005595,Bronze,5101,2026-07-03,Inactive
L002197,C005122,Bronze,1244,2023-07-12,Active
L002198,C004588,Gold,9626,2026-04-03,Active
L002199,C004903,Bronze,3912,2025-07-20,Active
L002200,C008253,Gold,5007,2026-03-07,Active
L002201,C005917,Bronze,3063,2025-02-28,Active
L002202,C005130,Platinum,8823,2024-04-18,Active
L002203,C008335,Gold,5638,2026-06-09,Active
L002204,C001919,Platinum,791,2023-06-20,Inactive
L002205,C008331,Platinum,9275,2024-05-04,Inactive
L002206,C005708,Bronze,5107,2026-04-28,Active
L002207,C005385,Gold,9818,2024-10-20,Active
L002208,C006337,Silver,912,2024-12-28,Active
L002209,C002055,Gold,5284,2026-03-19,Active
L002210,C007613,Bronze,7141,2026-03-24,Active
L002211,C009210,Platinum,2135,2026-02-16,Inactive
L002212,C003964,Bronze,5832,2025-03-25,Active
L002213,C001127,Bronze,9140,2026-01-24,Active
L002214,C003429,Gold,1049,2026-04-22,Inactive
L002215,C004602,Bronze,8481,2023-08-14,Active
L002216,C003722,Platinum,765,2026-05-22,Active
L002217,C002390,Silver,8642,2025-09-03,Active
L002218,C001323,Platinum,7899,2024-12-06,Inactive
L002219,C001604,Bronze,7059,2023-11-13,Active
L002220,C007225,Gold,6807,2026-01-05,Active
L002221,C007426,Bronze,7856,2026-06-29,Active
L002222,C004337,Silver,9405,2024-11-28,Active
L002223,C005594,Bronze,2001,2025-07-28,Active
L002224,C004412,Platinum,9701,2025-05-24,Active
L002225,C005859,Silver,232,2023-08-07,Active
L002226,C009344,Silver,7851,2022-04-05,Inactive
L002227,C003992,Gold,8844,2025-05-31,Active
L002228,C006080,Gold,6512,2025-03-12,Active
L002229,C001560,Gold,9484,2024-11-04,Active
L002230,C004683,Silver,273,2025-10-13,Inactive
L002231,C007558,Gold,9397,2022-10-08,Active
L002232,C003773,Gold,6482,2024-07-01,Active
L002233,C008780,Gold,7822,2026-07-05,Active
L002234,C003458,Platinum,2104,2023-05-11,Inactive
L002235,C008384,Platinum,4792,2025-12-09,Active
L002236,C001355,Platinum,543,2024-01-18,Active
L002237,C000046,Platinum,6795,2024-08-06,Inactive
L002238,C009873,Silver,9325,2025-10-24,Active
L002239,C000749,Gold,7474,2023-08-11,Active
L002240,C007918,Platinum,4389,2026-05-28,Active
L002241,C004242,Bronze,5552,2026-06-04,Active
L002242,C005629,Silver,4814,2023-08-12,Active
L002243,C004658,Silver,1486,2026-05-17,Active
L002244,C004239,Platinum,315,2024-09-12,Active
L002245,C003461,Gold,7695,2023-10-18,Active
L002246,C007382,Bronze,8887,2025-08-04,Inactive
L002247,C005550,Silver,7040,2022-05-20,Inactive
L002248,C007076,Bronze,7097,2022-04-23,Active
L002249,C005839,Gold,7203,2025-12-20,Active
L002250,C008092,Bronze,2735,2022-06-08,Inactive
L002251,C005475,Gold,2256,2024-06-14,Active
L002252,C003615,Silver,3854,2024-06-07,Inactive
L002253,C007502,Gold,5899,2026-05-19,Inactive
L002254,C007054,Bronze,9677,2022-05-24,Active
L002255,C007368,Bronze,2493,2024-01-09,Active
L002256,C008020,Bronze,3412,2026-06-20,Active
L002257,C009639,Bronze,7648,2026-02-24,Active
L002258,C009056,Platinum,4104,2026-03-17,Active
L002259,C000665,Platinum,9659,2025-07-15,Inactive
L002260,C002320,Gold,5934,2025-08-30,Inactive
L002261,C003543,Platinum,8598,2022-12-10,Active
L002262,C003678,Bronze,8527,2022-11-08,Active
L002263,C009600,Platinum,4861,2026-02-02,Active
L002264,C003092,Bronze,2912,2025-03-21,Inactive
L002265,C000676,Bronze,1689,2025-09-12,Active
L002266,C008677,Platinum,3557,2025-02-24,Active
L002267,C004885,Bronze,6051,2023-10-31,Active
L002268,C008080,Platinum,9080,2024-07-22,Active
L002269,C001963,Silver,9763,2024-07-03,Active
L002270,C001841,Gold,5271,2026-06-16,Inactive
L002271,C007169,Gold,3196,2022-12-03,Active
L002272,C009899,Gold,886,2026-04-09,Active
L002273,C003539,Gold,1515,2024-07-02,Inactive
L002274,C008027,Gold,594,2025-12-30,Active
L002275,C004867,Platinum,8087,2025-02-22,Active
L002276,C004175,Platinum,4882,2026-05-26,Active
L002277,C008089,Platinum,1730,2026-07-01,Active
L002278,C004378,Gold,2453,2026-04-13,Active
L002279,C006212,Gold,8854,2026-06-19,Active
L002280,C004767,Silver,3508,2025-08-23,Active
L002281,C000412,Bronze,6274,2024-05-29,Active
L002282,C000614,Silver,1152,2025-05-14,Active
L002283,C006127,Platinum,6629,2023-11-20,Active
L002284,C005211,Silver,4818,2022-09-16,Active
L002285,C001431,Gold,213,2024-11-08,Active
L002286,C002426,Platinum,2278,2026-06-09,Active
L002287,C008842,Silver,6016,2026-06-16,Inactive
L002288,C003834,Platinum,2060,2026-05-23,Active
L002289,C004719,Silver,1413,2026-06-26,Active
L002290,C007186,Bronze,7993,2026-05-07,Active
L002291,C001418,Bronze,9017,2025-02-21,Active
L002292,C007200,Bronze,3405,2024-03-10,Active
L002293,C000605,Silver,9513,2025-11-05,Active
L002294,C001273,Platinum,8086,2025-03-17,Active
L002295,C003965,Platinum,8328,2025-08-12,Inactive
L002296,C006368,Platinum,2892,2024-10-07,Inactive
L002297,C008747,Bronze,3324,2024-06-09,Active
L002298,C000248,Platinum,3919,2024-09-08,Active
L002299,C009227,Gold,1256,2026-03-14,Inactive
L002300,C001983,Platinum,3723,2024-11-02,Active
L002301,C002836,Silver,9156,2021-08-27,Active
L002302,C005376,Silver,5335,2026-04-04,Inactive
L002303,C000200,Platinum,2639,2025-04-29,Active
L002304,C000486,Bronze,1435,2025-04-25,Inactive
L002305,C006084,Gold,8166,2026-01-05,Inactive
L002306,C008957,Platinum,1583,2025-03-28,Active
L002307,C000456,Silver,4842,2022-12-11,Active
L002308,C009799,Platinum,9440,2024-06-29,Active
L002309,C008827,Bronze,4430,2026-02-20,Active
L002310,C006516,Gold,6523,2025-12-08,Active
L002311,C001722,Bronze,3408,2026-05-20,Active
L002312,C007051,Bronze,7465,2024-07-28,Active
L002313,C006383,Bronze,510,2024-06-07,Inactive
L002314,C008166,Bronze,9085,2025-05-03,Active
L002315,C005768,Platinum,2470,2026-05-04,Active
L002316,C005810,Gold,6131,2026-03-08,Active
L002317,C004627,Gold,6103,2024-11-14,Active
L002318,C000863,Gold,7497,2024-08-15,Active
L002319,C002095,Gold,6399,2024-01-24,Inactive
L002320,C000948,Silver,3713,2025-01-17,Active
L002321,C005642,Gold,5990,2025-10-25,Active
L002322,C001445,Platinum,731,2026-05-04,Active
L002323,C001281,Bronze,8399,2024-09-20,Active
L002324,C003111,Silver,1773,2024-08-06,Active
L002325,C008953,Silver,6650,2025-08-26,Inactive
L002326,C007610,Platinum,251,2024-07-20,Active
L002327,C005136,Bronze,4566,2024-08-11,Active
L002328,C003017,Platinum,8267,2026-02-15,Active
L002329,C002303,Platinum,174,2025-06-07,Inactive
L002330,C002005,Bronze,6486,2023-10-22,Active
L002331,C004581,Platinum,1294,2026-03-29,Active
L002332,C008705,Gold,6068,2026-06-14,Active
L002333,C001006,Gold,3752,2024-06-07,Active
L002334,C005139,Platinum,1951,2025-06-12,Inactive
L002335,C004318,Bronze,1050,2025-12-26,Active
L002336,C006559,Platinum,7254,2025-03-06,Inactive
L002337,C004388,Silver,1362,2026-04-27,Active
L002338,C002133,Silver,9326,2025-03-16,Active
L002339,C004266,Gold,7747,2026-05-09,Inactive
L002340,C002058,Gold,8292,2026-05-29,Active
L002341,C005387,Bronze,9000,2022-10-06,Active
L002342,C000230,Bronze,240,2023-07-21,Active
L002343,C002890,Bronze,8544,2026-04-28,Inactive
L002344,C004473,Platinum,7028,2026-07-02,Active
L002345,C006065,Gold,8165,2026-06-03,Active
L002346,C007925,Bronze,3961,2025-09-05,Active
L002347,C007650,Platinum,3341,2025-10-26,Active
L002348,C008382,Gold,780,2025-08-19,Active
L002349,C000210,Platinum,6962,2024-07-12,Active
L002350,C002759,Silver,379,2026-02-13,Active
L002351,C008472,Silver,2070,2025-07-12,Active
L002352,C002949,Platinum,5801,2024-11-26,Inactive
L002353,C007117,Platinum,1872,2024-06-18,Active
L002354,C006331,Silver,8168,2026-04-05,Active
L002355,C001729,Gold,6667,2022-03-23,Active
L002356,C004177,Silver,456,2023-12-22,Active
L002357,C000338,Bronze,2042,2026-06-09,Active
L002358,C004985,Gold,5097,2026-02-08,Active
L002359,C006879,Gold,7545,2026-07-01,Active
L002360,C007249,Gold,3943,2026-06-27,Active
L002361,C008453,Bronze,6649,2026-05-06,Inactive
L002362,C001227,Silver,7497,2025-11-06,Active
L002363,C007609,Gold,5624,2026-03-07,Active
L002364,C006828,Gold,2474,2025-07-11,Inactive
L002365,C003541,Silver,4452,2026-05-06,Active
L002366,C005869,Bronze,8105,2024-04-28,Inactive
L002367,C002112,Platinum,3072,2025-03-23,Active
L002368,C002692,Bronze,725,2026-06-10,Active
L002369,C007154,Bronze,6540,2026-02-24,Active
L002370,C003708,Gold,2691,2026-05-30,Active
L002371,C001018,Platinum,9071,2025-02-19,Inactive
L002372,C008512,Bronze,5806,2026-03-01,Inactive
L002373,C002808,Bronze,3167,2024-03-25,Active
L002374,C005016,Bronze,7551,2024-02-06,Active
L002375,C001929,Platinum,370,2026-06-29,Active
L002376,C000351,Gold,9778,2026-07-03,Active
L002377,C005174,Platinum,1204,2023-04-14,Active
L002378,C004193,Platinum,8308,2026-05-22,Active
L002379,C001935,Platinum,7965,2024-12-01,Active
L002380,C006902,Silver,3875,2026-01-08,Active
L002381,C004824,Platinum,2866,2025-12-15,Inactive
L002382,C000565,Bronze,3037,2024-10-04,Active
L002383,C001583,Gold,2126,2026-01-25,Inactive
L002384,C004695,Platinum,6463,2026-06-17,Active
L002385,C002176,Gold,7318,2025-05-28,Active
L002386,C007029,Gold,2731,2024-12-21,Active
L002387,C004881,Platinum,2018,2024-05-19,Inactive
L002388,C002229,Gold,2541,2023-05-10,Inactive
L002389,C001116,Silver,8853,2024-11-30,Active
L002390,C003127,Gold,2574,2026-01-08,Active
L002391,C003545,Gold,4687,2026-04-25,Inactive
L002392,C005049,Bronze,8606,2025-08-26,Active
L002393,C007477,Gold,3946,2025-06-27,Active
L002394,C000822,Bronze,4781,2026-06-04,Inactive
L002395,C006533,Silver,8077,2026-02-22,Inactive
L002396,C002273,Bronze,1289,2025-12-04,Active
L002397,C005546,Gold,4572,2024-08-15,Active
L002398,C000082,Bronze,6289,2025-04-14,Active
L002399,C001324,Silver,2817,2025-07-24,Inactive
L002400,C009406,Gold,8228,2026-06-24,Active
L002401,C001615,Platinum,7264,2026-03-07,Active
L002402,C000832,Silver,5839,2025-07-23,Active
L002403,C003884,Bronze,5337,2026-06-25,Active
L002404,C008642,Platinum,7780,2023-08-12,Active
L002405,C004465,Silver,3879,2024-10-15,Inactive
L002406,C005340,Gold,2580,2024-04-07,Inactive
L002407,C008067,Gold,6595,2023-12-17,Active
L002408,C001650,Platinum,2828,2026-01-14,Active
L002409,C004066,Bronze,6082,2025-07-25,Inactive
L002410,C009666,Platinum,8310,2024-07-09,Active
L002411,C003039,Bronze,4508,2025-11-11,Active
L002412,C003321,Bronze,4964,2026-04-27,Active
L002413,C007144,Bronze,5058,2023-05-20,Inactive
L002414,C006890,Bronze,3687,2024-11-23,Active
L002415,C005093,Platinum,6469,2026-03-23,Active
L002416,C003721,Silver,6558,2026-02-20,Inactive
L002417,C002424,Bronze,3567,2025-03-20,Inactive
L002418,C000750,Gold,4582,2022-06-06,Active
L002419,C005272,Platinum,8601,2025-05-15,Active
L002420,C002374,Bronze,6584,2026-02-17,Active
L002421,C004694,Silver,4403,2025-02-20,Active
L002422,C009880,Gold,3557,2024-11-05,Inactive
L002423,C008371,Platinum,5541,2024-11-11,Inactive
L002424,C007320,Platinum,4915,2025-05-04,Active
L002425,C004369,Gold,7258,2021-08-14,Active
L002426,C006786,Gold,3967,2025-07-27,Inactive
L002427,C007402,Gold,1224,2026-03-05,Inactive
L002428,C001140,Gold,5625,2026-03-04,Inactive
L002429,C007632,Platinum,5502,2024-10-05,Inactive
L002430,C002232,Bronze,6176,2026-03-09,Active
L002431,C002165,Platinum,6822,2024-04-08,Active
L002432,C005218,Silver,1678,2024-01-03,Active
L002433,C009445,Silver,7889,2022-11-03,Active
L002434,C009238,Silver,6156,2025-11-13,Inactive
L002435,C004562,Bronze,2875,2025-10-16,Inactive
L002436,C001571,Gold,7875,2025-08-30,Active
L002437,C000173,Silver,9644,2023-12-03,Active
L002438,C007164,Platinum,1600,2025-07-28,Active
L002439,C002088,Bronze,3063,2024-09-12,Active
L002440,C004668,Platinum,2496,2025-07-18,Active
L002441,C004566,Gold,1616,2026-01-25,Active
L002442,C007090,Platinum,2745,2024-08-01,Active
L002443,C006570,Silver,7402,2026-06-21,Inactive
L002444,C004784,Platinum,8408,2025-06-09,Active
L002445,C002685,Platinum,9923,2026-06-15,Inactive
L002446,C001833,Gold,5283,2025-12-30,Active
L002447,C008547,Silver,9315,2026-03-29,Inactive
L002448,C005066,Platinum,7999,2024-01-22,Active
L002449,C009131,Gold,9694,2025-03-24,Active
L002450,C009356,Bronze,4846,2026-07-04,Active
L002451,C004413,Silver,9122,2024-12-22,Inactive
L002452,C007208,Bronze,5735,2024-05-30,Active
L002453,C009891,Platinum,4097,2026-05-06,Active
L002454,C000835,Platinum,3985,2024-03-20,Inactive
L002455,C006822,Bronze,7596,2026-01-23,Inactive
L002456,C003782,Bronze,8859,2026-03-18,Active
L002457,C009013,Platinum,4029,2025-07-24,Active
L002458,C007500,Platinum,3899,2026-01-11,Active
L002459,C003425,Gold,5916,2026-04-17,Active
L002460,C000066,Platinum,9145,2026-02-08,Active
L002461,C002964,Gold,8397,2026-01-10,Active
L002462,C005670,Gold,8263,2023-12-26,Active
L002463,C008963,Bronze,5994,2025-08-20,Active
L002464,C000355,Platinum,7618,2024-07-29,Active
L002465,C008172,Gold,1727,2026-05-25,Inactive
L002466,C004031,Silver,5066,2026-07-04,Active
L002467,C008535,Bronze,6569,2023-03-03,Active
L002468,C003652,Platinum,4466,2025-04-18,Inactive
L002469,C006740,Silver,9588,2025-04-24,Inactive
L002470,C003298,Gold,1340,2024-12-06,Active
L002471,C004128,Platinum,1176,2026-03-28,Active
L002472,C008044,Platinum,4863,2025-08-09,Active
L002473,C004768,Platinum,1790,2026-02-28,Inactive
L002474,C000473,Silver,2097,2023-05-16,Active
L002475,C003762,Silver,697,2026-06-06,Active
L002476,C008618,Bronze,2353,2022-12-06,Active
L002477,C003567,Platinum,3526,2023-12-18,Inactive
L002478,C002761,Bronze,1641,2026-05-31,Active
L002479,C000869,Platinum,4153,2025-01-10,Active
L002480,C009383,Gold,3327,2024-11-07,Active
L002481,C008689,Bronze,9509,2026-06-05,Active
L002482,C004053,Silver,2438,2025-06-17,Active
L002483,C006131,Silver,1947,2026-02-14,Inactive
L002484,C003245,Silver,3109,2026-06-26,Active
L002485,C004843,Silver,1889,2026-01-28,Active
L002486,C009331,Silver,9214,2025-05-15,Active
L002487,C005641,Silver,6897,2026-03-14,Active
L002488,C005781,Gold,7929,2025-11-22,Active
L002489,C008541,Silver,6056,2022-07-01,Active
L002490,C001076,Bronze,1390,2023-06-18,Active
L002491,C002958,Bronze,3183,2024-08-05,Active
L002492,C006753,Silver,5529,2025-06-04,Active
L002493,C008658,Bronze,9366,2023-02-24,Active
L002494,C007273,Bronze,2627,2025-11-12,Active
L002495,C004760,Platinum,3561,2023-06-13,Active
L002496,C004863,Silver,9902,2025-09-09,Inactive
L002497,C007026,Gold,8710,2024-10-03,Inactive
L002498,C007648,Platinum,218,2026-02-10,Active
L002499,C007162,Silver,2331,2024-07-30,Active
L002500,C000074,Bronze,9725,2023-10-09,Active
L002501,C004902,Silver,6114,2024-07-14,Active
L002502,C004376,Platinum,6654,2024-07-30,Inactive
L002503,C006699,Platinum,5892,2026-05-25,Active
L002504,C009806,Silver,6226,2025-04-24,Active
L002505,C001102,Silver,7061,2024-02-16,Active
L002506,C009538,Gold,2076,2025-03-29,Inactive
L002507,C007656,Bronze,9213,2025-07-02,Inactive
L002508,C005236,Silver,5684,2024-12-17,Active
L002509,C005166,Bronze,6818,2025-10-26,Active
L002510,C000119,Silver,5659,2026-05-07,Active
L002511,C002023,Gold,8861,2022-03-29,Active
L002512,C009886,Silver,223,2025-12-30,Inactive
L002513,C002639,Silver,6009,2024-03-12,Active
L002514,C002035,Bronze,7585,2024-06-13,Inactive
L002515,C002565,Platinum,4955,2026-05-10,Active
L002516,C008666,Gold,8097,2024-11-21,Active
L002517,C003544,Silver,5161,2026-06-11,Active
L002518,C001220,Gold,3180,2026-02-14,Inactive
L002519,C009715,Bronze,1123,2025-11-15,Active
L002520,C006712,Gold,9197,2025-05-01,Active
L002521,C002904,Gold,3158,2025-07-26,Active
L002522,C003027,Silver,9728,2025-04-07,Active
L002523,C002511,Gold,7915,2025-09-17,Active
L002524,C004202,Platinum,1111,2026-03-24,Active
L002525,C003208,Bronze,8993,2026-04-18,Active
L002526,C004490,Platinum,100,2023-11-16,Active
L002527,C002756,Gold,7727,2023-04-15,Active
L002528,C008890,Gold,3977,2024-09-18,Active
L002529,C000178,Silver,8496,2024-05-06,Inactive
L002530,C001644,Platinum,8241,2025-07-27,Active
L002531,C009293,Gold,7121,2023-10-04,Inactive
L002532,C003519,Gold,9949,2024-12-05,Active
L002533,C001375,Gold,6420,2026-02-04,Active
L002534,C001721,Silver,5538,2025-12-03,Active
L002535,C003996,Silver,9848,2025-12-17,Active
L002536,C003689,Bronze,6579,2021-08-10,Active
L002537,C002265,Bronze,5850,2022-03-11,Active
L002538,C000088,Bronze,685,2024-09-17,Inactive
L002539,C002849,Bronze,4608,2025-10-17,Active
L002540,C008688,Silver,7374,2026-05-10,Active
L002541,C000404,Silver,3258,2025-12-07,Active
L002542,C009901,Silver,5831,2026-04-26,Active
L002543,C004078,Bronze,7430,2026-01-26,Active
L002544,C006836,Gold,2532,2025-06-16,Active
L002545,C006538,Gold,653,2024-09-09,Active
L002546,C002457,Bronze,6759,2026-01-18,Active
L002547,C002752,Bronze,8531,2026-05-05,Active
L002548,C002215,Gold,5551,2025-12-10,Inactive
L002549,C001028,Platinum,90,2024-06-06,Active
L002550,C009704,Bronze,2680,2026-05-26,Active
L002551,C001422,Gold,3700,2024-09-30,Active
L002552,C002437,Gold,4815,2026-01-07,Active
L002553,C004278,Silver,8977,2026-05-02,Active
L002554,C009610,Bronze,1294,2026-03-31,Active
L002555,C001279,Platinum,154,2025-10-19,Active
L002556,C006221,Platinum,4574,2024-02-25,Active
L002557,C004908,Gold,5965,2026-05-06,Active
L002558,C005065,Gold,9780,2025-03-05,Active
L002559,C001979,Bronze,5405,2025-06-21,Active
L002560,C001062,Gold,1079,2025-02-15,Active
L002561,C005015,Silver,9268,2025-09-09,Inactive
L002562,C004536,Platinum,8200,2025-12-14,Active
L002563,C006994,Platinum,8509,2025-01-09,Inactive
L002564,C009254,Silver,1348,2024-08-13,Active
L002565,C001503,Silver,927,2024-06-08,Active
L002566,C008569,Gold,1322,2026-01-13,Active
L002567,C009315,Silver,1352,2023-06-21,Inactive
L002568,C008837,Gold,6782,2023-12-08,Active
L002569,C008921,Bronze,5904,2024-07-21,Active
L002570,C004919,Bronze,1510,2026-07-06,Inactive
L002571,C000679,Platinum,8091,2025-08-15,Active
L002572,C005077,Bronze,732,2025-12-08,Inactive
L002573,C008065,Platinum,6594,2025-07-10,Active
L002574,C007569,Silver,380,2026-04-30,Active
L002575,C000103,Bronze,4919,2025-01-23,Active
L002576,C000958,Silver,5010,2026-06-22,Inactive
L002577,C008557,Gold,4928,2022-01-29,Inactive
L002578,C003786,Bronze,4937,2025-06-01,Active
L002579,C009631,Platinum,4890,2026-06-15,Inactive
L002580,C007174,Silver,5938,2024-10-18,Active
L002581,C004044,Silver,7748,2025-12-08,Active
L002582,C002649,Gold,8913,2022-05-24,Active
L002583,C006001,Bronze,6877,2024-09-15,Active
L002584,C007928,Platinum,3405,2023-09-12,Active
L002585,C002827,Gold,5226,2026-03-28,Active
L002586,C004095,Silver,2876,2026-01-03,Active
L002587,C007775,Bronze,4368,2026-06-13,Active
L002588,C009259,Bronze,7234,2023-11-02,Active
L002589,C008114,Bronze,6083,2023-03-27,Inactive
L002590,C004773,Silver,3727,2026-02-01,Active
L002591,C001948,Platinum,7994,2022-09-29,Inactive
L002592,C006110,Bronze,9362,2026-01-14,Active
L002593,C002300,Silver,9135,2023-02-25,Active
L002594,C007845,Bronze,4161,2024-07-22,Active
L002595,C004383,Platinum,2948,2026-03-06,Active
L002596,C005426,Bronze,6593,2026-03-26,Active
L002597,C006772,Gold,5025,2026-04-27,Active
L002598,C008579,Gold,6861,2026-03-31,Active
L002599,C004292,Bronze,4794,2026-05-21,Inactive
L002600,C000529,Gold,4754,2026-06-07,Active
L002601,C001234,Gold,6989,2026-05-08,Inactive
L002602,C000780,Gold,4370,2025-10-03,Active
L002603,C005860,Gold,3074,2026-03-12,Inactive
L002604,C003060,Silver,1869,2025-12-09,Active
L002605,C008588,Platinum,4111,2026-04-24,Active
L002606,C001861,Bronze,4653,2026-03-02,Inactive
L002607,C008439,Gold,7177,2026-02-06,Active
L002608,C007404,Silver,8950,2026-05-21,Inactive
L002609,C004640,Gold,4841,2026-06-23,Inactive
L002610,C004251,Gold,8154,2026-05-04,Active
L002611,C001993,Platinum,7486,2026-06-01,Active
L002612,C007380,Silver,2661,2025-12-03,Active
L002613,C007306,Platinum,125,2026-06-14,Active
L002614,C005304,Silver,7177,2025-02-17,Active
L002615,C008193,Platinum,8805,2025-12-04,Active
L002616,C007448,Silver,8778,2024-05-07,Active
L002617,C002472,Gold,2728,2025-10-09,Active
L002618,C007198,Silver,839,2023-11-01,Active
L002619,C005313,Gold,2527,2025-10-30,Active
L002620,C009036,Platinum,9324,2026-01-09,Inactive
L002621,C001397,Bronze,2418,2025-01-19,Active
L002622,C004003,Gold,7499,2024-12-13,Active
L002623,C005372,Gold,3473,2026-04-16,Inactive
L002624,C003236,Gold,5782,2024-12-29,Inactive
L002625,C001043,Platinum,7021,2022-03-23,Active
L002626,C003299,Silver,3389,2025-02-20,Active
L002627,C007257,Gold,9781,2026-03-23,Active
L002628,C000258,Platinum,5573,2026-04-30,Active
L002629,C007287,Bronze,9097,2025-08-21,Inactive
L002630,C008617,Bronze,4498,2024-11-28,Active
L002631,C007817,Bronze,3834,2026-07-01,Active
L002632,C005844,Silver,8410,2026-06-19,Active
L002633,C002090,Silver,7152,2025-04-26,Active
L002634,C007703,Silver,9792,2023-09-29,Inactive
L002635,C000504,Silver,1222,2025-09-10,Active
L002636,C005266,Gold,9995,2026-02-26,Inactive
L002637,C008815,Platinum,7953,2024-05-08,Inactive
L002638,C001346,Bronze,6748,2026-05-27,Active
L002639,C008456,Silver,9585,2024-02-14,Active
L002640,C005047,Gold,7451,2024-09-11,Inactive
L002641,C002249,Bronze,3777,2026-05-18,Active
L002642,C004982,Gold,9199,2026-06-25,Active
L002643,C000373,Silver,7001,2025-04-07,Active
L002644,C008455,Bronze,9644,2023-11-19,Active
L002645,C003371,Silver,1768,2022-04-17,Inactive
L002646,C002007,Silver,1977,2025-09-06,Inactive
L002647,C003657,Gold,2938,2026-01-03,Active
L002648,C008328,Silver,1904,2023-09-30,Active
L002649,C007522,Gold,9951,2024-06-13,Active
L002650,C004002,Bronze,4914,2026-04-30,Active
L002651,C006073,Silver,2557,2022-12-23,Active
L002652,C008737,Silver,1801,2026-06-06,Active
L002653,C000998,Silver,6122,2024-06-03,Active
L002654,C008180,Bronze,4192,2026-07-01,Active
L002655,C003291,Silver,4046,2026-05-27,Active
L002656,C001177,Gold,6166,2025-05-07,Active
L002657,C000552,Platinum,8016,2024-08-26,Inactive
L002658,C000745,Bronze,3724,2026-07-04,Inactive
L002659,C007224,Bronze,8552,2026-06-19,Active
L002660,C004555,Platinum,8019,2024-04-03,Active
L002661,C002860,Silver,8614,2026-01-08,Active
L002662,C008821,Platinum,7506,2026-01-03,Active
L002663,C003460,Platinum,7372,2023-01-30,Inactive
L002664,C002725,Silver,9516,2023-01-18,Active
L002665,C006848,Bronze,7883,2024-12-10,Active
L002666,C007616,Bronze,227,2023-07-12,Active
L002667,C007548,Platinum,1583,2024-10-10,Active
L002668,C009175,Platinum,8381,2026-03-22,Active
L002669,C006394,Bronze,7860,2025-11-12,Active
L002670,C005359,Bronze,1956,2025-02-28,Active
L002671,C009489,Bronze,5666,2026-06-15,Active
L002672,C002969,Silver,5413,2026-06-27,Active
L002673,C000694,Gold,8126,2024-08-30,Active
L002674,C002534,Gold,4342,2026-06-18,Active
L002675,C006400,Bronze,5246,2025-12-26,Active
L002676,C000983,Platinum,2667,2023-07-13,Active
L002677,C005365,Silver,8792,2024-02-28,Active
L002678,C000080,Platinum,8924,2026-06-26,Active
L002679,C004054,Gold,5694,2024-03-29,Active
L002680,C006259,Platinum,5676,2026-05-29,Active
L002681,C009577,Gold,4367,2026-06-02,Active
L002682,C009026,Bronze,3872,2026-02-07,Active
L002683,C003108,Bronze,8009,2026-02-02,Active
L002684,C003602,Platinum,4535,2025-01-22,Active
L002685,C006074,Gold,8815,2026-07-02,Inactive
L002686,C008127,Gold,340,2026-05-21,Active
L002687,C002143,Gold,6055,2026-01-15,Inactive
L002688,C006311,Platinum,3667,2024-12-15,Active
L002689,C002269,Platinum,6341,2025-12-07,Inactive
L002690,C000446,Platinum,2407,2026-04-20,Active
L002691,C004884,Gold,9826,2025-11-03,Inactive
L002692,C004467,Silver,2054,2023-07-15,Active
L002693,C009027,Bronze,7002,2023-08-26,Inactive
L002694,C006633,Gold,1807,2026-01-08,Active
L002695,C003317,Platinum,8121,2025-08-24,Active
L002696,C001702,Silver,8531,2025-09-18,Active
L002697,C002527,Gold,4371,2023-07-18,Active
L002698,C000069,Silver,6386,2026-05-20,Active
L002699,C001169,Platinum,5536,2026-05-05,Active
L002700,C000049,Bronze,4477,2026-04-25,Active
L002701,C001054,Bronze,8097,2026-03-08,Inactive
L002702,C004030,Bronze,1961,2023-12-01,Active
L002703,C000881,Silver,1775,2026-04-05,Active
L002704,C002652,Platinum,8564,2026-03-26,Active
L002705,C007760,Bronze,8638,2025-02-08,Active
L002706,C002440,Silver,4025,2026-05-26,Active
L002707,C004925,Silver,2216,2025-09-09,Active
L002708,C001468,Silver,8186,2026-02-10,Inactive
L002709,C007293,Platinum,4544,2024-02-03,Active
L002710,C005036,Silver,2783,2025-06-19,Active
L002711,C002442,Bronze,9313,2023-08-29,Inactive
L002712,C006555,Platinum,327,2025-05-17,Active
L002713,C000231,Platinum,4482,2023-07-10,Active
L002714,C001321,Silver,2746,2023-12-21,Active
L002715,C000042,Silver,7098,2025-12-12,Active
L002716,C000778,Bronze,6723,2025-09-17,Active
L002717,C008951,Silver,8042,2024-11-18,Inactive
L002718,C008405,Platinum,2478,2021-10-31,Active
L002719,C001730,Bronze,7329,2025-07-08,Inactive
L002720,C003911,Silver,5778,2025-03-04,Active
L002721,C000580,Gold,8321,2023-03-03,Active
L002722,C009942,Gold,9392,2023-05-04,Active
L002723,C005840,Silver,8060,2026-06-20,Active
L002724,C008272,Platinum,5186,2025-09-16,Active
L002725,C007276,Platinum,3216,2024-05-12,Active
L002726,C001492,Gold,7873,2026-03-19,Active
L002727,C009110,Silver,1420,2023-09-01,Inactive
L002728,C005611,Bronze,4471,2026-06-16,Active
L002729,C000062,Gold,3405,2025-10-11,Active
L002730,C005472,Platinum,9915,2025-02-14,Active
L002731,C003906,Platinum,6691,2026-04-11,Active
L002732,C006532,Platinum,3852,2026-03-12,Active
L002733,C000403,Gold,9842,2024-02-08,Inactive
L002734,C000333,Platinum,5255,2024-08-23,Inactive
L002735,C002085,Bronze,1203,2023-07-23,Active
L002736,C009558,Bronze,5418,2025-10-26,Active
L002737,C000165,Silver,3296,2025-05-12,Active
L002738,C004380,Platinum,607,2026-06-07,Inactive
L002739,C002716,Bronze,656,2025-02-14,Active
L002740,C008924,Bronze,9779,2026-01-19,Active
L002741,C007347,Silver,3228,2026-02-17,Active
L002742,C005454,Bronze,8173,2023-12-08,Inactive
L002743,C007047,Platinum,6230,2024-03-28,Active
L002744,C001335,Bronze,9754,2024-11-11,Active
L002745,C008699,Silver,8422,2025-12-02,Active
L002746,C001660,Bronze,4343,2026-02-11,Active
L002747,C003579,Gold,1123,2025-03-13,Active
L002748,C000754,Platinum,6716,2023-09-29,Active
L002749,C006585,Silver,5813,2025-03-09,Active
L002750,C000707,Silver,6098,2026-01-18,Active
L002751,C003015,Silver,3427,2026-03-05,Active
L002752,C008559,Silver,48,2026-04-11,Active
L002753,C009876,Gold,8959,2026-06-04,Inactive
L002754,C009583,Gold,5420,2024-10-11,Active
L002755,C008929,Platinum,4031,2026-05-04,Active
L002756,C009557,Platinum,6554,2026-05-12,Inactive
L002757,C008984,Gold,5825,2026-04-02,Active
L002758,C001835,Bronze,2962,2024-02-26,Active
L002759,C002997,Platinum,4882,2023-05-12,Active
L002760,C005428,Platinum,6179,2023-09-23,Active
L002761,C003880,Gold,9334,2024-12-06,Active
L002762,C007157,Gold,7,2022-10-19,Active
L002763,C005082,Platinum,1976,2025-12-27,Active
L002764,C009115,Bronze,9235,2025-08-02,Active
L002765,C007245,Bronze,5244,2025-12-27,Active
L002766,C005401,Bronze,1109,2025-03-22,Inactive
L002767,C005396,Platinum,6293,2025-06-07,Active
L002768,C009428,Gold,108,2025-04-26,Active
L002769,C002247,Gold,5708,2025-09-20,Active
L002770,C000836,Gold,4378,2026-01-22,Active
L002771,C008395,Platinum,1096,2023-04-14,Inactive
L002772,C009043,Platinum,9526,2026-06-08,Active
L002773,C000433,Silver,750,2023-10-13,Inactive
L002774,C003379,Gold,7479,2023-12-31,Active
L002775,C006818,Bronze,9014,2025-10-04,Active
L002776,C008132,Gold,4547,2025-07-21,Active
L002777,C009622,Platinum,7187,2024-11-22,Active
L002778,C006067,Silver,7847,2024-09-03,Active
L002779,C001194,Gold,5510,2026-05-12,Active
L002780,C006935,Platinum,7082,2026-01-25,Active
L002781,C005462,Platinum,618,2025-02-24,Active
L002782,C003072,Bronze,7222,2022-05-15,Active
L002783,C003045,Platinum,7989,2025-01-04,Inactive
L002784,C003264,Silver,2942,2023-05-20,Active
L002785,C002730,Silver,483,2024-12-10,Active
L002786,C003434,Gold,7078,2026-04-23,Active
L002787,C000434,Gold,595,2026-04-01,Inactive
L002788,C003273,Bronze,6462,2025-10-31,Active
L002789,C007002,Platinum,4291,2026-01-17,Inactive
L002790,C009727,Platinum,8957,2025-11-13,Active
L002791,C000105,Gold,4372,2026-04-07,Inactive
L002792,C003316,Bronze,2523,2026-04-10,Active
L002793,C001657,Bronze,2653,2025-05-20,Inactive
L002794,C001534,Silver,9669,2026-05-19,Active
L002795,C004681,Gold,7839,2026-03-23,Active
L002796,C008814,Gold,539,2025-11-05,Active
L002797,C009003,Gold,9709,2024-06-10,Active
L002798,C006623,Platinum,2694,2026-04-12,Active
L002799,C001444,Silver,4009,2026-02-03,Active
L002800,C000215,Gold,4155,2025-05-19,Active
L002801,C005357,Gold,6926,2024-06-10,Active
L002802,C009219,Silver,7042,2026-01-05,Active
L002803,C006323,Gold,800,2026-05-07,Inactive
L002804,C004990,Silver,9633,2025-07-20,Inactive
L002805,C001420,Platinum,6974,2025-11-11,Active
L002806,C009517,Gold,8752,2026-03-31,Active
L002807,C008607,Platinum,554,2026-06-06,Active
L002808,C000182,Bronze,3302,2024-02-04,Active
L002809,C004353,Gold,8571,2025-03-25,Inactive
L002810,C008701,Gold,428,2024-02-19,Active
L002811,C002447,Gold,7696,2026-03-22,Inactive
L002812,C005322,Platinum,466,2026-06-02,Active
L002813,C008046,Silver,1496,2026-05-17,Active
L002814,C005685,Bronze,8096,2026-02-04,Inactive
L002815,C003533,Gold,9098,2026-06-19,Active
L002816,C008245,Gold,361,2026-01-04,Active
L002817,C007977,Gold,2357,2024-03-23,Active
L002818,C003699,Bronze,8156,2026-01-28,Inactive
L002819,C000071,Platinum,3028,2026-01-15,Inactive
L002820,C000545,Platinum,2555,2026-05-21,Inactive
L002821,C001205,Platinum,4439,2024-11-20,Active
L002822,C003079,Platinum,4338,2026-05-05,Active
L002823,C009107,Silver,3282,2023-03-27,Active
L002824,C009121,Bronze,912,2025-05-13,Active
L002825,C009681,Gold,4350,2025-04-08,Inactive
L002826,C006181,Silver,4190,2025-09-25,Active
L002827,C008330,Bronze,8437,2026-05-03,Active
L002828,C004285,Bronze,3803,2025-06-21,Inactive
L002829,C004008,Bronze,7393,2024-07-05,Active
L002830,C008714,Bronze,447,2025-07-05,Active
L002831,C000878,Silver,9632,2026-06-23,Inactive
L002832,C008061,Gold,9103,2025-10-08,Active
L002833,C000197,Silver,4036,2025-06-19,Active
L002834,C009747,Gold,8410,2025-01-23,Active
L002835,C004011,Platinum,2762,2024-06-18,Active
L002836,C009963,Platinum,8262,2024-12-05,Active
L002837,C002572,Bronze,9456,2025-07-26,Active
L002838,C003754,Bronze,6262,2026-01-11,Active
L002839,C009248,Platinum,1119,2023-12-28,Active
L002840,C008629,Gold,3707,2022-04-15,Inactive
L002841,C009369,Platinum,4444,2025-11-26,Inactive
L002842,C006160,Gold,7425,2024-09-21,Active
L002843,C004792,Bronze,248,2022-10-02,Active
L002844,C005338,Silver,7034,2025-08-27,Inactive
L002845,C003025,Bronze,9502,2026-06-19,Active
L002846,C002719,Bronze,6766,2026-06-21,Active
L002847,C008656,Gold,2578,2026-04-25,Active
L002848,C006917,Bronze,4519,2024-01-22,Inactive
L002849,C003985,Gold,3897,2025-09-23,Active
L002850,C007309,Bronze,2117,2025-11-17,Active
L002851,C005954,Gold,72,2025-05-26,Active
L002852,C003845,Silver,8190,2025-12-13,Active
L002853,C002683,Silver,9988,2026-06-01,Active
L002854,C004025,Bronze,2425,2026-05-12,Active
L002855,C008716,Silver,2021,2026-03-14,Active
L002856,C003140,Bronze,4540,2025-04-08,Active
L002857,C004238,Silver,7313,2026-05-04,Active
L002858,C000219,Bronze,7150,2024-07-31,Active
L002859,C006619,Gold,9562,2026-06-26,Active
L002860,C009607,Bronze,7975,2023-09-19,Active
L002861,C005269,Silver,2319,2024-11-09,Active
L002862,C002544,Gold,1213,2025-04-26,Inactive
L002863,C002871,Silver,8709,2022-10-24,Inactive
L002864,C001245,Silver,8181,2026-03-11,Inactive
L002865,C000421,Gold,6257,2025-12-30,Inactive
L002866,C006228,Gold,791,2026-05-27,Active
L002867,C002059,Gold,6523,2025-01-15,Active
L002868,C008494,Silver,5755,2025-11-25,Active
L002869,C006435,Silver,2157,2025-02-24,Active
L002870,C003423,Gold,5061,2026-03-24,Active
L002871,C004511,Platinum,8118,2024-05-26,Active
L002872,C001167,Platinum,1310,2025-11-03,Active
L002873,C000255,Gold,9880,2025-11-13,Active
L002874,C000416,Silver,9535,2026-06-29,Active
L002875,C009176,Silver,9196,2024-08-23,Active
L002876,C003470,Bronze,5483,2026-05-13,Inactive
L002877,C003051,Bronze,7519,2026-06-24,Active
L002878,C000760,Platinum,7659,2026-02-17,Active
L002879,C001386,Gold,3181,2026-01-22,Active
L002880,C000655,Gold,7790,2022-03-29,Inactive
L002881,C001202,Silver,712,2026-06-06,Active
L002882,C002414,Platinum,9746,2023-12-24,Active
L002883,C005580,Platinum,9337,2025-12-01,Inactive
L002884,C005994,Gold,1683,2024-02-18,Active
L002885,C005295,Bronze,2881,2026-02-27,Active
L002886,C003056,Platinum,794,2026-04-05,Active
L002887,C002831,Silver,8353,2025-11-15,Inactive
L002888,C002971,Platinum,7438,2023-08-29,Active
L002889,C000329,Bronze,2793,2025-08-21,Inactive
L002890,C004271,Silver,1786,2026-05-10,Active
L002891,C005995,Platinum,5231,2024-06-20,Active
L002892,C004393,Silver,119,2025-10-01,Active
L002893,C002064,Bronze,2165,2026-01-20,Active
L002894,C008302,Platinum,2627,2026-05-24,Inactive
L002895,C009014,Silver,2443,2025-07-16,Active
L002896,C009330,Bronze,8573,2025-01-08,Active
L002897,C005170,Platinum,7783,2026-04-06,Active
L002898,C004430,Silver,6929,2025-06-03,Active
L002899,C001282,Bronze,96,2023-05-28,Inactive
L002900,C003382,Gold,4155,2025-10-14,Active
L002901,C002637,Bronze,4944,2025-07-05,Active
L002902,C003329,Silver,4489,2024-06-09,Inactive
L002903,C006437,Platinum,6132,2023-10-15,Active
L002904,C005019,Gold,6962,2022-01-19,Active
L002905,C007325,Bronze,4196,2026-03-20,Inactive
L002906,C003796,Platinum,4573,2026-03-02,Inactive
L002907,C002664,Gold,2373,2025-11-15,Active
L002908,C008283,Silver,3302,2024-10-31,Inactive
L002909,C001283,Silver,2014,2025-08-15,Active
L002910,C004149,Platinum,4720,2024-03-19,Inactive
L002911,C001363,Platinum,6410,2024-01-02,Inactive
L002912,C001438,Platinum,599,2024-07-13,Active
L002913,C009629,Gold,2821,2025-02-05,Active
L002914,C003442,Platinum,1386,2023-09-26,Active
L002915,C000057,Silver,7297,2025-11-06,Active
L002916,C004598,Silver,6671,2025-02-22,Active
L002917,C008480,Gold,3495,2025-10-10,Active
L002918,C005366,Bronze,3257,2025-05-31,Active
L002919,C001845,Gold,8073,2026-05-22,Inactive
L002920,C005516,Bronze,3538,2025-08-26,Active
L002921,C008574,Platinum,6946,2026-03-24,Inactive
L002922,C006264,Platinum,6711,2026-04-03,Active
L002923,C002881,Gold,2005,2026-06-10,Active
L002924,C001744,Bronze,1333,2026-04-07,Active
L002925,C008399,Gold,1999,2023-02-04,Active
L002926,C004170,Gold,8255,2024-07-25,Active
L002927,C005198,Gold,1293,2026-02-02,Inactive
L002928,C008994,Bronze,8142,2024-11-12,Active
L002929,C000741,Platinum,1087,2025-09-20,Inactive
L002930,C009067,Gold,1587,2024-05-03,Active
L002931,C001625,Silver,2344,2026-05-30,Active
L002932,C000525,Gold,4384,2026-05-30,Active
L002933,C008000,Silver,1540,2026-01-09,Inactive
L002934,C004420,Platinum,9556,2024-09-24,Active
L002935,C005427,Silver,2068,2023-04-02,Active
L002936,C006690,Bronze,1367,2025-11-30,Active
L002937,C007383,Silver,4552,2024-06-11,Inactive
L002938,C000436,Platinum,8173,2023-12-13,Inactive
L002939,C002961,Gold,1775,2025-04-03,Inactive
L002940,C000309,Gold,3304,2025-05-25,Inactive
L002941,C001566,Platinum,5872,2026-02-15,Active
L002942,C002632,Platinum,9386,2023-11-24,Active
L002943,C005598,Platinum,4617,2026-05-24,Active
L002944,C009478,Bronze,9963,2025-01-26,Inactive
L002945,C000402,Platinum,721,2025-07-23,Active
L002946,C003827,Bronze,2737,2025-08-10,Active
L002947,C000882,Bronze,9728,2026-03-24,Active
L002948,C003998,Platinum,7602,2024-07-09,Active
L002949,C007119,Silver,1254,2025-04-09,Inactive
L002950,C003266,Silver,4782,2024-12-21,Active
L002951,C008407,Gold,1900,2026-03-27,Active
L002952,C005010,Bronze,5307,2023-12-17,Active
L002953,C005737,Bronze,8700,2025-05-11,Inactive
L002954,C005555,Gold,3488,2024-06-27,Active
L002955,C000289,Platinum,1575,2026-04-19,Active
L002956,C005565,Bronze,9856,2023-07-31,Active
L002957,C008325,Gold,9278,2025-05-15,Active
L002958,C002624,Bronze,4894,2024-10-31,Active
L002959,C008860,Silver,6875,2026-01-29,Active
L002960,C000477,Silver,9235,2023-01-16,Inactive
L002961,C008592,Platinum,8333,2026-04-12,Active
L002962,C009714,Gold,1782,2025-06-25,Inactive
L002963,C006523,Platinum,8818,2025-02-13,Active
L002964,C003112,Bronze,4919,2023-12-18,Active
L002965,C009471,Gold,4551,2026-01-22,Active
L002966,C000738,Platinum,2606,2026-02-16,Inactive
L002967,C003134,Silver,5793,2025-06-26,Active
L002968,C008048,Bronze,4266,2026-05-02,Active
L002969,C006552,Platinum,742,2026-06-24,Inactive
L002970,C005408,Bronze,9554,2026-06-12,Active
L002971,C005564,Bronze,91,2025-12-13,Inactive
L002972,C005329,Silver,7368,2025-05-20,Inactive
L002973,C006719,Bronze,3400,2025-08-14,Active
L002974,C005119,Gold,1698,2024-12-17,Active
L002975,C004620,Bronze,8213,2026-03-28,Active
L002976,C003690,Bronze,9923,2025-11-23,Inactive
L002977,C007717,Platinum,8687,2026-03-08,Inactive
L002978,C001840,Bronze,3284,2026-06-12,Active
L002979,C001996,Bronze,4941,2025-01-17,Active
L002980,C002400,Gold,3418,2025-05-05,Active
L002981,C006511,Platinum,9298,2025-04-11,Active
L002982,C009357,Gold,7647,2025-09-22,Inactive
L002983,C004120,Platinum,2850,2025-10-31,Active
L002984,C005895,Platinum,610,2024-12-21,Active
L002985,C000801,Bronze,9175,2025-10-18,Inactive
L002986,C008424,Silver,6942,2023-01-10,Inactive
L002987,C007681,Silver,3961,2026-05-07,Active
L002988,C001406,Platinum,5634,2026-01-25,Active
L002989,C005432,Bronze,1917,2026-05-25,Active
L002990,C000070,Gold,9849,2025-07-05,Inactive
L002991,C009544,Platinum,8831,2026-01-18,Inactive
L002992,C002760,Platinum,7715,2026-03-23,Active
L002993,C008295,Platinum,6908,2025-12-18,Active
L002994,C001587,Gold,8330,2026-06-19,Active
L002995,C006667,Gold,2387,2025-10-20,Active
L002996,C008015,Silver,3204,2026-07-04,Inactive
L002997,C001075,Bronze,738,2026-03-20,Inactive
L002998,C003064,Silver,7307,2025-06-11,Active
L002999,C006488,Silver,3576,2024-07-20,Active
L003000,C004706,Gold,9103,2024-05-03,Active
L003001,C009070,Silver,311,2024-04-04,Active
L003002,C002604,Bronze,3023,2025-12-04,Active
L003003,C007739,Gold,1984,2026-02-12,Active
L003004,C001580,Gold,2655,2026-04-09,Active
L003005,C005059,Bronze,4784,2026-02-13,Active
L003006,C005754,Bronze,1627,2026-03-27,Inactive
L003007,C003549,Silver,6824,2025-11-03,Active
L003008,C000410,Gold,8691,2026-05-28,Active
L003009,C004098,Bronze,8738,2024-12-09,Active
L003010,C006462,Silver,1635,2026-06-29,Active
L003011,C005602,Silver,822,2024-10-24,Active
L003012,C005232,Platinum,9781,2026-03-11,Active
L003013,C003778,Platinum,5090,2025-07-05,Inactive
L003014,C002727,Gold,6429,2025-12-05,Active
L003015,C000478,Platinum,4866,2023-01-08,Active
L003016,C001330,Bronze,8748,2024-12-02,Active
L003017,C004036,Gold,7563,2025-02-07,Active
L003018,C009643,Gold,1888,2024-01-18,Active
L003019,C001778,Platinum,2820,2026-06-25,Active
L003020,C006097,Silver,8812,2023-07-11,Active
L003021,C000752,Silver,4679,2024-02-03,Active
L003022,C005793,Gold,6638,2025-07-01,Active
L003023,C004061,Platinum,8072,2025-03-06,Inactive
L003024,C009042,Bronze,2393,2024-03-10,Active
L003025,C006031,Gold,3521,2025-06-25,Active
L003026,C005899,Platinum,2193,2024-04-19,Active
L003027,C009339,Platinum,1376,2025-02-15,Active
L003028,C009161,Bronze,7052,2026-01-30,Active
L003029,C009997,Bronze,640,2026-01-18,Active
L003030,C005152,Platinum,3588,2025-01-27,Active
L003031,C000469,Gold,9115,2026-01-06,Active
L003032,C001546,Platinum,20,2026-03-15,Active
L003033,C006312,Silver,9896,2025-11-15,Inactive
L003034,C002684,Silver,9738,2026-06-27,Active
L003035,C008967,Silver,8516,2025-02-26,Active
L003036,C006182,Silver,4148,2025-06-10,Inactive
L003037,C001026,Silver,5461,2024-01-19,Active
L003038,C005113,Bronze,24,2023-02-01,Active
L003039,C008563,Silver,8121,2022-08-14,Active
L003040,C005369,Gold,2846,2026-05-13,Active
L003041,C002355,Bronze,4621,2025-11-16,Inactive
L003042,C007279,Gold,5973,2022-05-31,Active
L003043,C003603,Platinum,5549,2026-04-29,Active
L003044,C000774,Platinum,769,2022-04-22,Inactive
L003045,C006774,Bronze,292,2023-08-18,Active
L003046,C008810,Platinum,1872,2023-09-12,Inactive
L003047,C003383,Bronze,3531,2026-06-18,Active
L003048,C000642,Bronze,5881,2025-07-05,Inactive
L003049,C004234,Gold,3705,2024-03-30,Active
L003050,C003816,Silver,1534,2024-09-12,Active
L003051,C004105,Platinum,4899,2023-08-29,Active
L003052,C009926,Silver,1033,2026-04-06,Active
L003053,C001109,Platinum,9525,2025-04-15,Active
L003054,C003528,Platinum,7180,2024-02-21,Active
L003055,C003496,Platinum,983,2026-01-08,Active
L003056,C001421,Silver,2012,2023-04-07,Active
L003057,C006924,Silver,100,2024-05-09,Active
L003058,C003882,Silver,8512,2021-08-24,Inactive
L003059,C008354,Gold,7377,2024-02-01,Inactive
L003060,C006246,Bronze,2122,2026-04-12,Active
L003061,C004939,Bronze,7712,2022-11-11,Active
L003062,C006799,Platinum,5777,2026-02-06,Active
L003063,C007813,Bronze,7789,2025-10-25,Inactive
L003064,C001681,Bronze,8807,2026-05-27,Active
L003065,C006716,Silver,5707,2025-10-26,Active
L003066,C000634,Platinum,9540,2024-03-20,Inactive
L003067,C002570,Platinum,8629,2025-08-22,Active
L003068,C007360,Bronze,9740,2024-01-15,Active
L003069,C002167,Silver,1541,2023-12-13,Active
L003070,C008170,Bronze,4585,2026-01-08,Active
L003071,C008846,Platinum,4582,2024-11-20,Active
L003072,C002826,Gold,3783,2026-02-20,Active
L003073,C004088,Bronze,1795,2026-06-10,Active
L003074,C006244,Platinum,2363,2024-06-20,Active
L003075,C008365,Bronze,6731,2025-09-07,Active
L003076,C003942,Platinum,246,2026-06-20,Active
L003077,C009180,Gold,6428,2026-05-12,Active
L003078,C008076,Platinum,9456,2025-08-28,Active
L003079,C009196,Platinum,2176,2025-02-22,Active
L003080,C004129,Gold,7766,2026-02-20,Active
L003081,C001173,Platinum,5844,2025-03-21,Active
L003082,C008669,Silver,7451,2025-04-23,Inactive
L003083,C004223,Bronze,5441,2025-02-27,Active
L003084,C004835,Gold,2627,2025-01-24,Inactive
L003085,C002577,Silver,6719,2024-05-04,Active
L003086,C001990,Platinum,2721,2024-09-22,Active
L003087,C006974,Bronze,9951,2026-04-21,Inactive
L003088,C005837,Bronze,2297,2024-08-16,Active
L003089,C004533,Platinum,4265,2023-05-23,Active
L003090,C003210,Bronze,5834,2022-11-09,Active
L003091,C003856,Silver,7907,2026-04-13,Active
L003092,C002629,Platinum,5465,2026-03-20,Active
L003093,C007804,Silver,9544,2024-05-06,Active
L003094,C001411,Gold,4803,2025-08-06,Active
L003095,C008258,Gold,854,2026-03-01,Active
L003096,C007387,Gold,7877,2025-04-18,Active
L003097,C004304,Silver,172,2023-10-23,Active
L003098,C006751,Gold,8772,2022-10-18,Active
L003099,C006556,Silver,314,2025-06-29,Active
L003100,C000816,Bronze,7722,2023-07-16,Active
L003101,C002405,Silver,114,2026-03-12,Inactive
L003102,C005398,Bronze,5362,2025-01-31,Inactive
L003103,C009957,Bronze,3224,2024-07-21,Active
L003104,C002132,Gold,1591,2023-03-07,Active
L003105,C001798,Silver,5603,2026-01-15,Active
L003106,C003091,Bronze,9284,2024-08-01,Active
L003107,C004185,Platinum,5876,2024-05-05,Active
L003108,C004565,Silver,5166,2026-01-10,Active
L003109,C005031,Gold,2612,2026-01-31,Active
L003110,C008049,Gold,2023,2025-01-28,Active
L003111,C000123,Gold,176,2026-02-04,Active
L003112,C000180,Gold,7185,2025-10-23,Active
L003113,C009251,Silver,9752,2026-02-16,Active
L003114,C008096,Platinum,8398,2024-07-09,Active
L003115,C006430,Silver,5112,2022-11-26,Active
L003116,C009738,Silver,6206,2025-02-24,Active
L003117,C004993,Bronze,7825,2026-06-18,Active
L003118,C001158,Gold,1625,2026-03-11,Active
L003119,C009004,Gold,5953,2024-05-05,Active
L003120,C001533,Silver,269,2025-11-20,Active
L003121,C008993,Platinum,275,2026-06-27,Inactive
L003122,C007860,Gold,5906,2025-10-08,Active
L003123,C009111,Platinum,9451,2024-12-03,Active
L003124,C001536,Platinum,9143,2025-06-09,Active
L003125,C009260,Platinum,2125,2026-06-12,Active
L003126,C005518,Silver,656,2025-06-16,Active
L003127,C002606,Silver,2291,2025-07-02,Active
L003128,C006128,Platinum,3353,2026-03-09,Inactive
L003129,C009142,Bronze,4671,2025-07-19,Active
L003130,C007459,Platinum,4006,2024-05-01,Inactive
L003131,C002178,Bronze,3332,2026-05-08,Active
L003132,C007991,Gold,4588,2026-01-09,Active
L003133,C002352,Silver,4168,2026-06-18,Inactive
L003134,C009178,Platinum,2025,2022-05-10,Active
L003135,C003503,Platinum,9991,2024-06-14,Active
L003136,C002135,Platinum,1288,2025-11-22,Active
L003137,C001481,Bronze,3420,2026-01-15,Active
L003138,C002794,Gold,5057,2026-02-19,Inactive
L003139,C004844,Bronze,280,2026-01-18,Active
L003140,C009781,Gold,210,2025-01-14,Active
L003141,C009935,Platinum,8949,2024-03-12,Active
L003142,C004763,Platinum,6403,2026-06-07,Inactive
L003143,C007192,Bronze,8421,2025-08-19,Active
L003144,C006042,Silver,1743,2026-05-09,Active
L003145,C009637,Platinum,7844,2025-08-09,Active
L003146,C003446,Gold,5146,2025-12-10,Active
L003147,C008150,Gold,6446,2023-10-07,Active
L003148,C007766,Platinum,3887,2024-02-23,Inactive
L003149,C003621,Gold,612,2026-05-22,Active
L003150,C001953,Gold,6974,2026-06-21,Active
L003151,C000556,Bronze,6962,2025-04-24,Active
L003152,C004265,Bronze,300,2025-06-11,Inactive
L003153,C001164,Silver,7388,2025-08-31,Active
L003154,C001585,Bronze,5897,2023-07-12,Active
L003155,C006152,Platinum,9991,2026-05-01,Active
L003156,C009721,Silver,256,2026-05-28,Active
L003157,C005838,Silver,682,2025-04-24,Active
L003158,C005262,Bronze,3279,2023-12-31,Active
L003159,C005240,Gold,6672,2025-01-05,Active
L003160,C007914,Gold,4541,2026-07-04,Active
L003161,C009163,Platinum,6146,2026-07-04,Active
L003162,C001599,Silver,6628,2026-04-26,Active
L003163,C007183,Platinum,9500,2026-06-05,Active
L003164,C000301,Silver,3405,2023-07-27,Active
L003165,C009661,Gold,2729,2025-08-18,Active
L003166,C006948,Platinum,4638,2025-08-22,Active
L003167,C003795,Platinum,4210,2026-03-31,Active
L003168,C004573,Bronze,1337,2025-08-22,Active
L003169,C004336,Gold,8952,2026-05-25,Active
L003170,C002859,Bronze,6427,2026-07-06,Active
L003171,C005695,Platinum,7505,2024-11-12,Active
L003172,C003143,Silver,8314,2026-06-26,Inactive
L003173,C001360,Silver,7364,2026-05-29,Active
L003174,C004534,Bronze,3968,2026-04-23,Active
L003175,C009750,Silver,5836,2026-01-21,Active
L003176,C005688,Bronze,6446,2026-03-25,Active
L003177,C000487,Gold,1957,2026-02-12,Inactive
L003178,C007837,Silver,612,2022-06-03,Active
L003179,C009555,Gold,4292,2025-12-09,Active
L003180,C005901,Platinum,7070,2023-12-18,Active
L003181,C008117,Silver,2471,2025-03-18,Active
L003182,C007363,Gold,4114,2026-05-28,Active
L003183,C001153,Gold,8868,2026-07-02,Inactive
L003184,C005383,Platinum,6795,2025-11-10,Active
L003185,C009742,Platinum,8105,2026-03-18,Active
L003186,C005425,Silver,286,2026-07-06,Inactive
L003187,C008808,Bronze,8887,2026-06-20,Inactive
L003188,C005187,Gold,6833,2026-06-22,Inactive
L003189,C008410,Gold,7979,2026-03-24,Active
L003190,C006190,Gold,6508,2025-01-11,Inactive
L003191,C009703,Bronze,4583,2025-01-01,Active
L003192,C008270,Bronze,1763,2026-04-10,Active
L003193,C005315,Gold,2746,2025-10-12,Active
L003194,C009904,Bronze,6662,2026-07-01,Active
L003195,C000666,Silver,6403,2026-05-04,Active
L003196,C003354,Bronze,5662,2026-06-05,Inactive
L003197,C008852,Silver,3552,2026-05-14,Active
L003198,C008062,Silver,415,2024-11-14,Active
L003199,C000643,Gold,8198,2025-06-11,Active
L003200,C009243,Bronze,7423,2023-07-22,Inactive
L003201,C000177,Platinum,1448,2026-05-26,Active
L003202,C006432,Silver,6469,2023-08-30,Inactive
L003203,C009911,Platinum,8717,2024-06-25,Active
L003204,C003439,Bronze,8967,2026-04-10,Active
L003205,C000787,Platinum,9023,2024-02-19,Active
L003206,C006392,Bronze,5486,2023-04-22,Active
L003207,C009066,Silver,9371,2026-04-25,Active
L003208,C009928,Gold,9453,2024-12-08,Active
L003209,C003203,Platinum,1576,2026-02-04,Inactive
L003210,C004804,Platinum,3587,2022-12-13,Active
L003211,C007836,Platinum,5610,2025-05-20,Active
L003212,C007941,Platinum,5590,2024-10-26,Active
L003213,C000092,Gold,6989,2026-01-01,Active
L003214,C005763,Bronze,8366,2025-11-17,Active
L003215,C009028,Bronze,4193,2026-04-30,Active
L003216,C009505,Silver,7413,2024-07-26,Active
L003217,C008238,Bronze,1560,2025-12-02,Inactive
L003218,C001972,Silver,6466,2024-08-06,Inactive
L003219,C002906,Gold,7245,2025-09-15,Active
L003220,C000531,Silver,9259,2026-01-11,Active
L003221,C003636,Gold,5386,2022-12-20,Active
L003222,C000997,Silver,2819,2026-06-05,Inactive
L003223,C005853,Platinum,9937,2025-04-22,Active
L003224,C004227,Bronze,4223,2024-03-03,Inactive
L003225,C005617,Silver,1477,2024-01-31,Active
L003226,C002313,Platinum,5577,2026-01-12,Inactive
L003227,C002155,Silver,8058,2024-08-28,Active
L003228,C005318,Silver,1812,2026-03-03,Active
L003229,C001428,Bronze,5172,2025-04-16,Active
L003230,C008631,Silver,2576,2026-06-24,Active
L003231,C006033,Bronze,8089,2026-07-02,Inactive
L003232,C004416,Gold,8826,2024-04-26,Active
L003233,C008819,Bronze,8060,2025-04-06,Active
L003234,C003086,Platinum,1449,2026-06-17,Inactive
L003235,C007799,Gold,8494,2023-12-11,Inactive
L003236,C009154,Platinum,6384,2022-04-03,Active
L003237,C008210,Bronze,3680,2024-10-31,Active
L003238,C009574,Platinum,769,2025-12-03,Active
L003239,C009535,Silver,7567,2024-02-26,Active
L003240,C000496,Platinum,7344,2026-02-17,Active
L003241,C003750,Bronze,7373,2025-04-19,Active
L003242,C002322,Platinum,2558,2024-12-06,Active
L003243,C004268,Silver,7945,2026-03-09,Inactive
L003244,C003406,Gold,5915,2026-06-12,Inactive
L003245,C000152,Bronze,2065,2026-01-28,Inactive
L003246,C007370,Silver,3178,2025-05-14,Active
L003247,C000695,Platinum,3630,2023-11-21,Active
L003248,C004418,Bronze,2162,2026-06-17,Active
L003249,C005698,Gold,545,2025-10-20,Active
L003250,C001739,Platinum,2402,2022-12-30,Active
L003251,C003002,Platinum,5558,2025-04-07,Active
L003252,C000168,Silver,1014,2026-06-13,Active
L003253,C006112,Platinum,2776,2026-02-14,Active
L003254,C004623,Bronze,1697,2024-12-04,Inactive
L003255,C002866,Gold,9023,2023-06-09,Active
L003256,C008545,Gold,7314,2024-01-12,Active
L003257,C004703,Silver,2024,2024-11-18,Active
L003258,C002884,Bronze,78,2026-05-31,Active
L003259,C003032,Bronze,1678,2026-05-31,Active
L003260,C008184,Bronze,8771,2025-05-09,Active
L003261,C008981,Bronze,4535,2025-10-14,Active
L003262,C008529,Gold,3359,2021-11-09,Active
L003263,C005682,Silver,2086,2023-10-19,Active
L003264,C007210,Gold,4696,2026-06-12,Inactive
L003265,C005992,Silver,1561,2026-06-05,Active
L003266,C002277,Gold,4950,2024-02-10,Active
L003267,C007133,Platinum,2544,2026-02-10,Inactive
L003268,C005706,Platinum,9819,2026-02-08,Active
L003269,C007999,Silver,2756,2026-01-19,Active
L003270,C005293,Bronze,1382,2025-07-25,Inactive
L003271,C004305,Platinum,6535,2024-05-15,Inactive
L003272,C007446,Platinum,9798,2025-10-01,Active
L003273,C000429,Gold,8621,2025-01-14,Active
L003274,C007069,Gold,8275,2023-07-02,Active
L003275,C006365,Platinum,1068,2024-02-18,Inactive
L003276,C004216,Silver,6261,2026-03-22,Active
L003277,C000427,Gold,1308,2026-04-10,Inactive
L003278,C002224,Platinum,5659,2026-01-06,Active
L003279,C000101,Gold,7555,2026-04-20,Active
L003280,C009245,Gold,1599,2025-05-02,Inactive
L003281,C003308,Bronze,8381,2026-05-16,Active
L003282,C002763,Gold,1176,2025-04-27,Active
L003283,C005858,Platinum,5255,2025-04-10,Active
L003284,C004739,Bronze,2170,2026-06-06,Inactive
L003285,C007093,Silver,3093,2026-01-24,Inactive
L003286,C009633,Silver,4653,2026-05-11,Active
L003287,C003287,Silver,2664,2024-02-11,Active
L003288,C007713,Bronze,5145,2023-05-27,Active
L003289,C007869,Platinum,4549,2024-12-04,Inactive
L003290,C006068,Bronze,1723,2025-07-30,Active
L003291,C009236,Silver,32,2024-05-12,Active
L003292,C003578,Silver,7560,2024-06-28,Active
L003293,C001466,Platinum,7213,2024-10-31,Inactive
L003294,C007676,Platinum,8500,2024-09-30,Inactive
L003295,C002235,Bronze,1570,2024-08-31,Active
L003296,C001745,Gold,2562,2026-03-24,Inactive
L003297,C009755,Platinum,2743,2023-11-30,Active
L003298,C006095,Bronze,1167,2025-09-12,Inactive
L003299,C008782,Gold,8937,2023-08-16,Active
L003300,C009402,Gold,6425,2025-11-25,Active
L003301,C008372,Gold,9973,2026-05-23,Inactive
L003302,C005028,Platinum,1986,2022-07-06,Inactive
L003303,C009235,Bronze,6100,2022-02-20,Inactive
L003304,C003945,Silver,7167,2025-08-18,Active
L003305,C006863,Silver,6222,2025-07-02,Active
L003306,C005351,Bronze,3630,2025-12-04,Inactive
L003307,C009423,Silver,7991,2026-02-21,Active
L003308,C002122,Gold,5401,2025-02-06,Active
L003309,C004973,Platinum,2907,2026-06-25,Active
L003310,C008577,Bronze,5787,2025-03-08,Active
L003311,C003785,Gold,3174,2025-10-22,Active
L003312,C006873,Platinum,8216,2026-05-23,Inactive
L003313,C000917,Silver,9407,2026-06-18,Active
L003314,C009395,Silver,1037,2026-02-11,Active
L003315,C007253,Gold,5119,2025-08-02,Active
L003316,C008013,Silver,3167,2025-11-24,Active
L003317,C005822,Silver,1404,2026-05-29,Active
L003318,C004404,Gold,5298,2023-06-20,Inactive
L003319,C004864,Bronze,1155,2023-01-13,Active
L003320,C008516,Gold,4007,2025-06-28,Inactive
L003321,C005423,Bronze,692,2025-12-16,Active
L003322,C007734,Bronze,9289,2023-12-06,Active
L003323,C001204,Bronze,3495,2025-10-21,Inactive
L003324,C003769,Gold,6856,2025-01-16,Active
L003325,C005358,Platinum,7484,2026-05-02,Active
L003326,C003853,Silver,3194,2023-06-16,Active
L003327,C001927,Gold,2752,2024-08-29,Active
L003328,C003115,Gold,4835,2024-07-05,Active
L003329,C002642,Bronze,8076,2026-04-20,Inactive
L003330,C007640,Silver,8254,2025-04-01,Inactive
L003331,C007361,Platinum,475,2025-05-23,Inactive
L003332,C008183,Platinum,8702,2026-02-15,Active
L003333,C007611,Silver,4996,2024-03-01,Active
L003334,C002729,Silver,313,2025-12-20,Active
L003335,C009598,Silver,4014,2026-06-07,Inactive
L003336,C004986,Platinum,3798,2025-02-13,Active
L003337,C006847,Silver,9081,2026-05-21,Active
L003338,C007699,Bronze,7629,2022-07-15,Active
L003339,C004013,Gold,6491,2026-05-10,Active
L003340,C002627,Silver,9817,2024-06-18,Active
L003341,C007239,Silver,8319,2026-03-01,Active
L003342,C008256,Gold,562,2026-04-17,Active
L003343,C009566,Silver,8945,2023-04-14,Active
L003344,C000806,Bronze,5320,2024-08-14,Active
L003345,C004635,Silver,7312,2023-10-05,Active
L003346,C005248,Silver,6480,2025-08-21,Inactive
L003347,C005567,Platinum,7859,2026-04-18,Active
L003348,C005740,Gold,8604,2025-12-26,Inactive
L003349,C005144,Platinum,1934,2026-02-07,Active
L003350,C008266,Silver,2511,2022-10-28,Inactive
L003351,C004460,Silver,9751,2025-08-17,Inactive
L003352,C001243,Gold,9915,2023-10-24,Active
L003353,C006946,Silver,3610,2024-12-17,Inactive
L003354,C005741,Gold,2143,2025-12-16,Inactive
L003355,C005326,Bronze,1735,2024-08-16,Active
L003356,C000548,Platinum,7292,2024-01-29,Inactive
L003357,C003023,Platinum,4356,2026-03-14,Active
L003358,C005762,Silver,1463,2026-05-08,Active
L003359,C004032,Gold,7254,2024-07-06,Active
L003360,C000027,Bronze,9579,2025-05-17,Active
L003361,C004953,Bronze,3585,2025-03-18,Active
L003362,C005153,Platinum,3596,2026-05-03,Active
L003363,C002509,Gold,2406,2025-11-15,Inactive
L003364,C001434,Gold,3914,2025-08-23,Active
L003365,C002583,Silver,2252,2025-03-21,Active
L003366,C001303,Silver,6129,2023-06-22,Active
L003367,C005813,Gold,2740,2024-06-26,Active
L003368,C007350,Platinum,2618,2024-02-20,Active
L003369,C005282,Silver,9051,2024-11-23,Active
L003370,C006115,Gold,5575,2022-01-02,Active
L003371,C001222,Bronze,5744,2022-09-28,Active
L003372,C007436,Platinum,4779,2025-11-09,Active
L003373,C002549,Gold,6963,2026-05-03,Active
L003374,C000751,Bronze,5829,2025-08-10,Active
L003375,C000438,Silver,1428,2025-11-22,Inactive
L003376,C004372,Platinum,5535,2024-10-20,Inactive
L003377,C004449,Bronze,2450,2026-05-24,Active
L003378,C002848,Silver,2775,2024-05-07,Inactive
L003379,C001174,Gold,5297,2025-03-28,Inactive
L003380,C007496,Platinum,9596,2026-03-24,Active
L003381,C002700,Silver,1470,2026-05-04,Active
L003382,C009889,Gold,3882,2025-09-21,Active
L003383,C009507,Gold,8451,2025-10-07,Active
L003384,C006396,Bronze,1129,2025-02-15,Active
L003385,C002482,Silver,2623,2026-03-07,Inactive
L003386,C005457,Bronze,659,2025-10-10,Inactive
L003387,C008445,Gold,1926,2023-12-09,Active
L003388,C002707,Silver,2091,2025-12-22,Active
L003389,C004662,Bronze,5998,2025-05-20,Active
L003390,C000327,Platinum,320,2025-02-21,Active
L003391,C001040,Silver,3502,2026-06-03,Active
L003392,C002638,Platinum,9052,2022-04-22,Active
L003393,C005023,Platinum,6487,2023-11-07,Active
L003394,C002500,Silver,8177,2026-07-06,Inactive
L003395,C001005,Bronze,2543,2026-04-10,Active
L003396,C002862,Platinum,8870,2025-11-01,Active
L003397,C003234,Bronze,8104,2025-09-05,Inactive
L003398,C001871,Gold,5343,2026-05-13,Active
L003399,C004246,Bronze,8598,2023-07-13,Active
L003400,C006928,Silver,1258,2024-04-04,Active
L003401,C008386,Platinum,869,2026-07-01,Active
L003402,C000535,Platinum,1830,2023-12-21,Active
L003403,C009828,Silver,5755,2026-06-28,Inactive
L003404,C007149,Silver,1864,2025-05-21,Active
L003405,C007366,Bronze,6161,2026-01-26,Active
L003406,C000586,Silver,5964,2026-07-06,Active
L003407,C009915,Platinum,7012,2023-06-29,Inactive
L003408,C003036,Silver,3666,2025-09-26,Active
L003409,C004429,Gold,908,2025-08-18,Inactive
L003410,C004090,Gold,1090,2026-05-12,Active
L003411,C001704,Bronze,4091,2024-12-24,Active
L003412,C004296,Platinum,1955,2025-04-09,Active
L003413,C005720,Silver,7657,2026-03-20,Active
L003414,C000492,Platinum,9905,2026-04-09,Inactive
L003415,C006900,Bronze,9742,2026-06-25,Active
L003416,C004354,Bronze,8888,2026-02-21,Inactive
L003417,C002837,Gold,3980,2025-09-17,Active
L003418,C002267,Gold,3109,2024-01-26,Inactive
L003419,C007719,Platinum,6120,2024-10-04,Inactive
L003420,C009524,Platinum,2150,2023-10-02,Active
L003421,C008023,Platinum,9698,2026-02-28,Active
L003422,C004708,Bronze,757,2025-04-26,Active
L003423,C009844,Platinum,5534,2026-07-02,Active
L003424,C002901,Gold,3140,2026-01-03,Active
L003425,C009619,Silver,3080,2025-09-29,Active
L003426,C002945,Bronze,5289,2024-02-08,Inactive
L003427,C001917,Bronze,9467,2024-04-22,Active
L003428,C003186,Gold,6059,2023-11-10,Active
L003429,C008627,Silver,7970,2024-08-22,Active
L003430,C009435,Gold,8585,2025-01-29,Active
L003431,C007256,Platinum,4946,2026-06-06,Inactive
L003432,C004247,Platinum,8356,2024-01-08,Active
L003433,C008616,Bronze,4762,2025-03-02,Inactive
L003434,C005147,Bronze,2881,2024-08-22,Active
L003435,C008566,Gold,4486,2025-04-15,Inactive
L003436,C002519,Platinum,4379,2025-06-12,Active
L003437,C000398,Gold,1198,2026-02-25,Inactive
L003438,C001318,Gold,7915,2025-10-16,Active
L003439,C004561,Bronze,758,2026-06-20,Active
L003440,C000122,Platinum,2663,2024-01-09,Active
L003441,C002450,Bronze,9417,2026-05-10,Active
L003442,C008856,Platinum,9019,2026-06-20,Active
L003443,C008109,Silver,2905,2025-09-10,Active
L003444,C001567,Silver,8946,2023-10-01,Active
L003445,C001985,Silver,6595,2024-02-19,Active
L003446,C004334,Gold,8609,2025-07-02,Active
L003447,C007911,Bronze,8264,2023-12-23,Active
L003448,C009287,Gold,3724,2025-08-09,Active
L003449,C003919,Silver,1744,2026-05-06,Active
L003450,C002174,Bronze,8486,2026-04-12,Active
L003451,C003284,Silver,9302,2026-03-08,Active
L003452,C008496,Gold,8866,2024-11-16,Active
L003453,C008585,Platinum,6664,2026-04-26,Inactive
L003454,C002334,Gold,4355,2024-09-06,Inactive
L003455,C000574,Platinum,5499,2025-04-23,Active
L003456,C003661,Platinum,7968,2023-09-07,Active
L003457,C009076,Gold,5540,2023-11-07,Active
L003458,C000982,Silver,8519,2025-07-30,Active
L003459,C009371,Bronze,2756,2024-02-13,Active
L003460,C001408,Silver,2109,2026-07-03,Active
L003461,C000536,Silver,5245,2025-04-27,Active
L003462,C004316,Platinum,5804,2026-06-15,Active
L003463,C004599,Platinum,8201,2025-09-18,Inactive
L003464,C008623,Silver,9016,2026-06-13,Active
L003465,C008759,Platinum,8449,2024-08-28,Active
L003466,C001435,Gold,1609,2022-08-10,Inactive
L003467,C006995,Bronze,5939,2023-12-02,Active
L003468,C002580,Platinum,9303,2024-06-01,Inactive
L003469,C009404,Bronze,7796,2023-01-22,Active
L003470,C003270,Platinum,6492,2026-06-01,Active
L003471,C009554,Gold,216,2026-01-20,Active
L003472,C003839,Bronze,7382,2026-01-03,Active
L003473,C001868,Platinum,8381,2024-05-15,Active
L003474,C001455,Silver,2780,2023-08-07,Inactive
L003475,C001787,Silver,9804,2026-02-11,Inactive
L003476,C009913,Gold,2167,2025-01-07,Active
L003477,C007096,Gold,9710,2025-06-23,Active
L003478,C002522,Bronze,442,2025-08-11,Active
L003479,C004440,Platinum,9103,2026-05-08,Active
L003480,C001821,Silver,785,2025-07-21,Active
L003481,C005616,Bronze,6445,2025-10-13,Active
L003482,C002930,Bronze,1769,2021-09-03,Inactive
L003483,C000052,Gold,4803,2026-06-29,Active
L003484,C004727,Bronze,5079,2025-03-10,Active
L003485,C005717,Gold,378,2024-03-21,Active
L003486,C005466,Silver,9323,2025-01-20,Inactive
L003487,C000470,Gold,2404,2025-01-10,Active
L003488,C002630,Bronze,2135,2024-12-13,Active
L003489,C006514,Silver,615,2026-05-08,Active
L003490,C007468,Platinum,679,2025-03-19,Active
L003491,C003946,Bronze,6352,2023-07-07,Active
L003492,C006205,Bronze,6725,2025-03-20,Inactive
L003493,C004263,Platinum,7373,2023-09-29,Inactive
L003494,C001859,Platinum,2561,2022-12-18,Active
L003495,C009533,Silver,7718,2023-04-22,Inactive
L003496,C000866,Silver,864,2026-05-27,Active
L003497,C006391,Silver,188,2025-01-23,Active
L003498,C007213,Silver,1541,2026-05-23,Active
L003499,C004922,Bronze,866,2026-06-02,Active
L003500,C008102,Bronze,4881,2026-01-08,Inactive
L003501,C004793,Gold,6403,2026-02-16,Inactive
L003502,C008855,Platinum,247,2024-12-29,Active
L003503,C006251,Gold,2299,2025-12-13,Inactive
L003504,C005937,Platinum,6934,2026-04-28,Active
L003505,C000426,Bronze,1013,2025-04-23,Active
L003506,C000189,Platinum,2914,2022-12-07,Active
L003507,C005630,Bronze,2887,2023-03-20,Active
L003508,C004360,Platinum,795,2026-01-19,Active
L003509,C000229,Gold,1843,2025-02-10,Active
L003510,C007758,Silver,9958,2026-05-17,Active
L003511,C007678,Gold,6126,2025-04-05,Active
L003512,C002742,Gold,9685,2026-04-04,Active
L003513,C001042,Platinum,9552,2025-01-05,Active
L003514,C004076,Gold,1421,2026-06-27,Active
L003515,C009141,Bronze,1328,2024-08-22,Active
L003516,C006119,Platinum,5157,2026-05-06,Inactive
L003517,C006903,Bronze,3813,2026-06-11,Active
L003518,C000472,Bronze,9625,2026-02-05,Active
L003519,C002922,Platinum,3461,2026-01-17,Active
L003520,C001906,Platinum,6792,2025-05-27,Inactive
L003521,C008877,Gold,5334,2026-05-04,Inactive
L003522,C000802,Bronze,1407,2025-11-21,Active
L003523,C001488,Bronze,520,2026-03-02,Active
L003524,C008442,Gold,9393,2024-03-11,Inactive
L003525,C000228,Silver,2763,2025-03-13,Active
L003526,C007891,Silver,9002,2026-02-02,Active
L003527,C001129,Platinum,4508,2025-04-16,Active
L003528,C005071,Gold,1306,2025-12-13,Active
L003529,C009167,Silver,9485,2026-03-06,Inactive
L003530,C002209,Silver,7785,2023-07-24,Inactive
L003531,C007994,Gold,5323,2026-04-27,Active
L003532,C009843,Bronze,3113,2025-07-23,Active
L003533,C006560,Bronze,1588,2025-07-31,Active
L003534,C009922,Gold,4252,2026-04-11,Active
L003535,C003154,Silver,9553,2026-01-15,Active
L003536,C004442,Bronze,2505,2025-03-14,Active
L003537,C007506,Silver,6337,2026-04-28,Active
L003538,C008958,Platinum,7732,2025-02-15,Active
L003539,C006216,Platinum,5372,2025-06-23,Active
L003540,C009599,Silver,676,2023-04-19,Active
L003541,C002145,Gold,3054,2024-06-17,Active
L003542,C007412,Gold,2505,2026-05-07,Active
L003543,C008930,Gold,6236,2022-06-28,Active
L003544,C002375,Bronze,7153,2025-02-09,Active
L003545,C002578,Silver,7117,2025-07-31,Inactive
L003546,C001633,Platinum,4372,2023-11-11,Active
L003547,C004833,Gold,7623,2025-07-30,Active
L003548,C002299,Gold,267,2024-04-10,Inactive
L003549,C005034,Platinum,164,2022-08-17,Active
L003550,C000157,Platinum,2736,2025-01-10,Active
L003551,C008047,Gold,1346,2022-07-16,Active
L003552,C006707,Silver,7577,2023-09-28,Inactive
L003553,C003350,Gold,4489,2026-01-25,Active
L003554,C002880,Gold,1402,2024-04-15,Active
L003555,C003414,Bronze,4692,2026-04-24,Inactive
L003556,C007769,Platinum,8161,2025-08-22,Active
L003557,C004190,Platinum,9162,2026-06-14,Active
L003558,C009611,Gold,111,2026-03-29,Active
L003559,C009735,Gold,1598,2025-03-31,Active
L003560,C007252,Platinum,5196,2026-01-08,Active
L003561,C007614,Platinum,7988,2022-11-03,Active
L003562,C006920,Silver,4779,2025-02-11,Active
L003563,C009682,Silver,2751,2024-01-11,Active
L003564,C009672,Platinum,6304,2025-04-22,Active
L003565,C004795,Platinum,9088,2025-07-07,Active
L003566,C005655,Gold,4954,2026-07-03,Active
L003567,C002496,Platinum,7720,2025-09-05,Active
L003568,C007305,Silver,605,2023-12-21,Inactive
L003569,C002373,Gold,3752,2026-04-16,Active
L003570,C004092,Gold,6285,2026-04-13,Active
L003571,C009472,Gold,9841,2024-08-19,Active
L003572,C003462,Silver,9848,2026-02-23,Active
L003573,C007007,Silver,1877,2022-10-22,Active
L003574,C005392,Platinum,6483,2026-06-20,Active
L003575,C007173,Platinum,8526,2026-01-11,Inactive
L003576,C005697,Gold,9757,2026-05-04,Inactive
L003577,C005665,Platinum,8854,2025-12-19,Inactive
L003578,C004504,Gold,2130,2026-06-09,Active
L003579,C002551,Platinum,3901,2025-04-16,Active
L003580,C004716,Platinum,4370,2025-07-05,Inactive
L003581,C000848,Bronze,340,2025-07-07,Active
L003582,C003345,Gold,870,2025-12-04,Inactive
L003583,C000939,Bronze,3769,2026-05-01,Inactive
L003584,C004826,Bronze,4291,2026-06-22,Active
L003585,C009694,Silver,8409,2026-01-22,Active
L003586,C008864,Silver,9852,2025-08-30,Active
L003587,C008611,Silver,1139,2026-07-06,Inactive
L003588,C005355,Platinum,7583,2026-03-29,Active
L003589,C005478,Platinum,5300,2024-03-10,Active
L003590,C009724,Platinum,260,2024-09-12,Active
L003591,C000757,Gold,1219,2025-11-09,Active
L003592,C004751,Gold,1783,2024-09-14,Inactive
L003593,C002645,Silver,9303,2025-02-21,Inactive
L003594,C004163,Bronze,615,2025-07-03,Inactive
L003595,C008649,Gold,7405,2023-11-16,Active
L003596,C003166,Gold,4475,2025-03-27,Active
L003597,C006498,Silver,3798,2024-05-23,Active
L003598,C005988,Platinum,8294,2026-04-26,Active
L003599,C003874,Platinum,5346,2026-05-21,Inactive
L003600,C007752,Platinum,7097,2026-02-04,Active
L003601,C006524,Silver,8051,2023-06-27,Active
L003602,C003419,Gold,6837,2026-03-31,Active
L003603,C009905,Bronze,7401,2025-12-31,Active
L003604,C002062,Gold,6060,2025-12-29,Active
L003605,C000550,Silver,3364,2026-03-22,Active
L003606,C004454,Silver,2909,2025-10-30,Active
L003607,C002813,Silver,9197,2026-06-12,Inactive
L003608,C008778,Silver,9208,2024-08-04,Inactive
L003609,C008996,Bronze,932,2024-08-23,Active
L003610,C002550,Gold,4147,2025-02-12,Active
L003611,C006070,Silver,1261,2023-12-06,Inactive
L003612,C003170,Platinum,6615,2026-05-12,Inactive
L003613,C007055,Bronze,5177,2025-09-16,Active
L003614,C004829,Bronze,5398,2025-09-04,Active
L003615,C009571,Bronze,8559,2026-05-11,Active
L003616,C001260,Gold,2011,2024-05-28,Active
L003617,C008713,Silver,1942,2026-06-17,Active
L003618,C003662,Gold,4770,2024-11-15,Active
L003619,C007923,Silver,5558,2026-01-29,Active
L003620,C001025,Gold,3772,2024-06-27,Active
L003621,C004966,Silver,8070,2025-10-30,Active
L003622,C000753,Silver,6665,2022-08-29,Active
L003623,C003943,Silver,4869,2025-10-28,Active
L003624,C003711,Gold,6999,2025-11-10,Active
L003625,C009961,Gold,1804,2024-12-30,Active
L003626,C001952,Bronze,8487,2024-11-23,Active
L003627,C006315,Silver,9296,2024-10-18,Inactive
L003628,C000352,Silver,6608,2022-06-16,Active
L003629,C001512,Bronze,1747,2025-08-22,Active
L003630,C004830,Gold,3213,2023-09-12,Active
L003631,C009617,Silver,8765,2025-04-17,Active
L003632,C003747,Silver,994,2025-01-16,Active
L003633,C005800,Platinum,4520,2026-04-29,Active
L003634,C000702,Silver,9890,2026-02-17,Inactive
L003635,C003694,Bronze,5731,2025-03-11,Active
L003636,C004615,Bronze,5195,2026-06-02,Inactive
L003637,C007214,Platinum,8756,2022-12-08,Active
L003638,C000562,Bronze,6344,2026-02-17,Active
L003639,C002319,Platinum,7563,2026-05-04,Active
L003640,C003099,Silver,386,2022-11-29,Active
L003641,C004839,Platinum,949,2026-05-21,Active
L003642,C003151,Platinum,1020,2023-09-06,Active
L003643,C005609,Gold,617,2025-07-24,Inactive
L003644,C004300,Platinum,4251,2025-10-12,Inactive
L003645,C004619,Gold,6279,2025-05-06,Inactive
L003646,C004075,Bronze,8855,2026-03-23,Active
L003647,C003995,Gold,2903,2025-12-20,Inactive
L003648,C006374,Bronze,5001,2026-06-03,Active
L003649,C006168,Platinum,8500,2026-02-19,Active
L003650,C001048,Gold,2141,2026-01-31,Active
L003651,C002940,Silver,1080,2023-01-28,Inactive
L003652,C001809,Bronze,4332,2025-08-08,Inactive
L003653,C003167,Gold,3474,2023-04-24,Active
L003654,C000415,Bronze,6634,2026-03-30,Active
L003655,C001341,Platinum,8468,2025-11-28,Inactive
L003656,C009372,Bronze,716,2025-10-30,Inactive
L003657,C007741,Platinum,8332,2025-06-14,Inactive
L003658,C005061,Platinum,5393,2025-05-11,Active
L003659,C004634,Gold,4720,2025-07-20,Inactive
L003660,C004610,Silver,8856,2025-08-05,Inactive
L003661,C007367,Bronze,170,2024-05-07,Active
L003662,C001470,Silver,8189,2023-12-07,Active
L003663,C001711,Bronze,5277,2026-05-17,Active
L003664,C006271,Platinum,1993,2024-04-04,Active
L003665,C008733,Platinum,2071,2025-06-16,Active
L003666,C002272,Bronze,1761,2026-04-21,Active
L003667,C001584,Bronze,7196,2023-11-15,Active
L003668,C001413,Silver,6675,2026-01-07,Active
L003669,C004112,Gold,9991,2025-12-13,Inactive
L003670,C007653,Silver,1980,2026-03-28,Inactive
L003671,C006694,Silver,3386,2026-05-29,Active
L003672,C001723,Silver,6337,2026-05-31,Active
L003673,C002025,Platinum,2260,2025-12-01,Active
L003674,C002213,Gold,5204,2024-12-18,Active
L003675,C001508,Bronze,5383,2025-12-03,Active
L003676,C002623,Bronze,262,2024-03-22,Inactive
L003677,C005291,Platinum,9434,2024-03-09,Active
L003678,C009129,Platinum,5400,2023-05-31,Inactive
L003679,C001322,Platinum,2294,2026-06-10,Active
L003680,C000843,Gold,6298,2023-10-27,Active
L003681,C001147,Bronze,5878,2026-06-15,Active
L003682,C003625,Silver,1769,2024-05-19,Inactive
L003683,C004281,Bronze,3202,2026-06-18,Inactive
L003684,C009011,Silver,4318,2026-01-08,Inactive
L003685,C008987,Platinum,1193,2024-08-18,Active
L003686,C004682,Silver,9406,2024-12-13,Inactive
L003687,C000464,Silver,2609,2026-04-04,Active
L003688,C001755,Gold,3584,2025-01-15,Inactive
L003689,C003937,Gold,5573,2026-06-17,Active
L003690,C007934,Platinum,4222,2023-10-06,Active
L003691,C009461,Platinum,5343,2025-03-29,Inactive
L003692,C004402,Platinum,8297,2024-04-02,Inactive
L003693,C004701,Bronze,5043,2026-01-15,Active
L003694,C008992,Gold,9882,2025-11-27,Active
L003695,C000379,Gold,7010,2024-09-10,Active
L003696,C003107,Silver,9027,2024-10-03,Active
L003697,C008216,Bronze,344,2026-04-28,Active
L003698,C001336,Silver,9040,2026-07-06,Active
L003699,C001224,Silver,9974,2024-05-25,Active
L003700,C003849,Silver,3009,2025-02-09,Inactive
L003701,C002717,Silver,6202,2025-11-08,Inactive
L003702,C006838,Bronze,147,2024-05-17,Active
L003703,C002953,Gold,3198,2026-06-02,Active
L003704,C001351,Silver,5507,2026-05-29,Active
L003705,C001083,Platinum,7026,2026-06-17,Active
L003706,C006454,Gold,7616,2026-06-29,Active
L003707,C001812,Platinum,3512,2025-07-25,Active
L003708,C004122,Gold,242,2026-04-13,Active
L003709,C001352,Silver,2706,2025-09-14,Active
L003710,C007818,Platinum,36,2025-08-17,Active
L003711,C008797,Silver,4502,2024-08-21,Active
L003712,C001895,Platinum,7496,2025-11-30,Active
L003713,C006640,Bronze,9260,2023-09-29,Active
L003714,C000566,Gold,4822,2024-08-19,Active
L003715,C003904,Gold,2487,2025-11-28,Active
L003716,C007101,Gold,4984,2026-04-03,Active
L003717,C003674,Platinum,8490,2025-07-27,Active
L003718,C004367,Silver,1373,2025-08-29,Active
L003719,C007546,Gold,4687,2025-11-24,Active
L003720,C001213,Gold,5997,2025-12-05,Inactive
L003721,C001190,Gold,3779,2022-06-05,Active
L003722,C003956,Silver,7375,2025-09-14,Active
L003723,C000899,Bronze,2598,2025-08-18,Inactive
L003724,C004787,Platinum,291,2025-05-26,Inactive
L003725,C008093,Platinum,4035,2023-03-05,Active
L003726,C004603,Platinum,3120,2026-06-16,Inactive
L003727,C008897,Silver,8310,2026-01-17,Active
L003728,C003455,Platinum,856,2025-06-08,Active
L003729,C003610,Platinum,6915,2025-07-18,Active
L003730,C008158,Platinum,3595,2025-09-23,Active
L003731,C008766,Silver,3180,2026-01-03,Active
L003732,C009678,Gold,336,2026-05-01,Active
L003733,C007573,Gold,105,2024-10-10,Active
L003734,C003910,Platinum,6203,2025-05-23,Active
L003735,C004029,Gold,8991,2025-10-23,Active
L003736,C003932,Platinum,9951,2025-06-26,Inactive
L003737,C002333,Platinum,8402,2024-09-29,Active
L003738,C007303,Platinum,4973,2026-07-04,Inactive
L003739,C002263,Silver,4931,2026-03-25,Active
L003740,C009261,Gold,5605,2026-06-24,Active
L003741,C005782,Silver,3621,2025-03-15,Active
L003742,C002596,Gold,4785,2026-01-13,Active
L003743,C007201,Bronze,890,2025-12-29,Active
L003744,C003594,Bronze,1326,2026-06-16,Active
L003745,C005217,Platinum,2463,2026-05-13,Inactive
L003746,C001031,Silver,9292,2025-02-23,Active
L003747,C007434,Gold,4803,2025-09-17,Active
L003748,C007878,Platinum,8895,2022-08-10,Active
L003749,C008824,Gold,3900,2026-05-26,Inactive
L003750,C008237,Platinum,2503,2024-09-28,Inactive
L003751,C005734,Silver,1824,2024-07-04,Active
L003752,C005379,Bronze,8037,2025-08-02,Active
L003753,C007763,Platinum,1001,2024-08-08,Active
L003754,C001756,Silver,3447,2024-01-23,Inactive
L003755,C007356,Silver,8821,2026-03-21,Active
L003756,C004162,Bronze,6085,2025-03-27,Active
L003757,C000232,Gold,8331,2024-04-02,Active
L003758,C008105,Silver,9552,2021-11-03,Active
L003759,C000111,Silver,745,2025-12-30,Active
L003760,C005458,Silver,1407,2025-04-26,Active
L003761,C006709,Platinum,4400,2023-12-12,Active
L003762,C002515,Silver,1215,2025-03-15,Active
L003763,C005962,Gold,295,2024-08-13,Active
L003764,C004280,Gold,913,2026-04-27,Active
L003765,C004721,Bronze,8511,2024-06-10,Active
L003766,C002918,Bronze,9180,2026-01-18,Active
L003767,C009391,Silver,4668,2025-03-07,Active
L003768,C002993,Bronze,3254,2025-03-10,Active
L003769,C002318,Silver,1690,2025-11-13,Inactive
L003770,C004848,Gold,3630,2025-06-13,Active
L003771,C004293,Platinum,2552,2026-03-23,Active
L003772,C006992,Silver,4290,2025-06-14,Active
L003773,C001516,Bronze,3633,2025-05-28,Inactive
L003774,C000217,Platinum,5298,2026-03-28,Inactive
L003775,C009214,Platinum,8086,2024-11-21,Inactive
L003776,C009062,Platinum,2468,2024-08-05,Inactive
L003777,C008418,Bronze,2172,2022-08-19,Active
L003778,C002264,Bronze,8076,2024-02-02,Inactive
L003779,C005327,Bronze,6067,2025-03-11,Inactive
L003780,C006841,Bronze,990,2024-08-06,Inactive
L003781,C008499,Platinum,7309,2026-06-13,Active
L003782,C006011,Silver,1829,2026-02-07,Active
L003783,C000894,Silver,7746,2026-04-20,Inactive
L003784,C001491,Gold,417,2025-08-25,Active
L003785,C003004,Bronze,6149,2026-06-19,Active
L003786,C001851,Platinum,2797,2023-02-04,Inactive
L003787,C005200,Gold,3100,2026-07-03,Active
L003788,C006381,Platinum,231,2026-03-25,Active
L003789,C000325,Gold,8264,2025-05-08,Active
L003790,C001216,Gold,200,2025-09-18,Active
L003791,C002900,Gold,1899,2024-06-30,Active
L003792,C002934,Bronze,7623,2025-05-02,Active
L003793,C003659,Platinum,9147,2026-06-22,Active
L003794,C008679,Platinum,2059,2024-05-02,Active
L003795,C006674,Bronze,9874,2026-06-08,Active
L003796,C007973,Platinum,5525,2025-01-28,Active
L003797,C008587,Silver,9919,2026-05-23,Inactive
L003798,C006170,Silver,4184,2023-06-21,Active
L003799,C009725,Gold,1298,2024-12-22,Inactive
L003800,C001130,Bronze,8084,2025-09-01,Active
L003801,C008857,Silver,9652,2024-01-20,Active
L003802,C002919,Gold,4668,2024-03-29,Active
L003803,C003903,Gold,8566,2024-10-10,Inactive
L003804,C007948,Platinum,245,2026-05-15,Active
L003805,C009098,Silver,1410,2024-03-06,Active
L003806,C003828,Silver,4470,2022-08-03,Active
L003807,C004924,Platinum,409,2026-02-18,Active
L003808,C000209,Platinum,8509,2026-06-29,Active
L003809,C003255,Gold,6070,2023-06-06,Inactive
L003810,C002796,Gold,9283,2022-12-31,Active
L003811,C005107,Platinum,471,2026-05-02,Active
L003812,C009012,Bronze,1258,2026-01-19,Active
L003813,C000799,Platinum,773,2024-11-22,Active
L003814,C009106,Bronze,3505,2023-04-19,Active
L003815,C000735,Platinum,5588,2026-03-09,Active
L003816,C002245,Bronze,8213,2025-07-19,Active
L003817,C000179,Silver,8966,2023-09-26,Active
L003818,C005831,Gold,2707,2025-08-08,Active
L003819,C007009,Gold,3285,2026-04-22,Inactive
L003820,C001175,Silver,1213,2024-10-15,Active
L003821,C006643,Silver,5002,2026-03-12,Active
L003822,C005849,Gold,6688,2025-01-29,Inactive
L003823,C001832,Gold,7270,2026-02-13,Active
L003824,C007996,Gold,2591,2025-10-13,Active
L003825,C009280,Silver,3723,2025-08-18,Active
L003826,C007898,Gold,5990,2024-02-15,Active
L003827,C008598,Gold,9090,2025-04-17,Active
L003828,C008523,Platinum,5818,2025-10-11,Inactive
L003829,C000199,Silver,4472,2026-05-25,Active
L003830,C007929,Bronze,389,2025-10-08,Inactive
L003831,C007077,Platinum,6200,2025-02-05,Active
L003832,C009285,Bronze,2913,2025-02-12,Inactive
L003833,C001098,Gold,7908,2026-02-12,Active
L003834,C000549,Platinum,6651,2024-12-09,Active
L003835,C006909,Silver,9083,2024-01-16,Active
L003836,C008230,Platinum,2256,2023-03-15,Active
L003837,C004707,Silver,3389,2024-07-31,Active
L003838,C006913,Platinum,7812,2026-04-17,Active
L003839,C003370,Gold,5098,2026-04-11,Active
L003840,C007584,Platinum,4905,2022-04-11,Active
L003841,C002533,Bronze,1484,2026-04-26,Inactive
L003842,C004056,Gold,323,2026-03-15,Inactive
L003843,C002315,Bronze,3852,2025-11-03,Active
L003844,C006654,Gold,8746,2024-09-27,Active
L003845,C006886,Platinum,977,2024-10-17,Active
L003846,C005938,Gold,2247,2024-08-26,Active
L003847,C002816,Bronze,9728,2021-09-16,Inactive
L003848,C003438,Bronze,2734,2026-02-09,Active
L003849,C003881,Platinum,3349,2025-05-30,Active
L003850,C004158,Silver,6702,2026-04-29,Active
L003851,C000067,Platinum,6950,2025-10-31,Active
L003852,C007867,Silver,9987,2026-02-26,Inactive
L003853,C000617,Gold,3238,2025-01-04,Active
L003854,C001119,Bronze,4600,2024-07-20,Inactive
L003855,C003261,Silver,3094,2026-04-26,Active
L003856,C003402,Gold,1466,2025-05-21,Inactive
L003857,C003693,Silver,9963,2023-07-14,Active
L003858,C000938,Silver,5341,2026-05-17,Active
L003859,C006605,Platinum,4839,2025-01-07,Active
L003860,C002573,Bronze,5452,2026-04-07,Inactive
L003861,C007537,Platinum,5986,2026-03-03,Active
L003862,C006325,Silver,1160,2025-11-14,Active
L003863,C000623,Bronze,8132,2024-09-11,Active
L003864,C001682,Bronze,1496,2025-07-29,Active
L003865,C002127,Gold,7018,2023-01-13,Active
L003866,C000788,Bronze,1240,2025-07-02,Active
L003867,C003333,Platinum,5530,2025-03-16,Inactive
L003868,C007237,Silver,1068,2025-02-08,Active
L003869,C001093,Bronze,9277,2026-05-19,Active
L003870,C009104,Platinum,6221,2025-05-26,Active
L003871,C005021,Platinum,7618,2024-05-09,Active
L003872,C009354,Silver,7152,2024-12-27,Active
L003873,C005945,Gold,3722,2026-01-15,Active
L003874,C003281,Bronze,3148,2026-06-09,Active
L003875,C008187,Bronze,3262,2023-11-09,Active
L003876,C002202,Silver,4154,2024-03-20,Active
L003877,C001161,Silver,8478,2023-11-05,Active
L003878,C005582,Bronze,7670,2025-09-29,Active
L003879,C003593,Gold,4034,2026-04-30,Active
L003880,C003953,Bronze,3114,2023-09-20,Inactive
L003881,C009692,Platinum,9207,2026-01-28,Active
L003882,C006248,Bronze,7254,2026-02-10,Active
L003883,C004154,Silver,4764,2026-03-10,Active
L003884,C000479,Bronze,9181,2022-12-12,Inactive
L003885,C001353,Bronze,3386,2024-10-16,Inactive
L003886,C004310,Platinum,9183,2024-03-28,Active
L003887,C005699,Platinum,3838,2025-02-12,Active
L003888,C002648,Platinum,6824,2026-04-29,Active
L003889,C008461,Silver,2860,2024-03-24,Active
L003890,C008199,Silver,6417,2025-08-23,Active
L003891,C007690,Bronze,6854,2025-02-21,Active
L003892,C009258,Platinum,9677,2024-06-19,Inactive
L003893,C002590,Platinum,9627,2024-07-31,Active
L003894,C001034,Silver,7864,2023-09-12,Active
L003895,C004687,Gold,619,2024-10-08,Active
L003896,C005012,Bronze,4006,2025-07-17,Active
L003897,C002599,Bronze,840,2024-07-02,Active
L003898,C005820,Platinum,8008,2026-07-03,Inactive
L003899,C004609,Bronze,5250,2023-09-30,Inactive
L003900,C008471,Silver,362,2026-05-06,Inactive
L003901,C009041,Platinum,8493,2026-03-03,Active
L003902,C007451,Bronze,620,2026-04-23,Active
L003903,C004672,Gold,5561,2026-05-12,Active
L003904,C005584,Gold,7881,2026-07-03,Active
L003905,C003718,Gold,5523,2025-02-01,Inactive
L003906,C009328,Bronze,912,2023-05-28,Inactive
L003907,C003929,Gold,2334,2022-01-18,Active
L003908,C003618,Silver,9300,2023-06-06,Inactive
L003909,C001426,Silver,1098,2025-07-28,Active
L003910,C009379,Platinum,7534,2023-10-05,Active
L003911,C002920,Bronze,7057,2026-03-15,Inactive
L003912,C003820,Gold,7269,2026-04-07,Active
L003913,C001872,Platinum,1814,2023-05-04,Inactive
L003914,C005488,Bronze,2774,2026-03-01,Active
L003915,C000481,Bronze,4638,2026-05-11,Active
L003916,C005973,Platinum,1051,2025-06-17,Active
L003917,C009601,Gold,3102,2026-01-30,Active
L003918,C002889,Silver,8673,2022-12-23,Active
L003919,C006687,Bronze,2065,2025-12-14,Active
L003920,C006316,Silver,1561,2026-05-29,Active
L003921,C000528,Bronze,3701,2025-11-10,Active
L003922,C004130,Platinum,6619,2026-04-13,Inactive
L003923,C000723,Platinum,4321,2025-07-10,Active
L003924,C005121,Platinum,6226,2026-06-14,Active
L003925,C004723,Gold,7719,2026-02-10,Active
L003926,C000221,Silver,8573,2023-04-19,Active
L003927,C009189,Silver,4302,2024-02-20,Active
L003928,C001936,Bronze,9893,2025-09-19,Inactive
L003929,C000345,Bronze,2727,2025-09-13,Active
L003930,C008333,Platinum,4660,2023-04-14,Active
L003931,C009675,Bronze,9717,2026-05-21,Active
L003932,C004484,Platinum,1379,2026-05-06,Active
L003933,C009707,Platinum,1219,2024-12-27,Active
L003934,C008487,Platinum,6947,2025-09-16,Active
L003935,C009217,Platinum,5627,2025-03-10,Active
L003936,C006904,Platinum,8213,2026-04-09,Inactive
L003937,C009155,Gold,6133,2024-11-28,Active
L003938,C005961,Platinum,9027,2024-12-31,Active
L003939,C007035,Platinum,1303,2025-10-03,Inactive
L003940,C006052,Bronze,6847,2025-05-04,Active
L003941,C002392,Bronze,1357,2026-07-04,Active
L003942,C007182,Gold,2728,2023-04-17,Active
L003943,C004329,Platinum,93,2025-05-25,Active
L003944,C006453,Gold,6052,2026-03-23,Active
L003945,C001984,Silver,6053,2025-05-27,Inactive
L003946,C008247,Platinum,1812,2024-04-23,Active
L003947,C001555,Bronze,3237,2026-01-30,Active
L003948,C004851,Silver,1459,2024-05-30,Active
L003949,C009096,Gold,1575,2025-06-30,Inactive
L003950,C009923,Gold,4975,2025-07-10,Active
L003951,C007533,Platinum,9000,2026-02-01,Inactive
L003952,C006854,Silver,798,2024-05-29,Active
L003953,C004642,Gold,6312,2025-09-18,Active
L003954,C002882,Gold,4259,2026-03-07,Active
L003955,C001678,Silver,4833,2024-11-30,Inactive
L003956,C004886,Silver,4924,2025-11-25,Active
L003957,C001965,Platinum,5838,2026-06-07,Active
L003958,C000902,Gold,4702,2025-02-03,Inactive
L003959,C007131,Silver,5135,2025-10-17,Active
L003960,C003069,Bronze,4530,2021-12-04,Active
L003961,C002297,Silver,1406,2024-12-31,Active
L003962,C006238,Gold,8241,2023-08-16,Active
L003963,C005863,Gold,2118,2023-04-29,Active
L003964,C000297,Bronze,5345,2023-08-09,Active
L003965,C008779,Silver,7022,2025-06-18,Active
L003966,C000058,Gold,9798,2024-10-26,Active
L003967,C007243,Platinum,2134,2024-04-09,Inactive
L003968,C004386,Platinum,6692,2026-06-08,Active
L003969,C002985,Bronze,5890,2026-04-28,Inactive
L003970,C000028,Silver,7529,2023-09-26,Active
L003971,C004408,Gold,1016,2026-03-06,Active
L003972,C009878,Bronze,484,2026-06-13,Active
L003973,C002677,Bronze,8264,2026-03-08,Active
L003974,C008546,Silver,3018,2025-03-11,Active
L003975,C005263,Bronze,3775,2023-08-20,Active
L003976,C005842,Bronze,2661,2026-02-06,Active
L003977,C007022,Platinum,2522,2023-02-16,Active
L003978,C003249,Gold,285,2026-05-15,Inactive
L003979,C005668,Silver,5667,2026-06-03,Active
L003980,C003885,Silver,8792,2023-07-30,Active
L003981,C007664,Bronze,7195,2026-02-18,Active
L003982,C000296,Platinum,3370,2026-05-07,Active
L003983,C003162,Gold,8128,2023-01-14,Active
L003984,C002581,Silver,56,2025-02-25,Inactive
L003985,C003871,Platinum,2226,2025-08-26,Active
L003986,C009211,Gold,2723,2025-12-29,Active
L003987,C004405,Bronze,1405,2024-10-15,Active
L003988,C006953,Platinum,1869,2026-02-24,Active
L003989,C000649,Platinum,8132,2026-03-11,Active
L003990,C001371,Platinum,4186,2026-01-24,Inactive
L003991,C009856,Silver,5653,2024-04-13,Active
L003992,C006993,Silver,9709,2026-02-22,Active
L003993,C005533,Silver,5810,2026-06-11,Inactive
L003994,C009621,Bronze,1801,2025-12-03,Active
L003995,C005709,Platinum,3304,2026-06-19,Inactive
L003996,C004210,Bronze,9563,2026-01-28,Active
L003997,C000682,Silver,1453,2025-05-22,Active
L003998,C000435,Bronze,8303,2024-12-26,Active
L003999,C009310,Silver,8549,2025-03-05,Active
L004000,C004825,Silver,229,2025-05-24,Active
L004001,C009762,Bronze,6105,2025-03-16,Active
L004002,C003160,Gold,7285,2025-12-29,Active
L004003,C001490,Bronze,665,2026-06-16,Active
L004004,C002988,Platinum,2817,2025-02-27,Active
L004005,C000813,Bronze,6498,2023-11-07,Active
L004006,C001883,Silver,5286,2025-09-10,Active
L004007,C009268,Gold,402,2025-09-15,Active
L004008,C004937,Silver,9951,2026-03-16,Active
L004009,C009936,Silver,6510,2025-06-25,Inactive
L004010,C001941,Bronze,5061,2025-12-06,Active
L004011,C003297,Platinum,6550,2025-01-14,Active
L004012,C003535,Gold,2265,2025-09-21,Active
L004013,C004526,Silver,2288,2023-08-19,Active
L004014,C003730,Bronze,8584,2025-03-28,Active
L004015,C007016,Platinum,8648,2026-04-10,Active
L004016,C001613,Platinum,4186,2023-07-03,Active
L004017,C001182,Gold,1185,2026-06-09,Active
L004018,C001376,Silver,683,2025-03-16,Active
L004019,C009225,Platinum,7388,2026-05-13,Active
L004020,C003947,Bronze,605,2022-10-08,Active
L004021,C007211,Platinum,1916,2025-12-05,Active
L004022,C005212,Bronze,6269,2024-10-11,Active
L004023,C000064,Bronze,1239,2025-09-12,Active
L004024,C000627,Platinum,4175,2025-10-28,Active
L004025,C004422,Silver,5897,2024-12-18,Active
L004026,C001670,Platinum,6741,2024-05-19,Active
L004027,C002113,Bronze,3872,2023-09-02,Active
L004028,C005805,Gold,2318,2022-05-17,Active
L004029,C009764,Silver,3050,2023-09-02,Active
L004030,C004033,Bronze,3710,2025-09-17,Active
L004031,C006546,Gold,192,2026-06-02,Active
L004032,C007949,Silver,2176,2024-07-01,Active
L004033,C000085,Platinum,7314,2026-02-08,Active
L004034,C009181,Silver,1889,2025-08-07,Inactive
L004035,C001463,Platinum,8220,2024-12-01,Active
L004036,C002284,Platinum,1168,2022-08-06,Active
L004037,C002888,Silver,323,2026-06-16,Active
L004038,C005835,Gold,9523,2026-03-22,Active
L004039,C000685,Gold,1122,2026-05-02,Active
L004040,C004470,Platinum,1021,2026-01-18,Active
L004041,C000419,Silver,8763,2025-12-07,Inactive
L004042,C005229,Bronze,6082,2023-10-17,Active
L004043,C004254,Platinum,6183,2025-02-22,Inactive
L004044,C002710,Silver,6988,2025-09-21,Active
L004045,C002358,Silver,7834,2026-03-24,Inactive
L004046,C008060,Platinum,2966,2026-05-18,Active
L004047,C001367,Silver,8676,2026-05-06,Active
L004048,C006278,Platinum,1140,2026-04-11,Inactive
L004049,C003917,Silver,7945,2026-01-15,Inactive
L004050,C000294,Silver,5822,2025-05-27,Inactive
L004051,C002640,Platinum,3296,2023-01-24,Active
L004052,C009459,Gold,1419,2025-11-16,Active
L004053,C001507,Bronze,1817,2025-12-28,Inactive
L004054,C009038,Silver,1665,2024-09-10,Active
L004055,C007394,Bronze,1132,2025-05-09,Active
L004056,C001635,Bronze,6973,2025-05-06,Active
L004057,C002458,Silver,4344,2025-05-11,Active
L004058,C009892,Silver,88,2024-05-23,Active
L004059,C005559,Platinum,1146,2023-04-03,Inactive
L004060,C009752,Platinum,9622,2026-03-07,Active
L004061,C002301,Silver,986,2022-05-03,Active
L004062,C004538,Bronze,7604,2026-05-23,Inactive
L004063,C002939,Bronze,2902,2026-05-20,Active
L004064,C001564,Gold,4350,2026-05-27,Active
L004065,C005690,Silver,7024,2026-06-02,Active
L004066,C008659,Platinum,9533,2026-04-01,Active
L004067,C007518,Silver,6858,2025-04-27,Active
L004068,C001980,Silver,1776,2022-09-12,Inactive
L004069,C001884,Silver,7913,2023-10-14,Active
L004070,C003804,Bronze,7194,2025-08-02,Inactive
L004071,C000439,Silver,1306,2025-12-06,Active
L004072,C004636,Gold,9218,2025-03-08,Active
L004073,C004529,Platinum,6536,2023-01-29,Active
L004074,C004333,Platinum,6983,2026-05-11,Active
L004075,C003574,Silver,7265,2025-06-02,Active
L004076,C008742,Platinum,6711,2025-10-19,Active
L004077,C008912,Gold,7701,2025-05-18,Active
L004078,C004818,Silver,542,2025-08-31,Active
L004079,C006436,Platinum,3085,2026-03-21,Active
L004080,C002987,Bronze,7129,2025-10-08,Inactive
L004081,C007839,Bronze,237,2024-09-04,Active
L004082,C000705,Silver,3583,2024-08-25,Inactive
L004083,C002281,Bronze,2816,2025-11-24,Active
L004084,C008735,Bronze,5467,2024-06-06,Active
L004085,C004148,Platinum,6993,2026-01-17,Active
L004086,C005413,Platinum,9298,2026-06-25,Inactive
L004087,C000374,Silver,3540,2023-05-02,Active
L004088,C006406,Silver,5112,2025-07-09,Active
L004089,C009224,Platinum,4674,2024-07-05,Active
L004090,C002586,Silver,2870,2026-05-30,Inactive
L004091,C001333,Platinum,2116,2025-11-19,Inactive
L004092,C009573,Platinum,3385,2024-05-07,Active
L004093,C005283,Bronze,1884,2024-12-16,Active
L004094,C009132,Silver,1043,2026-06-03,Active
L004095,C008316,Platinum,1852,2026-05-09,Inactive
L004096,C009810,Silver,3957,2024-08-15,Active
L004097,C001785,Gold,5120,2026-04-22,Active
L004098,C003183,Gold,2590,2026-06-04,Inactive
L004099,C000495,Bronze,1200,2024-04-12,Inactive
L004100,C007364,Gold,4298,2024-12-28,Inactive
L004101,C002861,Platinum,4882,2026-04-19,Active
L004102,C007930,Gold,4926,2025-04-26,Active
L004103,C004042,Gold,7218,2026-01-28,Inactive
L004104,C007179,Silver,2754,2025-10-29,Active
L004105,C002898,Platinum,2433,2025-03-06,Active
L004106,C000367,Platinum,9776,2026-05-01,Active
L004107,C000850,Platinum,8946,2026-06-27,Inactive
L004108,C007441,Gold,9845,2026-06-05,Inactive
L004109,C009455,Bronze,3578,2022-03-16,Active
L004110,C004302,Silver,17,2024-05-19,Inactive
L004111,C002654,Platinum,9715,2026-05-09,Active
L004112,C003504,Silver,7280,2025-07-06,Active
L004113,C001542,Bronze,1262,2025-11-05,Inactive
L004114,C004166,Silver,7745,2026-07-02,Active
L004115,C008867,Platinum,3805,2024-01-24,Active
L004116,C000323,Bronze,7410,2024-05-05,Active
L004117,C002032,Platinum,8680,2026-05-05,Active
L004118,C000814,Platinum,4757,2024-10-26,Inactive
L004119,C008940,Gold,3372,2026-03-02,Active
L004120,C009376,Silver,7026,2026-07-06,Active
L004121,C001080,Bronze,1409,2025-06-30,Inactive
L004122,C002227,Platinum,8311,2026-04-23,Active
L004123,C009137,Gold,4967,2023-09-19,Active
L004124,C009532,Bronze,342,2026-06-14,Inactive
L004125,C002706,Bronze,7529,2026-04-12,Active
L004126,C006825,Gold,511,2026-01-25,Active
L004127,C007557,Platinum,459,2025-12-20,Active
L004128,C001165,Platinum,4844,2026-05-21,Active
L004129,C003262,Gold,1294,2026-06-07,Active
L004130,C004688,Bronze,9070,2023-11-23,Active
L004131,C001451,Bronze,3339,2024-12-24,Active
L004132,C003863,Platinum,1448,2026-01-30,Active
L004133,C006104,Silver,8936,2026-05-16,Active
L004134,C009216,Silver,7017,2026-06-27,Active
L004135,C007121,Silver,6085,2025-11-16,Inactive
L004136,C006399,Gold,7311,2026-05-27,Active
L004137,C009589,Bronze,5608,2025-12-13,Active
L004138,C006215,Gold,5180,2024-09-15,Active
L004139,C009646,Silver,7292,2025-06-27,Active
L004140,C005337,Silver,7518,2024-09-14,Active
L004141,C004057,Gold,9860,2024-01-15,Active
L004142,C009512,Silver,9707,2026-03-22,Active
L004143,C003000,Silver,3084,2024-08-23,Active
L004144,C009025,Gold,6004,2026-06-03,Active
L004145,C001232,Bronze,7505,2026-01-22,Active
L004146,C001515,Bronze,320,2026-07-04,Active
L004147,C002314,Gold,2052,2024-11-20,Active
L004148,C001452,Silver,2597,2024-11-12,Active
L004149,C005268,Platinum,9242,2026-04-13,Active
L004150,C006132,Silver,4537,2026-05-25,Active
L004151,C008532,Gold,368,2025-07-10,Active
L004152,C006465,Bronze,8099,2026-05-18,Active
L004153,C000839,Platinum,498,2026-02-21,Active
L004154,C009916,Platinum,8530,2026-06-11,Active
L004155,C008262,Bronze,3647,2023-07-02,Inactive
L004156,C006415,Silver,4857,2026-01-12,Active
L004157,C008505,Platinum,3622,2026-01-04,Inactive
L004158,C003568,Silver,5196,2026-05-26,Active
L004159,C009265,Bronze,2541,2026-03-13,Inactive
L004160,C003088,Gold,983,2023-07-17,Inactive
L004161,C008644,Silver,4986,2025-12-24,Inactive
L004162,C001715,Platinum,3198,2024-06-17,Inactive
L004163,C000340,Gold,3356,2024-12-25,Inactive
L004164,C009564,Bronze,3836,2024-12-25,Active
L004165,C005943,Gold,4018,2025-03-08,Active
L004166,C009870,Gold,1387,2026-03-27,Active
L004167,C008103,Gold,8811,2024-08-11,Active
L004168,C008489,Platinum,2419,2025-10-21,Active
L004169,C000589,Bronze,5555,2023-11-03,Active
L004170,C003366,Bronze,115,2025-12-05,Active
L004171,C002671,Gold,567,2025-11-09,Active
L004172,C003590,Silver,8849,2026-06-03,Active
L004173,C000035,Gold,1449,2025-10-27,Active
L004174,C000029,Gold,4657,2023-09-17,Active
L004175,C008554,Silver,8719,2024-03-09,Active
L004176,C008118,Platinum,6222,2024-10-17,Active
L004177,C002171,Platinum,6462,2023-09-18,Active
L004178,C008378,Platinum,5685,2025-07-15,Active
L004179,C005621,Silver,3157,2026-06-30,Active
L004180,C000890,Silver,6857,2025-07-12,Active
L004181,C006490,Gold,2598,2026-05-06,Active
L004182,C003323,Silver,8834,2024-07-18,Active
L004183,C009397,Platinum,3777,2025-12-23,Active
L004184,C003515,Platinum,3312,2023-05-07,Active
L004185,C004421,Silver,2342,2024-01-07,Active
L004186,C008352,Platinum,6519,2025-10-04,Active
L004187,C005362,Platinum,1815,2025-07-14,Active
L004188,C003734,Platinum,3652,2025-05-19,Active
L004189,C009464,Platinum,5476,2026-04-27,Active
L004190,C007082,Gold,5956,2026-03-27,Active
L004191,C001655,Platinum,8871,2023-11-22,Active
L004192,C005033,Gold,4849,2026-05-25,Inactive
L004193,C000224,Bronze,9903,2025-01-23,Active
L004194,C008626,Bronze,3287,2025-04-02,Active
L004195,C006195,Silver,5089,2025-06-27,Active
L004196,C001591,Bronze,6737,2023-02-12,Active
L004197,C005983,Bronze,7226,2023-03-16,Active
L004198,C003257,Silver,2257,2025-06-18,Active
L004199,C006681,Silver,6740,2025-11-08,Active
L004200,C004771,Bronze,3443,2026-03-29,Active
L004201,C002182,Gold,5836,2025-08-31,Active
L004202,C006804,Gold,6250,2026-03-29,Active
L004203,C004914,Gold,3952,2024-03-18,Active
L004204,C006787,Bronze,63,2022-02-24,Active
L004205,C004790,Gold,5966,2026-03-13,Active
L004206,C001210,Silver,157,2026-05-21,Active
L004207,C000422,Gold,3620,2026-03-25,Active
L004208,C008741,Gold,7807,2023-07-18,Active
L004209,C001707,Silver,9436,2023-07-27,Inactive
L004210,C001159,Bronze,8578,2023-01-05,Inactive
L004211,C002307,Platinum,7099,2026-04-09,Inactive
L004212,C000274,Bronze,1714,2026-05-19,Active
L004213,C000172,Silver,4611,2026-01-18,Active
L004214,C003957,Bronze,4489,2024-06-19,Active
L004215,C006697,Platinum,1700,2023-08-08,Active
L004216,C003189,Bronze,2501,2024-04-07,Active
L004217,C008133,Platinum,476,2023-05-27,Active
L004218,C004809,Silver,894,2023-04-14,Inactive
L004219,C008084,Gold,8195,2025-10-07,Inactive
L004220,C001565,Gold,7790,2026-02-18,Active
L004221,C001783,Gold,4091,2024-03-15,Active
L004222,C000844,Platinum,5596,2026-03-14,Active
L004223,C009346,Platinum,3555,2025-04-15,Active
L004224,C004462,Gold,2124,2026-03-10,Active
L004225,C000905,Bronze,6587,2021-12-24,Active
L004226,C005912,Silver,8485,2024-03-02,Active
L004227,C009951,Silver,1349,2026-04-21,Active
L004228,C009298,Bronze,9484,2026-06-02,Active
L004229,C001548,Silver,7616,2025-08-08,Inactive
L004230,C002081,Platinum,8861,2024-09-09,Active
L004231,C009882,Platinum,8675,2026-03-11,Active
L004232,C003986,Silver,9240,2025-05-30,Active
L004233,C006390,Silver,7466,2025-09-10,Inactive
L004234,C007580,Platinum,9430,2026-03-05,Active
L004235,C009246,Silver,2882,2026-02-15,Inactive
L004236,C006568,Gold,3608,2026-03-29,Active
L004237,C008207,Gold,569,2024-09-27,Active
L004238,C003821,Bronze,4704,2023-10-23,Active
L004239,C002647,Silver,4975,2025-06-13,Inactive
L004240,C004455,Gold,62,2025-10-29,Inactive
L004241,C007160,Silver,1096,2023-10-20,Active
L004242,C008222,Gold,3762,2025-05-28,Inactive
L004243,C008597,Gold,4983,2026-02-21,Active
L004244,C009590,Silver,3584,2026-01-03,Inactive
L004245,C006072,Gold,9063,2024-10-15,Active
L004246,C002156,Gold,363,2024-01-14,Active
L004247,C006713,Platinum,9672,2026-01-09,Active
L004248,C003716,Silver,7105,2026-01-05,Inactive
L004249,C004058,Platinum,7505,2024-09-07,Inactive
L004250,C005953,Gold,396,2024-10-05,Inactive
L004251,C003103,Bronze,1213,2026-04-29,Active
L004252,C000559,Gold,5741,2026-07-04,Inactive
L004253,C004611,Bronze,2873,2023-07-07,Active
L004254,C006979,Silver,6036,2024-02-09,Active
L004255,C001437,Platinum,3960,2023-08-09,Active
L004256,C000508,Platinum,9546,2026-01-04,Active
L004257,C001870,Gold,9023,2026-03-26,Active
L004258,C000756,Platinum,2282,2025-04-21,Inactive
L004259,C005420,Bronze,3247,2024-04-29,Active
L004260,C004051,Silver,6754,2025-02-04,Inactive
L004261,C008090,Gold,9484,2025-05-02,Active
L004262,C003837,Silver,3890,2024-06-26,Inactive
L004263,C002119,Gold,6153,2023-12-12,Active
L004264,C006153,Silver,753,2024-09-08,Active
L004265,C007809,Gold,9587,2026-06-28,Active
L004266,C000502,Gold,8081,2024-10-19,Active
L004267,C006260,Gold,6652,2025-09-01,Active
L004268,C009744,Gold,2564,2024-04-27,Active
L004269,C001540,Bronze,6136,2025-06-13,Inactive
L004270,C006142,Silver,2835,2026-04-25,Active
L004271,C001212,Silver,110,2024-03-12,Active
L004272,C009123,Platinum,7376,2025-06-01,Inactive
L004273,C000673,Platinum,9796,2025-11-18,Inactive
L004274,C003378,Platinum,6951,2026-06-06,Active
L004275,C008784,Silver,4657,2026-05-14,Active
L004276,C001465,Gold,260,2023-03-17,Active
L004277,C001193,Gold,9756,2024-04-19,Active
L004278,C006985,Platinum,3457,2023-04-30,Active
L004279,C001873,Silver,1134,2025-04-10,Active
L004280,C003591,Gold,8281,2025-05-27,Active
L004281,C006727,Silver,7126,2023-10-31,Inactive
L004282,C000506,Gold,3763,2024-10-08,Active
L004283,C008119,Silver,2280,2026-03-15,Active
L004284,C000507,Silver,4153,2025-12-06,Active
L004285,C009450,Platinum,7278,2025-10-01,Active
L004286,C007132,Bronze,1202,2024-04-21,Active
L004287,C004808,Silver,9571,2026-03-27,Active
L004288,C007304,Silver,3503,2025-04-14,Active
L004289,C001774,Silver,747,2025-09-24,Inactive
L004290,C006855,Silver,1910,2025-09-09,Active
L004291,C004907,Silver,934,2025-06-26,Active
L004292,C000798,Silver,1342,2024-11-06,Inactive
L004293,C008786,Gold,9375,2026-02-24,Active
L004294,C007071,Silver,7081,2026-03-11,Active
L004295,C002830,Gold,3246,2025-08-15,Inactive
L004296,C009320,Platinum,4679,2022-12-21,Inactive
L004297,C008738,Platinum,4724,2025-11-11,Active
L004298,C000313,Gold,2177,2025-06-06,Active
L004299,C000747,Gold,4981,2026-07-06,Active
L004300,C003570,Gold,4648,2026-03-11,Active
L004301,C000791,Platinum,3433,2025-05-09,Active
L004302,C002477,Silver,6979,2025-12-07,Active
L004303,C009326,Platinum,8066,2026-04-26,Active
L004304,C002571,Silver,4453,2026-07-03,Active
L004305,C005287,Bronze,9852,2026-05-26,Active
L004306,C005216,Bronze,100,2024-06-06,Inactive
L004307,C002164,Gold,7460,2025-10-12,Inactive
L004308,C006578,Platinum,7127,2026-04-17,Active
L004309,C008450,Gold,5784,2025-03-22,Active
L004310,C000381,Silver,8706,2025-12-22,Active
L004311,C008509,Bronze,1099,2025-11-09,Inactive
L004312,C001293,Bronze,1187,2024-03-20,Active
L004313,C001913,Silver,5970,2026-06-27,Active
L004314,C000600,Platinum,1636,2023-07-11,Active
L004315,C003893,Bronze,6484,2026-07-04,Active
L004316,C004142,Gold,2481,2024-07-20,Active
L004317,C001653,Bronze,9781,2024-01-04,Active
L004318,C005225,Bronze,6377,2026-03-18,Active
L004319,C001894,Platinum,6115,2026-05-07,Active
L004320,C001945,Bronze,9157,2025-09-04,Active
L004321,C003396,Bronze,1651,2024-09-13,Active
L004322,C005480,Silver,9883,2025-12-04,Active
L004323,C009770,Gold,9825,2024-12-17,Inactive
L004324,C000376,Gold,1478,2022-06-23,Active
L004325,C001967,Platinum,3614,2025-11-18,Inactive
L004326,C003958,Silver,7194,2024-07-10,Active
L004327,C007136,Silver,2278,2026-03-08,Inactive
L004328,C007479,Platinum,9883,2026-06-17,Active
L004329,C004506,Gold,6104,2025-09-30,Active
L004330,C009581,Platinum,7729,2026-04-20,Active
L004331,C005289,Platinum,466,2026-05-29,Active
L004332,C001472,Gold,8989,2026-05-23,Active
L004333,C003347,Gold,8823,2024-11-26,Active
L004334,C006254,Silver,6749,2026-01-26,Active
L004335,C002854,Silver,524,2026-02-25,Active
L004336,C008989,Silver,2217,2023-10-23,Active
L004337,C009776,Platinum,5508,2026-01-05,Active
L004338,C006460,Bronze,3718,2026-01-02,Active
L004339,C004063,Bronze,62,2026-06-29,Active
L004340,C005864,Gold,2369,2025-02-11,Active
L004341,C004307,Gold,4259,2026-06-21,Active
L004342,C004878,Bronze,8232,2026-06-26,Active
L004343,C007250,Gold,414,2026-03-29,Inactive
L004344,C005274,Bronze,9148,2026-06-18,Active
L004345,C003991,Bronze,6712,2025-03-09,Active
L004346,C001050,Gold,4144,2024-08-05,Active
L004347,C006176,Gold,6998,2026-07-02,Inactive
L004348,C006927,Gold,9101,2025-10-24,Inactive
L004349,C007865,Bronze,93,2025-07-21,Active
L004350,C002036,Bronze,3539,2026-01-05,Active
L004351,C004040,Gold,8725,2026-05-08,Inactive
L004352,C006876,Gold,6143,2026-01-20,Active
L004353,C009355,Gold,4985,2024-03-16,Inactive
L004354,C001973,Platinum,3613,2026-05-21,Active
L004355,C005073,Bronze,2076,2024-12-10,Active
L004356,C002100,Gold,862,2024-07-21,Active
L004357,C001500,Silver,3553,2021-09-25,Inactive
L004358,C009613,Silver,9002,2026-06-23,Active
L004359,C000653,Bronze,3479,2026-06-21,Active
L004360,C000171,Silver,2757,2024-01-29,Inactive
L004361,C004086,Platinum,7504,2026-06-23,Active
L004362,C000243,Bronze,1728,2025-11-27,Active
L004363,C005711,Platinum,4952,2025-01-01,Inactive
L004364,C006973,Platinum,250,2024-11-02,Inactive
L004365,C002757,Silver,399,2025-06-24,Active
L004366,C006885,Bronze,2401,2026-01-16,Inactive
L004367,C005447,Gold,1018,2025-08-26,Inactive
L004368,C002077,Bronze,5051,2025-06-12,Active
L004369,C004104,Gold,8862,2026-06-20,Active
L004370,C009560,Silver,5167,2023-10-10,Active
L004371,C007572,Silver,7806,2025-12-22,Active
L004372,C009467,Silver,497,2022-07-03,Active
L004373,C004895,Platinum,7633,2026-06-17,Inactive
L004374,C006693,Gold,2304,2025-02-25,Active
L004375,C008055,Bronze,8775,2026-03-18,Active
L004376,C005390,Bronze,4718,2022-10-16,Active
L004377,C009374,Silver,4448,2025-12-26,Active
L004378,C008022,Bronze,2658,2024-04-22,Inactive
L004379,C008605,Silver,8011,2026-07-05,Active
L004380,C004481,Gold,3482,2024-07-30,Active
L004381,C008327,Bronze,3390,2025-09-05,Active
L004382,C004079,Silver,9052,2026-05-02,Inactive
L004383,C000641,Gold,8445,2025-07-05,Active
L004384,C001271,Silver,6140,2023-11-07,Active
L004385,C002779,Silver,6722,2024-10-12,Active
L004386,C009498,Bronze,209,2026-03-12,Active
L004387,C003862,Gold,4958,2025-12-27,Active
L004388,C003481,Platinum,4216,2025-09-22,Active
L004389,C001535,Bronze,9523,2025-11-03,Inactive
L004390,C000326,Platinum,1956,2026-05-31,Active
L004391,C002339,Bronze,5386,2023-04-04,Active
L004392,C003981,Silver,566,2022-10-26,Active
L004393,C006878,Bronze,2866,2024-03-05,Active
L004394,C004055,Silver,9619,2026-02-17,Inactive
L004395,C002238,Silver,1428,2026-06-17,Active
L004396,C007107,Gold,5745,2026-04-29,Active
L004397,C009669,Bronze,4038,2025-03-07,Active
L004398,C004746,Gold,9024,2023-04-25,Active
L004399,C000865,Gold,8859,2026-01-07,Active
L004400,C006204,Silver,9432,2024-05-31,Inactive
L004401,C005509,Bronze,9392,2022-12-18,Active
L004402,C007430,Platinum,9487,2025-09-21,Active
L004403,C000372,Gold,7003,2025-04-19,Active
L004404,C006297,Silver,6520,2026-02-14,Inactive
L004405,C005552,Platinum,4943,2026-04-15,Active
L004406,C005724,Gold,5486,2024-03-17,Inactive
L004407,C005900,Gold,1766,2024-12-14,Active
L004408,C009288,Silver,4359,2026-02-02,Active
L004409,C007872,Gold,2048,2026-01-14,Active
L004410,C002365,Gold,8281,2024-01-15,Inactive
L004411,C003214,Gold,3406,2026-03-26,Active
L004412,C000912,Platinum,441,2026-06-20,Inactive
L004413,C009048,Gold,9377,2026-03-03,Inactive
L004414,C009791,Gold,9703,2023-03-10,Active
L004415,C007290,Platinum,4481,2025-09-30,Active
L004416,C009959,Bronze,8109,2023-10-15,Active
L004417,C006537,Platinum,4164,2025-06-17,Active
L004418,C009193,Platinum,6797,2024-06-06,Active
L004419,C001424,Bronze,3054,2025-03-07,Active
L004420,C009808,Silver,6365,2026-03-28,Inactive
L004421,C000480,Gold,6574,2026-07-03,Active
L004422,C000663,Gold,2946,2026-06-21,Active
L004423,C004477,Silver,202,2026-03-11,Active
L004424,C008983,Silver,912,2024-05-04,Active
L004425,C008078,Platinum,9557,2026-04-24,Active
L004426,C002989,Platinum,4448,2026-02-12,Active
L004427,C001120,Bronze,4378,2026-06-18,Active
L004428,C002777,Platinum,8840,2025-02-11,Active
L004429,C009836,Gold,6713,2025-06-18,Active
L004430,C005004,Bronze,6560,2022-06-03,Active
L004431,C006650,Silver,316,2025-02-05,Inactive
L004432,C007255,Bronze,4088,2025-12-20,Active
L004433,C004428,Gold,1191,2026-04-15,Active
L004434,C007432,Gold,4993,2025-11-29,Active
L004435,C003982,Gold,6815,2023-08-19,Active
L004436,C006352,Platinum,2317,2026-01-18,Active
L004437,C002894,Bronze,4248,2026-07-04,Active
L004438,C002670,Platinum,8775,2023-07-23,Active
L004439,C003978,Gold,3860,2024-12-25,Active
L004440,C005260,Silver,9278,2025-11-14,Active
L004441,C000280,Gold,9356,2023-11-07,Active
L004442,C006731,Bronze,7409,2025-09-04,Inactive
L004443,C006105,Platinum,9693,2026-05-18,Active
L004444,C007021,Gold,802,2023-01-27,Active
L004445,C001695,Gold,9489,2026-03-28,Active
L004446,C008913,Gold,8835,2022-03-01,Active
L004447,C003480,Silver,8137,2026-02-19,Active
L004448,C004417,Silver,1757,2026-05-05,Active
L004449,C007593,Bronze,106,2024-04-29,Active
L004450,C006283,Bronze,7697,2026-04-05,Inactive
L004451,C005604,Gold,8957,2026-04-06,Active
L004452,C008620,Platinum,2836,2025-08-06,Inactive
L004453,C007781,Bronze,7343,2026-06-04,Active
L004454,C004297,Gold,5636,2023-10-02,Inactive
L004455,C004594,Bronze,9215,2023-10-11,Inactive
L004456,C004845,Silver,9575,2026-01-21,Inactive
L004457,C002210,Gold,5423,2026-03-19,Active
L004458,C007606,Silver,2363,2026-04-11,Inactive
L004459,C005502,Gold,5722,2025-05-24,Active
L004460,C000185,Platinum,759,2022-12-29,Active
L004461,C004801,Silver,7567,2025-04-03,Active
L004462,C004846,Gold,9380,2026-05-06,Active
L004463,C002351,Silver,3777,2023-02-23,Inactive
L004464,C000554,Silver,4890,2025-01-29,Active
L004465,C001398,Bronze,176,2024-04-10,Active
L004466,C001385,Silver,2584,2026-06-22,Active
L004467,C009183,Silver,9497,2026-05-04,Active
L004468,C009818,Gold,4334,2025-06-23,Active
L004469,C000298,Bronze,9660,2024-10-16,Inactive
L004470,C000444,Platinum,6564,2025-09-08,Active
L004471,C007339,Gold,5967,2024-04-01,Active
L004472,C002078,Gold,8068,2024-11-27,Inactive
L004473,C007816,Gold,4122,2026-03-20,Inactive
L004474,C002230,Platinum,2703,2025-11-02,Active
L004475,C002843,Silver,1325,2026-04-07,Active
L004476,C002538,Gold,6225,2026-02-17,Active
L004477,C008146,Bronze,4985,2025-05-13,Active
L004478,C009537,Bronze,3140,2026-04-04,Inactive
L004479,C006444,Bronze,6137,2025-03-10,Active
L004480,C003368,Platinum,7482,2025-05-24,Active
L004481,C004487,Silver,6474,2026-07-06,Active
L004482,C002579,Silver,2078,2025-11-06,Active
L004483,C001132,Gold,6100,2025-03-26,Active
L004484,C004819,Silver,5106,2026-05-17,Active
L004485,C000321,Platinum,9947,2023-03-29,Active
L004486,C001372,Bronze,6251,2025-07-07,Active
L004487,C004043,Bronze,6119,2025-09-07,Active
L004488,C009126,Bronze,9250,2025-04-18,Inactive
L004489,C005146,Silver,9029,2026-07-05,Active
L004490,C000908,Silver,9975,2026-05-21,Active
L004491,C009427,Gold,3470,2025-03-07,Active
L004492,C003951,Bronze,3864,2026-04-10,Inactive
L004493,C006146,Silver,3019,2021-10-10,Active
L004494,C008887,Silver,1518,2025-08-18,Active
L004495,C006696,Silver,6157,2026-05-08,Active
L004496,C004978,Bronze,5484,2025-05-04,Inactive
L004497,C006093,Bronze,9401,2025-07-11,Inactive
L004498,C008409,Platinum,229,2024-08-23,Active
L004499,C000927,Gold,9736,2026-03-29,Active
L004500,C006144,Platinum,4663,2025-10-18,Active
L004501,C000016,Silver,3856,2025-10-09,Active
L004502,C000144,Gold,1855,2023-10-22,Inactive
L004503,C002364,Silver,2340,2025-03-30,Active
L004504,C000130,Bronze,2520,2025-06-16,Active
L004505,C001162,Platinum,3398,2025-11-23,Active
L004506,C007552,Gold,1571,2025-03-20,Active
L004507,C006130,Silver,6618,2026-04-12,Active
L004508,C004666,Gold,2854,2025-06-04,Inactive
L004509,C005661,Platinum,7825,2026-06-28,Active
L004510,C006461,Platinum,3899,2022-07-31,Active
L004511,C001877,Gold,7450,2025-04-11,Active
L004512,C002489,Gold,839,2024-10-25,Active
L004513,C005328,Gold,1676,2023-05-28,Inactive
L004514,C009362,Silver,4301,2024-05-16,Active
L004515,C001183,Bronze,5296,2024-01-12,Active
L004516,C006136,Gold,2506,2025-08-10,Active
L004517,C006378,Gold,3121,2024-05-19,Active
L004518,C001171,Gold,3933,2024-04-04,Active
L004519,C002183,Gold,9448,2025-11-24,Active
L004520,C003372,Silver,6581,2024-06-29,Active
L004521,C008041,Gold,3903,2022-08-06,Active
L004522,C001860,Silver,573,2024-07-10,Active
L004523,C004861,Gold,3309,2023-01-13,Active
L004524,C009256,Gold,8035,2026-03-15,Active
L004525,C008346,Gold,1118,2026-06-23,Inactive
L004526,C007348,Gold,9012,2025-10-17,Inactive
L004527,C004865,Gold,5773,2026-03-26,Active
L004528,C009887,Silver,1795,2025-08-04,Active
L004529,C006389,Gold,7910,2025-04-08,Inactive
L004530,C003122,Silver,5877,2026-07-04,Inactive
L004531,C000388,Silver,5044,2026-05-03,Active
L004532,C007786,Gold,5342,2026-06-16,Inactive
L004533,C001033,Silver,9666,2025-12-21,Inactive
L004534,C007853,Bronze,5777,2023-07-05,Active
L004535,C005419,Gold,2247,2024-09-06,Inactive
L004536,C000932,Gold,388,2025-12-14,Active
L004537,C004020,Bronze,3744,2025-11-16,Active
L004538,C000692,Gold,5408,2026-06-27,Active
L004539,C005299,Silver,3447,2026-06-11,Active
L004540,C006659,Bronze,2754,2022-12-26,Active
L004541,C000830,Bronze,7405,2026-06-05,Inactive
L004542,C003499,Platinum,3155,2024-08-24,Inactive
L004543,C002082,Silver,4567,2025-08-07,Active
L004544,C009441,Silver,1042,2026-01-01,Inactive
L004545,C000045,Bronze,7209,2024-09-12,Active
L004546,C003940,Bronze,339,2023-04-29,Inactive
L004547,C005258,Gold,4829,2026-01-17,Active
L004548,C008438,Gold,1963,2025-09-04,Inactive
L004549,C004320,Platinum,8153,2024-12-11,Inactive
L004550,C002966,Bronze,6771,2026-06-02,Active
L004551,C003970,Bronze,2278,2026-06-23,Inactive
L004552,C001188,Gold,8847,2026-04-03,Inactive
L004553,C000285,Gold,66,2025-01-03,Inactive
L004554,C008874,Gold,1836,2026-04-07,Active
L004555,C004160,Gold,6823,2026-05-03,Active
L004556,C003093,Gold,2067,2025-06-02,Active
L004557,C004557,Gold,8759,2025-09-07,Active
L004558,C004585,Platinum,8719,2024-02-06,Active
L004559,C004324,Platinum,6528,2022-01-28,Active
L004560,C005505,Platinum,7743,2026-04-12,Active
L004561,C007075,Bronze,867,2026-03-09,Active
L004562,C003365,Bronze,1772,2024-08-25,Active
L004563,C008026,Gold,132,2026-06-09,Active
L004564,C003196,Silver,3736,2025-12-18,Active
L004565,C008811,Bronze,7640,2023-12-04,Active
L004566,C000970,Gold,6605,2025-10-24,Active
L004567,C003735,Bronze,7879,2025-06-24,Inactive
L004568,C000926,Bronze,2861,2023-12-30,Active
L004569,C009497,Gold,9232,2026-04-07,Active
L004570,C006452,Bronze,3501,2025-10-13,Active
L004571,C008798,Silver,6157,2026-02-11,Active
L004572,C002852,Gold,4996,2026-04-26,Active
L004573,C005181,Platinum,2564,2025-08-23,Active
L004574,C006724,Gold,9481,2026-05-18,Active
L004575,C009323,Silver,2844,2024-03-02,Active
L004576,C007811,Platinum,8579,2024-01-08,Inactive
L004577,C004472,Bronze,6487,2022-07-17,Inactive
L004578,C005169,Bronze,3302,2025-12-16,Active
L004579,C004349,Platinum,3512,2026-02-02,Active
L004580,C007904,Bronze,6635,2026-04-18,Active
L004581,C003627,Platinum,9992,2024-05-12,Active
L004582,C001790,Gold,8082,2025-11-05,Inactive
L004583,C008294,Bronze,0,2026-01-23,Active
L004584,C002060,Platinum,7127,2026-04-26,Active
L004585,C004014,Silver,1822,2026-06-17,Active
L004586,C001903,Platinum,6447,2025-05-16,Active
L004587,C005574,Silver,7186,2026-04-18,Active
L004588,C006926,Bronze,4666,2026-02-02,Inactive
L004589,C000076,Silver,5974,2026-05-24,Active
L004590,C002346,Platinum,2945,2025-01-05,Active
L004591,C005485,Platinum,4654,2023-06-26,Active
L004592,C000431,Silver,5585,2026-03-08,Active
L004593,C004587,Bronze,1507,2026-04-03,Active
L004594,C008100,Bronze,2619,2024-06-02,Active
L004595,C008458,Gold,2884,2026-06-20,Active
L004596,C008157,Bronze,8818,2026-07-03,Active
L004597,C007894,Silver,771,2026-06-18,Inactive
L004598,C001554,Platinum,2838,2023-09-27,Active
L004599,C000241,Bronze,5835,2025-09-26,Inactive
L004600,C000784,Platinum,7207,2024-06-19,Active
L004601,C003067,Silver,205,2024-07-05,Inactive
L004602,C000978,Bronze,6773,2026-05-10,Inactive
L004603,C002942,Platinum,771,2024-07-27,Inactive
L004604,C005378,Platinum,2603,2022-11-03,Active
L004605,C004731,Bronze,1723,2026-03-21,Active
L004606,C001621,Platinum,7526,2026-04-28,Active
L004607,C002147,Bronze,4272,2024-05-24,Inactive
L004608,C001802,Platinum,2328,2024-06-11,Active
L004609,C002096,Platinum,1909,2024-11-24,Active
L004610,C006075,Bronze,3882,2024-08-27,Active
L004611,C005246,Gold,5596,2023-06-30,Active
L004612,C001358,Silver,8421,2025-01-18,Active
L004613,C008064,Bronze,5821,2026-05-30,Active
L004614,C006051,Silver,9142,2025-12-22,Inactive
L004615,C008369,Gold,5193,2026-02-26,Inactive
L004616,C006018,Silver,6844,2022-10-03,Active
L004617,C009932,Platinum,192,2025-04-17,Active
L004618,C008770,Platinum,7666,2026-05-08,Active
L004619,C007504,Silver,3381,2026-06-18,Inactive
L004620,C001610,Bronze,2318,2025-05-10,Active
L004621,C003097,Gold,2183,2025-01-04,Inactive
L004622,C009772,Silver,9923,2026-05-29,Active
L004623,C002416,Gold,201,2024-03-14,Inactive
L004624,C002018,Bronze,5162,2023-01-10,Active
L004625,C006019,Gold,9442,2026-06-20,Active
L004626,C004126,Silver,7697,2024-02-02,Inactive
L004627,C009803,Silver,2288,2025-09-07,Active
L004628,C003247,Platinum,9921,2024-07-16,Inactive
L004629,C000125,Platinum,8401,2024-06-15,Active
L004630,C006426,Platinum,7007,2024-07-03,Active
L004631,C005309,Bronze,4775,2025-10-02,Active
L004632,C007464,Platinum,6373,2026-04-01,Active
L004633,C009158,Platinum,3717,2024-10-02,Inactive
L004634,C003342,Silver,6679,2026-01-08,Active
L004635,C000599,Bronze,1391,2025-12-26,Inactive
L004636,C002124,Platinum,6747,2026-01-12,Active
L004637,C009499,Gold,5419,2025-09-20,Inactive
L004638,C007686,Gold,1627,2025-06-24,Inactive
L004639,C007050,Gold,3735,2025-07-16,Active
L004640,C009662,Silver,3722,2024-02-04,Active
L004641,C002198,Bronze,1006,2026-05-10,Inactive
L004642,C004052,Gold,4550,2026-06-29,Inactive
L004643,C006055,Bronze,2344,2024-03-28,Inactive
L004644,C003363,Bronze,1955,2023-01-06,Active
L004645,C006852,Silver,1343,2026-04-27,Inactive
L004646,C000726,Gold,2841,2025-09-04,Active
L004647,C004935,Gold,2004,2026-05-27,Active
L004648,C000979,Gold,6635,2025-08-06,Active
L004649,C000809,Gold,4217,2026-03-02,Active
L004650,C009604,Platinum,3462,2024-11-14,Active
L004651,C001476,Bronze,1081,2023-06-06,Active
L004652,C005936,Platinum,2837,2023-09-22,Inactive
L004653,C009037,Gold,1021,2025-06-08,Inactive
L004654,C007336,Silver,1027,2025-01-06,Active
L004655,C003963,Platinum,5667,2026-06-29,Active
L004656,C006423,Gold,3956,2026-01-10,Active
L004657,C004906,Silver,2223,2026-03-01,Active
L004658,C001236,Gold,7497,2026-01-10,Active
L004659,C001226,Silver,7470,2023-05-09,Active
L004660,C008050,Silver,9682,2023-12-31,Active
L004661,C009279,Platinum,2684,2026-03-13,Active
L004662,C008672,Bronze,3284,2022-06-27,Active
L004663,C005230,Silver,2144,2023-07-18,Active
L004664,C006951,Bronze,6198,2024-06-07,Inactive
L004665,C003218,Gold,5910,2023-02-26,Inactive
L004666,C000288,Silver,2196,2022-10-22,Active
L004667,C005024,Bronze,8009,2022-10-26,Inactive
L004668,C002967,Gold,8460,2025-02-28,Active
L004669,C003165,Silver,6482,2025-04-15,Active
L004670,C006004,Bronze,2528,2025-09-30,Inactive
L004671,C008888,Platinum,2519,2026-06-28,Active
L004672,C001658,Gold,5161,2025-03-10,Active
L004673,C001976,Platinum,6978,2025-08-27,Inactive
L004674,C002398,Platinum,8195,2026-01-18,Active
L004675,C000453,Silver,3708,2026-06-01,Active
L004676,C008031,Bronze,3836,2024-11-01,Inactive
L004677,C004697,Silver,2663,2025-12-22,Active
L004678,C003682,Bronze,2850,2026-04-10,Active
L004679,C000423,Platinum,7371,2024-11-29,Active
L004680,C009726,Silver,2368,2025-12-26,Inactive
L004681,C000658,Platinum,6505,2025-03-13,Active
L004682,C003302,Platinum,5918,2022-07-19,Active
L004683,C006395,Gold,7733,2026-05-25,Active
L004684,C002846,Bronze,7298,2026-05-01,Active
L004685,C008292,Silver,6088,2022-09-05,Active
L004686,C007498,Platinum,1669,2026-02-14,Active
L004687,C001002,Platinum,3504,2024-10-04,Inactive
L004688,C004199,Platinum,1632,2025-04-22,Active
L004689,C002419,Platinum,3338,2026-05-05,Active
L004690,C007483,Platinum,8710,2024-07-18,Active
L004691,C005707,Silver,5584,2025-04-13,Active
L004692,C003848,Gold,4244,2022-12-10,Active
L004693,C000962,Platinum,8441,2025-05-30,Active
L004694,C001581,Bronze,2883,2026-05-03,Active
L004695,C005008,Bronze,1190,2022-12-24,Active
L004696,C002207,Platinum,5305,2024-10-14,Inactive
L004697,C006313,Silver,5560,2025-12-17,Active
L004698,C009563,Silver,9451,2024-02-25,Inactive
L004699,C004232,Silver,3984,2026-05-25,Active
L004700,C000758,Bronze,8624,2022-09-19,Active
L004701,C002285,Silver,4843,2026-01-18,Active
L004702,C006664,Bronze,5113,2024-10-22,Active
L004703,C004756,Platinum,3783,2025-10-26,Active
L004704,C008212,Gold,1288,2025-10-22,Active
L004705,C000808,Bronze,7108,2024-12-23,Inactive
L004706,C006576,Platinum,367,2025-09-29,Active
L004707,C007720,Platinum,3588,2025-12-05,Active
L004708,C001957,Bronze,301,2026-03-16,Inactive
L004709,C002446,Platinum,2318,2026-06-01,Inactive
L004710,C005876,Silver,7345,2025-11-26,Active
L004711,C008164,Bronze,511,2026-01-08,Active
L004712,C006139,Bronze,5590,2026-02-08,Active
L004713,C002403,Bronze,7574,2026-06-27,Active
L004714,C001074,Platinum,1117,2024-09-24,Inactive
L004715,C006558,Bronze,2525,2024-07-23,Active
L004716,C004241,Silver,2447,2023-10-24,Active
L004717,C008510,Bronze,578,2024-03-04,Active
L004718,C002092,Silver,1714,2025-07-17,Active
L004719,C004528,Platinum,8005,2023-09-21,Active
L004720,C007203,Platinum,5326,2025-06-21,Active
L004721,C006796,Bronze,1151,2026-06-30,Active
L004722,C007238,Platinum,9087,2026-03-25,Active
L004723,C007423,Gold,4220,2023-07-07,Active
L004724,C006850,Bronze,4379,2025-09-23,Active
L004725,C006837,Platinum,5994,2025-11-30,Active
L004726,C001004,Gold,1754,2026-01-17,Inactive
L004727,C009100,Gold,9489,2026-07-03,Active
L004728,C006563,Bronze,9989,2023-10-10,Inactive
L004729,C005615,Gold,1354,2024-11-12,Active
L004730,C004652,Platinum,2682,2026-04-17,Active
L004731,C005314,Silver,7379,2023-09-17,Active
L004732,C001486,Gold,8155,2026-04-14,Active
L004733,C007608,Silver,6318,2023-10-01,Active
L004734,C001412,Gold,2159,2025-11-17,Active
L004735,C009304,Platinum,8770,2023-10-04,Inactive
L004736,C000710,Silver,1157,2025-12-28,Active
L004737,C009807,Gold,4664,2025-08-21,Active
L004738,C008043,Platinum,3704,2024-06-07,Active
L004739,C007212,Gold,1921,2024-11-27,Active
L004740,C003077,Platinum,6251,2024-10-07,Active
L004741,C008315,Silver,9669,2025-06-28,Inactive
L004742,C004102,Silver,6633,2026-04-30,Active
L004743,C005115,Silver,6045,2026-05-30,Active
L004744,C002723,Silver,7414,2024-08-04,Active
L004745,C009360,Platinum,8915,2024-09-01,Active
L004746,C001269,Bronze,555,2024-01-21,Active
L004747,C002463,Bronze,8939,2025-05-12,Inactive
L004748,C005465,Gold,1504,2025-11-24,Active
L004749,C000269,Bronze,7990,2025-04-13,Inactive
L004750,C003581,Bronze,6540,2024-07-21,Active
L004751,C005350,Silver,9690,2025-01-30,Active
L004752,C007291,Platinum,4139,2025-11-21,Active
L004753,C005158,Gold,9359,2023-11-02,Active
L004754,C006602,Bronze,1399,2023-05-13,Active
L004755,C002822,Gold,4198,2025-07-15,Active
L004756,C005808,Gold,6048,2026-05-18,Inactive
L004757,C000590,Silver,4300,2025-03-03,Active
L004758,C005956,Bronze,332,2024-01-08,Active
L004759,C005255,Platinum,2770,2023-01-22,Inactive
L004760,C006662,Bronze,1467,2025-06-03,Active
L004761,C007657,Gold,213,2026-06-15,Active
L004762,C008726,Gold,7366,2025-09-24,Inactive
L004763,C006897,Bronze,2745,2024-09-21,Active
L004764,C007595,Bronze,5524,2026-05-29,Active
L004765,C002029,Platinum,3242,2024-09-03,Active
L004766,C006819,Gold,2468,2025-07-17,Inactive
L004767,C000678,Bronze,1483,2025-03-22,Active
L004768,C005764,Platinum,712,2024-02-24,Active
L004769,C001233,Bronze,8086,2025-07-07,Inactive
L004770,C005297,Bronze,1163,2025-10-31,Active
L004771,C007104,Bronze,6114,2026-04-28,Active
L004772,C005035,Bronze,4188,2024-05-07,Active
L004773,C005453,Silver,3726,2026-03-24,Active
L004774,C002433,Gold,6288,2025-08-12,Active
L004775,C006320,Bronze,1547,2024-03-07,Active
L004776,C006120,Platinum,2837,2025-01-30,Active
L004777,C009159,Platinum,3793,2026-06-14,Active
L004778,C009954,Bronze,7472,2023-07-15,Active
L004779,C000897,Silver,4444,2026-06-04,Active
L004780,C001612,Bronze,1479,2025-12-28,Active
L004781,C006475,Gold,4007,2025-12-31,Active
L004782,C007662,Bronze,5809,2026-06-01,Active
L004783,C007461,Bronze,5006,2024-08-07,Active
L004784,C003807,Bronze,7033,2026-02-15,Inactive
L004785,C008274,Bronze,2116,2024-06-13,Active
L004786,C009452,Platinum,219,2026-03-26,Active
L004787,C004702,Silver,6026,2025-12-25,Inactive
L004788,C003962,Silver,6368,2023-01-19,Active
L004789,C005418,Platinum,9974,2024-07-23,Active
L004790,C000891,Gold,4811,2025-05-13,Inactive
L004791,C005000,Platinum,4072,2022-06-05,Active
L004792,C007507,Bronze,17,2026-02-15,Inactive
L004793,C007882,Platinum,2425,2022-06-15,Active
L004794,C005096,Silver,3985,2026-02-14,Active
L004795,C006933,Gold,4038,2023-04-26,Active
L004796,C009618,Silver,951,2025-06-03,Active
L004797,C002800,Bronze,4165,2024-11-05,Active
L004798,C000585,Bronze,9951,2025-10-06,Active
L004799,C003269,Silver,867,2025-11-20,Active
L004800,C003933,Bronze,893,2024-06-01,Active
L004801,C001261,Silver,5648,2025-01-04,Active
L004802,C006206,Gold,8107,2025-11-16,Active
L004803,C000311,Silver,4923,2025-10-24,Active
L004804,C007790,Bronze,312,2026-02-25,Active
L004805,C006459,Platinum,4275,2026-04-08,Active
L004806,C006207,Gold,3553,2022-01-05,Active
L004807,C005883,Bronze,929,2025-03-15,Active
L004808,C004669,Bronze,8819,2022-04-07,Active
L004809,C004299,Bronze,6108,2026-02-01,Active
L004810,C003784,Bronze,9487,2026-06-09,Active
L004811,C001009,Platinum,3430,2022-03-18,Active
L004812,C008355,Platinum,8602,2025-11-05,Active
L004813,C002186,Platinum,6061,2025-02-22,Inactive
L004814,C003624,Platinum,510,2025-02-17,Active
L004815,C007040,Silver,7746,2022-07-18,Active
L004816,C004923,Platinum,8913,2025-08-22,Inactive
L004817,C009674,Gold,7322,2026-03-04,Active
L004818,C007951,Bronze,1980,2026-06-14,Active
L004819,C006126,Platinum,5580,2026-04-08,Inactive
L004820,C004757,Bronze,790,2025-03-28,Active
L004821,C005075,Silver,7972,2026-06-21,Inactive
L004822,C000091,Gold,5072,2025-02-26,Active
L004823,C005975,Bronze,8483,2026-05-06,Active
L004824,C006419,Bronze,9692,2025-03-27,Inactive
L004825,C008641,Silver,9904,2024-01-15,Active
L004826,C008691,Bronze,5365,2026-04-13,Active
L004827,C002118,Bronze,8819,2026-03-23,Active
L004828,C002938,Bronze,7653,2026-03-12,Inactive
L004829,C006843,Gold,994,2023-01-02,Active
L004830,C000984,Bronze,2984,2026-06-26,Inactive
L004831,C007261,Platinum,7013,2026-07-05,Inactive
L004832,C009986,Bronze,1645,2026-05-11,Active
L004833,C002926,Silver,1409,2026-05-29,Active
L004834,C006062,Platinum,7674,2026-04-11,Active
L004835,C003215,Platinum,9105,2026-01-28,Active
L004836,C006448,Silver,7443,2026-05-06,Active
L004837,C006780,Bronze,2018,2025-03-03,Active
L004838,C007039,Silver,2746,2025-08-17,Active
L004839,C005664,Bronze,3004,2024-02-09,Inactive
L004840,C000628,Gold,3088,2026-05-05,Active
L004841,C008009,Silver,8681,2025-09-13,Active
L004842,C005126,Gold,9531,2026-01-06,Active
L004843,C004766,Silver,2080,2026-03-23,Active
L004844,C008144,Gold,315,2026-03-25,Active
L004845,C009595,Silver,1472,2026-06-27,Inactive
L004846,C001270,Platinum,4101,2026-03-17,Inactive
L004847,C000129,Silver,6535,2025-09-16,Active
L004848,C006113,Silver,565,2024-12-05,Active
L004849,C001712,Gold,2293,2026-03-09,Active
L004850,C007863,Bronze,4780,2024-06-05,Active
L004851,C004236,Platinum,5046,2026-02-24,Active
L004852,C005193,Silver,7645,2025-10-14,Active
L004853,C002399,Bronze,6140,2024-03-18,Inactive
L004854,C005435,Gold,2472,2021-12-20,Active
L004855,C006058,Platinum,2339,2022-05-23,Active
L004856,C009319,Bronze,9024,2024-11-23,Inactive
L004857,C001187,Platinum,9432,2025-05-15,Active
L004858,C006014,Gold,2347,2024-10-17,Active
L004859,C009794,Bronze,2093,2025-12-20,Inactive
L004860,C006015,Platinum,979,2022-10-16,Active
L004861,C001978,Bronze,6392,2026-02-03,Active
L004862,C009888,Platinum,1927,2026-02-21,Active
L004863,C004248,Bronze,8151,2026-04-06,Active
L004864,C007673,Gold,9840,2026-01-16,Active
L004865,C000916,Bronze,5619,2025-10-24,Active
L004866,C001306,Silver,7157,2025-03-14,Active
L004867,C005456,Gold,9254,2025-09-05,Active
L004868,C003050,Platinum,2734,2025-02-23,Active
L004869,C009522,Silver,2972,2026-02-12,Active
L004870,C001274,Bronze,5419,2024-08-28,Active
L004871,C008056,Platinum,5926,2024-09-17,Active
L004872,C002797,Gold,1094,2026-02-23,Inactive
L004873,C001399,Platinum,7408,2025-10-10,Inactive
L004874,C003359,Platinum,8702,2024-09-21,Active
L004875,C000184,Silver,252,2026-03-20,Active
L004876,C006868,Silver,1345,2025-02-14,Inactive
L004877,C005696,Platinum,9663,2025-07-08,Active
L004878,C008836,Bronze,7767,2025-04-11,Active
L004879,C009627,Silver,250,2024-06-12,Inactive
L004880,C006171,Gold,2799,2026-05-09,Active
L004881,C006988,Bronze,3616,2024-09-03,Inactive
L004882,C004568,Silver,4852,2024-07-02,Active
L004883,C008956,Silver,6337,2024-09-01,Active
L004884,C002657,Platinum,9615,2025-12-05,Active
L004885,C008310,Platinum,9450,2025-10-06,Active
L004886,C006858,Platinum,7808,2026-01-13,Active
L004887,C001962,Platinum,6325,2023-05-19,Active
L004888,C006384,Bronze,3939,2023-08-08,Active
L004889,C008854,Silver,113,2026-01-18,Active
L004890,C009974,Silver,8301,2025-06-07,Active
L004891,C001252,Platinum,9269,2025-08-11,Active
L004892,C003177,Gold,2332,2026-06-12,Active
L004893,C007761,Bronze,1454,2025-10-01,Inactive
L004894,C005014,Platinum,7159,2026-05-19,Active
L004895,C009706,Platinum,8433,2025-09-06,Active
L004896,C006540,Platinum,7573,2026-01-29,Active
L004897,C003290,Bronze,1480,2024-02-22,Inactive
L004898,C006449,Bronze,10000,2026-07-06,Active
L004899,C008727,Gold,6019,2026-01-26,Active
L004900,C007612,Bronze,1600,2025-02-28,Inactive
L004901,C006276,Platinum,1196,2024-07-14,Active
L004902,C006888,Bronze,4016,2026-06-06,Active
L004903,C001052,Gold,7537,2024-07-28,Active
L004904,C004070,Platinum,3548,2025-11-17,Active
L004905,C006023,Silver,8869,2026-06-11,Active
L004906,C005553,Gold,467,2023-10-08,Active
L004907,C000273,Bronze,3714,2022-09-01,Active
L004908,C002043,Silver,4791,2022-05-07,Active
L004909,C004764,Gold,6831,2026-05-18,Active
L004910,C008998,Silver,1520,2025-08-17,Active
L004911,C005205,Silver,6633,2024-03-01,Active
L004912,C009510,Bronze,6594,2025-10-26,Active
L004913,C001087,Bronze,9284,2025-06-11,Active
L004914,C008374,Silver,6283,2023-10-26,Active
L004915,C007733,Gold,6641,2025-01-08,Inactive
L004916,C007516,Bronze,7878,2025-11-07,Active
L004917,C006679,Gold,9863,2024-03-21,Active
L004918,C004323,Silver,8974,2023-09-05,Active
L004919,C006947,Platinum,8163,2023-05-25,Active
L004920,C007748,Gold,2473,2026-02-16,Inactive
L004921,C006773,Gold,8832,2026-04-13,Active
L004922,C005519,Platinum,6719,2025-01-12,Active
L004923,C005118,Bronze,8255,2025-07-05,Inactive
L004924,C006180,Platinum,2622,2024-09-13,Active
L004925,C004710,Silver,8896,2026-03-07,Active
L004926,C008122,Gold,4870,2026-01-11,Inactive
L004927,C005970,Silver,6334,2025-09-01,Active
L004928,C006785,Bronze,7875,2026-01-12,Inactive
L004929,C003479,Platinum,132,2026-03-28,Active
L004930,C008415,Platinum,6409,2024-07-27,Active
L004931,C003925,Gold,2940,2026-06-18,Inactive
L004932,C001749,Platinum,3891,2023-12-19,Active
L004933,C000733,Bronze,3789,2024-05-14,Active
L004934,C002554,Silver,1610,2023-10-23,Active
L004935,C005459,Gold,23,2024-03-03,Active
L004936,C005874,Platinum,7617,2024-09-01,Active
L004937,C002663,Gold,5689,2024-12-18,Active
L004938,C009399,Bronze,2262,2025-12-28,Active
L004939,C006456,Silver,8406,2026-01-19,Active
L004940,C003114,Platinum,3602,2026-01-06,Inactive
L004941,C003304,Bronze,9686,2024-10-04,Inactive
L004942,C001345,Platinum,1559,2026-05-02,Inactive
L004943,C001691,Bronze,2562,2026-02-28,Active
L004944,C007181,Platinum,4572,2026-01-22,Active
L004945,C006500,Platinum,3414,2024-03-26,Inactive
L004946,C003309,Gold,4939,2026-01-02,Inactive
L004947,C001505,Gold,9817,2026-07-06,Active
L004948,C001807,Gold,9750,2025-09-15,Active
L004949,C008470,Gold,7220,2026-05-08,Active
L004950,C005370,Bronze,9206,2024-11-22,Inactive
L004951,C003792,Platinum,2487,2025-08-26,Active
L004952,C009521,Bronze,4745,2026-05-29,Active
L004953,C007330,Gold,8860,2026-06-06,Active
L004954,C005910,Platinum,6547,2026-06-19,Active
L004955,C006826,Bronze,7209,2025-11-26,Active
L004956,C007264,Silver,9710,2023-07-08,Active
L004957,C001849,Silver,5293,2026-04-01,Active
L004958,C004513,Platinum,817,2026-04-17,Active
L004959,C002432,Bronze,7627,2025-09-21,Inactive
L004960,C004661,Platinum,5003,2025-12-12,Active
L004961,C008886,Bronze,5283,2024-11-28,Active
L004962,C005585,Platinum,1374,2025-04-14,Inactive
L004963,C000143,Platinum,1204,2026-07-05,Inactive
L004964,C008761,Gold,7446,2022-07-17,Active
L004965,C009212,Bronze,3563,2024-07-20,Active
L004966,C005265,Bronze,7539,2025-09-23,Active
L004967,C003410,Silver,2283,2024-10-01,Active
L004968,C001118,Bronze,1248,2025-04-29,Active
L004969,C001757,Gold,5526,2022-03-11,Active
L004970,C000498,Bronze,9967,2024-08-11,Inactive
L004971,C008032,Gold,892,2023-10-09,Active
L004972,C000871,Bronze,823,2023-01-01,Inactive
L004973,C003358,Silver,7717,2025-04-15,Inactive
L004974,C000913,Platinum,8232,2026-05-08,Active
L004975,C000722,Gold,4893,2024-05-07,Active
L004976,C002806,Silver,6328,2026-02-10,Inactive
L004977,C009944,Bronze,3033,2022-01-07,Active
L004978,C000887,Bronze,356,2024-03-26,Active
L004979,C009593,Platinum,424,2023-08-19,Active
L004980,C006588,Gold,8604,2026-07-04,Active
L004981,C008101,Bronze,5458,2025-01-28,Active
L004982,C001521,Gold,1624,2024-09-18,Active
L004983,C008690,Bronze,2757,2026-06-12,Active
L004984,C002747,Bronze,789,2023-05-27,Active
L004985,C006701,Bronze,3047,2023-08-20,Active
L004986,C005776,Bronze,9993,2025-05-21,Active
L004987,C000315,Platinum,5938,2026-03-19,Inactive
L004988,C001800,Platinum,6626,2023-08-22,Active
L004989,C000328,Silver,5276,2026-02-03,Active
L004990,C005643,Bronze,2081,2026-07-04,Inactive
L004991,C004205,Bronze,9290,2025-10-26,Active
L004992,C003130,Bronze,2284,2025-08-06,Active
L004993,C006861,Silver,4383,2026-06-14,Inactive
L004994,C009906,Silver,5185,2024-06-26,Active
L004995,C003969,Silver,8431,2025-07-28,Active
L004996,C005744,Silver,145,2024-09-24,Active
L004997,C006227,Platinum,5112,2026-04-29,Active
L004998,C001974,Bronze,3738,2024-10-25,Active
L004999,C000337,Bronze,7027,2022-08-16,Active
L005000,C002765,Gold,277,2026-03-02,Active
L005001,C007661,Platinum,2033,2026-03-07,Inactive
L005002,C000276,Platinum,425,2025-11-12,Active
L005003,C002986,Gold,7148,2026-02-06,Active
L005004,C005647,Bronze,9099,2025-11-20,Inactive
L005005,C005850,Silver,2058,2026-05-26,Active
L005006,C003478,Gold,7355,2024-12-06,Active
L005007,C007559,Gold,1693,2024-07-18,Active
L005008,C003559,Bronze,1554,2026-02-26,Inactive
L005009,C002810,Silver,8125,2026-07-06,Active
L005010,C009114,Bronze,446,2025-06-05,Active
L005011,C004862,Platinum,6384,2026-01-20,Active
L005012,C006587,Platinum,5688,2021-08-31,Active
L005013,C003417,Platinum,2137,2022-09-24,Inactive
L005014,C000308,Platinum,5192,2024-02-16,Active
L005015,C003909,Platinum,9019,2026-04-29,Active
L005016,C000349,Platinum,6961,2026-04-21,Active
L005017,C000827,Platinum,1811,2025-04-29,Active
L005018,C009502,Silver,7238,2025-02-14,Active
L005019,C004483,Platinum,1168,2025-10-29,Inactive
L005020,C006577,Silver,7099,2025-07-31,Active
L005021,C003683,Platinum,8522,2025-09-26,Inactive
L005022,C005877,Silver,8242,2025-12-05,Active
L005023,C008388,Silver,1661,2025-12-23,Active
L005024,C002054,Silver,4689,2026-03-07,Active
L005025,C000072,Silver,5000,2024-07-10,Inactive
L005026,C005508,Platinum,3504,2025-07-26,Active
L005027,C008515,Gold,9128,2026-06-12,Active
L005028,C007511,Silver,4974,2024-04-26,Inactive
L005029,C008152,Platinum,135,2026-03-10,Inactive
L005030,C001667,Gold,4240,2022-05-17,Active
L005031,C007862,Bronze,3482,2024-05-11,Active
L005032,C009160,Platinum,1713,2026-03-31,Active
L005033,C005689,Silver,4423,2025-10-14,Inactive
L005034,C001446,Bronze,7177,2023-01-24,Active
L005035,C005228,Platinum,2829,2024-07-25,Active
L005036,C006983,Gold,6765,2025-05-24,Active
L005037,C001696,Silver,38,2023-09-06,Active
L005038,C002893,Gold,1542,2025-12-03,Active
L005039,C001575,Bronze,5810,2026-01-09,Active
L005040,C003204,Bronze,5500,2022-10-30,Active
L005041,C004406,Silver,3636,2024-07-03,Active
L005042,C001631,Bronze,5700,2025-06-29,Inactive
L005043,C008381,Silver,8221,2025-02-11,Active
L005044,C001882,Gold,9850,2026-03-22,Active
L005045,C008822,Bronze,6968,2026-03-15,Active
L005046,C006464,Bronze,21,2023-08-24,Active
L005047,C000849,Gold,358,2025-08-04,Active
L005048,C009924,Bronze,4549,2024-04-28,Active
L005049,C006189,Gold,2620,2026-04-23,Active
L005050,C005870,Silver,4941,2026-05-18,Active
L005051,C002878,Gold,4900,2026-03-02,Active
L005052,C000187,Gold,7552,2026-02-12,Active
L005053,C003780,Bronze,936,2024-03-01,Active
L005054,C001831,Gold,4894,2025-05-21,Active
L005055,C008326,Platinum,8972,2026-01-07,Inactive
L005056,C009242,Silver,9303,2026-06-24,Active
L005057,C006379,Silver,1654,2024-07-10,Active
L005058,C001235,Platinum,9666,2024-11-30,Active
L005059,C006965,Silver,9838,2025-03-19,Active
L005060,C003916,Bronze,9930,2024-11-24,Active
L005061,C000447,Gold,7244,2025-12-08,Active
L005062,C000845,Platinum,250,2024-09-27,Active
L005063,C008063,Gold,1436,2024-05-29,Active
L005064,C005403,Silver,4636,2026-05-05,Active
L005065,C002441,Platinum,6168,2026-04-23,Active
L005066,C003104,Gold,8064,2024-06-20,Inactive
L005067,C008586,Bronze,1426,2026-04-27,Active
L005068,C006792,Bronze,4889,2026-05-24,Active
L005069,C005651,Gold,4234,2023-10-25,Active
L005070,C001295,Platinum,9976,2025-08-21,Inactive
L005071,C005080,Bronze,8767,2024-07-02,Active
L005072,C009017,Gold,2677,2026-03-17,Active
L005073,C005068,Platinum,6993,2026-04-24,Inactive
L005074,C003443,Bronze,3520,2022-06-25,Active
L005075,C008452,Silver,4161,2026-02-11,Inactive
L005076,C007274,Silver,5426,2025-03-14,Inactive
L005077,C006106,Gold,4854,2025-07-30,Active
L005078,C000777,Bronze,9674,2025-01-04,Active
L005079,C009717,Silver,289,2026-02-08,Active
L005080,C002154,Gold,1761,2026-06-04,Active
L005081,C004921,Bronze,3024,2026-02-14,Active
L005082,C005361,Platinum,8530,2025-08-24,Active
L005083,C009736,Platinum,9832,2025-04-08,Active
L005084,C005958,Bronze,8976,2025-10-28,Active
L005085,C008412,Platinum,7089,2026-02-08,Inactive
L005086,C008433,Platinum,7358,2023-12-09,Active
L005087,C003184,Silver,9303,2025-04-27,Active
L005088,C006793,Silver,5516,2026-01-10,Active
L005089,C003200,Platinum,672,2024-11-15,Inactive
L005090,C009370,Gold,8116,2024-03-13,Active
L005091,C001290,Silver,3294,2024-10-03,Active
L005092,C004582,Platinum,2191,2026-03-13,Active
L005093,C006193,Platinum,2504,2025-03-12,Inactive
L005094,C008936,Silver,2382,2026-06-05,Inactive
L005095,C007150,Gold,6275,2025-10-07,Active
L005096,C009847,Bronze,4591,2025-10-24,Active
L005097,C004107,Silver,1718,2022-11-01,Active
L005098,C004127,Silver,5614,2026-01-04,Active
L005099,C008301,Bronze,5747,2023-06-08,Active
L005100,C003967,Bronze,1819,2024-10-18,Inactive
L005101,C001880,Silver,4778,2025-09-27,Active
L005102,C008497,Bronze,1104,2024-09-26,Active
L005103,C009300,Platinum,9695,2026-07-03,Active
L005104,C006349,Silver,123,2026-07-01,Active
L005105,C003588,Bronze,4171,2023-06-30,Active
L005106,C007373,Gold,6349,2026-03-01,Active
L005107,C003866,Gold,397,2026-02-16,Active
L005108,C008488,Silver,2464,2025-06-06,Inactive
L005109,C004132,Bronze,9238,2024-08-15,Active
L005110,C001037,Platinum,4591,2026-01-27,Active
L005111,C000637,Gold,4314,2025-05-06,Active
L005112,C006154,Bronze,6108,2025-05-08,Active
L005113,C004135,Platinum,7428,2024-05-08,Inactive
L005114,C005339,Platinum,2222,2023-10-04,Active
L005115,C001084,Platinum,5235,2025-02-22,Active
L005116,C000862,Silver,8170,2024-07-27,Inactive
L005117,C000904,Gold,9169,2025-12-11,Active
L005118,C000192,Gold,2260,2026-03-19,Active
L005119,C000110,Platinum,9861,2024-06-25,Active
L005120,C004456,Gold,2975,2026-05-14,Active
L005121,C001943,Gold,3909,2026-05-10,Active
L005122,C005857,Gold,8959,2026-01-03,Inactive
L005123,C004332,Silver,6306,2025-12-30,Active
L005124,C008542,Gold,2388,2025-05-09,Active
L005125,C002041,Silver,8413,2024-11-30,Active
L005126,C007332,Platinum,5827,2025-10-25,Inactive
L005127,C007318,Bronze,9550,2026-07-02,Active
L005128,C007780,Bronze,232,2022-10-23,Active
L005129,C004660,Gold,2971,2026-01-19,Active
L005130,C007314,Bronze,8417,2026-06-01,Inactive
L005131,C002776,Bronze,8501,2025-09-08,Active
L005132,C004146,Bronze,5558,2024-11-23,Active
L005133,C002324,Bronze,799,2024-12-12,Inactive
L005134,C000763,Bronze,6237,2025-10-31,Active
L005135,C002618,Silver,805,2024-07-06,Active
L005136,C002412,Silver,402,2026-01-21,Active
L005137,C001095,Bronze,1500,2025-01-06,Inactive
L005138,C006174,Silver,2898,2025-01-10,Inactive
L005139,C007049,Gold,3301,2026-05-22,Active
L005140,C009273,Gold,5921,2026-06-17,Active
L005141,C003136,Silver,6213,2022-03-19,Active
L005142,C007788,Silver,1786,2026-03-27,Active
L005143,C005041,Gold,9743,2025-07-26,Active
L005144,C003806,Platinum,636,2025-07-24,Active
L005145,C000885,Bronze,1271,2024-08-16,Active
L005146,C002655,Gold,2120,2025-01-17,Active
L005147,C005922,Platinum,3808,2026-02-25,Inactive
L005148,C006188,Platinum,8026,2025-12-12,Active
L005149,C008086,Silver,9623,2026-06-25,Active
L005150,C006743,Bronze,2197,2024-04-19,Active
L005151,C007627,Gold,5041,2023-11-06,Active
L005152,C005681,Platinum,4494,2025-10-08,Inactive
L005153,C007008,Platinum,7333,2024-12-16,Active
L005154,C009687,Silver,9537,2026-05-20,Active
L005155,C002203,Silver,7748,2026-04-17,Active
L005156,C006108,Platinum,7343,2026-03-02,Inactive
L005157,C006418,Bronze,2397,2022-04-18,Active
L005158,C001263,Silver,3900,2023-11-15,Active
L005159,C008380,Gold,5648,2022-10-15,Active
L005160,C000976,Silver,4166,2024-04-11,Active
L005161,C005832,Platinum,7167,2025-10-20,Inactive
L005162,C004926,Platinum,4862,2026-05-04,Active
L005163,C000942,Platinum,9094,2025-08-10,Active
L005164,C004724,Silver,9751,2024-07-24,Active
L005165,C002388,Bronze,8986,2026-06-09,Active
L005166,C009729,Gold,4712,2026-05-06,Active
L005167,C005022,Bronze,8987,2025-12-23,Inactive
L005168,C004392,Platinum,9017,2026-01-16,Active
L005169,C005149,Platinum,91,2021-11-28,Active
L005170,C003222,Gold,8357,2024-09-14,Active
L005171,C003883,Silver,81,2022-06-14,Active
L005172,C009439,Gold,6109,2023-01-18,Active
L005173,C006625,Gold,1369,2025-09-21,Inactive
L005174,C005919,Bronze,4458,2025-10-11,Active
L005175,C002790,Platinum,3205,2025-09-12,Active
L005176,C000945,Platinum,7528,2025-11-29,Inactive
L005177,C008909,Bronze,1727,2024-07-12,Active
L005178,C001858,Platinum,5083,2026-02-11,Active
L005179,C009081,Silver,4777,2026-05-18,Active
L005180,C004109,Platinum,9012,2025-11-10,Active
L005181,C008514,Bronze,4341,2025-02-20,Active
L005182,C003256,Platinum,6371,2024-06-08,Active
L005183,C002691,Silver,2843,2024-07-22,Active
L005184,C009513,Silver,634,2024-07-11,Active
L005185,C006962,Bronze,3142,2025-07-01,Inactive
L005186,C001320,Bronze,1404,2022-01-14,Active
L005187,C008883,Silver,6691,2026-04-30,Active
L005188,C009881,Platinum,5393,2026-03-12,Active
L005189,C005163,Gold,3644,2026-07-03,Active
L005190,C005830,Gold,9237,2026-05-02,Active
L005191,C007954,Bronze,7703,2026-06-24,Active
L005192,C005959,Platinum,5455,2022-12-23,Active
L005193,C009272,Silver,1500,2025-03-30,Active
L005194,C003476,Bronze,8872,2026-03-08,Active
L005195,C003506,Bronze,6718,2026-06-05,Active
L005196,C004750,Bronze,8212,2025-04-28,Active
L005197,C002478,Silver,4571,2026-06-04,Active
L005198,C009491,Platinum,3922,2022-12-24,Active
L005199,C006616,Gold,9875,2026-04-08,Inactive
L005200,C007414,Gold,1340,2025-07-07,Active
L005201,C007587,Platinum,4771,2026-02-24,Inactive
L005202,C005345,Platinum,4134,2024-03-25,Active
L005203,C009864,Silver,1131,2024-04-20,Active
L005204,C007112,Platinum,6682,2026-01-03,Active
L005205,C001875,Bronze,3842,2023-05-13,Active
L005206,C008517,Platinum,1375,2026-04-05,Active
L005207,C005271,Gold,7892,2023-07-22,Active
L005208,C005097,Gold,9239,2023-07-08,Inactive
L005209,C002905,Silver,5897,2025-09-10,Active
L005210,C000571,Gold,8992,2022-11-10,Inactive
L005211,C001449,Gold,8754,2025-04-10,Inactive
L005212,C005965,Silver,392,2025-09-13,Active
L005213,C006243,Bronze,5929,2024-11-22,Active
L005214,C006348,Bronze,420,2026-04-06,Inactive
L005215,C007875,Platinum,7526,2024-10-10,Inactive
L005216,C009817,Bronze,1826,2025-10-30,Inactive
L005217,C003227,Bronze,1560,2025-06-15,Inactive
L005218,C009745,Platinum,8607,2025-04-29,Active
L005219,C003979,Silver,4105,2025-02-21,Inactive
L005220,C004384,Silver,5429,2025-09-04,Inactive
L005221,C007857,Silver,7483,2024-12-08,Inactive
L005222,C003540,Bronze,6080,2026-03-30,Active
L005223,C005683,Gold,9286,2026-01-18,Inactive
L005224,C002828,Bronze,1192,2024-08-25,Inactive
L005225,C007659,Silver,4295,2026-04-15,Active
L005226,C004997,Bronze,3535,2026-05-30,Active
L005227,C001339,Silver,1341,2025-07-26,Active
L005228,C003263,Platinum,6390,2026-07-05,Active
L005229,C006387,Platinum,3938,2024-11-17,Active
L005230,C007952,Platinum,1840,2025-08-10,Active
L005231,C000651,Bronze,8057,2024-09-09,Active
L005232,C002903,Silver,7528,2025-10-01,Active
L005233,C002259,Platinum,2806,2024-02-19,Active
L005234,C007403,Bronze,8651,2026-01-06,Active
L005235,C003522,Platinum,6074,2025-04-20,Active
L005236,C002731,Silver,2561,2025-02-25,Active
L005237,C005497,Platinum,1503,2026-06-30,Active
L005238,C004479,Platinum,6161,2026-04-02,Active
L005239,C001597,Bronze,9631,2024-12-29,Active
L005240,C007067,Platinum,7981,2025-05-18,Inactive
L005241,C002585,Gold,8389,2024-11-27,Inactive
L005242,C005442,Silver,3282,2022-07-24,Active
L005243,C003197,Gold,5587,2025-11-30,Active
L005244,C008524,Silver,3107,2025-01-10,Active
L005245,C007683,Silver,5226,2025-03-08,Active
L005246,C005377,Silver,6003,2023-11-28,Active
L005247,C001259,Bronze,4602,2025-05-17,Inactive
L005248,C005278,Gold,1881,2024-09-02,Active
L005249,C000992,Gold,8411,2026-05-18,Active
L005250,C003505,Silver,3755,2024-09-19,Active
L005251,C000114,Gold,6741,2026-03-03,Active
L005252,C000920,Gold,5478,2025-10-14,Inactive
L005253,C002510,Gold,5583,2023-07-01,Inactive
L005254,C009405,Platinum,2466,2024-12-25,Active
L005255,C000166,Gold,4213,2025-10-26,Active
L005256,C005264,Gold,9829,2023-10-15,Inactive
L005257,C004604,Platinum,7185,2026-05-17,Active
L005258,C000950,Platinum,1212,2022-04-28,Active
L005259,C004595,Bronze,8271,2025-09-17,Active
L005260,C005728,Platinum,2955,2026-06-16,Active
L005261,C003771,Bronze,1888,2024-04-23,Active
L005262,C002507,Bronze,2661,2024-08-13,Inactive
L005263,C005108,Silver,837,2025-08-09,Active
L005264,C002851,Bronze,270,2025-10-16,Active
L005265,C006486,Gold,763,2026-07-01,Active
L005266,C005363,Platinum,7412,2026-05-12,Inactive
L005267,C007443,Gold,6635,2026-06-27,Active
L005268,C004447,Bronze,7616,2025-08-26,Active
L005269,C004461,Bronze,5219,2026-04-29,Inactive
L005270,C009514,Platinum,1351,2025-11-06,Active
L005271,C002506,Gold,3164,2025-08-13,Inactive
L005272,C001115,Platinum,6599,2023-10-06,Active
L005273,C008398,Silver,9683,2025-09-07,Active
L005274,C000299,Silver,5338,2026-06-22,Inactive
L005275,C001676,Gold,6815,2026-05-14,Inactive
L005276,C003348,Silver,6172,2025-01-31,Active
L005277,C002736,Gold,2833,2026-04-12,Active
L005278,C007820,Bronze,9742,2026-04-11,Active
L005279,C004989,Silver,3810,2023-04-13,Active
L005280,C009895,Silver,4453,2025-10-21,Active
L005281,C005818,Silver,7927,2024-08-29,Active
L005282,C004326,Bronze,4621,2023-04-12,Inactive
L005283,C006720,Bronze,4172,2025-03-16,Active
L005284,C008787,Gold,1624,2025-04-24,Inactive
L005285,C004551,Platinum,3331,2025-07-29,Active
L005286,C008573,Platinum,4300,2026-01-20,Active
L005287,C007848,Bronze,7319,2025-01-28,Active
L005288,C002104,Silver,610,2025-08-27,Active
L005289,C005814,Platinum,9714,2023-07-31,Inactive
L005290,C009105,Platinum,5128,2025-08-31,Active
L005291,C007454,Silver,1216,2025-03-15,Active
L005292,C001838,Bronze,6862,2024-10-11,Active
L005293,C007903,Bronze,7163,2024-05-19,Active
L005294,C008319,Gold,7758,2023-09-24,Active
L005295,C008724,Gold,4146,2024-05-05,Active
L005296,C000608,Gold,2945,2024-01-04,Active
L005297,C008375,Gold,9372,2022-05-09,Active
L005298,C001094,Platinum,837,2026-02-18,Active
L005299,C006388,Bronze,9522,2026-01-09,Active
L005300,C006506,Bronze,7500,2025-06-27,Active
L005301,C008965,Silver,9959,2023-07-05,Active
L005302,C004488,Platinum,9570,2022-07-05,Inactive
L005303,C000161,Bronze,4577,2026-06-06,Active
L005304,C000204,Silver,2749,2026-05-30,Active
L005305,C007041,Bronze,2005,2025-11-11,Active
L005306,C005894,Gold,3055,2024-07-02,Active
L005307,C004934,Gold,2212,2025-02-12,Active
L005308,C002935,Silver,9744,2026-02-13,Active
L005309,C007323,Platinum,1723,2022-10-12,Inactive
L005310,C002436,Bronze,1346,2026-03-09,Active
L005311,C001231,Platinum,6321,2021-11-28,Active
L005312,C008676,Silver,5735,2026-04-18,Active
L005313,C003047,Bronze,7310,2025-09-30,Inactive
L005314,C009655,Gold,1763,2023-06-27,Active
L005315,C008420,Gold,5153,2025-12-15,Inactive
L005316,C007667,Silver,3247,2024-08-16,Active
L005317,C006408,Gold,5839,2026-06-26,Active
L005318,C004252,Platinum,2199,2025-07-01,Active
L005319,C005578,Gold,6284,2024-10-01,Active
L005320,C003294,Silver,3038,2023-03-11,Inactive
L005321,C004035,Silver,4737,2026-03-03,Active
L005322,C008113,Bronze,7964,2026-04-17,Inactive
L005323,C004291,Bronze,3105,2025-10-27,Active
L005324,C004335,Gold,62,2025-03-10,Active
L005325,C005932,Platinum,5644,2024-06-23,Active
L005326,C003878,Platinum,2024,2024-11-27,Active
L005327,C005429,Platinum,4979,2026-03-25,Inactive
L005328,C004754,Platinum,8026,2024-07-14,Active
L005329,C004887,Platinum,2338,2025-01-18,Inactive
L005330,C000858,Bronze,8505,2026-04-29,Active
L005331,C008234,Bronze,7348,2024-01-26,Active
L005332,C008376,Platinum,3974,2026-03-12,Active
L005333,C002562,Gold,7288,2025-11-01,Inactive
L005334,C003802,Platinum,2880,2026-01-03,Active
L005335,C002641,Gold,605,2025-12-20,Active
L005336,C009664,Platinum,8258,2026-03-05,Active
L005337,C004491,Platinum,311,2023-09-28,Inactive
L005338,C002348,Bronze,3558,2025-05-29,Inactive
L005339,C000650,Silver,3505,2025-07-14,Active
L005340,C002782,Gold,8693,2026-04-18,Active
L005341,C005653,Platinum,199,2025-05-01,Active
L005342,C008544,Bronze,9687,2025-03-17,Inactive
L005343,C008678,Gold,5892,2025-05-01,Active
L005344,C006434,Silver,1129,2025-07-14,Active
L005345,C000616,Silver,8585,2024-07-15,Active
L005346,C008449,Bronze,6464,2024-06-19,Active
L005347,C002576,Gold,776,2023-01-28,Active
L005348,C000054,Bronze,8297,2024-04-17,Active
L005349,C003341,Bronze,7491,2026-02-15,Active
L005350,C007038,Silver,6845,2025-10-17,Active
L005351,C001706,Platinum,745,2026-03-13,Active
L005352,C009061,Platinum,3536,2026-05-29,Active
L005353,C009353,Bronze,2424,2025-06-21,Active
L005354,C001494,Silver,7295,2024-09-20,Active
L005355,C009964,Silver,7372,2024-04-16,Active
L005356,C005633,Platinum,912,2025-07-01,Active
L005357,C000804,Bronze,2339,2026-01-06,Active
L005358,C004954,Platinum,6521,2024-09-02,Inactive
L005359,C006934,Gold,8003,2025-05-30,Active
L005360,C007105,Silver,9045,2023-12-25,Inactive
L005361,C000991,Bronze,3987,2024-03-30,Active
L005362,C002775,Platinum,8589,2026-06-20,Inactive
L005363,C007471,Gold,3110,2025-09-17,Active
L005364,C006420,Silver,3722,2023-03-13,Active
L005365,C003514,Gold,1010,2026-05-26,Inactive
L005366,C005479,Platinum,5416,2025-05-26,Active
L005367,C008401,Gold,4906,2026-06-29,Inactive
L005368,C000220,Bronze,1373,2026-05-13,Active
L005369,C006970,Silver,3867,2024-12-28,Active
L005370,C001289,Gold,7606,2026-01-12,Active
L005371,C003164,Silver,9729,2025-08-18,Active
L005372,C004679,Gold,5629,2024-10-26,Active
L005373,C002619,Silver,6214,2026-05-25,Active
L005374,C003613,Silver,5747,2024-11-07,Active
L005375,C000044,Gold,2147,2026-05-06,Active
L005376,C008095,Bronze,2742,2025-10-01,Active
L005377,C008373,Gold,3289,2026-02-12,Active
L005378,C003793,Gold,3966,2026-02-21,Active
L005379,C003572,Platinum,3273,2024-11-10,Active
L005380,C009981,Silver,2559,2025-06-01,Active
L005381,C001504,Gold,8117,2026-03-05,Active
L005382,C005557,Gold,3232,2023-09-14,Active
L005383,C009831,Gold,4168,2026-05-22,Active
L005384,C003440,Bronze,7428,2025-03-21,Active
L005385,C001893,Gold,485,2025-12-05,Inactive
L005386,C009324,Silver,6489,2025-08-20,Active
L005387,C005256,Bronze,4793,2026-06-09,Inactive
L005388,C001956,Silver,8464,2023-02-14,Active
L005389,C005168,Silver,7572,2026-02-25,Active
L005390,C004815,Platinum,5867,2023-08-16,Active
L005391,C006265,Silver,4392,2026-03-18,Active
L005392,C001506,Gold,1258,2026-06-30,Active
L005393,C000671,Platinum,9868,2024-09-08,Inactive
L005394,C008908,Bronze,4732,2026-06-29,Active
L005395,C007056,Silver,3569,2026-06-07,Active
L005396,C000898,Platinum,4732,2026-05-07,Active
L005397,C006179,Bronze,258,2026-07-05,Active
L005398,C002667,Gold,1822,2025-05-13,Active
L005399,C003194,Silver,3403,2026-06-23,Active
L005400,C002891,Silver,3629,2025-11-12,Active
L005401,C007774,Platinum,3496,2026-01-17,Active
L005402,C002622,Bronze,6904,2025-05-29,Active
L005403,C006009,Bronze,2257,2024-02-10,Active
L005404,C005957,Silver,7659,2024-12-18,Active
L005405,C000003,Bronze,7818,2025-03-11,Active
L005406,C002371,Gold,3047,2024-04-21,Active
L005407,C007915,Silver,7884,2026-02-05,Active
L005408,C001770,Bronze,6397,2024-03-06,Inactive
L005409,C008507,Bronze,7894,2024-08-02,Active
L005410,C006026,Silver,2899,2025-10-14,Active
L005411,C000532,Platinum,3905,2025-09-09,Active
L005412,C008725,Bronze,6603,2023-05-23,Active
L005413,C008650,Gold,7881,2023-04-13,Active
L005414,C007874,Gold,8656,2026-01-24,Active
L005415,C008891,Silver,9024,2025-12-18,Active
L005416,C003121,Silver,3935,2025-03-01,Active
L005417,C009023,Gold,8496,2023-08-15,Active
L005418,C000732,Silver,6728,2024-12-28,Inactive
L005419,C003407,Silver,4757,2025-02-14,Active
L005420,C002340,Silver,7384,2025-06-26,Active
L005421,C005968,Platinum,1837,2026-03-28,Active
L005422,C006581,Gold,8407,2026-03-06,Active
L005423,C002566,Bronze,144,2026-01-25,Active
L005424,C007727,Platinum,6689,2024-05-30,Active
L005425,C007821,Bronze,3491,2025-10-18,Active
L005426,C006714,Gold,8754,2025-05-15,Active
L005427,C006996,Gold,1203,2025-11-28,Active
L005428,C006943,Gold,2109,2026-05-07,Active
L005429,C007795,Bronze,3841,2026-03-28,Active
L005430,C008976,Bronze,9837,2025-11-10,Active
L005431,C001256,Gold,950,2021-11-24,Inactive
L005432,C002105,Gold,9218,2026-06-29,Active
L005433,C006735,Platinum,141,2025-12-25,Active
L005434,C009779,Platinum,1354,2025-05-06,Inactive
L005435,C006225,Bronze,2043,2023-10-29,Inactive
L005436,C009151,Platinum,7204,2025-09-22,Active
L005437,C004995,Gold,3454,2025-06-22,Inactive
L005438,C008970,Gold,4879,2025-09-25,Inactive
L005439,C006840,Silver,1779,2023-10-08,Active
L005440,C005058,Bronze,1122,2024-12-26,Active
L005441,C005847,Bronze,7916,2025-12-15,Active
L005442,C004435,Silver,7709,2025-04-22,Active
L005443,C003485,Silver,8458,2023-08-26,Active
L005444,C009494,Silver,6628,2024-11-14,Active
L005445,C005319,Silver,8382,2025-09-03,Active
L005446,C003817,Bronze,1190,2025-08-12,Inactive
L005447,C005730,Gold,1160,2025-10-15,Inactive
L005448,C008904,Gold,6882,2024-11-24,Inactive
L005449,C007841,Gold,4424,2024-04-09,Active
L005450,C009890,Gold,6381,2025-11-20,Active
L005451,C001622,Silver,7976,2026-02-28,Active
L005452,C009424,Gold,6654,2024-03-27,Inactive
L005453,C006308,Silver,5564,2026-03-02,Inactive
L005454,C009305,Bronze,7147,2024-09-25,Inactive
L005455,C008903,Bronze,1116,2026-05-10,Active
L005456,C001097,Silver,9365,2026-01-04,Inactive
L005457,C008058,Silver,84,2024-11-24,Active
L005458,C009482,Platinum,271,2026-05-14,Active
L005459,C002464,Gold,1617,2026-03-18,Inactive
L005460,C008290,Gold,6601,2023-09-18,Inactive
L005461,C001789,Bronze,6863,2023-08-10,Active
L005462,C000251,Silver,1567,2026-06-23,Active
L005463,C009927,Platinum,4957,2024-03-30,Active
L005464,C006192,Platinum,2833,2026-05-04,Active
L005465,C009651,Platinum,8588,2024-05-21,Active
L005466,C000193,Bronze,745,2023-05-16,Inactive
L005467,C000821,Silver,4101,2026-02-26,Active
L005468,C009628,Bronze,9031,2026-01-01,Inactive
L005469,C005715,Gold,7547,2025-06-03,Active
L005470,C007196,Gold,44,2025-11-02,Active
L005471,C005716,Gold,2893,2024-10-23,Inactive
L005472,C004401,Gold,3804,2023-08-11,Active
L005473,C009291,Bronze,9847,2026-06-27,Active
L005474,C005389,Silver,5096,2024-09-20,Active
L005475,C004167,Gold,7407,2022-03-04,Active
L005476,C004952,Platinum,3625,2025-01-15,Active
L005477,C002688,Platinum,9392,2025-02-11,Active
L005478,C004391,Silver,6359,2023-09-19,Inactive
L005479,C005861,Silver,3551,2026-04-13,Active
L005480,C005982,Bronze,7016,2026-01-03,Active
L005481,C004928,Silver,368,2023-07-16,Active
L005482,C006736,Gold,6732,2025-11-17,Inactive
L005483,C002608,Gold,3864,2024-04-17,Active
L005484,C007467,Silver,3069,2023-05-22,Inactive
L005485,C000239,Silver,2550,2024-05-02,Active
L005486,C004016,Bronze,5866,2026-07-02,Active
L005487,C009263,Silver,163,2025-12-21,Active
L005488,C002978,Silver,931,2026-03-10,Active
L005489,C005713,Platinum,652,2026-04-15,Inactive
L005490,C009857,Silver,8984,2026-01-27,Active
L005491,C005474,Platinum,6205,2022-01-13,Active
L005492,C000946,Bronze,7754,2026-01-31,Active
L005493,C008252,Platinum,8339,2026-01-07,Active
L005494,C007682,Gold,6246,2026-07-02,Active
L005495,C005098,Silver,113,2024-04-28,Active
L005496,C006806,Gold,9620,2026-06-27,Active
L005497,C005804,Bronze,9021,2025-12-23,Active
L005498,C003553,Bronze,6328,2025-08-29,Inactive
L005499,C009970,Platinum,7493,2025-08-09,Active
L005500,C003361,Bronze,2853,2026-02-07,Active
L005501,C008250,Gold,8513,2026-06-08,Active
L005502,C002411,Silver,8522,2024-11-22,Inactive
L005503,C004508,Platinum,6685,2023-07-08,Active
L005504,C008463,Gold,2152,2023-08-18,Inactive
L005505,C003983,Silver,8952,2025-11-26,Active
L005506,C000147,Platinum,2051,2024-06-14,Active
L005507,C006649,Silver,2249,2025-10-11,Inactive
L005508,C002295,Gold,790,2025-12-11,Active
L005509,C002254,Gold,2027,2026-05-06,Active
L005510,C003612,Platinum,2021,2026-06-03,Inactive
L005511,C005354,Silver,7908,2025-07-19,Active
L005512,C001737,Silver,3069,2025-09-28,Inactive
L005513,C007916,Platinum,4223,2025-11-16,Active
L005514,C007660,Silver,6844,2024-08-04,Active
L005515,C000115,Gold,2104,2025-12-13,Active
L005516,C008861,Bronze,4087,2025-09-02,Active
L005517,C005650,Silver,904,2026-04-09,Inactive
L005518,C009845,Bronze,7798,2026-05-01,Active
L005519,C000499,Gold,1174,2023-10-23,Active
L005520,C007823,Gold,8183,2026-05-03,Active
L005521,C000721,Platinum,8511,2024-04-21,Inactive
L005522,C007259,Silver,4345,2026-07-02,Inactive
L005523,C008844,Silver,7349,2024-09-25,Inactive
L005524,C005731,Gold,578,2026-04-08,Active
L005525,C003090,Gold,6954,2025-08-28,Active
L005526,C007227,Bronze,9967,2023-10-31,Active
L005527,C007307,Gold,4937,2025-08-03,Active
L005528,C006509,Bronze,3850,2024-12-20,Active
L005529,C000597,Bronze,3017,2026-06-18,Active
L005530,C009093,Gold,5617,2025-09-20,Active
L005531,C006096,Silver,438,2024-10-13,Active
L005532,C006054,Silver,4972,2023-11-28,Active
L005533,C005165,Gold,7741,2025-09-22,Active
L005534,C001648,Platinum,1076,2026-03-25,Active
L005535,C008168,Gold,5927,2023-11-25,Active
L005536,C006921,Silver,7862,2025-12-22,Active
L005537,C002701,Platinum,3804,2025-11-15,Inactive
L005538,C008204,Bronze,2503,2024-04-21,Active
L005539,C001701,Silver,6580,2023-07-07,Active
L005540,C008944,Silver,6787,2026-02-11,Active
L005541,C005405,Gold,6845,2024-05-24,Active
L005542,C007220,Bronze,658,2026-05-27,Inactive
L005543,C007503,Bronze,9629,2025-07-27,Active
L005544,C002943,Gold,3855,2025-11-11,Active
L005545,C006302,Gold,9580,2024-04-22,Inactive
L005546,C000087,Silver,6114,2023-10-09,Active
L005547,C002309,Bronze,4661,2025-05-05,Active
L005548,C002678,Gold,4742,2026-02-28,Active
L005549,C008217,Silver,8899,2022-12-17,Inactive
L005550,C007730,Silver,3253,2026-05-25,Active
L005551,C002595,Silver,4602,2025-08-09,Inactive
L005552,C005885,Bronze,313,2024-09-22,Inactive
L005553,C001030,Gold,6867,2026-03-09,Active
L005554,C000137,Gold,1879,2026-06-14,Inactive
L005555,C006832,Bronze,2739,2025-01-26,Active
L005556,C007815,Platinum,7059,2025-10-27,Active
L005557,C002855,Platinum,3991,2026-02-03,Inactive
L005558,C004410,Silver,4900,2025-07-24,Active
L005559,C001201,Platinum,1905,2025-04-06,Active
L005560,C004718,Platinum,1905,2026-06-21,Inactive
L005561,C009518,Silver,5808,2025-01-31,Inactive
L005562,C006595,Platinum,601,2026-03-18,Active
L005563,C000567,Gold,4511,2025-10-19,Active
L005564,C007329,Gold,7987,2025-02-28,Active
L005565,C005431,Silver,5125,2025-12-12,Active
L005566,C003928,Silver,6913,2025-09-16,Active
L005567,C006056,Gold,3874,2026-06-22,Inactive
L005568,C007590,Bronze,9053,2026-05-18,Active
L005569,C007123,Bronze,7779,2024-04-14,Active
L005570,C006573,Gold,5016,2022-12-05,Inactive
L005571,C006536,Bronze,9229,2025-09-17,Active
L005572,C008914,Silver,5026,2022-11-30,Inactive
L005573,C008276,Platinum,1060,2022-02-24,Inactive
L005574,C002331,Silver,2728,2022-08-12,Active
L005575,C003516,Gold,1630,2023-12-20,Active
L005576,C002188,Gold,8662,2024-08-28,Active
L005577,C000196,Gold,1551,2025-06-01,Active
L005578,C007258,Platinum,2927,2024-03-18,Active
L005579,C005667,Platinum,7653,2026-07-05,Active
L005580,C005060,Platinum,5468,2023-08-18,Active
L005581,C000803,Silver,4054,2026-05-15,Inactive
L005582,C008849,Silver,7252,2023-05-14,Inactive
L005583,C009929,Bronze,1840,2024-09-13,Active
L005584,C002069,Silver,3378,2026-05-07,Active
L005585,C009083,Gold,1470,2026-06-29,Active
L005586,C008745,Platinum,508,2025-10-26,Active
L005587,C000645,Bronze,2991,2025-08-23,Active
L005588,C009375,Silver,4544,2026-06-02,Active
L005589,C005104,Gold,6990,2024-04-15,Active
L005590,C005461,Gold,7583,2025-03-08,Active
L005591,C001638,Gold,4240,2025-05-16,Inactive
L005592,C000121,Gold,3519,2024-06-08,Active
L005593,C002982,Silver,4234,2025-08-30,Active
L005594,C005070,Bronze,4753,2024-07-06,Active
L005595,C003075,Gold,6659,2026-03-20,Active
L005596,C008928,Gold,2397,2024-03-04,Active
L005597,C003279,Platinum,4213,2026-06-11,Inactive
L005598,C002136,Bronze,9591,2025-12-23,Inactive
L005599,C008942,Gold,9837,2026-01-23,Active
L005600,C004971,Silver,3689,2025-09-12,Active
L005601,C006196,Gold,6853,2025-05-13,Active
L005602,C000135,Silver,1900,2024-02-27,Inactive
L005603,C007732,Platinum,345,2026-05-21,Active
L005604,C005325,Platinum,4560,2023-07-20,Active
L005605,C009641,Bronze,6999,2025-12-01,Active
L005606,C006161,Platinum,8723,2025-12-20,Inactive
L005607,C002560,Silver,6361,2026-03-14,Active
L005608,C000063,Gold,4987,2026-02-21,Active
L005609,C001359,Platinum,1146,2025-04-01,Inactive
L005610,C006726,Gold,4938,2022-04-12,Inactive
L005611,C002468,Gold,6788,2025-10-18,Active
L005612,C000680,Bronze,8415,2026-06-22,Active
L005613,C006798,Bronze,3062,2025-08-02,Active
L005614,C000742,Gold,3979,2023-07-26,Active
L005615,C005308,Gold,4389,2026-05-13,Active
L005616,C007628,Silver,5594,2026-04-28,Active
L005617,C003642,Silver,1263,2026-03-12,Active
L005618,C000445,Gold,8401,2023-09-26,Active
L005619,C008141,Silver,5061,2025-07-28,Active
L005620,C003259,Gold,3333,2025-01-19,Active
L005621,C004664,Platinum,5801,2022-05-01,Active
L005622,C001874,Silver,823,2023-05-13,Active
L005623,C006367,Platinum,8540,2023-10-21,Active
L005624,C002597,Gold,8700,2025-08-22,Active
L005625,C001718,Silver,1458,2026-03-25,Active
L005626,C002913,Bronze,2976,2024-03-04,Active
L005627,C002844,Silver,4248,2025-11-07,Active
L005628,C004028,Gold,8500,2022-07-03,Inactive
L005629,C005489,Bronze,7590,2025-03-17,Active
L005630,C008635,Bronze,2825,2025-10-05,Active
L005631,C008038,Gold,936,2024-08-09,Active
L005632,C009233,Gold,487,2026-04-12,Active
L005633,C000490,Silver,8562,2025-05-25,Inactive
L005634,C000494,Bronze,9646,2025-05-22,Active
L005635,C000691,Platinum,8281,2026-01-05,Active
L005636,C003822,Bronze,8399,2025-12-01,Active
L005637,C000603,Silver,2716,2026-05-09,Inactive
L005638,C001912,Platinum,2304,2022-12-06,Active
L005639,C001015,Platinum,3233,2025-01-26,Active
L005640,C006157,Gold,9359,2024-10-30,Active
L005641,C001994,Silver,5656,2025-12-11,Inactive
L005642,C005770,Bronze,5320,2025-11-27,Active
L005643,C003758,Silver,4328,2026-06-16,Active
L005644,C002367,Silver,5601,2024-11-09,Active
L005645,C005284,Platinum,3225,2023-08-07,Active
L005646,C004371,Gold,8406,2025-03-10,Inactive
L005647,C006884,Bronze,1462,2025-10-20,Active
L005648,C007012,Gold,1944,2026-06-02,Active
L005649,C001362,Silver,7786,2025-05-07,Active
L005650,C008462,Bronze,1972,2025-12-27,Active
L005651,C001527,Bronze,2808,2025-01-17,Inactive
L005652,C001328,Platinum,1976,2024-08-26,Active
L005653,C008508,Bronze,6646,2026-02-23,Active
L005654,C009032,Platinum,4042,2025-11-10,Active
L005655,C001552,Bronze,8468,2024-10-05,Active
L005656,C007770,Bronze,8618,2025-08-23,Inactive
L005657,C009909,Platinum,5123,2025-10-23,Active
L005658,C001338,Platinum,3925,2021-10-14,Inactive
L005659,C003902,Platinum,8385,2023-06-22,Active
L005660,C003011,Gold,2662,2025-03-31,Active
L005661,C005042,Silver,9622,2025-11-26,Active
L005662,C008826,Platinum,8374,2022-09-19,Active
L005663,C002251,Gold,3915,2026-04-21,Active
L005664,C006534,Platinum,4013,2026-06-07,Inactive
L005665,C005040,Bronze,9850,2025-11-15,Active
L005666,C002347,Gold,337,2024-11-24,Active
L005667,C009283,Silver,6804,2025-10-03,Active
L005668,C005486,Gold,9700,2026-04-07,Inactive
L005669,C002785,Silver,6169,2026-01-15,Active
L005670,C005120,Bronze,3638,2026-06-03,Active
L005671,C007551,Platinum,3447,2024-11-30,Inactive
L005672,C005556,Silver,1910,2024-11-23,Inactive
L005673,C005600,Gold,164,2023-04-13,Active
L005674,C007631,Bronze,7279,2026-02-22,Inactive
L005675,C000151,Bronze,3980,2025-10-01,Active
L005676,C002805,Bronze,756,2024-03-04,Active
L005677,C005875,Platinum,4339,2026-03-01,Active
L005678,C002087,Silver,1862,2025-12-16,Active
L005679,C003752,Silver,8270,2026-04-23,Inactive
L005680,C005613,Gold,8697,2025-08-31,Inactive
L005681,C002260,Gold,1973,2024-02-10,Active
L005682,C004018,Gold,9186,2024-01-08,Active
L005683,C006114,Silver,7096,2026-02-17,Inactive
L005684,C006059,Silver,6593,2023-03-20,Active
L005685,C002425,Silver,118,2024-07-10,Active
L005686,C008035,Silver,1396,2025-06-19,Active
L005687,C003857,Bronze,3529,2026-07-04,Active
L005688,C000860,Silver,8854,2025-02-02,Active
L005689,C008171,Gold,5187,2025-11-26,Active
L005690,C007592,Silver,7192,2025-11-28,Inactive
L005691,C008098,Bronze,2777,2025-10-29,Inactive
L005692,C007321,Bronze,7065,2025-10-23,Inactive
L005693,C008564,Silver,4984,2024-11-22,Active
L005694,C004740,Platinum,8311,2025-08-27,Inactive
L005695,C008595,Platinum,1086,2025-03-14,Active
L005696,C004463,Bronze,3251,2025-12-06,Inactive
L005697,C005529,Bronze,8252,2026-05-03,Inactive
L005698,C001365,Gold,7284,2026-06-12,Active
L005699,C001780,Platinum,9180,2025-07-13,Active
L005700,C009222,Gold,6172,2022-03-15,Active
L005701,C004786,Platinum,1698,2025-04-25,Active
L005702,C006335,Bronze,4454,2025-12-07,Inactive
L005703,C001819,Bronze,428,2024-11-28,Active
L005704,C007800,Bronze,615,2025-12-24,Active
L005705,C004938,Platinum,4108,2023-04-29,Active
L005706,C002705,Silver,2905,2025-10-13,Active
L005707,C005286,Silver,3215,2025-05-21,Active
L005708,C000176,Gold,7914,2026-01-11,Active
L005709,C007482,Gold,663,2026-02-22,Active
L005710,C002094,Silver,944,2025-05-26,Active
L005711,C008751,Gold,909,2024-05-15,Active
L005712,C003492,Bronze,6115,2024-04-13,Inactive
L005713,C001921,Silver,5321,2026-01-10,Active
L005714,C000083,Silver,6101,2025-08-01,Active
L005715,C000817,Bronze,5469,2026-03-24,Active
L005716,C008602,Gold,5259,2025-07-02,Active
L005717,C007355,Silver,2456,2025-03-24,Inactive
L005718,C004397,Bronze,1704,2024-09-05,Active
L005719,C009182,Bronze,5925,2026-01-20,Inactive
L005720,C005569,Silver,7999,2025-08-30,Active
L005721,C000284,Gold,229,2024-03-08,Inactive
L005722,C004121,Bronze,2677,2022-06-23,Inactive
L005723,C007481,Platinum,820,2026-05-28,Active
L005724,C000610,Bronze,4808,2024-12-04,Inactive
L005725,C002916,Bronze,8323,2026-07-05,Active
L005726,C001814,Bronze,5969,2026-03-13,Inactive
L005727,C001272,Platinum,4567,2023-06-10,Active
L005728,C005925,Platinum,3585,2026-06-19,Inactive
L005729,C009596,Gold,6712,2026-01-22,Active
L005730,C002995,Silver,6758,2026-07-06,Active
L005731,C007110,Gold,3496,2023-06-14,Active
L005732,C008614,Platinum,8739,2025-05-02,Active
L005733,C007357,Platinum,1485,2026-05-26,Active
L005734,C002643,Bronze,7138,2025-01-16,Inactive
L005735,C006554,Silver,8385,2025-10-13,Inactive
L005736,C004509,Gold,3610,2026-06-25,Inactive
L005737,C002306,Platinum,781,2023-12-02,Active
L005738,C006503,Silver,6677,2026-05-07,Active
L005739,C006261,Platinum,7240,2022-12-19,Active
L005740,C004196,Platinum,6942,2025-11-05,Inactive
L005741,C005563,Silver,3328,2025-12-17,Inactive
L005742,C004841,Gold,3445,2024-03-18,Active
L005743,C004656,Bronze,4365,2023-02-19,Inactive
L005744,C008148,Gold,3716,2025-08-08,Active
L005745,C004169,Silver,4683,2026-01-26,Active
L005746,C003850,Silver,5147,2024-10-26,Inactive
L005747,C009848,Platinum,9773,2026-06-28,Active
L005748,C008402,Gold,4106,2026-01-08,Active
L005749,C005254,Bronze,2367,2025-10-12,Inactive
L005750,C007885,Platinum,5346,2025-09-20,Active
L005751,C005534,Gold,1368,2024-12-07,Inactive
L005752,C002415,Platinum,501,2025-02-12,Active
L005753,C003555,Platinum,7629,2021-12-30,Active
L005754,C004692,Silver,2083,2026-05-25,Active
L005755,C004499,Bronze,4230,2024-11-02,Inactive
L005756,C002196,Silver,5461,2025-05-16,Active
L005757,C005046,Platinum,203,2026-02-08,Active
L005758,C002601,Platinum,3146,2024-03-05,Active
L005759,C001519,Bronze,8719,2024-11-08,Active
L005760,C004765,Platinum,3512,2022-04-12,Active
L005761,C004315,Bronze,4688,2024-07-20,Active
L005762,C003367,Silver,398,2025-04-12,Active
L005763,C006066,Gold,7984,2025-12-22,Inactive
L005764,C006583,Silver,8578,2025-10-15,Active
L005765,C002634,Gold,3330,2023-02-28,Active
L005766,C007338,Silver,5120,2025-02-22,Active
L005767,C005634,Platinum,5209,2025-05-27,Active
L005768,C009169,Bronze,3122,2024-05-25,Inactive
L005769,C008790,Platinum,7027,2024-10-10,Inactive
L005770,C002435,Silver,2947,2025-10-13,Active
L005771,C008278,Silver,6523,2026-01-03,Inactive
L005772,C006759,Gold,921,2026-02-12,Active
L005773,C006612,Bronze,6332,2026-03-18,Active
L005774,C004521,Gold,5353,2026-01-03,Active
L005775,C005588,Silver,5953,2025-09-15,Active
L005776,C003546,Gold,1588,2026-02-07,Active
L005777,C005966,Gold,3941,2025-11-17,Inactive
L005778,C005993,Bronze,751,2026-01-07,Inactive
L005779,C008806,Gold,9998,2026-03-26,Inactive
L005780,C005532,Gold,4958,2025-07-16,Active
L005781,C005445,Gold,1089,2026-03-18,Active
L005782,C000518,Gold,7254,2026-03-12,Active
L005783,C006111,Bronze,894,2023-04-11,Active
L005784,C006865,Gold,4442,2023-07-24,Active
L005785,C007961,Bronze,2155,2025-02-17,Active
L005786,C001416,Bronze,6183,2026-03-31,Inactive
L005787,C004665,Bronze,8444,2025-03-23,Inactive
L005788,C004457,Bronze,583,2024-05-21,Active
L005789,C002762,Silver,5120,2025-01-08,Inactive
L005790,C004856,Silver,9075,2024-11-27,Active
L005791,C000128,Platinum,8162,2025-11-30,Active
L005792,C003475,Platinum,163,2026-03-24,Active
L005793,C007970,Bronze,9273,2025-03-05,Inactive
L005794,C004311,Gold,1643,2023-04-05,Active
L005795,C002439,Bronze,2010,2024-01-22,Inactive
L005796,C003766,Gold,3429,2025-08-10,Active
L005797,C006877,Platinum,251,2026-05-17,Active
L005798,C005897,Platinum,8970,2025-07-31,Active
L005799,C005841,Platinum,9167,2025-06-28,Active
L005800,C008843,Platinum,7803,2026-02-19,Inactive
L005801,C009771,Gold,1920,2025-01-01,Active
L005802,C001474,Silver,796,2022-12-28,Active
L005803,C004822,Platinum,6683,2026-05-27,Inactive
L005804,C006916,Silver,1044,2026-06-25,Inactive
L005805,C003561,Bronze,6147,2021-09-18,Active
L005806,C003952,Platinum,5374,2026-02-08,Active
L005807,C000050,Gold,9475,2026-06-21,Active
L005808,C005438,Gold,6856,2026-03-23,Active
L005809,C009898,Platinum,6521,2024-07-18,Active
L005810,C000888,Silver,3337,2024-04-02,Active
L005811,C002617,Silver,1647,2025-12-04,Active
L005812,C000517,Platinum,3333,2026-06-20,Active
L005813,C003169,Bronze,5521,2023-03-31,Active
L005814,C002950,Silver,960,2025-10-29,Active
L005815,C001425,Gold,3462,2025-07-03,Inactive
L005816,C000140,Bronze,2976,2025-02-06,Inactive
L005817,C001925,Gold,8340,2025-08-31,Active
L005818,C002379,Platinum,454,2023-04-22,Active
L005819,C003198,Bronze,6207,2025-05-02,Active
L005820,C005132,Platinum,7735,2026-04-11,Active
L005821,C000113,Silver,5356,2026-06-19,Active
L005822,C004560,Gold,221,2022-06-02,Inactive
L005823,C004596,Bronze,7688,2026-06-01,Active
L005824,C007998,Bronze,5376,2023-11-22,Active
L005825,C003251,Silver,4940,2025-11-04,Active
L005826,C004691,Platinum,8632,2025-11-20,Active
L005827,C008116,Bronze,6437,2024-05-26,Active
L005828,C007768,Bronze,8863,2025-11-16,Active
L005829,C004547,Gold,7365,2022-09-27,Active
L005830,C007085,Gold,8270,2024-05-27,Active
L005831,C003278,Silver,7908,2022-09-09,Active
L005832,C007543,Silver,8139,2022-03-11,Active
L005833,C006594,Gold,1013,2024-09-08,Active
L005834,C004069,Gold,7452,2025-11-11,Active
L005835,C004409,Platinum,1189,2025-06-22,Active
L005836,C008645,Silver,9335,2026-03-04,Active
L005837,C008589,Gold,1564,2025-10-12,Inactive
L005838,C007385,Bronze,3644,2026-06-30,Active
L005839,C003223,Bronze,5485,2025-09-18,Active
L005840,C008211,Platinum,4217,2025-10-06,Active
L005841,C000452,Gold,8930,2024-10-30,Active
L005842,C003732,Gold,1767,2023-10-21,Inactive
L005843,C008954,Platinum,1951,2025-05-08,Active
L005844,C004987,Platinum,6764,2026-06-28,Active
L005845,C003664,Bronze,1246,2025-12-29,Active
L005846,C002764,Bronze,1379,2023-08-13,Inactive
L005847,C000659,Platinum,2867,2024-11-28,Active
L005848,C007679,Silver,8778,2025-03-11,Active
L005849,C007677,Bronze,4820,2025-01-14,Inactive
L005850,C004621,Platinum,7464,2026-02-16,Inactive
L005851,C001000,Bronze,4908,2025-12-16,Active
L005852,C000390,Platinum,2692,2024-02-04,Active
L005853,C003408,Bronze,5551,2024-08-03,Inactive
L005854,C001477,Platinum,343,2025-01-05,Active
L005855,C002241,Gold,9614,2025-07-14,Active
L005856,C002387,Platinum,8564,2024-02-14,Active
L005857,C009140,Silver,8212,2025-12-18,Active
L005858,C000993,Bronze,1717,2022-09-29,Active
L005859,C004998,Gold,434,2026-05-06,Active
L005860,C003923,Gold,8312,2026-06-16,Active
L005861,C002973,Bronze,6837,2025-11-07,Active
L005862,C003387,Gold,4995,2022-03-01,Active
L005863,C007886,Silver,6172,2025-10-28,Active
L005864,C008813,Platinum,4386,2025-06-28,Active
L005865,C004770,Bronze,1737,2026-05-01,Inactive
L005866,C001294,Silver,8082,2026-06-18,Inactive
L005867,C001825,Gold,4669,2024-07-30,Active
L005868,C002874,Gold,6814,2025-06-21,Active
L005869,C004174,Platinum,2647,2026-01-29,Active
L005870,C002536,Silver,1977,2025-12-26,Inactive
L005871,C009133,Bronze,4884,2026-02-04,Active
L005872,C001908,Silver,5759,2025-02-23,Active
L005873,C000043,Bronze,1675,2025-06-08,Active
L005874,C009492,Silver,4439,2026-06-21,Active
L005875,C000369,Platinum,7842,2025-04-15,Active
L005876,C001152,Silver,8107,2026-03-21,Active
L005877,C007753,Gold,8044,2026-01-28,Active
L005878,C006359,Silver,5337,2026-06-30,Active
L005879,C005913,Gold,1828,2023-11-19,Inactive
L005880,C006508,Platinum,4659,2025-08-04,Inactive
L005881,C007526,Gold,4436,2025-09-16,Active
L005882,C004161,Silver,6295,2026-05-09,Active
L005883,C004288,Platinum,3261,2022-07-06,Active
L005884,C007776,Bronze,357,2025-08-28,Active
L005885,C006715,Bronze,3867,2025-08-31,Active
L005886,C000175,Platinum,7162,2026-03-13,Inactive
L005887,C001904,Platinum,3424,2026-04-22,Active
L005888,C001100,Bronze,4526,2024-11-25,Inactive
L005889,C008115,Bronze,1931,2023-09-28,Active
L005890,C003409,Silver,43,2026-03-11,Active
L005891,C001539,Silver,9792,2026-06-18,Inactive
L005892,C002293,Silver,7460,2024-02-01,Active
L005893,C009301,Bronze,7904,2025-02-11,Active
L005894,C001364,Gold,484,2025-05-09,Inactive
L005895,C007189,Platinum,2604,2025-02-07,Inactive
L005896,C006628,Gold,5623,2025-11-29,Active
L005897,C005261,Gold,5509,2026-05-03,Active
L005898,C006816,Platinum,6508,2026-05-12,Active
L005899,C009462,Gold,5404,2025-03-23,Active
L005900,C000681,Gold,324,2025-09-21,Active
L005901,C009316,Platinum,6936,2026-01-19,Active
L005902,C009299,Platinum,7971,2024-03-07,Active
L005903,C003665,Platinum,6474,2024-06-26,Active
L005904,C001662,Silver,6481,2026-06-19,Active
L005905,C000509,Bronze,2272,2024-09-07,Active
L005906,C000167,Silver,9647,2024-01-17,Active
L005907,C005498,Platinum,3620,2022-11-08,Active
L005908,C008300,Gold,5679,2025-08-26,Active
L005909,C001007,Gold,658,2022-06-19,Active
L005910,C009740,Gold,3126,2025-03-19,Active
L005911,C001915,Silver,1096,2026-02-01,Active
L005912,C003495,Bronze,4386,2025-12-15,Active
L005913,C009634,Gold,2354,2025-06-09,Active
L005914,C009751,Gold,9926,2026-05-15,Active
L005915,C006445,Platinum,2630,2025-05-16,Active
L005916,C004991,Platinum,517,2026-03-29,Active
L005917,C002537,Bronze,9801,2026-06-28,Inactive
L005918,C001105,Silver,1863,2026-04-24,Inactive
L005919,C003876,Platinum,3934,2025-05-16,Active
L005920,C007524,Platinum,5402,2026-06-15,Inactive
L005921,C001753,Bronze,7403,2024-08-31,Active
L005922,C005311,Platinum,7328,2023-10-05,Active
L005923,C007297,Platinum,3356,2026-05-24,Active
L005924,C002917,Gold,4644,2026-04-03,Active
L005925,C008975,Gold,9041,2026-02-26,Active
L005926,C005755,Gold,6337,2025-06-24,Active
L005927,C000153,Gold,7448,2026-04-22,Inactive
L005928,C007691,Platinum,70,2024-07-03,Active
L005929,C005680,Silver,7582,2026-05-19,Inactive
L005930,C003908,Platinum,5996,2021-12-25,Active
L005931,C009136,Gold,7343,2026-03-08,Active
L005932,C002553,Bronze,7709,2023-10-12,Inactive
L005933,C002774,Silver,7973,2026-06-02,Active
L005934,C006099,Silver,1099,2025-04-26,Active
L005935,C003552,Platinum,7481,2023-03-07,Active
L005936,C003723,Bronze,6560,2026-03-15,Active
L005937,C009871,Silver,4116,2026-04-08,Active
L005938,C000521,Gold,2741,2025-11-20,Inactive
L005939,C008034,Platinum,1107,2025-03-10,Active
L005940,C004539,Silver,4672,2026-04-30,Active
L005941,C006779,Bronze,8690,2026-04-20,Active
L005942,C001823,Gold,710,2024-08-18,Active
L005943,C004087,Gold,9841,2024-07-02,Active
L005944,C006149,Bronze,7335,2024-04-04,Active
L005945,C008743,Platinum,7121,2026-06-11,Active
L005946,C009473,Bronze,2233,2022-01-02,Inactive
L005947,C007742,Platinum,42,2022-12-15,Inactive
L005948,C000310,Gold,9422,2026-05-27,Active
L005949,C007721,Silver,6902,2025-10-27,Active
L005950,C008223,Bronze,5405,2024-04-19,Inactive
L005951,C008657,Bronze,6989,2023-10-21,Inactive
L005952,C003600,Silver,9799,2026-03-02,Active
L005953,C003623,Silver,7233,2026-07-02,Inactive
L005954,C003812,Bronze,7449,2026-02-22,Inactive
L005955,C003451,Platinum,3500,2025-05-19,Active
L005956,C004592,Silver,7556,2023-08-03,Active
L005957,C000206,Platinum,9378,2026-06-02,Active
L005958,C009841,Bronze,9375,2026-01-15,Active
L005959,C001136,Gold,9277,2025-04-26,Active
L005960,C009385,Gold,5485,2026-02-10,Active
L005961,C002750,Silver,2145,2026-04-06,Active
L005962,C003614,Gold,6555,2026-01-05,Inactive
L005963,C000306,Gold,108,2024-09-08,Active
L005964,C001850,Gold,1649,2025-09-03,Inactive
L005965,C007670,Silver,1637,2024-09-16,Active
L005966,C001989,Silver,8483,2025-12-20,Active
L005967,C003241,Bronze,1872,2025-09-21,Inactive
L005968,C002799,Platinum,2675,2023-11-17,Inactive
L005969,C004516,Platinum,7822,2024-07-26,Inactive
L005970,C005631,Silver,212,2024-09-30,Active
L005971,C009373,Silver,9433,2025-12-26,Active
L005972,C003110,Gold,4355,2026-05-16,Active
L005973,C004940,Platinum,3901,2026-01-12,Active
L005974,C004060,Bronze,3086,2026-03-26,Active
L005975,C001988,Silver,3744,2025-04-27,Active
L005976,C007158,Silver,2638,2023-12-11,Active
L005977,C008875,Platinum,8673,2023-09-19,Active
L005978,C006614,Platinum,5909,2025-12-22,Active
L005979,C000384,Silver,2963,2024-11-22,Inactive
L005980,C005635,Gold,2883,2024-11-16,Active
L005981,C004308,Silver,4749,2026-03-20,Inactive
L005982,C003389,Bronze,955,2026-03-29,Active
L005983,C003157,Platinum,3817,2026-03-20,Active
L005984,C009996,Platinum,9801,2026-06-29,Inactive
L005985,C002728,Gold,7852,2026-01-14,Active
L005986,C006334,Bronze,3225,2025-01-25,Active
L005987,C009900,Silver,2797,2024-04-20,Inactive
L005988,C008752,Platinum,6535,2026-05-24,Active
L005989,C008303,Platinum,4561,2025-02-05,Active
L005990,C006038,Bronze,4497,2026-05-24,Active
L005991,C003833,Platinum,6874,2024-03-04,Inactive
L005992,C008918,Platinum,4973,2024-12-16,Active
L005993,C004777,Platinum,5568,2025-03-16,Active
L005994,C004277,Platinum,5243,2025-08-06,Inactive
L005995,C000254,Platinum,3681,2025-08-09,Active
L005996,C007896,Bronze,5820,2025-07-05,Active
L005997,C009591,Gold,6894,2026-06-25,Active
L005998,C007289,Silver,5048,2023-03-08,Active
L005999,C000279,Silver,2912,2026-07-01,Active
L006000,C003253,Bronze,9889,2025-05-16,Active
L006001,C002481,Platinum,3562,2026-04-29,Active
L006002,C000290,Bronze,959,2025-03-11,Active
L006003,C006087,Platinum,7898,2025-06-13,Active
L006004,C003076,Platinum,7985,2026-05-24,Inactive
L006005,C008124,Gold,2074,2026-04-16,Active
L006006,C007599,Gold,5714,2025-12-13,Inactive
L006007,C006404,Platinum,3526,2022-02-16,Active
L006008,C005090,Platinum,5493,2025-12-24,Active
L006009,C007284,Bronze,9540,2024-05-17,Inactive
L006010,C009718,Silver,9224,2024-05-15,Active
L006011,C008403,Platinum,7449,2024-09-08,Active
L006012,C006122,Gold,5789,2022-12-08,Active
L006013,C007755,Gold,6320,2025-03-14,Inactive
L006014,C000271,Silver,9020,2026-05-22,Active
L006015,C006010,Silver,784,2025-09-15,Active
L006016,C004571,Bronze,576,2025-09-14,Active
L006017,C009117,Gold,6656,2026-07-06,Inactive
L006018,C009804,Platinum,2212,2026-01-23,Inactive
L006019,C002972,Bronze,9111,2025-09-25,Active
L006020,C006194,Platinum,6706,2025-10-07,Inactive
L006021,C008769,Platinum,4449,2025-11-17,Active
L006022,C004208,Platinum,8018,2025-07-30,Active
L006023,C003219,Platinum,5004,2026-05-31,Inactive
L006024,C001392,Gold,9173,2026-06-24,Inactive
L006025,C003976,Bronze,695,2023-11-12,Active
L006026,C004317,Silver,6376,2026-06-24,Inactive
L006027,C007960,Silver,4542,2025-12-15,Active
L006028,C007345,Bronze,2614,2023-11-08,Active
L006029,C007449,Bronze,5689,2025-11-01,Active
L006030,C000084,Platinum,9992,2025-01-20,Inactive
L006031,C000874,Bronze,6894,2024-07-24,Active
L006032,C009606,Platinum,5295,2024-04-04,Active
L006033,C007636,Silver,3076,2024-12-03,Inactive
L006034,C004558,Silver,1512,2024-08-02,Active
L006035,C004501,Bronze,505,2026-01-13,Active
L006036,C004648,Platinum,496,2025-12-09,Inactive
L006037,C002039,Gold,7263,2024-05-17,Inactive
L006038,C009695,Bronze,9996,2023-02-04,Active
L006039,C006910,Gold,972,2024-07-15,Active
L006040,C002451,Silver,8357,2023-09-10,Active
L006041,C003955,Platinum,2467,2024-02-03,Active
L006042,C002330,Bronze,8562,2025-07-30,Active
L006043,C009125,Gold,4098,2023-09-27,Active
L006044,C007045,Silver,4605,2026-01-02,Active
L006045,C005043,Bronze,7998,2024-11-16,Active
L006046,C009365,Platinum,5144,2023-03-01,Active
L006047,C004747,Gold,6771,2026-06-24,Active
L006048,C009368,Silver,1610,2025-07-07,Inactive
L006049,C009403,Platinum,5050,2024-05-16,Active
L006050,C006492,Bronze,1851,2025-07-28,Inactive
L006051,C006638,Bronze,3684,2025-05-30,Active
L006052,C007226,Platinum,9970,2025-02-20,Inactive
L006053,C002402,Platinum,7541,2026-05-19,Active
L006054,C005521,Gold,7216,2026-06-28,Active
L006055,C001217,Gold,8885,2025-06-10,Active
L006056,C008696,Platinum,7072,2026-05-01,Active
L006057,C006021,Bronze,2643,2024-07-12,Inactive
L006058,C006866,Bronze,6109,2024-11-28,Active
L006059,C001065,Bronze,8655,2025-07-28,Inactive
L006060,C003787,Bronze,5082,2026-05-25,Active
L006061,C004411,Bronze,8043,2026-01-17,Active
L006062,C006860,Silver,373,2026-01-16,Inactive
L006063,C006761,Gold,3486,2025-03-04,Active
L006064,C005524,Bronze,748,2026-02-05,Inactive
L006065,C005997,Silver,8707,2025-05-01,Active
L006066,C008834,Platinum,2103,2025-06-18,Active
L006067,C005889,Silver,8507,2024-11-17,Inactive
L006068,C002162,Platinum,9359,2025-06-07,Active
L006069,C003009,Gold,2631,2024-09-22,Active
L006070,C001106,Bronze,8955,2026-05-25,Active
L006071,C006655,Silver,9605,2025-10-24,Active
L006072,C000693,Bronze,6398,2025-09-14,Active
L006073,C009958,Platinum,3823,2026-06-14,Active
L006074,C004957,Bronze,3746,2023-11-09,Active
L006075,C006598,Gold,1556,2025-10-30,Active
L006076,C008481,Platinum,2979,2026-05-21,Active
L006077,C004370,Platinum,6454,2026-04-01,Active
L006078,C002766,Gold,6906,2023-12-10,Active
L006079,C003930,Platinum,129,2023-07-31,Active
L006080,C007135,Silver,6938,2025-02-12,Active
L006081,C008736,Silver,8344,2026-06-20,Active
L006082,C007531,Platinum,4617,2025-01-05,Active
L006083,C007529,Gold,6915,2026-01-25,Inactive
L006084,C000629,Platinum,6808,2026-06-03,Inactive
L006085,C002452,Bronze,115,2026-05-22,Active
L006086,C006240,Bronze,7707,2026-06-25,Inactive
L006087,C007013,Gold,4457,2024-07-13,Active
L006088,C003825,Bronze,1300,2026-06-24,Inactive
L006089,C008978,Platinum,5791,2023-11-13,Active
L006090,C002653,Silver,9912,2023-09-05,Active
L006091,C009108,Platinum,1604,2023-09-10,Active
L006092,C003744,Gold,9488,2026-03-31,Active
L006093,C002177,Gold,518,2025-12-14,Active
L006094,C009907,Gold,1935,2025-10-23,Active
L006095,C009264,Bronze,5193,2026-06-22,Active
L006096,C003319,Bronze,3159,2025-07-28,Active
L006097,C006344,Gold,4734,2024-12-21,Active
L006098,C002788,Silver,5547,2026-04-30,Active
L006099,C004106,Platinum,4835,2025-11-25,Active
L006100,C006356,Platinum,9986,2026-06-27,Active
L006101,C001677,Bronze,9995,2024-10-24,Active
L006102,C003948,Silver,1086,2024-11-30,Active
L006103,C004445,Silver,7454,2026-01-03,Inactive
L006104,C002937,Bronze,796,2023-12-02,Inactive
L006105,C009006,Bronze,2370,2025-02-25,Active
L006106,C007767,Silver,5617,2025-11-15,Active
L006107,C005723,Platinum,5872,2024-03-14,Active
L006108,C007442,Bronze,5545,2023-04-25,Active
L006109,C002504,Platinum,8322,2025-10-17,Active
L006110,C008483,Silver,7109,2022-12-03,Inactive
L006111,C002370,Bronze,6190,2025-07-19,Active
L006112,C004968,Silver,7759,2026-06-17,Inactive
L006113,C005884,Platinum,9217,2025-12-05,Inactive
L006114,C002218,Gold,3240,2025-03-04,Active
L006115,C005848,Bronze,4924,2025-09-30,Active
L006116,C002219,Platinum,1103,2025-09-29,Active
L006117,C003327,Silver,3005,2026-03-22,Active
L006118,C006734,Platinum,5584,2025-03-17,Inactive
L006119,C003584,Bronze,1566,2022-08-19,Active
L006120,C009825,Gold,2626,2024-06-13,Active
L006121,C003620,Gold,9826,2023-08-22,Active
L006122,C007708,Bronze,4470,2025-10-25,Active
L006123,C006433,Gold,4581,2025-10-26,Inactive
L006124,C003116,Bronze,3846,2024-09-06,Active
L006125,C000086,Bronze,26,2026-04-26,Active
L006126,C005974,Platinum,4671,2025-06-12,Active
L006127,C002802,Bronze,4888,2023-06-27,Active
L006128,C003672,Silver,625,2023-09-08,Active
L006129,C003668,Silver,4303,2025-09-05,Active
L006130,C009795,Silver,9778,2024-06-01,Active
L006131,C005159,Silver,6565,2025-04-23,Active
L006132,C005726,Gold,5289,2023-08-11,Active
L006133,C004591,Gold,9641,2024-08-21,Inactive
L006134,C002020,Bronze,2815,2026-01-15,Active
L006135,C007832,Platinum,8090,2025-10-12,Inactive
L006136,C002526,Bronze,6452,2023-11-24,Active
L006137,C008287,Silver,5971,2025-08-22,Active
L006138,C009207,Silver,9548,2025-07-22,Active
L006139,C003213,Gold,6706,2025-07-11,Active
L006140,C000520,Gold,2240,2025-12-03,Active
L006141,C005367,Bronze,5419,2023-03-18,Active
L006142,C006763,Bronze,5844,2026-01-15,Active
L006143,C002896,Bronze,4529,2026-03-24,Active
L006144,C000245,Bronze,3916,2022-01-19,Active
L006145,C005931,Bronze,1546,2025-03-13,Active
L006146,C004715,Silver,9711,2026-06-23,Active
L006147,C009568,Platinum,2659,2025-10-06,Active
L006148,C003426,Bronze,2267,2025-03-08,Active
L006149,C006932,Gold,493,2024-08-02,Active
L006150,C006721,Bronze,417,2024-07-25,Inactive
L006151,C007411,Silver,24,2024-03-07,Active
L006152,C006178,Platinum,8293,2025-01-19,Active
L006153,C007251,Silver,7157,2026-04-21,Inactive
L006154,C005510,Gold,8586,2026-04-18,Inactive
L006155,C002002,Platinum,1,2025-11-12,Active
L006156,C000886,Silver,4569,2025-09-17,Active
L006157,C000870,Silver,6045,2024-09-01,Active
L006158,C009689,Platinum,6548,2023-05-19,Inactive
L006159,C005721,Gold,3859,2025-05-23,Active
L006160,C000357,Gold,5111,2024-10-14,Active
L006161,C009908,Bronze,6146,2026-05-07,Active
L006162,C005452,Gold,615,2023-09-17,Inactive
L006163,C008194,Platinum,5996,2025-11-22,Active
L006164,C006439,Silver,961,2026-05-09,Inactive
L006165,C007705,Silver,9467,2026-01-18,Inactive
L006166,C001276,Bronze,924,2026-06-09,Active
L006167,C001891,Platinum,8521,2025-09-08,Active
L006168,C008687,Silver,3697,2025-03-17,Active
L006169,C006569,Bronze,6112,2024-09-15,Active
L006170,C009624,Platinum,8954,2024-05-17,Active
L006171,C003564,Gold,3648,2026-04-26,Active
L006172,C005788,Bronze,4053,2024-03-13,Active
L006173,C004959,Platinum,2776,2026-04-11,Inactive
L006174,C001547,Bronze,3680,2025-05-22,Inactive
L006175,C002381,Gold,4029,2026-01-03,Active
L006176,C003824,Gold,9941,2026-03-11,Active
L006177,C003233,Platinum,9589,2023-12-02,Active
L006178,C008400,Bronze,3564,2026-06-01,Active
L006179,C003307,Gold,7238,2026-01-19,Active
L006180,C000493,Platinum,9864,2023-07-08,Active
L006181,C003500,Silver,1269,2024-06-04,Active
L006182,C006665,Bronze,4897,2022-05-28,Active
L006183,C001117,Silver,1879,2023-01-30,Active
L006184,C005638,Gold,7437,2026-03-19,Inactive
L006185,C008775,Gold,3277,2022-02-21,Inactive
L006186,C006147,Gold,2256,2025-07-24,Active
L006187,C009868,Silver,4205,2026-04-19,Active
L006188,C008776,Bronze,326,2025-01-04,Active
L006189,C006708,Platinum,1419,2024-09-12,Active
L006190,C009949,Platinum,9260,2025-12-20,Inactive
L006191,C007966,Silver,358,2025-12-21,Active
L006192,C003646,Platinum,6082,2026-06-02,Inactive
L006193,C002501,Gold,9326,2023-10-01,Active
L006194,C005678,Bronze,6121,2024-11-11,Active
L006195,C005242,Silver,579,2025-09-04,Active
L006196,C006519,Platinum,4015,2025-05-16,Inactive
L006197,C002784,Gold,8468,2022-05-11,Active
L006198,C006159,Platinum,2383,2026-05-05,Active
L006199,C003810,Bronze,740,2023-12-12,Active
L006200,C009429,Bronze,9472,2021-09-10,Active
L006201,C009525,Bronze,6995,2025-02-22,Active
L006202,C008600,Silver,848,2025-01-07,Inactive
L006203,C001697,Platinum,3082,2026-07-01,Active
L006204,C005686,Silver,2857,2026-06-21,Inactive
L006205,C008368,Gold,5708,2026-05-30,Active
L006206,C005940,Platinum,8163,2026-03-01,Active
L006207,C002053,Silver,5311,2024-09-04,Inactive
L006208,C001777,Bronze,2198,2025-08-20,Active
L006209,C006561,Gold,347,2026-05-11,Active
L006210,C003314,Bronze,5709,2025-03-05,Active
L006211,C004782,Silver,1265,2026-04-17,Inactive
L006212,C008539,Platinum,4583,2026-05-12,Active
L006213,C006782,Platinum,5471,2024-11-20,Inactive
L006214,C001593,Silver,2280,2026-04-14,Active
L006215,C001724,Bronze,659,2025-12-15,Active
L006216,C000216,Platinum,5347,2024-12-20,Active
L006217,C006327,Bronze,9681,2025-10-26,Active
L006218,C008257,Gold,8688,2026-05-06,Active
L006219,C000491,Platinum,2621,2025-11-20,Active
L006220,C009134,Gold,3377,2026-03-09,Inactive
L006221,C003484,Platinum,1445,2026-01-25,Active
L006222,C005103,Silver,5956,2026-04-22,Active
L006223,C005188,Bronze,8074,2024-11-09,Active
L006224,C003432,Bronze,4936,2025-11-22,Active
L006225,C009199,Bronze,7083,2025-12-24,Active
L006226,C007711,Gold,4295,2025-07-19,Active
L006227,C005514,Silver,1351,2024-01-11,Active
L006228,C000026,Platinum,2168,2024-07-08,Active
L006229,C003513,Bronze,8764,2024-08-28,Active
L006230,C002410,Silver,5828,2023-11-26,Active
L006231,C003271,Gold,1725,2022-12-21,Inactive
L006232,C005210,Bronze,9733,2022-10-26,Active
L006233,C008712,Bronze,1405,2023-08-21,Active
L006234,C001553,Bronze,2997,2024-05-30,Active
L006235,C009198,Gold,5388,2025-03-31,Active
L006236,C008622,Gold,2443,2026-02-03,Active
L006237,C003872,Silver,2931,2023-03-19,Active
L006238,C003403,Silver,5892,2025-11-10,Active
L006239,C004530,Bronze,9710,2026-04-09,Active
L006240,C000980,Silver,5201,2024-02-06,Inactive
L006241,C002656,Platinum,5605,2026-03-14,Active
L006242,C001848,Silver,8933,2026-01-03,Active
L006243,C007965,Platinum,8889,2026-04-21,Active
L006244,C008241,Silver,2112,2024-03-24,Active
L006245,C007146,Gold,249,2022-06-30,Active
L006246,C007300,Platinum,8317,2024-04-07,Active
L006247,C005722,Silver,1900,2023-12-29,Inactive
L006248,C000516,Bronze,1542,2026-02-17,Active
L006249,C008746,Platinum,5320,2026-06-20,Inactive
L006250,C008298,Silver,8604,2026-04-16,Active
L006251,C001103,Bronze,8717,2026-06-28,Active
L006252,C003277,Silver,4994,2026-06-02,Active
L006253,C007218,Silver,4003,2025-03-17,Active
L006254,C007390,Bronze,6868,2025-12-15,Active
L006255,C009078,Silver,7815,2026-02-03,Active
L006256,C008338,Silver,8107,2026-04-13,Inactive
L006257,C003997,Silver,4775,2024-06-23,Active
L006258,C000195,Platinum,4666,2026-01-02,Inactive
L006259,C004712,Gold,1017,2022-10-31,Inactive
L006260,C000644,Gold,442,2026-06-22,Active
L006261,C009090,Silver,3800,2023-05-18,Active
L006262,C003286,Bronze,4732,2025-10-09,Active
L006263,C003117,Gold,7920,2026-06-01,Active
L006264,C006477,Bronze,1488,2025-12-05,Inactive
L006265,C003576,Gold,8934,2025-07-10,Inactive
L006266,C009024,Silver,4093,2025-12-05,Inactive
L006267,C004321,Platinum,5818,2023-03-04,Active
L006268,C009993,Platinum,7649,2024-12-11,Active
L006269,C002208,Platinum,2920,2024-06-23,Active
L006270,C004553,Bronze,4960,2025-06-15,Active
L006271,C007317,Silver,8405,2025-10-08,Active
L006272,C003719,Platinum,1943,2026-06-27,Active
L006273,C000973,Gold,6001,2025-10-12,Active
L006274,C004580,Bronze,7501,2023-11-03,Active
L006275,C000720,Silver,4994,2022-01-19,Active
L006276,C009018,Gold,4696,2025-10-23,Active
L006277,C006156,Platinum,1786,2026-03-10,Active
L006278,C009431,Platinum,704,2026-05-26,Active
L006279,C003897,Gold,6505,2025-12-31,Active
L006280,C002804,Silver,1860,2023-03-23,Inactive
L006281,C002567,Silver,5895,2026-04-14,Active
L006282,C004026,Platinum,527,2026-05-31,Active
L006283,C006199,Silver,6777,2024-09-07,Inactive
L006284,C000033,Bronze,6491,2025-12-16,Inactive
L006285,C008308,Silver,739,2025-09-20,Active
L006286,C008832,Silver,1172,2025-10-27,Active
L006287,C009819,Silver,2225,2025-04-04,Active
L006288,C004064,Silver,3269,2026-05-08,Active
L006289,C008949,Platinum,4412,2025-09-26,Active
L006290,C005541,Bronze,7076,2026-05-11,Active
L006291,C001698,Silver,6390,2026-02-19,Inactive
L006292,C002793,Bronze,8490,2024-04-20,Active
L006293,C002223,Platinum,5472,2025-09-06,Active
L006294,C005819,Platinum,7340,2024-03-30,Active
L006295,C009663,Platinum,7049,2026-06-21,Active
L006296,C003765,Platinum,6550,2025-01-03,Active
L006297,C003867,Gold,4376,2024-01-22,Active
L006298,C006422,Gold,6594,2022-04-05,Active
L006299,C009400,Bronze,4288,2026-02-25,Active
L006300,C008939,Bronze,139,2025-03-14,Active
L006301,C006672,Platinum,4906,2023-07-31,Active
L006302,C007979,Bronze,1755,2023-07-11,Inactive
L006303,C003759,Silver,2680,2025-09-25,Inactive
L006304,C009775,Platinum,399,2026-05-14,Active
L006305,C003228,Platinum,1234,2026-05-30,Active
L006306,C007803,Silver,8953,2025-09-01,Active
L006307,C003924,Platinum,3909,2026-01-17,Inactive
L006308,C003905,Platinum,8559,2026-06-01,Active
L006309,C002278,Silver,6930,2022-12-25,Active
L006310,C006811,Gold,1656,2025-01-18,Active
L006311,C001402,Gold,2239,2025-09-04,Active
L006312,C000740,Platinum,6710,2026-02-15,Active
L006313,C004267,Bronze,4610,2025-11-03,Active
L006314,C009862,Gold,1967,2025-12-12,Active
L006315,C007353,Silver,8619,2026-07-05,Active
L006316,C007519,Gold,3720,2025-01-23,Active
L006317,C003852,Platinum,8475,2025-01-19,Active
L006318,C008632,Platinum,4762,2025-09-28,Inactive
L006319,C002662,Bronze,7891,2024-07-23,Active
L006320,C006505,Bronze,4909,2023-10-10,Active
L006321,C009800,Silver,9626,2023-09-08,Inactive
L006322,C000675,Platinum,4835,2025-01-21,Inactive
L006323,C007106,Bronze,5244,2025-09-05,Active
L006324,C006361,Gold,5861,2025-06-01,Active
L006325,C003842,Silver,1428,2023-11-04,Active
L006326,C001816,Gold,3691,2025-12-14,Inactive
L006327,C009490,Bronze,5174,2024-09-01,Active
L006328,C009839,Silver,901,2024-01-21,Inactive
L006329,C009202,Bronze,2980,2025-11-17,Active
L006330,C004654,Gold,14,2025-10-30,Inactive
L006331,C008693,Gold,7106,2026-02-20,Inactive
L006332,C002101,Gold,5634,2025-10-22,Inactive
L006333,C007712,Platinum,2794,2026-07-04,Inactive
L006334,C001674,Platinum,66,2024-10-01,Active
L006335,C002102,Gold,6840,2025-07-30,Active
L006336,C004214,Platinum,5364,2025-05-09,Active
L006337,C006959,Bronze,8725,2026-06-02,Active
L006338,C001549,Silver,6234,2025-09-08,Inactive
L006339,C009551,Silver,4368,2026-03-29,Active
L006340,C003324,Platinum,2257,2026-02-13,Active
L006341,C009584,Silver,739,2025-06-08,Active
L006342,C000356,Platinum,249,2022-10-05,Active
L006343,C005185,Gold,7031,2026-01-01,Inactive
L006344,C001462,Silver,432,2026-04-09,Active
L006345,C007625,Silver,3759,2022-12-01,Inactive
L006346,C009386,Bronze,6544,2024-11-23,Active
L006347,C003221,Bronze,4588,2025-10-28,Active
L006348,C000940,Gold,9893,2025-12-20,Inactive
L006349,C005148,Silver,9129,2026-04-27,Active
L006350,C005924,Bronze,1098,2023-09-07,Active
L006351,C007884,Gold,8075,2025-12-10,Inactive
L006352,C001752,Gold,5393,2023-03-28,Active
L006353,C009469,Silver,8393,2024-05-09,Inactive
L006354,C007598,Bronze,7094,2022-10-25,Inactive
L006355,C001773,Bronze,1517,2026-04-13,Active
L006356,C001197,Silver,4379,2022-12-31,Active
L006357,C001879,Bronze,9962,2026-06-12,Inactive
L006358,C002669,Gold,8564,2026-06-29,Active
L006359,C003172,Gold,2797,2024-12-01,Active
L006360,C002017,Platinum,2606,2025-01-18,Active
L006361,C002006,Platinum,2860,2025-03-15,Active
L006362,C008273,Bronze,5523,2026-04-30,Inactive
L006363,C003894,Bronze,7584,2025-04-09,Active
L006364,C009992,Gold,9559,2025-08-23,Active
L006365,C003238,Platinum,2208,2026-04-01,Active
L006366,C004425,Gold,2449,2026-02-22,Active
L006367,C004745,Platinum,9105,2023-08-29,Active
L006368,C002079,Silver,5915,2026-04-15,Active
L006369,C005220,Platinum,4614,2024-10-28,Active
L006370,C000397,Gold,1485,2024-10-06,Inactive
L006371,C002789,Platinum,779,2026-05-29,Active
L006372,C008878,Bronze,6527,2026-03-26,Active
L006373,C008639,Silver,3430,2024-11-13,Active
L006374,C004073,Platinum,878,2023-07-11,Inactive
L006375,C005575,Bronze,911,2022-05-23,Inactive
L006376,C008370,Platinum,4181,2026-03-14,Inactive
L006377,C009508,Platinum,259,2024-03-05,Active
L006378,C005356,Bronze,690,2023-03-20,Active
L006379,C007234,Platinum,9445,2025-01-29,Active
L006380,C009484,Platinum,4068,2024-06-10,Active
L006381,C006821,Silver,4117,2024-11-21,Active
L006382,C001520,Silver,233,2025-12-31,Inactive
L006383,C008197,Platinum,5420,2023-07-26,Active
L006384,C001379,Platinum,9913,2026-04-26,Active
L006385,C005673,Bronze,9139,2024-06-26,Inactive
L006386,C001024,Platinum,500,2024-01-23,Active
L006387,C002588,Bronze,1185,2025-05-07,Inactive
L006388,C007043,Bronze,4107,2026-06-24,Active
L006389,C005622,Platinum,6145,2025-03-03,Active
L006390,C007638,Gold,6227,2026-04-14,Inactive
L006391,C005009,Bronze,6683,2025-05-19,Active
L006392,C002858,Silver,1278,2025-10-30,Active
L006393,C008255,Silver,7097,2025-02-25,Inactive
L006394,C005772,Gold,6674,2025-09-30,Active
L006395,C005843,Silver,5188,2026-06-06,Active
L006396,C008028,Silver,3051,2023-09-16,Inactive
L006397,C005833,Gold,3147,2025-08-14,Inactive
L006398,C001630,Silver,9284,2026-04-01,Active
L006399,C004889,Bronze,5723,2025-01-21,Active
L006400,C004527,Gold,5150,2024-01-10,Inactive
L006401,C003524,Silver,4669,2026-07-04,Active
L006402,C005905,Silver,6446,2026-05-21,Inactive
L006403,C007782,Gold,89,2025-09-25,Active
L006404,C003608,Gold,3467,2023-08-15,Inactive
L006405,C009419,Platinum,2969,2026-05-31,Active
L006406,C005221,Bronze,3394,2025-11-15,Active
L006407,C000235,Gold,9560,2025-01-30,Active
L006408,C007756,Bronze,8487,2024-03-25,Active
L006409,C003797,Silver,9031,2026-01-31,Active
L006410,C004119,Platinum,1067,2023-10-09,Inactive
L006411,C006319,Bronze,4044,2023-09-05,Active
L006412,C005002,Bronze,1446,2025-10-20,Active
L006413,C003801,Platinum,2826,2026-05-07,Active
L006414,C007810,Gold,1354,2026-03-15,Active
L006415,C003900,Bronze,5772,2026-02-16,Active
L006416,C005025,Silver,7046,2026-06-07,Inactive
L006417,C001949,Bronze,2860,2025-12-21,Inactive
L006418,C006362,Bronze,2319,2025-12-20,Active
L006419,C000471,Platinum,4452,2025-10-28,Active
L006420,C009945,Platinum,9421,2026-03-23,Active
L006421,C003493,Silver,325,2023-01-16,Active
L006422,C006092,Platinum,1913,2026-06-26,Active
L006423,C002672,Gold,3857,2026-06-26,Active
L006424,C009801,Gold,5698,2024-12-06,Active
L006425,C002225,Gold,2138,2026-01-13,Active
L006426,C001107,Platinum,255,2025-03-15,Active
L006427,C002189,Bronze,8593,2024-02-08,Inactive
L006428,C000819,Platinum,5599,2025-05-28,Active
L006429,C005572,Gold,4358,2025-05-20,Inactive
L006430,C004524,Platinum,3747,2026-04-08,Inactive
L006431,C005794,Platinum,2447,2025-02-18,Active
L006432,C009382,Silver,3902,2024-03-29,Active
L006433,C008781,Bronze,484,2026-02-21,Active
L006434,C007460,Bronze,8969,2025-08-20,Active
L006435,C002625,Gold,9795,2024-08-20,Active
L006436,C007095,Bronze,7811,2025-06-12,Active
L006437,C009393,Bronze,8785,2026-07-01,Active
L006438,C009917,Gold,1386,2025-12-09,Active
L006439,C009120,Silver,9541,2026-05-28,Active
L006440,C000889,Silver,977,2026-04-30,Active
L006441,C002438,Bronze,2491,2026-06-30,Active
L006442,C006057,Platinum,6061,2026-06-28,Active
L006443,C007065,Platinum,4602,2026-04-13,Active
L006444,C000818,Bronze,3931,2024-12-06,Active
L006445,C008935,Bronze,6581,2023-06-12,Active
L006446,C003415,Silver,3816,2026-06-03,Inactive
L006447,C006353,Silver,2360,2025-11-13,Active
L006448,C002342,Silver,1584,2026-01-05,Active
L006449,C009030,Gold,7064,2026-06-06,Active
L006450,C003168,Platinum,1828,2024-10-27,Active
L006451,C001810,Bronze,6656,2022-12-03,Inactive
L006452,C008036,Bronze,5185,2025-12-31,Active
L006453,C001265,Bronze,6133,2026-01-15,Active
L006454,C005087,Gold,1098,2026-05-29,Inactive
L006455,C009676,Bronze,5231,2026-03-10,Active
L006456,C005836,Platinum,8989,2024-07-08,Active
L006457,C005195,Bronze,7119,2024-03-04,Active
L006458,C004450,Platinum,2461,2026-01-14,Active
L006459,C004946,Silver,9026,2025-09-01,Active
L006460,C004046,Platinum,9224,2026-05-03,Active
L006461,C006504,Silver,4695,2026-03-04,Inactive
L006462,C003703,Gold,2991,2025-11-29,Active
L006463,C001036,Bronze,4758,2025-09-22,Active
L006464,C009257,Gold,7285,2026-06-18,Active
L006465,C005591,Silver,9858,2025-06-05,Active
L006466,C001229,Bronze,4693,2025-12-27,Active
L006467,C010000,Silver,4764,2025-02-12,Active
L006468,C006812,Platinum,6292,2024-12-09,Active
L006469,C005142,Gold,1283,2025-07-09,Inactive
L006470,C000053,Bronze,4655,2024-06-11,Active
L006471,C009068,Silver,1637,2026-04-07,Inactive
L006472,C008396,Bronze,9302,2024-02-26,Active
L006473,C000160,Platinum,1802,2025-11-07,Active
L006474,C007553,Bronze,182,2025-04-28,Active
L006475,C001588,Bronze,9721,2026-06-20,Active
L006476,C001590,Platinum,8942,2024-04-11,Active
L006477,C009842,Gold,6520,2026-02-07,Active
L006478,C009329,Gold,2857,2026-04-20,Active
L006479,C006931,Gold,9876,2025-11-20,Active
L006480,C006597,Gold,1023,2026-03-04,Active
L006481,C006175,Bronze,317,2025-10-25,Inactive
L006482,C008099,Bronze,7368,2025-07-06,Active
L006483,C003859,Platinum,7019,2026-06-07,Active
L006484,C009815,Platinum,7238,2025-10-06,Active
L006485,C006692,Platinum,8902,2025-07-25,Active
L006486,C002829,Platinum,9360,2025-09-18,Active
L006487,C000437,Gold,7814,2026-06-30,Active
L006488,C008275,Bronze,5648,2025-06-19,Active
L006489,C008169,Bronze,4096,2025-10-24,Active
L006490,C003879,Gold,9664,2026-02-20,Active
L006491,C001589,Bronze,9150,2025-03-25,Inactive
L006492,C002781,Platinum,3842,2025-09-17,Active
L006493,C008982,Silver,7267,2024-08-26,Active
L006494,C008562,Bronze,8533,2025-08-06,Inactive
L006495,C005687,Gold,9084,2024-08-01,Active
L006496,C003966,Gold,3860,2025-07-25,Inactive
L006497,C004728,Silver,4324,2024-01-03,Active
L006498,C000974,Platinum,365,2026-03-12,Active
L006499,C001239,Bronze,7020,2025-07-11,Active
L006500,C002952,Bronze,6222,2025-02-28,Active
L006501,C002343,Platinum,4829,2025-04-25,Active
L006502,C006521,Gold,4621,2024-10-12,Active
L006503,C007311,Platinum,3522,2024-12-28,Active
L006504,C006047,Bronze,8557,2026-03-05,Active
L006505,C002159,Gold,1199,2023-12-19,Active
L006506,C009289,Silver,3622,2026-06-11,Active
L006507,C006590,Platinum,928,2025-08-08,Active
L006508,C001498,Gold,3133,2025-04-18,Active
L006509,C004546,Platinum,5637,2024-07-18,Active
L006510,C006466,Silver,8685,2024-09-03,Active
L006511,C004258,Gold,2395,2023-04-04,Active
L006512,C002423,Silver,4468,2025-09-25,Active
L006513,C008565,Platinum,7699,2025-08-04,Active
L006514,C005186,Silver,6296,2025-05-01,Inactive
L006515,C005648,Platinum,433,2026-05-30,Inactive
L006516,C000358,Gold,5948,2026-04-09,Active
L006517,C005243,Gold,8721,2023-03-13,Inactive
L006518,C008012,Silver,3927,2026-06-27,Inactive
L006519,C009241,Gold,5688,2022-09-21,Active
L006520,C002093,Bronze,1220,2025-11-16,Active
L006521,C005410,Gold,376,2023-09-11,Active
L006522,C002016,Gold,2426,2026-07-02,Active
L006523,C009060,Gold,3474,2023-08-23,Active
L006524,C004045,Platinum,9482,2025-12-01,Active
L006525,C000188,Silver,8832,2026-04-19,Active
L006526,C006859,Silver,9746,2025-02-15,Active
L006527,C003656,Platinum,8829,2025-07-20,Inactive
L006528,C003427,Bronze,7177,2026-01-09,Active
L006529,C007195,Gold,2410,2026-06-01,Active
L006530,C001382,Silver,912,2025-06-25,Active
L006531,C007469,Gold,2368,2025-04-02,Active
L006532,C000414,Platinum,4021,2026-06-01,Inactive
L006533,C005038,Platinum,6848,2026-05-23,Inactive
L006534,C004898,Bronze,6675,2026-03-18,Active
L006535,C003337,Platinum,3857,2025-05-14,Inactive
L006536,C003607,Silver,6838,2025-08-02,Active
L006537,C003176,Silver,3302,2023-05-13,Active
L006538,C002242,Platinum,845,2022-05-16,Active
L006539,C009709,Bronze,9225,2023-06-07,Active
L006540,C007797,Silver,2235,2026-07-03,Active
L006541,C000257,Gold,3890,2026-02-28,Active
L006542,C008621,Gold,3274,2025-03-16,Active
L006543,C000201,Platinum,5669,2026-07-04,Active
L006544,C002236,Platinum,4608,2025-08-22,Inactive
L006545,C004744,Silver,7631,2025-11-23,Active
L006546,C001768,Gold,363,2024-03-04,Active
L006547,C004237,Silver,3513,2025-11-24,Active
L006548,C006730,Gold,3388,2026-04-19,Active
L006549,C008451,Bronze,8638,2025-08-14,Active
L006550,C007278,Platinum,9280,2025-09-29,Inactive
L006551,C001573,Silver,2727,2025-04-12,Active
L006552,C000025,Platinum,4884,2025-12-27,Inactive
L006553,C003364,Gold,4823,2026-04-20,Active
L006554,C001089,Bronze,9388,2026-01-28,Active
L006555,C004675,Platinum,4308,2026-03-22,Inactive
L006556,C002695,Gold,4803,2023-02-05,Active
L006557,C007583,Gold,4121,2023-01-18,Active
L006558,C003399,Bronze,9597,2026-06-27,Active
L006559,C003560,Silver,652,2024-05-09,Active
L006560,C009157,Silver,4254,2025-04-17,Active
L006561,C002842,Platinum,8166,2026-04-07,Active
L006562,C002312,Gold,8938,2026-02-16,Active
L006563,C008334,Platinum,226,2025-06-06,Active
L006564,C003235,Bronze,967,2025-10-07,Inactive
L006565,C004153,Silver,9320,2025-12-15,Active
L006566,C001310,Platinum,4126,2025-02-02,Inactive
L006567,C000696,Gold,6655,2025-12-04,Active
L006568,C009860,Gold,5746,2026-02-13,Active
L006569,C003753,Bronze,9406,2026-05-25,Inactive
L006570,C006338,Gold,2719,2026-01-18,Active
L006571,C001228,Bronze,8692,2026-01-26,Active
L006572,C002000,Silver,4321,2024-05-18,Inactive
L006573,C000277,Gold,9730,2026-01-31,Inactive
L006574,C008177,Bronze,7363,2023-08-20,Inactive
L006575,C007665,Platinum,6083,2024-02-05,Inactive
L006576,C005930,Bronze,8350,2025-01-02,Active
L006577,C002954,Bronze,1471,2026-06-07,Inactive
L006578,C003638,Silver,1511,2026-02-28,Active
L006579,C003907,Platinum,9215,2026-07-03,Active
L006580,C004779,Gold,8918,2022-07-12,Active
L006581,C005846,Platinum,3924,2025-01-28,Active
L006582,C009699,Silver,521,2026-04-29,Inactive
L006583,C004118,Bronze,1070,2026-04-04,Inactive
L006584,C007031,Silver,3716,2026-02-10,Active
L006585,C001138,Bronze,5207,2026-06-12,Active
L006586,C002768,Gold,2123,2026-05-28,Active
L006587,C002335,Bronze,3325,2025-02-08,Active
L006588,C007707,Gold,3026,2023-10-16,Active
L006589,C000943,Gold,6629,2025-10-15,Active
L006590,C007663,Platinum,9398,2024-11-12,Active
L006591,C002491,Bronze,2619,2025-05-29,Active
L006592,C009680,Silver,9513,2026-03-12,Active
L006593,C006291,Gold,5992,2026-07-05,Active
L006594,C004936,Bronze,2029,2022-08-22,Active
L006595,C003936,Gold,3928,2025-12-13,Active
L006596,C006957,Silver,4897,2025-10-31,Inactive
L006597,C002385,Bronze,65,2024-02-15,Active
L006598,C000116,Platinum,39,2023-07-04,Active
L006599,C001864,Gold,6337,2025-11-07,Inactive
L006600,C009977,Gold,1369,2025-08-02,Inactive
L006601,C003120,Platinum,4493,2023-07-07,Inactive
L006602,C004259,Gold,8347,2026-02-01,Inactive
L006603,C006706,Gold,1584,2023-07-16,Inactive
L006604,C000903,Gold,5021,2023-07-15,Active
L006605,C002820,Gold,4155,2025-06-02,Active
L006606,C003823,Platinum,4095,2024-08-22,Active
L006607,C008162,Platinum,8944,2025-03-05,Active
L006608,C006891,Bronze,1536,2025-12-15,Active
L006609,C009091,Bronze,6030,2025-12-07,Active
L006610,C004700,Silver,1559,2025-09-29,Inactive
L006611,C008919,Silver,1195,2025-11-12,Inactive
L006612,C003803,Gold,2843,2024-08-21,Active
L006613,C006069,Silver,5079,2026-07-04,Active
L006614,C005811,Silver,6121,2026-02-15,Inactive
L006615,C003537,Platinum,5901,2026-04-10,Inactive
L006616,C003826,Bronze,3658,2024-12-25,Inactive
L006617,C008643,Silver,2012,2022-10-15,Active
L006618,C008609,Bronze,5463,2026-02-28,Active
L006619,C004811,Gold,6403,2025-02-16,Inactive
L006620,C001947,Gold,9308,2026-04-09,Active
L006621,C008601,Gold,4566,2025-09-05,Active
L006622,C007137,Gold,1558,2022-10-29,Inactive
L006623,C005336,Gold,9421,2026-03-01,Active
L006624,C003489,Silver,7118,2023-07-01,Inactive
L006625,C001611,Bronze,674,2024-05-26,Active
L006626,C007462,Platinum,5002,2025-07-28,Active
L006627,C008474,Gold,4208,2024-07-09,Active
L006628,C004678,Bronze,1797,2025-04-07,Inactive
L006629,C004960,Silver,2791,2023-04-19,Active
L006630,C005868,Silver,7776,2025-03-01,Active
L006631,C008764,Silver,1271,2023-07-13,Inactive
L006632,C004762,Platinum,2608,2025-09-11,Active
L006633,C002195,Gold,632,2026-04-25,Active
L006634,C008004,Silver,3973,2026-06-18,Active
L006635,C005702,Bronze,1311,2024-02-21,Active
L006636,C005114,Gold,4827,2025-11-06,Active
L006637,C000558,Silver,5603,2026-04-02,Inactive
L006638,C008066,Platinum,4819,2026-01-23,Inactive
L006639,C005140,Bronze,8542,2024-09-18,Active
L006640,C001208,Platinum,1824,2026-01-16,Active
L006641,C007034,Gold,4164,2026-07-04,Active
L006642,C007310,Silver,2305,2026-03-20,Active
L006643,C001511,Bronze,6312,2024-04-14,Active
L006644,C006770,Silver,7349,2025-12-03,Active
L006645,C003830,Silver,801,2026-06-02,Active
L006646,C003733,Gold,6200,2026-01-24,Active
L006647,C007958,Silver,6332,2025-12-02,Active
L006648,C003212,Platinum,915,2026-01-16,Active
L006649,C003631,Gold,6867,2023-02-20,Active
L006650,C001709,Gold,9884,2025-11-15,Active
L006651,C001846,Gold,5769,2026-03-20,Active
L006652,C000267,Bronze,8236,2025-12-03,Active
L006653,C005986,Bronze,9711,2025-08-23,Inactive
L006654,C001141,Bronze,125,2026-05-14,Active
L006655,C003163,Platinum,8495,2026-05-01,Active
L006656,C006208,Bronze,6019,2026-03-29,Active
L006657,C002047,Platinum,6609,2025-03-22,Active
L006658,C003731,Bronze,8829,2025-02-12,Active
L006659,C001910,Bronze,9587,2023-06-09,Active
L006660,C007308,Gold,5336,2026-03-12,Active
L006661,C002661,Platinum,6990,2025-03-17,Inactive
L006662,C000657,Bronze,482,2024-02-03,Inactive
L006663,C006661,Bronze,9865,2026-01-18,Active
L006664,C001308,Gold,2093,2025-09-16,Active
L006665,C009430,Gold,6962,2023-05-07,Active
L006666,C000999,Gold,4189,2025-12-07,Active
L006667,C007433,Platinum,6572,2026-05-02,Inactive
L006668,C002835,Bronze,7786,2022-04-03,Active
L006669,C009179,Bronze,2710,2025-06-02,Inactive
L006670,C005881,Gold,1546,2024-08-11,Inactive
L006671,C001238,Gold,120,2024-11-24,Active
L006672,C002152,Gold,2005,2025-09-15,Active
L006673,C007920,Platinum,4624,2025-06-17,Active
L006674,C009696,Bronze,9611,2026-04-23,Inactive
L006675,C007190,Platinum,2795,2026-01-01,Active
L006676,C008304,Bronze,2977,2023-10-28,Active
L006677,C006579,Gold,1411,2025-02-17,Active
L006678,C005092,Bronze,7653,2024-01-12,Active
L006679,C002187,Platinum,2607,2024-12-04,Active
L006680,C001135,Platinum,4846,2024-10-01,Active
L006681,C005005,Silver,8369,2025-10-03,Active
L006682,C007975,Silver,5374,2026-01-18,Inactive
L006683,C001304,Bronze,5344,2024-09-21,Active
L006684,C008469,Gold,9731,2025-11-08,Active
L006685,C001628,Platinum,5905,2025-11-30,Active
L006686,C009282,Platinum,6489,2024-06-15,Active
L006687,C001523,Platinum,6119,2026-02-13,Active
L006688,C009811,Silver,7860,2025-07-28,Active
L006689,C000359,Silver,6179,2026-05-19,Active
L006690,C000139,Silver,1596,2023-04-06,Active
L006691,C000300,Platinum,3830,2023-09-02,Inactive
L006692,C001557,Platinum,5772,2025-07-20,Active
L006693,C005100,Gold,3387,2023-09-10,Active
L006694,C000383,Bronze,5260,2026-05-29,Inactive
L006695,C008313,Platinum,9618,2025-08-05,Inactive
L006696,C006949,Bronze,7073,2021-12-28,Active
L006697,C004858,Gold,9014,2023-02-01,Active
L006698,C003181,Silver,1312,2023-11-30,Active
L006699,C001440,Bronze,917,2024-02-29,Inactive
L006700,C007270,Bronze,7044,2025-04-20,Inactive
L006701,C005674,Silver,9901,2026-06-08,Active
L006702,C000947,Silver,355,2025-11-13,Active
L006703,C002391,Platinum,9133,2026-02-21,Active
L006704,C005499,Platinum,3,2023-11-12,Active
L006705,C007074,Silver,6100,2026-04-24,Active
L006706,C009231,Gold,8531,2026-01-27,Active
L006707,C002722,Silver,4003,2026-04-09,Active
L006708,C001933,Silver,9363,2024-01-26,Active
L006709,C007424,Silver,9022,2025-08-14,Active
L006710,C003237,Silver,7775,2025-06-19,Active
L006711,C003141,Silver,6184,2025-11-19,Active
L006712,C004164,Bronze,6011,2024-11-30,Inactive
L006713,C008889,Bronze,8139,2024-07-04,Active
L006714,C003808,Gold,831,2026-04-08,Active
L006715,C009480,Gold,2193,2025-09-14,Active
L006716,C006984,Gold,7152,2024-02-24,Inactive
L006717,C008905,Gold,3014,2025-07-11,Active
L006718,C009723,Platinum,4248,2026-04-07,Inactive
L006719,C004155,Bronze,1612,2025-07-19,Inactive
L006720,C004173,Gold,6865,2025-07-22,Active
L006721,C000797,Bronze,4107,2025-04-13,Active
L006722,C002417,Platinum,11,2026-05-30,Active
L006723,C007171,Bronze,1675,2026-03-23,Active
L006724,C006140,Gold,3462,2026-03-14,Active
L006725,C000786,Platinum,3031,2025-06-02,Active
L006726,C007068,Gold,2767,2026-03-20,Inactive
L006727,C003159,Bronze,8137,2022-11-11,Inactive
L006728,C000124,Bronze,5592,2025-07-03,Inactive
L006729,C009458,Bronze,6982,2026-03-03,Active
L006730,C009247,Gold,2726,2026-07-02,Active
L006731,C002173,Silver,7623,2025-04-17,Active
L006732,C002170,Platinum,2653,2026-03-07,Active
L006733,C006881,Silver,2263,2025-05-01,Active
L006734,C004010,Bronze,6895,2023-05-13,Inactive
L006735,C009297,Silver,8362,2025-10-22,Active
L006736,C004341,Gold,5079,2024-02-02,Active
L006737,C000911,Platinum,2912,2024-10-11,Active
L006738,C006269,Bronze,689,2026-01-22,Inactive
L006739,C007772,Gold,3877,2026-05-04,Active
L006740,C002310,Bronze,4079,2025-10-23,Inactive
L006741,C009659,Platinum,8194,2024-08-28,Active
L006742,C003635,Silver,4482,2026-06-24,Active
L006743,C001258,Gold,1022,2025-12-18,Active
L006744,C006592,Platinum,1068,2026-07-06,Inactive
L006745,C004459,Bronze,7783,2023-02-05,Inactive
L006746,C006134,Platinum,6348,2026-07-02,Active
L006747,C001179,Gold,5264,2026-06-14,Inactive
L006748,C004653,Bronze,4695,2026-06-17,Active
L006749,C006219,Bronze,4526,2023-02-17,Active
L006750,C003651,Platinum,8349,2026-03-27,Active
L006751,C000443,Bronze,6291,2024-10-21,Inactive
L006752,C003416,Bronze,6890,2026-06-15,Active
L006753,C001400,Gold,9505,2025-05-04,Active
L006754,C001458,Silver,6737,2021-12-18,Active
L006755,C007525,Bronze,7975,2025-03-23,Active
L006756,C005745,Gold,6429,2026-07-01,Inactive
L006757,C001055,Silver,4598,2025-12-18,Active
L006758,C008999,Gold,2353,2023-11-18,Inactive
L006759,C003276,Platinum,5478,2022-08-24,Active
L006760,C001464,Gold,728,2023-08-16,Active
L006761,C003700,Platinum,323,2026-06-25,Active
L006762,C003760,Platinum,1899,2026-01-06,Inactive
L006763,C000930,Bronze,4330,2026-06-25,Active
L006764,C005512,Gold,8634,2026-04-03,Active
L006765,C006469,Gold,9568,2024-10-17,Active
L006766,C008413,Bronze,4623,2024-04-25,Active
L006767,C001830,Gold,8028,2023-07-17,Active
L006768,C002929,Platinum,1089,2024-02-15,Active
L006769,C008296,Silver,1644,2025-04-29,Active
L006770,C006539,Gold,2964,2025-08-19,Active
L006771,C004222,Platinum,6705,2026-05-18,Active
L006772,C003547,Platinum,3020,2025-09-06,Active
L006773,C005599,Platinum,9174,2024-07-08,Active
L006774,C008938,Silver,3972,2026-06-19,Active
L006775,C007319,Gold,9136,2026-06-14,Inactive
L006776,C008351,Bronze,4005,2023-03-23,Active
L006777,C002012,Platinum,6408,2024-02-07,Inactive
L006778,C000914,Silver,7249,2023-07-29,Active
L006779,C008249,Gold,7167,2025-04-13,Active
L006780,C007266,Gold,6730,2026-06-26,Inactive
L006781,C003220,Bronze,4252,2025-06-24,Inactive
L006782,C002607,Bronze,7153,2026-01-27,Active
L006783,C003265,Platinum,228,2025-07-06,Inactive
L006784,C004929,Silver,6344,2025-08-05,Active
L006785,C008662,Bronze,5641,2026-04-21,Active
L006786,C006565,Silver,1193,2026-02-10,Active
L006787,C008130,Gold,2077,2026-02-04,Active
L006788,C000007,Bronze,7147,2025-08-09,Active
L006789,C002981,Platinum,8213,2024-10-05,Active
L006790,C006584,Silver,1772,2024-08-22,Active
L006791,C003362,Gold,4857,2026-06-21,Active
L006792,C004775,Platinum,7862,2023-04-04,Active
L006793,C001944,Silver,82,2023-07-17,Active
L006794,C007453,Bronze,1469,2025-09-16,Active
L006795,C005500,Bronze,2829,2025-03-24,Inactive
L006796,C001636,Silver,9868,2026-06-07,Active
L006797,C001142,Gold,442,2026-01-02,Inactive
L006798,C002042,Platinum,4816,2026-04-27,Active
L006799,C006704,Bronze,6289,2026-04-10,Active
L006800,C007819,Silver,5075,2024-07-16,Active
L006801,C002071,Gold,4078,2026-06-08,Active
L006802,C003135,Gold,2062,2023-06-29,Inactive
L006803,C005161,Platinum,9107,2025-12-18,Active
L006804,C008332,Bronze,9055,2025-12-26,Active
L006805,C005276,Silver,4034,2026-01-30,Active
L006806,C002243,Gold,2970,2026-06-19,Inactive
L006807,C001475,Bronze,3081,2024-08-16,Active
L006808,C008591,Gold,4525,2024-05-09,Active
L006809,C001890,Platinum,2891,2026-04-14,Active
L006810,C003436,Silver,4854,2023-05-07,Inactive
L006811,C007594,Bronze,3889,2025-11-03,Active
L006812,C007746,Platinum,9023,2026-06-12,Inactive
L006813,C003706,Gold,5117,2025-06-06,Inactive
L006814,C002022,Platinum,1287,2025-03-01,Active
L006815,C004021,Gold,4143,2026-05-19,Active
L006816,C008831,Bronze,541,2024-03-23,Active
L006817,C008444,Platinum,3794,2025-03-07,Active
L006818,C003501,Bronze,6587,2024-10-12,Active
L006819,C002659,Silver,4983,2025-03-31,Active
L006820,C008457,Platinum,4016,2023-08-02,Inactive
L006821,C006889,Silver,6305,2025-07-12,Active
L006822,C001131,Bronze,7146,2025-08-05,Inactive
L006823,C005558,Gold,7892,2025-11-12,Active
L006824,C007359,Silver,985,2026-06-09,Active
L006825,C001820,Platinum,2279,2025-08-30,Active
L006826,C007539,Silver,2665,2026-04-22,Active
L006827,C009387,Platinum,8404,2026-01-11,Active
L006828,C004319,Gold,4775,2026-03-13,Inactive
L006829,C009605,Silver,8070,2024-03-25,Inactive
L006830,C004145,Platinum,4898,2025-08-04,Inactive
L006831,C004670,Silver,132,2024-08-08,Active
L006832,C001237,Bronze,600,2026-01-15,Active
L006833,C005477,Silver,4345,2026-01-25,Active
L006834,C009837,Gold,6389,2025-05-08,Inactive
L006835,C001857,Bronze,5107,2026-05-27,Active
L006836,C002283,Gold,6431,2026-06-30,Active
L006837,C008694,Gold,8100,2025-06-04,Active
L006838,C009321,Silver,7812,2025-12-12,Active
L006839,C004094,Silver,6683,2022-10-25,Active
L006840,C007062,Silver,9920,2023-11-02,Inactive
L006841,C005201,Silver,6908,2026-06-01,Inactive
L006842,C006402,Platinum,4561,2024-07-20,Active
L006843,C009930,Gold,8380,2023-07-04,Inactive
L006844,C003422,Bronze,9277,2026-04-15,Active
L006845,C009270,Gold,2350,2025-04-14,Active
L006846,C000387,Bronze,8588,2024-05-31,Inactive
L006847,C008549,Gold,5342,2024-05-01,Active
L006848,C001629,Gold,4666,2024-11-06,Inactive
L006849,C003586,Bronze,1980,2024-09-30,Active
L006850,C007413,Silver,2979,2026-02-26,Active
L006851,C002715,Bronze,984,2024-09-05,Inactive
L006852,C007172,Silver,1208,2026-06-11,Inactive
L006853,C008436,Bronze,2378,2024-09-02,Active
L006854,C009322,Platinum,8844,2025-06-10,Inactive
L006855,C005660,Gold,3279,2025-03-21,Inactive
L006856,C003190,Bronze,9175,2026-02-02,Active
L006857,C009969,Bronze,7405,2025-04-14,Inactive
L006858,C004306,Silver,3597,2025-11-13,Inactive
L006859,C000910,Gold,9950,2026-06-16,Active
L006860,C005386,Silver,4152,2025-07-30,Active
L006861,C001997,Bronze,3503,2026-06-26,Active
L006862,C001867,Platinum,4010,2025-04-23,Active
L006863,C001843,Gold,3906,2025-08-23,Active
L006864,C002498,Gold,9052,2026-04-07,Active
L006865,C000202,Bronze,7705,2024-11-24,Active
L006866,C007906,Gold,7653,2024-11-16,Active
L006867,C007725,Gold,9119,2026-05-22,Active
L006868,C005055,Platinum,7535,2025-05-01,Inactive
L006869,C005890,Platinum,6297,2023-02-24,Active
L006870,C004007,Silver,385,2024-06-24,Active
L006871,C009902,Gold,9783,2025-10-16,Active
L006872,C002703,Gold,8383,2026-04-21,Inactive
L006873,C003450,Platinum,6195,2024-04-13,Active
L006874,C000332,Bronze,3675,2024-04-23,Inactive
L006875,C007140,Silver,3010,2025-09-19,Active
L006876,C008961,Platinum,9749,2025-07-01,Active
L006877,C009820,Silver,3762,2025-01-01,Active
L006878,C007177,Gold,3217,2024-02-14,Active
L006879,C002460,Bronze,9276,2026-05-24,Active
L006880,C001775,Bronze,707,2025-09-30,Inactive
L006881,C006629,Bronze,8583,2026-02-20,Active
L006882,C007597,Bronze,6432,2024-06-30,Active
L006883,C007987,Bronze,6098,2026-01-11,Active
L006884,C002687,Bronze,5194,2025-12-01,Active
L006885,C009148,Platinum,6984,2026-06-29,Inactive
L006886,C000990,Bronze,2509,2023-06-18,Active
L006887,C009047,Silver,7922,2026-03-06,Inactive
L006888,C008349,Platinum,8311,2026-02-16,Active
L006889,C008876,Silver,5198,2026-06-30,Active
L006890,C008551,Silver,5340,2024-05-26,Inactive
L006891,C005807,Silver,1583,2025-08-02,Inactive
L006892,C008734,Bronze,9113,2026-05-21,Active
L006893,C008698,Gold,468,2022-09-19,Active
L006894,C006575,Bronze,7235,2023-08-12,Inactive
L006895,C003053,Gold,3055,2025-03-11,Active
L006896,C008638,Gold,4623,2024-06-02,Active
L006897,C005463,Bronze,1302,2026-06-26,Inactive
L006898,C000174,Gold,2923,2025-10-03,Active
L006899,C004955,Platinum,8218,2025-05-11,Inactive
L006900,C004616,Bronze,5857,2024-10-10,Active
L006901,C003322,Silver,4155,2026-03-24,Active
L006902,C007066,Silver,2675,2025-01-27,Active
L006903,C006247,Platinum,8581,2024-12-30,Inactive
L006904,C006746,Bronze,2889,2026-03-31,Active
L006905,C003373,Platinum,524,2025-04-29,Active
L006906,C006049,Silver,2868,2026-03-10,Active
L006907,C003312,Bronze,9770,2025-01-25,Active
L006908,C007417,Gold,8198,2024-07-16,Active
L006909,C007294,Gold,8752,2026-07-02,Active
L006910,C007585,Gold,433,2025-02-12,Active
L006911,C009378,Gold,3807,2025-12-27,Active
L006912,C008812,Gold,9030,2023-06-30,Active
L006913,C008161,Silver,7769,2026-06-12,Inactive
L006914,C004680,Bronze,9821,2025-07-12,Active
L006915,C003404,Silver,7534,2025-05-09,Active
L006916,C000019,Bronze,3604,2025-09-16,Inactive
L006917,C003692,Silver,8473,2026-01-07,Active
L006918,C008655,Silver,9949,2025-11-27,Active
L006919,C004097,Bronze,1932,2022-11-14,Active
L006920,C003629,Platinum,484,2025-11-22,Active
L006921,C008863,Gold,6202,2024-06-21,Inactive
L006922,C002175,Platinum,8516,2026-07-01,Active
L006923,C001357,Gold,1108,2025-03-22,Active
L006924,C005003,Silver,1848,2025-04-04,Active
L006925,C007392,Bronze,9373,2026-06-02,Active
L006926,C006923,Bronze,9994,2026-07-04,Active
L006927,C005824,Gold,1049,2026-06-19,Active
L006928,C009503,Gold,4657,2026-01-03,Active
L006929,C005671,Gold,7068,2026-04-24,Active
L006930,C003113,Platinum,4050,2024-08-18,Active
L006931,C000183,Gold,103,2023-09-01,Active
L006932,C003643,Platinum,9513,2024-09-26,Active
L006933,C008858,Gold,8292,2022-12-30,Active
L006934,C001813,Platinum,3697,2024-05-21,Active
L006935,C007876,Bronze,5871,2024-01-05,Inactive
L006936,C008498,Gold,3776,2025-10-07,Active
L006937,C004913,Bronze,432,2024-02-11,Active
L006938,C005669,Gold,6717,2023-01-10,Active
L006939,C008543,Gold,5078,2025-10-05,Active
L006940,C001801,Silver,2848,2026-02-28,Inactive
L006941,C009252,Silver,2035,2024-08-18,Active
L006942,C002430,Silver,3602,2025-09-03,Active
L006943,C005483,Bronze,4514,2026-02-25,Active
L006944,C006762,Silver,3810,2025-10-19,Active
L006945,C009840,Silver,9878,2023-12-27,Active
L006946,C009636,Silver,8827,2026-03-01,Inactive
L006947,C001969,Bronze,8937,2024-06-28,Active
L006948,C008340,Gold,9398,2026-05-03,Active
L006949,C008142,Bronze,7891,2023-08-31,Active
L006950,C007697,Bronze,6620,2026-02-09,Active
L006951,C007542,Bronze,3070,2026-03-21,Active
L006952,C004988,Platinum,823,2024-09-20,Active
L006953,C009757,Gold,3388,2025-03-30,Active
L006954,C004651,Platinum,6909,2024-09-23,Active
L006955,C001160,Bronze,3280,2024-12-25,Inactive
L006956,C001214,Bronze,6284,2025-12-30,Active
L006957,C007337,Silver,4822,2025-01-26,Active
L006958,C001326,Bronze,8447,2025-09-14,Active
L006959,C007513,Platinum,9220,2026-04-02,Active
L006960,C007581,Platinum,6342,2023-05-23,Inactive
L006961,C004797,Platinum,9852,2023-01-27,Active
L006962,C006797,Platinum,3061,2024-02-15,Active
L006963,C005809,Bronze,7425,2024-08-11,Inactive
L006964,C005944,Silver,6189,2026-05-12,Active
L006965,C009284,Silver,1701,2026-07-05,Inactive
L006966,C008145,Gold,8557,2024-04-17,Active
L006967,C001456,Gold,3903,2025-12-24,Active
L006968,C005411,Silver,9090,2026-01-17,Active
L006969,C007130,Platinum,6620,2026-06-17,Active
L006970,C008893,Silver,2526,2026-01-25,Active
L006971,C004963,Platinum,2947,2026-01-24,Active
L006972,C002801,Bronze,8903,2022-12-24,Inactive
L006973,C001645,Bronze,3082,2026-02-25,Active
L006974,C002141,Bronze,4492,2025-09-01,Active
L006975,C004537,Gold,107,2025-10-21,Active
L006976,C004458,Gold,2801,2025-09-28,Inactive
L006977,C008952,Bronze,1167,2025-07-24,Active
L006978,C005587,Bronze,7228,2024-12-04,Inactive
L006979,C004379,Platinum,9190,2026-07-06,Inactive
L006980,C000730,Gold,3068,2024-07-17,Inactive
L006981,C004358,Bronze,933,2024-07-30,Inactive
L006982,C007749,Platinum,8630,2026-06-01,Active
L006983,C006717,Platinum,3058,2026-03-20,Active
L006984,C001937,Gold,5632,2026-07-01,Active
L006985,C003794,Platinum,1841,2024-12-17,Active
L006986,C003737,Bronze,9202,2024-08-23,Active
L006987,C002262,Silver,9905,2026-05-06,Active
L006988,C004006,Bronze,359,2025-02-01,Active
L006989,C001111,Silver,2579,2025-04-20,Active
L006990,C009029,Silver,8440,2025-03-12,Active
L006991,C005481,Silver,4574,2026-04-13,Inactive
L006992,C002999,Platinum,4040,2025-04-03,Inactive
L006993,C002395,Bronze,7261,2026-03-01,Inactive
L006994,C001186,Gold,2456,2023-09-05,Active
L006995,C002008,Silver,7217,2024-10-22,Active
L006996,C000194,Silver,3545,2025-10-26,Inactive
L006997,C005612,Platinum,9143,2023-11-05,Active
L006998,C002902,Platinum,1409,2026-04-23,Inactive
L006999,C000579,Platinum,5239,2026-06-22,Active
L007000,C006220,Silver,8239,2026-05-22,Active
