transaction_id,customer_id,store_id,transaction_date,payment_method,transaction_total
T0000001,C003477,ST0084,2025-11-13,Credit Card,244.13
T0000002,C001246,ST0158,2024-08-08,Debit Card,166.93
T0000003,C007921,ST0168,2026-02-22,Cash,101.5
T0000004,C004884,ST0263,2026-06-27,Debit Card,36.01
T0000005,C003303,ST0013,2025-02-28,Mobile Payment,183.11
T0000006,C006988,ST0217,2024-08-24,Cash,155.46
T0000007,C000911,ST0158,2026-02-21,Credit Card,218.73
T0000008,C003497,ST0282,2026-05-20,Cash,18.44
T0000009,C000444,ST0128,2025-11-01,Cash,219.79
T0000010,C003039,ST0097,2024-12-01,Cash,144.56
T0000011,C004270,ST0312,2026-05-07,Mobile Payment,225.84
T0000012,C009658,ST0255,2026-04-08,Credit Card,104.37
T0000013,C000649,ST0193,2026-04-24,Credit Card,210.6
T0000014,C009306,ST0101,2025-01-08,Credit Card,61.79
T0000015,C002466,ST0289,2025-05-26,Credit Card,84.54
T0000016,C008443,ST0143,2026-05-31,Mobile Payment,193.57
T0000017,C007856,ST0260,2026-01-20,Cash,141.62
T0000018,C008071,ST0285,2026-06-06,Mobile Payment,247.2
T0000019,C002382,ST0237,2025-07-25,Credit Card,145.5
T0000020,C009732,ST0190,2025-04-21,Credit Card,146.74
T0000021,C001553,ST0015,2025-01-23,Cash,238.02
T0000022,C008727,ST0273,2025-11-06,Debit Card,82.19
T0000023,C002133,ST0349,2025-04-30,Debit Card,50.98
T0000024,C000269,ST0331,2024-11-16,Cash,65.27
T0000025,C009225,ST0330,2025-05-26,Credit Card,168.13
T0000026,C009657,ST0027,2025-04-27,Credit Card,194.85
T0000027,C008113,ST0091,2025-10-25,Credit Card,81.75
T0000028,C007275,ST0260,2026-04-01,Mobile Payment,183.76
T0000029,C009052,ST0057,2025-10-27,Debit Card,235.85
T0000030,C006968,ST0303,2024-11-20,Cash,194.41
T0000031,C004518,ST0262,2026-03-02,Debit Card,246.8
T0000032,C007493,ST0303,2024-08-18,Cash,232.12
T0000033,C004122,ST0254,2025-07-24,Mobile Payment,228.42
T0000034,C007197,ST0241,2025-08-17,Credit Card,84.46
T0000035,C007035,ST0265,2026-06-06,Debit Card,163.21
T0000036,C004833,ST0249,2024-11-10,Mobile Payment,209.87
T0000037,C003272,ST0222,2024-08-27,Debit Card,9.7
T0000038,C000665,ST0169,2026-05-16,Mobile Payment,65.9
T0000039,C005882,ST0089,2025-04-06,Credit Card,238.25
T0000040,C006308,ST0067,2024-07-28,Cash,125.7
T0000041,C005132,ST0086,2026-01-05,Cash,215.28
T0000042,C001358,ST0181,2024-07-23,Mobile Payment,77.54
T0000043,C009687,ST0278,2024-10-20,Debit Card,111.66
T0000044,C005028,ST0266,2024-09-28,Mobile Payment,149.96
T0000045,C006912,ST0035,2024-12-14,Cash,83.93
T0000046,C001710,ST0226,2025-07-08,Debit Card,75.46
T0000047,C005137,ST0040,2026-02-13,Mobile Payment,237.13
T0000048,C009507,ST0017,2025-07-31,Debit Card,78.63
T0000049,C003431,ST0111,2025-11-18,Mobile Payment,95.77
T0000050,C000991,ST0156,2026-01-24,Mobile Payment,227.01
T0000051,C000349,ST0231,2024-09-24,Credit Card,230.78
T0000052,C000038,ST0208,2025-10-02,Credit Card,6.59
T0000053,C007188,ST0314,2025-07-09,Mobile Payment,19.41
T0000054,C008240,ST0124,2025-10-11,Credit Card,179.68
T0000055,C002713,ST0327,2024-08-28,Credit Card,243.86
T0000056,C008417,ST0318,2025-09-05,Mobile Payment,240.87
T0000057,C000230,ST0279,2026-03-01,Cash,66.25
T0000058,C006953,ST0194,2025-09-16,Mobile Payment,99.66
T0000059,C006091,ST0038,2024-11-03,Mobile Payment,129.89
T0000060,C001784,ST0069,2024-12-29,Mobile Payment,106.69
T0000061,C003153,ST0189,2026-05-12,Credit Card,231.07
T0000062,C005338,ST0035,2025-07-01,Debit Card,178.31
T0000063,C001793,ST0159,2024-09-07,Debit Card,167.99
T0000064,C000365,ST0342,2024-08-20,Mobile Payment,48.74
T0000065,C008978,ST0155,2024-12-27,Debit Card,75.97
T0000066,C006409,ST0107,2025-10-29,Mobile Payment,178.47
T0000067,C005513,ST0022,2024-11-08,Mobile Payment,239.07
T0000068,C000649,ST0043,2025-06-12,Mobile Payment,134.31
T0000069,C007085,ST0003,2025-08-30,Debit Card,18.6
T0000070,C009528,ST0276,2024-08-20,Debit Card,33.74
T0000071,C000226,ST0215,2026-03-25,Debit Card,240.26
T0000072,C006528,ST0290,2026-02-04,Cash,193.27
T0000073,C000245,ST0179,2025-01-11,Credit Card,156.29
T0000074,C004650,ST0109,2024-09-16,Cash,149.8
T0000075,C000002,ST0126,2025-09-23,Mobile Payment,140.83
T0000076,C000399,ST0285,2025-01-31,Mobile Payment,73.53
T0000077,C006898,ST0282,2025-06-03,Debit Card,27.37
T0000078,C003877,ST0020,2024-07-23,Mobile Payment,153.54
T0000079,C007468,ST0195,2025-09-15,Mobile Payment,12.8
T0000080,C005059,ST0350,2024-12-23,Mobile Payment,58.19
T0000081,C003109,ST0149,2024-07-09,Cash,122.04
T0000082,C006231,ST0094,2026-02-11,Credit Card,28.91
T0000083,C006078,ST0315,2026-02-27,Mobile Payment,173.44
T0000084,C009377,ST0352,2024-12-01,Cash,238.44
T0000085,C009081,ST0133,2026-02-02,Mobile Payment,47.9
T0000086,C008379,ST0071,2026-02-11,Cash,60.23
T0000087,C000514,ST0317,2025-02-20,Mobile Payment,10.71
T0000088,C003994,ST0141,2025-01-14,Debit Card,144.62
T0000089,C002827,ST0165,2025-12-28,Debit Card,142.58
T0000090,C004546,ST0152,2025-09-18,Mobile Payment,85.44
T0000091,C003488,ST0092,2025-02-21,Cash,98.87
T0000092,C009188,ST0274,2026-01-03,Debit Card,79.44
T0000093,C003892,ST0086,2026-05-19,Credit Card,18.84
T0000094,C005144,ST0320,2026-03-01,Credit Card,57.05
T0000095,C000560,ST0325,2025-03-16,Debit Card,188.15
T0000096,C004242,ST0125,2025-06-20,Credit Card,246.43
T0000097,C002231,ST0237,2024-09-05,Debit Card,169.56
T0000098,C003482,ST0325,2024-11-29,Debit Card,217.4
T0000099,C005123,ST0241,2024-09-13,Cash,188.14
T0000100,C004374,ST0267,2026-01-29,Debit Card,173.77
T0000101,C009850,ST0202,2025-09-28,Credit Card,25.84
T0000102,C008471,ST0266,2026-04-13,Credit Card,148.45
T0000103,C003717,ST0033,2025-04-06,Debit Card,17.34
T0000104,C004344,ST0341,2025-10-12,Mobile Payment,204.02
T0000105,C002810,ST0207,2025-10-30,Debit Card,164.27
T0000106,C009415,ST0344,2024-10-31,Mobile Payment,145.81
T0000107,C001846,ST0320,2025-10-12,Mobile Payment,154.38
T0000108,C007828,ST0188,2024-11-04,Debit Card,180.68
T0000109,C004015,ST0050,2024-10-27,Mobile Payment,166.01
T0000110,C000288,ST0123,2026-01-29,Debit Card,36.07
T0000111,C004451,ST0080,2025-11-25,Cash,168.55
T0000112,C004674,ST0022,2026-02-10,Cash,115.93
T0000113,C003620,ST0004,2026-01-04,Debit Card,77.13
T0000114,C008119,ST0109,2024-12-12,Debit Card,77.19
T0000115,C001129,ST0287,2026-03-19,Mobile Payment,161.3
T0000116,C005956,ST0258,2026-05-20,Debit Card,122.77
T0000117,C008581,ST0158,2026-01-30,Debit Card,28.36
T0000118,C008215,ST0157,2026-04-26,Mobile Payment,212.01
T0000119,C006400,ST0127,2025-01-06,Debit Card,127.3
T0000120,C008254,ST0089,2024-08-12,Cash,165.84
T0000121,C007741,ST0236,2024-10-07,Debit Card,126.67
T0000122,C004771,ST0216,2025-01-19,Mobile Payment,175.35
T0000123,C004844,ST0215,2025-03-12,Mobile Payment,181.16
T0000124,C002795,ST0304,2025-08-01,Debit Card,69.05
T0000125,C008945,ST0050,2025-11-26,Credit Card,207.92
T0000126,C000663,ST0325,2025-11-26,Credit Card,77.96
T0000127,C000692,ST0351,2025-04-20,Debit Card,72.4
T0000128,C002169,ST0118,2025-12-03,Credit Card,80.49
T0000129,C009172,ST0117,2025-10-22,Mobile Payment,178.55
T0000130,C002786,ST0100,2024-09-23,Mobile Payment,165.83
T0000131,C004367,ST0233,2025-10-06,Credit Card,25.7
T0000132,C002124,ST0067,2026-05-29,Mobile Payment,9.55
T0000133,C002609,ST0236,2026-06-28,Credit Card,72.87
T0000134,C004344,ST0272,2025-03-02,Cash,7.27
T0000135,C004888,ST0072,2026-04-06,Debit Card,238.68
T0000136,C006865,ST0304,2025-03-24,Mobile Payment,190.86
T0000137,C008519,ST0324,2024-07-17,Cash,175.45
T0000138,C002282,ST0042,2026-05-21,Credit Card,232.19
T0000139,C006261,ST0101,2025-06-01,Cash,51.7
T0000140,C005298,ST0060,2025-03-02,Mobile Payment,190.07
T0000141,C007268,ST0305,2026-04-16,Debit Card,223.07
T0000142,C002546,ST0167,2025-08-24,Debit Card,249.1
T0000143,C004738,ST0223,2025-02-21,Credit Card,94.09
T0000144,C006307,ST0074,2024-09-06,Cash,70.01
T0000145,C002796,ST0024,2025-10-04,Mobile Payment,82.12
T0000146,C002381,ST0018,2025-04-03,Mobile Payment,126.63
T0000147,C008117,ST0065,2024-08-28,Mobile Payment,93.45
T0000148,C003802,ST0130,2026-03-31,Mobile Payment,121.36
T0000149,C002668,ST0289,2025-01-08,Cash,138.25
T0000150,C003157,ST0168,2024-12-27,Cash,72.45
T0000151,C004041,ST0023,2024-10-29,Cash,197.38
T0000152,C000857,ST0282,2026-01-23,Cash,153.28
T0000153,C005466,ST0075,2025-12-29,Debit Card,158.83
T0000154,C004437,ST0144,2026-04-03,Cash,180.71
T0000155,C006308,ST0040,2024-09-23,Debit Card,233.77
T0000156,C000021,ST0113,2026-04-18,Cash,177.33
T0000157,C006110,ST0086,2024-08-30,Mobile Payment,26.11
T0000158,C007325,ST0136,2024-08-24,Mobile Payment,168.75
T0000159,C000554,ST0012,2024-08-31,Mobile Payment,151.91
T0000160,C000892,ST0096,2026-04-01,Mobile Payment,15.74
T0000161,C001990,ST0238,2024-10-29,Cash,163.0
T0000162,C006445,ST0262,2025-09-23,Mobile Payment,223.98
T0000163,C005686,ST0244,2025-01-05,Cash,201.51
T0000164,C002963,ST0284,2026-01-16,Debit Card,128.26
T0000165,C000643,ST0211,2025-12-05,Mobile Payment,246.05
T0000166,C002271,ST0323,2025-05-28,Mobile Payment,129.13
T0000167,C005497,ST0180,2026-02-09,Cash,141.86
T0000168,C006189,ST0324,2025-01-30,Mobile Payment,73.67
T0000169,C007867,ST0223,2026-01-31,Mobile Payment,69.43
T0000170,C008771,ST0175,2026-01-08,Cash,160.59
T0000171,C008206,ST0120,2024-11-03,Cash,28.9
T0000172,C005933,ST0264,2025-11-05,Cash,27.19
T0000173,C002196,ST0207,2025-09-25,Debit Card,86.65
T0000174,C009624,ST0273,2025-02-18,Credit Card,86.81
T0000175,C006442,ST0073,2025-09-11,Debit Card,85.48
T0000176,C004191,ST0034,2026-03-01,Cash,120.03
T0000177,C009388,ST0160,2024-11-13,Cash,100.0
T0000178,C003498,ST0143,2025-09-09,Cash,87.49
T0000179,C000142,ST0341,2026-07-07,Debit Card,200.21
T0000180,C003063,ST0333,2025-08-30,Debit Card,188.5
T0000181,C004863,ST0244,2025-02-23,Debit Card,111.53
T0000182,C005845,ST0321,2026-02-26,Mobile Payment,168.18
T0000183,C003275,ST0019,2024-12-25,Cash,227.49
T0000184,C002426,ST0222,2025-05-02,Mobile Payment,196.39
T0000185,C002712,ST0336,2026-05-06,Credit Card,88.36
T0000186,C003078,ST0181,2025-03-05,Cash,28.94
T0000187,C000559,ST0145,2025-01-18,Mobile Payment,172.8
T0000188,C004631,ST0127,2025-04-20,Cash,100.59
T0000189,C003677,ST0149,2026-02-12,Mobile Payment,120.21
T0000190,C003544,ST0224,2024-12-09,Mobile Payment,154.27
T0000191,C002337,ST0091,2025-07-21,Credit Card,154.49
T0000192,C000318,ST0117,2025-05-10,Credit Card,35.79
T0000193,C001234,ST0190,2025-03-14,Debit Card,114.29
T0000194,C008011,ST0314,2024-08-23,Debit Card,71.95
T0000195,C000030,ST0328,2025-09-13,Cash,29.06
T0000196,C008406,ST0063,2026-05-09,Mobile Payment,162.29
T0000197,C009879,ST0313,2025-01-23,Mobile Payment,141.88
T0000198,C008901,ST0315,2025-05-07,Credit Card,160.54
T0000199,C006565,ST0320,2025-12-28,Credit Card,101.53
T0000200,C009297,ST0237,2024-11-05,Cash,35.17
T0000201,C002316,ST0050,2026-03-22,Cash,74.83
T0000202,C008167,ST0241,2024-08-20,Credit Card,29.83
T0000203,C005353,ST0046,2024-11-21,Credit Card,179.07
T0000204,C008505,ST0277,2025-10-04,Cash,169.6
T0000205,C000437,ST0275,2025-04-22,Credit Card,8.13
T0000206,C001082,ST0242,2026-03-04,Credit Card,116.41
T0000207,C005152,ST0178,2025-11-21,Cash,126.88
T0000208,C001534,ST0228,2024-09-23,Cash,65.81
T0000209,C005151,ST0138,2025-12-20,Cash,191.74
T0000210,C006390,ST0145,2026-06-23,Cash,97.27
T0000211,C007504,ST0295,2025-11-08,Debit Card,194.58
T0000212,C005356,ST0291,2025-07-17,Cash,187.99
T0000213,C001368,ST0247,2025-10-13,Mobile Payment,247.35
T0000214,C000096,ST0167,2025-12-20,Credit Card,81.08
T0000215,C003805,ST0223,2024-09-16,Mobile Payment,148.03
T0000216,C001271,ST0167,2024-08-15,Mobile Payment,157.99
T0000217,C007914,ST0279,2024-12-01,Credit Card,219.08
T0000218,C002672,ST0067,2026-04-23,Credit Card,59.87
T0000219,C008755,ST0011,2025-08-03,Debit Card,53.74
T0000220,C007668,ST0223,2025-08-19,Mobile Payment,125.98
T0000221,C006301,ST0324,2025-02-14,Mobile Payment,207.13
T0000222,C009517,ST0348,2025-05-29,Credit Card,163.51
T0000223,C006414,ST0055,2026-07-06,Mobile Payment,146.25
T0000224,C003085,ST0332,2025-09-23,Credit Card,208.38
T0000225,C006487,ST0158,2025-11-11,Credit Card,15.16
T0000226,C000823,ST0127,2024-07-13,Credit Card,9.64
T0000227,C009076,ST0181,2024-10-04,Mobile Payment,193.86
T0000228,C005261,ST0336,2025-10-18,Cash,244.75
T0000229,C003690,ST0287,2025-02-13,Cash,147.45
T0000230,C000077,ST0189,2026-06-08,Cash,225.79
T0000231,C001754,ST0132,2024-07-28,Cash,150.43
T0000232,C000134,ST0283,2026-02-17,Credit Card,150.91
T0000233,C000404,ST0155,2026-04-02,Cash,13.22
T0000234,C009507,ST0017,2025-06-03,Credit Card,227.11
T0000235,C001211,ST0174,2026-03-02,Cash,67.21
T0000236,C009750,ST0247,2025-05-10,Mobile Payment,98.28
T0000237,C005131,ST0303,2025-04-04,Debit Card,18.45
T0000238,C008239,ST0193,2026-01-27,Credit Card,228.0
T0000239,C005892,ST0091,2025-12-02,Credit Card,195.2
T0000240,C006917,ST0343,2024-10-22,Credit Card,159.52
T0000241,C000696,ST0268,2024-07-15,Cash,235.18
T0000242,C009610,ST0196,2025-12-23,Credit Card,133.23
T0000243,C006871,ST0240,2024-08-20,Cash,188.21
T0000244,C009551,ST0024,2025-09-25,Debit Card,247.01
T0000245,C004235,ST0136,2025-02-16,Debit Card,81.73
T0000246,C009306,ST0042,2026-02-05,Cash,42.41
T0000247,C006117,ST0049,2025-10-09,Credit Card,244.54
T0000248,C005064,ST0347,2026-04-28,Mobile Payment,225.03
T0000249,C002770,ST0155,2025-05-12,Mobile Payment,101.84
T0000250,C005896,ST0275,2025-11-25,Mobile Payment,170.72
T0000251,C001750,ST0120,2026-04-13,Mobile Payment,50.21
T0000252,C007974,ST0292,2025-03-12,Mobile Payment,127.36
T0000253,C006417,ST0003,2026-05-21,Debit Card,57.79
T0000254,C008777,ST0291,2025-10-25,Credit Card,164.64
T0000255,C006150,ST0264,2026-01-14,Debit Card,35.34
T0000256,C004181,ST0080,2026-01-26,Mobile Payment,172.28
T0000257,C000508,ST0151,2025-07-24,Credit Card,192.47
T0000258,C003774,ST0334,2025-08-16,Cash,188.11
T0000259,C000917,ST0328,2025-09-20,Debit Card,72.45
T0000260,C006184,ST0321,2024-12-15,Cash,99.25
T0000261,C009750,ST0215,2025-04-24,Mobile Payment,174.95
T0000262,C009473,ST0344,2025-02-21,Mobile Payment,171.42
T0000263,C003553,ST0243,2026-04-22,Credit Card,191.17
T0000264,C009172,ST0013,2025-07-29,Mobile Payment,158.21
T0000265,C000095,ST0315,2026-07-04,Debit Card,237.11
T0000266,C003027,ST0344,2025-02-13,Mobile Payment,77.83
T0000267,C004628,ST0204,2025-12-02,Cash,207.03
T0000268,C005934,ST0262,2025-02-25,Cash,155.12
T0000269,C005696,ST0303,2025-04-13,Debit Card,236.99
T0000270,C005313,ST0338,2025-07-07,Mobile Payment,24.71
T0000271,C004192,ST0007,2025-12-17,Mobile Payment,93.67
T0000272,C000637,ST0266,2026-04-05,Credit Card,65.5
T0000273,C002804,ST0006,2025-10-25,Debit Card,246.88
T0000274,C007627,ST0300,2025-03-19,Cash,40.16
T0000275,C005265,ST0047,2024-09-25,Mobile Payment,36.67
T0000276,C002170,ST0299,2026-01-12,Cash,71.24
T0000277,C008872,ST0251,2025-08-02,Debit Card,222.78
T0000278,C003075,ST0113,2025-10-15,Mobile Payment,186.0
T0000279,C005802,ST0124,2025-07-01,Mobile Payment,205.3
T0000280,C007980,ST0114,2025-06-19,Cash,236.67
T0000281,C007908,ST0242,2024-11-09,Debit Card,243.34
T0000282,C008033,ST0001,2026-05-13,Cash,240.78
T0000283,C004516,ST0312,2024-11-27,Debit Card,98.27
T0000284,C008842,ST0158,2025-10-02,Mobile Payment,89.98
T0000285,C003437,ST0198,2025-05-16,Debit Card,109.94
T0000286,C009672,ST0015,2024-09-14,Mobile Payment,119.77
T0000287,C002021,ST0289,2025-08-20,Cash,15.16
T0000288,C004196,ST0002,2025-08-06,Cash,49.45
T0000289,C003228,ST0120,2025-11-15,Mobile Payment,46.41
T0000290,C007460,ST0301,2024-12-29,Debit Card,160.62
T0000291,C008691,ST0095,2024-07-18,Cash,35.24
T0000292,C003215,ST0098,2025-02-07,Cash,67.64
T0000293,C008969,ST0044,2026-05-01,Mobile Payment,134.36
T0000294,C001559,ST0119,2026-01-05,Credit Card,249.63
T0000295,C009408,ST0321,2025-10-31,Mobile Payment,215.17
T0000296,C000521,ST0319,2025-05-23,Credit Card,237.75
T0000297,C003927,ST0170,2025-08-18,Credit Card,71.67
T0000298,C002227,ST0179,2025-11-28,Debit Card,211.46
T0000299,C008154,ST0227,2026-03-09,Cash,130.78
T0000300,C003069,ST0083,2024-08-30,Credit Card,71.36
T0000301,C005692,ST0226,2024-09-12,Debit Card,145.15
T0000302,C007802,ST0325,2025-06-14,Credit Card,68.05
T0000303,C007913,ST0044,2024-07-16,Mobile Payment,95.76
T0000304,C001814,ST0349,2026-01-27,Mobile Payment,117.79
T0000305,C006006,ST0178,2025-08-06,Mobile Payment,34.27
T0000306,C005838,ST0113,2025-06-15,Debit Card,34.87
T0000307,C002370,ST0125,2026-02-11,Cash,248.6
T0000308,C006088,ST0048,2025-10-23,Mobile Payment,34.02
T0000309,C002651,ST0025,2026-07-06,Mobile Payment,241.85
T0000310,C009885,ST0059,2025-08-01,Mobile Payment,178.19
T0000311,C008711,ST0254,2024-12-13,Cash,113.84
T0000312,C006584,ST0341,2025-04-23,Cash,144.05
T0000313,C004987,ST0045,2025-01-08,Cash,91.75
T0000314,C001571,ST0002,2024-08-14,Credit Card,29.87
T0000315,C003858,ST0295,2024-11-25,Cash,218.85
T0000316,C003145,ST0209,2026-04-11,Cash,153.47
T0000317,C003354,ST0300,2025-01-12,Mobile Payment,36.84
T0000318,C006232,ST0333,2025-02-09,Credit Card,85.6
T0000319,C004804,ST0215,2025-02-20,Cash,115.41
T0000320,C008344,ST0294,2024-07-14,Debit Card,110.73
T0000321,C008396,ST0117,2025-05-03,Debit Card,81.18
T0000322,C003584,ST0223,2025-04-29,Debit Card,166.59
T0000323,C000670,ST0225,2024-10-19,Credit Card,5.21
T0000324,C000291,ST0291,2025-09-07,Cash,140.29
T0000325,C004723,ST0239,2024-11-22,Cash,249.31
T0000326,C000894,ST0057,2025-06-17,Credit Card,111.55
T0000327,C000052,ST0096,2026-03-13,Cash,166.57
T0000328,C003095,ST0306,2025-06-15,Cash,207.48
T0000329,C006301,ST0154,2024-12-09,Debit Card,60.66
T0000330,C006352,ST0302,2026-02-06,Mobile Payment,195.9
T0000331,C003369,ST0056,2024-08-08,Debit Card,118.57
T0000332,C007380,ST0153,2025-10-18,Credit Card,38.21
T0000333,C001351,ST0243,2025-05-19,Credit Card,230.26
T0000334,C000320,ST0244,2025-10-03,Mobile Payment,82.24
T0000335,C009089,ST0036,2025-10-03,Cash,105.44
T0000336,C005675,ST0279,2024-10-25,Debit Card,184.4
T0000337,C007809,ST0177,2026-03-04,Mobile Payment,84.99
T0000338,C008489,ST0042,2025-11-14,Cash,122.62
T0000339,C000737,ST0165,2024-12-09,Credit Card,174.0
T0000340,C004900,ST0335,2024-10-07,Credit Card,119.34
T0000341,C001202,ST0033,2024-09-25,Credit Card,131.15
T0000342,C009644,ST0345,2025-06-29,Credit Card,196.65
T0000343,C001862,ST0188,2024-12-14,Debit Card,89.79
T0000344,C003287,ST0352,2026-03-10,Cash,87.4
T0000345,C006000,ST0340,2024-10-16,Mobile Payment,167.68
T0000346,C003081,ST0064,2024-09-27,Cash,57.72
T0000347,C002237,ST0032,2026-02-04,Cash,26.14
T0000348,C008641,ST0151,2025-10-15,Mobile Payment,171.13
T0000349,C007118,ST0037,2025-10-15,Cash,143.97
T0000350,C005641,ST0331,2025-05-30,Mobile Payment,164.05
T0000351,C009924,ST0281,2024-08-21,Credit Card,69.9
T0000352,C007002,ST0041,2026-06-25,Cash,193.37
T0000353,C006823,ST0213,2026-07-03,Cash,107.81
T0000354,C008959,ST0309,2025-11-04,Debit Card,43.21
T0000355,C003240,ST0322,2025-04-09,Cash,100.79
T0000356,C006011,ST0137,2025-10-02,Credit Card,247.01
T0000357,C007188,ST0216,2025-11-01,Credit Card,88.58
T0000358,C008680,ST0239,2025-06-28,Cash,28.26
T0000359,C002149,ST0246,2025-04-11,Cash,155.22
T0000360,C003077,ST0170,2025-02-19,Mobile Payment,22.1
T0000361,C007044,ST0230,2024-08-28,Credit Card,226.06
T0000362,C002971,ST0244,2026-06-16,Credit Card,120.6
T0000363,C005892,ST0230,2025-10-05,Mobile Payment,153.68
T0000364,C000955,ST0054,2026-06-04,Mobile Payment,50.02
T0000365,C008798,ST0207,2025-12-12,Mobile Payment,163.71
T0000366,C003754,ST0209,2026-06-11,Cash,170.4
T0000367,C001483,ST0117,2025-01-29,Mobile Payment,206.39
T0000368,C005029,ST0130,2024-08-18,Cash,203.08
T0000369,C001101,ST0158,2024-10-22,Credit Card,236.23
T0000370,C007817,ST0005,2025-12-07,Credit Card,123.05
T0000371,C001326,ST0215,2026-03-14,Cash,136.43
T0000372,C002849,ST0293,2024-08-16,Mobile Payment,6.32
T0000373,C002225,ST0262,2025-01-12,Debit Card,204.1
T0000374,C001339,ST0041,2025-03-06,Debit Card,44.53
T0000375,C000608,ST0066,2024-07-22,Cash,166.51
T0000376,C000742,ST0102,2024-11-15,Credit Card,148.77
T0000377,C006147,ST0083,2026-04-01,Credit Card,195.43
T0000378,C001637,ST0334,2025-12-31,Credit Card,77.19
T0000379,C004882,ST0130,2025-11-11,Mobile Payment,239.53
T0000380,C006307,ST0198,2026-07-04,Mobile Payment,138.35
T0000381,C008869,ST0124,2025-12-13,Mobile Payment,167.01
T0000382,C006294,ST0242,2025-02-11,Debit Card,218.66
T0000383,C006608,ST0065,2025-03-07,Mobile Payment,247.21
T0000384,C001304,ST0249,2024-09-13,Cash,108.0
T0000385,C004211,ST0074,2026-06-12,Debit Card,212.6
T0000386,C000018,ST0014,2024-08-11,Debit Card,80.9
T0000387,C000413,ST0170,2025-04-22,Debit Card,25.58
T0000388,C004462,ST0301,2026-04-29,Mobile Payment,84.34
T0000389,C002428,ST0309,2026-06-06,Debit Card,240.53
T0000390,C000330,ST0164,2025-04-02,Mobile Payment,179.67
T0000391,C008557,ST0120,2024-10-26,Credit Card,97.98
T0000392,C005886,ST0209,2025-11-09,Debit Card,117.25
T0000393,C006979,ST0351,2025-09-27,Mobile Payment,25.64
T0000394,C008045,ST0092,2026-06-22,Mobile Payment,225.25
T0000395,C008122,ST0241,2024-07-23,Credit Card,140.59
T0000396,C002361,ST0098,2025-02-13,Debit Card,190.99
T0000397,C003086,ST0322,2026-02-20,Credit Card,50.07
T0000398,C009281,ST0075,2026-02-26,Debit Card,88.49
T0000399,C001124,ST0010,2026-04-07,Credit Card,62.58
T0000400,C006334,ST0216,2025-06-14,Mobile Payment,136.34
T0000401,C009681,ST0036,2024-08-04,Cash,207.32
T0000402,C002221,ST0094,2025-12-21,Credit Card,21.95
T0000403,C009225,ST0123,2025-06-15,Credit Card,59.39
T0000404,C001311,ST0106,2025-11-26,Cash,240.74
T0000405,C007079,ST0245,2026-03-27,Debit Card,238.1
T0000406,C008863,ST0272,2025-06-19,Mobile Payment,88.07
T0000407,C009371,ST0137,2025-03-27,Debit Card,159.43
T0000408,C002291,ST0015,2025-02-11,Debit Card,246.45
T0000409,C006276,ST0095,2025-12-19,Mobile Payment,174.2
T0000410,C001295,ST0299,2026-04-24,Cash,214.62
T0000411,C003347,ST0119,2024-11-17,Debit Card,123.83
T0000412,C007880,ST0331,2026-04-27,Debit Card,96.27
T0000413,C009072,ST0120,2026-05-29,Cash,145.24
T0000414,C007088,ST0296,2025-09-16,Debit Card,57.83
T0000415,C000169,ST0076,2026-05-29,Cash,142.31
T0000416,C004186,ST0025,2026-05-08,Cash,109.46
T0000417,C001547,ST0326,2024-07-15,Credit Card,69.94
T0000418,C006448,ST0159,2025-05-07,Credit Card,65.22
T0000419,C007021,ST0146,2026-01-16,Credit Card,83.28
T0000420,C009615,ST0223,2024-09-15,Debit Card,52.98
T0000421,C005505,ST0122,2024-08-24,Credit Card,220.37
T0000422,C001938,ST0216,2024-12-07,Credit Card,130.02
T0000423,C008880,ST0242,2026-01-08,Cash,141.45
T0000424,C000589,ST0264,2024-10-14,Cash,119.8
T0000425,C007193,ST0310,2026-02-02,Cash,39.59
T0000426,C000831,ST0152,2025-12-27,Mobile Payment,196.52
T0000427,C004291,ST0278,2025-08-14,Cash,139.67
T0000428,C007716,ST0200,2025-05-09,Mobile Payment,52.63
T0000429,C002291,ST0114,2025-10-21,Debit Card,63.96
T0000430,C009225,ST0103,2026-05-25,Mobile Payment,49.3
T0000431,C005142,ST0015,2024-11-29,Cash,68.47
T0000432,C009807,ST0131,2025-08-28,Cash,216.76
T0000433,C003132,ST0137,2026-02-03,Cash,189.56
T0000434,C004928,ST0338,2026-05-22,Cash,61.29
T0000435,C008869,ST0020,2026-02-22,Credit Card,178.73
T0000436,C005634,ST0202,2025-07-21,Debit Card,87.71
T0000437,C001558,ST0214,2025-10-07,Mobile Payment,70.33
T0000438,C007466,ST0061,2026-05-26,Mobile Payment,232.83
T0000439,C003346,ST0226,2025-05-02,Debit Card,87.1
T0000440,C005607,ST0025,2025-08-08,Cash,158.67
T0000441,C007342,ST0111,2026-02-12,Mobile Payment,223.1
T0000442,C002094,ST0103,2024-09-12,Mobile Payment,228.19
T0000443,C000115,ST0336,2024-12-10,Debit Card,11.58
T0000444,C002946,ST0066,2025-02-15,Cash,192.97
T0000445,C002973,ST0306,2025-11-05,Debit Card,121.57
T0000446,C001250,ST0183,2026-03-02,Debit Card,85.96
T0000447,C005848,ST0064,2025-12-02,Mobile Payment,214.21
T0000448,C004029,ST0131,2026-03-27,Cash,202.39
T0000449,C003054,ST0063,2025-08-01,Credit Card,210.53
T0000450,C006856,ST0113,2025-02-05,Debit Card,213.71
T0000451,C000311,ST0110,2025-04-26,Debit Card,192.48
T0000452,C001136,ST0011,2026-05-20,Cash,62.07
T0000453,C005606,ST0222,2026-05-18,Cash,85.54
T0000454,C006041,ST0054,2025-11-20,Mobile Payment,119.74
T0000455,C008627,ST0273,2025-08-21,Credit Card,82.33
T0000456,C007193,ST0039,2025-01-30,Mobile Payment,83.43
T0000457,C009674,ST0351,2026-07-07,Cash,80.53
T0000458,C005698,ST0251,2025-12-14,Cash,115.84
T0000459,C005197,ST0147,2024-12-15,Credit Card,164.32
T0000460,C006953,ST0239,2024-11-25,Credit Card,205.18
T0000461,C003178,ST0118,2025-07-24,Credit Card,176.47
T0000462,C002737,ST0159,2025-03-25,Credit Card,123.01
T0000463,C003336,ST0263,2025-06-26,Cash,144.87
T0000464,C006508,ST0059,2025-08-11,Debit Card,246.93
T0000465,C000182,ST0335,2024-12-06,Credit Card,159.54
T0000466,C003250,ST0158,2025-07-29,Debit Card,83.33
T0000467,C006168,ST0191,2026-06-04,Mobile Payment,221.06
T0000468,C007132,ST0311,2025-04-24,Debit Card,169.08
T0000469,C000975,ST0200,2026-01-23,Mobile Payment,172.01
T0000470,C007392,ST0141,2026-03-01,Mobile Payment,52.35
T0000471,C001253,ST0318,2025-01-18,Cash,120.86
T0000472,C000237,ST0244,2026-06-15,Cash,196.88
T0000473,C002962,ST0108,2025-10-18,Cash,169.19
T0000474,C004474,ST0221,2024-09-02,Credit Card,188.99
T0000475,C008584,ST0306,2026-01-10,Cash,44.84
T0000476,C001258,ST0158,2026-04-09,Credit Card,237.6
T0000477,C003551,ST0128,2024-08-25,Debit Card,15.87
T0000478,C002593,ST0290,2025-07-12,Credit Card,222.1
T0000479,C006627,ST0212,2025-02-19,Credit Card,92.67
T0000480,C007333,ST0350,2025-03-29,Debit Card,39.1
T0000481,C007338,ST0083,2025-04-21,Credit Card,249.99
T0000482,C008596,ST0072,2025-04-22,Debit Card,139.99
T0000483,C005648,ST0227,2025-12-30,Credit Card,33.55
T0000484,C001210,ST0158,2025-07-03,Credit Card,182.19
T0000485,C003519,ST0107,2025-02-11,Mobile Payment,69.38
T0000486,C009281,ST0281,2025-01-05,Cash,31.02
T0000487,C008448,ST0240,2026-07-04,Mobile Payment,220.85
T0000488,C002427,ST0172,2024-07-12,Mobile Payment,181.5
T0000489,C000430,ST0028,2026-05-02,Debit Card,5.61
T0000490,C005084,ST0094,2025-02-10,Debit Card,69.87
T0000491,C002826,ST0218,2024-07-28,Credit Card,225.09
T0000492,C002984,ST0294,2026-06-29,Debit Card,180.48
T0000493,C000981,ST0320,2026-02-18,Cash,100.43
T0000494,C001550,ST0303,2025-10-11,Debit Card,16.05
T0000495,C006578,ST0178,2025-01-04,Debit Card,39.15
T0000496,C002632,ST0326,2024-12-15,Mobile Payment,175.03
T0000497,C002644,ST0311,2026-05-20,Debit Card,192.1
T0000498,C008791,ST0150,2025-03-08,Mobile Payment,12.26
T0000499,C005102,ST0224,2025-06-04,Cash,213.56
T0000500,C001145,ST0318,2026-05-16,Credit Card,152.24
T0000501,C007578,ST0098,2026-02-24,Mobile Payment,168.82
T0000502,C009044,ST0182,2025-02-23,Debit Card,35.82
T0000503,C005083,ST0333,2025-12-23,Credit Card,93.57
T0000504,C001827,ST0150,2024-12-06,Debit Card,161.56
T0000505,C004018,ST0331,2025-12-01,Debit Card,90.27
T0000506,C004121,ST0351,2024-11-27,Debit Card,86.84
T0000507,C002885,ST0321,2026-03-04,Debit Card,237.64
T0000508,C004749,ST0202,2025-07-02,Debit Card,184.97
T0000509,C001934,ST0323,2025-09-01,Cash,204.34
T0000510,C001866,ST0139,2025-01-13,Debit Card,105.56
T0000511,C002662,ST0198,2025-06-28,Debit Card,83.88
T0000512,C002470,ST0290,2025-01-28,Mobile Payment,146.24
T0000513,C008698,ST0023,2025-11-11,Cash,25.82
T0000514,C009252,ST0209,2025-03-02,Debit Card,130.05
T0000515,C003994,ST0143,2025-11-23,Mobile Payment,126.65
T0000516,C006986,ST0082,2026-06-30,Mobile Payment,109.68
T0000517,C008612,ST0163,2024-09-16,Credit Card,26.8
T0000518,C007670,ST0214,2024-09-02,Mobile Payment,7.61
T0000519,C001061,ST0093,2024-10-05,Mobile Payment,178.32
T0000520,C004687,ST0245,2024-09-26,Mobile Payment,242.49
T0000521,C002002,ST0316,2024-08-16,Credit Card,159.25
T0000522,C007878,ST0350,2024-12-28,Mobile Payment,130.37
T0000523,C005171,ST0025,2025-06-26,Mobile Payment,130.69
T0000524,C003871,ST0094,2025-05-22,Credit Card,139.29
T0000525,C004148,ST0218,2025-09-25,Mobile Payment,229.84
T0000526,C004414,ST0083,2025-05-10,Debit Card,168.33
T0000527,C000094,ST0277,2026-04-21,Debit Card,217.51
T0000528,C003082,ST0218,2025-05-10,Mobile Payment,72.8
T0000529,C009821,ST0342,2025-09-10,Cash,88.89
T0000530,C003695,ST0149,2025-07-01,Credit Card,182.9
T0000531,C004702,ST0167,2025-11-05,Debit Card,141.05
T0000532,C005345,ST0047,2024-09-05,Credit Card,220.03
T0000533,C002205,ST0062,2024-07-18,Mobile Payment,158.08
T0000534,C008245,ST0259,2024-08-26,Credit Card,200.35
T0000535,C000106,ST0202,2026-05-08,Debit Card,114.33
T0000536,C000227,ST0115,2024-07-28,Credit Card,134.33
T0000537,C006070,ST0174,2025-07-07,Debit Card,66.72
T0000538,C003670,ST0314,2026-01-09,Mobile Payment,141.66
T0000539,C007241,ST0039,2025-04-28,Cash,168.21
T0000540,C001776,ST0211,2025-03-25,Credit Card,86.2
T0000541,C004450,ST0135,2026-05-07,Mobile Payment,162.02
T0000542,C005031,ST0042,2025-12-14,Credit Card,6.79
T0000543,C007419,ST0039,2024-07-25,Cash,52.85
T0000544,C002000,ST0031,2025-10-02,Cash,147.43
T0000545,C007633,ST0182,2024-07-17,Cash,195.25
T0000546,C000184,ST0311,2024-07-19,Cash,45.9
T0000547,C009013,ST0123,2025-07-24,Credit Card,163.72
T0000548,C004295,ST0197,2026-06-06,Cash,27.76
T0000549,C005194,ST0340,2026-02-03,Mobile Payment,158.76
T0000550,C007568,ST0168,2025-01-14,Mobile Payment,181.34
T0000551,C002011,ST0224,2025-03-05,Credit Card,178.27
T0000552,C000685,ST0246,2024-11-01,Credit Card,79.86
T0000553,C000602,ST0232,2024-11-16,Debit Card,82.38
T0000554,C006768,ST0260,2026-02-24,Cash,25.87
T0000555,C006229,ST0184,2024-10-03,Debit Card,27.69
T0000556,C003663,ST0046,2025-04-17,Debit Card,41.31
T0000557,C005684,ST0151,2025-11-11,Debit Card,144.81
T0000558,C003848,ST0199,2026-06-08,Cash,193.21
T0000559,C006186,ST0018,2024-08-04,Mobile Payment,248.76
T0000560,C006112,ST0185,2024-08-16,Debit Card,225.06
T0000561,C006570,ST0058,2026-04-19,Debit Card,142.25
T0000562,C001748,ST0025,2024-07-09,Mobile Payment,143.91
T0000563,C005013,ST0050,2025-08-14,Credit Card,156.67
T0000564,C006477,ST0025,2025-01-06,Debit Card,63.53
T0000565,C002759,ST0120,2026-04-12,Cash,11.8
T0000566,C007818,ST0229,2026-07-07,Debit Card,13.86
T0000567,C001935,ST0118,2024-09-21,Mobile Payment,188.71
T0000568,C000094,ST0319,2025-08-18,Debit Card,58.88
T0000569,C001736,ST0131,2026-06-09,Cash,32.63
T0000570,C004228,ST0320,2024-10-31,Mobile Payment,66.3
T0000571,C004325,ST0202,2025-09-11,Mobile Payment,60.34
T0000572,C002390,ST0216,2025-07-15,Credit Card,99.46
T0000573,C008479,ST0142,2026-02-13,Credit Card,61.62
T0000574,C005240,ST0089,2025-10-04,Credit Card,102.89
T0000575,C006689,ST0329,2025-07-04,Mobile Payment,178.78
T0000576,C008426,ST0183,2025-10-03,Mobile Payment,166.33
T0000577,C000701,ST0154,2025-08-20,Credit Card,155.32
T0000578,C001122,ST0141,2025-07-16,Credit Card,172.67
T0000579,C004522,ST0002,2026-03-27,Cash,25.47
T0000580,C004627,ST0290,2024-09-01,Mobile Payment,124.59
T0000581,C002408,ST0076,2025-05-12,Debit Card,84.22
T0000582,C008550,ST0027,2024-12-18,Mobile Payment,157.94
T0000583,C002006,ST0099,2026-06-27,Cash,49.61
T0000584,C002515,ST0209,2025-04-23,Credit Card,74.81
T0000585,C008286,ST0339,2025-03-06,Cash,140.62
T0000586,C009236,ST0050,2025-03-07,Cash,221.3
T0000587,C005852,ST0064,2025-08-24,Debit Card,166.05
T0000588,C002452,ST0276,2026-06-29,Mobile Payment,95.78
T0000589,C008003,ST0134,2024-11-19,Debit Card,216.14
T0000590,C007846,ST0077,2026-03-03,Debit Card,172.31
T0000591,C004365,ST0207,2025-10-17,Mobile Payment,243.94
T0000592,C009536,ST0075,2025-06-30,Debit Card,129.48
T0000593,C004716,ST0283,2026-03-30,Debit Card,168.22
T0000594,C001644,ST0341,2025-04-18,Credit Card,116.25
T0000595,C005696,ST0100,2026-04-08,Cash,220.15
T0000596,C003428,ST0033,2025-03-16,Credit Card,95.32
T0000597,C006516,ST0225,2025-09-13,Debit Card,137.16
T0000598,C008212,ST0252,2025-04-27,Cash,111.0
T0000599,C006827,ST0332,2025-08-16,Mobile Payment,127.01
T0000600,C001247,ST0159,2026-06-09,Credit Card,89.72
T0000601,C005209,ST0300,2025-12-05,Credit Card,81.84
T0000602,C005160,ST0299,2025-11-28,Credit Card,40.68
T0000603,C005613,ST0313,2026-04-22,Debit Card,228.05
T0000604,C008157,ST0105,2024-10-18,Debit Card,150.51
T0000605,C006325,ST0049,2026-01-17,Cash,171.49
T0000606,C001795,ST0235,2024-08-21,Mobile Payment,88.72
T0000607,C001852,ST0247,2024-11-21,Mobile Payment,19.4
T0000608,C004675,ST0338,2025-09-02,Mobile Payment,71.56
T0000609,C009433,ST0084,2025-06-29,Cash,87.51
T0000610,C003926,ST0258,2025-12-30,Cash,22.06
T0000611,C006842,ST0022,2026-01-05,Debit Card,248.05
T0000612,C008673,ST0040,2025-01-10,Mobile Payment,32.75
T0000613,C005510,ST0167,2026-02-11,Mobile Payment,164.93
T0000614,C003977,ST0219,2026-03-02,Mobile Payment,56.92
T0000615,C002961,ST0208,2026-04-15,Cash,234.73
T0000616,C008142,ST0034,2025-03-19,Debit Card,245.05
T0000617,C000299,ST0339,2026-04-05,Credit Card,237.23
T0000618,C005314,ST0197,2025-06-24,Cash,172.08
T0000619,C007679,ST0230,2024-08-25,Cash,119.75
T0000620,C007296,ST0100,2025-06-23,Credit Card,167.09
T0000621,C000635,ST0005,2026-06-08,Cash,35.59
T0000622,C007813,ST0017,2026-04-06,Debit Card,196.68
T0000623,C004494,ST0026,2026-03-19,Mobile Payment,192.59
T0000624,C008097,ST0018,2024-10-08,Mobile Payment,171.1
T0000625,C002573,ST0333,2025-01-05,Mobile Payment,81.96
T0000626,C001062,ST0151,2026-01-19,Credit Card,125.58
T0000627,C004062,ST0329,2026-03-22,Credit Card,67.93
T0000628,C008916,ST0226,2026-03-10,Cash,90.78
T0000629,C003193,ST0227,2026-01-24,Cash,95.83
T0000630,C000316,ST0164,2025-09-12,Mobile Payment,222.39
T0000631,C004594,ST0101,2026-03-24,Debit Card,245.82
T0000632,C006414,ST0281,2026-01-11,Cash,106.59
T0000633,C002537,ST0279,2025-02-08,Credit Card,25.35
T0000634,C006026,ST0312,2026-05-23,Debit Card,91.99
T0000635,C004386,ST0193,2025-01-21,Debit Card,61.22
T0000636,C004146,ST0155,2026-02-05,Cash,216.41
T0000637,C000065,ST0024,2025-05-18,Debit Card,150.21
T0000638,C000100,ST0174,2026-02-08,Mobile Payment,19.23
T0000639,C000444,ST0093,2024-11-20,Credit Card,217.79
T0000640,C003375,ST0235,2026-04-22,Cash,59.57
T0000641,C009298,ST0007,2026-06-26,Cash,130.85
T0000642,C009089,ST0286,2024-07-29,Debit Card,18.63
T0000643,C004210,ST0237,2025-12-06,Mobile Payment,64.04
T0000644,C003712,ST0083,2026-01-09,Debit Card,217.5
T0000645,C001704,ST0300,2025-03-31,Credit Card,162.02
T0000646,C001966,ST0146,2024-10-08,Debit Card,28.51
T0000647,C007219,ST0247,2025-07-12,Cash,33.25
T0000648,C003267,ST0273,2026-01-02,Cash,141.89
T0000649,C001467,ST0173,2025-08-26,Mobile Payment,118.33
T0000650,C000113,ST0051,2025-04-18,Credit Card,141.78
T0000651,C004976,ST0113,2026-01-02,Credit Card,98.28
T0000652,C009240,ST0243,2025-07-14,Cash,222.55
T0000653,C001728,ST0301,2026-01-20,Debit Card,145.54
T0000654,C000644,ST0144,2026-07-04,Mobile Payment,12.27
T0000655,C008934,ST0266,2025-04-11,Debit Card,58.64
T0000656,C003399,ST0232,2024-09-15,Debit Card,120.95
T0000657,C009199,ST0187,2025-04-11,Cash,162.68
T0000658,C009368,ST0034,2026-01-15,Mobile Payment,236.39
T0000659,C006306,ST0027,2025-07-21,Cash,94.57
T0000660,C004772,ST0296,2026-06-25,Mobile Payment,69.73
T0000661,C001658,ST0327,2025-05-29,Cash,194.83
T0000662,C002992,ST0228,2025-07-05,Mobile Payment,47.16
T0000663,C000657,ST0130,2025-03-12,Cash,191.03
T0000664,C006831,ST0065,2025-02-01,Cash,92.33
T0000665,C006781,ST0066,2025-05-01,Mobile Payment,40.82
T0000666,C008546,ST0122,2025-06-06,Credit Card,99.25
T0000667,C005937,ST0213,2024-08-26,Debit Card,82.84
T0000668,C008538,ST0025,2024-09-05,Credit Card,156.11
T0000669,C006549,ST0236,2025-09-14,Mobile Payment,192.46
T0000670,C002886,ST0088,2024-10-31,Debit Card,36.57
T0000671,C004873,ST0273,2026-02-16,Credit Card,191.28
T0000672,C000374,ST0256,2025-05-20,Credit Card,136.64
T0000673,C004486,ST0127,2025-08-21,Credit Card,194.23
T0000674,C004474,ST0025,2025-06-14,Mobile Payment,202.09
T0000675,C000706,ST0254,2026-01-25,Cash,66.02
T0000676,C005275,ST0071,2025-10-22,Mobile Payment,192.8
T0000677,C009797,ST0291,2024-11-20,Debit Card,205.95
T0000678,C001413,ST0142,2025-10-27,Cash,13.09
T0000679,C009168,ST0019,2025-01-04,Cash,80.96
T0000680,C000189,ST0001,2025-02-28,Cash,146.55
T0000681,C001273,ST0161,2025-09-16,Mobile Payment,236.29
T0000682,C002250,ST0337,2024-10-15,Mobile Payment,138.96
T0000683,C007950,ST0144,2025-04-18,Mobile Payment,88.54
T0000684,C009958,ST0074,2025-10-05,Cash,135.49
T0000685,C000432,ST0199,2026-03-09,Cash,163.24
T0000686,C008192,ST0050,2024-11-20,Credit Card,227.72
T0000687,C001642,ST0063,2026-04-25,Cash,129.83
T0000688,C006996,ST0258,2025-01-22,Cash,238.9
T0000689,C005246,ST0155,2025-02-18,Mobile Payment,111.45
T0000690,C009310,ST0268,2025-02-17,Credit Card,162.07
T0000691,C001858,ST0253,2024-09-26,Cash,90.73
T0000692,C006046,ST0105,2025-01-06,Credit Card,169.48
T0000693,C009797,ST0275,2025-01-07,Cash,113.69
T0000694,C000108,ST0323,2025-01-12,Credit Card,33.0
T0000695,C003109,ST0266,2025-05-21,Debit Card,68.86
T0000696,C003977,ST0022,2025-06-13,Mobile Payment,132.78
T0000697,C009021,ST0174,2026-02-03,Cash,148.74
T0000698,C003455,ST0228,2025-11-07,Debit Card,81.81
T0000699,C008942,ST0035,2024-11-22,Credit Card,86.97
T0000700,C002645,ST0087,2026-06-03,Credit Card,25.07
T0000701,C007928,ST0085,2025-12-01,Cash,13.11
T0000702,C005377,ST0161,2026-04-06,Cash,107.26
T0000703,C002469,ST0004,2026-05-17,Mobile Payment,100.84
T0000704,C001603,ST0073,2025-10-03,Debit Card,38.35
T0000705,C008830,ST0149,2025-05-27,Cash,201.56
T0000706,C004004,ST0243,2026-01-28,Credit Card,246.23
T0000707,C004227,ST0346,2026-02-21,Credit Card,212.02
T0000708,C003681,ST0309,2025-10-21,Mobile Payment,57.08
T0000709,C002115,ST0023,2024-11-15,Mobile Payment,100.78
T0000710,C009089,ST0073,2025-09-20,Cash,102.22
T0000711,C001547,ST0309,2026-05-10,Debit Card,75.9
T0000712,C000091,ST0064,2025-12-14,Credit Card,13.7
T0000713,C001749,ST0275,2024-07-10,Cash,126.94
T0000714,C001700,ST0260,2026-01-15,Credit Card,86.37
T0000715,C005747,ST0029,2025-09-10,Debit Card,67.87
T0000716,C007592,ST0069,2024-07-10,Mobile Payment,239.73
T0000717,C007340,ST0131,2024-08-26,Mobile Payment,5.54
T0000718,C004846,ST0175,2025-04-28,Mobile Payment,157.85
T0000719,C003771,ST0197,2025-08-15,Credit Card,169.4
T0000720,C007993,ST0076,2026-03-30,Cash,176.57
T0000721,C009132,ST0189,2025-02-16,Cash,245.26
T0000722,C005936,ST0343,2024-12-20,Mobile Payment,166.5
T0000723,C004102,ST0083,2024-11-21,Debit Card,29.87
T0000724,C002234,ST0016,2026-01-01,Cash,231.22
T0000725,C009434,ST0245,2026-02-28,Mobile Payment,110.73
T0000726,C007400,ST0290,2026-04-10,Debit Card,51.46
T0000727,C006114,ST0235,2024-10-27,Mobile Payment,216.54
T0000728,C005769,ST0201,2024-09-01,Credit Card,188.23
T0000729,C008662,ST0313,2026-06-03,Cash,149.11
T0000730,C000604,ST0264,2024-08-24,Credit Card,210.15
T0000731,C005230,ST0277,2026-06-27,Debit Card,75.83
T0000732,C002086,ST0273,2025-01-31,Debit Card,191.71
T0000733,C000622,ST0347,2025-08-14,Debit Card,67.7
T0000734,C002016,ST0232,2025-12-06,Debit Card,239.91
T0000735,C001144,ST0194,2026-03-25,Cash,11.74
T0000736,C004392,ST0296,2025-07-29,Credit Card,18.63
T0000737,C002512,ST0116,2026-03-04,Mobile Payment,153.76
T0000738,C003196,ST0171,2026-03-22,Cash,135.98
T0000739,C009537,ST0252,2025-04-12,Credit Card,48.79
T0000740,C004760,ST0262,2024-12-28,Cash,38.18
T0000741,C005193,ST0166,2026-02-18,Debit Card,146.23
T0000742,C001594,ST0024,2025-09-27,Cash,223.94
T0000743,C009493,ST0130,2024-12-20,Cash,14.6
T0000744,C009062,ST0167,2025-07-03,Credit Card,226.83
T0000745,C004860,ST0307,2025-12-07,Debit Card,132.91
T0000746,C008911,ST0154,2024-12-23,Debit Card,232.6
T0000747,C002140,ST0255,2025-11-09,Credit Card,163.09
T0000748,C001000,ST0099,2024-08-17,Credit Card,174.95
T0000749,C008241,ST0173,2025-12-27,Mobile Payment,244.08
T0000750,C002178,ST0238,2024-07-21,Debit Card,172.54
T0000751,C008564,ST0241,2025-10-15,Cash,96.18
T0000752,C000818,ST0120,2025-08-09,Cash,148.41
T0000753,C007698,ST0342,2026-01-29,Credit Card,65.67
T0000754,C001082,ST0051,2026-06-27,Debit Card,68.12
T0000755,C006053,ST0182,2024-08-17,Credit Card,33.66
T0000756,C000181,ST0268,2026-06-05,Cash,138.56
T0000757,C005392,ST0275,2026-01-30,Mobile Payment,84.25
T0000758,C007218,ST0099,2025-02-16,Mobile Payment,10.79
T0000759,C003791,ST0009,2025-01-17,Cash,11.91
T0000760,C001318,ST0047,2026-03-09,Mobile Payment,91.0
T0000761,C005433,ST0322,2025-06-24,Debit Card,100.54
T0000762,C002791,ST0205,2026-01-22,Cash,167.88
T0000763,C001595,ST0053,2025-10-01,Credit Card,206.07
T0000764,C008831,ST0218,2025-07-17,Credit Card,182.55
T0000765,C009104,ST0030,2026-06-28,Credit Card,205.47
T0000766,C006510,ST0073,2024-08-07,Debit Card,104.03
T0000767,C001881,ST0277,2024-09-09,Debit Card,64.36
T0000768,C005124,ST0331,2025-02-09,Cash,62.42
T0000769,C003465,ST0159,2026-06-22,Credit Card,27.83
T0000770,C002497,ST0285,2025-05-19,Debit Card,42.78
T0000771,C009846,ST0022,2025-11-09,Cash,132.9
T0000772,C000179,ST0035,2026-06-07,Cash,214.54
T0000773,C008448,ST0323,2025-10-16,Mobile Payment,207.34
T0000774,C004308,ST0044,2026-05-01,Mobile Payment,104.11
T0000775,C002928,ST0208,2024-10-09,Mobile Payment,47.81
T0000776,C005720,ST0148,2025-01-08,Debit Card,129.22
T0000777,C009113,ST0220,2024-12-10,Debit Card,141.4
T0000778,C005217,ST0173,2025-02-06,Cash,211.58
T0000779,C000930,ST0114,2025-02-18,Mobile Payment,70.68
T0000780,C001140,ST0021,2026-02-26,Credit Card,220.48
T0000781,C004404,ST0019,2026-05-25,Debit Card,204.51
T0000782,C003177,ST0254,2026-03-05,Mobile Payment,159.43
T0000783,C002279,ST0275,2025-12-24,Debit Card,156.43
T0000784,C006869,ST0316,2024-08-03,Cash,9.35
T0000785,C008412,ST0045,2025-12-14,Credit Card,157.82
T0000786,C006235,ST0316,2025-07-15,Debit Card,196.8
T0000787,C002448,ST0279,2025-06-25,Credit Card,56.76
T0000788,C007177,ST0001,2024-08-31,Cash,161.03
T0000789,C007063,ST0196,2024-12-04,Credit Card,87.0
T0000790,C006565,ST0222,2026-02-25,Cash,125.52
T0000791,C002800,ST0200,2026-01-25,Debit Card,122.81
T0000792,C003659,ST0255,2025-06-07,Cash,242.65
T0000793,C001627,ST0071,2025-07-24,Debit Card,79.82
T0000794,C001686,ST0111,2026-01-18,Cash,50.96
T0000795,C001605,ST0102,2024-11-16,Credit Card,67.82
T0000796,C003231,ST0090,2025-01-22,Debit Card,150.96
T0000797,C001321,ST0251,2025-03-29,Credit Card,16.96
T0000798,C007362,ST0036,2025-05-01,Credit Card,144.28
T0000799,C009627,ST0060,2024-12-02,Debit Card,226.08
T0000800,C002059,ST0003,2025-08-15,Debit Card,48.47
T0000801,C001294,ST0337,2024-08-21,Cash,190.61
T0000802,C002593,ST0214,2024-07-19,Cash,238.08
T0000803,C002557,ST0296,2026-01-20,Mobile Payment,96.88
T0000804,C006852,ST0044,2025-10-29,Debit Card,97.86
T0000805,C007918,ST0120,2025-10-07,Credit Card,85.17
T0000806,C007043,ST0013,2025-06-12,Mobile Payment,102.36
T0000807,C001489,ST0121,2025-10-26,Debit Card,5.12
T0000808,C004185,ST0171,2025-07-04,Cash,29.54
T0000809,C000573,ST0331,2025-08-08,Cash,160.05
T0000810,C004525,ST0246,2025-07-06,Credit Card,241.25
T0000811,C003287,ST0325,2026-06-03,Credit Card,180.82
T0000812,C009949,ST0238,2024-07-15,Cash,180.19
T0000813,C002986,ST0114,2024-11-30,Credit Card,120.96
T0000814,C008323,ST0192,2025-03-23,Cash,136.27
T0000815,C002914,ST0183,2026-05-13,Debit Card,157.91
T0000816,C005680,ST0287,2024-11-11,Mobile Payment,37.9
T0000817,C004370,ST0134,2025-09-01,Mobile Payment,84.73
T0000818,C000763,ST0103,2025-05-02,Debit Card,212.73
T0000819,C006125,ST0297,2024-08-17,Cash,129.89
T0000820,C004399,ST0352,2024-10-20,Mobile Payment,25.99
T0000821,C005864,ST0295,2025-04-23,Mobile Payment,72.52
T0000822,C003016,ST0029,2024-09-05,Mobile Payment,72.59
T0000823,C004130,ST0188,2025-11-07,Credit Card,225.16
T0000824,C004164,ST0334,2025-10-03,Debit Card,83.43
T0000825,C003374,ST0323,2025-04-30,Credit Card,31.95
T0000826,C008602,ST0027,2024-10-06,Credit Card,238.18
T0000827,C001468,ST0302,2026-06-21,Cash,157.28
T0000828,C008506,ST0110,2025-07-25,Cash,31.36
T0000829,C005134,ST0322,2024-09-08,Mobile Payment,21.89
T0000830,C006603,ST0263,2026-01-02,Debit Card,109.18
T0000831,C003320,ST0183,2025-08-27,Mobile Payment,94.75
T0000832,C000965,ST0166,2024-08-20,Credit Card,170.32
T0000833,C008849,ST0247,2025-04-25,Credit Card,135.92
T0000834,C004680,ST0075,2024-11-29,Mobile Payment,169.1
T0000835,C002705,ST0223,2025-01-08,Debit Card,218.42
T0000836,C004328,ST0221,2026-02-21,Cash,36.96
T0000837,C006085,ST0255,2025-08-17,Debit Card,18.49
T0000838,C008331,ST0008,2025-05-26,Cash,140.85
T0000839,C006653,ST0176,2025-11-19,Debit Card,136.17
T0000840,C009067,ST0267,2026-04-14,Debit Card,202.81
T0000841,C002075,ST0006,2024-09-02,Cash,18.89
T0000842,C004333,ST0178,2025-03-04,Cash,222.69
T0000843,C005968,ST0314,2026-04-25,Debit Card,171.08
T0000844,C005451,ST0108,2026-02-03,Debit Card,168.55
T0000845,C008164,ST0201,2025-04-12,Cash,98.75
T0000846,C004422,ST0272,2026-02-16,Cash,77.37
T0000847,C007636,ST0028,2025-12-05,Credit Card,164.88
T0000848,C009535,ST0313,2026-01-07,Debit Card,222.55
T0000849,C007169,ST0309,2024-08-25,Credit Card,192.47
T0000850,C009868,ST0184,2026-05-09,Credit Card,139.22
T0000851,C000754,ST0150,2025-10-26,Credit Card,205.16
T0000852,C009905,ST0164,2025-02-19,Debit Card,51.18
T0000853,C007341,ST0161,2024-11-04,Credit Card,83.55
T0000854,C009470,ST0059,2025-03-22,Credit Card,235.79
T0000855,C006120,ST0051,2026-01-06,Mobile Payment,152.71
T0000856,C003223,ST0058,2025-10-06,Debit Card,198.9
T0000857,C006127,ST0105,2026-02-10,Credit Card,73.4
T0000858,C006059,ST0072,2026-05-03,Mobile Payment,22.72
T0000859,C009618,ST0313,2025-11-17,Cash,209.87
T0000860,C005960,ST0299,2025-04-21,Debit Card,80.38
T0000861,C003647,ST0064,2025-08-04,Debit Card,88.28
T0000862,C002342,ST0187,2025-03-28,Debit Card,233.94
T0000863,C000874,ST0063,2025-09-16,Mobile Payment,182.85
T0000864,C004073,ST0248,2026-06-15,Debit Card,36.88
T0000865,C005007,ST0319,2026-05-25,Credit Card,112.61
T0000866,C001668,ST0061,2025-04-09,Mobile Payment,117.49
T0000867,C009290,ST0237,2025-07-04,Debit Card,121.12
T0000868,C003066,ST0058,2026-05-21,Debit Card,13.17
T0000869,C000005,ST0205,2026-01-03,Mobile Payment,159.71
T0000870,C003664,ST0207,2026-05-20,Credit Card,55.24
T0000871,C006420,ST0094,2026-02-07,Mobile Payment,165.25
T0000872,C000680,ST0029,2024-07-30,Mobile Payment,97.05
T0000873,C008330,ST0213,2024-12-30,Credit Card,52.84
T0000874,C008849,ST0225,2025-09-12,Debit Card,38.08
T0000875,C002115,ST0250,2025-12-06,Cash,178.27
T0000876,C005631,ST0038,2025-01-17,Credit Card,160.0
T0000877,C005487,ST0036,2026-05-14,Mobile Payment,249.28
T0000878,C002569,ST0154,2025-05-21,Debit Card,101.83
T0000879,C005678,ST0064,2026-01-28,Credit Card,188.17
T0000880,C005799,ST0146,2025-01-18,Credit Card,133.11
T0000881,C002371,ST0133,2025-12-30,Debit Card,15.7
T0000882,C000619,ST0206,2025-08-24,Mobile Payment,156.59
T0000883,C006344,ST0118,2024-10-21,Cash,170.6
T0000884,C009124,ST0195,2024-08-15,Debit Card,161.62
T0000885,C004420,ST0252,2025-04-14,Credit Card,185.33
T0000886,C006272,ST0233,2026-05-29,Credit Card,37.05
T0000887,C009854,ST0267,2025-06-16,Debit Card,238.0
T0000888,C005375,ST0264,2025-06-17,Cash,221.18
T0000889,C001334,ST0322,2024-11-25,Credit Card,222.65
T0000890,C000200,ST0338,2025-10-28,Credit Card,5.03
T0000891,C005835,ST0004,2024-07-26,Mobile Payment,83.71
T0000892,C007101,ST0255,2024-08-06,Credit Card,20.44
T0000893,C007312,ST0344,2024-12-03,Cash,37.43
T0000894,C002187,ST0273,2026-02-20,Debit Card,152.46
T0000895,C004463,ST0004,2024-07-20,Cash,198.0
T0000896,C009309,ST0078,2026-01-15,Cash,195.57
T0000897,C009326,ST0040,2026-03-07,Cash,101.09
T0000898,C006561,ST0313,2024-11-05,Cash,168.69
T0000899,C006833,ST0141,2025-04-06,Mobile Payment,214.9
T0000900,C006477,ST0144,2026-03-09,Credit Card,163.96
T0000901,C007269,ST0267,2026-02-07,Debit Card,58.51
T0000902,C002531,ST0166,2025-05-27,Credit Card,69.13
T0000903,C006322,ST0057,2026-05-31,Mobile Payment,122.6
T0000904,C001124,ST0270,2025-11-09,Cash,161.16
T0000905,C008964,ST0116,2026-03-09,Mobile Payment,98.66
T0000906,C000916,ST0112,2024-12-08,Mobile Payment,168.04
T0000907,C009163,ST0191,2025-02-25,Cash,64.71
T0000908,C005625,ST0253,2025-07-28,Mobile Payment,195.99
T0000909,C001783,ST0265,2025-12-23,Cash,186.07
T0000910,C008212,ST0091,2025-01-08,Mobile Payment,101.97
T0000911,C006175,ST0238,2025-05-28,Mobile Payment,64.22
T0000912,C007278,ST0271,2024-08-23,Credit Card,60.62
T0000913,C002977,ST0230,2024-11-23,Cash,99.31
T0000914,C009287,ST0295,2025-10-02,Debit Card,55.46
T0000915,C003429,ST0141,2025-02-17,Credit Card,163.84
T0000916,C008473,ST0296,2024-08-03,Cash,44.96
T0000917,C006577,ST0078,2024-12-22,Debit Card,34.67
T0000918,C009912,ST0180,2026-07-01,Debit Card,179.91
T0000919,C003135,ST0024,2026-02-07,Debit Card,70.21
T0000920,C005202,ST0145,2024-09-07,Cash,31.06
T0000921,C009749,ST0337,2025-10-26,Cash,51.23
T0000922,C002045,ST0311,2026-04-21,Credit Card,188.22
T0000923,C005018,ST0301,2025-05-22,Debit Card,83.66
T0000924,C007666,ST0126,2025-02-05,Cash,149.58
T0000925,C004188,ST0326,2026-05-18,Mobile Payment,66.24
T0000926,C008147,ST0341,2025-04-16,Mobile Payment,227.82
T0000927,C000087,ST0222,2025-01-02,Mobile Payment,233.74
T0000928,C006856,ST0115,2026-05-19,Debit Card,151.58
T0000929,C005937,ST0088,2026-06-21,Debit Card,124.08
T0000930,C008847,ST0055,2026-06-17,Debit Card,236.39
T0000931,C009453,ST0110,2024-07-31,Credit Card,127.34
T0000932,C002877,ST0257,2025-08-10,Cash,133.46
T0000933,C009748,ST0182,2025-12-19,Mobile Payment,135.07
T0000934,C003256,ST0267,2025-10-06,Debit Card,75.68
T0000935,C003211,ST0120,2024-08-13,Cash,199.03
T0000936,C000464,ST0072,2025-07-21,Debit Card,99.47
T0000937,C000684,ST0176,2026-05-01,Credit Card,44.99
T0000938,C005503,ST0100,2026-01-17,Mobile Payment,207.22
T0000939,C001580,ST0027,2026-02-24,Credit Card,215.66
T0000940,C006838,ST0093,2025-05-17,Mobile Payment,203.14
T0000941,C009884,ST0150,2025-08-26,Cash,178.19
T0000942,C004517,ST0021,2024-12-15,Credit Card,146.82
T0000943,C003966,ST0217,2026-04-07,Credit Card,140.5
T0000944,C008472,ST0158,2024-08-31,Debit Card,217.99
T0000945,C006010,ST0051,2025-09-09,Cash,156.61
T0000946,C001431,ST0139,2024-11-06,Credit Card,49.19
T0000947,C002939,ST0259,2024-11-10,Cash,103.16
T0000948,C003875,ST0234,2025-01-09,Debit Card,90.12
T0000949,C003200,ST0118,2025-12-03,Cash,108.58
T0000950,C003695,ST0118,2025-07-13,Credit Card,234.6
T0000951,C000552,ST0182,2026-02-23,Mobile Payment,105.1
T0000952,C002593,ST0146,2024-12-05,Cash,17.45
T0000953,C000719,ST0126,2026-02-04,Debit Card,204.73
T0000954,C006712,ST0163,2026-04-29,Debit Card,10.38
T0000955,C005334,ST0320,2024-10-30,Cash,66.09
T0000956,C000306,ST0276,2025-08-23,Cash,134.44
T0000957,C009022,ST0275,2025-02-16,Mobile Payment,70.46
T0000958,C003868,ST0298,2026-04-21,Credit Card,94.63
T0000959,C003829,ST0213,2024-10-18,Debit Card,86.4
T0000960,C006960,ST0256,2026-05-24,Mobile Payment,104.44
T0000961,C003965,ST0201,2024-09-23,Debit Card,82.6
T0000962,C007438,ST0344,2025-10-20,Cash,198.49
T0000963,C002485,ST0244,2026-04-23,Cash,226.04
T0000964,C001267,ST0070,2025-07-23,Mobile Payment,105.96
T0000965,C007391,ST0007,2025-07-27,Debit Card,11.47
T0000966,C002116,ST0279,2024-12-10,Mobile Payment,101.41
T0000967,C003703,ST0263,2025-05-04,Debit Card,167.81
T0000968,C008908,ST0296,2025-07-14,Cash,248.58
T0000969,C001426,ST0188,2025-12-29,Debit Card,132.24
T0000970,C009939,ST0141,2024-12-25,Credit Card,71.84
T0000971,C001626,ST0066,2025-05-12,Debit Card,187.11
T0000972,C007617,ST0110,2025-11-18,Credit Card,68.26
T0000973,C001563,ST0020,2025-12-22,Cash,198.88
T0000974,C008475,ST0188,2025-12-09,Mobile Payment,57.11
T0000975,C008844,ST0282,2026-03-10,Mobile Payment,135.38
T0000976,C004614,ST0255,2024-08-13,Credit Card,194.97
T0000977,C009678,ST0041,2024-12-11,Credit Card,198.44
T0000978,C008092,ST0286,2025-08-19,Cash,113.95
T0000979,C001185,ST0230,2024-12-20,Debit Card,80.43
T0000980,C001595,ST0007,2025-02-03,Mobile Payment,228.25
T0000981,C006835,ST0281,2025-05-29,Mobile Payment,248.82
T0000982,C006577,ST0305,2024-09-11,Cash,71.82
T0000983,C007225,ST0135,2026-03-17,Cash,109.91
T0000984,C003417,ST0143,2025-10-30,Cash,72.38
T0000985,C004206,ST0275,2026-04-18,Mobile Payment,11.94
T0000986,C007684,ST0108,2026-04-08,Debit Card,198.11
T0000987,C007735,ST0253,2025-08-14,Debit Card,203.6
T0000988,C002433,ST0017,2025-05-28,Cash,38.28
T0000989,C004085,ST0220,2025-09-12,Mobile Payment,101.02
T0000990,C003452,ST0265,2025-08-20,Credit Card,31.21
T0000991,C003414,ST0035,2025-07-18,Mobile Payment,118.92
T0000992,C001215,ST0336,2025-06-26,Credit Card,246.99
T0000993,C000003,ST0213,2025-11-15,Mobile Payment,241.66
T0000994,C009995,ST0322,2026-04-29,Cash,79.09
T0000995,C001813,ST0006,2025-12-05,Mobile Payment,228.34
T0000996,C004782,ST0034,2026-06-29,Credit Card,43.58
T0000997,C009601,ST0122,2025-09-13,Mobile Payment,231.17
T0000998,C003841,ST0107,2025-10-16,Cash,78.49
T0000999,C003718,ST0267,2025-05-06,Mobile Payment,127.97
T0001000,C004343,ST0209,2025-05-10,Debit Card,25.16
T0001001,C006391,ST0238,2026-01-23,Debit Card,95.63
T0001002,C006558,ST0225,2024-12-10,Mobile Payment,21.19
T0001003,C006284,ST0221,2025-08-25,Mobile Payment,71.13
T0001004,C006246,ST0336,2025-09-30,Debit Card,93.4
T0001005,C000898,ST0310,2024-12-15,Credit Card,229.93
T0001006,C005100,ST0044,2025-12-24,Mobile Payment,95.99
T0001007,C007398,ST0017,2024-09-18,Cash,235.59
T0001008,C000918,ST0257,2026-02-25,Credit Card,128.02
T0001009,C003684,ST0300,2024-07-11,Debit Card,208.79
T0001010,C008611,ST0079,2025-08-09,Credit Card,215.99
T0001011,C002258,ST0111,2026-06-18,Debit Card,10.22
T0001012,C001453,ST0135,2025-03-24,Mobile Payment,115.32
T0001013,C002972,ST0045,2025-02-14,Cash,160.34
T0001014,C006088,ST0307,2025-09-29,Debit Card,25.86
T0001015,C002354,ST0034,2025-07-10,Credit Card,181.55
T0001016,C006950,ST0137,2025-04-16,Debit Card,154.62
T0001017,C000355,ST0112,2024-09-30,Cash,17.39
T0001018,C006783,ST0218,2025-03-02,Mobile Payment,22.56
T0001019,C007033,ST0209,2026-01-02,Debit Card,10.87
T0001020,C005447,ST0292,2025-06-11,Debit Card,16.17
T0001021,C005361,ST0142,2025-11-19,Credit Card,233.17
T0001022,C004252,ST0027,2025-11-28,Debit Card,19.53
T0001023,C002979,ST0124,2025-03-19,Credit Card,174.77
T0001024,C000012,ST0065,2025-01-09,Mobile Payment,26.91
T0001025,C006477,ST0244,2026-01-19,Debit Card,154.61
T0001026,C003838,ST0053,2025-02-25,Debit Card,5.49
T0001027,C005750,ST0235,2026-03-06,Cash,134.44
T0001028,C006342,ST0135,2024-10-26,Debit Card,180.29
T0001029,C005369,ST0082,2024-11-20,Mobile Payment,182.58
T0001030,C009953,ST0230,2024-11-24,Cash,70.67
T0001031,C003230,ST0126,2024-10-07,Cash,224.52
T0001032,C003832,ST0043,2025-10-10,Credit Card,33.47
T0001033,C004158,ST0236,2025-06-08,Mobile Payment,42.63
T0001034,C004988,ST0179,2025-11-27,Cash,66.91
T0001035,C000991,ST0081,2025-05-14,Debit Card,181.31
T0001036,C006569,ST0173,2025-01-07,Mobile Payment,217.96
T0001037,C000545,ST0054,2025-01-03,Mobile Payment,107.85
T0001038,C009870,ST0107,2024-07-28,Debit Card,234.96
T0001039,C003140,ST0203,2024-09-29,Credit Card,81.21
T0001040,C009635,ST0083,2025-04-07,Mobile Payment,11.36
T0001041,C002226,ST0169,2025-01-21,Credit Card,91.07
T0001042,C002893,ST0325,2025-09-13,Cash,77.99
T0001043,C006554,ST0297,2025-02-23,Credit Card,8.15
T0001044,C004219,ST0140,2024-09-15,Mobile Payment,181.07
T0001045,C004351,ST0099,2025-02-16,Debit Card,222.43
T0001046,C006689,ST0202,2024-08-22,Mobile Payment,22.81
T0001047,C003497,ST0040,2025-04-17,Debit Card,151.92
T0001048,C000150,ST0346,2025-10-31,Credit Card,85.18
T0001049,C009690,ST0267,2025-03-25,Debit Card,144.63
T0001050,C009195,ST0194,2024-11-20,Mobile Payment,117.88
T0001051,C003569,ST0339,2026-06-04,Mobile Payment,24.23
T0001052,C001225,ST0309,2025-12-10,Cash,241.3
T0001053,C007043,ST0210,2026-04-14,Mobile Payment,167.02
T0001054,C009862,ST0127,2025-09-28,Debit Card,110.44
T0001055,C006466,ST0052,2025-03-24,Debit Card,94.69
T0001056,C005608,ST0139,2025-03-16,Credit Card,37.61
T0001057,C004966,ST0273,2025-01-05,Mobile Payment,149.34
T0001058,C002058,ST0142,2026-05-12,Credit Card,99.07
T0001059,C006439,ST0062,2026-03-18,Debit Card,234.14
T0001060,C008294,ST0202,2026-04-04,Mobile Payment,185.41
T0001061,C002247,ST0267,2024-08-26,Credit Card,134.23
T0001062,C007429,ST0198,2025-11-24,Credit Card,232.74
T0001063,C003056,ST0238,2025-08-07,Debit Card,56.66
T0001064,C009284,ST0221,2025-12-06,Debit Card,142.39
T0001065,C000228,ST0080,2026-04-26,Credit Card,73.07
T0001066,C008310,ST0314,2024-11-21,Debit Card,164.4
T0001067,C004386,ST0176,2025-07-11,Credit Card,141.45
T0001068,C002098,ST0235,2026-01-14,Cash,202.61
T0001069,C009402,ST0237,2025-04-29,Mobile Payment,89.48
T0001070,C004474,ST0286,2026-06-25,Debit Card,29.32
T0001071,C003316,ST0172,2024-10-21,Mobile Payment,226.01
T0001072,C007682,ST0206,2025-07-29,Credit Card,186.3
T0001073,C003370,ST0167,2026-06-20,Mobile Payment,150.16
T0001074,C005819,ST0004,2025-03-09,Debit Card,247.25
T0001075,C000800,ST0100,2025-02-03,Cash,41.22
T0001076,C000594,ST0265,2025-09-30,Cash,68.74
T0001077,C007974,ST0219,2025-09-08,Mobile Payment,32.02
T0001078,C007425,ST0345,2025-12-24,Cash,49.14
T0001079,C003122,ST0134,2024-09-21,Debit Card,201.89
T0001080,C000336,ST0263,2025-06-10,Mobile Payment,221.21
T0001081,C009887,ST0320,2025-12-29,Mobile Payment,134.33
T0001082,C004627,ST0189,2025-12-28,Credit Card,226.44
T0001083,C006099,ST0259,2025-03-25,Mobile Payment,240.33
T0001084,C007716,ST0347,2025-04-01,Mobile Payment,98.21
T0001085,C001496,ST0137,2025-04-11,Debit Card,55.19
T0001086,C008203,ST0048,2025-04-20,Mobile Payment,174.02
T0001087,C003117,ST0195,2025-06-13,Mobile Payment,151.34
T0001088,C009180,ST0046,2026-03-20,Credit Card,23.4
T0001089,C009225,ST0221,2024-10-18,Credit Card,145.44
T0001090,C001831,ST0105,2026-04-07,Debit Card,136.76
T0001091,C009823,ST0319,2026-01-18,Credit Card,158.55
T0001092,C005189,ST0044,2025-09-21,Debit Card,119.9
T0001093,C008320,ST0284,2025-10-16,Mobile Payment,73.5
T0001094,C003453,ST0227,2025-12-15,Cash,227.05
T0001095,C002320,ST0311,2024-09-10,Cash,49.87
T0001096,C003495,ST0082,2025-10-22,Debit Card,68.14
T0001097,C007586,ST0147,2026-02-06,Credit Card,187.0
T0001098,C000817,ST0128,2026-06-28,Cash,18.01
T0001099,C000587,ST0144,2025-01-14,Mobile Payment,19.36
T0001100,C001488,ST0115,2026-05-15,Cash,213.52
T0001101,C005997,ST0042,2025-02-13,Mobile Payment,32.82
T0001102,C005406,ST0174,2025-03-05,Cash,207.57
T0001103,C003261,ST0196,2025-03-29,Debit Card,113.35
T0001104,C005928,ST0195,2025-09-25,Credit Card,246.67
T0001105,C009768,ST0006,2025-12-30,Debit Card,111.8
T0001106,C006804,ST0270,2026-03-19,Credit Card,12.45
T0001107,C007959,ST0238,2025-05-11,Cash,61.26
T0001108,C008160,ST0262,2025-02-11,Cash,7.5
T0001109,C001301,ST0322,2024-12-27,Debit Card,206.88
T0001110,C006742,ST0179,2025-03-31,Mobile Payment,23.64
T0001111,C008080,ST0252,2024-08-01,Debit Card,236.79
T0001112,C005296,ST0123,2024-10-17,Cash,78.77
T0001113,C001044,ST0020,2025-11-01,Credit Card,170.19
T0001114,C001424,ST0339,2024-07-28,Mobile Payment,26.08
T0001115,C003168,ST0202,2024-08-29,Debit Card,21.3
T0001116,C003901,ST0281,2024-10-30,Credit Card,229.64
T0001117,C003004,ST0045,2024-08-13,Debit Card,176.14
T0001118,C002611,ST0298,2026-02-13,Credit Card,161.36
T0001119,C001989,ST0345,2026-03-05,Cash,195.99
T0001120,C001638,ST0288,2025-10-08,Debit Card,14.62
T0001121,C002332,ST0313,2026-03-17,Credit Card,237.32
T0001122,C002229,ST0094,2024-08-30,Mobile Payment,36.84
T0001123,C003214,ST0081,2025-06-08,Credit Card,93.42
T0001124,C007401,ST0163,2026-02-21,Mobile Payment,59.23
T0001125,C009568,ST0034,2025-04-10,Credit Card,209.39
T0001126,C000831,ST0138,2025-08-14,Cash,210.38
T0001127,C008021,ST0004,2026-03-22,Cash,113.8
T0001128,C009979,ST0187,2024-10-11,Mobile Payment,201.34
T0001129,C006194,ST0154,2025-02-28,Cash,178.18
T0001130,C000179,ST0331,2024-10-11,Credit Card,179.02
T0001131,C000621,ST0332,2024-10-23,Mobile Payment,86.81
T0001132,C006994,ST0198,2025-10-28,Credit Card,125.0
T0001133,C005299,ST0106,2026-04-01,Debit Card,120.12
T0001134,C000123,ST0161,2026-01-26,Cash,100.24
T0001135,C006923,ST0015,2026-05-21,Debit Card,246.2
T0001136,C000675,ST0092,2025-08-08,Credit Card,25.19
T0001137,C007981,ST0036,2025-10-13,Mobile Payment,203.9
T0001138,C004432,ST0215,2026-03-21,Credit Card,248.85
T0001139,C001764,ST0075,2024-11-24,Credit Card,240.8
T0001140,C001929,ST0029,2026-02-18,Cash,216.09
T0001141,C009616,ST0245,2024-08-27,Cash,18.46
T0001142,C002689,ST0042,2026-04-29,Mobile Payment,241.02
T0001143,C001972,ST0129,2026-05-20,Mobile Payment,234.67
T0001144,C006955,ST0148,2026-04-08,Mobile Payment,95.44
T0001145,C007428,ST0325,2026-04-10,Cash,44.38
T0001146,C001485,ST0087,2024-10-24,Cash,146.54
T0001147,C006256,ST0134,2024-12-09,Mobile Payment,217.43
T0001148,C001280,ST0262,2024-12-14,Debit Card,80.42
T0001149,C009448,ST0061,2026-02-19,Debit Card,72.79
T0001150,C000100,ST0310,2024-10-07,Debit Card,153.85
T0001151,C008676,ST0284,2025-10-19,Credit Card,179.32
T0001152,C003834,ST0034,2024-10-20,Credit Card,206.99
T0001153,C007011,ST0319,2024-10-17,Credit Card,183.99
T0001154,C004637,ST0156,2026-05-23,Mobile Payment,43.97
T0001155,C008150,ST0184,2025-06-19,Credit Card,29.18
T0001156,C004119,ST0352,2025-12-04,Credit Card,95.91
T0001157,C002966,ST0173,2025-06-11,Debit Card,179.08
T0001158,C003386,ST0308,2024-08-27,Debit Card,72.32
T0001159,C005562,ST0217,2024-11-05,Mobile Payment,131.87
T0001160,C004867,ST0182,2026-01-22,Credit Card,240.32
T0001161,C006386,ST0197,2025-01-07,Debit Card,55.19
T0001162,C009430,ST0201,2025-06-23,Cash,155.78
T0001163,C003910,ST0292,2025-03-17,Debit Card,111.59
T0001164,C000869,ST0215,2024-10-20,Credit Card,159.81
T0001165,C008810,ST0187,2025-09-17,Credit Card,201.25
T0001166,C002507,ST0230,2025-06-11,Credit Card,129.35
T0001167,C008419,ST0171,2025-04-05,Credit Card,54.46
T0001168,C006906,ST0234,2025-02-15,Debit Card,71.12
T0001169,C006388,ST0219,2024-08-26,Mobile Payment,50.1
T0001170,C001378,ST0101,2025-06-02,Mobile Payment,223.92
T0001171,C001420,ST0310,2025-10-24,Debit Card,96.97
T0001172,C008602,ST0170,2025-04-29,Cash,189.36
T0001173,C000067,ST0114,2026-02-11,Mobile Payment,43.5
T0001174,C008055,ST0071,2025-06-26,Cash,146.35
T0001175,C009188,ST0196,2025-11-15,Mobile Payment,39.68
T0001176,C008791,ST0040,2024-11-16,Mobile Payment,7.3
T0001177,C007807,ST0255,2026-01-28,Credit Card,87.95
T0001178,C004902,ST0089,2024-07-24,Credit Card,30.66
T0001179,C005383,ST0265,2026-02-18,Credit Card,57.62
T0001180,C004827,ST0241,2025-01-22,Credit Card,34.57
T0001181,C002985,ST0097,2026-02-22,Cash,215.31
T0001182,C002358,ST0269,2025-06-06,Cash,13.63
T0001183,C001446,ST0195,2025-03-06,Mobile Payment,218.03
T0001184,C009401,ST0151,2025-08-16,Mobile Payment,212.72
T0001185,C007695,ST0219,2024-07-24,Debit Card,192.67
T0001186,C008811,ST0224,2024-09-15,Mobile Payment,188.04
T0001187,C006532,ST0184,2025-12-29,Credit Card,195.61
T0001188,C008570,ST0039,2025-04-27,Cash,96.06
T0001189,C004159,ST0073,2026-03-04,Credit Card,117.37
T0001190,C002596,ST0003,2026-04-30,Cash,61.0
T0001191,C006828,ST0300,2025-11-11,Credit Card,62.72
T0001192,C001494,ST0216,2025-01-07,Credit Card,85.8
T0001193,C003796,ST0218,2026-03-21,Cash,79.85
T0001194,C008977,ST0163,2025-09-14,Debit Card,78.95
T0001195,C006011,ST0308,2025-07-17,Cash,56.25
T0001196,C007831,ST0010,2025-01-11,Mobile Payment,66.77
T0001197,C007814,ST0216,2024-07-07,Cash,146.39
T0001198,C004484,ST0172,2025-10-20,Cash,200.64
T0001199,C006448,ST0168,2025-01-24,Credit Card,239.05
T0001200,C009341,ST0191,2025-09-10,Mobile Payment,161.27
T0001201,C002475,ST0321,2025-03-19,Credit Card,199.2
T0001202,C004479,ST0260,2024-08-25,Credit Card,111.09
T0001203,C009862,ST0169,2025-10-21,Credit Card,99.04
T0001204,C003909,ST0022,2026-06-23,Mobile Payment,241.12
T0001205,C003384,ST0041,2024-12-30,Cash,184.27
T0001206,C005025,ST0233,2025-05-20,Cash,66.98
T0001207,C008429,ST0047,2024-12-02,Mobile Payment,110.37
T0001208,C002313,ST0047,2024-12-14,Cash,235.1
T0001209,C009706,ST0020,2026-04-29,Debit Card,29.74
T0001210,C001591,ST0222,2025-10-23,Credit Card,49.61
T0001211,C002727,ST0047,2024-11-21,Credit Card,101.96
T0001212,C001760,ST0036,2025-11-13,Debit Card,62.51
T0001213,C001563,ST0343,2025-05-20,Cash,230.76
T0001214,C009952,ST0167,2026-02-14,Mobile Payment,81.28
T0001215,C007667,ST0132,2025-01-01,Credit Card,106.07
T0001216,C002476,ST0164,2026-03-20,Credit Card,35.01
T0001217,C007712,ST0297,2024-08-31,Mobile Payment,223.78
T0001218,C001392,ST0313,2025-07-09,Debit Card,85.48
T0001219,C008330,ST0205,2025-02-19,Debit Card,9.32
T0001220,C002812,ST0065,2025-08-16,Credit Card,225.05
T0001221,C005409,ST0278,2024-10-15,Mobile Payment,158.84
T0001222,C001499,ST0241,2026-04-05,Mobile Payment,219.35
T0001223,C005157,ST0209,2025-11-19,Debit Card,179.58
T0001224,C004430,ST0237,2025-06-11,Mobile Payment,159.07
T0001225,C008558,ST0281,2025-12-12,Debit Card,81.28
T0001226,C008120,ST0229,2026-06-29,Cash,126.19
T0001227,C004132,ST0351,2026-06-22,Credit Card,233.77
T0001228,C003681,ST0147,2025-04-15,Cash,79.75
T0001229,C005746,ST0274,2024-07-25,Debit Card,198.38
T0001230,C008798,ST0273,2024-12-28,Mobile Payment,166.41
T0001231,C003074,ST0152,2026-03-18,Credit Card,247.64
T0001232,C005212,ST0276,2025-08-21,Mobile Payment,240.23
T0001233,C002237,ST0059,2025-06-07,Debit Card,21.29
T0001234,C000428,ST0116,2026-03-18,Mobile Payment,87.01
T0001235,C001212,ST0256,2025-02-06,Mobile Payment,209.14
T0001236,C004277,ST0206,2024-12-13,Mobile Payment,135.09
T0001237,C004886,ST0032,2025-11-11,Cash,142.05
T0001238,C002286,ST0214,2025-09-13,Credit Card,84.13
T0001239,C006774,ST0303,2026-02-15,Mobile Payment,112.94
T0001240,C005200,ST0281,2025-06-04,Mobile Payment,42.82
T0001241,C002291,ST0031,2025-07-11,Credit Card,171.02
T0001242,C008325,ST0056,2026-01-12,Credit Card,189.63
T0001243,C003098,ST0215,2025-09-01,Credit Card,228.33
T0001244,C005356,ST0003,2025-02-12,Debit Card,91.56
T0001245,C006618,ST0286,2026-02-01,Mobile Payment,120.8
T0001246,C008586,ST0116,2026-04-29,Credit Card,242.79
T0001247,C006110,ST0202,2025-02-14,Credit Card,9.6
T0001248,C003147,ST0134,2025-01-07,Cash,195.65
T0001249,C005774,ST0098,2025-01-12,Credit Card,222.59
T0001250,C006412,ST0073,2024-09-23,Debit Card,202.22
T0001251,C002864,ST0319,2024-10-01,Credit Card,22.81
T0001252,C001032,ST0320,2026-03-01,Cash,180.19
T0001253,C004782,ST0059,2026-01-21,Debit Card,46.5
T0001254,C000775,ST0256,2025-06-02,Cash,41.74
T0001255,C003946,ST0102,2024-09-15,Credit Card,140.28
T0001256,C001821,ST0169,2026-06-03,Cash,213.56
T0001257,C003479,ST0122,2025-05-06,Mobile Payment,102.32
T0001258,C002801,ST0302,2025-01-13,Credit Card,6.89
T0001259,C004381,ST0062,2025-05-01,Credit Card,20.11
T0001260,C007708,ST0351,2025-05-14,Debit Card,117.5
T0001261,C008737,ST0046,2025-04-06,Cash,201.38
T0001262,C007963,ST0273,2026-02-08,Debit Card,168.29
T0001263,C004455,ST0197,2025-11-26,Credit Card,209.56
T0001264,C005816,ST0047,2025-04-05,Cash,106.71
T0001265,C000525,ST0068,2024-12-20,Mobile Payment,130.86
T0001266,C002127,ST0163,2025-08-12,Credit Card,7.59
T0001267,C009484,ST0001,2025-12-05,Debit Card,132.24
T0001268,C008206,ST0184,2026-04-29,Cash,77.44
T0001269,C006435,ST0053,2025-10-03,Cash,232.95
T0001270,C002833,ST0331,2024-07-14,Mobile Payment,43.73
T0001271,C006939,ST0114,2025-10-14,Cash,209.73
T0001272,C000176,ST0142,2024-12-14,Debit Card,68.85
T0001273,C008572,ST0325,2024-11-06,Mobile Payment,117.23
T0001274,C008542,ST0298,2026-03-16,Cash,26.43
T0001275,C005227,ST0060,2024-11-19,Credit Card,115.94
T0001276,C002254,ST0200,2024-07-30,Cash,121.24
T0001277,C001923,ST0123,2026-01-24,Cash,187.92
T0001278,C007045,ST0223,2025-01-28,Cash,135.6
T0001279,C000916,ST0232,2025-08-02,Credit Card,224.79
T0001280,C007646,ST0059,2025-03-04,Debit Card,180.4
T0001281,C000516,ST0284,2025-03-22,Mobile Payment,47.41
T0001282,C004779,ST0287,2025-08-17,Cash,50.22
T0001283,C001371,ST0295,2024-08-22,Cash,46.04
T0001284,C007616,ST0020,2025-01-01,Debit Card,44.14
T0001285,C001275,ST0219,2026-01-31,Cash,34.64
T0001286,C006986,ST0104,2025-03-11,Mobile Payment,17.42
T0001287,C001846,ST0349,2025-01-11,Cash,203.28
T0001288,C006948,ST0066,2026-04-27,Debit Card,217.81
T0001289,C008086,ST0287,2026-05-13,Cash,239.46
T0001290,C005703,ST0128,2026-05-24,Mobile Payment,200.83
T0001291,C002776,ST0133,2024-10-21,Mobile Payment,114.37
T0001292,C005978,ST0111,2026-01-01,Debit Card,151.38
T0001293,C006843,ST0311,2025-04-26,Debit Card,150.95
T0001294,C002275,ST0034,2025-09-07,Mobile Payment,164.18
T0001295,C005867,ST0159,2026-06-07,Mobile Payment,171.39
T0001296,C005822,ST0225,2025-04-12,Cash,61.69
T0001297,C005193,ST0009,2024-08-19,Cash,135.16
T0001298,C003287,ST0088,2026-06-10,Mobile Payment,54.86
T0001299,C006640,ST0309,2025-11-17,Credit Card,203.84
T0001300,C008915,ST0124,2024-09-19,Credit Card,33.18
T0001301,C003149,ST0225,2025-06-03,Cash,128.31
T0001302,C000398,ST0102,2025-04-24,Credit Card,91.98
T0001303,C007014,ST0070,2025-07-23,Credit Card,93.07
T0001304,C006385,ST0247,2025-03-29,Cash,105.27
T0001305,C007677,ST0275,2024-08-26,Mobile Payment,62.24
T0001306,C001140,ST0262,2025-05-01,Mobile Payment,190.37
T0001307,C000703,ST0279,2025-10-19,Cash,9.03
T0001308,C001710,ST0063,2025-08-25,Credit Card,23.53
T0001309,C007249,ST0024,2024-09-12,Cash,214.98
T0001310,C006261,ST0122,2025-06-11,Debit Card,89.7
T0001311,C004931,ST0111,2024-09-23,Mobile Payment,47.99
T0001312,C005051,ST0208,2025-09-11,Credit Card,122.21
T0001313,C003047,ST0033,2024-08-31,Debit Card,239.96
T0001314,C003967,ST0331,2026-06-23,Mobile Payment,125.71
T0001315,C005969,ST0258,2025-02-07,Debit Card,69.88
T0001316,C009778,ST0091,2025-09-07,Cash,139.57
T0001317,C006391,ST0227,2025-05-23,Mobile Payment,155.67
T0001318,C005721,ST0325,2024-08-08,Cash,93.69
T0001319,C009413,ST0056,2025-03-24,Credit Card,183.99
T0001320,C003059,ST0017,2026-02-27,Credit Card,249.75
T0001321,C007945,ST0255,2024-12-28,Debit Card,170.05
T0001322,C002334,ST0139,2026-06-09,Credit Card,73.53
T0001323,C005287,ST0140,2026-02-21,Credit Card,160.29
T0001324,C000851,ST0185,2025-04-16,Cash,123.9
T0001325,C005101,ST0301,2024-12-17,Debit Card,77.63
T0001326,C005247,ST0196,2026-01-16,Mobile Payment,85.07
T0001327,C002571,ST0324,2025-12-14,Credit Card,57.54
T0001328,C009691,ST0271,2026-07-02,Debit Card,77.24
T0001329,C001947,ST0176,2025-11-03,Mobile Payment,140.19
T0001330,C007832,ST0297,2026-01-03,Cash,248.26
T0001331,C001810,ST0013,2025-12-07,Mobile Payment,86.05
T0001332,C004228,ST0132,2025-02-22,Mobile Payment,185.29
T0001333,C006248,ST0037,2025-10-08,Debit Card,115.15
T0001334,C007051,ST0004,2025-09-16,Mobile Payment,210.49
T0001335,C009991,ST0191,2025-03-22,Debit Card,84.87
T0001336,C006877,ST0029,2024-10-03,Mobile Payment,39.04
T0001337,C002509,ST0180,2026-03-06,Mobile Payment,15.38
T0001338,C008688,ST0118,2026-07-05,Debit Card,13.85
T0001339,C002421,ST0313,2024-08-17,Mobile Payment,187.59
T0001340,C007895,ST0162,2025-12-07,Cash,160.87
T0001341,C005303,ST0334,2024-10-11,Cash,200.88
T0001342,C001033,ST0187,2025-04-12,Credit Card,12.74
T0001343,C002035,ST0303,2025-04-17,Cash,104.95
T0001344,C001023,ST0123,2024-08-21,Cash,171.74
T0001345,C004847,ST0031,2025-10-09,Mobile Payment,244.1
T0001346,C005628,ST0086,2025-11-29,Mobile Payment,173.19
T0001347,C006657,ST0100,2025-08-30,Cash,114.84
T0001348,C005783,ST0233,2025-09-26,Mobile Payment,133.99
T0001349,C008453,ST0313,2026-06-03,Credit Card,43.8
T0001350,C002901,ST0286,2025-03-26,Mobile Payment,216.7
T0001351,C001492,ST0199,2025-09-04,Mobile Payment,202.19
T0001352,C003942,ST0045,2025-02-10,Credit Card,33.35
T0001353,C004483,ST0210,2024-10-07,Cash,116.56
T0001354,C006234,ST0181,2025-02-26,Cash,90.01
T0001355,C005449,ST0138,2024-12-17,Credit Card,142.32
T0001356,C007027,ST0065,2024-07-29,Mobile Payment,48.91
T0001357,C001078,ST0341,2026-06-13,Cash,146.09
T0001358,C007416,ST0312,2025-12-23,Credit Card,236.36
T0001359,C005598,ST0269,2025-05-12,Credit Card,213.78
T0001360,C009182,ST0229,2026-04-23,Cash,205.03
T0001361,C008632,ST0120,2026-06-30,Credit Card,234.42
T0001362,C001749,ST0176,2026-06-21,Credit Card,236.55
T0001363,C001256,ST0088,2025-12-06,Credit Card,214.96
T0001364,C009009,ST0047,2025-10-12,Debit Card,157.15
T0001365,C008013,ST0173,2026-03-17,Debit Card,30.46
T0001366,C006244,ST0044,2024-11-02,Debit Card,93.22
T0001367,C000924,ST0346,2024-11-26,Cash,153.17
T0001368,C002551,ST0040,2026-04-12,Cash,184.9
T0001369,C009001,ST0196,2026-06-12,Debit Card,171.75
T0001370,C004186,ST0036,2024-07-07,Credit Card,30.57
T0001371,C005401,ST0172,2025-09-25,Debit Card,25.44
T0001372,C004344,ST0216,2024-07-08,Mobile Payment,172.72
T0001373,C007846,ST0330,2025-10-28,Debit Card,239.56
T0001374,C006967,ST0120,2024-08-07,Credit Card,244.49
T0001375,C004634,ST0295,2024-08-24,Credit Card,181.26
T0001376,C008892,ST0184,2026-03-29,Debit Card,40.54
T0001377,C000598,ST0133,2024-07-17,Debit Card,226.56
T0001378,C000321,ST0280,2025-12-06,Credit Card,88.53
T0001379,C004972,ST0005,2026-05-12,Cash,9.05
T0001380,C004104,ST0284,2025-12-15,Mobile Payment,184.19
T0001381,C008756,ST0302,2026-05-14,Mobile Payment,12.77
T0001382,C001505,ST0005,2025-06-27,Credit Card,95.92
T0001383,C000520,ST0245,2026-01-13,Cash,112.87
T0001384,C005032,ST0323,2024-08-23,Credit Card,88.53
T0001385,C007289,ST0259,2026-02-28,Debit Card,166.71
T0001386,C006316,ST0023,2026-01-23,Cash,243.85
T0001387,C000778,ST0265,2026-02-18,Credit Card,125.43
T0001388,C006819,ST0348,2025-01-22,Credit Card,229.82
T0001389,C006683,ST0228,2025-03-08,Debit Card,72.16
T0001390,C003170,ST0100,2025-10-15,Mobile Payment,224.62
T0001391,C001474,ST0064,2026-02-28,Mobile Payment,242.07
T0001392,C007123,ST0271,2025-11-08,Cash,201.68
T0001393,C000181,ST0169,2026-04-03,Debit Card,48.93
T0001394,C005533,ST0027,2026-06-05,Mobile Payment,205.77
T0001395,C007859,ST0320,2026-04-27,Credit Card,42.31
T0001396,C004403,ST0190,2025-06-14,Debit Card,72.96
T0001397,C001185,ST0034,2024-11-18,Mobile Payment,131.59
T0001398,C004688,ST0201,2025-03-09,Credit Card,145.23
T0001399,C003904,ST0128,2024-07-19,Debit Card,242.96
T0001400,C007214,ST0045,2026-05-14,Debit Card,127.7
T0001401,C009487,ST0101,2026-01-16,Credit Card,103.52
T0001402,C000523,ST0320,2026-02-27,Credit Card,163.58
T0001403,C003724,ST0145,2024-12-17,Credit Card,62.16
T0001404,C002031,ST0169,2025-12-02,Debit Card,108.48
T0001405,C007163,ST0200,2025-09-30,Credit Card,119.49
T0001406,C006209,ST0170,2025-01-05,Debit Card,205.53
T0001407,C004998,ST0178,2025-09-20,Mobile Payment,88.22
T0001408,C002721,ST0230,2026-01-09,Credit Card,187.03
T0001409,C000448,ST0163,2026-01-26,Credit Card,167.83
T0001410,C000190,ST0078,2025-08-05,Cash,191.53
T0001411,C008643,ST0123,2024-10-03,Cash,144.6
T0001412,C007660,ST0299,2025-05-17,Cash,160.13
T0001413,C000670,ST0112,2025-03-24,Cash,159.41
T0001414,C004583,ST0047,2025-03-23,Debit Card,60.22
T0001415,C003130,ST0269,2025-09-20,Credit Card,151.53
T0001416,C003254,ST0040,2026-03-13,Debit Card,120.74
T0001417,C006016,ST0293,2024-08-08,Debit Card,150.16
T0001418,C003661,ST0307,2024-07-21,Credit Card,6.84
T0001419,C003243,ST0124,2026-04-07,Credit Card,26.37
T0001420,C000747,ST0053,2025-12-01,Credit Card,141.46
T0001421,C009689,ST0258,2025-02-23,Debit Card,13.83
T0001422,C008611,ST0150,2025-09-05,Credit Card,48.65
T0001423,C004327,ST0148,2025-08-17,Debit Card,146.95
T0001424,C001292,ST0077,2025-04-18,Mobile Payment,200.11
T0001425,C004161,ST0081,2026-06-21,Credit Card,6.03
T0001426,C005998,ST0227,2025-04-05,Mobile Payment,93.11
T0001427,C000005,ST0014,2025-05-28,Mobile Payment,203.1
T0001428,C006578,ST0102,2026-03-25,Cash,33.48
T0001429,C000915,ST0142,2026-03-21,Mobile Payment,6.01
T0001430,C003134,ST0253,2026-06-07,Credit Card,8.77
T0001431,C004106,ST0201,2026-05-16,Debit Card,127.77
T0001432,C008338,ST0041,2024-08-26,Debit Card,223.69
T0001433,C003960,ST0048,2025-02-27,Cash,186.96
T0001434,C002766,ST0309,2025-06-05,Mobile Payment,70.92
T0001435,C005862,ST0264,2026-03-27,Debit Card,41.84
T0001436,C003874,ST0129,2025-05-02,Cash,124.76
T0001437,C002960,ST0287,2025-06-22,Debit Card,10.22
T0001438,C006726,ST0103,2024-11-25,Debit Card,105.67
T0001439,C006460,ST0066,2026-01-03,Debit Card,48.21
T0001440,C006735,ST0316,2025-05-25,Credit Card,26.98
T0001441,C002882,ST0346,2025-12-19,Debit Card,90.79
T0001442,C000002,ST0322,2025-01-09,Credit Card,193.64
T0001443,C004164,ST0289,2025-06-01,Credit Card,50.79
T0001444,C002780,ST0349,2026-01-07,Mobile Payment,74.82
T0001445,C009108,ST0115,2025-10-03,Mobile Payment,51.94
T0001446,C005496,ST0077,2026-05-11,Mobile Payment,215.59
T0001447,C001764,ST0184,2024-09-23,Mobile Payment,225.33
T0001448,C000229,ST0128,2024-11-05,Credit Card,198.5
T0001449,C000733,ST0250,2026-04-02,Credit Card,167.96
T0001450,C000929,ST0259,2026-06-27,Credit Card,46.46
T0001451,C005261,ST0337,2025-04-06,Mobile Payment,11.19
T0001452,C006120,ST0005,2025-02-03,Mobile Payment,104.08
T0001453,C005131,ST0251,2025-11-08,Debit Card,153.01
T0001454,C003426,ST0215,2024-12-09,Mobile Payment,194.01
T0001455,C005419,ST0185,2025-07-10,Cash,218.88
T0001456,C001302,ST0262,2025-01-14,Credit Card,91.93
T0001457,C007270,ST0018,2025-10-23,Mobile Payment,93.29
T0001458,C004426,ST0304,2025-02-18,Credit Card,7.74
T0001459,C000365,ST0094,2026-04-19,Credit Card,169.29
T0001460,C001198,ST0176,2025-06-09,Mobile Payment,233.97
T0001461,C006856,ST0004,2025-04-08,Cash,193.72
T0001462,C006366,ST0240,2025-10-11,Credit Card,109.56
T0001463,C005399,ST0220,2025-10-13,Mobile Payment,207.65
T0001464,C009497,ST0202,2026-04-20,Mobile Payment,106.47
T0001465,C003753,ST0166,2025-11-06,Mobile Payment,97.84
T0001466,C007067,ST0078,2026-06-23,Debit Card,234.59
T0001467,C001749,ST0334,2024-12-01,Cash,52.76
T0001468,C006175,ST0224,2026-06-26,Debit Card,121.55
T0001469,C005643,ST0023,2026-04-21,Cash,81.39
T0001470,C004453,ST0310,2026-03-26,Cash,75.27
T0001471,C006942,ST0332,2025-02-06,Debit Card,197.63
T0001472,C005485,ST0058,2024-12-18,Debit Card,126.77
T0001473,C008638,ST0292,2026-02-05,Credit Card,95.87
T0001474,C006557,ST0259,2024-11-02,Cash,52.47
T0001475,C007064,ST0019,2025-12-30,Cash,217.24
T0001476,C002142,ST0087,2026-04-20,Debit Card,93.36
T0001477,C001970,ST0023,2025-12-01,Credit Card,138.63
T0001478,C001499,ST0079,2025-01-16,Credit Card,40.03
T0001479,C002061,ST0165,2025-09-17,Credit Card,13.98
T0001480,C006788,ST0089,2026-05-18,Cash,129.29
T0001481,C006430,ST0100,2025-03-15,Mobile Payment,66.65
T0001482,C000376,ST0225,2024-11-10,Debit Card,22.43
T0001483,C000886,ST0153,2025-02-08,Mobile Payment,136.12
T0001484,C009034,ST0236,2025-06-03,Credit Card,179.01
T0001485,C003993,ST0260,2025-06-14,Mobile Payment,218.73
T0001486,C001381,ST0199,2024-09-21,Mobile Payment,22.23
T0001487,C005744,ST0272,2024-08-16,Mobile Payment,129.11
T0001488,C003754,ST0336,2025-07-01,Credit Card,40.51
T0001489,C004881,ST0217,2025-02-05,Cash,55.57
T0001490,C007045,ST0310,2025-03-15,Mobile Payment,88.34
T0001491,C006675,ST0276,2024-08-13,Credit Card,193.5
T0001492,C008370,ST0274,2025-05-08,Credit Card,243.84
T0001493,C007767,ST0256,2025-03-19,Cash,137.63
T0001494,C005046,ST0053,2025-02-14,Credit Card,180.03
T0001495,C003287,ST0172,2024-07-13,Cash,5.69
T0001496,C003767,ST0290,2025-03-15,Cash,30.66
T0001497,C005585,ST0313,2025-05-19,Mobile Payment,92.54
T0001498,C001450,ST0146,2025-08-11,Cash,193.36
T0001499,C001590,ST0005,2026-02-16,Credit Card,27.02
T0001500,C006378,ST0294,2025-12-12,Credit Card,36.29
T0001501,C008384,ST0243,2025-11-16,Mobile Payment,116.11
T0001502,C003509,ST0298,2025-04-13,Mobile Payment,134.34
T0001503,C007041,ST0119,2025-12-02,Credit Card,177.75
T0001504,C001324,ST0012,2026-04-09,Debit Card,149.18
T0001505,C008119,ST0049,2026-03-03,Mobile Payment,150.86
T0001506,C004029,ST0235,2024-10-14,Cash,163.48
T0001507,C009478,ST0209,2025-04-29,Credit Card,7.01
T0001508,C003052,ST0139,2025-04-03,Mobile Payment,210.88
T0001509,C000247,ST0311,2025-11-12,Credit Card,242.33
T0001510,C007929,ST0151,2026-05-05,Debit Card,240.17
T0001511,C003868,ST0176,2025-04-08,Cash,95.97
T0001512,C001943,ST0049,2024-11-19,Mobile Payment,167.75
T0001513,C004960,ST0147,2025-03-16,Cash,134.07
T0001514,C006632,ST0261,2025-10-02,Credit Card,201.14
T0001515,C007608,ST0160,2025-07-22,Debit Card,115.4
T0001516,C000658,ST0024,2024-07-09,Cash,18.35
T0001517,C007468,ST0288,2024-09-13,Mobile Payment,13.04
T0001518,C000653,ST0092,2024-12-02,Credit Card,220.61
T0001519,C007464,ST0203,2025-07-26,Cash,92.77
T0001520,C006065,ST0308,2026-03-26,Cash,22.64
T0001521,C001487,ST0254,2026-02-27,Credit Card,107.08
T0001522,C000847,ST0158,2025-05-23,Credit Card,39.43
T0001523,C007785,ST0041,2024-12-03,Debit Card,181.59
T0001524,C009638,ST0325,2024-12-26,Mobile Payment,242.43
T0001525,C009592,ST0315,2025-07-24,Debit Card,92.22
T0001526,C004910,ST0097,2025-09-04,Cash,62.55
T0001527,C003429,ST0332,2025-02-27,Mobile Payment,189.28
T0001528,C009217,ST0329,2026-07-04,Cash,221.07
T0001529,C009885,ST0049,2025-12-11,Debit Card,154.12
T0001530,C005900,ST0157,2026-04-10,Credit Card,223.28
T0001531,C002591,ST0080,2024-09-23,Mobile Payment,133.11
T0001532,C001025,ST0285,2025-06-23,Credit Card,85.77
T0001533,C007617,ST0274,2026-03-08,Debit Card,101.89
T0001534,C004583,ST0328,2025-12-20,Debit Card,90.85
T0001535,C003031,ST0147,2024-11-09,Cash,141.43
T0001536,C008169,ST0098,2026-01-14,Credit Card,93.5
T0001537,C000629,ST0248,2026-06-26,Cash,89.99
T0001538,C008946,ST0179,2025-05-30,Mobile Payment,8.71
T0001539,C009343,ST0305,2025-12-05,Mobile Payment,212.24
T0001540,C006651,ST0035,2025-10-30,Mobile Payment,215.78
T0001541,C004120,ST0188,2026-06-09,Cash,124.49
T0001542,C005102,ST0194,2025-02-25,Credit Card,32.93
T0001543,C001826,ST0255,2024-12-29,Mobile Payment,27.81
T0001544,C002081,ST0180,2025-12-02,Debit Card,158.06
T0001545,C002128,ST0337,2026-02-07,Cash,188.01
T0001546,C009441,ST0097,2025-07-06,Mobile Payment,211.26
T0001547,C007773,ST0197,2025-04-27,Credit Card,150.13
T0001548,C009610,ST0033,2026-05-01,Cash,61.91
T0001549,C007401,ST0110,2024-09-13,Cash,189.58
T0001550,C009604,ST0327,2026-03-05,Debit Card,141.65
T0001551,C002507,ST0078,2024-08-19,Debit Card,7.01
T0001552,C000083,ST0270,2026-01-25,Debit Card,212.21
T0001553,C008006,ST0316,2025-09-10,Debit Card,23.33
T0001554,C003313,ST0167,2026-03-02,Credit Card,11.86
T0001555,C007531,ST0136,2026-01-19,Mobile Payment,34.73
T0001556,C002514,ST0229,2025-06-11,Credit Card,215.81
T0001557,C006107,ST0134,2025-10-26,Mobile Payment,7.09
T0001558,C002425,ST0204,2025-06-19,Credit Card,18.29
T0001559,C009541,ST0314,2025-04-28,Debit Card,219.97
T0001560,C000521,ST0139,2024-12-14,Cash,70.76
T0001561,C005253,ST0074,2025-08-15,Credit Card,81.57
T0001562,C003580,ST0078,2025-11-03,Cash,118.23
T0001563,C002350,ST0334,2026-05-15,Debit Card,112.8
T0001564,C009700,ST0260,2025-09-04,Credit Card,192.94
T0001565,C000711,ST0021,2026-06-24,Mobile Payment,243.56
T0001566,C009689,ST0339,2026-04-20,Credit Card,161.22
T0001567,C001459,ST0133,2025-06-13,Debit Card,97.44
T0001568,C009260,ST0331,2025-10-21,Debit Card,24.83
T0001569,C008326,ST0216,2026-05-16,Debit Card,207.25
T0001570,C007973,ST0261,2025-02-18,Credit Card,175.47
T0001571,C007597,ST0215,2024-10-13,Mobile Payment,223.99
T0001572,C007350,ST0216,2024-10-10,Mobile Payment,29.68
T0001573,C006930,ST0257,2025-06-01,Credit Card,30.91
T0001574,C008596,ST0149,2025-04-12,Debit Card,7.73
T0001575,C001228,ST0173,2025-03-03,Debit Card,208.27
T0001576,C005817,ST0007,2024-08-06,Credit Card,173.03
T0001577,C007679,ST0198,2025-06-04,Credit Card,166.41
T0001578,C000561,ST0060,2026-04-25,Credit Card,135.57
T0001579,C008532,ST0131,2025-07-21,Credit Card,56.62
T0001580,C004123,ST0349,2024-10-17,Mobile Payment,39.33
T0001581,C003572,ST0204,2024-07-21,Debit Card,121.08
T0001582,C000960,ST0152,2026-05-06,Debit Card,28.38
T0001583,C001606,ST0194,2024-10-22,Debit Card,134.81
T0001584,C001554,ST0300,2024-11-24,Debit Card,74.65
T0001585,C009754,ST0112,2024-12-22,Debit Card,204.51
T0001586,C001998,ST0001,2025-08-11,Cash,105.96
T0001587,C008032,ST0073,2026-03-27,Debit Card,226.18
T0001588,C005828,ST0279,2025-08-04,Cash,187.21
T0001589,C004695,ST0237,2026-03-25,Cash,77.12
T0001590,C006281,ST0228,2024-11-01,Cash,52.02
T0001591,C003045,ST0112,2024-12-24,Credit Card,152.08
T0001592,C008479,ST0307,2025-05-01,Debit Card,113.48
T0001593,C009641,ST0263,2025-11-14,Credit Card,111.37
T0001594,C005422,ST0012,2025-07-20,Cash,70.95
T0001595,C008249,ST0033,2025-05-29,Credit Card,199.87
T0001596,C003810,ST0197,2026-05-10,Debit Card,151.44
T0001597,C007243,ST0310,2024-11-07,Credit Card,158.16
T0001598,C009777,ST0002,2025-12-23,Debit Card,152.55
T0001599,C000805,ST0206,2024-08-17,Cash,90.88
T0001600,C003805,ST0232,2025-01-07,Credit Card,160.7
T0001601,C000530,ST0156,2025-04-14,Cash,146.47
T0001602,C007289,ST0082,2026-02-14,Mobile Payment,177.26
T0001603,C004356,ST0302,2025-07-23,Credit Card,197.62
T0001604,C005464,ST0120,2025-11-20,Credit Card,53.3
T0001605,C009297,ST0205,2026-02-05,Credit Card,98.17
T0001606,C000879,ST0343,2025-03-22,Credit Card,158.37
T0001607,C003992,ST0128,2025-03-06,Mobile Payment,39.65
T0001608,C009468,ST0185,2025-07-25,Mobile Payment,164.17
T0001609,C006283,ST0270,2024-12-09,Cash,94.36
T0001610,C009108,ST0286,2025-01-19,Debit Card,180.37
T0001611,C003839,ST0144,2026-01-19,Mobile Payment,66.49
T0001612,C001838,ST0075,2024-10-20,Debit Card,205.11
T0001613,C001453,ST0071,2025-03-04,Credit Card,131.96
T0001614,C006133,ST0025,2026-04-14,Credit Card,204.68
T0001615,C004596,ST0102,2025-06-13,Cash,140.54
T0001616,C000298,ST0138,2025-01-28,Cash,73.66
T0001617,C001850,ST0204,2026-03-09,Mobile Payment,158.53
T0001618,C007376,ST0233,2024-12-29,Debit Card,207.09
T0001619,C009034,ST0265,2025-10-17,Credit Card,128.77
T0001620,C007448,ST0329,2026-02-05,Debit Card,193.25
T0001621,C001690,ST0108,2025-03-04,Debit Card,199.88
T0001622,C000230,ST0274,2025-02-25,Mobile Payment,102.69
T0001623,C005225,ST0198,2024-12-17,Debit Card,122.35
T0001624,C007151,ST0196,2025-01-03,Cash,141.87
T0001625,C003446,ST0016,2024-08-01,Debit Card,135.89
T0001626,C009489,ST0135,2025-09-16,Mobile Payment,146.35
T0001627,C009046,ST0330,2024-11-02,Credit Card,93.38
T0001628,C009127,ST0024,2025-01-09,Credit Card,6.03
T0001629,C005538,ST0058,2025-03-04,Credit Card,35.61
T0001630,C002679,ST0122,2024-08-31,Cash,128.1
T0001631,C002832,ST0110,2024-10-14,Credit Card,138.87
T0001632,C001279,ST0253,2026-01-16,Credit Card,20.03
T0001633,C005837,ST0317,2024-12-20,Credit Card,140.97
T0001634,C006896,ST0164,2025-02-25,Mobile Payment,28.59
T0001635,C005551,ST0322,2025-01-13,Credit Card,202.96
T0001636,C002385,ST0111,2024-07-27,Mobile Payment,208.45
T0001637,C009072,ST0070,2025-03-19,Debit Card,225.71
T0001638,C004325,ST0331,2024-09-07,Mobile Payment,42.31
T0001639,C000146,ST0014,2025-11-27,Credit Card,64.96
T0001640,C009808,ST0352,2025-06-06,Credit Card,79.78
T0001641,C006303,ST0064,2025-03-29,Mobile Payment,27.53
T0001642,C002803,ST0179,2024-11-09,Credit Card,209.84
T0001643,C008145,ST0221,2024-11-22,Mobile Payment,221.17
T0001644,C003004,ST0258,2024-10-18,Cash,22.51
T0001645,C008170,ST0320,2025-02-04,Cash,169.33
T0001646,C001916,ST0094,2026-04-25,Credit Card,162.82
T0001647,C008316,ST0111,2024-11-24,Credit Card,167.97
T0001648,C002912,ST0274,2026-05-09,Cash,8.82
T0001649,C005834,ST0223,2025-09-18,Mobile Payment,116.14
T0001650,C007211,ST0256,2026-06-07,Cash,94.1
T0001651,C004417,ST0144,2026-01-08,Credit Card,147.58
T0001652,C003099,ST0127,2025-06-10,Cash,123.23
T0001653,C005781,ST0041,2025-05-01,Credit Card,204.81
T0001654,C009249,ST0117,2024-10-05,Mobile Payment,11.97
T0001655,C008014,ST0078,2025-03-08,Mobile Payment,58.38
T0001656,C004290,ST0134,2026-06-30,Cash,205.23
T0001657,C006259,ST0233,2026-05-21,Cash,236.29
T0001658,C004303,ST0249,2026-04-22,Debit Card,34.41
T0001659,C003195,ST0289,2026-05-31,Debit Card,44.94
T0001660,C009666,ST0060,2025-03-18,Credit Card,110.5
T0001661,C008058,ST0093,2026-02-10,Mobile Payment,122.71
T0001662,C005986,ST0321,2024-10-20,Debit Card,17.74
T0001663,C009469,ST0290,2024-12-02,Cash,163.11
T0001664,C009994,ST0038,2024-08-11,Debit Card,134.54
T0001665,C006849,ST0189,2024-10-24,Debit Card,91.09
T0001666,C008471,ST0337,2025-06-07,Mobile Payment,95.33
T0001667,C009867,ST0218,2026-02-28,Mobile Payment,45.67
T0001668,C007705,ST0299,2024-10-10,Credit Card,132.54
T0001669,C004889,ST0321,2026-06-10,Credit Card,193.56
T0001670,C006268,ST0226,2024-11-02,Cash,158.59
T0001671,C008735,ST0128,2026-05-25,Credit Card,201.54
T0001672,C007901,ST0254,2025-01-21,Cash,113.88
T0001673,C004789,ST0270,2024-12-14,Debit Card,51.84
T0001674,C004121,ST0116,2026-05-06,Cash,174.75
T0001675,C004241,ST0140,2024-08-15,Cash,236.86
T0001676,C000957,ST0265,2025-08-02,Debit Card,186.44
T0001677,C000546,ST0248,2024-10-25,Debit Card,64.1
T0001678,C000519,ST0256,2024-10-03,Mobile Payment,213.09
T0001679,C007475,ST0108,2024-12-14,Debit Card,39.22
T0001680,C008664,ST0062,2024-10-27,Credit Card,88.37
T0001681,C004035,ST0346,2024-12-12,Cash,234.59
T0001682,C006155,ST0341,2024-09-20,Mobile Payment,206.18
T0001683,C006054,ST0308,2024-07-14,Credit Card,101.24
T0001684,C006274,ST0232,2025-06-18,Credit Card,218.45
T0001685,C009381,ST0334,2025-09-24,Cash,176.69
T0001686,C003966,ST0312,2024-12-03,Credit Card,146.93
T0001687,C007294,ST0144,2026-07-07,Credit Card,244.18
T0001688,C001358,ST0157,2024-10-18,Cash,176.84
T0001689,C007181,ST0011,2025-01-25,Mobile Payment,192.37
T0001690,C006617,ST0200,2026-03-02,Mobile Payment,242.15
T0001691,C007216,ST0076,2025-01-15,Mobile Payment,203.31
T0001692,C008448,ST0311,2024-08-20,Debit Card,150.95
T0001693,C000303,ST0171,2025-04-06,Debit Card,68.46
T0001694,C000727,ST0179,2025-06-03,Credit Card,149.81
T0001695,C005122,ST0144,2025-10-14,Mobile Payment,28.56
T0001696,C007834,ST0018,2025-04-23,Credit Card,183.77
T0001697,C004409,ST0090,2024-08-24,Cash,110.74
T0001698,C008733,ST0186,2025-02-17,Cash,231.93
T0001699,C003747,ST0100,2025-12-12,Debit Card,182.21
T0001700,C008685,ST0190,2025-05-08,Mobile Payment,235.44
T0001701,C004499,ST0299,2025-03-01,Mobile Payment,114.93
T0001702,C003506,ST0128,2024-12-13,Cash,177.05
T0001703,C002065,ST0329,2024-08-31,Cash,61.66
T0001704,C006910,ST0206,2024-08-31,Debit Card,219.04
T0001705,C008091,ST0341,2025-02-03,Debit Card,5.04
T0001706,C001045,ST0120,2026-04-24,Debit Card,59.63
T0001707,C002095,ST0126,2026-04-09,Debit Card,81.01
T0001708,C007170,ST0324,2025-02-13,Debit Card,169.07
T0001709,C007099,ST0059,2026-05-15,Credit Card,19.59
T0001710,C009596,ST0289,2024-10-03,Mobile Payment,115.85
T0001711,C001104,ST0289,2026-05-23,Debit Card,21.01
T0001712,C000457,ST0184,2024-12-11,Debit Card,8.53
T0001713,C002426,ST0222,2026-01-10,Mobile Payment,88.15
T0001714,C001116,ST0236,2024-10-30,Debit Card,112.85
T0001715,C005139,ST0173,2025-07-16,Debit Card,217.96
T0001716,C008696,ST0210,2024-12-07,Credit Card,181.8
T0001717,C007379,ST0179,2025-11-04,Cash,195.73
T0001718,C008553,ST0293,2025-09-29,Cash,26.58
T0001719,C009633,ST0214,2025-10-06,Mobile Payment,97.08
T0001720,C004629,ST0193,2025-05-21,Credit Card,117.37
T0001721,C006309,ST0227,2025-03-27,Mobile Payment,146.66
T0001722,C001447,ST0264,2026-02-03,Credit Card,137.36
T0001723,C004978,ST0280,2026-06-13,Debit Card,42.18
T0001724,C005335,ST0158,2024-07-10,Debit Card,115.91
T0001725,C007220,ST0344,2024-09-21,Debit Card,221.81
T0001726,C007130,ST0112,2026-06-19,Cash,40.83
T0001727,C004787,ST0067,2026-04-29,Mobile Payment,173.85
T0001728,C001725,ST0075,2024-10-09,Mobile Payment,185.53
T0001729,C004827,ST0256,2026-07-03,Mobile Payment,151.69
T0001730,C001513,ST0103,2025-12-19,Credit Card,176.37
T0001731,C006034,ST0127,2025-01-31,Cash,68.17
T0001732,C005486,ST0221,2026-01-18,Credit Card,183.8
T0001733,C004749,ST0138,2026-03-05,Credit Card,190.04
T0001734,C003563,ST0345,2026-04-01,Mobile Payment,30.16
T0001735,C006970,ST0138,2026-05-13,Credit Card,99.46
T0001736,C007920,ST0219,2025-12-07,Cash,163.21
T0001737,C005795,ST0202,2025-08-19,Credit Card,145.68
T0001738,C001422,ST0202,2025-06-19,Credit Card,98.01
T0001739,C005154,ST0146,2025-01-19,Debit Card,52.83
T0001740,C002393,ST0238,2025-01-07,Mobile Payment,203.8
T0001741,C006679,ST0079,2025-07-16,Credit Card,75.32
T0001742,C003251,ST0127,2025-05-12,Mobile Payment,169.2
T0001743,C005869,ST0131,2025-12-15,Debit Card,68.64
T0001744,C002241,ST0298,2024-12-23,Debit Card,174.2
T0001745,C001337,ST0339,2025-04-19,Mobile Payment,207.58
T0001746,C005870,ST0189,2025-09-22,Mobile Payment,220.05
T0001747,C005299,ST0086,2024-12-05,Cash,217.73
T0001748,C004325,ST0213,2024-07-14,Credit Card,199.91
T0001749,C006788,ST0329,2025-09-22,Cash,211.88
T0001750,C004303,ST0101,2025-03-08,Mobile Payment,38.68
T0001751,C008244,ST0069,2024-07-11,Debit Card,246.22
T0001752,C008104,ST0257,2025-06-30,Debit Card,25.32
T0001753,C004185,ST0196,2026-01-21,Mobile Payment,146.13
T0001754,C000342,ST0331,2025-03-26,Cash,31.7
T0001755,C004710,ST0239,2024-12-15,Debit Card,131.82
T0001756,C003173,ST0032,2026-06-03,Debit Card,126.19
T0001757,C003965,ST0121,2024-12-26,Credit Card,189.65
T0001758,C009691,ST0029,2025-02-10,Cash,86.65
T0001759,C000606,ST0228,2026-01-15,Mobile Payment,169.07
T0001760,C003433,ST0130,2025-01-07,Mobile Payment,195.94
T0001761,C003238,ST0134,2024-09-24,Mobile Payment,228.37
T0001762,C000534,ST0229,2024-12-25,Debit Card,9.41
T0001763,C004958,ST0256,2025-01-28,Mobile Payment,174.83
T0001764,C004297,ST0085,2026-05-21,Cash,185.22
T0001765,C007745,ST0128,2024-08-18,Debit Card,5.51
T0001766,C003879,ST0051,2024-10-19,Mobile Payment,241.41
T0001767,C008739,ST0299,2025-07-20,Cash,38.76
T0001768,C005535,ST0249,2025-06-14,Mobile Payment,135.95
T0001769,C006674,ST0044,2025-06-27,Debit Card,57.83
T0001770,C002597,ST0344,2025-11-12,Mobile Payment,122.4
T0001771,C009000,ST0052,2026-06-24,Mobile Payment,245.92
T0001772,C001883,ST0204,2025-07-15,Cash,215.97
T0001773,C005768,ST0212,2025-06-21,Debit Card,66.5
T0001774,C001526,ST0292,2025-08-14,Cash,97.9
T0001775,C009522,ST0188,2025-04-01,Cash,88.52
T0001776,C004575,ST0172,2024-10-31,Debit Card,15.18
T0001777,C006479,ST0228,2024-07-23,Credit Card,134.16
T0001778,C008752,ST0351,2026-04-02,Debit Card,99.18
T0001779,C002591,ST0089,2025-01-09,Cash,69.62
T0001780,C001153,ST0306,2025-06-24,Debit Card,194.92
T0001781,C008185,ST0298,2025-10-10,Debit Card,25.26
T0001782,C007536,ST0225,2025-12-25,Mobile Payment,129.74
T0001783,C001182,ST0110,2024-07-21,Mobile Payment,49.89
T0001784,C008362,ST0235,2025-10-05,Credit Card,80.09
T0001785,C007083,ST0037,2024-12-24,Cash,230.29
T0001786,C000267,ST0097,2025-01-13,Debit Card,26.36
T0001787,C003880,ST0143,2025-09-25,Mobile Payment,229.63
T0001788,C009680,ST0237,2026-04-09,Debit Card,222.97
T0001789,C004965,ST0323,2025-08-09,Cash,5.73
T0001790,C000050,ST0298,2025-05-11,Credit Card,138.98
T0001791,C007857,ST0234,2024-10-16,Credit Card,84.97
T0001792,C005280,ST0344,2025-06-22,Mobile Payment,198.26
T0001793,C000115,ST0288,2025-03-26,Debit Card,210.94
T0001794,C006511,ST0104,2025-12-09,Debit Card,83.18
T0001795,C004417,ST0177,2025-09-21,Mobile Payment,248.38
T0001796,C002302,ST0296,2026-03-17,Mobile Payment,132.86
T0001797,C001313,ST0272,2026-01-13,Credit Card,238.84
T0001798,C009329,ST0260,2024-11-21,Mobile Payment,173.14
T0001799,C008947,ST0223,2025-03-27,Debit Card,70.22
T0001800,C004076,ST0139,2025-10-24,Debit Card,222.1
T0001801,C008710,ST0056,2026-06-15,Cash,172.86
T0001802,C008489,ST0109,2026-05-28,Cash,27.81
T0001803,C002711,ST0301,2026-05-28,Credit Card,237.74
T0001804,C006719,ST0241,2026-02-09,Mobile Payment,89.53
T0001805,C003700,ST0239,2025-11-19,Credit Card,83.48
T0001806,C000689,ST0041,2026-01-14,Credit Card,15.46
T0001807,C007923,ST0337,2026-01-21,Credit Card,224.98
T0001808,C006304,ST0332,2024-07-27,Credit Card,215.25
T0001809,C000427,ST0109,2025-09-12,Mobile Payment,152.58
T0001810,C008919,ST0304,2025-11-23,Credit Card,75.85
T0001811,C000560,ST0008,2025-11-05,Mobile Payment,32.63
T0001812,C007391,ST0037,2026-01-16,Debit Card,225.5
T0001813,C007075,ST0201,2025-11-08,Mobile Payment,178.13
T0001814,C000856,ST0039,2025-09-04,Mobile Payment,205.24
T0001815,C006328,ST0312,2025-02-08,Debit Card,25.25
T0001816,C002329,ST0041,2024-12-03,Cash,196.91
T0001817,C009985,ST0156,2025-02-02,Cash,194.56
T0001818,C005928,ST0067,2026-01-17,Cash,131.79
T0001819,C006464,ST0087,2026-06-09,Cash,88.4
T0001820,C004736,ST0173,2025-10-07,Cash,8.06
T0001821,C008738,ST0266,2024-09-27,Mobile Payment,120.17
T0001822,C008842,ST0225,2026-01-04,Credit Card,20.18
T0001823,C009524,ST0078,2025-10-20,Debit Card,228.87
T0001824,C005947,ST0250,2024-08-28,Credit Card,63.35
T0001825,C006332,ST0288,2026-05-16,Credit Card,210.09
T0001826,C004349,ST0306,2025-03-14,Debit Card,39.43
T0001827,C008458,ST0048,2025-03-04,Mobile Payment,246.33
T0001828,C005039,ST0195,2025-07-02,Cash,204.16
T0001829,C006674,ST0122,2026-05-26,Mobile Payment,67.13
T0001830,C006637,ST0164,2025-10-25,Mobile Payment,229.56
T0001831,C003238,ST0335,2026-06-04,Cash,85.89
T0001832,C007418,ST0068,2025-01-13,Debit Card,110.42
T0001833,C007938,ST0289,2026-02-16,Debit Card,64.85
T0001834,C000850,ST0217,2026-03-26,Debit Card,115.54
T0001835,C008880,ST0149,2026-02-12,Cash,25.86
T0001836,C008172,ST0037,2025-10-15,Mobile Payment,27.74
T0001837,C006581,ST0292,2024-08-30,Credit Card,98.8
T0001838,C007770,ST0051,2025-11-14,Cash,231.75
T0001839,C002790,ST0110,2024-07-09,Debit Card,47.89
T0001840,C008604,ST0036,2025-05-18,Cash,231.49
T0001841,C001848,ST0336,2026-06-21,Cash,182.7
T0001842,C000750,ST0255,2026-05-19,Mobile Payment,242.7
T0001843,C000711,ST0326,2024-08-27,Debit Card,169.25
T0001844,C000625,ST0232,2026-03-02,Cash,114.62
T0001845,C000522,ST0294,2024-09-13,Cash,226.73
T0001846,C008083,ST0297,2026-07-06,Cash,221.02
T0001847,C005126,ST0227,2025-12-29,Cash,77.8
T0001848,C005401,ST0184,2026-01-20,Cash,92.75
T0001849,C001056,ST0150,2026-03-15,Mobile Payment,202.48
T0001850,C005684,ST0234,2026-07-04,Cash,160.46
T0001851,C004809,ST0271,2025-03-19,Mobile Payment,12.57
T0001852,C005671,ST0242,2025-02-10,Mobile Payment,238.35
T0001853,C000937,ST0094,2024-11-02,Debit Card,151.55
T0001854,C007745,ST0032,2025-01-06,Mobile Payment,239.56
T0001855,C003087,ST0129,2024-10-20,Cash,160.12
T0001856,C002495,ST0059,2025-11-03,Credit Card,76.15
T0001857,C001351,ST0335,2025-12-31,Mobile Payment,5.29
T0001858,C004246,ST0054,2025-04-14,Cash,155.72
T0001859,C003254,ST0072,2025-08-12,Credit Card,67.86
T0001860,C009365,ST0183,2025-07-05,Debit Card,68.26
T0001861,C003077,ST0014,2025-11-13,Credit Card,241.2
T0001862,C000755,ST0198,2025-02-04,Mobile Payment,9.51
T0001863,C008900,ST0011,2024-10-27,Mobile Payment,167.13
T0001864,C003362,ST0027,2025-06-27,Cash,30.12
T0001865,C002592,ST0068,2026-04-22,Mobile Payment,6.91
T0001866,C001558,ST0306,2025-06-20,Mobile Payment,211.03
T0001867,C000093,ST0074,2025-05-27,Cash,18.86
T0001868,C009888,ST0274,2025-05-15,Debit Card,14.9
T0001869,C006621,ST0329,2025-08-06,Cash,7.14
T0001870,C006148,ST0195,2025-10-23,Mobile Payment,147.92
T0001871,C003034,ST0012,2025-07-31,Cash,22.25
T0001872,C008938,ST0097,2026-05-03,Cash,37.1
T0001873,C003452,ST0068,2025-02-19,Credit Card,18.08
T0001874,C001747,ST0115,2025-12-21,Debit Card,191.94
T0001875,C000051,ST0044,2026-02-03,Credit Card,165.07
T0001876,C005901,ST0032,2025-09-16,Mobile Payment,198.99
T0001877,C003000,ST0314,2024-08-11,Debit Card,156.13
T0001878,C005599,ST0143,2025-02-18,Cash,75.17
T0001879,C008631,ST0112,2026-06-22,Mobile Payment,243.0
T0001880,C003713,ST0192,2025-12-14,Mobile Payment,231.54
T0001881,C006566,ST0141,2024-11-12,Debit Card,71.75
T0001882,C001782,ST0115,2026-05-17,Cash,201.23
T0001883,C004828,ST0261,2025-07-10,Debit Card,202.57
T0001884,C008353,ST0057,2025-04-14,Credit Card,156.69
T0001885,C009640,ST0082,2025-06-24,Debit Card,142.8
T0001886,C002998,ST0137,2026-01-05,Credit Card,115.35
T0001887,C004274,ST0074,2025-11-06,Cash,55.93
T0001888,C004533,ST0017,2025-05-16,Credit Card,164.58
T0001889,C007623,ST0219,2024-09-11,Debit Card,105.89
T0001890,C002732,ST0313,2025-03-14,Cash,246.3
T0001891,C000982,ST0036,2025-04-13,Mobile Payment,169.11
T0001892,C005192,ST0140,2025-05-25,Credit Card,113.71
T0001893,C001193,ST0251,2024-11-18,Debit Card,74.37
T0001894,C002692,ST0170,2025-05-02,Mobile Payment,137.98
T0001895,C001431,ST0073,2024-12-12,Mobile Payment,89.26
T0001896,C000681,ST0167,2025-02-05,Mobile Payment,222.48
T0001897,C002857,ST0071,2025-03-09,Cash,117.32
T0001898,C005302,ST0183,2026-03-28,Debit Card,215.29
T0001899,C004170,ST0160,2026-01-19,Credit Card,132.36
T0001900,C007553,ST0345,2025-01-20,Debit Card,191.95
T0001901,C002704,ST0082,2024-09-22,Cash,103.38
T0001902,C008389,ST0346,2024-12-02,Debit Card,147.39
T0001903,C002755,ST0264,2026-03-22,Credit Card,242.68
T0001904,C005219,ST0209,2026-02-27,Mobile Payment,235.34
T0001905,C006638,ST0080,2025-09-29,Cash,240.33
T0001906,C007381,ST0091,2025-08-14,Credit Card,108.74
T0001907,C006211,ST0031,2025-07-09,Debit Card,203.23
T0001908,C008511,ST0164,2024-09-12,Mobile Payment,79.19
T0001909,C008193,ST0265,2025-05-17,Cash,75.58
T0001910,C009262,ST0212,2025-06-30,Credit Card,210.98
T0001911,C001095,ST0156,2025-10-08,Mobile Payment,28.02
T0001912,C008422,ST0311,2025-11-17,Mobile Payment,163.54
T0001913,C009124,ST0305,2025-09-28,Cash,76.35
T0001914,C003656,ST0216,2025-07-28,Cash,140.13
T0001915,C008653,ST0314,2026-03-02,Mobile Payment,38.14
T0001916,C003140,ST0333,2024-09-29,Debit Card,176.81
T0001917,C000510,ST0060,2026-03-25,Credit Card,100.31
T0001918,C003498,ST0269,2024-10-14,Cash,91.01
T0001919,C002298,ST0111,2025-08-09,Credit Card,169.54
T0001920,C000373,ST0179,2026-03-08,Credit Card,232.43
T0001921,C001955,ST0178,2025-01-02,Cash,228.8
T0001922,C001643,ST0171,2024-12-01,Credit Card,143.43
T0001923,C004546,ST0304,2025-11-15,Credit Card,6.34
T0001924,C008069,ST0032,2025-03-22,Debit Card,24.68
T0001925,C009350,ST0258,2025-07-17,Credit Card,62.79
T0001926,C007174,ST0139,2025-06-14,Debit Card,240.87
T0001927,C009032,ST0213,2026-03-14,Cash,136.1
T0001928,C003584,ST0082,2024-12-26,Debit Card,16.79
T0001929,C003609,ST0038,2025-03-12,Credit Card,174.43
T0001930,C006058,ST0087,2025-06-06,Debit Card,47.73
T0001931,C005545,ST0213,2025-05-09,Debit Card,242.33
T0001932,C005201,ST0036,2024-08-16,Debit Card,13.9
T0001933,C000593,ST0195,2024-09-06,Mobile Payment,21.38
T0001934,C000720,ST0081,2024-12-30,Debit Card,44.07
T0001935,C005548,ST0182,2025-06-06,Credit Card,240.88
T0001936,C000999,ST0348,2026-04-28,Cash,209.01
T0001937,C000952,ST0046,2025-09-07,Credit Card,248.62
T0001938,C005082,ST0228,2025-02-24,Debit Card,208.83
T0001939,C005645,ST0345,2025-05-16,Credit Card,147.27
T0001940,C001756,ST0247,2026-06-21,Debit Card,12.02
T0001941,C005018,ST0258,2025-12-31,Debit Card,84.45
T0001942,C001106,ST0040,2026-06-28,Mobile Payment,186.63
T0001943,C008104,ST0083,2025-07-04,Cash,125.6
T0001944,C000350,ST0158,2025-01-24,Credit Card,137.89
T0001945,C009899,ST0352,2026-07-04,Debit Card,75.37
T0001946,C004980,ST0078,2026-03-25,Cash,32.87
T0001947,C001818,ST0132,2026-01-30,Debit Card,10.42
T0001948,C004656,ST0182,2025-09-29,Cash,61.8
T0001949,C001013,ST0192,2024-12-07,Mobile Payment,55.59
T0001950,C008677,ST0109,2026-01-06,Mobile Payment,151.28
T0001951,C009264,ST0312,2024-09-14,Mobile Payment,34.89
T0001952,C007852,ST0297,2025-05-26,Credit Card,105.0
T0001953,C000950,ST0153,2026-03-31,Cash,109.53
T0001954,C007009,ST0085,2026-01-26,Cash,158.23
T0001955,C001657,ST0134,2025-10-14,Cash,200.74
T0001956,C009626,ST0024,2025-04-06,Cash,119.97
T0001957,C007291,ST0267,2025-04-25,Debit Card,177.47
T0001958,C003188,ST0327,2025-04-11,Debit Card,137.58
T0001959,C006668,ST0141,2025-01-31,Debit Card,209.32
T0001960,C005550,ST0014,2024-10-05,Cash,182.49
T0001961,C001347,ST0294,2025-01-17,Mobile Payment,182.02
T0001962,C007091,ST0209,2025-02-19,Credit Card,157.47
T0001963,C007851,ST0144,2026-06-18,Cash,83.48
T0001964,C000927,ST0155,2025-02-03,Cash,103.68
T0001965,C009671,ST0272,2025-07-11,Credit Card,116.93
T0001966,C007120,ST0076,2026-01-19,Cash,36.99
T0001967,C004689,ST0089,2026-06-22,Cash,141.93
T0001968,C007160,ST0061,2024-08-22,Mobile Payment,149.87
T0001969,C001586,ST0292,2026-01-21,Mobile Payment,91.16
T0001970,C004598,ST0149,2025-07-01,Debit Card,151.41
T0001971,C008907,ST0227,2024-12-08,Cash,193.94
T0001972,C004354,ST0234,2026-06-08,Cash,45.92
T0001973,C000449,ST0249,2025-09-06,Debit Card,133.29
T0001974,C006822,ST0175,2026-05-28,Credit Card,203.4
T0001975,C000711,ST0045,2026-04-05,Mobile Payment,50.23
T0001976,C001232,ST0212,2026-06-09,Mobile Payment,150.93
T0001977,C002019,ST0077,2024-08-05,Mobile Payment,94.72
T0001978,C007396,ST0273,2026-06-03,Credit Card,70.55
T0001979,C004002,ST0091,2025-07-10,Debit Card,79.15
T0001980,C004918,ST0041,2025-05-22,Mobile Payment,32.94
T0001981,C004427,ST0254,2025-11-12,Cash,232.05
T0001982,C009108,ST0339,2025-03-30,Mobile Payment,99.21
T0001983,C000684,ST0165,2025-12-03,Mobile Payment,24.22
T0001984,C001429,ST0251,2026-06-12,Cash,105.92
T0001985,C009923,ST0139,2024-10-24,Mobile Payment,69.67
T0001986,C007739,ST0180,2025-08-07,Cash,160.76
T0001987,C009586,ST0021,2025-08-20,Cash,68.55
T0001988,C001666,ST0126,2025-12-18,Mobile Payment,204.84
T0001989,C008125,ST0250,2026-05-17,Credit Card,177.71
T0001990,C002905,ST0351,2024-08-31,Debit Card,55.11
T0001991,C002720,ST0258,2025-03-01,Credit Card,156.36
T0001992,C008579,ST0132,2026-01-13,Cash,134.7
T0001993,C008538,ST0290,2025-04-13,Mobile Payment,103.87
T0001994,C002571,ST0255,2024-11-30,Debit Card,138.62
T0001995,C009115,ST0127,2025-10-12,Credit Card,62.24
T0001996,C003403,ST0112,2024-12-27,Credit Card,120.91
T0001997,C008158,ST0318,2025-01-12,Debit Card,194.08
T0001998,C006706,ST0214,2025-10-09,Cash,84.56
T0001999,C009627,ST0281,2025-05-06,Credit Card,77.2
T0002000,C001926,ST0174,2025-11-10,Debit Card,139.99
T0002001,C009506,ST0168,2025-03-19,Debit Card,26.42
T0002002,C007652,ST0007,2026-03-21,Credit Card,216.59
T0002003,C008066,ST0260,2025-04-11,Cash,56.12
T0002004,C002519,ST0113,2025-11-17,Credit Card,91.6
T0002005,C006468,ST0098,2025-05-17,Credit Card,8.34
T0002006,C005256,ST0073,2024-08-29,Debit Card,219.12
T0002007,C009502,ST0257,2026-07-01,Debit Card,187.12
T0002008,C003321,ST0163,2024-08-14,Credit Card,109.91
T0002009,C000829,ST0149,2025-10-11,Mobile Payment,213.08
T0002010,C008568,ST0009,2025-10-27,Cash,63.36
T0002011,C007214,ST0171,2026-01-16,Credit Card,113.72
T0002012,C007045,ST0327,2025-09-09,Credit Card,59.92
T0002013,C006096,ST0260,2026-05-17,Debit Card,166.2
T0002014,C006786,ST0229,2024-11-21,Mobile Payment,84.74
T0002015,C005596,ST0299,2025-07-02,Mobile Payment,156.68
T0002016,C006717,ST0046,2024-08-21,Credit Card,92.06
T0002017,C000205,ST0056,2024-12-14,Mobile Payment,162.89
T0002018,C006680,ST0058,2024-12-20,Credit Card,140.01
T0002019,C006940,ST0309,2025-07-03,Mobile Payment,47.29
T0002020,C000442,ST0283,2025-08-14,Cash,177.29
T0002021,C007242,ST0091,2025-09-03,Credit Card,164.3
T0002022,C003071,ST0280,2025-12-28,Credit Card,102.66
T0002023,C009081,ST0341,2025-12-12,Credit Card,53.62
T0002024,C000115,ST0079,2026-05-02,Cash,239.22
T0002025,C001554,ST0096,2024-11-05,Mobile Payment,66.36
T0002026,C006539,ST0266,2025-01-14,Cash,121.76
T0002027,C008621,ST0320,2025-07-26,Cash,161.93
T0002028,C005192,ST0268,2025-06-02,Credit Card,217.99
T0002029,C003048,ST0227,2026-02-25,Cash,70.69
T0002030,C002752,ST0132,2025-01-25,Credit Card,122.45
T0002031,C000210,ST0282,2025-12-05,Mobile Payment,45.56
T0002032,C001669,ST0008,2024-09-20,Mobile Payment,46.02
T0002033,C007262,ST0155,2026-01-20,Cash,21.15
T0002034,C006106,ST0276,2025-09-08,Credit Card,8.12
T0002035,C008479,ST0128,2024-10-23,Debit Card,236.81
T0002036,C004813,ST0279,2025-01-06,Mobile Payment,19.51
T0002037,C004692,ST0142,2026-03-22,Credit Card,44.04
T0002038,C008137,ST0113,2025-08-03,Debit Card,90.81
T0002039,C005272,ST0036,2025-05-31,Mobile Payment,97.25
T0002040,C004255,ST0001,2025-12-20,Credit Card,248.17
T0002041,C002550,ST0211,2024-08-05,Credit Card,132.08
T0002042,C004099,ST0086,2025-09-02,Cash,183.11
T0002043,C009669,ST0291,2024-12-20,Credit Card,21.85
T0002044,C007902,ST0311,2025-02-05,Mobile Payment,66.6
T0002045,C005779,ST0287,2024-07-07,Mobile Payment,78.88
T0002046,C004323,ST0090,2024-09-22,Mobile Payment,232.37
T0002047,C002027,ST0016,2024-10-31,Mobile Payment,179.21
T0002048,C006753,ST0146,2025-06-03,Cash,132.26
T0002049,C005494,ST0233,2025-06-12,Debit Card,24.69
T0002050,C004778,ST0232,2025-08-01,Mobile Payment,169.62
T0002051,C005031,ST0207,2026-01-24,Debit Card,91.19
T0002052,C005792,ST0265,2025-10-19,Debit Card,87.87
T0002053,C009908,ST0021,2024-10-28,Mobile Payment,206.6
T0002054,C001464,ST0171,2025-01-05,Credit Card,175.25
T0002055,C007779,ST0211,2025-01-14,Credit Card,104.8
T0002056,C009058,ST0209,2025-11-06,Credit Card,61.09
T0002057,C002665,ST0086,2025-12-14,Cash,183.21
T0002058,C002921,ST0218,2024-11-20,Debit Card,96.56
T0002059,C003957,ST0030,2025-06-26,Debit Card,208.73
T0002060,C002979,ST0096,2024-11-12,Cash,167.3
T0002061,C002343,ST0105,2025-01-20,Cash,113.89
T0002062,C002139,ST0276,2024-12-22,Cash,200.36
T0002063,C007812,ST0067,2025-12-16,Debit Card,123.62
T0002064,C008064,ST0239,2025-07-09,Debit Card,214.81
T0002065,C009110,ST0225,2026-05-13,Credit Card,28.53
T0002066,C008959,ST0352,2024-07-17,Mobile Payment,213.02
T0002067,C007283,ST0067,2025-04-19,Credit Card,120.38
T0002068,C009498,ST0208,2026-05-16,Cash,45.56
T0002069,C009605,ST0277,2026-06-21,Mobile Payment,16.88
T0002070,C003608,ST0244,2024-10-04,Cash,222.66
T0002071,C006068,ST0021,2024-11-15,Debit Card,11.64
T0002072,C001038,ST0170,2024-08-26,Mobile Payment,203.58
T0002073,C000651,ST0098,2025-01-07,Credit Card,187.02
T0002074,C006535,ST0321,2025-07-28,Credit Card,93.39
T0002075,C001218,ST0170,2025-02-28,Credit Card,62.92
T0002076,C005829,ST0024,2024-12-13,Debit Card,23.98
T0002077,C006963,ST0274,2025-08-26,Mobile Payment,223.65
T0002078,C007578,ST0153,2026-01-14,Mobile Payment,66.3
T0002079,C007731,ST0311,2025-04-19,Mobile Payment,206.8
T0002080,C009691,ST0076,2025-12-16,Mobile Payment,131.15
T0002081,C006332,ST0231,2026-05-28,Credit Card,197.08
T0002082,C003624,ST0166,2025-11-26,Cash,179.17
T0002083,C005449,ST0260,2026-05-30,Cash,182.62
T0002084,C002094,ST0106,2026-04-23,Credit Card,49.26
T0002085,C001085,ST0078,2025-10-24,Debit Card,83.45
T0002086,C006831,ST0301,2026-03-29,Debit Card,173.07
T0002087,C003755,ST0303,2025-03-03,Debit Card,104.63
T0002088,C007980,ST0076,2026-03-24,Cash,49.4
T0002089,C000465,ST0333,2025-01-23,Debit Card,51.07
T0002090,C001058,ST0065,2025-05-09,Mobile Payment,83.29
T0002091,C003564,ST0304,2025-04-19,Cash,194.13
T0002092,C000258,ST0265,2024-10-13,Mobile Payment,89.43
T0002093,C001358,ST0116,2026-03-02,Debit Card,50.61
T0002094,C002755,ST0293,2024-08-27,Credit Card,187.1
T0002095,C001924,ST0168,2025-08-21,Mobile Payment,223.45
T0002096,C005105,ST0241,2026-01-15,Cash,220.39
T0002097,C009767,ST0104,2026-06-18,Credit Card,175.55
T0002098,C003578,ST0291,2025-12-08,Credit Card,193.14
T0002099,C006886,ST0352,2025-10-29,Credit Card,145.59
T0002100,C005708,ST0199,2026-02-11,Debit Card,140.31
T0002101,C002518,ST0284,2025-08-16,Debit Card,83.02
T0002102,C000960,ST0091,2024-07-17,Mobile Payment,187.54
T0002103,C003445,ST0091,2025-12-05,Credit Card,227.95
T0002104,C004494,ST0017,2025-04-22,Credit Card,81.77
T0002105,C007793,ST0343,2026-05-01,Credit Card,227.91
T0002106,C009232,ST0307,2024-08-01,Debit Card,101.2
T0002107,C007162,ST0168,2025-08-25,Mobile Payment,215.5
T0002108,C004319,ST0182,2024-12-06,Credit Card,90.99
T0002109,C006043,ST0304,2024-08-03,Mobile Payment,8.43
T0002110,C002868,ST0267,2024-10-02,Mobile Payment,161.4
T0002111,C000719,ST0255,2026-03-10,Debit Card,16.16
T0002112,C005049,ST0165,2025-07-26,Credit Card,38.22
T0002113,C004317,ST0248,2025-02-17,Credit Card,214.59
T0002114,C004566,ST0122,2026-04-16,Cash,38.11
T0002115,C000609,ST0304,2025-11-12,Debit Card,135.22
T0002116,C008103,ST0218,2025-06-20,Debit Card,76.35
T0002117,C001657,ST0350,2024-08-15,Mobile Payment,44.25
T0002118,C001037,ST0243,2025-11-01,Debit Card,107.93
T0002119,C002869,ST0037,2024-12-28,Cash,209.94
T0002120,C006487,ST0118,2025-02-24,Mobile Payment,173.49
T0002121,C007149,ST0043,2025-03-23,Mobile Payment,141.76
T0002122,C003195,ST0245,2025-12-22,Credit Card,165.34
T0002123,C005671,ST0113,2025-03-31,Cash,178.11
T0002124,C008020,ST0263,2025-01-15,Mobile Payment,223.93
T0002125,C001116,ST0259,2026-06-16,Cash,179.32
T0002126,C008963,ST0319,2025-08-01,Cash,46.99
T0002127,C000654,ST0263,2025-05-17,Cash,45.35
T0002128,C009073,ST0232,2026-01-04,Credit Card,160.3
T0002129,C004351,ST0183,2025-03-02,Credit Card,9.19
T0002130,C009482,ST0155,2024-09-15,Debit Card,101.82
T0002131,C007303,ST0154,2026-05-12,Cash,136.62
T0002132,C008052,ST0068,2025-06-18,Mobile Payment,22.89
T0002133,C006067,ST0063,2025-12-19,Cash,134.91
T0002134,C006642,ST0172,2025-10-11,Mobile Payment,82.58
T0002135,C009972,ST0212,2026-04-23,Mobile Payment,143.58
T0002136,C003906,ST0114,2025-05-25,Credit Card,177.44
T0002137,C000678,ST0246,2025-01-11,Debit Card,231.07
T0002138,C006761,ST0345,2024-08-13,Mobile Payment,156.54
T0002139,C008824,ST0327,2025-01-01,Debit Card,138.21
T0002140,C007805,ST0098,2025-09-23,Debit Card,233.9
T0002141,C000170,ST0179,2026-05-03,Credit Card,244.74
T0002142,C009480,ST0210,2025-03-05,Cash,241.08
T0002143,C001693,ST0052,2025-09-15,Cash,131.89
T0002144,C007210,ST0159,2025-05-14,Mobile Payment,41.29
T0002145,C005232,ST0215,2025-12-12,Mobile Payment,11.85
T0002146,C003407,ST0277,2025-11-07,Debit Card,80.1
T0002147,C009163,ST0199,2026-06-17,Mobile Payment,46.37
T0002148,C002636,ST0329,2025-02-16,Credit Card,154.99
T0002149,C000277,ST0060,2025-11-16,Mobile Payment,113.08
T0002150,C004159,ST0302,2026-03-25,Mobile Payment,45.55
T0002151,C002349,ST0027,2026-03-19,Mobile Payment,26.74
T0002152,C007868,ST0177,2025-05-18,Mobile Payment,71.49
T0002153,C000299,ST0078,2024-07-27,Mobile Payment,117.78
T0002154,C009915,ST0110,2024-08-11,Debit Card,68.67
T0002155,C006934,ST0063,2024-11-17,Cash,11.35
T0002156,C007121,ST0043,2024-10-08,Credit Card,68.01
T0002157,C009550,ST0040,2025-09-17,Debit Card,183.83
T0002158,C006569,ST0347,2024-07-16,Mobile Payment,12.49
T0002159,C004504,ST0145,2025-08-28,Debit Card,174.05
T0002160,C006430,ST0041,2024-08-28,Cash,197.73
T0002161,C003944,ST0248,2026-04-21,Cash,182.38
T0002162,C004422,ST0312,2025-02-26,Debit Card,217.06
T0002163,C000556,ST0201,2024-09-17,Mobile Payment,110.05
T0002164,C005485,ST0054,2025-07-10,Debit Card,88.98
T0002165,C004046,ST0103,2026-03-04,Debit Card,116.2
T0002166,C004136,ST0274,2025-06-05,Debit Card,50.02
T0002167,C006762,ST0173,2024-07-15,Credit Card,155.97
T0002168,C000833,ST0016,2025-04-09,Credit Card,103.73
T0002169,C004218,ST0325,2025-09-03,Debit Card,12.42
T0002170,C001846,ST0212,2024-12-25,Debit Card,120.85
T0002171,C009744,ST0001,2025-08-15,Debit Card,86.71
T0002172,C000872,ST0311,2024-10-22,Credit Card,152.95
T0002173,C005617,ST0057,2026-02-10,Mobile Payment,133.48
T0002174,C009038,ST0030,2024-11-08,Credit Card,201.05
T0002175,C003379,ST0066,2024-09-17,Credit Card,138.19
T0002176,C009013,ST0019,2025-03-04,Credit Card,187.37
T0002177,C008517,ST0316,2024-12-16,Credit Card,14.37
T0002178,C007719,ST0161,2025-07-18,Cash,222.19
T0002179,C003931,ST0350,2026-01-25,Credit Card,201.96
T0002180,C009149,ST0178,2025-04-30,Mobile Payment,80.52
T0002181,C006200,ST0314,2024-08-23,Credit Card,155.52
T0002182,C004464,ST0197,2026-03-29,Debit Card,86.83
T0002183,C001140,ST0163,2025-07-29,Debit Card,72.85
T0002184,C004551,ST0273,2026-01-14,Credit Card,66.35
T0002185,C005022,ST0146,2025-06-09,Cash,64.43
T0002186,C008964,ST0052,2026-03-12,Credit Card,203.86
T0002187,C009260,ST0149,2025-09-30,Credit Card,205.87
T0002188,C006259,ST0134,2026-01-13,Cash,177.53
T0002189,C002320,ST0045,2024-09-19,Mobile Payment,167.95
T0002190,C005801,ST0044,2025-07-30,Cash,33.87
T0002191,C007306,ST0350,2026-01-24,Debit Card,215.15
T0002192,C004677,ST0273,2025-02-24,Cash,140.29
T0002193,C009154,ST0309,2025-06-01,Cash,16.31
T0002194,C004302,ST0162,2024-10-08,Credit Card,37.18
T0002195,C008460,ST0095,2025-03-02,Debit Card,36.76
T0002196,C004539,ST0105,2025-03-24,Mobile Payment,13.15
T0002197,C004104,ST0045,2025-03-15,Mobile Payment,149.59
T0002198,C007097,ST0144,2026-03-27,Cash,139.47
T0002199,C005433,ST0130,2025-12-03,Mobile Payment,195.89
T0002200,C006912,ST0061,2025-06-19,Mobile Payment,188.8
T0002201,C004251,ST0065,2025-01-10,Debit Card,106.58
T0002202,C003570,ST0128,2026-05-01,Cash,191.97
T0002203,C008341,ST0177,2025-10-23,Debit Card,192.78
T0002204,C006277,ST0348,2024-08-11,Debit Card,128.49
T0002205,C005795,ST0177,2025-09-30,Credit Card,209.31
T0002206,C005342,ST0294,2025-09-17,Mobile Payment,181.76
T0002207,C009711,ST0342,2025-11-02,Credit Card,113.15
T0002208,C008107,ST0030,2025-03-13,Cash,31.81
T0002209,C002954,ST0032,2025-10-04,Mobile Payment,91.61
T0002210,C003868,ST0250,2024-12-11,Credit Card,82.42
T0002211,C006006,ST0314,2026-02-06,Credit Card,7.23
T0002212,C000255,ST0079,2024-12-22,Mobile Payment,67.7
T0002213,C006894,ST0143,2025-09-25,Credit Card,66.62
T0002214,C000191,ST0159,2025-04-13,Cash,59.5
T0002215,C007091,ST0069,2024-10-30,Cash,79.05
T0002216,C007880,ST0249,2025-08-07,Mobile Payment,90.16
T0002217,C006904,ST0299,2024-12-14,Debit Card,69.22
T0002218,C001451,ST0037,2024-11-27,Credit Card,7.86
T0002219,C003244,ST0153,2024-11-29,Debit Card,131.99
T0002220,C006599,ST0319,2026-04-17,Cash,67.23
T0002221,C008705,ST0328,2025-04-05,Mobile Payment,126.41
T0002222,C001957,ST0291,2026-06-10,Credit Card,200.47
T0002223,C001104,ST0131,2025-06-08,Debit Card,117.82
T0002224,C009393,ST0038,2026-02-14,Debit Card,61.32
T0002225,C002606,ST0304,2025-10-20,Cash,60.25
T0002226,C008474,ST0119,2026-05-04,Debit Card,154.39
T0002227,C005691,ST0156,2025-12-27,Mobile Payment,233.72
T0002228,C005423,ST0174,2026-06-07,Debit Card,30.12
T0002229,C002885,ST0300,2026-03-29,Cash,148.16
T0002230,C007469,ST0262,2024-12-27,Mobile Payment,106.31
T0002231,C002905,ST0106,2026-06-09,Cash,201.06
T0002232,C006953,ST0175,2025-09-08,Credit Card,61.1
T0002233,C007630,ST0080,2024-07-07,Cash,159.12
T0002234,C000796,ST0100,2024-08-04,Cash,111.24
T0002235,C007495,ST0301,2026-05-16,Mobile Payment,22.32
T0002236,C007003,ST0316,2026-01-21,Credit Card,158.95
T0002237,C007989,ST0348,2025-01-14,Debit Card,201.1
T0002238,C005365,ST0239,2025-01-04,Debit Card,180.05
T0002239,C007158,ST0101,2025-08-14,Mobile Payment,103.6
T0002240,C001374,ST0004,2024-07-15,Credit Card,7.17
T0002241,C004024,ST0093,2025-06-21,Cash,116.27
T0002242,C002919,ST0190,2024-07-09,Mobile Payment,20.82
T0002243,C008009,ST0085,2026-03-31,Credit Card,11.45
T0002244,C005928,ST0332,2025-02-24,Mobile Payment,54.03
T0002245,C004581,ST0258,2025-12-25,Credit Card,134.9
T0002246,C006052,ST0077,2025-12-29,Debit Card,188.13
T0002247,C002415,ST0211,2025-07-10,Debit Card,160.66
T0002248,C005401,ST0074,2025-12-08,Mobile Payment,197.3
T0002249,C002883,ST0210,2024-12-24,Mobile Payment,187.89
T0002250,C007544,ST0221,2025-11-13,Credit Card,169.84
T0002251,C000105,ST0252,2026-03-18,Cash,173.1
T0002252,C009263,ST0006,2024-12-30,Mobile Payment,112.76
T0002253,C004093,ST0255,2026-04-24,Mobile Payment,45.58
T0002254,C004119,ST0168,2025-09-02,Debit Card,53.47
T0002255,C009767,ST0112,2024-08-08,Credit Card,7.06
T0002256,C001778,ST0200,2025-07-10,Debit Card,112.49
T0002257,C006769,ST0196,2025-06-02,Credit Card,221.47
T0002258,C000525,ST0167,2026-03-08,Credit Card,208.43
T0002259,C006688,ST0156,2026-05-01,Credit Card,89.8
T0002260,C001353,ST0081,2024-12-26,Credit Card,119.48
T0002261,C000566,ST0124,2025-11-01,Credit Card,120.8
T0002262,C005634,ST0027,2025-12-12,Mobile Payment,100.04
T0002263,C005769,ST0123,2025-03-23,Credit Card,157.86
T0002264,C007976,ST0126,2025-03-26,Mobile Payment,157.19
T0002265,C003291,ST0050,2026-06-13,Cash,205.94
T0002266,C009850,ST0133,2025-06-02,Debit Card,98.38
T0002267,C006897,ST0120,2024-11-01,Debit Card,242.55
T0002268,C001181,ST0318,2025-12-18,Cash,84.19
T0002269,C005606,ST0057,2024-12-28,Mobile Payment,212.65
T0002270,C003901,ST0336,2026-02-13,Cash,211.0
T0002271,C001049,ST0346,2024-08-30,Credit Card,102.4
T0002272,C000668,ST0026,2024-12-20,Cash,59.21
T0002273,C000418,ST0302,2025-02-14,Debit Card,204.49
T0002274,C005152,ST0208,2026-04-14,Credit Card,48.37
T0002275,C009313,ST0246,2025-08-18,Mobile Payment,21.25
T0002276,C000882,ST0335,2025-05-31,Mobile Payment,105.48
T0002277,C002219,ST0312,2026-06-04,Cash,10.04
T0002278,C004832,ST0273,2025-12-24,Credit Card,92.93
T0002279,C009655,ST0310,2026-05-31,Mobile Payment,215.89
T0002280,C002084,ST0082,2026-05-17,Credit Card,183.31
T0002281,C001349,ST0015,2024-12-07,Cash,38.9
T0002282,C004308,ST0119,2025-10-23,Credit Card,221.69
T0002283,C007572,ST0185,2025-01-13,Debit Card,207.79
T0002284,C007666,ST0345,2025-11-21,Credit Card,96.65
T0002285,C003790,ST0212,2025-09-17,Credit Card,237.13
T0002286,C008410,ST0051,2026-04-02,Debit Card,208.14
T0002287,C006479,ST0206,2025-01-22,Mobile Payment,12.12
T0002288,C003298,ST0195,2024-07-08,Mobile Payment,89.12
T0002289,C004038,ST0007,2025-08-08,Credit Card,158.96
T0002290,C000323,ST0164,2026-02-24,Cash,204.95
T0002291,C008290,ST0103,2026-01-25,Mobile Payment,11.66
T0002292,C005741,ST0340,2025-10-29,Debit Card,200.26
T0002293,C004417,ST0317,2026-01-28,Debit Card,156.67
T0002294,C005102,ST0228,2024-11-24,Cash,203.17
T0002295,C008258,ST0232,2024-12-25,Mobile Payment,27.17
T0002296,C006930,ST0138,2025-02-23,Credit Card,5.44
T0002297,C009462,ST0335,2026-02-16,Debit Card,166.83
T0002298,C006941,ST0195,2026-02-06,Mobile Payment,32.77
T0002299,C004850,ST0298,2025-11-23,Mobile Payment,34.89
T0002300,C009225,ST0222,2024-09-26,Cash,141.91
T0002301,C005740,ST0279,2025-08-30,Debit Card,221.8
T0002302,C005063,ST0026,2025-04-25,Credit Card,30.89
T0002303,C002583,ST0194,2025-07-31,Debit Card,226.84
T0002304,C000164,ST0024,2025-09-17,Debit Card,34.64
T0002305,C005069,ST0125,2025-07-11,Cash,44.17
T0002306,C007434,ST0287,2025-12-22,Mobile Payment,35.1
T0002307,C006552,ST0161,2025-07-21,Debit Card,130.83
T0002308,C003276,ST0123,2026-06-23,Debit Card,11.72
T0002309,C006371,ST0193,2024-08-21,Debit Card,136.58
T0002310,C008779,ST0350,2025-07-02,Mobile Payment,85.74
T0002311,C002955,ST0211,2025-09-21,Mobile Payment,18.64
T0002312,C000603,ST0033,2025-06-12,Mobile Payment,230.6
T0002313,C008456,ST0060,2025-06-11,Debit Card,62.23
T0002314,C001019,ST0018,2025-06-03,Credit Card,20.5
T0002315,C005212,ST0339,2024-07-21,Credit Card,150.71
T0002316,C003056,ST0011,2025-10-14,Mobile Payment,74.88
T0002317,C008389,ST0195,2024-08-30,Cash,128.72
T0002318,C000172,ST0270,2026-03-31,Credit Card,99.15
T0002319,C003044,ST0189,2025-11-10,Credit Card,192.05
T0002320,C002353,ST0227,2026-05-20,Cash,122.52
T0002321,C001691,ST0231,2026-05-11,Debit Card,37.64
T0002322,C001760,ST0136,2024-09-26,Debit Card,71.12
T0002323,C003932,ST0106,2025-03-18,Credit Card,136.22
T0002324,C004077,ST0079,2024-09-30,Credit Card,9.21
T0002325,C006735,ST0141,2025-05-04,Debit Card,5.85
T0002326,C006504,ST0318,2026-01-01,Cash,42.73
T0002327,C006903,ST0047,2025-07-05,Cash,176.58
T0002328,C004783,ST0345,2025-05-07,Cash,62.49
T0002329,C009028,ST0204,2025-04-22,Cash,194.38
T0002330,C002278,ST0178,2025-09-26,Cash,128.0
T0002331,C002076,ST0112,2025-02-04,Cash,208.7
T0002332,C003573,ST0030,2024-08-13,Credit Card,203.56
T0002333,C002248,ST0160,2025-02-10,Cash,59.28
T0002334,C000741,ST0287,2025-08-05,Cash,166.15
T0002335,C002238,ST0315,2025-01-11,Debit Card,14.71
T0002336,C000348,ST0178,2025-02-12,Debit Card,91.34
T0002337,C000299,ST0155,2024-07-07,Credit Card,160.38
T0002338,C004528,ST0085,2024-08-30,Mobile Payment,71.08
T0002339,C000439,ST0079,2026-03-18,Debit Card,128.9
T0002340,C005288,ST0349,2026-03-20,Debit Card,189.23
T0002341,C006790,ST0079,2024-10-25,Cash,233.59
T0002342,C002808,ST0343,2025-02-16,Cash,238.86
T0002343,C008473,ST0250,2025-08-17,Debit Card,68.36
T0002344,C002296,ST0184,2026-04-01,Debit Card,122.1
T0002345,C005221,ST0296,2025-10-06,Credit Card,247.15
T0002346,C009515,ST0103,2026-06-13,Credit Card,177.45
T0002347,C000377,ST0034,2025-03-29,Debit Card,114.92
T0002348,C004237,ST0059,2026-04-30,Credit Card,147.06
T0002349,C000742,ST0265,2025-06-05,Mobile Payment,34.37
T0002350,C003825,ST0293,2025-02-13,Credit Card,34.56
T0002351,C009934,ST0333,2024-09-14,Credit Card,171.85
T0002352,C004372,ST0255,2026-04-01,Cash,146.25
T0002353,C005956,ST0292,2026-05-11,Credit Card,117.37
T0002354,C003123,ST0143,2024-12-13,Mobile Payment,218.75
T0002355,C006788,ST0078,2026-01-27,Mobile Payment,240.63
T0002356,C004358,ST0142,2025-02-16,Cash,124.22
T0002357,C000636,ST0343,2025-06-12,Cash,170.97
T0002358,C003932,ST0051,2024-09-07,Cash,228.82
T0002359,C001674,ST0041,2024-09-15,Cash,209.32
T0002360,C002827,ST0281,2025-02-11,Credit Card,136.5
T0002361,C007567,ST0315,2025-05-20,Debit Card,77.63
T0002362,C009234,ST0181,2026-01-31,Cash,92.99
T0002363,C005416,ST0080,2025-12-25,Cash,140.17
T0002364,C009232,ST0214,2024-11-01,Credit Card,181.45
T0002365,C005347,ST0291,2026-03-14,Cash,116.34
T0002366,C008279,ST0270,2025-05-31,Credit Card,31.39
T0002367,C002926,ST0200,2025-04-04,Cash,126.75
T0002368,C004350,ST0242,2026-03-24,Credit Card,35.38
T0002369,C005194,ST0265,2026-06-02,Cash,135.63
T0002370,C000967,ST0210,2026-05-19,Debit Card,211.25
T0002371,C006864,ST0319,2026-02-02,Debit Card,162.6
T0002372,C000806,ST0106,2024-10-28,Credit Card,35.69
T0002373,C009055,ST0304,2024-09-01,Debit Card,39.59
T0002374,C000614,ST0044,2026-05-14,Cash,177.69
T0002375,C002075,ST0318,2024-12-12,Cash,6.74
T0002376,C005632,ST0173,2025-04-04,Credit Card,108.98
T0002377,C005737,ST0069,2025-11-07,Mobile Payment,238.27
T0002378,C002338,ST0329,2025-08-22,Debit Card,19.85
T0002379,C000798,ST0118,2025-05-16,Credit Card,194.96
T0002380,C000218,ST0004,2026-05-03,Credit Card,33.43
T0002381,C002194,ST0319,2024-09-10,Credit Card,80.21
T0002382,C007030,ST0132,2024-08-21,Debit Card,164.47
T0002383,C000946,ST0266,2025-09-09,Debit Card,15.02
T0002384,C007973,ST0241,2024-11-18,Mobile Payment,159.51
T0002385,C008425,ST0171,2025-02-06,Cash,124.81
T0002386,C001142,ST0105,2026-06-29,Mobile Payment,212.35
T0002387,C004879,ST0114,2025-04-10,Cash,95.82
T0002388,C000316,ST0330,2026-03-26,Debit Card,204.94
T0002389,C004153,ST0319,2025-10-23,Cash,159.2
T0002390,C008088,ST0227,2026-04-08,Cash,68.43
T0002391,C002133,ST0015,2024-11-26,Debit Card,159.6
T0002392,C008753,ST0039,2025-09-18,Credit Card,157.58
T0002393,C004527,ST0072,2024-09-30,Mobile Payment,154.34
T0002394,C008320,ST0323,2025-06-30,Credit Card,208.27
T0002395,C006118,ST0127,2025-05-12,Credit Card,236.52
T0002396,C003344,ST0120,2025-09-17,Credit Card,148.64
T0002397,C008220,ST0201,2024-07-24,Credit Card,133.64
T0002398,C005337,ST0213,2025-06-02,Cash,182.3
T0002399,C004270,ST0149,2026-02-08,Cash,169.59
T0002400,C000825,ST0094,2026-04-04,Mobile Payment,189.03
T0002401,C008993,ST0161,2024-08-03,Credit Card,183.4
T0002402,C003842,ST0031,2024-12-16,Cash,227.08
T0002403,C004002,ST0006,2025-04-09,Mobile Payment,139.6
T0002404,C004250,ST0343,2025-08-23,Debit Card,112.42
T0002405,C001962,ST0326,2025-03-30,Credit Card,96.65
T0002406,C000465,ST0101,2025-09-23,Cash,107.78
T0002407,C000280,ST0315,2025-03-21,Credit Card,230.04
T0002408,C002636,ST0109,2024-08-22,Cash,185.65
T0002409,C004016,ST0236,2026-06-05,Cash,51.93
T0002410,C004543,ST0281,2025-10-27,Credit Card,200.35
T0002411,C008043,ST0168,2026-03-31,Debit Card,233.95
T0002412,C009870,ST0232,2024-12-07,Credit Card,232.09
T0002413,C001584,ST0317,2026-02-08,Mobile Payment,236.93
T0002414,C007665,ST0121,2026-02-10,Credit Card,195.89
T0002415,C007890,ST0040,2024-12-28,Cash,13.02
T0002416,C008776,ST0169,2026-04-03,Mobile Payment,243.33
T0002417,C009640,ST0107,2025-10-24,Cash,191.93
T0002418,C001639,ST0026,2025-08-13,Debit Card,183.39
T0002419,C002557,ST0282,2024-08-07,Mobile Payment,107.86
T0002420,C005240,ST0033,2025-08-30,Cash,11.02
T0002421,C001686,ST0055,2024-09-29,Debit Card,88.26
T0002422,C007650,ST0026,2024-10-28,Mobile Payment,231.77
T0002423,C006604,ST0302,2025-04-18,Debit Card,149.06
T0002424,C001439,ST0247,2026-01-03,Mobile Payment,130.86
T0002425,C009902,ST0007,2025-01-09,Cash,16.03
T0002426,C003959,ST0184,2024-08-18,Credit Card,86.65
T0002427,C009754,ST0240,2024-10-02,Credit Card,86.29
T0002428,C000734,ST0121,2026-04-18,Mobile Payment,249.6
T0002429,C009645,ST0070,2026-01-12,Credit Card,228.49
T0002430,C008349,ST0180,2026-05-21,Mobile Payment,108.71
T0002431,C007011,ST0179,2024-09-13,Debit Card,198.03
T0002432,C008456,ST0144,2025-07-14,Mobile Payment,237.27
T0002433,C001030,ST0155,2025-10-03,Mobile Payment,51.15
T0002434,C004027,ST0203,2025-05-15,Cash,191.88
T0002435,C003160,ST0242,2024-10-17,Debit Card,35.53
T0002436,C009676,ST0250,2025-05-31,Credit Card,29.71
T0002437,C007912,ST0091,2025-03-30,Debit Card,209.96
T0002438,C004578,ST0298,2026-06-30,Credit Card,138.78
T0002439,C003208,ST0231,2024-08-16,Debit Card,221.01
T0002440,C009572,ST0142,2024-07-26,Cash,168.38
T0002441,C006915,ST0209,2026-06-03,Cash,110.21
T0002442,C003183,ST0247,2025-07-03,Cash,61.14
T0002443,C004579,ST0085,2025-01-27,Credit Card,26.97
T0002444,C002779,ST0095,2026-03-15,Cash,34.03
T0002445,C002266,ST0264,2026-05-20,Mobile Payment,16.49
T0002446,C005475,ST0189,2025-09-26,Credit Card,149.89
T0002447,C006147,ST0251,2024-09-28,Credit Card,236.81
T0002448,C006767,ST0225,2026-01-21,Credit Card,36.93
T0002449,C000028,ST0226,2026-03-02,Cash,44.78
T0002450,C003899,ST0112,2024-11-13,Mobile Payment,117.54
T0002451,C003811,ST0165,2025-05-01,Credit Card,162.82
T0002452,C007113,ST0344,2026-04-18,Debit Card,167.93
T0002453,C001322,ST0308,2026-06-02,Credit Card,103.01
T0002454,C001160,ST0119,2025-07-26,Credit Card,80.47
T0002455,C005999,ST0201,2024-10-29,Credit Card,74.3
T0002456,C008990,ST0253,2025-10-22,Cash,112.27
T0002457,C006225,ST0277,2026-02-22,Mobile Payment,247.28
T0002458,C009407,ST0127,2025-01-19,Cash,22.41
T0002459,C005310,ST0133,2025-06-16,Debit Card,186.44
T0002460,C009868,ST0296,2026-01-13,Cash,120.75
T0002461,C005522,ST0305,2024-10-06,Mobile Payment,52.94
T0002462,C004863,ST0198,2025-10-08,Credit Card,7.56
T0002463,C009158,ST0091,2026-06-20,Cash,124.86
T0002464,C004628,ST0332,2024-10-22,Debit Card,245.3
T0002465,C007089,ST0276,2025-12-08,Cash,18.77
T0002466,C000386,ST0257,2025-08-24,Credit Card,185.23
T0002467,C001848,ST0172,2026-03-27,Cash,152.02
T0002468,C006267,ST0188,2024-10-11,Credit Card,44.68
T0002469,C002846,ST0261,2024-11-14,Debit Card,153.7
T0002470,C007225,ST0093,2026-02-22,Debit Card,110.02
T0002471,C007118,ST0110,2026-01-24,Mobile Payment,210.31
T0002472,C002471,ST0301,2026-02-24,Mobile Payment,191.94
T0002473,C001342,ST0081,2026-03-14,Credit Card,221.43
T0002474,C002964,ST0172,2024-09-06,Credit Card,125.82
T0002475,C001122,ST0238,2025-11-12,Debit Card,83.31
T0002476,C008611,ST0294,2026-04-30,Credit Card,207.24
T0002477,C009101,ST0149,2024-11-20,Credit Card,235.75
T0002478,C002235,ST0152,2025-06-25,Cash,177.96
T0002479,C009941,ST0004,2024-09-05,Mobile Payment,214.05
T0002480,C005893,ST0240,2024-08-31,Credit Card,93.94
T0002481,C007899,ST0076,2025-01-18,Cash,20.56
T0002482,C007053,ST0077,2025-06-30,Debit Card,226.25
T0002483,C001017,ST0315,2025-04-02,Credit Card,205.62
T0002484,C009024,ST0185,2025-11-25,Mobile Payment,198.41
T0002485,C000450,ST0046,2024-07-21,Cash,161.81
T0002486,C009142,ST0210,2024-12-29,Credit Card,128.04
T0002487,C003296,ST0146,2026-07-02,Cash,149.62
T0002488,C004484,ST0210,2025-10-17,Credit Card,58.68
T0002489,C002886,ST0304,2026-01-24,Credit Card,178.64
T0002490,C006123,ST0228,2024-11-25,Cash,245.82
T0002491,C007338,ST0027,2024-07-19,Credit Card,151.71
T0002492,C004817,ST0262,2025-07-08,Credit Card,185.53
T0002493,C006678,ST0303,2025-02-15,Credit Card,129.81
T0002494,C004419,ST0203,2026-02-05,Cash,240.34
T0002495,C004818,ST0066,2025-02-28,Cash,172.6
T0002496,C007272,ST0104,2026-03-12,Credit Card,205.08
T0002497,C002063,ST0230,2025-04-14,Debit Card,156.92
T0002498,C008188,ST0223,2026-04-19,Mobile Payment,211.99
T0002499,C006013,ST0043,2026-01-01,Mobile Payment,222.58
T0002500,C009590,ST0084,2024-11-30,Mobile Payment,93.7
T0002501,C001770,ST0178,2025-09-13,Credit Card,191.71
T0002502,C004167,ST0265,2025-05-15,Mobile Payment,44.14
T0002503,C008283,ST0156,2024-11-06,Credit Card,161.22
T0002504,C005559,ST0253,2024-10-06,Credit Card,23.4
T0002505,C009069,ST0257,2026-01-11,Credit Card,41.74
T0002506,C001371,ST0049,2025-04-08,Cash,8.79
T0002507,C009385,ST0306,2024-07-13,Debit Card,159.12
T0002508,C001693,ST0089,2025-02-03,Cash,139.16
T0002509,C003855,ST0255,2025-05-15,Credit Card,172.38
T0002510,C006501,ST0310,2025-06-27,Credit Card,246.92
T0002511,C000339,ST0308,2026-06-06,Debit Card,37.31
T0002512,C003111,ST0014,2024-09-27,Credit Card,197.49
T0002513,C008784,ST0049,2024-10-23,Cash,33.12
T0002514,C006363,ST0234,2026-03-10,Credit Card,224.41
T0002515,C009558,ST0209,2026-01-11,Mobile Payment,236.73
T0002516,C003165,ST0323,2025-06-27,Cash,46.98
T0002517,C006843,ST0343,2024-08-11,Credit Card,143.27
T0002518,C005349,ST0122,2025-05-21,Debit Card,93.11
T0002519,C009483,ST0086,2026-05-01,Credit Card,87.77
T0002520,C001348,ST0136,2024-11-25,Cash,234.17
T0002521,C005897,ST0177,2026-05-04,Cash,47.81
T0002522,C001344,ST0351,2025-03-14,Credit Card,65.31
T0002523,C001717,ST0159,2024-10-23,Debit Card,228.05
T0002524,C005409,ST0319,2024-11-02,Debit Card,236.95
T0002525,C001625,ST0060,2025-12-22,Cash,146.9
T0002526,C006810,ST0115,2025-04-09,Debit Card,224.81
T0002527,C009893,ST0220,2024-12-01,Debit Card,153.03
T0002528,C002795,ST0050,2024-07-28,Debit Card,108.11
T0002529,C007326,ST0297,2026-03-31,Mobile Payment,157.97
T0002530,C003824,ST0246,2024-08-05,Cash,42.11
T0002531,C007068,ST0084,2026-04-23,Debit Card,242.85
T0002532,C002032,ST0287,2025-12-29,Cash,211.82
T0002533,C005780,ST0325,2025-08-07,Credit Card,237.56
T0002534,C007339,ST0175,2024-08-09,Credit Card,129.34
T0002535,C008888,ST0170,2025-11-26,Credit Card,47.24
T0002536,C007240,ST0251,2026-05-29,Cash,144.41
T0002537,C005329,ST0054,2024-10-24,Mobile Payment,232.96
T0002538,C007966,ST0170,2026-01-28,Debit Card,172.68
T0002539,C003724,ST0112,2026-01-01,Debit Card,199.87
T0002540,C004643,ST0280,2025-12-30,Mobile Payment,31.0
T0002541,C001916,ST0261,2026-03-25,Mobile Payment,225.59
T0002542,C004799,ST0151,2025-02-21,Cash,44.45
T0002543,C001277,ST0193,2025-01-12,Mobile Payment,94.81
T0002544,C001387,ST0291,2024-09-29,Debit Card,39.43
T0002545,C002845,ST0286,2026-07-07,Debit Card,189.33
T0002546,C001156,ST0062,2025-10-23,Credit Card,38.85
T0002547,C007020,ST0089,2024-07-29,Credit Card,84.69
T0002548,C008520,ST0147,2025-02-28,Cash,178.16
T0002549,C002111,ST0019,2026-05-12,Mobile Payment,7.19
T0002550,C000732,ST0221,2024-09-07,Mobile Payment,177.48
T0002551,C009986,ST0292,2025-09-07,Cash,39.19
T0002552,C000545,ST0035,2025-10-31,Cash,182.71
T0002553,C006202,ST0233,2025-04-14,Credit Card,193.52
T0002554,C007841,ST0334,2026-04-27,Cash,6.47
T0002555,C002699,ST0203,2025-06-13,Credit Card,44.94
T0002556,C003072,ST0086,2025-09-21,Cash,219.1
T0002557,C000879,ST0232,2026-07-06,Cash,76.67
T0002558,C008818,ST0141,2025-04-13,Cash,67.6
T0002559,C000978,ST0254,2026-02-14,Mobile Payment,114.97
T0002560,C002500,ST0313,2025-08-11,Cash,103.59
T0002561,C006339,ST0082,2025-12-24,Debit Card,219.17
T0002562,C000101,ST0076,2025-07-15,Mobile Payment,61.4
T0002563,C003498,ST0267,2025-01-31,Debit Card,95.22
T0002564,C000652,ST0338,2025-09-11,Credit Card,199.07
T0002565,C008923,ST0237,2024-08-26,Debit Card,236.91
T0002566,C002966,ST0154,2025-11-16,Debit Card,133.18
T0002567,C005432,ST0263,2024-08-16,Cash,155.87
T0002568,C007676,ST0002,2026-03-18,Mobile Payment,208.87
T0002569,C004479,ST0173,2025-08-13,Debit Card,137.36
T0002570,C008792,ST0320,2024-07-07,Cash,155.07
T0002571,C009534,ST0267,2024-08-10,Credit Card,6.27
T0002572,C007276,ST0179,2024-08-30,Credit Card,178.85
T0002573,C002028,ST0067,2024-10-16,Debit Card,157.65
T0002574,C001561,ST0341,2025-07-16,Debit Card,221.1
T0002575,C000329,ST0090,2025-04-24,Mobile Payment,37.82
T0002576,C001719,ST0135,2025-09-09,Mobile Payment,235.12
T0002577,C009669,ST0186,2026-03-03,Debit Card,75.94
T0002578,C006792,ST0156,2025-01-27,Cash,241.19
T0002579,C007696,ST0234,2025-03-30,Credit Card,88.74
T0002580,C001356,ST0098,2025-09-10,Cash,146.43
T0002581,C005367,ST0083,2026-06-23,Cash,11.88
T0002582,C001927,ST0323,2024-09-05,Cash,233.62
T0002583,C003045,ST0266,2025-01-04,Debit Card,200.08
T0002584,C001908,ST0195,2026-01-25,Mobile Payment,26.69
T0002585,C009323,ST0272,2025-02-26,Cash,156.02
T0002586,C006348,ST0332,2024-11-10,Debit Card,99.48
T0002587,C009973,ST0002,2025-05-20,Cash,58.49
T0002588,C005614,ST0325,2025-08-10,Mobile Payment,29.36
T0002589,C001841,ST0332,2025-09-14,Debit Card,70.79
T0002590,C009159,ST0116,2025-06-22,Debit Card,171.4
T0002591,C004969,ST0014,2024-10-09,Debit Card,96.41
T0002592,C002759,ST0068,2025-01-28,Debit Card,44.67
T0002593,C007182,ST0094,2025-10-26,Debit Card,176.29
T0002594,C004290,ST0185,2026-06-06,Cash,78.29
T0002595,C009400,ST0329,2025-02-19,Credit Card,208.77
T0002596,C009295,ST0144,2024-11-24,Cash,20.4
T0002597,C001961,ST0033,2025-02-21,Mobile Payment,19.51
T0002598,C009296,ST0168,2025-01-09,Mobile Payment,243.7
T0002599,C003432,ST0270,2026-04-20,Debit Card,228.03
T0002600,C009790,ST0184,2025-08-13,Debit Card,201.88
T0002601,C007851,ST0321,2025-08-15,Debit Card,88.67
T0002602,C006679,ST0314,2026-04-10,Cash,233.91
T0002603,C005035,ST0157,2025-07-30,Credit Card,10.94
T0002604,C007512,ST0046,2025-06-04,Mobile Payment,149.73
T0002605,C002102,ST0052,2024-09-08,Credit Card,178.38
T0002606,C004904,ST0164,2025-03-01,Mobile Payment,115.27
T0002607,C005262,ST0247,2024-11-01,Cash,89.5
T0002608,C009795,ST0333,2026-02-08,Credit Card,27.07
T0002609,C005418,ST0334,2025-12-21,Credit Card,202.57
T0002610,C001397,ST0010,2025-06-10,Cash,243.15
T0002611,C005407,ST0256,2025-05-04,Debit Card,123.94
T0002612,C008188,ST0245,2026-06-09,Credit Card,82.85
T0002613,C002521,ST0196,2025-04-13,Mobile Payment,75.62
T0002614,C001405,ST0110,2025-09-27,Mobile Payment,54.64
T0002615,C004889,ST0123,2025-05-21,Mobile Payment,14.55
T0002616,C000905,ST0187,2026-02-22,Mobile Payment,45.59
T0002617,C004006,ST0332,2024-09-29,Cash,33.84
T0002618,C009530,ST0036,2024-12-11,Cash,174.13
T0002619,C001594,ST0178,2025-11-14,Mobile Payment,214.4
T0002620,C004285,ST0048,2025-08-31,Credit Card,18.09
T0002621,C005384,ST0032,2025-11-20,Mobile Payment,241.38
T0002622,C006721,ST0073,2025-03-19,Cash,27.17
T0002623,C001692,ST0256,2024-11-27,Mobile Payment,63.66
T0002624,C009357,ST0321,2024-08-19,Mobile Payment,61.79
T0002625,C001878,ST0240,2025-10-03,Debit Card,135.74
T0002626,C002420,ST0286,2024-07-22,Cash,81.41
T0002627,C009141,ST0285,2024-11-05,Credit Card,115.25
T0002628,C003824,ST0242,2025-07-27,Cash,10.77
T0002629,C005327,ST0243,2025-08-18,Cash,58.6
T0002630,C002835,ST0286,2025-03-02,Mobile Payment,120.22
T0002631,C004027,ST0311,2025-01-24,Cash,181.11
T0002632,C003001,ST0100,2026-01-05,Mobile Payment,164.19
T0002633,C004942,ST0110,2025-10-24,Credit Card,41.19
T0002634,C006910,ST0289,2026-03-06,Debit Card,52.11
T0002635,C009107,ST0193,2026-03-02,Mobile Payment,149.01
T0002636,C001755,ST0052,2026-05-11,Cash,211.0
T0002637,C007839,ST0233,2026-02-26,Cash,228.16
T0002638,C008003,ST0156,2025-04-22,Debit Card,63.45
T0002639,C003723,ST0087,2026-04-17,Debit Card,185.84
T0002640,C001021,ST0341,2024-07-29,Debit Card,23.03
T0002641,C008230,ST0093,2025-06-15,Cash,14.06
T0002642,C006610,ST0072,2024-07-23,Cash,72.41
T0002643,C005851,ST0057,2025-07-14,Mobile Payment,55.08
T0002644,C004817,ST0050,2024-10-30,Credit Card,44.41
T0002645,C009655,ST0325,2025-04-02,Mobile Payment,175.91
T0002646,C009342,ST0313,2026-01-17,Credit Card,23.65
T0002647,C008652,ST0274,2025-12-31,Cash,68.06
T0002648,C005749,ST0020,2026-03-15,Cash,23.2
T0002649,C005235,ST0104,2026-07-07,Credit Card,96.48
T0002650,C008993,ST0325,2025-08-16,Credit Card,34.11
T0002651,C007634,ST0348,2025-01-23,Cash,190.85
T0002652,C006533,ST0145,2025-07-13,Cash,124.39
T0002653,C005800,ST0259,2024-07-29,Cash,239.54
T0002654,C008931,ST0277,2025-06-19,Debit Card,148.01
T0002655,C002689,ST0249,2026-03-09,Cash,142.73
T0002656,C004491,ST0044,2025-08-07,Cash,104.63
T0002657,C006857,ST0092,2026-06-13,Cash,83.62
T0002658,C002829,ST0189,2024-07-27,Debit Card,72.54
T0002659,C000874,ST0085,2026-05-30,Cash,15.56
T0002660,C007036,ST0189,2024-10-10,Mobile Payment,126.67
T0002661,C001474,ST0204,2026-03-05,Cash,92.71
T0002662,C006442,ST0206,2026-05-09,Cash,215.09
T0002663,C003713,ST0267,2024-11-22,Cash,180.5
T0002664,C005967,ST0041,2026-07-03,Debit Card,213.29
T0002665,C003692,ST0188,2024-10-15,Mobile Payment,107.67
T0002666,C009567,ST0328,2025-01-09,Cash,65.29
T0002667,C005869,ST0111,2025-03-25,Cash,57.7
T0002668,C003411,ST0343,2024-11-10,Mobile Payment,155.4
T0002669,C001694,ST0105,2024-11-07,Credit Card,12.79
T0002670,C002730,ST0093,2024-08-04,Cash,45.6
T0002671,C003473,ST0165,2025-05-04,Cash,60.1
T0002672,C004005,ST0251,2025-10-16,Debit Card,73.77
T0002673,C008579,ST0138,2024-10-24,Credit Card,24.21
T0002674,C007073,ST0316,2024-10-12,Credit Card,162.11
T0002675,C005738,ST0146,2025-07-26,Mobile Payment,179.42
T0002676,C009841,ST0278,2024-12-07,Credit Card,41.96
T0002677,C005392,ST0240,2024-07-16,Mobile Payment,202.63
T0002678,C008546,ST0205,2025-07-20,Cash,26.41
T0002679,C009795,ST0339,2026-04-01,Mobile Payment,72.14
T0002680,C003372,ST0062,2024-07-12,Cash,46.92
T0002681,C002717,ST0200,2025-10-12,Debit Card,120.95
T0002682,C000724,ST0021,2024-09-07,Debit Card,43.61
T0002683,C005242,ST0023,2025-01-23,Debit Card,80.25
T0002684,C001864,ST0319,2024-09-04,Credit Card,151.03
T0002685,C002222,ST0122,2024-09-08,Mobile Payment,221.22
T0002686,C008074,ST0143,2025-05-10,Cash,150.42
T0002687,C002534,ST0221,2025-06-09,Mobile Payment,246.91
T0002688,C006632,ST0237,2025-02-15,Cash,181.56
T0002689,C004596,ST0348,2025-11-11,Cash,156.27
T0002690,C000863,ST0318,2025-01-24,Debit Card,241.68
T0002691,C003138,ST0215,2024-12-09,Credit Card,201.15
T0002692,C006053,ST0335,2024-08-22,Mobile Payment,84.22
T0002693,C002513,ST0137,2025-04-30,Debit Card,125.03
T0002694,C004661,ST0126,2025-10-17,Mobile Payment,107.04
T0002695,C008541,ST0323,2024-08-06,Cash,25.64
T0002696,C005461,ST0157,2025-06-16,Credit Card,167.4
T0002697,C000898,ST0110,2025-01-21,Credit Card,160.3
T0002698,C009105,ST0091,2025-08-17,Credit Card,74.02
T0002699,C009120,ST0343,2025-06-17,Debit Card,164.4
T0002700,C009109,ST0048,2026-05-15,Credit Card,170.35
T0002701,C007014,ST0330,2024-12-07,Cash,72.9
T0002702,C003321,ST0014,2025-09-27,Credit Card,40.51
T0002703,C002512,ST0092,2025-11-04,Mobile Payment,50.79
T0002704,C004662,ST0292,2024-08-15,Cash,146.85
T0002705,C009095,ST0067,2026-02-14,Credit Card,233.11
T0002706,C009015,ST0347,2024-09-11,Mobile Payment,195.07
T0002707,C008794,ST0274,2025-07-29,Cash,10.32
T0002708,C001033,ST0198,2026-07-05,Debit Card,109.19
T0002709,C002455,ST0022,2025-01-17,Mobile Payment,115.55
T0002710,C008559,ST0094,2025-02-19,Debit Card,234.06
T0002711,C008237,ST0129,2025-08-31,Credit Card,164.53
T0002712,C000699,ST0340,2024-10-29,Credit Card,108.55
T0002713,C006290,ST0117,2025-02-16,Cash,57.16
T0002714,C007764,ST0186,2024-10-06,Mobile Payment,211.61
T0002715,C000492,ST0196,2026-06-13,Mobile Payment,199.77
T0002716,C001972,ST0109,2026-01-28,Debit Card,142.21
T0002717,C001999,ST0230,2024-08-26,Mobile Payment,124.47
T0002718,C009101,ST0098,2025-07-04,Mobile Payment,190.1
T0002719,C000091,ST0267,2025-10-14,Mobile Payment,202.34
T0002720,C003673,ST0317,2026-02-21,Mobile Payment,75.06
T0002721,C002534,ST0186,2025-01-05,Credit Card,69.13
T0002722,C007163,ST0147,2025-10-09,Debit Card,87.6
T0002723,C001669,ST0126,2025-12-21,Mobile Payment,124.52
T0002724,C003005,ST0058,2026-03-10,Mobile Payment,211.2
T0002725,C007860,ST0002,2026-03-25,Mobile Payment,205.76
T0002726,C000432,ST0181,2025-11-19,Mobile Payment,71.02
T0002727,C007286,ST0349,2025-04-21,Debit Card,86.72
T0002728,C003164,ST0323,2025-04-21,Cash,247.66
T0002729,C007050,ST0093,2025-02-08,Credit Card,46.68
T0002730,C000963,ST0310,2024-12-23,Debit Card,94.17
T0002731,C004322,ST0196,2025-05-28,Cash,116.98
T0002732,C003176,ST0099,2025-02-01,Credit Card,133.48
T0002733,C009076,ST0342,2025-09-25,Cash,132.12
T0002734,C004910,ST0040,2026-02-14,Mobile Payment,234.73
T0002735,C008118,ST0275,2025-01-24,Cash,64.98
T0002736,C002551,ST0136,2024-11-28,Debit Card,200.07
T0002737,C004254,ST0047,2026-05-06,Credit Card,140.32
T0002738,C003865,ST0274,2025-02-10,Debit Card,166.82
T0002739,C001317,ST0270,2026-05-25,Debit Card,142.92
T0002740,C005793,ST0142,2026-04-10,Mobile Payment,45.81
T0002741,C000568,ST0336,2024-11-13,Cash,118.58
T0002742,C007547,ST0109,2025-04-22,Mobile Payment,203.01
T0002743,C006651,ST0333,2025-03-07,Debit Card,197.18
T0002744,C000765,ST0333,2024-08-10,Credit Card,220.51
T0002745,C004187,ST0322,2024-07-08,Mobile Payment,12.99
T0002746,C007625,ST0070,2026-04-27,Debit Card,137.48
T0002747,C007565,ST0258,2025-06-23,Cash,135.04
T0002748,C008708,ST0200,2026-05-14,Cash,43.24
T0002749,C005142,ST0305,2025-08-09,Mobile Payment,119.98
T0002750,C000973,ST0335,2025-04-23,Mobile Payment,12.9
T0002751,C008850,ST0200,2024-12-15,Mobile Payment,189.43
T0002752,C003867,ST0092,2024-08-19,Credit Card,41.71
T0002753,C007765,ST0013,2025-01-29,Mobile Payment,164.23
T0002754,C007247,ST0043,2024-07-22,Mobile Payment,187.82
T0002755,C000492,ST0309,2026-04-28,Mobile Payment,162.99
T0002756,C005126,ST0344,2026-06-26,Debit Card,71.45
T0002757,C009909,ST0127,2026-01-05,Cash,212.31
T0002758,C005275,ST0238,2025-04-28,Mobile Payment,114.0
T0002759,C003547,ST0109,2025-11-02,Cash,70.44
T0002760,C005653,ST0087,2024-12-05,Mobile Payment,249.96
T0002761,C000444,ST0138,2025-10-21,Cash,134.27
T0002762,C009441,ST0106,2025-08-13,Mobile Payment,143.49
T0002763,C009018,ST0052,2026-05-30,Cash,233.82
T0002764,C007649,ST0095,2025-12-22,Credit Card,242.65
T0002765,C006720,ST0199,2026-03-06,Mobile Payment,190.48
T0002766,C006460,ST0069,2025-06-03,Mobile Payment,29.06
T0002767,C005119,ST0243,2024-08-17,Debit Card,179.37
T0002768,C003146,ST0001,2026-03-04,Cash,195.0
T0002769,C006967,ST0222,2024-09-11,Credit Card,67.9
T0002770,C003733,ST0163,2025-02-15,Cash,153.46
T0002771,C003118,ST0047,2024-09-15,Mobile Payment,73.32
T0002772,C003473,ST0188,2024-07-28,Mobile Payment,96.82
T0002773,C005586,ST0200,2025-11-10,Credit Card,202.89
T0002774,C002726,ST0129,2025-03-19,Cash,101.84
T0002775,C006045,ST0171,2026-06-29,Debit Card,182.66
T0002776,C007826,ST0226,2025-12-13,Credit Card,101.66
T0002777,C002048,ST0168,2025-06-14,Mobile Payment,239.16
T0002778,C003744,ST0152,2024-08-03,Cash,179.52
T0002779,C008942,ST0176,2025-02-02,Cash,130.15
T0002780,C008096,ST0200,2026-01-03,Credit Card,134.58
T0002781,C006464,ST0298,2026-05-22,Mobile Payment,57.12
T0002782,C002568,ST0289,2024-11-14,Cash,188.12
T0002783,C004104,ST0041,2026-03-15,Mobile Payment,174.7
T0002784,C006846,ST0248,2024-08-30,Debit Card,98.81
T0002785,C003601,ST0001,2024-10-30,Cash,71.85
T0002786,C002166,ST0197,2025-01-26,Cash,17.95
T0002787,C009532,ST0181,2025-01-17,Debit Card,227.83
T0002788,C006449,ST0126,2025-02-16,Cash,239.42
T0002789,C004856,ST0060,2025-05-21,Cash,124.0
T0002790,C003466,ST0138,2025-11-24,Debit Card,85.71
T0002791,C005879,ST0320,2025-02-04,Mobile Payment,69.05
T0002792,C005345,ST0290,2025-04-10,Mobile Payment,78.4
T0002793,C007779,ST0068,2025-01-24,Cash,35.51
T0002794,C000396,ST0021,2025-06-16,Mobile Payment,191.35
T0002795,C002960,ST0018,2025-08-04,Mobile Payment,37.46
T0002796,C008209,ST0267,2025-09-14,Debit Card,11.38
T0002797,C009442,ST0162,2025-06-28,Debit Card,79.15
T0002798,C006330,ST0116,2024-11-22,Cash,240.63
T0002799,C008137,ST0276,2025-02-28,Credit Card,130.34
T0002800,C002443,ST0351,2024-10-26,Debit Card,94.63
T0002801,C009963,ST0053,2025-06-06,Debit Card,107.69
T0002802,C006895,ST0055,2024-07-29,Cash,34.76
T0002803,C003193,ST0271,2025-10-25,Credit Card,54.73
T0002804,C006672,ST0055,2026-07-07,Credit Card,215.16
T0002805,C002189,ST0078,2025-10-03,Debit Card,184.88
T0002806,C006498,ST0016,2024-08-23,Mobile Payment,248.2
T0002807,C000627,ST0130,2025-05-08,Cash,207.38
T0002808,C002900,ST0054,2025-07-18,Cash,165.73
T0002809,C007237,ST0135,2026-05-17,Debit Card,59.67
T0002810,C001334,ST0113,2025-01-05,Mobile Payment,98.01
T0002811,C004104,ST0062,2026-01-22,Mobile Payment,61.58
T0002812,C006428,ST0267,2025-05-31,Mobile Payment,16.56
T0002813,C005681,ST0261,2024-11-02,Debit Card,111.79
T0002814,C008735,ST0088,2025-04-21,Debit Card,52.64
T0002815,C005496,ST0228,2025-01-08,Debit Card,162.66
T0002816,C005737,ST0279,2025-08-03,Cash,42.56
T0002817,C006140,ST0094,2025-03-25,Mobile Payment,52.09
T0002818,C008726,ST0231,2026-05-09,Mobile Payment,119.64
T0002819,C001842,ST0035,2024-12-08,Debit Card,44.71
T0002820,C003174,ST0183,2025-05-29,Debit Card,76.9
T0002821,C007394,ST0209,2025-06-28,Mobile Payment,78.83
T0002822,C001286,ST0306,2024-11-11,Cash,31.96
T0002823,C000238,ST0187,2025-01-17,Debit Card,163.39
T0002824,C004758,ST0087,2025-11-11,Cash,173.87
T0002825,C000041,ST0275,2024-09-04,Credit Card,115.85
T0002826,C008086,ST0344,2026-01-28,Cash,247.59
T0002827,C007095,ST0109,2024-07-10,Cash,174.98
T0002828,C003553,ST0215,2025-08-25,Cash,223.91
T0002829,C001443,ST0033,2025-11-24,Mobile Payment,78.81
T0002830,C003450,ST0110,2026-05-14,Cash,115.55
T0002831,C000991,ST0319,2026-04-03,Cash,206.2
T0002832,C001807,ST0336,2025-05-21,Mobile Payment,8.63
T0002833,C008503,ST0051,2025-01-18,Credit Card,75.52
T0002834,C002726,ST0009,2024-09-22,Credit Card,210.4
T0002835,C005137,ST0331,2024-12-04,Mobile Payment,201.61
T0002836,C002168,ST0177,2026-05-09,Debit Card,61.88
T0002837,C009967,ST0306,2025-04-04,Cash,68.15
T0002838,C008948,ST0278,2025-07-03,Cash,47.83
T0002839,C000672,ST0193,2025-04-14,Mobile Payment,194.89
T0002840,C000595,ST0302,2025-08-02,Cash,153.94
T0002841,C005440,ST0344,2025-07-02,Debit Card,21.28
T0002842,C001429,ST0342,2025-07-27,Mobile Payment,151.73
T0002843,C002793,ST0010,2025-10-21,Debit Card,230.16
T0002844,C003499,ST0338,2025-04-22,Credit Card,61.4
T0002845,C006011,ST0291,2024-07-12,Credit Card,58.0
T0002846,C004344,ST0147,2026-01-16,Credit Card,35.39
T0002847,C008728,ST0311,2024-10-13,Cash,63.68
T0002848,C001755,ST0009,2025-08-20,Cash,119.98
T0002849,C004388,ST0300,2024-09-14,Mobile Payment,248.08
T0002850,C004184,ST0070,2024-10-02,Credit Card,229.85
T0002851,C009536,ST0283,2025-09-04,Cash,45.99
T0002852,C008304,ST0187,2025-08-26,Credit Card,220.01
T0002853,C009098,ST0308,2025-04-06,Mobile Payment,60.19
T0002854,C003107,ST0206,2026-01-21,Credit Card,151.46
T0002855,C008375,ST0333,2025-01-29,Cash,126.46
T0002856,C009958,ST0073,2025-02-08,Debit Card,20.84
T0002857,C006427,ST0024,2026-06-15,Mobile Payment,212.5
T0002858,C003119,ST0307,2026-03-08,Debit Card,19.23
T0002859,C000788,ST0042,2025-09-07,Credit Card,93.78
T0002860,C003811,ST0146,2025-07-25,Debit Card,69.53
T0002861,C009049,ST0012,2025-07-07,Credit Card,246.98
T0002862,C005777,ST0059,2025-05-13,Mobile Payment,151.44
T0002863,C006295,ST0170,2025-04-02,Cash,198.42
T0002864,C009062,ST0170,2024-12-24,Cash,138.84
T0002865,C004417,ST0246,2025-04-17,Debit Card,46.93
T0002866,C002513,ST0050,2026-01-23,Mobile Payment,185.22
T0002867,C003287,ST0233,2026-01-04,Cash,47.04
T0002868,C004230,ST0082,2025-08-09,Credit Card,21.14
T0002869,C006110,ST0199,2024-11-03,Credit Card,140.08
T0002870,C007933,ST0102,2026-01-02,Mobile Payment,84.81
T0002871,C005246,ST0063,2025-09-13,Credit Card,15.54
T0002872,C006900,ST0184,2025-04-27,Mobile Payment,203.08
T0002873,C006816,ST0062,2026-01-12,Mobile Payment,23.72
T0002874,C002679,ST0165,2025-02-17,Cash,77.13
T0002875,C002737,ST0154,2025-12-12,Credit Card,190.82
T0002876,C000744,ST0283,2025-12-08,Cash,192.98
T0002877,C002153,ST0332,2026-05-03,Debit Card,177.36
T0002878,C009006,ST0025,2026-03-26,Credit Card,243.19
T0002879,C002552,ST0029,2025-05-08,Debit Card,16.06
T0002880,C001757,ST0039,2025-12-15,Credit Card,45.53
T0002881,C000402,ST0063,2025-02-22,Cash,216.41
T0002882,C008399,ST0339,2024-07-17,Mobile Payment,12.64
T0002883,C005024,ST0289,2024-09-28,Mobile Payment,222.5
T0002884,C001124,ST0101,2026-06-18,Cash,226.11
T0002885,C003968,ST0330,2025-09-30,Credit Card,86.64
T0002886,C007571,ST0061,2024-10-13,Cash,226.35
T0002887,C008467,ST0097,2026-02-13,Credit Card,170.01
T0002888,C003906,ST0165,2024-08-04,Debit Card,228.75
T0002889,C008658,ST0125,2025-02-11,Debit Card,106.13
T0002890,C005822,ST0117,2025-07-02,Debit Card,73.2
T0002891,C006248,ST0159,2025-07-10,Mobile Payment,116.17
T0002892,C004207,ST0093,2025-09-05,Mobile Payment,21.79
T0002893,C008345,ST0089,2025-04-10,Credit Card,67.1
T0002894,C000615,ST0068,2025-04-22,Mobile Payment,107.32
T0002895,C007840,ST0122,2025-12-29,Mobile Payment,228.19
T0002896,C009587,ST0218,2024-08-15,Credit Card,140.06
T0002897,C001030,ST0292,2026-02-20,Debit Card,31.36
T0002898,C008446,ST0073,2025-01-24,Credit Card,36.3
T0002899,C009222,ST0201,2026-04-16,Cash,78.73
T0002900,C006311,ST0076,2025-02-12,Cash,97.4
T0002901,C005958,ST0309,2024-08-01,Cash,215.68
T0002902,C002538,ST0323,2025-09-09,Credit Card,9.62
T0002903,C008428,ST0290,2026-02-18,Debit Card,38.65
T0002904,C003091,ST0238,2024-08-08,Credit Card,215.67
T0002905,C007525,ST0030,2024-07-09,Credit Card,70.64
T0002906,C006817,ST0086,2026-02-05,Credit Card,162.0
T0002907,C002695,ST0275,2025-02-24,Credit Card,239.41
T0002908,C004942,ST0125,2026-06-14,Debit Card,201.63
T0002909,C001491,ST0041,2026-02-11,Mobile Payment,107.02
T0002910,C002903,ST0341,2025-07-15,Credit Card,61.75
T0002911,C005623,ST0198,2024-08-27,Debit Card,7.27
T0002912,C007975,ST0014,2025-12-18,Cash,234.77
T0002913,C004333,ST0040,2024-11-15,Debit Card,14.42
T0002914,C002362,ST0264,2024-07-10,Credit Card,238.43
T0002915,C006332,ST0117,2025-07-08,Debit Card,66.89
T0002916,C005284,ST0009,2025-04-26,Cash,29.11
T0002917,C008095,ST0100,2026-05-07,Credit Card,35.71
T0002918,C000255,ST0246,2024-08-02,Cash,119.9
T0002919,C006126,ST0143,2025-09-30,Cash,181.9
T0002920,C003246,ST0157,2025-04-11,Credit Card,238.0
T0002921,C007447,ST0343,2025-05-16,Mobile Payment,112.26
T0002922,C002077,ST0240,2025-10-05,Credit Card,94.75
T0002923,C008815,ST0118,2026-01-03,Credit Card,120.44
T0002924,C002399,ST0238,2026-06-29,Credit Card,215.59
T0002925,C003316,ST0320,2026-07-02,Mobile Payment,65.79
T0002926,C002640,ST0247,2025-02-15,Cash,32.07
T0002927,C000519,ST0089,2025-06-25,Mobile Payment,235.95
T0002928,C000012,ST0112,2026-03-16,Debit Card,13.84
T0002929,C006178,ST0057,2025-05-31,Debit Card,84.14
T0002930,C000184,ST0033,2025-07-24,Cash,14.33
T0002931,C001275,ST0031,2025-06-12,Cash,86.08
T0002932,C009732,ST0138,2026-01-26,Credit Card,213.2
T0002933,C008487,ST0117,2026-05-06,Debit Card,151.82
T0002934,C007814,ST0125,2026-04-02,Credit Card,49.53
T0002935,C008827,ST0269,2025-11-14,Credit Card,33.35
T0002936,C006726,ST0219,2024-08-18,Cash,12.01
T0002937,C007183,ST0017,2025-02-15,Credit Card,146.67
T0002938,C008249,ST0202,2025-09-05,Cash,217.35
T0002939,C009539,ST0265,2025-05-11,Credit Card,39.98
T0002940,C005497,ST0270,2025-01-09,Credit Card,62.12
T0002941,C000593,ST0109,2025-10-04,Credit Card,131.42
T0002942,C002272,ST0084,2026-03-20,Debit Card,223.1
T0002943,C007261,ST0263,2025-12-22,Mobile Payment,248.78
T0002944,C001478,ST0030,2025-09-21,Cash,198.11
T0002945,C006030,ST0142,2026-03-22,Cash,195.2
T0002946,C007985,ST0095,2025-07-18,Cash,191.47
T0002947,C001773,ST0181,2024-12-26,Debit Card,132.9
T0002948,C004066,ST0271,2025-04-18,Credit Card,177.06
T0002949,C004573,ST0321,2025-07-28,Mobile Payment,170.37
T0002950,C004795,ST0161,2025-08-01,Mobile Payment,141.55
T0002951,C003761,ST0323,2024-09-11,Mobile Payment,187.15
T0002952,C000449,ST0279,2026-05-13,Debit Card,30.98
T0002953,C002238,ST0238,2024-07-11,Credit Card,8.87
T0002954,C002253,ST0147,2025-08-15,Debit Card,104.76
T0002955,C006280,ST0028,2025-07-06,Credit Card,17.04
T0002956,C002100,ST0315,2024-07-20,Credit Card,249.99
T0002957,C008556,ST0008,2025-06-25,Credit Card,173.26
T0002958,C005980,ST0109,2025-07-31,Mobile Payment,46.61
T0002959,C001516,ST0240,2026-04-06,Credit Card,197.69
T0002960,C000256,ST0082,2025-01-26,Cash,16.54
T0002961,C008446,ST0341,2025-06-06,Mobile Payment,8.74
T0002962,C009684,ST0274,2024-10-11,Debit Card,211.11
T0002963,C000877,ST0058,2026-03-30,Cash,181.43
T0002964,C005241,ST0244,2024-07-20,Mobile Payment,104.59
T0002965,C009793,ST0146,2025-08-27,Debit Card,189.49
T0002966,C006266,ST0278,2025-02-20,Cash,22.57
T0002967,C003053,ST0219,2025-04-23,Debit Card,224.72
T0002968,C004518,ST0074,2026-07-02,Credit Card,184.24
T0002969,C004235,ST0338,2026-02-12,Mobile Payment,118.9
T0002970,C000681,ST0125,2025-07-04,Debit Card,42.5
T0002971,C004531,ST0026,2025-06-05,Debit Card,212.21
T0002972,C000346,ST0326,2025-03-13,Debit Card,242.47
T0002973,C006529,ST0189,2025-12-09,Credit Card,102.48
T0002974,C009428,ST0340,2024-07-26,Credit Card,239.83
T0002975,C008125,ST0029,2024-12-16,Credit Card,111.38
T0002976,C001843,ST0211,2025-06-11,Credit Card,166.71
T0002977,C005896,ST0077,2026-06-10,Mobile Payment,90.54
T0002978,C001268,ST0111,2026-02-17,Credit Card,228.45
T0002979,C007163,ST0262,2024-10-13,Mobile Payment,87.5
T0002980,C008578,ST0139,2025-06-15,Mobile Payment,74.68
T0002981,C001748,ST0206,2025-09-12,Credit Card,182.05
T0002982,C002746,ST0055,2025-03-08,Cash,115.57
T0002983,C001940,ST0055,2026-02-19,Cash,117.81
T0002984,C001571,ST0124,2025-10-02,Debit Card,208.98
T0002985,C007521,ST0217,2024-08-11,Debit Card,35.4
T0002986,C001673,ST0334,2026-05-07,Cash,95.38
T0002987,C002237,ST0329,2026-02-01,Credit Card,246.93
T0002988,C000357,ST0294,2025-07-17,Cash,25.32
T0002989,C003233,ST0203,2025-07-27,Cash,55.92
T0002990,C005642,ST0331,2025-06-15,Cash,169.81
T0002991,C007214,ST0294,2025-03-18,Debit Card,225.98
T0002992,C005102,ST0035,2026-05-17,Debit Card,58.1
T0002993,C009028,ST0349,2026-01-17,Credit Card,36.19
T0002994,C000370,ST0206,2026-06-08,Credit Card,92.41
T0002995,C003474,ST0040,2024-09-17,Credit Card,133.38
T0002996,C003568,ST0097,2024-10-19,Credit Card,147.5
T0002997,C001407,ST0063,2025-01-01,Mobile Payment,17.28
T0002998,C002237,ST0019,2025-06-23,Cash,119.59
T0002999,C006665,ST0262,2026-06-15,Mobile Payment,16.21
T0003000,C001164,ST0199,2025-03-14,Cash,172.8
T0003001,C007833,ST0311,2026-06-09,Mobile Payment,161.8
T0003002,C005596,ST0078,2025-06-21,Credit Card,156.21
T0003003,C003147,ST0018,2026-01-09,Mobile Payment,138.17
T0003004,C009223,ST0309,2026-05-27,Debit Card,53.42
T0003005,C009398,ST0182,2025-01-11,Cash,152.78
T0003006,C008957,ST0229,2025-05-07,Debit Card,106.69
T0003007,C002187,ST0047,2024-07-18,Mobile Payment,136.83
T0003008,C002196,ST0214,2025-03-10,Cash,97.26
T0003009,C006234,ST0133,2025-05-02,Mobile Payment,219.22
T0003010,C006180,ST0151,2025-07-03,Credit Card,85.18
T0003011,C004950,ST0233,2025-06-04,Mobile Payment,42.19
T0003012,C009776,ST0183,2025-03-02,Cash,112.49
T0003013,C009835,ST0131,2026-06-04,Credit Card,65.23
T0003014,C009832,ST0256,2025-01-24,Cash,64.04
T0003015,C005508,ST0082,2025-09-19,Credit Card,15.92
T0003016,C008602,ST0315,2024-12-05,Mobile Payment,226.42
T0003017,C006626,ST0073,2024-09-05,Debit Card,46.28
T0003018,C007389,ST0014,2025-05-29,Credit Card,183.24
T0003019,C006561,ST0239,2025-09-11,Cash,39.02
T0003020,C001663,ST0295,2025-02-07,Debit Card,49.99
T0003021,C001024,ST0224,2026-06-19,Cash,174.9
T0003022,C005546,ST0183,2024-09-19,Mobile Payment,138.46
T0003023,C002982,ST0136,2024-07-24,Debit Card,194.59
T0003024,C009253,ST0102,2025-01-11,Debit Card,38.52
T0003025,C009165,ST0110,2025-02-07,Credit Card,179.23
T0003026,C003297,ST0207,2026-01-28,Mobile Payment,84.33
T0003027,C003566,ST0220,2025-10-28,Mobile Payment,75.4
T0003028,C003047,ST0351,2025-01-11,Debit Card,241.01
T0003029,C009222,ST0048,2025-07-31,Cash,54.96
T0003030,C000511,ST0170,2025-11-14,Credit Card,147.83
T0003031,C005946,ST0176,2025-09-19,Cash,86.86
T0003032,C006129,ST0072,2026-04-15,Debit Card,101.2
T0003033,C000419,ST0279,2025-06-23,Mobile Payment,13.04
T0003034,C004141,ST0054,2025-06-19,Credit Card,221.85
T0003035,C008403,ST0288,2025-06-20,Debit Card,92.21
T0003036,C008013,ST0256,2024-11-01,Cash,144.43
T0003037,C006568,ST0054,2024-08-18,Debit Card,216.49
T0003038,C003259,ST0298,2024-09-11,Mobile Payment,63.1
T0003039,C009150,ST0165,2024-07-26,Credit Card,164.81
T0003040,C002501,ST0220,2025-04-27,Cash,56.06
T0003041,C002890,ST0024,2025-11-03,Cash,175.82
T0003042,C008019,ST0088,2025-05-21,Debit Card,220.61
T0003043,C001285,ST0251,2024-09-07,Mobile Payment,109.26
T0003044,C006380,ST0308,2026-01-15,Credit Card,49.28
T0003045,C002444,ST0073,2025-09-08,Credit Card,241.95
T0003046,C005202,ST0245,2026-05-05,Debit Card,188.01
T0003047,C008996,ST0212,2024-12-29,Mobile Payment,6.63
T0003048,C003817,ST0347,2024-08-04,Mobile Payment,28.29
T0003049,C001955,ST0341,2025-11-14,Debit Card,169.33
T0003050,C009530,ST0146,2024-10-31,Mobile Payment,129.18
T0003051,C002173,ST0115,2024-08-01,Cash,44.13
T0003052,C008478,ST0154,2024-08-03,Mobile Payment,248.47
T0003053,C008363,ST0232,2025-11-09,Credit Card,49.0
T0003054,C006238,ST0114,2026-03-03,Debit Card,155.51
T0003055,C006584,ST0308,2024-09-23,Credit Card,23.95
T0003056,C006140,ST0344,2025-10-03,Cash,197.43
T0003057,C006431,ST0311,2025-02-04,Credit Card,248.6
T0003058,C000311,ST0041,2025-10-27,Debit Card,150.28
T0003059,C007551,ST0157,2024-12-25,Mobile Payment,94.16
T0003060,C008910,ST0163,2025-11-20,Debit Card,13.25
T0003061,C006755,ST0117,2025-06-17,Cash,139.9
T0003062,C003572,ST0289,2026-03-25,Debit Card,180.34
T0003063,C003147,ST0225,2025-04-24,Mobile Payment,98.72
T0003064,C005935,ST0054,2026-02-12,Cash,91.52
T0003065,C003171,ST0037,2025-07-30,Mobile Payment,92.96
T0003066,C002301,ST0184,2024-08-31,Debit Card,64.34
T0003067,C007231,ST0035,2026-01-02,Cash,211.38
T0003068,C006867,ST0054,2025-09-07,Credit Card,32.61
T0003069,C000613,ST0049,2025-02-20,Cash,94.75
T0003070,C002055,ST0177,2025-07-10,Cash,105.92
T0003071,C002354,ST0171,2025-05-28,Cash,216.46
T0003072,C000896,ST0346,2025-10-01,Mobile Payment,235.16
T0003073,C008435,ST0167,2025-09-08,Mobile Payment,152.51
T0003074,C003260,ST0018,2024-12-26,Mobile Payment,220.39
T0003075,C009249,ST0044,2025-08-28,Credit Card,105.33
T0003076,C007210,ST0218,2024-08-28,Mobile Payment,226.49
T0003077,C006422,ST0054,2024-09-12,Credit Card,146.88
T0003078,C002552,ST0223,2025-04-11,Mobile Payment,159.14
T0003079,C002727,ST0240,2025-07-19,Debit Card,183.86
T0003080,C001914,ST0105,2025-09-25,Mobile Payment,99.35
T0003081,C009207,ST0155,2024-08-24,Debit Card,123.37
T0003082,C006300,ST0025,2025-08-16,Cash,210.13
T0003083,C007977,ST0061,2025-09-10,Credit Card,35.46
T0003084,C000785,ST0172,2026-02-11,Credit Card,67.72
T0003085,C008312,ST0145,2024-09-06,Mobile Payment,127.44
T0003086,C002930,ST0178,2024-09-08,Cash,163.89
T0003087,C009024,ST0233,2025-05-07,Debit Card,119.6
T0003088,C001487,ST0231,2026-02-25,Debit Card,17.7
T0003089,C003970,ST0201,2026-01-26,Mobile Payment,119.73
T0003090,C007749,ST0104,2025-11-05,Credit Card,240.39
T0003091,C004815,ST0305,2025-07-10,Cash,32.82
T0003092,C000913,ST0124,2025-05-02,Debit Card,123.23
T0003093,C008267,ST0012,2025-10-11,Mobile Payment,36.79
T0003094,C001514,ST0320,2025-01-03,Debit Card,209.89
T0003095,C007776,ST0154,2025-05-12,Mobile Payment,167.43
T0003096,C003813,ST0214,2024-11-04,Cash,243.63
T0003097,C004753,ST0077,2024-11-13,Debit Card,228.79
T0003098,C003738,ST0305,2024-12-31,Mobile Payment,106.81
T0003099,C002063,ST0116,2026-03-16,Debit Card,158.23
T0003100,C009915,ST0217,2026-03-09,Mobile Payment,204.33
T0003101,C001728,ST0138,2024-12-26,Debit Card,210.55
T0003102,C007392,ST0311,2025-04-16,Credit Card,191.71
T0003103,C003199,ST0324,2026-04-20,Credit Card,87.11
T0003104,C008297,ST0167,2025-12-12,Mobile Payment,83.16
T0003105,C002936,ST0239,2025-06-26,Cash,7.26
T0003106,C009880,ST0279,2024-09-08,Credit Card,106.04
T0003107,C006505,ST0211,2025-12-28,Debit Card,203.13
T0003108,C002344,ST0265,2024-11-22,Cash,128.01
T0003109,C009417,ST0213,2026-03-25,Credit Card,50.74
T0003110,C000010,ST0117,2026-04-05,Mobile Payment,127.24
T0003111,C009052,ST0227,2024-11-03,Debit Card,249.0
T0003112,C009327,ST0164,2024-09-01,Mobile Payment,60.14
T0003113,C006537,ST0203,2026-06-11,Mobile Payment,120.81
T0003114,C002651,ST0189,2025-05-23,Cash,215.06
T0003115,C007569,ST0207,2025-01-13,Cash,5.51
T0003116,C003714,ST0072,2025-04-28,Mobile Payment,88.03
T0003117,C009278,ST0312,2026-05-13,Cash,109.35
T0003118,C005134,ST0042,2025-07-20,Mobile Payment,80.89
T0003119,C007915,ST0208,2025-12-20,Cash,78.41
T0003120,C007437,ST0292,2025-02-18,Debit Card,139.13
T0003121,C008832,ST0089,2024-11-06,Cash,182.2
T0003122,C006636,ST0230,2026-06-14,Cash,152.46
T0003123,C009614,ST0313,2026-02-09,Credit Card,120.28
T0003124,C003399,ST0074,2025-09-24,Mobile Payment,113.15
T0003125,C000179,ST0321,2025-04-08,Mobile Payment,165.75
T0003126,C006049,ST0067,2026-05-06,Debit Card,117.84
T0003127,C001432,ST0216,2024-08-06,Debit Card,149.2
T0003128,C003386,ST0048,2026-02-03,Credit Card,244.09
T0003129,C007252,ST0209,2025-07-04,Cash,89.5
T0003130,C008501,ST0265,2025-03-03,Mobile Payment,116.17
T0003131,C006761,ST0007,2026-06-21,Credit Card,12.04
T0003132,C005382,ST0161,2024-12-14,Mobile Payment,87.0
T0003133,C001381,ST0213,2025-05-27,Credit Card,58.74
T0003134,C002596,ST0256,2026-02-25,Debit Card,223.85
T0003135,C007155,ST0011,2025-10-14,Mobile Payment,232.11
T0003136,C006967,ST0230,2025-05-16,Mobile Payment,56.36
T0003137,C005745,ST0326,2026-02-08,Cash,103.34
T0003138,C001012,ST0168,2026-01-29,Debit Card,122.82
T0003139,C004795,ST0204,2025-04-12,Cash,240.57
T0003140,C007972,ST0062,2025-01-15,Credit Card,70.17
T0003141,C007556,ST0282,2025-02-27,Cash,113.84
T0003142,C000628,ST0070,2024-12-19,Debit Card,122.45
T0003143,C009666,ST0206,2025-10-14,Credit Card,215.37
T0003144,C005907,ST0259,2026-04-30,Mobile Payment,183.74
T0003145,C000638,ST0302,2025-01-07,Credit Card,123.21
T0003146,C007890,ST0003,2025-01-25,Debit Card,241.44
T0003147,C001755,ST0012,2025-07-02,Debit Card,146.32
T0003148,C002354,ST0042,2025-07-28,Cash,105.54
T0003149,C009801,ST0097,2025-03-24,Credit Card,35.98
T0003150,C007383,ST0086,2025-05-05,Debit Card,59.51
T0003151,C001209,ST0029,2025-01-30,Mobile Payment,149.44
T0003152,C007130,ST0184,2025-10-29,Debit Card,243.83
T0003153,C006595,ST0243,2026-02-17,Mobile Payment,160.54
T0003154,C008059,ST0196,2024-07-16,Debit Card,146.2
T0003155,C003399,ST0225,2024-12-22,Credit Card,233.09
T0003156,C008635,ST0148,2024-11-07,Cash,69.52
T0003157,C009544,ST0044,2024-08-11,Debit Card,231.11
T0003158,C002649,ST0203,2026-05-01,Debit Card,249.0
T0003159,C003253,ST0222,2024-08-04,Mobile Payment,40.35
T0003160,C006338,ST0321,2025-10-16,Debit Card,167.12
T0003161,C001306,ST0157,2024-11-28,Debit Card,209.26
T0003162,C008564,ST0041,2026-02-05,Credit Card,51.67
T0003163,C005896,ST0286,2025-01-27,Mobile Payment,196.03
T0003164,C006188,ST0279,2025-11-17,Debit Card,98.85
T0003165,C000083,ST0317,2026-01-31,Mobile Payment,123.87
T0003166,C000478,ST0286,2024-09-01,Cash,31.11
T0003167,C008459,ST0269,2026-02-03,Credit Card,201.1
T0003168,C003057,ST0231,2024-07-20,Credit Card,219.54
T0003169,C000095,ST0079,2024-08-10,Debit Card,63.41
T0003170,C003995,ST0092,2025-07-11,Credit Card,239.7
T0003171,C002234,ST0158,2026-05-30,Credit Card,51.12
T0003172,C007401,ST0076,2024-07-12,Mobile Payment,209.77
T0003173,C005635,ST0034,2025-11-28,Mobile Payment,243.04
T0003174,C009034,ST0240,2025-08-22,Cash,32.59
T0003175,C007859,ST0287,2026-01-05,Cash,211.62
T0003176,C000381,ST0060,2024-09-29,Mobile Payment,170.26
T0003177,C005076,ST0348,2025-03-29,Credit Card,171.16
T0003178,C005770,ST0078,2025-05-31,Credit Card,212.69
T0003179,C005541,ST0043,2025-11-16,Cash,35.94
T0003180,C002786,ST0318,2026-05-11,Debit Card,122.47
T0003181,C005974,ST0336,2025-11-03,Mobile Payment,229.78
T0003182,C002971,ST0311,2024-07-27,Credit Card,44.64
T0003183,C005475,ST0238,2024-11-13,Debit Card,129.18
T0003184,C005093,ST0080,2025-08-20,Cash,69.63
T0003185,C001909,ST0045,2025-04-17,Mobile Payment,19.04
T0003186,C003991,ST0070,2026-03-02,Credit Card,18.56
T0003187,C005674,ST0009,2025-08-31,Mobile Payment,40.48
T0003188,C006770,ST0152,2026-04-11,Debit Card,93.45
T0003189,C001009,ST0185,2026-04-19,Mobile Payment,58.24
T0003190,C003003,ST0346,2024-09-18,Mobile Payment,108.38
T0003191,C008310,ST0311,2025-08-05,Debit Card,122.33
T0003192,C001489,ST0098,2026-05-09,Cash,178.17
T0003193,C002137,ST0103,2026-06-02,Credit Card,115.35
T0003194,C008733,ST0335,2026-05-12,Credit Card,223.35
T0003195,C007920,ST0146,2025-04-06,Debit Card,35.25
T0003196,C005889,ST0144,2026-04-19,Cash,93.22
T0003197,C007599,ST0225,2024-08-31,Credit Card,236.09
T0003198,C004741,ST0123,2026-04-27,Credit Card,88.61
T0003199,C003412,ST0142,2026-06-26,Credit Card,63.57
T0003200,C005066,ST0280,2025-08-17,Debit Card,160.79
T0003201,C001094,ST0063,2026-05-13,Debit Card,137.7
T0003202,C001529,ST0318,2025-07-02,Debit Card,214.9
T0003203,C001845,ST0084,2024-12-26,Debit Card,181.07
T0003204,C002439,ST0240,2025-02-18,Debit Card,215.45
T0003205,C002663,ST0043,2024-08-22,Credit Card,166.12
T0003206,C003493,ST0097,2025-03-08,Debit Card,61.35
T0003207,C002887,ST0027,2024-08-28,Debit Card,159.87
T0003208,C009882,ST0228,2026-03-23,Debit Card,91.44
T0003209,C001802,ST0139,2026-06-02,Cash,246.99
T0003210,C001303,ST0153,2025-09-05,Debit Card,44.07
T0003211,C005503,ST0297,2025-10-15,Mobile Payment,133.52
T0003212,C008828,ST0147,2025-10-01,Debit Card,71.54
T0003213,C008172,ST0344,2025-07-06,Cash,225.48
T0003214,C003451,ST0150,2025-07-12,Mobile Payment,53.16
T0003215,C008047,ST0250,2026-03-01,Mobile Payment,234.23
T0003216,C000367,ST0160,2025-09-01,Debit Card,93.04
T0003217,C008346,ST0311,2026-04-07,Mobile Payment,147.98
T0003218,C009504,ST0160,2024-08-17,Credit Card,42.68
T0003219,C004365,ST0022,2026-06-05,Debit Card,75.62
T0003220,C006181,ST0168,2025-03-27,Credit Card,135.85
T0003221,C000018,ST0093,2025-09-19,Credit Card,241.04
T0003222,C007327,ST0166,2024-09-27,Mobile Payment,157.56
T0003223,C000666,ST0139,2025-05-31,Credit Card,221.96
T0003224,C002712,ST0124,2024-10-03,Cash,29.1
T0003225,C003015,ST0031,2025-08-14,Cash,58.0
T0003226,C008685,ST0095,2026-04-03,Credit Card,195.95
T0003227,C006341,ST0059,2024-07-09,Cash,200.16
T0003228,C005858,ST0337,2025-02-22,Credit Card,205.57
T0003229,C003135,ST0045,2024-11-09,Cash,206.68
T0003230,C005400,ST0068,2024-08-24,Debit Card,89.06
T0003231,C004656,ST0139,2025-07-08,Mobile Payment,43.83
T0003232,C004401,ST0192,2025-12-06,Cash,157.78
T0003233,C005430,ST0214,2025-09-21,Mobile Payment,217.44
T0003234,C009852,ST0152,2025-03-18,Credit Card,241.9
T0003235,C005834,ST0139,2025-10-31,Credit Card,64.9
T0003236,C000874,ST0086,2024-08-25,Credit Card,140.86
T0003237,C007915,ST0179,2026-06-16,Cash,203.77
T0003238,C009712,ST0206,2025-10-25,Mobile Payment,82.14
T0003239,C001646,ST0246,2024-11-11,Debit Card,88.02
T0003240,C008263,ST0218,2025-10-02,Cash,59.21
T0003241,C009149,ST0203,2025-03-17,Cash,99.32
T0003242,C003865,ST0294,2026-03-09,Debit Card,62.56
T0003243,C003836,ST0018,2026-05-04,Cash,82.08
T0003244,C005013,ST0150,2025-04-10,Credit Card,75.24
T0003245,C002792,ST0127,2025-11-28,Debit Card,195.48
T0003246,C002701,ST0149,2025-04-03,Cash,104.58
T0003247,C005624,ST0094,2025-06-24,Credit Card,247.22
T0003248,C009746,ST0316,2025-04-17,Debit Card,22.58
T0003249,C008010,ST0160,2026-01-11,Debit Card,104.56
T0003250,C006517,ST0025,2026-01-22,Mobile Payment,155.03
T0003251,C006540,ST0110,2025-11-20,Cash,23.37
T0003252,C009847,ST0051,2025-10-26,Cash,94.79
T0003253,C000320,ST0206,2025-09-21,Credit Card,39.37
T0003254,C005491,ST0310,2025-06-21,Credit Card,211.27
T0003255,C008468,ST0348,2024-12-31,Cash,120.74
T0003256,C001462,ST0327,2025-02-22,Credit Card,194.69
T0003257,C003263,ST0111,2024-08-07,Cash,146.98
T0003258,C004840,ST0064,2025-03-31,Mobile Payment,115.36
T0003259,C006902,ST0215,2025-03-25,Cash,195.67
T0003260,C003329,ST0258,2025-04-23,Mobile Payment,63.65
T0003261,C008998,ST0222,2026-02-15,Cash,198.72
T0003262,C003390,ST0266,2025-10-19,Mobile Payment,121.76
T0003263,C007882,ST0351,2025-03-15,Debit Card,32.01
T0003264,C008893,ST0352,2025-10-28,Mobile Payment,249.56
T0003265,C008853,ST0050,2025-09-27,Mobile Payment,45.87
T0003266,C007609,ST0105,2026-05-31,Debit Card,245.96
T0003267,C007682,ST0118,2024-10-11,Debit Card,147.73
T0003268,C002359,ST0183,2025-11-26,Credit Card,61.55
T0003269,C003943,ST0102,2024-11-06,Credit Card,139.04
T0003270,C008574,ST0158,2025-06-06,Debit Card,74.93
T0003271,C000110,ST0009,2025-08-12,Credit Card,128.77
T0003272,C005202,ST0045,2024-07-24,Mobile Payment,42.87
T0003273,C002341,ST0048,2025-01-25,Credit Card,148.38
T0003274,C005512,ST0077,2024-11-22,Cash,188.56
T0003275,C001176,ST0305,2026-05-03,Mobile Payment,113.0
T0003276,C007426,ST0024,2025-03-08,Mobile Payment,80.98
T0003277,C007566,ST0209,2025-01-21,Cash,237.99
T0003278,C002846,ST0145,2025-12-03,Cash,237.27
T0003279,C000903,ST0299,2025-08-17,Credit Card,81.92
T0003280,C009277,ST0146,2026-01-23,Credit Card,91.32
T0003281,C000814,ST0027,2026-03-04,Mobile Payment,248.63
T0003282,C005847,ST0052,2025-12-05,Mobile Payment,245.75
T0003283,C003151,ST0095,2025-08-18,Debit Card,33.28
T0003284,C006491,ST0119,2025-08-02,Cash,161.73
T0003285,C007041,ST0272,2024-10-25,Debit Card,44.72
T0003286,C000434,ST0278,2024-07-07,Credit Card,123.98
T0003287,C001952,ST0173,2024-10-06,Mobile Payment,174.25
T0003288,C001752,ST0114,2026-02-05,Cash,166.47
T0003289,C005476,ST0119,2026-03-05,Cash,78.04
T0003290,C006128,ST0195,2026-05-02,Cash,202.52
T0003291,C004842,ST0264,2025-01-22,Debit Card,151.54
T0003292,C005979,ST0293,2026-03-18,Debit Card,149.78
T0003293,C004914,ST0093,2026-03-29,Cash,182.79
T0003294,C007103,ST0185,2025-09-26,Credit Card,65.17
T0003295,C009457,ST0252,2026-02-16,Credit Card,176.5
T0003296,C002088,ST0102,2026-02-02,Cash,141.5
T0003297,C003130,ST0056,2024-10-05,Credit Card,50.05
T0003298,C003283,ST0032,2025-03-26,Mobile Payment,56.78
T0003299,C004991,ST0033,2026-06-12,Debit Card,90.31
T0003300,C006504,ST0284,2025-10-14,Cash,42.48
T0003301,C007398,ST0276,2025-07-22,Mobile Payment,53.13
T0003302,C009513,ST0042,2025-09-09,Debit Card,126.23
T0003303,C002437,ST0246,2024-12-20,Credit Card,103.52
T0003304,C008360,ST0022,2024-10-01,Mobile Payment,181.38
T0003305,C001220,ST0259,2025-01-08,Debit Card,9.95
T0003306,C009822,ST0183,2025-12-05,Cash,187.75
T0003307,C000752,ST0050,2025-06-17,Mobile Payment,133.12
T0003308,C006096,ST0001,2025-01-03,Debit Card,116.64
T0003309,C002187,ST0068,2026-04-10,Credit Card,206.17
T0003310,C001309,ST0195,2025-04-07,Debit Card,67.26
T0003311,C003989,ST0299,2025-06-14,Cash,110.76
T0003312,C001995,ST0098,2025-05-04,Mobile Payment,51.79
T0003313,C002710,ST0036,2026-07-04,Debit Card,155.98
T0003314,C009568,ST0207,2024-11-11,Mobile Payment,114.18
T0003315,C009229,ST0318,2025-11-16,Credit Card,8.98
T0003316,C007494,ST0070,2025-10-10,Mobile Payment,90.22
T0003317,C001828,ST0146,2025-06-29,Cash,29.82
T0003318,C002291,ST0133,2025-04-18,Mobile Payment,43.6
T0003319,C008974,ST0166,2025-07-16,Debit Card,73.48
T0003320,C009218,ST0304,2024-11-18,Mobile Payment,86.37
T0003321,C004004,ST0066,2024-08-10,Mobile Payment,83.8
T0003322,C008633,ST0215,2026-01-13,Cash,139.67
T0003323,C005727,ST0288,2025-05-29,Cash,228.73
T0003324,C004128,ST0060,2025-09-03,Credit Card,213.84
T0003325,C005864,ST0150,2025-12-29,Credit Card,125.82
T0003326,C005183,ST0250,2026-01-08,Credit Card,229.48
T0003327,C005455,ST0249,2025-01-10,Credit Card,7.71
T0003328,C006201,ST0297,2025-09-17,Mobile Payment,95.01
T0003329,C006173,ST0266,2024-11-04,Cash,122.02
T0003330,C003394,ST0277,2026-07-02,Mobile Payment,113.66
T0003331,C000010,ST0263,2025-03-22,Debit Card,182.64
T0003332,C000912,ST0306,2025-10-29,Cash,101.12
T0003333,C003852,ST0214,2024-07-27,Debit Card,117.39
T0003334,C003006,ST0099,2024-08-23,Debit Card,56.33
T0003335,C000267,ST0249,2025-03-10,Credit Card,152.27
T0003336,C006620,ST0172,2025-02-20,Debit Card,98.12
T0003337,C004008,ST0087,2025-07-09,Debit Card,72.03
T0003338,C000374,ST0159,2025-03-30,Debit Card,176.99
T0003339,C007797,ST0137,2024-10-07,Mobile Payment,240.45
T0003340,C006781,ST0265,2025-10-08,Cash,132.13
T0003341,C004608,ST0315,2024-08-18,Debit Card,194.69
T0003342,C009675,ST0319,2026-06-01,Credit Card,241.47
T0003343,C004331,ST0047,2024-11-02,Cash,41.2
T0003344,C008320,ST0097,2024-11-03,Cash,49.21
T0003345,C001491,ST0098,2026-03-08,Cash,70.71
T0003346,C006849,ST0227,2025-09-10,Debit Card,10.74
T0003347,C005388,ST0230,2025-10-22,Mobile Payment,248.74
T0003348,C007309,ST0172,2025-10-16,Mobile Payment,214.62
T0003349,C008912,ST0094,2024-08-31,Credit Card,48.47
T0003350,C002312,ST0109,2024-09-21,Debit Card,146.76
T0003351,C007964,ST0324,2026-05-11,Credit Card,137.68
T0003352,C002692,ST0214,2026-01-10,Debit Card,212.69
T0003353,C000314,ST0351,2025-06-03,Debit Card,39.35
T0003354,C001831,ST0315,2025-11-29,Credit Card,113.9
T0003355,C004722,ST0232,2025-09-08,Debit Card,117.67
T0003356,C001699,ST0231,2024-07-16,Credit Card,185.41
T0003357,C005195,ST0289,2025-09-30,Debit Card,155.57
T0003358,C009962,ST0191,2026-02-21,Cash,35.35
T0003359,C002131,ST0261,2025-11-16,Mobile Payment,181.03
T0003360,C009695,ST0199,2024-09-14,Credit Card,207.85
T0003361,C009546,ST0015,2026-02-03,Credit Card,118.5
T0003362,C000901,ST0187,2024-12-16,Credit Card,18.56
T0003363,C001830,ST0178,2026-06-04,Debit Card,10.73
T0003364,C008658,ST0190,2025-05-29,Debit Card,134.25
T0003365,C005313,ST0118,2026-03-03,Debit Card,22.89
T0003366,C009778,ST0159,2025-01-12,Credit Card,207.19
T0003367,C001923,ST0345,2025-03-18,Debit Card,165.17
T0003368,C008297,ST0335,2025-10-02,Debit Card,118.45
T0003369,C009681,ST0132,2026-03-02,Debit Card,175.92
T0003370,C007898,ST0341,2025-04-01,Cash,187.65
T0003371,C008337,ST0233,2026-04-15,Debit Card,7.85
T0003372,C006373,ST0254,2025-12-08,Debit Card,169.31
T0003373,C003188,ST0224,2026-05-31,Cash,110.68
T0003374,C009731,ST0028,2025-09-25,Debit Card,156.61
T0003375,C003770,ST0350,2025-09-10,Debit Card,204.21
T0003376,C003932,ST0219,2026-06-13,Mobile Payment,163.69
T0003377,C002831,ST0310,2026-01-20,Debit Card,65.44
T0003378,C009768,ST0265,2025-02-23,Mobile Payment,42.92
T0003379,C004287,ST0248,2025-02-17,Credit Card,131.93
T0003380,C008408,ST0114,2025-06-03,Debit Card,6.95
T0003381,C006281,ST0152,2026-01-17,Credit Card,188.22
T0003382,C005664,ST0027,2025-01-05,Mobile Payment,188.45
T0003383,C004687,ST0338,2024-11-20,Debit Card,199.0
T0003384,C001037,ST0235,2024-08-26,Credit Card,35.66
T0003385,C008114,ST0049,2024-12-30,Mobile Payment,219.25
T0003386,C009222,ST0110,2025-05-17,Mobile Payment,68.65
T0003387,C005902,ST0136,2024-10-18,Cash,177.95
T0003388,C000470,ST0306,2025-09-04,Debit Card,17.08
T0003389,C005234,ST0199,2025-03-23,Credit Card,46.63
T0003390,C001863,ST0005,2026-06-07,Debit Card,215.65
T0003391,C009983,ST0110,2024-07-21,Cash,239.58
T0003392,C007670,ST0177,2024-11-19,Credit Card,190.46
T0003393,C000323,ST0232,2026-01-18,Cash,208.51
T0003394,C004330,ST0026,2024-07-29,Credit Card,55.29
T0003395,C005814,ST0255,2025-10-23,Debit Card,168.08
T0003396,C006278,ST0282,2025-07-02,Mobile Payment,213.87
T0003397,C006001,ST0105,2026-02-28,Credit Card,10.39
T0003398,C002563,ST0039,2024-08-14,Debit Card,163.45
T0003399,C002845,ST0350,2026-01-17,Debit Card,75.22
T0003400,C003176,ST0350,2025-09-02,Debit Card,155.57
T0003401,C007979,ST0172,2025-10-28,Cash,193.74
T0003402,C009278,ST0003,2025-10-31,Cash,152.48
T0003403,C003272,ST0153,2024-09-19,Credit Card,83.81
T0003404,C004149,ST0310,2026-06-05,Mobile Payment,216.42
T0003405,C000528,ST0029,2025-12-29,Cash,191.82
T0003406,C002226,ST0181,2025-11-08,Cash,110.45
T0003407,C003406,ST0260,2025-08-27,Debit Card,53.33
T0003408,C005669,ST0035,2025-04-25,Debit Card,137.45
T0003409,C001087,ST0140,2024-09-28,Mobile Payment,50.66
T0003410,C008223,ST0266,2026-02-21,Credit Card,191.17
T0003411,C003209,ST0131,2024-08-20,Cash,162.49
T0003412,C002525,ST0110,2024-08-30,Mobile Payment,55.49
T0003413,C006226,ST0050,2024-08-28,Mobile Payment,231.77
T0003414,C008572,ST0026,2026-03-31,Cash,209.22
T0003415,C000218,ST0003,2024-08-20,Credit Card,5.68
T0003416,C009873,ST0002,2026-01-14,Debit Card,110.43
T0003417,C006215,ST0126,2024-10-26,Cash,20.87
T0003418,C003082,ST0254,2025-03-09,Debit Card,70.52
T0003419,C007367,ST0138,2025-06-03,Debit Card,219.69
T0003420,C004960,ST0206,2025-01-14,Debit Card,187.38
T0003421,C008155,ST0176,2026-04-24,Debit Card,52.87
T0003422,C005123,ST0167,2026-06-14,Cash,12.82
T0003423,C007785,ST0099,2024-10-13,Credit Card,78.48
T0003424,C006271,ST0352,2025-09-21,Mobile Payment,92.87
T0003425,C007349,ST0028,2025-06-15,Debit Card,174.51
T0003426,C006553,ST0024,2026-02-06,Cash,71.09
T0003427,C000631,ST0319,2026-03-30,Mobile Payment,177.79
T0003428,C001037,ST0253,2024-08-15,Credit Card,21.59
T0003429,C003121,ST0268,2025-03-18,Mobile Payment,23.67
T0003430,C003741,ST0299,2025-08-08,Credit Card,195.5
T0003431,C004259,ST0293,2026-06-16,Credit Card,99.49
T0003432,C005336,ST0155,2026-02-14,Debit Card,81.33
T0003433,C005862,ST0128,2024-07-28,Cash,138.83
T0003434,C009857,ST0245,2025-05-21,Debit Card,78.46
T0003435,C006074,ST0176,2025-12-03,Cash,211.12
T0003436,C009766,ST0211,2026-02-14,Cash,220.93
T0003437,C008226,ST0319,2026-01-22,Mobile Payment,182.87
T0003438,C009737,ST0103,2025-12-06,Debit Card,175.99
T0003439,C002642,ST0201,2024-12-27,Mobile Payment,20.59
T0003440,C002197,ST0020,2025-03-13,Cash,9.22
T0003441,C002288,ST0171,2025-08-29,Credit Card,21.34
T0003442,C002170,ST0326,2025-07-30,Mobile Payment,245.13
T0003443,C006612,ST0149,2026-01-03,Credit Card,126.84
T0003444,C008420,ST0120,2026-03-01,Credit Card,242.47
T0003445,C006940,ST0018,2026-05-01,Mobile Payment,34.51
T0003446,C002853,ST0323,2025-05-22,Cash,97.14
T0003447,C004799,ST0133,2025-02-13,Debit Card,200.02
T0003448,C004988,ST0163,2025-08-10,Credit Card,206.81
T0003449,C000176,ST0208,2025-10-10,Mobile Payment,98.11
T0003450,C002857,ST0324,2025-01-20,Credit Card,127.88
T0003451,C006534,ST0316,2025-02-01,Mobile Payment,213.61
T0003452,C001980,ST0090,2025-08-21,Debit Card,10.85
T0003453,C009021,ST0309,2024-12-25,Credit Card,79.34
T0003454,C009985,ST0069,2025-06-22,Cash,246.56
T0003455,C000318,ST0071,2025-07-04,Cash,196.7
T0003456,C000093,ST0166,2024-12-15,Mobile Payment,206.75
T0003457,C002848,ST0194,2026-04-20,Credit Card,110.02
T0003458,C009609,ST0018,2025-12-12,Mobile Payment,71.86
T0003459,C001884,ST0008,2025-03-26,Debit Card,192.49
T0003460,C005204,ST0130,2025-04-22,Credit Card,213.88
T0003461,C002622,ST0117,2025-07-11,Mobile Payment,71.84
T0003462,C006281,ST0252,2025-06-26,Credit Card,24.14
T0003463,C002807,ST0156,2025-09-06,Credit Card,121.0
T0003464,C005341,ST0246,2025-11-19,Credit Card,185.71
T0003465,C005150,ST0221,2026-05-06,Mobile Payment,18.72
T0003466,C000538,ST0005,2025-11-25,Mobile Payment,233.53
T0003467,C001536,ST0090,2025-01-12,Debit Card,83.83
T0003468,C000050,ST0051,2025-03-17,Cash,28.91
T0003469,C002762,ST0024,2024-12-18,Mobile Payment,191.16
T0003470,C002313,ST0252,2024-09-24,Debit Card,218.13
T0003471,C003818,ST0058,2026-05-10,Mobile Payment,90.68
T0003472,C004067,ST0091,2025-12-14,Cash,194.76
T0003473,C000515,ST0303,2026-04-11,Cash,176.14
T0003474,C003599,ST0281,2025-07-29,Mobile Payment,43.98
T0003475,C007434,ST0257,2025-01-03,Credit Card,227.69
T0003476,C005658,ST0028,2025-09-19,Debit Card,68.85
T0003477,C005060,ST0253,2025-10-24,Cash,91.05
T0003478,C007202,ST0079,2025-06-23,Debit Card,39.0
T0003479,C009623,ST0295,2024-08-26,Cash,53.92
T0003480,C001460,ST0056,2025-06-11,Cash,170.75
T0003481,C009150,ST0251,2024-10-17,Credit Card,217.14
T0003482,C008934,ST0093,2025-12-28,Debit Card,246.3
T0003483,C009931,ST0231,2025-06-04,Credit Card,127.46
T0003484,C001864,ST0177,2026-02-21,Cash,105.8
T0003485,C000788,ST0114,2026-06-03,Cash,173.3
T0003486,C007865,ST0158,2026-02-27,Debit Card,26.0
T0003487,C007018,ST0258,2026-07-01,Cash,16.67
T0003488,C007532,ST0034,2025-11-10,Mobile Payment,156.49
T0003489,C008994,ST0239,2025-06-18,Debit Card,217.57
T0003490,C009060,ST0152,2024-08-23,Cash,161.16
T0003491,C007278,ST0175,2025-04-02,Credit Card,47.4
T0003492,C001433,ST0072,2025-01-04,Cash,227.11
T0003493,C003382,ST0302,2026-01-11,Credit Card,44.14
T0003494,C005972,ST0155,2024-07-27,Mobile Payment,243.78
T0003495,C005636,ST0247,2024-11-22,Mobile Payment,208.04
T0003496,C007563,ST0089,2025-10-01,Credit Card,66.0
T0003497,C003591,ST0305,2025-12-21,Debit Card,126.52
T0003498,C003434,ST0218,2025-07-10,Debit Card,160.02
T0003499,C004994,ST0345,2026-05-15,Credit Card,110.83
T0003500,C003613,ST0090,2025-01-15,Mobile Payment,89.23
T0003501,C001931,ST0212,2024-09-15,Debit Card,77.65
T0003502,C006418,ST0155,2024-11-20,Cash,231.19
T0003503,C002794,ST0109,2024-08-30,Credit Card,12.98
T0003504,C008227,ST0032,2024-10-14,Credit Card,220.07
T0003505,C001853,ST0285,2026-06-17,Credit Card,73.03
T0003506,C008507,ST0332,2024-11-27,Credit Card,211.57
T0003507,C006111,ST0096,2024-12-27,Credit Card,223.61
T0003508,C000591,ST0275,2025-03-28,Cash,71.39
T0003509,C003519,ST0105,2025-05-17,Debit Card,126.49
T0003510,C003279,ST0209,2026-05-17,Cash,126.45
T0003511,C003780,ST0064,2025-05-01,Debit Card,58.3
T0003512,C006154,ST0300,2025-12-01,Cash,140.3
T0003513,C003513,ST0134,2026-02-25,Credit Card,209.26
T0003514,C009721,ST0351,2024-07-26,Mobile Payment,192.99
T0003515,C002512,ST0142,2025-08-06,Cash,12.54
T0003516,C008810,ST0209,2026-03-29,Mobile Payment,233.85
T0003517,C005751,ST0095,2025-08-24,Cash,105.28
T0003518,C004269,ST0253,2025-10-03,Cash,35.56
T0003519,C007711,ST0323,2025-01-04,Mobile Payment,112.51
T0003520,C001331,ST0247,2025-09-05,Mobile Payment,61.22
T0003521,C008276,ST0167,2025-01-15,Credit Card,172.27
T0003522,C006544,ST0352,2025-03-04,Credit Card,153.31
T0003523,C006696,ST0236,2025-03-21,Credit Card,11.41
T0003524,C007240,ST0015,2025-10-30,Mobile Payment,82.62
T0003525,C005863,ST0197,2025-12-28,Debit Card,41.52
T0003526,C006491,ST0022,2025-01-12,Debit Card,171.33
T0003527,C000999,ST0284,2026-05-10,Cash,237.18
T0003528,C002274,ST0017,2026-02-26,Mobile Payment,217.38
T0003529,C004468,ST0220,2025-09-23,Cash,97.6
T0003530,C007765,ST0150,2025-01-15,Credit Card,178.68
T0003531,C007239,ST0238,2025-11-19,Credit Card,195.08
T0003532,C009389,ST0149,2025-07-10,Debit Card,214.2
T0003533,C003436,ST0270,2025-06-11,Credit Card,81.43
T0003534,C004492,ST0134,2025-07-10,Debit Card,97.16
T0003535,C005559,ST0065,2025-08-22,Credit Card,188.15
T0003536,C007475,ST0155,2025-04-10,Mobile Payment,130.91
T0003537,C009225,ST0067,2026-06-24,Debit Card,151.67
T0003538,C005195,ST0163,2024-12-13,Credit Card,148.56
T0003539,C006732,ST0327,2024-08-27,Debit Card,195.02
T0003540,C005483,ST0105,2026-02-02,Mobile Payment,115.4
T0003541,C003257,ST0306,2025-03-20,Cash,88.29
T0003542,C007878,ST0211,2025-05-21,Mobile Payment,231.65
T0003543,C005927,ST0348,2024-10-26,Debit Card,152.96
T0003544,C004215,ST0142,2026-01-09,Debit Card,130.51
T0003545,C004175,ST0165,2026-01-23,Credit Card,233.16
T0003546,C001533,ST0038,2025-09-26,Debit Card,132.22
T0003547,C002029,ST0274,2026-06-24,Mobile Payment,224.63
T0003548,C004316,ST0328,2026-02-19,Mobile Payment,128.12
T0003549,C006237,ST0042,2025-04-13,Credit Card,50.74
T0003550,C007394,ST0273,2024-07-24,Mobile Payment,136.37
T0003551,C007256,ST0233,2024-12-27,Cash,18.91
T0003552,C007300,ST0061,2025-12-05,Mobile Payment,56.69
T0003553,C005260,ST0248,2025-03-28,Debit Card,206.67
T0003554,C007268,ST0183,2025-10-24,Debit Card,177.95
T0003555,C003872,ST0149,2025-02-19,Debit Card,225.67
T0003556,C008493,ST0279,2026-01-15,Mobile Payment,166.46
T0003557,C001816,ST0322,2024-09-17,Credit Card,188.23
T0003558,C009639,ST0124,2026-04-27,Credit Card,65.83
T0003559,C009512,ST0295,2025-04-07,Mobile Payment,56.41
T0003560,C003760,ST0105,2026-04-18,Credit Card,168.93
T0003561,C008365,ST0344,2025-08-01,Debit Card,57.86
T0003562,C004331,ST0207,2025-05-09,Cash,129.35
T0003563,C006684,ST0104,2024-09-09,Debit Card,80.24
T0003564,C007823,ST0106,2025-09-15,Credit Card,91.1
T0003565,C005984,ST0327,2025-09-09,Cash,153.84
T0003566,C008907,ST0306,2024-09-07,Debit Card,76.46
T0003567,C007176,ST0201,2024-08-18,Debit Card,181.45
T0003568,C006345,ST0106,2024-12-19,Cash,98.94
T0003569,C005215,ST0054,2026-05-12,Debit Card,120.64
T0003570,C003551,ST0119,2025-04-21,Debit Card,148.42
T0003571,C003847,ST0027,2025-11-06,Debit Card,95.87
T0003572,C000298,ST0225,2024-12-11,Cash,187.41
T0003573,C000054,ST0238,2026-01-15,Debit Card,180.24
T0003574,C002741,ST0287,2025-10-24,Debit Card,58.37
T0003575,C003670,ST0139,2026-05-05,Cash,147.79
T0003576,C000487,ST0122,2026-01-19,Cash,175.24
T0003577,C001046,ST0259,2025-11-16,Mobile Payment,245.55
T0003578,C009205,ST0063,2026-05-23,Cash,82.6
T0003579,C001381,ST0239,2026-03-04,Credit Card,26.98
T0003580,C005993,ST0207,2026-05-01,Cash,23.54
T0003581,C001831,ST0164,2026-02-26,Mobile Payment,177.31
T0003582,C006440,ST0278,2025-11-18,Credit Card,142.71
T0003583,C004969,ST0144,2026-06-07,Cash,152.46
T0003584,C009331,ST0339,2026-02-26,Credit Card,26.22
T0003585,C004097,ST0249,2024-09-25,Mobile Payment,169.57
T0003586,C001823,ST0278,2025-12-10,Mobile Payment,203.07
T0003587,C009493,ST0106,2025-12-20,Debit Card,129.22
T0003588,C003597,ST0184,2025-07-14,Cash,85.91
T0003589,C002622,ST0084,2024-08-15,Debit Card,112.81
T0003590,C004882,ST0319,2025-12-12,Mobile Payment,217.79
T0003591,C003751,ST0022,2025-11-22,Cash,175.71
T0003592,C009508,ST0283,2025-02-14,Credit Card,147.77
T0003593,C006351,ST0161,2026-06-19,Credit Card,215.29
T0003594,C002442,ST0256,2025-03-16,Debit Card,246.07
T0003595,C005698,ST0062,2026-06-17,Cash,107.06
T0003596,C005780,ST0003,2025-11-26,Cash,59.38
T0003597,C006886,ST0219,2026-03-13,Debit Card,166.77
T0003598,C004231,ST0254,2024-08-08,Cash,199.94
T0003599,C008326,ST0006,2024-10-04,Credit Card,101.11
T0003600,C008692,ST0216,2025-01-20,Debit Card,174.93
T0003601,C004865,ST0121,2025-03-23,Credit Card,232.35
T0003602,C000166,ST0078,2024-11-23,Mobile Payment,201.87
T0003603,C003611,ST0260,2025-01-12,Credit Card,118.0
T0003604,C003923,ST0223,2026-07-02,Debit Card,160.51
T0003605,C003218,ST0046,2025-12-22,Credit Card,234.27
T0003606,C007230,ST0339,2025-03-23,Debit Card,238.44
T0003607,C008690,ST0049,2025-06-28,Credit Card,56.29
T0003608,C008341,ST0094,2025-02-28,Cash,246.64
T0003609,C001199,ST0254,2026-06-24,Cash,164.15
T0003610,C000373,ST0197,2024-08-29,Cash,72.7
T0003611,C000634,ST0201,2025-05-30,Credit Card,165.27
T0003612,C008494,ST0155,2026-03-21,Mobile Payment,70.57
T0003613,C003647,ST0188,2024-12-04,Mobile Payment,185.32
T0003614,C007578,ST0112,2025-07-11,Debit Card,109.11
T0003615,C001154,ST0070,2025-08-10,Debit Card,78.34
T0003616,C008460,ST0239,2026-03-09,Mobile Payment,111.01
T0003617,C008962,ST0265,2025-05-29,Cash,19.92
T0003618,C009703,ST0063,2025-02-01,Credit Card,23.11
T0003619,C009431,ST0165,2024-08-16,Debit Card,87.07
T0003620,C002082,ST0315,2025-08-20,Credit Card,181.9
T0003621,C009694,ST0325,2025-10-27,Credit Card,46.51
T0003622,C005099,ST0281,2025-12-25,Debit Card,232.0
T0003623,C000489,ST0060,2025-03-26,Credit Card,63.39
T0003624,C007658,ST0152,2026-01-03,Mobile Payment,202.52
T0003625,C007728,ST0103,2024-11-21,Debit Card,192.93
T0003626,C004558,ST0239,2024-08-24,Cash,54.98
T0003627,C001748,ST0022,2024-08-24,Credit Card,222.04
T0003628,C005090,ST0213,2026-04-17,Mobile Payment,229.21
T0003629,C005782,ST0161,2025-07-20,Mobile Payment,18.69
T0003630,C003596,ST0008,2025-04-01,Mobile Payment,88.03
T0003631,C000752,ST0312,2025-01-31,Credit Card,132.95
T0003632,C008151,ST0284,2025-01-01,Debit Card,72.89
T0003633,C000310,ST0178,2025-12-27,Credit Card,139.24
T0003634,C005500,ST0280,2025-01-28,Mobile Payment,57.96
T0003635,C007472,ST0028,2025-06-08,Debit Card,177.19
T0003636,C006643,ST0303,2024-10-23,Debit Card,145.47
T0003637,C008599,ST0288,2026-03-18,Cash,125.11
T0003638,C006764,ST0234,2025-02-21,Cash,133.45
T0003639,C008696,ST0272,2025-02-02,Credit Card,118.14
T0003640,C006125,ST0132,2025-06-05,Debit Card,79.67
T0003641,C007818,ST0333,2025-07-09,Debit Card,112.07
T0003642,C005973,ST0090,2025-11-27,Mobile Payment,21.15
T0003643,C008992,ST0025,2025-05-23,Mobile Payment,71.03
T0003644,C005217,ST0079,2025-01-16,Cash,109.28
T0003645,C003928,ST0167,2026-06-12,Mobile Payment,142.46
T0003646,C009686,ST0270,2026-02-09,Debit Card,66.34
T0003647,C001939,ST0258,2025-02-02,Credit Card,201.78
T0003648,C001802,ST0294,2024-10-25,Mobile Payment,122.19
T0003649,C005108,ST0139,2026-07-05,Debit Card,135.46
T0003650,C000585,ST0198,2025-06-08,Cash,32.74
T0003651,C004117,ST0148,2025-09-14,Debit Card,232.83
T0003652,C003966,ST0259,2025-05-05,Cash,117.5
T0003653,C009743,ST0218,2024-12-01,Mobile Payment,158.52
T0003654,C001754,ST0245,2026-01-13,Credit Card,226.98
T0003655,C009098,ST0252,2024-07-08,Cash,76.09
T0003656,C007919,ST0026,2025-02-08,Debit Card,232.71
T0003657,C002074,ST0239,2025-10-26,Cash,78.34
T0003658,C008592,ST0213,2026-01-24,Cash,218.05
T0003659,C008369,ST0299,2025-03-25,Cash,101.61
T0003660,C004379,ST0069,2025-07-29,Mobile Payment,89.64
T0003661,C002227,ST0172,2024-11-13,Mobile Payment,136.35
T0003662,C005506,ST0108,2025-01-22,Mobile Payment,121.67
T0003663,C002082,ST0257,2025-08-17,Mobile Payment,240.84
T0003664,C007396,ST0274,2024-09-29,Debit Card,30.35
T0003665,C002911,ST0303,2024-08-25,Cash,142.42
T0003666,C004983,ST0269,2026-01-15,Cash,224.74
T0003667,C001600,ST0053,2026-02-04,Cash,202.84
T0003668,C002713,ST0162,2024-11-09,Cash,240.04
T0003669,C006608,ST0334,2026-06-01,Mobile Payment,25.19
T0003670,C009964,ST0302,2025-07-17,Mobile Payment,171.62
T0003671,C001801,ST0062,2025-11-06,Mobile Payment,136.8
T0003672,C008736,ST0072,2024-07-26,Credit Card,85.52
T0003673,C002937,ST0315,2026-02-24,Debit Card,167.91
T0003674,C005039,ST0047,2026-06-23,Cash,42.25
T0003675,C001353,ST0001,2025-04-09,Credit Card,122.67
T0003676,C007623,ST0250,2025-04-25,Mobile Payment,48.28
T0003677,C001035,ST0098,2026-06-24,Credit Card,191.84
T0003678,C005799,ST0157,2026-04-09,Debit Card,117.61
T0003679,C007364,ST0022,2026-05-19,Mobile Payment,126.86
T0003680,C009234,ST0048,2025-11-25,Credit Card,23.48
T0003681,C003019,ST0230,2025-09-14,Debit Card,171.21
T0003682,C007632,ST0196,2025-01-18,Mobile Payment,109.73
T0003683,C006481,ST0263,2025-10-12,Credit Card,76.99
T0003684,C000779,ST0104,2026-06-15,Debit Card,241.17
T0003685,C009323,ST0162,2025-12-31,Cash,36.02
T0003686,C007646,ST0321,2026-05-10,Mobile Payment,117.24
T0003687,C004375,ST0065,2025-08-11,Cash,165.0
T0003688,C000879,ST0086,2024-07-23,Mobile Payment,25.26
T0003689,C007713,ST0168,2026-06-30,Credit Card,56.85
T0003690,C009816,ST0126,2025-04-27,Debit Card,69.41
T0003691,C001050,ST0085,2026-01-05,Debit Card,227.27
T0003692,C001373,ST0028,2026-05-10,Cash,237.84
T0003693,C000978,ST0240,2025-09-04,Credit Card,191.68
T0003694,C005376,ST0098,2025-04-25,Mobile Payment,244.31
T0003695,C000728,ST0234,2026-03-13,Credit Card,38.43
T0003696,C004305,ST0013,2024-08-30,Credit Card,210.78
T0003697,C009960,ST0129,2024-08-05,Debit Card,16.52
T0003698,C005062,ST0241,2025-09-24,Cash,17.84
T0003699,C009859,ST0033,2026-02-04,Credit Card,198.68
T0003700,C000227,ST0311,2026-03-26,Cash,98.37
T0003701,C005090,ST0032,2025-05-27,Debit Card,61.36
T0003702,C000717,ST0037,2025-04-10,Cash,173.06
T0003703,C004198,ST0278,2026-06-16,Credit Card,244.85
T0003704,C007331,ST0313,2026-04-28,Cash,47.18
T0003705,C009966,ST0055,2024-07-19,Cash,175.82
T0003706,C006564,ST0063,2025-06-05,Mobile Payment,168.18
T0003707,C008764,ST0205,2025-07-24,Credit Card,42.66
T0003708,C007427,ST0192,2024-11-10,Debit Card,163.86
T0003709,C002646,ST0074,2025-02-12,Cash,55.1
T0003710,C007707,ST0032,2024-09-19,Debit Card,5.73
T0003711,C005684,ST0281,2024-12-31,Cash,22.02
T0003712,C000298,ST0225,2026-07-04,Credit Card,129.4
T0003713,C001114,ST0141,2025-09-24,Mobile Payment,37.3
T0003714,C008968,ST0168,2025-12-25,Mobile Payment,70.38
T0003715,C008436,ST0165,2025-06-25,Mobile Payment,58.17
T0003716,C001645,ST0188,2024-10-07,Credit Card,76.15
T0003717,C007921,ST0153,2025-10-01,Credit Card,92.34
T0003718,C007616,ST0172,2026-03-17,Mobile Payment,196.12
T0003719,C002877,ST0129,2025-03-05,Mobile Payment,98.43
T0003720,C008954,ST0138,2025-01-21,Credit Card,228.34
T0003721,C008432,ST0324,2024-12-13,Mobile Payment,117.31
T0003722,C004362,ST0313,2025-12-31,Cash,18.79
T0003723,C005306,ST0267,2024-12-18,Mobile Payment,112.53
T0003724,C007314,ST0266,2024-07-29,Mobile Payment,249.91
T0003725,C001015,ST0153,2026-04-17,Credit Card,152.94
T0003726,C005000,ST0144,2026-06-30,Credit Card,73.95
T0003727,C001673,ST0123,2024-10-20,Mobile Payment,202.99
T0003728,C006892,ST0131,2025-06-25,Debit Card,52.68
T0003729,C002314,ST0043,2024-12-01,Debit Card,45.38
T0003730,C003384,ST0245,2026-05-17,Debit Card,67.27
T0003731,C008914,ST0144,2026-04-18,Mobile Payment,51.76
T0003732,C001617,ST0050,2025-11-20,Debit Card,111.26
T0003733,C008859,ST0010,2025-01-12,Credit Card,75.86
T0003734,C009836,ST0308,2025-04-19,Credit Card,231.2
T0003735,C004264,ST0012,2025-10-19,Credit Card,91.22
T0003736,C000757,ST0202,2026-04-21,Cash,138.56
T0003737,C001454,ST0142,2025-01-28,Credit Card,211.87
T0003738,C009815,ST0225,2025-10-06,Cash,133.82
T0003739,C003726,ST0254,2025-05-23,Mobile Payment,104.28
T0003740,C005316,ST0107,2025-10-10,Debit Card,27.05
T0003741,C003985,ST0106,2026-05-01,Credit Card,235.26
T0003742,C002102,ST0204,2024-08-13,Debit Card,99.49
T0003743,C001894,ST0213,2025-09-15,Mobile Payment,135.43
T0003744,C007276,ST0180,2026-01-03,Credit Card,201.75
T0003745,C000890,ST0040,2025-09-25,Credit Card,237.0
T0003746,C005799,ST0035,2024-09-18,Cash,133.59
T0003747,C006815,ST0218,2025-12-15,Cash,14.22
T0003748,C002096,ST0197,2024-10-13,Debit Card,172.74
T0003749,C002797,ST0133,2024-11-09,Cash,62.33
T0003750,C005286,ST0350,2025-09-03,Debit Card,128.47
T0003751,C006893,ST0327,2025-06-28,Debit Card,171.54
T0003752,C005926,ST0141,2024-07-14,Debit Card,121.35
T0003753,C002551,ST0272,2026-05-23,Mobile Payment,35.33
T0003754,C005596,ST0066,2026-05-28,Debit Card,224.53
T0003755,C009199,ST0258,2026-05-18,Debit Card,229.01
T0003756,C008673,ST0137,2026-04-07,Debit Card,45.62
T0003757,C009617,ST0297,2026-04-09,Credit Card,40.7
T0003758,C009492,ST0334,2025-10-26,Mobile Payment,235.7
T0003759,C000898,ST0162,2024-09-27,Credit Card,143.26
T0003760,C006869,ST0169,2025-10-21,Credit Card,121.85
T0003761,C007629,ST0082,2026-02-12,Debit Card,143.23
T0003762,C006487,ST0015,2025-06-14,Cash,147.96
T0003763,C009174,ST0189,2025-11-10,Credit Card,106.17
T0003764,C005372,ST0144,2024-10-29,Cash,69.14
T0003765,C009266,ST0029,2025-09-30,Credit Card,121.95
T0003766,C008229,ST0255,2024-12-06,Mobile Payment,55.14
T0003767,C007994,ST0212,2025-09-02,Credit Card,199.85
T0003768,C001988,ST0327,2024-10-18,Mobile Payment,217.77
T0003769,C007701,ST0229,2025-06-24,Credit Card,88.25
T0003770,C003200,ST0147,2024-12-06,Credit Card,226.78
T0003771,C003126,ST0265,2025-09-16,Cash,138.08
T0003772,C009804,ST0172,2024-08-09,Cash,70.49
T0003773,C009936,ST0184,2025-11-09,Cash,136.08
T0003774,C006209,ST0287,2025-03-02,Debit Card,212.48
T0003775,C001646,ST0220,2026-06-17,Cash,52.56
T0003776,C004541,ST0300,2024-11-20,Credit Card,33.74
T0003777,C003328,ST0279,2026-03-20,Mobile Payment,75.65
T0003778,C009640,ST0024,2026-01-30,Cash,228.08
T0003779,C003519,ST0096,2024-09-21,Debit Card,247.29
T0003780,C002329,ST0120,2025-10-29,Credit Card,237.05
T0003781,C009488,ST0023,2025-05-17,Debit Card,238.34
T0003782,C007887,ST0132,2024-10-26,Mobile Payment,69.18
T0003783,C009506,ST0346,2025-08-29,Debit Card,220.61
T0003784,C000470,ST0018,2024-08-14,Cash,14.41
T0003785,C009520,ST0306,2025-06-06,Cash,215.6
T0003786,C006192,ST0196,2026-03-30,Debit Card,115.23
T0003787,C007569,ST0027,2024-07-20,Credit Card,223.28
T0003788,C004476,ST0035,2025-08-23,Debit Card,121.78
T0003789,C002794,ST0148,2024-09-04,Cash,197.16
T0003790,C002091,ST0238,2024-11-21,Credit Card,50.22
T0003791,C004554,ST0037,2025-12-01,Credit Card,232.03
T0003792,C009699,ST0123,2024-10-14,Credit Card,49.91
T0003793,C007516,ST0003,2025-03-27,Cash,247.8
T0003794,C004799,ST0013,2025-12-07,Mobile Payment,212.65
T0003795,C005690,ST0316,2025-12-04,Credit Card,90.97
T0003796,C008806,ST0010,2025-04-23,Mobile Payment,12.71
T0003797,C003081,ST0057,2025-02-25,Mobile Payment,78.61
T0003798,C002980,ST0274,2024-11-23,Mobile Payment,113.25
T0003799,C003334,ST0347,2025-10-07,Mobile Payment,198.08
T0003800,C005504,ST0254,2024-09-22,Cash,133.39
T0003801,C009988,ST0295,2025-07-21,Cash,18.32
T0003802,C007478,ST0023,2025-11-06,Credit Card,197.3
T0003803,C005753,ST0117,2025-01-20,Mobile Payment,75.97
T0003804,C001965,ST0331,2024-07-26,Mobile Payment,39.24
T0003805,C003872,ST0276,2025-04-09,Debit Card,244.48
T0003806,C006319,ST0282,2024-10-24,Debit Card,202.5
T0003807,C007614,ST0118,2024-07-20,Mobile Payment,211.78
T0003808,C007755,ST0011,2024-10-29,Cash,178.09
T0003809,C004918,ST0179,2024-10-14,Mobile Payment,39.11
T0003810,C007701,ST0133,2025-11-15,Debit Card,150.35
T0003811,C002517,ST0240,2025-09-08,Mobile Payment,47.54
T0003812,C005167,ST0221,2026-02-20,Debit Card,101.3
T0003813,C002895,ST0202,2024-12-26,Credit Card,131.27
T0003814,C005437,ST0219,2024-10-24,Mobile Payment,197.54
T0003815,C001293,ST0266,2026-05-25,Credit Card,85.28
T0003816,C006958,ST0347,2025-09-17,Credit Card,87.19
T0003817,C001956,ST0248,2025-09-22,Debit Card,223.31
T0003818,C009603,ST0061,2024-12-21,Credit Card,212.32
T0003819,C007453,ST0160,2025-07-07,Credit Card,146.82
T0003820,C003572,ST0320,2025-09-15,Cash,202.9
T0003821,C001378,ST0113,2024-11-10,Credit Card,168.1
T0003822,C001195,ST0153,2024-07-08,Mobile Payment,188.86
T0003823,C002291,ST0065,2025-10-15,Debit Card,148.35
T0003824,C009864,ST0295,2025-10-03,Debit Card,91.34
T0003825,C009188,ST0036,2026-02-19,Debit Card,178.06
T0003826,C001115,ST0065,2025-10-24,Credit Card,219.96
T0003827,C009444,ST0147,2025-02-12,Cash,176.28
T0003828,C001642,ST0080,2024-12-12,Debit Card,55.44
T0003829,C007099,ST0082,2026-03-24,Cash,124.14
T0003830,C009193,ST0302,2025-08-18,Credit Card,27.63
T0003831,C008981,ST0348,2024-08-08,Cash,161.5
T0003832,C002434,ST0253,2024-08-23,Debit Card,105.11
T0003833,C001985,ST0004,2026-04-29,Cash,205.49
T0003834,C002584,ST0342,2025-04-08,Cash,188.01
T0003835,C004160,ST0024,2024-11-30,Cash,194.37
T0003836,C009294,ST0269,2026-06-15,Mobile Payment,8.91
T0003837,C007954,ST0127,2024-11-30,Mobile Payment,144.69
T0003838,C001864,ST0165,2026-01-28,Debit Card,249.45
T0003839,C002578,ST0003,2025-09-20,Cash,239.23
T0003840,C007858,ST0173,2024-09-11,Mobile Payment,146.47
T0003841,C003526,ST0207,2025-07-21,Mobile Payment,138.42
T0003842,C007822,ST0267,2025-07-08,Credit Card,23.26
T0003843,C007527,ST0049,2025-08-22,Credit Card,20.05
T0003844,C008233,ST0158,2024-08-31,Debit Card,148.96
T0003845,C006098,ST0151,2025-10-13,Debit Card,81.49
T0003846,C002602,ST0324,2026-06-11,Cash,20.09
T0003847,C007559,ST0182,2025-03-29,Mobile Payment,186.26
T0003848,C007831,ST0219,2025-01-13,Debit Card,75.68
T0003849,C007479,ST0321,2025-08-04,Credit Card,212.64
T0003850,C006649,ST0141,2025-03-29,Cash,178.97
T0003851,C001417,ST0276,2025-02-24,Debit Card,126.33
T0003852,C003300,ST0180,2025-12-11,Cash,82.75
T0003853,C000545,ST0238,2024-08-01,Credit Card,92.05
T0003854,C002242,ST0206,2024-10-21,Credit Card,75.99
T0003855,C004898,ST0265,2026-03-07,Credit Card,72.27
T0003856,C003208,ST0073,2025-11-06,Debit Card,103.97
T0003857,C003516,ST0212,2026-02-15,Credit Card,196.82
T0003858,C002449,ST0338,2024-12-30,Cash,182.06
T0003859,C007946,ST0191,2025-10-29,Debit Card,165.93
T0003860,C001160,ST0016,2026-04-04,Cash,72.1
T0003861,C003416,ST0018,2025-01-01,Credit Card,217.24
T0003862,C008983,ST0170,2026-05-04,Credit Card,222.53
T0003863,C000346,ST0175,2025-02-19,Credit Card,36.0
T0003864,C006524,ST0194,2025-02-11,Mobile Payment,207.52
T0003865,C001858,ST0309,2025-04-07,Mobile Payment,195.07
T0003866,C003073,ST0155,2025-01-13,Credit Card,6.07
T0003867,C001586,ST0214,2025-07-11,Credit Card,56.44
T0003868,C007716,ST0053,2026-04-30,Debit Card,245.43
T0003869,C003034,ST0017,2026-01-05,Credit Card,100.46
T0003870,C005114,ST0331,2025-06-10,Debit Card,68.71
T0003871,C006143,ST0272,2024-12-20,Mobile Payment,107.27
T0003872,C007782,ST0016,2025-06-12,Debit Card,13.53
T0003873,C007594,ST0309,2024-11-14,Debit Card,243.01
T0003874,C002252,ST0191,2025-11-30,Debit Card,19.69
T0003875,C007830,ST0305,2024-10-26,Mobile Payment,218.74
T0003876,C009834,ST0317,2024-08-08,Credit Card,91.9
T0003877,C000283,ST0294,2025-05-11,Cash,219.2
T0003878,C007962,ST0320,2026-04-14,Cash,114.76
T0003879,C006830,ST0303,2024-12-07,Cash,86.38
T0003880,C000566,ST0210,2024-08-26,Cash,131.63
T0003881,C003010,ST0323,2025-07-02,Mobile Payment,210.84
T0003882,C006226,ST0262,2026-06-27,Mobile Payment,128.82
T0003883,C008411,ST0051,2026-01-01,Mobile Payment,206.94
T0003884,C001997,ST0001,2026-05-09,Debit Card,218.12
T0003885,C009267,ST0056,2025-05-15,Cash,56.47
T0003886,C006024,ST0136,2024-10-28,Debit Card,201.22
T0003887,C009234,ST0081,2024-12-17,Credit Card,53.1
T0003888,C000882,ST0191,2025-10-02,Mobile Payment,37.71
T0003889,C001077,ST0126,2025-09-04,Mobile Payment,171.93
T0003890,C007127,ST0200,2025-08-10,Credit Card,82.24
T0003891,C000573,ST0102,2026-06-13,Mobile Payment,31.77
T0003892,C007492,ST0123,2026-04-13,Mobile Payment,91.7
T0003893,C002494,ST0198,2025-11-28,Cash,133.48
T0003894,C001417,ST0244,2026-05-08,Credit Card,43.0
T0003895,C009833,ST0321,2025-02-16,Cash,142.67
T0003896,C000147,ST0274,2024-09-22,Debit Card,144.52
T0003897,C002402,ST0183,2024-11-28,Debit Card,86.44
T0003898,C005555,ST0303,2025-02-19,Cash,241.5
T0003899,C001055,ST0019,2024-11-19,Debit Card,238.12
T0003900,C007339,ST0088,2025-05-14,Mobile Payment,99.96
T0003901,C007686,ST0336,2025-08-01,Mobile Payment,248.32
T0003902,C001347,ST0026,2026-02-07,Credit Card,70.44
T0003903,C002694,ST0121,2024-10-08,Debit Card,211.75
T0003904,C002196,ST0153,2025-05-01,Cash,82.05
T0003905,C000120,ST0016,2025-03-23,Credit Card,120.08
T0003906,C009366,ST0194,2025-02-13,Credit Card,123.16
T0003907,C002660,ST0075,2025-12-04,Cash,134.26
T0003908,C009131,ST0098,2025-04-26,Cash,75.42
T0003909,C003593,ST0183,2026-02-13,Mobile Payment,205.08
T0003910,C007828,ST0238,2026-04-07,Mobile Payment,214.31
T0003911,C000045,ST0154,2026-05-20,Cash,22.12
T0003912,C000086,ST0308,2025-01-08,Cash,174.09
T0003913,C008172,ST0255,2025-01-23,Mobile Payment,74.99
T0003914,C004972,ST0300,2025-10-28,Mobile Payment,74.17
T0003915,C005322,ST0090,2025-01-25,Credit Card,88.64
T0003916,C006872,ST0277,2026-05-16,Credit Card,238.83
T0003917,C004711,ST0201,2025-01-08,Mobile Payment,158.0
T0003918,C004807,ST0186,2025-03-05,Mobile Payment,9.62
T0003919,C008087,ST0238,2024-09-04,Mobile Payment,179.83
T0003920,C003265,ST0318,2024-10-14,Mobile Payment,152.89
T0003921,C007581,ST0324,2025-09-14,Debit Card,189.69
T0003922,C004737,ST0153,2025-01-16,Credit Card,137.23
T0003923,C007354,ST0269,2024-08-20,Mobile Payment,28.98
T0003924,C001123,ST0138,2025-04-06,Cash,109.28
T0003925,C009316,ST0023,2025-11-21,Credit Card,141.36
T0003926,C007953,ST0111,2025-08-23,Credit Card,199.07
T0003927,C003062,ST0280,2026-03-29,Mobile Payment,217.59
T0003928,C009920,ST0153,2025-10-31,Cash,17.41
T0003929,C003109,ST0287,2025-06-18,Cash,174.53
T0003930,C007335,ST0187,2025-03-29,Cash,112.36
T0003931,C004522,ST0176,2025-12-06,Cash,154.51
T0003932,C007193,ST0341,2025-05-11,Mobile Payment,122.18
T0003933,C000090,ST0135,2024-09-16,Mobile Payment,173.91
T0003934,C005923,ST0031,2026-01-18,Cash,238.22
T0003935,C008772,ST0261,2024-12-15,Cash,6.66
T0003936,C006928,ST0004,2025-08-25,Mobile Payment,109.95
T0003937,C009552,ST0212,2026-04-15,Cash,116.26
T0003938,C000603,ST0053,2024-12-19,Credit Card,53.58
T0003939,C007750,ST0103,2025-04-27,Credit Card,112.99
T0003940,C007110,ST0046,2024-10-01,Cash,46.55
T0003941,C009680,ST0275,2024-10-01,Cash,79.63
T0003942,C002413,ST0043,2025-10-15,Mobile Payment,66.57
T0003943,C008885,ST0299,2025-04-05,Credit Card,12.7
T0003944,C008845,ST0324,2025-12-20,Mobile Payment,192.95
T0003945,C001586,ST0166,2025-07-22,Credit Card,201.4
T0003946,C000202,ST0036,2025-05-31,Mobile Payment,122.68
T0003947,C001203,ST0171,2025-12-07,Debit Card,108.39
T0003948,C002518,ST0045,2025-03-21,Cash,97.0
T0003949,C007066,ST0336,2024-11-03,Mobile Payment,228.55
T0003950,C007303,ST0144,2025-03-20,Cash,152.65
T0003951,C002724,ST0311,2024-10-11,Mobile Payment,99.16
T0003952,C007359,ST0351,2025-05-11,Debit Card,181.8
T0003953,C005244,ST0263,2025-06-05,Debit Card,135.43
T0003954,C002944,ST0006,2025-05-08,Credit Card,102.85
T0003955,C001389,ST0231,2025-08-03,Debit Card,234.24
T0003956,C005088,ST0293,2025-06-06,Mobile Payment,179.94
T0003957,C007317,ST0333,2025-03-02,Cash,5.74
T0003958,C004361,ST0006,2024-12-22,Credit Card,122.2
T0003959,C005291,ST0101,2025-11-16,Mobile Payment,247.45
T0003960,C003631,ST0185,2026-03-17,Mobile Payment,120.0
T0003961,C004574,ST0260,2025-06-26,Cash,184.18
T0003962,C004856,ST0259,2026-01-25,Debit Card,222.95
T0003963,C007253,ST0042,2025-08-18,Cash,30.29
T0003964,C006360,ST0202,2026-05-24,Cash,39.97
T0003965,C004443,ST0124,2025-07-13,Cash,156.78
T0003966,C001431,ST0352,2025-08-31,Mobile Payment,247.06
T0003967,C002739,ST0096,2025-11-07,Mobile Payment,140.97
T0003968,C009953,ST0219,2024-11-15,Credit Card,212.65
T0003969,C008496,ST0095,2026-06-23,Mobile Payment,18.82
T0003970,C003306,ST0104,2025-05-10,Cash,154.33
T0003971,C003774,ST0021,2025-04-10,Mobile Payment,226.29
T0003972,C007432,ST0327,2025-01-31,Cash,150.94
T0003973,C007820,ST0284,2024-11-28,Credit Card,229.29
T0003974,C003198,ST0213,2026-05-03,Credit Card,172.01
T0003975,C008518,ST0142,2025-08-26,Mobile Payment,208.84
T0003976,C002669,ST0114,2025-03-10,Debit Card,169.04
T0003977,C005866,ST0208,2025-06-28,Mobile Payment,208.28
T0003978,C009932,ST0258,2025-03-03,Debit Card,134.14
T0003979,C002099,ST0229,2025-10-09,Mobile Payment,137.63
T0003980,C008671,ST0070,2024-07-27,Mobile Payment,179.3
T0003981,C009884,ST0125,2024-10-26,Cash,125.37
T0003982,C005695,ST0350,2024-11-09,Debit Card,190.79
T0003983,C007884,ST0254,2025-09-18,Cash,16.04
T0003984,C000638,ST0196,2024-10-07,Mobile Payment,120.79
T0003985,C008680,ST0221,2024-08-07,Credit Card,28.41
T0003986,C008881,ST0267,2024-12-09,Credit Card,21.71
T0003987,C000662,ST0136,2025-05-22,Mobile Payment,162.69
T0003988,C004376,ST0010,2026-01-09,Debit Card,177.82
T0003989,C008938,ST0317,2026-03-12,Credit Card,90.97
T0003990,C004581,ST0106,2025-11-06,Debit Card,194.64
T0003991,C004805,ST0187,2025-04-20,Mobile Payment,102.88
T0003992,C000517,ST0271,2024-08-25,Credit Card,104.06
T0003993,C003258,ST0269,2025-02-26,Credit Card,170.12
T0003994,C004688,ST0092,2026-01-07,Credit Card,204.86
T0003995,C001200,ST0195,2026-01-10,Credit Card,230.81
T0003996,C004939,ST0259,2025-03-10,Mobile Payment,196.39
T0003997,C002947,ST0116,2025-02-08,Credit Card,138.67
T0003998,C001708,ST0023,2024-12-12,Cash,34.93
T0003999,C001771,ST0015,2025-08-24,Mobile Payment,222.24
T0004000,C003912,ST0271,2026-03-05,Mobile Payment,133.92
T0004001,C005530,ST0252,2024-09-23,Debit Card,130.95
T0004002,C003319,ST0333,2024-12-07,Credit Card,138.21
T0004003,C006273,ST0138,2025-08-21,Credit Card,55.9
T0004004,C001503,ST0041,2025-01-18,Debit Card,70.35
T0004005,C006348,ST0199,2024-10-23,Debit Card,110.75
T0004006,C001482,ST0103,2025-12-01,Mobile Payment,44.7
T0004007,C006221,ST0167,2025-04-02,Debit Card,9.79
T0004008,C002617,ST0251,2025-01-08,Cash,138.36
T0004009,C002085,ST0096,2025-05-29,Credit Card,52.82
T0004010,C006913,ST0203,2025-11-20,Credit Card,43.08
T0004011,C009811,ST0106,2026-06-06,Debit Card,188.44
T0004012,C005819,ST0102,2025-01-01,Debit Card,124.65
T0004013,C003478,ST0290,2024-11-13,Mobile Payment,166.7
T0004014,C004510,ST0158,2025-03-11,Mobile Payment,122.32
T0004015,C007012,ST0319,2026-01-14,Mobile Payment,243.79
T0004016,C005345,ST0194,2026-05-20,Mobile Payment,22.5
T0004017,C001143,ST0208,2025-06-29,Debit Card,168.74
T0004018,C009569,ST0333,2024-10-31,Cash,175.35
T0004019,C006305,ST0142,2024-10-30,Cash,34.14
T0004020,C002555,ST0254,2024-12-16,Debit Card,149.59
T0004021,C003383,ST0126,2024-08-31,Mobile Payment,221.88
T0004022,C007156,ST0313,2026-05-29,Credit Card,82.59
T0004023,C004749,ST0172,2025-01-14,Mobile Payment,146.07
T0004024,C009182,ST0243,2025-07-17,Debit Card,149.84
T0004025,C007431,ST0352,2026-04-16,Debit Card,103.47
T0004026,C003286,ST0196,2025-02-09,Mobile Payment,227.94
T0004027,C002402,ST0045,2024-11-19,Mobile Payment,5.75
T0004028,C007370,ST0271,2025-05-21,Credit Card,19.88
T0004029,C000354,ST0331,2025-04-18,Debit Card,203.39
T0004030,C004748,ST0029,2025-08-11,Debit Card,118.55
T0004031,C002230,ST0270,2024-11-19,Credit Card,239.99
T0004032,C003614,ST0195,2025-07-10,Mobile Payment,31.37
T0004033,C006441,ST0174,2025-12-29,Cash,51.77
T0004034,C004254,ST0284,2025-10-22,Credit Card,172.49
T0004035,C005561,ST0141,2026-04-09,Debit Card,53.98
T0004036,C006986,ST0162,2025-01-19,Credit Card,15.72
T0004037,C000565,ST0192,2025-01-25,Mobile Payment,203.63
T0004038,C007669,ST0230,2025-04-04,Cash,145.62
T0004039,C003750,ST0016,2025-09-20,Debit Card,105.71
T0004040,C007474,ST0211,2025-03-01,Cash,156.17
T0004041,C000548,ST0269,2024-07-12,Debit Card,216.51
T0004042,C009747,ST0189,2025-07-29,Cash,246.81
T0004043,C007785,ST0246,2025-05-30,Debit Card,65.83
T0004044,C005084,ST0321,2026-04-08,Cash,136.63
T0004045,C004325,ST0223,2025-10-31,Credit Card,176.43
T0004046,C003483,ST0049,2024-11-08,Debit Card,151.12
T0004047,C000530,ST0005,2026-01-27,Mobile Payment,165.64
T0004048,C003564,ST0090,2025-02-03,Credit Card,146.82
T0004049,C004644,ST0287,2026-05-25,Cash,203.42
T0004050,C009012,ST0118,2026-04-04,Debit Card,163.07
T0004051,C004495,ST0167,2026-04-29,Mobile Payment,205.78
T0004052,C000432,ST0019,2025-06-12,Mobile Payment,150.04
T0004053,C007292,ST0256,2025-04-23,Mobile Payment,27.29
T0004054,C004027,ST0336,2024-12-28,Credit Card,63.74
T0004055,C003069,ST0213,2025-08-30,Mobile Payment,206.18
T0004056,C006583,ST0043,2025-12-23,Cash,244.06
T0004057,C006727,ST0352,2024-09-02,Credit Card,233.62
T0004058,C003243,ST0197,2025-04-20,Credit Card,200.15
T0004059,C002887,ST0128,2024-08-20,Cash,201.38
T0004060,C002154,ST0344,2025-07-20,Credit Card,133.09
T0004061,C007173,ST0329,2026-04-08,Cash,98.15
T0004062,C008199,ST0226,2025-04-08,Mobile Payment,55.72
T0004063,C005211,ST0259,2025-08-18,Credit Card,70.57
T0004064,C007416,ST0302,2024-12-19,Credit Card,39.3
T0004065,C007800,ST0318,2024-11-05,Mobile Payment,33.76
T0004066,C008724,ST0031,2025-02-12,Cash,112.9
T0004067,C007752,ST0301,2025-09-28,Debit Card,189.23
T0004068,C002968,ST0042,2026-02-18,Credit Card,227.31
T0004069,C002761,ST0302,2025-05-12,Mobile Payment,205.0
T0004070,C000884,ST0005,2025-07-17,Debit Card,67.23
T0004071,C007967,ST0305,2026-03-20,Debit Card,47.23
T0004072,C004433,ST0313,2025-05-10,Mobile Payment,217.08
T0004073,C006601,ST0038,2026-03-23,Mobile Payment,15.08
T0004074,C005002,ST0214,2026-06-09,Credit Card,15.76
T0004075,C003205,ST0232,2025-07-28,Cash,12.7
T0004076,C000153,ST0247,2026-01-21,Mobile Payment,180.27
T0004077,C008504,ST0268,2025-08-06,Cash,205.96
T0004078,C000695,ST0065,2024-10-22,Debit Card,164.01
T0004079,C001667,ST0304,2024-07-28,Cash,162.55
T0004080,C009030,ST0258,2024-09-10,Debit Card,243.65
T0004081,C006469,ST0062,2026-03-14,Mobile Payment,106.92
T0004082,C000287,ST0132,2025-06-19,Mobile Payment,232.74
T0004083,C003264,ST0341,2024-12-14,Debit Card,105.26
T0004084,C004106,ST0167,2024-08-13,Cash,204.63
T0004085,C002847,ST0032,2025-05-06,Cash,149.08
T0004086,C008142,ST0069,2024-08-21,Mobile Payment,100.63
T0004087,C009993,ST0329,2024-11-19,Credit Card,5.29
T0004088,C005847,ST0021,2024-11-03,Debit Card,7.86
T0004089,C007264,ST0075,2025-02-17,Mobile Payment,160.82
T0004090,C006675,ST0035,2024-08-19,Debit Card,160.51
T0004091,C000348,ST0094,2024-07-11,Cash,148.15
T0004092,C006362,ST0310,2026-02-19,Mobile Payment,112.22
T0004093,C009310,ST0071,2025-11-23,Mobile Payment,53.32
T0004094,C003447,ST0078,2024-09-28,Cash,202.51
T0004095,C003790,ST0244,2024-11-13,Cash,95.26
T0004096,C005057,ST0183,2025-05-11,Credit Card,13.87
T0004097,C008338,ST0282,2026-02-07,Credit Card,188.53
T0004098,C005360,ST0317,2026-01-05,Cash,128.28
T0004099,C002603,ST0212,2026-01-20,Cash,222.63
T0004100,C005764,ST0110,2025-02-25,Debit Card,83.09
T0004101,C003285,ST0212,2025-04-14,Cash,173.06
T0004102,C008987,ST0309,2024-08-02,Cash,49.88
T0004103,C003832,ST0065,2026-03-25,Credit Card,95.62
T0004104,C008776,ST0178,2026-03-19,Cash,169.46
T0004105,C008969,ST0077,2026-02-18,Cash,101.73
T0004106,C009773,ST0281,2025-05-03,Debit Card,49.91
T0004107,C006494,ST0030,2024-12-30,Cash,146.58
T0004108,C006252,ST0252,2024-08-27,Debit Card,235.75
T0004109,C008155,ST0035,2024-11-18,Debit Card,97.64
T0004110,C009635,ST0267,2025-02-01,Debit Card,186.34
T0004111,C007268,ST0001,2025-07-18,Debit Card,122.45
T0004112,C000997,ST0162,2024-07-22,Debit Card,34.34
T0004113,C005335,ST0238,2026-01-14,Credit Card,57.25
T0004114,C000778,ST0228,2026-03-11,Cash,43.21
T0004115,C000825,ST0031,2024-09-20,Mobile Payment,191.01
T0004116,C007111,ST0169,2024-12-09,Debit Card,207.46
T0004117,C000523,ST0107,2026-06-20,Debit Card,90.75
T0004118,C000278,ST0236,2025-04-05,Credit Card,228.46
T0004119,C009531,ST0107,2025-04-19,Mobile Payment,11.15
T0004120,C002672,ST0182,2025-09-26,Mobile Payment,174.72
T0004121,C003015,ST0318,2025-04-24,Mobile Payment,85.38
T0004122,C004505,ST0277,2025-05-08,Mobile Payment,88.65
T0004123,C006163,ST0204,2025-05-16,Cash,78.16
T0004124,C006980,ST0312,2024-08-03,Cash,208.24
T0004125,C009881,ST0302,2025-08-26,Debit Card,83.31
T0004126,C001242,ST0167,2026-03-16,Debit Card,71.51
T0004127,C008593,ST0348,2024-09-06,Debit Card,151.4
T0004128,C004525,ST0097,2026-05-07,Debit Card,229.95
T0004129,C009502,ST0149,2026-01-01,Mobile Payment,188.71
T0004130,C007527,ST0124,2024-11-01,Debit Card,67.03
T0004131,C005377,ST0244,2024-12-04,Mobile Payment,200.99
T0004132,C005186,ST0185,2026-03-18,Cash,53.58
T0004133,C007621,ST0022,2026-03-08,Mobile Payment,116.62
T0004134,C002331,ST0060,2025-11-17,Debit Card,161.77
T0004135,C002637,ST0303,2026-03-31,Debit Card,249.76
T0004136,C003759,ST0309,2026-05-12,Mobile Payment,217.9
T0004137,C007498,ST0110,2024-09-19,Credit Card,27.72
T0004138,C000325,ST0115,2026-01-25,Debit Card,190.59
T0004139,C005728,ST0319,2024-11-10,Credit Card,166.13
T0004140,C000409,ST0198,2025-07-27,Mobile Payment,171.5
T0004141,C002793,ST0031,2024-07-08,Debit Card,21.95
T0004142,C008774,ST0131,2026-06-23,Cash,30.33
T0004143,C000958,ST0090,2024-11-16,Credit Card,41.49
T0004144,C005280,ST0153,2026-04-06,Cash,111.74
T0004145,C005557,ST0219,2024-12-13,Debit Card,57.17
T0004146,C005336,ST0066,2025-10-07,Credit Card,50.82
T0004147,C006425,ST0149,2024-07-16,Debit Card,174.09
T0004148,C008249,ST0006,2025-09-26,Cash,143.01
T0004149,C004155,ST0238,2025-04-19,Mobile Payment,154.88
T0004150,C007218,ST0294,2026-02-16,Credit Card,219.6
T0004151,C009587,ST0323,2025-09-21,Mobile Payment,227.23
T0004152,C009258,ST0282,2025-10-31,Mobile Payment,9.27
T0004153,C001144,ST0341,2025-08-10,Cash,176.8
T0004154,C004340,ST0198,2026-03-03,Credit Card,150.24
T0004155,C000952,ST0306,2026-01-09,Cash,140.91
T0004156,C007730,ST0350,2025-05-18,Mobile Payment,176.79
T0004157,C006017,ST0020,2025-02-19,Debit Card,159.27
T0004158,C008120,ST0199,2026-02-20,Debit Card,209.3
T0004159,C005954,ST0262,2025-11-28,Debit Card,19.64
T0004160,C007665,ST0017,2025-03-31,Credit Card,224.25
T0004161,C002403,ST0012,2024-11-12,Mobile Payment,113.11
T0004162,C002023,ST0155,2025-02-06,Debit Card,36.34
T0004163,C009386,ST0020,2025-01-18,Debit Card,233.74
T0004164,C004632,ST0069,2025-09-26,Credit Card,56.71
T0004165,C006556,ST0242,2024-08-04,Mobile Payment,221.34
T0004166,C007656,ST0071,2025-12-02,Credit Card,64.88
T0004167,C004802,ST0304,2025-01-23,Debit Card,76.68
T0004168,C009576,ST0121,2025-11-08,Debit Card,107.75
T0004169,C001136,ST0182,2026-02-12,Cash,118.37
T0004170,C006283,ST0313,2026-06-10,Debit Card,210.35
T0004171,C009861,ST0092,2025-06-06,Cash,141.3
T0004172,C001800,ST0233,2024-11-22,Credit Card,179.53
T0004173,C009158,ST0095,2024-07-15,Debit Card,118.65
T0004174,C004868,ST0147,2026-06-02,Credit Card,61.31
T0004175,C007070,ST0142,2024-11-22,Cash,218.76
T0004176,C003167,ST0284,2025-03-19,Cash,186.57
T0004177,C004363,ST0264,2025-12-24,Debit Card,121.4
T0004178,C001269,ST0296,2025-09-19,Debit Card,180.84
T0004179,C002957,ST0342,2024-08-17,Cash,161.37
T0004180,C006169,ST0073,2026-04-10,Debit Card,73.07
T0004181,C006766,ST0145,2026-02-20,Mobile Payment,227.05
T0004182,C006965,ST0213,2025-01-17,Mobile Payment,203.01
T0004183,C005601,ST0256,2026-02-25,Mobile Payment,6.77
T0004184,C000513,ST0033,2024-10-30,Credit Card,207.72
T0004185,C006297,ST0238,2024-11-24,Credit Card,107.53
T0004186,C009231,ST0163,2025-05-21,Debit Card,160.32
T0004187,C007880,ST0174,2025-06-14,Debit Card,245.19
T0004188,C001370,ST0284,2026-06-05,Credit Card,98.93
T0004189,C007056,ST0160,2026-02-12,Cash,80.07
T0004190,C006628,ST0137,2026-06-15,Cash,77.59
T0004191,C003118,ST0155,2024-09-12,Debit Card,126.09
T0004192,C009022,ST0176,2026-04-25,Cash,31.84
T0004193,C006171,ST0148,2025-10-16,Mobile Payment,226.95
T0004194,C007895,ST0288,2025-08-13,Cash,79.43
T0004195,C002752,ST0258,2024-07-23,Cash,110.28
T0004196,C002627,ST0133,2025-05-23,Debit Card,241.33
T0004197,C001963,ST0118,2025-05-07,Cash,37.01
T0004198,C005467,ST0131,2024-07-31,Mobile Payment,58.48
T0004199,C007140,ST0200,2025-03-20,Credit Card,170.7
T0004200,C002170,ST0113,2025-12-25,Debit Card,44.68
T0004201,C006726,ST0147,2026-07-05,Cash,80.49
T0004202,C000929,ST0111,2026-03-15,Debit Card,84.43
T0004203,C007462,ST0230,2025-11-06,Credit Card,143.5
T0004204,C008552,ST0314,2024-08-03,Debit Card,104.01
T0004205,C009915,ST0076,2026-02-18,Mobile Payment,11.11
T0004206,C006582,ST0340,2024-12-30,Cash,190.76
T0004207,C001846,ST0249,2025-01-01,Credit Card,37.81
T0004208,C005628,ST0274,2025-04-29,Credit Card,8.0
T0004209,C002207,ST0249,2024-09-03,Credit Card,35.0
T0004210,C008157,ST0240,2025-03-03,Debit Card,195.88
T0004211,C007471,ST0300,2024-09-16,Credit Card,223.8
T0004212,C004193,ST0209,2024-08-28,Debit Card,84.02
T0004213,C005025,ST0162,2026-02-18,Credit Card,169.17
T0004214,C000410,ST0015,2025-10-29,Credit Card,15.05
T0004215,C002625,ST0160,2024-11-22,Cash,164.94
T0004216,C006234,ST0051,2025-08-30,Mobile Payment,16.01
T0004217,C000753,ST0114,2024-08-17,Cash,144.15
T0004218,C002452,ST0020,2024-11-01,Credit Card,71.23
T0004219,C003204,ST0124,2024-10-18,Debit Card,53.3
T0004220,C002916,ST0191,2025-11-01,Mobile Payment,86.67
T0004221,C009607,ST0279,2024-08-17,Cash,90.2
T0004222,C005481,ST0093,2026-01-01,Mobile Payment,66.98
T0004223,C001256,ST0307,2025-01-07,Debit Card,108.45
T0004224,C004442,ST0118,2025-04-16,Credit Card,15.82
T0004225,C007910,ST0072,2024-09-08,Credit Card,79.74
T0004226,C003842,ST0101,2026-02-27,Credit Card,162.49
T0004227,C002948,ST0006,2024-10-24,Debit Card,72.7
T0004228,C003306,ST0028,2025-09-22,Debit Card,102.29
T0004229,C009556,ST0171,2025-08-12,Debit Card,188.82
T0004230,C007549,ST0182,2025-07-04,Credit Card,80.08
T0004231,C000873,ST0335,2025-08-03,Cash,70.67
T0004232,C005536,ST0081,2024-07-15,Mobile Payment,190.94
T0004233,C003564,ST0074,2024-07-11,Mobile Payment,160.5
T0004234,C005629,ST0310,2025-08-14,Credit Card,13.08
T0004235,C000044,ST0164,2025-06-22,Cash,9.14
T0004236,C004904,ST0105,2025-11-13,Mobile Payment,204.04
T0004237,C005836,ST0113,2025-01-27,Debit Card,120.51
T0004238,C003560,ST0137,2026-03-14,Cash,109.25
T0004239,C009011,ST0145,2025-09-02,Credit Card,112.35
T0004240,C009098,ST0140,2024-07-31,Credit Card,130.72
T0004241,C006003,ST0252,2025-06-17,Mobile Payment,107.59
T0004242,C009539,ST0168,2025-03-02,Mobile Payment,177.03
T0004243,C002675,ST0193,2026-06-27,Debit Card,204.43
T0004244,C001432,ST0155,2025-05-18,Credit Card,41.97
T0004245,C006274,ST0058,2024-08-31,Debit Card,36.41
T0004246,C005811,ST0293,2025-09-09,Debit Card,98.2
T0004247,C005025,ST0311,2024-12-07,Debit Card,127.6
T0004248,C000748,ST0182,2025-11-12,Mobile Payment,197.46
T0004249,C009505,ST0163,2024-10-12,Mobile Payment,180.16
T0004250,C005406,ST0270,2026-03-14,Mobile Payment,86.23
T0004251,C007103,ST0214,2025-02-10,Credit Card,76.22
T0004252,C009454,ST0262,2026-06-18,Debit Card,196.43
T0004253,C000638,ST0238,2025-12-09,Mobile Payment,51.83
T0004254,C003125,ST0214,2024-08-13,Cash,227.56
T0004255,C001977,ST0098,2024-12-11,Credit Card,44.44
T0004256,C002841,ST0183,2024-12-23,Credit Card,68.64
T0004257,C007205,ST0137,2026-02-20,Debit Card,81.55
T0004258,C000405,ST0206,2025-01-11,Cash,85.48
T0004259,C000466,ST0057,2025-07-20,Cash,63.97
T0004260,C001795,ST0299,2025-09-17,Credit Card,119.3
T0004261,C005239,ST0044,2025-07-24,Cash,5.12
T0004262,C003795,ST0098,2025-02-19,Credit Card,226.53
T0004263,C009818,ST0133,2024-10-24,Mobile Payment,191.33
T0004264,C000182,ST0332,2025-02-14,Credit Card,50.01
T0004265,C001498,ST0116,2025-08-11,Debit Card,125.66
T0004266,C004936,ST0010,2025-01-31,Cash,64.25
T0004267,C005608,ST0156,2026-05-10,Debit Card,62.61
T0004268,C006495,ST0064,2026-03-04,Mobile Payment,150.62
T0004269,C004195,ST0152,2025-09-02,Cash,185.69
T0004270,C008864,ST0186,2025-09-05,Mobile Payment,166.35
T0004271,C001684,ST0178,2024-12-10,Debit Card,83.13
T0004272,C003095,ST0128,2025-08-15,Credit Card,28.72
T0004273,C005922,ST0275,2025-03-11,Mobile Payment,79.42
T0004274,C005426,ST0182,2025-10-18,Cash,138.44
T0004275,C002402,ST0339,2025-10-17,Credit Card,89.86
T0004276,C006160,ST0233,2025-12-06,Debit Card,19.14
T0004277,C007298,ST0107,2026-05-16,Debit Card,165.21
T0004278,C004998,ST0122,2025-06-16,Debit Card,51.52
T0004279,C005727,ST0252,2026-01-16,Cash,42.48
T0004280,C009279,ST0045,2025-10-19,Credit Card,53.3
T0004281,C002498,ST0159,2025-02-13,Debit Card,199.14
T0004282,C005526,ST0034,2024-10-27,Debit Card,202.76
T0004283,C002105,ST0109,2024-09-16,Debit Card,198.59
T0004284,C003632,ST0290,2026-01-10,Cash,215.61
T0004285,C004995,ST0154,2024-12-26,Cash,234.72
T0004286,C003947,ST0103,2024-09-10,Mobile Payment,93.07
T0004287,C000551,ST0168,2025-06-30,Credit Card,171.37
T0004288,C009549,ST0124,2025-12-18,Debit Card,43.61
T0004289,C000678,ST0131,2026-05-07,Credit Card,60.78
T0004290,C005487,ST0269,2025-07-18,Credit Card,125.34
T0004291,C000575,ST0186,2024-10-25,Debit Card,132.37
T0004292,C001655,ST0090,2024-10-04,Mobile Payment,54.73
T0004293,C004091,ST0131,2026-02-15,Mobile Payment,15.23
T0004294,C009864,ST0101,2024-11-16,Debit Card,240.54
T0004295,C000182,ST0052,2025-11-29,Credit Card,142.92
T0004296,C002706,ST0260,2024-12-20,Credit Card,224.57
T0004297,C007498,ST0240,2026-01-09,Debit Card,230.54
T0004298,C009868,ST0162,2025-07-09,Debit Card,245.44
T0004299,C003426,ST0262,2025-04-04,Debit Card,121.06
T0004300,C001243,ST0202,2025-10-15,Credit Card,32.22
T0004301,C003051,ST0171,2026-05-11,Debit Card,222.13
T0004302,C009717,ST0284,2026-01-22,Credit Card,71.29
T0004303,C002042,ST0110,2026-01-05,Mobile Payment,113.42
T0004304,C004579,ST0018,2026-06-21,Cash,219.87
T0004305,C005300,ST0243,2025-08-08,Debit Card,182.28
T0004306,C005218,ST0206,2024-12-15,Cash,161.7
T0004307,C005835,ST0352,2025-05-17,Credit Card,239.27
T0004308,C008739,ST0029,2026-04-29,Cash,110.77
T0004309,C007854,ST0117,2024-08-21,Cash,84.49
T0004310,C006561,ST0247,2025-08-18,Cash,28.98
T0004311,C009628,ST0065,2025-07-01,Mobile Payment,83.01
T0004312,C004860,ST0081,2025-01-13,Credit Card,16.11
T0004313,C005186,ST0016,2024-12-28,Debit Card,84.7
T0004314,C001524,ST0183,2024-08-21,Cash,189.01
T0004315,C004667,ST0119,2026-04-20,Cash,144.6
T0004316,C003028,ST0253,2025-04-29,Credit Card,71.22
T0004317,C004045,ST0063,2026-02-25,Debit Card,232.26
T0004318,C001496,ST0043,2025-04-26,Mobile Payment,84.06
T0004319,C004382,ST0096,2026-05-06,Debit Card,47.68
T0004320,C001885,ST0264,2024-07-08,Debit Card,184.2
T0004321,C002967,ST0315,2024-07-28,Debit Card,243.74
T0004322,C000243,ST0131,2026-05-05,Debit Card,180.18
T0004323,C001359,ST0160,2025-01-23,Cash,25.4
T0004324,C004643,ST0081,2025-07-08,Mobile Payment,160.07
T0004325,C004074,ST0330,2025-03-03,Cash,125.43
T0004326,C006338,ST0053,2026-03-29,Credit Card,75.57
T0004327,C004934,ST0106,2025-08-28,Debit Card,154.21
T0004328,C002529,ST0345,2025-11-27,Cash,113.63
T0004329,C008183,ST0343,2026-05-05,Credit Card,91.37
T0004330,C004484,ST0158,2024-12-14,Credit Card,209.48
T0004331,C006070,ST0090,2026-01-10,Credit Card,76.01
T0004332,C003149,ST0072,2025-04-21,Cash,153.62
T0004333,C008236,ST0030,2025-04-08,Cash,72.38
T0004334,C006588,ST0125,2024-10-12,Credit Card,226.8
T0004335,C006113,ST0178,2024-07-09,Mobile Payment,180.92
T0004336,C004369,ST0020,2024-10-31,Mobile Payment,22.53
T0004337,C000070,ST0073,2025-06-01,Cash,202.13
T0004338,C009836,ST0145,2024-08-29,Mobile Payment,114.96
T0004339,C000733,ST0342,2024-07-24,Mobile Payment,181.79
T0004340,C006756,ST0291,2026-06-10,Credit Card,118.58
T0004341,C006644,ST0351,2025-01-12,Credit Card,231.97
T0004342,C001738,ST0311,2025-07-19,Cash,177.2
T0004343,C002239,ST0046,2025-12-03,Cash,64.97
T0004344,C001623,ST0009,2026-05-01,Mobile Payment,210.09
T0004345,C004976,ST0112,2025-05-15,Mobile Payment,215.25
T0004346,C007448,ST0009,2025-07-13,Mobile Payment,112.72
T0004347,C007272,ST0086,2025-07-10,Credit Card,86.3
T0004348,C000859,ST0352,2024-09-01,Credit Card,238.53
T0004349,C000502,ST0066,2025-07-11,Cash,137.09
T0004350,C006985,ST0344,2025-03-08,Debit Card,213.03
T0004351,C001805,ST0213,2026-02-10,Credit Card,8.37
T0004352,C002596,ST0040,2026-06-15,Mobile Payment,246.84
T0004353,C009504,ST0296,2026-05-25,Cash,228.5
T0004354,C002959,ST0254,2025-01-31,Debit Card,42.64
T0004355,C006232,ST0292,2025-05-21,Credit Card,26.49
T0004356,C007588,ST0002,2025-04-18,Debit Card,176.51
T0004357,C001345,ST0330,2025-05-22,Mobile Payment,123.54
T0004358,C001128,ST0170,2025-08-02,Mobile Payment,21.95
T0004359,C000648,ST0226,2026-02-06,Debit Card,129.28
T0004360,C002655,ST0092,2024-10-20,Debit Card,128.15
T0004361,C004108,ST0198,2026-02-20,Debit Card,87.11
T0004362,C000409,ST0078,2025-08-17,Mobile Payment,218.56
T0004363,C001689,ST0330,2024-10-31,Mobile Payment,106.77
T0004364,C006352,ST0279,2025-10-21,Debit Card,133.08
T0004365,C004786,ST0235,2024-11-30,Credit Card,223.71
T0004366,C004886,ST0129,2025-11-18,Cash,14.1
T0004367,C006307,ST0055,2025-03-21,Credit Card,25.96
T0004368,C004357,ST0211,2026-02-13,Debit Card,96.33
T0004369,C005699,ST0089,2026-07-06,Mobile Payment,129.58
T0004370,C009036,ST0328,2025-11-06,Debit Card,127.71
T0004371,C004532,ST0007,2025-09-20,Cash,81.72
T0004372,C006937,ST0205,2024-11-09,Cash,205.03
T0004373,C000600,ST0310,2024-11-24,Credit Card,160.99
T0004374,C006543,ST0302,2026-07-01,Cash,156.77
T0004375,C009331,ST0034,2024-11-16,Mobile Payment,174.27
T0004376,C001388,ST0133,2026-02-03,Cash,23.78
T0004377,C005681,ST0063,2025-05-11,Credit Card,182.59
T0004378,C006720,ST0172,2025-02-04,Credit Card,10.79
T0004379,C006967,ST0231,2025-09-07,Mobile Payment,92.5
T0004380,C002960,ST0163,2026-07-02,Mobile Payment,15.88
T0004381,C003169,ST0252,2026-05-04,Debit Card,167.05
T0004382,C001826,ST0172,2025-08-21,Credit Card,147.73
T0004383,C001884,ST0334,2025-04-20,Mobile Payment,94.3
T0004384,C000249,ST0137,2025-04-13,Credit Card,21.69
T0004385,C000343,ST0001,2025-08-15,Debit Card,244.6
T0004386,C001790,ST0104,2026-05-16,Cash,172.16
T0004387,C002728,ST0130,2024-12-06,Debit Card,55.15
T0004388,C008382,ST0170,2025-07-24,Cash,218.63
T0004389,C009767,ST0107,2025-09-23,Cash,7.89
T0004390,C009282,ST0170,2024-11-06,Debit Card,41.33
T0004391,C001724,ST0018,2026-05-16,Debit Card,66.37
T0004392,C002772,ST0302,2024-12-20,Cash,169.99
T0004393,C000403,ST0306,2025-03-06,Mobile Payment,116.09
T0004394,C007886,ST0085,2025-05-27,Cash,195.44
T0004395,C006247,ST0026,2026-05-03,Credit Card,200.76
T0004396,C003667,ST0128,2025-02-26,Mobile Payment,234.84
T0004397,C005380,ST0167,2025-09-08,Mobile Payment,238.91
T0004398,C002118,ST0051,2025-02-04,Credit Card,57.53
T0004399,C002764,ST0233,2024-07-30,Cash,26.56
T0004400,C006751,ST0338,2025-08-06,Credit Card,83.29
T0004401,C009147,ST0136,2025-08-26,Debit Card,83.04
T0004402,C002855,ST0251,2025-07-24,Mobile Payment,6.33
T0004403,C008111,ST0085,2025-12-25,Credit Card,111.77
T0004404,C000257,ST0057,2024-12-26,Cash,247.76
T0004405,C001348,ST0031,2026-03-13,Debit Card,64.76
T0004406,C008168,ST0226,2024-11-21,Cash,74.54
T0004407,C003551,ST0078,2026-06-11,Mobile Payment,122.33
T0004408,C006031,ST0293,2026-04-17,Mobile Payment,160.58
T0004409,C000645,ST0010,2025-05-18,Credit Card,168.37
T0004410,C003714,ST0213,2025-04-02,Mobile Payment,24.9
T0004411,C006383,ST0083,2025-05-01,Debit Card,91.27
T0004412,C000560,ST0187,2025-09-26,Cash,32.71
T0004413,C003887,ST0338,2025-04-29,Cash,93.78
T0004414,C006035,ST0081,2024-11-20,Credit Card,194.55
T0004415,C007305,ST0226,2025-05-08,Mobile Payment,148.86
T0004416,C000110,ST0139,2026-07-07,Credit Card,247.22
T0004417,C005260,ST0254,2026-01-08,Credit Card,79.77
T0004418,C004789,ST0098,2025-09-08,Cash,137.51
T0004419,C004568,ST0029,2026-04-04,Mobile Payment,33.38
T0004420,C007784,ST0200,2025-07-12,Cash,15.42
T0004421,C007731,ST0069,2025-12-16,Debit Card,96.58
T0004422,C007783,ST0238,2025-12-29,Credit Card,22.84
T0004423,C006849,ST0044,2025-12-26,Mobile Payment,151.78
T0004424,C007534,ST0266,2026-05-28,Cash,136.08
T0004425,C000775,ST0251,2024-12-14,Debit Card,181.67
T0004426,C009051,ST0019,2024-07-29,Mobile Payment,6.01
T0004427,C006296,ST0026,2024-11-06,Mobile Payment,234.16
T0004428,C007892,ST0320,2025-02-08,Cash,248.22
T0004429,C009431,ST0043,2024-08-29,Credit Card,55.85
T0004430,C002354,ST0328,2025-08-31,Credit Card,233.45
T0004431,C007799,ST0071,2025-08-03,Credit Card,136.36
T0004432,C001205,ST0217,2024-08-04,Mobile Payment,21.34
T0004433,C003780,ST0223,2025-09-03,Debit Card,215.42
T0004434,C003197,ST0190,2024-09-28,Mobile Payment,137.97
T0004435,C001823,ST0259,2026-05-16,Credit Card,87.12
T0004436,C001129,ST0135,2026-05-27,Mobile Payment,107.82
T0004437,C009178,ST0272,2025-01-12,Cash,123.03
T0004438,C009698,ST0231,2026-03-24,Credit Card,113.68
T0004439,C001160,ST0207,2025-07-21,Debit Card,124.66
T0004440,C000100,ST0010,2026-05-28,Mobile Payment,11.61
T0004441,C007785,ST0169,2025-11-20,Mobile Payment,209.89
T0004442,C004820,ST0329,2024-09-18,Debit Card,169.09
T0004443,C008702,ST0218,2024-09-07,Cash,137.62
T0004444,C000852,ST0332,2024-11-11,Cash,55.51
T0004445,C006826,ST0062,2026-06-09,Cash,155.74
T0004446,C005190,ST0087,2026-04-11,Cash,222.73
T0004447,C001325,ST0196,2024-11-28,Debit Card,39.03
T0004448,C003348,ST0344,2025-08-28,Credit Card,214.62
T0004449,C008338,ST0066,2026-02-21,Mobile Payment,55.58
T0004450,C006387,ST0071,2025-06-24,Mobile Payment,249.08
T0004451,C009508,ST0253,2024-10-14,Mobile Payment,180.19
T0004452,C007578,ST0048,2026-04-07,Debit Card,61.28
T0004453,C000093,ST0105,2025-09-08,Debit Card,235.31
T0004454,C001845,ST0251,2025-07-03,Debit Card,55.97
T0004455,C007280,ST0275,2026-06-13,Cash,98.77
T0004456,C008349,ST0223,2024-08-21,Debit Card,187.3
T0004457,C007462,ST0201,2025-10-23,Credit Card,10.78
T0004458,C007600,ST0277,2025-04-11,Debit Card,74.91
T0004459,C006183,ST0190,2025-07-12,Debit Card,48.02
T0004460,C003879,ST0227,2025-12-18,Debit Card,198.43
T0004461,C000725,ST0315,2025-05-19,Credit Card,243.46
T0004462,C008168,ST0067,2024-12-11,Debit Card,42.05
T0004463,C009756,ST0143,2026-01-21,Mobile Payment,231.19
T0004464,C000873,ST0019,2025-01-15,Debit Card,70.9
T0004465,C008567,ST0199,2025-08-22,Credit Card,165.97
T0004466,C004719,ST0290,2026-04-30,Cash,220.15
T0004467,C006517,ST0083,2025-06-15,Cash,205.64
T0004468,C000924,ST0179,2026-03-05,Debit Card,79.48
T0004469,C001820,ST0351,2025-09-13,Credit Card,16.38
T0004470,C000766,ST0246,2025-06-26,Credit Card,63.36
T0004471,C006146,ST0230,2024-12-18,Cash,236.1
T0004472,C000359,ST0191,2025-09-15,Credit Card,12.3
T0004473,C006203,ST0114,2025-05-13,Credit Card,138.43
T0004474,C000511,ST0316,2024-10-07,Cash,131.25
T0004475,C006096,ST0336,2024-10-29,Credit Card,124.93
T0004476,C004052,ST0258,2025-01-30,Mobile Payment,167.73
T0004477,C005185,ST0206,2025-09-23,Debit Card,240.8
T0004478,C005448,ST0108,2025-03-20,Mobile Payment,219.13
T0004479,C007442,ST0266,2025-12-18,Credit Card,38.4
T0004480,C009100,ST0029,2025-12-04,Credit Card,80.26
T0004481,C002249,ST0043,2025-02-16,Credit Card,107.67
T0004482,C005886,ST0160,2026-05-08,Mobile Payment,108.41
T0004483,C003835,ST0233,2024-08-05,Credit Card,49.0
T0004484,C005182,ST0079,2026-07-07,Cash,211.28
T0004485,C001513,ST0268,2024-09-30,Mobile Payment,39.82
T0004486,C001628,ST0019,2024-12-13,Cash,39.17
T0004487,C005898,ST0084,2024-10-06,Cash,122.51
T0004488,C003544,ST0152,2026-05-24,Credit Card,55.58
T0004489,C009514,ST0269,2025-08-02,Cash,103.38
T0004490,C001519,ST0162,2026-05-17,Mobile Payment,68.36
T0004491,C006624,ST0187,2025-06-14,Cash,76.33
T0004492,C005470,ST0092,2025-08-13,Debit Card,24.6
T0004493,C009156,ST0042,2024-11-30,Mobile Payment,121.22
T0004494,C002459,ST0173,2024-08-29,Credit Card,228.96
T0004495,C005313,ST0127,2025-05-31,Credit Card,33.67
T0004496,C007697,ST0292,2024-10-18,Cash,181.82
T0004497,C001624,ST0240,2025-03-13,Debit Card,198.83
T0004498,C002178,ST0307,2026-04-22,Debit Card,68.86
T0004499,C008633,ST0227,2024-12-19,Cash,191.73
T0004500,C001851,ST0167,2025-11-19,Credit Card,165.61
T0004501,C000181,ST0053,2026-02-14,Credit Card,60.81
T0004502,C003970,ST0029,2025-05-15,Debit Card,53.87
T0004503,C002571,ST0279,2024-11-08,Credit Card,28.68
T0004504,C007803,ST0162,2025-09-11,Cash,188.51
T0004505,C008437,ST0035,2024-08-24,Debit Card,185.79
T0004506,C001699,ST0345,2025-03-23,Credit Card,197.83
T0004507,C002963,ST0197,2025-10-25,Debit Card,12.74
T0004508,C000214,ST0144,2025-01-07,Credit Card,73.33
T0004509,C001299,ST0332,2024-08-21,Credit Card,100.45
T0004510,C006342,ST0236,2024-09-19,Mobile Payment,49.9
T0004511,C002180,ST0222,2026-03-16,Mobile Payment,45.87
T0004512,C008989,ST0163,2025-07-24,Debit Card,43.14
T0004513,C008954,ST0003,2026-02-10,Mobile Payment,135.22
T0004514,C003143,ST0080,2025-10-28,Cash,59.03
T0004515,C003335,ST0167,2025-02-28,Credit Card,61.39
T0004516,C008130,ST0062,2025-06-26,Mobile Payment,116.05
T0004517,C007661,ST0271,2026-04-25,Credit Card,55.36
T0004518,C007099,ST0189,2025-10-28,Debit Card,28.61
T0004519,C007694,ST0140,2025-11-16,Credit Card,105.13
T0004520,C007752,ST0172,2025-06-26,Credit Card,233.38
T0004521,C005373,ST0321,2024-08-11,Mobile Payment,93.56
T0004522,C008535,ST0284,2024-12-23,Cash,189.31
T0004523,C008510,ST0094,2025-08-21,Cash,51.6
T0004524,C001643,ST0182,2026-04-13,Debit Card,48.43
T0004525,C005015,ST0313,2025-03-28,Mobile Payment,208.98
T0004526,C002747,ST0284,2026-01-05,Cash,215.91
T0004527,C000367,ST0208,2024-11-13,Mobile Payment,45.36
T0004528,C003505,ST0034,2025-04-22,Cash,123.55
T0004529,C007085,ST0180,2026-06-07,Credit Card,118.9
T0004530,C009484,ST0216,2024-08-27,Mobile Payment,27.94
T0004531,C009014,ST0303,2024-11-10,Cash,225.28
T0004532,C007877,ST0096,2025-06-02,Debit Card,246.07
T0004533,C002391,ST0081,2025-05-23,Mobile Payment,118.18
T0004534,C004541,ST0248,2025-09-12,Debit Card,19.41
T0004535,C001043,ST0058,2025-12-24,Mobile Payment,47.05
T0004536,C003947,ST0030,2025-02-17,Debit Card,86.47
T0004537,C004896,ST0018,2025-09-09,Cash,223.62
T0004538,C000421,ST0023,2026-07-06,Mobile Payment,150.1
T0004539,C002515,ST0312,2026-02-23,Debit Card,19.05
T0004540,C009222,ST0194,2026-04-16,Credit Card,169.04
T0004541,C005753,ST0083,2026-06-26,Cash,25.88
T0004542,C009282,ST0252,2026-06-29,Mobile Payment,12.87
T0004543,C002260,ST0168,2026-06-12,Mobile Payment,182.89
T0004544,C009263,ST0328,2024-09-05,Mobile Payment,247.08
T0004545,C009767,ST0326,2026-03-20,Debit Card,5.05
T0004546,C000016,ST0099,2024-07-29,Credit Card,157.43
T0004547,C001238,ST0161,2026-03-04,Mobile Payment,113.9
T0004548,C008842,ST0021,2025-09-17,Mobile Payment,186.28
T0004549,C001819,ST0229,2025-05-13,Credit Card,39.36
T0004550,C005370,ST0228,2025-07-08,Cash,234.07
T0004551,C003309,ST0287,2025-11-24,Cash,30.0
T0004552,C002457,ST0228,2026-05-09,Mobile Payment,57.58
T0004553,C007944,ST0251,2025-06-17,Debit Card,243.11
T0004554,C005074,ST0228,2025-11-24,Credit Card,178.56
T0004555,C008801,ST0022,2024-09-17,Credit Card,64.78
T0004556,C008004,ST0161,2026-02-28,Mobile Payment,87.08
T0004557,C005937,ST0072,2026-06-08,Debit Card,244.81
T0004558,C000562,ST0135,2024-10-27,Cash,198.75
T0004559,C001548,ST0228,2025-05-21,Debit Card,108.0
T0004560,C003299,ST0238,2026-07-05,Mobile Payment,164.31
T0004561,C007803,ST0337,2024-10-01,Cash,82.72
T0004562,C009541,ST0036,2024-07-09,Mobile Payment,215.82
T0004563,C006510,ST0212,2025-06-11,Mobile Payment,179.5
T0004564,C002039,ST0268,2025-12-10,Cash,141.61
T0004565,C006004,ST0341,2026-05-28,Cash,211.41
T0004566,C005168,ST0206,2025-09-06,Credit Card,146.77
T0004567,C007714,ST0079,2025-12-24,Cash,25.88
T0004568,C009544,ST0134,2025-04-08,Credit Card,160.76
T0004569,C003989,ST0206,2024-09-11,Cash,203.1
T0004570,C006103,ST0235,2024-09-03,Cash,228.62
T0004571,C006249,ST0250,2024-09-05,Cash,141.08
T0004572,C005484,ST0173,2025-08-02,Cash,73.91
T0004573,C005997,ST0062,2025-02-14,Cash,184.97
T0004574,C007936,ST0338,2026-03-31,Mobile Payment,14.93
T0004575,C000836,ST0269,2025-05-25,Debit Card,184.55
T0004576,C001341,ST0291,2026-06-25,Mobile Payment,204.49
T0004577,C005999,ST0219,2026-02-14,Credit Card,33.6
T0004578,C009350,ST0142,2026-07-06,Credit Card,85.26
T0004579,C006967,ST0226,2024-10-13,Debit Card,170.26
T0004580,C007566,ST0055,2024-12-26,Cash,51.42
T0004581,C004598,ST0309,2025-06-17,Cash,122.17
T0004582,C000160,ST0058,2025-12-01,Credit Card,212.46
T0004583,C008229,ST0260,2026-02-22,Cash,117.35
T0004584,C000544,ST0145,2025-06-11,Credit Card,211.38
T0004585,C005200,ST0002,2026-03-19,Credit Card,244.75
T0004586,C000497,ST0043,2024-11-17,Cash,208.14
T0004587,C001180,ST0045,2024-09-17,Cash,97.03
T0004588,C000166,ST0309,2025-06-24,Credit Card,5.75
T0004589,C000951,ST0113,2026-05-05,Credit Card,58.56
T0004590,C008779,ST0150,2025-01-13,Cash,39.86
T0004591,C005653,ST0032,2025-09-20,Cash,205.85
T0004592,C000311,ST0285,2026-01-08,Cash,224.76
T0004593,C009578,ST0013,2026-06-12,Debit Card,249.29
T0004594,C004222,ST0225,2024-08-16,Mobile Payment,63.15
T0004595,C005626,ST0174,2026-02-01,Cash,11.0
T0004596,C007130,ST0292,2025-07-18,Debit Card,64.64
T0004597,C006604,ST0076,2025-05-22,Debit Card,154.56
T0004598,C004157,ST0296,2026-06-12,Credit Card,140.17
T0004599,C008266,ST0340,2025-07-15,Mobile Payment,165.84
T0004600,C005870,ST0034,2025-05-22,Cash,197.38
T0004601,C009488,ST0143,2025-11-15,Mobile Payment,225.31
T0004602,C002212,ST0029,2025-01-10,Mobile Payment,157.6
T0004603,C006806,ST0292,2025-02-06,Cash,84.06
T0004604,C003383,ST0156,2025-03-14,Credit Card,78.47
T0004605,C009877,ST0320,2024-10-12,Cash,153.08
T0004606,C004732,ST0056,2025-06-30,Credit Card,70.7
T0004607,C003095,ST0268,2024-07-14,Debit Card,107.31
T0004608,C001922,ST0271,2024-11-07,Debit Card,180.09
T0004609,C005223,ST0258,2024-08-14,Mobile Payment,222.08
T0004610,C004919,ST0198,2024-11-29,Mobile Payment,198.92
T0004611,C006815,ST0072,2024-12-08,Mobile Payment,89.9
T0004612,C000783,ST0260,2025-06-05,Credit Card,62.73
T0004613,C002630,ST0150,2026-03-06,Cash,248.1
T0004614,C000139,ST0332,2025-10-29,Credit Card,39.98
T0004615,C003848,ST0162,2025-02-02,Mobile Payment,50.51
T0004616,C001086,ST0114,2025-05-04,Debit Card,235.06
T0004617,C008748,ST0325,2025-12-12,Credit Card,226.4
T0004618,C006862,ST0229,2025-01-12,Cash,167.99
T0004619,C007028,ST0171,2025-06-24,Debit Card,72.86
T0004620,C006053,ST0075,2026-01-24,Credit Card,138.95
T0004621,C006927,ST0301,2025-09-04,Credit Card,212.24
T0004622,C007260,ST0083,2026-05-09,Mobile Payment,222.53
T0004623,C004208,ST0078,2025-09-20,Mobile Payment,35.61
T0004624,C009571,ST0084,2026-02-20,Debit Card,139.58
T0004625,C001136,ST0167,2026-03-27,Credit Card,218.33
T0004626,C008340,ST0168,2025-12-04,Credit Card,212.16
T0004627,C002669,ST0139,2026-06-04,Debit Card,98.63
T0004628,C008439,ST0198,2026-06-18,Debit Card,223.08
T0004629,C009776,ST0329,2025-04-25,Debit Card,167.58
T0004630,C005206,ST0120,2024-07-12,Debit Card,31.83
T0004631,C001147,ST0328,2025-11-07,Credit Card,218.1
T0004632,C009104,ST0091,2026-03-05,Mobile Payment,82.43
T0004633,C003015,ST0079,2026-03-04,Debit Card,209.07
T0004634,C003231,ST0004,2025-03-14,Cash,110.39
T0004635,C005410,ST0050,2024-07-07,Credit Card,235.25
T0004636,C007654,ST0329,2026-03-13,Cash,50.92
T0004637,C008672,ST0150,2024-10-04,Credit Card,217.29
T0004638,C002074,ST0208,2024-07-24,Cash,95.46
T0004639,C003239,ST0123,2026-04-22,Credit Card,119.2
T0004640,C003650,ST0324,2024-11-09,Cash,155.16
T0004641,C006797,ST0274,2026-06-23,Cash,167.39
T0004642,C009120,ST0077,2026-01-09,Cash,126.27
T0004643,C003078,ST0249,2025-01-15,Debit Card,221.43
T0004644,C008106,ST0210,2026-01-27,Cash,120.19
T0004645,C009090,ST0297,2025-10-27,Mobile Payment,99.83
T0004646,C006738,ST0223,2026-06-06,Credit Card,96.23
T0004647,C007314,ST0094,2025-07-03,Credit Card,124.46
T0004648,C000225,ST0352,2024-10-27,Debit Card,235.62
T0004649,C000666,ST0252,2025-12-27,Debit Card,26.37
T0004650,C003229,ST0252,2025-07-15,Mobile Payment,11.21
T0004651,C001532,ST0269,2024-12-24,Mobile Payment,113.34
T0004652,C009239,ST0299,2025-08-25,Cash,92.9
T0004653,C004122,ST0198,2026-04-13,Debit Card,217.12
T0004654,C000637,ST0222,2024-08-21,Debit Card,217.09
T0004655,C005307,ST0199,2024-12-13,Credit Card,235.1
T0004656,C006924,ST0100,2025-01-26,Cash,200.23
T0004657,C008356,ST0046,2026-02-09,Mobile Payment,188.35
T0004658,C006398,ST0144,2025-04-07,Cash,214.07
T0004659,C002981,ST0311,2025-05-20,Debit Card,132.51
T0004660,C006672,ST0032,2026-06-14,Cash,66.55
T0004661,C008669,ST0143,2025-01-06,Cash,89.46
T0004662,C006699,ST0213,2025-03-09,Cash,235.87
T0004663,C009621,ST0158,2025-07-01,Credit Card,60.29
T0004664,C003208,ST0180,2026-03-01,Cash,65.37
T0004665,C003393,ST0296,2026-01-19,Credit Card,192.4
T0004666,C002670,ST0268,2025-03-25,Mobile Payment,67.21
T0004667,C006497,ST0271,2025-01-27,Credit Card,118.63
T0004668,C002057,ST0265,2025-01-30,Mobile Payment,5.71
T0004669,C004813,ST0168,2026-01-02,Debit Card,218.53
T0004670,C006347,ST0305,2026-06-28,Mobile Payment,111.53
T0004671,C001126,ST0153,2026-01-02,Cash,248.91
T0004672,C004488,ST0225,2024-11-14,Debit Card,181.47
T0004673,C000296,ST0086,2025-12-23,Cash,33.02
T0004674,C008155,ST0110,2025-04-02,Credit Card,231.83
T0004675,C002327,ST0004,2024-09-28,Credit Card,240.62
T0004676,C003646,ST0022,2024-11-07,Credit Card,245.15
T0004677,C006393,ST0295,2026-05-24,Credit Card,91.26
T0004678,C009771,ST0115,2024-12-17,Mobile Payment,38.11
T0004679,C007313,ST0062,2024-11-14,Cash,5.82
T0004680,C002004,ST0238,2026-05-13,Cash,69.86
T0004681,C006177,ST0142,2024-07-21,Debit Card,36.25
T0004682,C002926,ST0053,2025-03-30,Cash,221.52
T0004683,C009559,ST0002,2025-06-23,Debit Card,24.76
T0004684,C008083,ST0190,2025-02-17,Mobile Payment,67.77
T0004685,C002579,ST0244,2024-08-30,Credit Card,162.46
T0004686,C007242,ST0080,2025-10-29,Cash,21.52
T0004687,C001967,ST0245,2025-09-01,Debit Card,215.42
T0004688,C000168,ST0298,2024-12-03,Debit Card,55.4
T0004689,C009257,ST0252,2025-03-20,Debit Card,205.29
T0004690,C002934,ST0066,2025-01-21,Credit Card,186.63
T0004691,C007219,ST0241,2025-09-09,Debit Card,174.48
T0004692,C003043,ST0218,2025-01-06,Mobile Payment,70.94
T0004693,C004748,ST0131,2025-05-01,Mobile Payment,154.74
T0004694,C005669,ST0006,2025-08-12,Debit Card,73.8
T0004695,C005218,ST0067,2026-06-05,Cash,47.35
T0004696,C007924,ST0344,2024-09-28,Cash,81.66
T0004697,C000044,ST0030,2025-08-01,Credit Card,186.95
T0004698,C000927,ST0302,2024-08-12,Cash,204.93
T0004699,C004196,ST0068,2026-06-11,Mobile Payment,212.51
T0004700,C008928,ST0160,2026-01-06,Debit Card,118.94
T0004701,C005270,ST0122,2026-01-05,Cash,28.62
T0004702,C005638,ST0335,2024-07-14,Credit Card,211.92
T0004703,C009363,ST0250,2024-08-10,Debit Card,58.49
T0004704,C007863,ST0063,2025-06-02,Mobile Payment,158.26
T0004705,C004920,ST0076,2025-03-20,Credit Card,78.23
T0004706,C001093,ST0313,2025-06-09,Cash,226.77
T0004707,C008312,ST0317,2025-10-23,Cash,163.06
T0004708,C007219,ST0050,2024-10-04,Credit Card,232.39
T0004709,C009650,ST0139,2025-06-29,Cash,42.51
T0004710,C007253,ST0069,2026-04-16,Debit Card,59.22
T0004711,C002691,ST0212,2025-04-16,Credit Card,118.56
T0004712,C008457,ST0232,2025-07-18,Credit Card,91.2
T0004713,C002538,ST0283,2026-03-29,Debit Card,41.07
T0004714,C003683,ST0148,2026-05-27,Cash,239.88
T0004715,C002832,ST0337,2025-02-22,Cash,90.23
T0004716,C001435,ST0147,2024-08-12,Credit Card,55.17
T0004717,C000884,ST0162,2026-05-07,Debit Card,96.74
T0004718,C003644,ST0160,2026-05-29,Cash,55.41
T0004719,C003919,ST0025,2025-02-24,Credit Card,5.5
T0004720,C001175,ST0242,2025-07-12,Debit Card,23.98
T0004721,C009743,ST0139,2026-02-03,Debit Card,89.5
T0004722,C002410,ST0265,2024-10-12,Credit Card,191.38
T0004723,C007267,ST0320,2025-03-04,Debit Card,45.08
T0004724,C005141,ST0325,2025-01-10,Mobile Payment,20.25
T0004725,C008735,ST0242,2025-09-05,Debit Card,127.29
T0004726,C009310,ST0117,2025-04-07,Cash,122.31
T0004727,C008579,ST0274,2025-01-20,Credit Card,224.23
T0004728,C003736,ST0114,2025-08-27,Cash,13.7
T0004729,C005705,ST0011,2025-02-03,Mobile Payment,85.44
T0004730,C000565,ST0284,2025-03-20,Mobile Payment,209.57
T0004731,C001287,ST0020,2024-07-13,Debit Card,221.52
T0004732,C005111,ST0310,2026-01-10,Debit Card,199.0
T0004733,C000899,ST0309,2026-07-02,Cash,201.73
T0004734,C008163,ST0202,2025-01-23,Debit Card,48.0
T0004735,C009104,ST0132,2024-11-04,Credit Card,72.17
T0004736,C007579,ST0053,2024-10-10,Mobile Payment,99.26
T0004737,C002534,ST0017,2025-01-16,Debit Card,61.78
T0004738,C008266,ST0199,2026-01-22,Credit Card,66.05
T0004739,C006067,ST0239,2025-03-07,Debit Card,13.23
T0004740,C002831,ST0068,2025-03-16,Mobile Payment,174.02
T0004741,C000769,ST0329,2025-01-20,Debit Card,204.35
T0004742,C004407,ST0086,2025-04-23,Mobile Payment,216.97
T0004743,C007627,ST0326,2025-10-20,Cash,152.79
T0004744,C001807,ST0130,2025-10-09,Credit Card,69.98
T0004745,C005900,ST0311,2025-03-27,Debit Card,135.53
T0004746,C002133,ST0088,2026-06-26,Debit Card,112.73
T0004747,C001533,ST0108,2025-03-03,Cash,198.03
T0004748,C000854,ST0242,2025-04-13,Credit Card,48.71
T0004749,C001290,ST0240,2024-08-03,Debit Card,133.58
T0004750,C003238,ST0115,2025-03-27,Debit Card,53.92
T0004751,C001706,ST0037,2026-04-07,Credit Card,247.52
T0004752,C003424,ST0251,2024-12-02,Debit Card,143.22
T0004753,C004007,ST0316,2026-05-08,Debit Card,38.43
T0004754,C003434,ST0323,2025-05-31,Debit Card,64.24
T0004755,C006333,ST0289,2025-08-07,Debit Card,207.72
T0004756,C001117,ST0314,2025-09-06,Debit Card,45.2
T0004757,C000233,ST0333,2024-08-03,Credit Card,28.3
T0004758,C006097,ST0280,2026-04-11,Debit Card,88.86
T0004759,C000696,ST0045,2025-09-29,Credit Card,108.19
T0004760,C007567,ST0165,2025-01-19,Debit Card,214.29
T0004761,C005221,ST0110,2026-02-27,Cash,181.24
T0004762,C004598,ST0154,2025-11-23,Debit Card,216.1
T0004763,C007939,ST0118,2025-06-26,Credit Card,36.61
T0004764,C001971,ST0094,2026-04-06,Cash,40.83
T0004765,C008533,ST0014,2026-01-17,Credit Card,189.18
T0004766,C008145,ST0282,2025-03-08,Debit Card,141.46
T0004767,C003445,ST0312,2025-10-29,Mobile Payment,182.8
T0004768,C007400,ST0073,2026-03-17,Credit Card,52.05
T0004769,C004474,ST0327,2025-06-25,Debit Card,245.17
T0004770,C000600,ST0203,2024-09-09,Mobile Payment,145.7
T0004771,C000090,ST0025,2025-11-26,Debit Card,173.38
T0004772,C002429,ST0091,2025-06-11,Cash,91.34
T0004773,C005529,ST0030,2026-06-08,Credit Card,102.49
T0004774,C005493,ST0029,2025-11-16,Cash,193.57
T0004775,C002206,ST0030,2024-09-19,Cash,147.35
T0004776,C006084,ST0074,2024-08-29,Mobile Payment,73.13
T0004777,C007679,ST0348,2025-12-18,Mobile Payment,48.34
T0004778,C006649,ST0325,2025-04-17,Mobile Payment,86.02
T0004779,C004966,ST0327,2024-12-13,Mobile Payment,249.55
T0004780,C008519,ST0275,2025-08-04,Credit Card,58.94
T0004781,C008051,ST0286,2026-01-26,Mobile Payment,73.59
T0004782,C001832,ST0288,2024-10-01,Mobile Payment,206.52
T0004783,C004274,ST0019,2024-09-08,Credit Card,133.16
T0004784,C001555,ST0062,2025-09-01,Debit Card,249.91
T0004785,C009928,ST0137,2024-08-18,Credit Card,101.88
T0004786,C005937,ST0126,2026-06-18,Cash,188.57
T0004787,C007317,ST0179,2025-01-22,Cash,138.33
T0004788,C006835,ST0077,2025-10-26,Credit Card,47.36
T0004789,C008477,ST0062,2026-05-06,Cash,14.24
T0004790,C005144,ST0166,2024-10-27,Cash,49.66
T0004791,C007219,ST0004,2025-10-03,Credit Card,244.84
T0004792,C006543,ST0071,2025-08-13,Mobile Payment,168.18
T0004793,C006825,ST0250,2026-04-24,Credit Card,104.06
T0004794,C003527,ST0344,2025-03-28,Cash,117.88
T0004795,C000751,ST0112,2024-08-28,Cash,180.86
T0004796,C002698,ST0313,2026-04-10,Mobile Payment,97.83
T0004797,C003038,ST0051,2025-01-14,Mobile Payment,151.07
T0004798,C009332,ST0012,2025-12-26,Mobile Payment,169.22
T0004799,C002472,ST0185,2024-09-01,Cash,58.4
T0004800,C002938,ST0053,2026-02-28,Credit Card,38.43
T0004801,C009295,ST0037,2024-11-30,Debit Card,212.34
T0004802,C007518,ST0052,2024-09-11,Credit Card,33.92
T0004803,C005067,ST0125,2025-08-16,Mobile Payment,235.92
T0004804,C008785,ST0296,2024-10-22,Cash,122.43
T0004805,C008179,ST0045,2025-10-07,Cash,246.03
T0004806,C006686,ST0233,2025-06-22,Debit Card,167.84
T0004807,C002633,ST0070,2025-08-19,Mobile Payment,73.79
T0004808,C006411,ST0350,2025-04-19,Credit Card,171.13
T0004809,C006465,ST0014,2025-12-25,Debit Card,86.13
T0004810,C004204,ST0329,2026-02-18,Mobile Payment,104.68
T0004811,C007657,ST0201,2025-01-05,Cash,132.94
T0004812,C005672,ST0222,2025-12-13,Cash,52.2
T0004813,C008566,ST0064,2026-05-09,Mobile Payment,8.01
T0004814,C008337,ST0061,2026-04-28,Mobile Payment,45.96
T0004815,C008083,ST0214,2025-04-04,Debit Card,66.77
T0004816,C006490,ST0060,2025-10-12,Debit Card,39.85
T0004817,C008486,ST0211,2025-10-14,Debit Card,196.18
T0004818,C007021,ST0297,2024-08-31,Credit Card,102.61
T0004819,C000091,ST0162,2026-04-17,Credit Card,101.32
T0004820,C000619,ST0046,2024-08-31,Debit Card,165.09
T0004821,C002885,ST0243,2026-06-21,Credit Card,191.71
T0004822,C008633,ST0012,2025-03-25,Credit Card,49.03
T0004823,C004884,ST0291,2024-08-10,Cash,238.97
T0004824,C001783,ST0226,2025-04-25,Debit Card,148.43
T0004825,C006402,ST0033,2024-08-02,Cash,188.67
T0004826,C008759,ST0140,2026-07-02,Cash,156.36
T0004827,C009223,ST0287,2025-04-07,Cash,224.34
T0004828,C002474,ST0188,2025-11-01,Credit Card,157.76
T0004829,C006185,ST0082,2026-03-08,Cash,141.75
T0004830,C004851,ST0311,2025-09-07,Debit Card,204.02
T0004831,C004040,ST0246,2025-07-24,Debit Card,154.45
T0004832,C001100,ST0171,2024-12-22,Mobile Payment,98.4
T0004833,C005017,ST0107,2025-04-28,Mobile Payment,230.69
T0004834,C008879,ST0085,2026-04-18,Credit Card,48.85
T0004835,C002818,ST0229,2026-04-29,Debit Card,82.25
T0004836,C005571,ST0108,2024-11-07,Debit Card,10.92
T0004837,C003707,ST0350,2024-08-10,Cash,37.37
T0004838,C004843,ST0328,2026-06-11,Cash,186.62
T0004839,C002975,ST0024,2026-01-06,Debit Card,107.08
T0004840,C000793,ST0150,2025-02-28,Mobile Payment,47.14
T0004841,C009032,ST0253,2025-01-17,Credit Card,207.08
T0004842,C002043,ST0173,2025-03-22,Cash,39.41
T0004843,C006785,ST0245,2024-10-18,Credit Card,223.88
T0004844,C003913,ST0132,2025-03-22,Cash,15.82
T0004845,C001257,ST0030,2025-12-08,Credit Card,57.28
T0004846,C001883,ST0213,2025-01-29,Cash,153.38
T0004847,C003767,ST0221,2025-01-15,Cash,41.04
T0004848,C006096,ST0234,2025-04-11,Mobile Payment,15.89
T0004849,C005907,ST0247,2026-06-25,Cash,204.86
T0004850,C000665,ST0235,2024-07-08,Credit Card,182.2
T0004851,C000507,ST0196,2025-10-20,Credit Card,104.15
T0004852,C003342,ST0224,2025-03-12,Credit Card,124.37
T0004853,C002556,ST0323,2025-04-24,Mobile Payment,178.17
T0004854,C005804,ST0091,2024-08-12,Debit Card,157.45
T0004855,C004101,ST0065,2025-08-04,Cash,104.09
T0004856,C007723,ST0056,2025-06-10,Mobile Payment,85.71
T0004857,C006392,ST0098,2025-04-08,Credit Card,109.95
T0004858,C008277,ST0091,2025-06-30,Credit Card,166.06
T0004859,C000934,ST0318,2025-08-01,Mobile Payment,123.09
T0004860,C008863,ST0195,2025-01-18,Credit Card,110.52
T0004861,C000417,ST0339,2025-02-08,Cash,210.18
T0004862,C007786,ST0246,2026-05-27,Credit Card,106.09
T0004863,C001939,ST0123,2025-07-23,Cash,108.6
T0004864,C000293,ST0124,2024-08-20,Credit Card,102.09
T0004865,C005352,ST0300,2025-10-19,Debit Card,215.97
T0004866,C006889,ST0022,2026-05-19,Credit Card,176.75
T0004867,C007512,ST0047,2024-11-02,Cash,6.66
T0004868,C002934,ST0240,2025-09-08,Mobile Payment,194.0
T0004869,C005896,ST0352,2026-01-19,Cash,102.19
T0004870,C007209,ST0018,2025-02-24,Debit Card,228.66
T0004871,C007499,ST0324,2025-05-26,Credit Card,103.23
T0004872,C009533,ST0007,2026-06-20,Cash,247.0
T0004873,C005925,ST0031,2026-05-14,Cash,55.57
T0004874,C007271,ST0107,2025-04-01,Mobile Payment,89.6
T0004875,C001327,ST0006,2025-02-18,Mobile Payment,26.9
T0004876,C009263,ST0006,2024-09-14,Mobile Payment,197.94
T0004877,C005640,ST0228,2026-01-31,Cash,18.59
T0004878,C000062,ST0208,2026-01-04,Mobile Payment,69.13
T0004879,C008664,ST0234,2025-06-01,Debit Card,148.63
T0004880,C001943,ST0172,2025-12-12,Debit Card,168.65
T0004881,C001954,ST0091,2025-02-21,Cash,90.86
T0004882,C002083,ST0343,2024-12-01,Credit Card,216.33
T0004883,C002904,ST0074,2025-06-29,Debit Card,19.76
T0004884,C001696,ST0194,2026-03-19,Mobile Payment,242.26
T0004885,C007957,ST0087,2026-05-10,Cash,163.6
T0004886,C007998,ST0111,2026-04-04,Mobile Payment,212.74
T0004887,C008952,ST0249,2025-09-14,Debit Card,22.15
T0004888,C003902,ST0294,2026-06-01,Mobile Payment,169.76
T0004889,C003678,ST0290,2024-07-19,Debit Card,121.34
T0004890,C009095,ST0132,2025-01-27,Cash,194.79
T0004891,C004687,ST0178,2025-09-12,Debit Card,101.39
T0004892,C000351,ST0118,2025-09-13,Debit Card,8.79
T0004893,C006463,ST0214,2025-09-15,Debit Card,182.93
T0004894,C000575,ST0098,2025-06-21,Credit Card,121.43
T0004895,C008514,ST0133,2026-01-13,Cash,169.86
T0004896,C005996,ST0350,2025-08-26,Debit Card,169.8
T0004897,C003236,ST0319,2025-08-14,Cash,213.82
T0004898,C004908,ST0046,2024-12-09,Cash,75.66
T0004899,C009674,ST0146,2025-01-16,Cash,23.48
T0004900,C005419,ST0216,2025-01-15,Debit Card,142.79
T0004901,C000101,ST0230,2024-09-26,Mobile Payment,33.58
T0004902,C008140,ST0241,2026-06-27,Debit Card,12.46
T0004903,C009163,ST0222,2026-01-12,Credit Card,193.95
T0004904,C000780,ST0231,2025-09-07,Credit Card,58.39
T0004905,C001528,ST0214,2026-02-23,Mobile Payment,134.32
T0004906,C007051,ST0115,2024-09-21,Mobile Payment,134.85
T0004907,C007661,ST0195,2025-03-06,Debit Card,90.97
T0004908,C009153,ST0064,2026-04-10,Credit Card,61.67
T0004909,C009270,ST0087,2025-05-25,Mobile Payment,91.1
T0004910,C005781,ST0099,2025-08-19,Cash,63.91
T0004911,C003517,ST0021,2024-10-16,Debit Card,120.91
T0004912,C004898,ST0062,2025-03-26,Debit Card,48.96
T0004913,C006956,ST0335,2024-11-07,Debit Card,68.06
T0004914,C007908,ST0110,2026-05-19,Cash,135.53
T0004915,C003865,ST0213,2026-02-25,Credit Card,152.16
T0004916,C008872,ST0166,2025-08-27,Cash,51.78
T0004917,C003083,ST0265,2026-03-10,Debit Card,249.32
T0004918,C002114,ST0316,2024-07-18,Credit Card,220.84
T0004919,C001991,ST0080,2025-01-16,Cash,28.11
T0004920,C006316,ST0108,2024-07-15,Cash,158.68
T0004921,C000553,ST0092,2024-07-31,Mobile Payment,13.42
T0004922,C004714,ST0116,2025-08-23,Cash,204.63
T0004923,C005431,ST0146,2026-04-12,Cash,38.95
T0004924,C009504,ST0299,2026-06-04,Credit Card,14.61
T0004925,C007195,ST0045,2025-01-22,Debit Card,19.71
T0004926,C005984,ST0265,2024-08-07,Mobile Payment,218.53
T0004927,C006736,ST0154,2025-09-28,Credit Card,91.34
T0004928,C005826,ST0316,2025-02-22,Mobile Payment,24.22
T0004929,C009245,ST0062,2024-10-10,Debit Card,82.48
T0004930,C006436,ST0119,2025-01-05,Credit Card,68.81
T0004931,C002264,ST0112,2024-08-26,Mobile Payment,246.99
T0004932,C006164,ST0027,2025-07-20,Cash,148.25
T0004933,C005290,ST0047,2025-07-24,Debit Card,124.4
T0004934,C009103,ST0273,2026-04-16,Cash,143.76
T0004935,C005983,ST0215,2024-09-05,Debit Card,243.25
T0004936,C009580,ST0162,2025-10-13,Cash,93.86
T0004937,C003443,ST0141,2024-07-27,Credit Card,138.97
T0004938,C000188,ST0216,2025-11-27,Cash,245.24
T0004939,C002497,ST0027,2025-09-24,Credit Card,196.46
T0004940,C009332,ST0202,2025-04-02,Debit Card,14.27
T0004941,C002836,ST0320,2025-12-04,Credit Card,95.62
T0004942,C009325,ST0205,2025-10-26,Mobile Payment,29.97
T0004943,C006910,ST0164,2025-01-11,Credit Card,138.66
T0004944,C000451,ST0325,2025-05-13,Mobile Payment,177.92
T0004945,C008410,ST0021,2024-08-05,Credit Card,155.84
T0004946,C001813,ST0290,2026-03-20,Mobile Payment,108.49
T0004947,C003395,ST0221,2025-10-13,Cash,63.35
T0004948,C007283,ST0054,2026-01-30,Credit Card,129.04
T0004949,C005410,ST0147,2026-02-16,Mobile Payment,112.0
T0004950,C004161,ST0039,2025-12-22,Cash,11.23
T0004951,C007258,ST0055,2025-12-15,Credit Card,109.1
T0004952,C004268,ST0190,2026-03-22,Debit Card,246.93
T0004953,C006502,ST0109,2024-12-17,Mobile Payment,153.48
T0004954,C008264,ST0344,2025-10-12,Debit Card,48.67
T0004955,C006555,ST0263,2024-12-31,Cash,241.74
T0004956,C004580,ST0055,2024-08-21,Credit Card,188.57
T0004957,C009441,ST0146,2026-01-08,Mobile Payment,248.12
T0004958,C008682,ST0179,2025-11-16,Mobile Payment,199.86
T0004959,C004680,ST0105,2025-07-12,Cash,60.58
T0004960,C002664,ST0042,2026-05-30,Cash,38.2
T0004961,C002050,ST0005,2025-01-07,Cash,30.12
T0004962,C001602,ST0028,2025-04-13,Mobile Payment,249.93
T0004963,C002558,ST0284,2025-09-05,Debit Card,196.26
T0004964,C004458,ST0129,2024-07-27,Debit Card,115.49
T0004965,C008766,ST0267,2025-08-08,Cash,167.53
T0004966,C006754,ST0314,2024-12-24,Credit Card,107.46
T0004967,C009317,ST0057,2026-03-21,Credit Card,105.09
T0004968,C008844,ST0343,2024-11-11,Credit Card,185.78
T0004969,C009329,ST0075,2025-05-16,Debit Card,216.67
T0004970,C003815,ST0162,2024-12-21,Debit Card,88.56
T0004971,C003395,ST0032,2024-11-07,Cash,235.61
T0004972,C005140,ST0273,2025-12-09,Mobile Payment,40.95
T0004973,C004945,ST0115,2026-07-07,Mobile Payment,224.78
T0004974,C009368,ST0152,2024-07-08,Credit Card,192.97
T0004975,C007263,ST0113,2025-08-01,Cash,209.5
T0004976,C001803,ST0272,2025-02-16,Debit Card,47.31
T0004977,C004332,ST0116,2025-06-08,Credit Card,200.71
T0004978,C000639,ST0049,2024-09-28,Credit Card,167.48
T0004979,C005055,ST0018,2026-03-14,Credit Card,116.8
T0004980,C006966,ST0160,2025-12-29,Cash,202.87
T0004981,C006951,ST0083,2025-02-04,Mobile Payment,209.94
T0004982,C008706,ST0342,2026-01-17,Debit Card,157.7
T0004983,C005106,ST0209,2024-08-29,Debit Card,179.98
T0004984,C000108,ST0151,2025-04-05,Mobile Payment,136.69
T0004985,C006008,ST0027,2025-09-20,Credit Card,223.7
T0004986,C008041,ST0262,2024-12-04,Mobile Payment,23.78
T0004987,C001192,ST0310,2026-03-22,Mobile Payment,160.15
T0004988,C004147,ST0196,2025-07-30,Debit Card,203.74
T0004989,C000898,ST0271,2024-07-28,Debit Card,212.03
T0004990,C009854,ST0137,2024-10-08,Credit Card,235.84
T0004991,C000939,ST0188,2024-11-09,Cash,179.63
T0004992,C002145,ST0104,2026-07-03,Credit Card,39.81
T0004993,C007527,ST0151,2024-12-31,Cash,128.2
T0004994,C005429,ST0025,2025-02-27,Cash,126.07
T0004995,C000982,ST0318,2025-03-31,Credit Card,127.8
T0004996,C004225,ST0174,2025-08-04,Mobile Payment,248.24
T0004997,C008430,ST0168,2026-03-23,Credit Card,111.12
T0004998,C000518,ST0286,2025-12-07,Cash,68.02
T0004999,C003301,ST0099,2025-12-03,Credit Card,75.94
T0005000,C003186,ST0221,2025-02-20,Mobile Payment,10.61
