transaction_item_id,transaction_id,product_id,quantity,unit_price,line_total
TI00000001,T0000001,P000010,2,43.23,86.46
TI00000002,T0000001,P000011,3,19.19,57.57
TI00000003,T0000001,P000019,3,32.28,96.84
TI00000004,T0000001,P000016,3,49.09,147.27
TI00000005,T0000002,P000006,4,9.16,36.64
TI00000006,T0000003,P000007,3,44.35,133.05
TI00000007,T0000003,P000013,3,13.19,39.57
TI00000008,T0000004,P000006,1,9.16,9.16
TI00000009,T0000005,P000009,1,33.09,33.09
TI00000010,T0000005,P000016,4,49.09,196.36
TI00000011,T0000005,P000004,1,39.36,39.36
TI00000012,T0000006,P000004,2,39.36,78.72
TI00000013,T0000006,P000019,3,32.28,96.84
TI00000014,T0000006,P000007,4,44.35,177.4
TI00000015,T0000007,P000010,4,43.23,172.92
TI00000016,T0000007,P000013,2,13.19,26.38
TI00000017,T0000007,P000012,1,42.38,42.38
TI00000018,T0000007,P000011,3,19.19,57.57
TI00000019,T0000007,P000006,1,9.16,9.16
TI00000020,T0000008,P000012,4,42.38,169.52
TI00000021,T0000009,P000020,2,58.91,117.82
TI00000022,T0000009,P000019,4,32.28,129.12
TI00000023,T0000010,P000017,1,43.77,43.77
TI00000024,T0000010,P000015,2,49.37,98.74
TI00000025,T0000010,P000005,4,49.07,196.28
TI00000026,T0000010,P000003,4,10.3,41.2
TI00000027,T0000010,P000011,4,19.19,76.76
TI00000028,T0000011,P000011,1,19.19,19.19
TI00000029,T0000011,P000018,2,32.67,65.34
TI00000030,T0000012,P000004,1,39.36,39.36
TI00000031,T0000012,P000019,1,32.28,32.28
TI00000032,T0000012,P000011,2,19.19,38.38
TI00000033,T0000012,P000002,3,56.39,169.17
TI00000034,T0000013,P000008,1,52.62,52.62
TI00000035,T0000013,P000007,1,44.35,44.35
TI00000036,T0000013,P000003,4,10.3,41.2
TI00000037,T0000013,P000017,4,43.77,175.08
TI00000038,T0000014,P000011,2,19.19,38.38
TI00000039,T0000014,P000010,2,43.23,86.46
TI00000040,T0000015,P000001,2,27.25,54.5
TI00000041,T0000015,P000003,1,10.3,10.3
TI00000042,T0000015,P000014,1,24.75,24.75
TI00000043,T0000015,P000015,1,49.37,49.37
TI00000044,T0000016,P000017,1,43.77,43.77
TI00000045,T0000017,P000015,3,49.37,148.11
TI00000046,T0000017,P000004,1,39.36,39.36
TI00000047,T0000017,P000014,1,24.75,24.75
TI00000048,T0000017,P000013,4,13.19,52.76
TI00000049,T0000017,P000006,2,9.16,18.32
TI00000050,T0000018,P000015,4,49.37,197.48
TI00000051,T0000018,P000016,2,49.09,98.18
TI00000052,T0000019,P000005,2,49.07,98.14
TI00000053,T0000020,P000018,1,32.67,32.67
TI00000054,T0000020,P000012,3,42.38,127.14
TI00000055,T0000020,P000014,1,24.75,24.75
TI00000056,T0000020,P000009,3,33.09,99.27
TI00000057,T0000021,P000020,3,58.91,176.73
TI00000058,T0000021,P000008,1,52.62,52.62
TI00000059,T0000021,P000003,3,10.3,30.9
TI00000060,T0000022,P000005,3,49.07,147.21
TI00000061,T0000022,P000003,3,10.3,30.9
TI00000062,T0000022,P000013,3,13.19,39.57
TI00000063,T0000022,P000015,2,49.37,98.74
TI00000064,T0000023,P000001,3,27.25,81.75
TI00000065,T0000023,P000018,4,32.67,130.68
TI00000066,T0000023,P000010,4,43.23,172.92
TI00000067,T0000023,P000002,3,56.39,169.17
TI00000068,T0000023,P000015,3,49.37,148.11
TI00000069,T0000024,P000006,2,9.16,18.32
TI00000070,T0000024,P000002,4,56.39,225.56
TI00000071,T0000024,P000013,3,13.19,39.57
TI00000072,T0000024,P000004,2,39.36,78.72
TI00000073,T0000024,P000011,1,19.19,19.19
TI00000074,T0000025,P000018,2,32.67,65.34
TI00000075,T0000026,P000012,4,42.38,169.52
TI00000076,T0000026,P000007,4,44.35,177.4
TI00000077,T0000027,P000009,1,33.09,33.09
TI00000078,T0000027,P000015,2,49.37,98.74
TI00000079,T0000027,P000019,3,32.28,96.84
TI00000080,T0000027,P000005,4,49.07,196.28
TI00000081,T0000027,P000002,1,56.39,56.39
TI00000082,T0000028,P000004,2,39.36,78.72
TI00000083,T0000028,P000010,1,43.23,43.23
TI00000084,T0000028,P000020,3,58.91,176.73
TI00000085,T0000028,P000009,4,33.09,132.36
TI00000086,T0000029,P000015,3,49.37,148.11
TI00000087,T0000029,P000006,3,9.16,27.48
TI00000088,T0000029,P000013,4,13.19,52.76
TI00000089,T0000030,P000009,2,33.09,66.18
TI00000090,T0000031,P000018,1,32.67,32.67
TI00000091,T0000031,P000019,1,32.28,32.28
TI00000092,T0000031,P000011,1,19.19,19.19
TI00000093,T0000031,P000004,3,39.36,118.08
TI00000094,T0000032,P000005,4,49.07,196.28
TI00000095,T0000032,P000020,1,58.91,58.91
TI00000096,T0000032,P000010,3,43.23,129.69
TI00000097,T0000032,P000017,1,43.77,43.77
TI00000098,T0000032,P000014,1,24.75,24.75
TI00000099,T0000033,P000019,1,32.28,32.28
TI00000100,T0000033,P000007,3,44.35,133.05
TI00000101,T0000033,P000008,4,52.62,210.48
TI00000102,T0000033,P000020,1,58.91,58.91
TI00000103,T0000034,P000016,3,49.09,147.27
TI00000104,T0000034,P000009,3,33.09,99.27
TI00000105,T0000034,P000004,3,39.36,118.08
TI00000106,T0000034,P000019,1,32.28,32.28
TI00000107,T0000035,P000004,4,39.36,157.44
TI00000108,T0000035,P000012,2,42.38,84.76
TI00000109,T0000036,P000019,2,32.28,64.56
TI00000110,T0000036,P000002,2,56.39,112.78
TI00000111,T0000036,P000008,4,52.62,210.48
TI00000112,T0000036,P000017,4,43.77,175.08
TI00000113,T0000037,P000016,2,49.09,98.18
TI00000114,T0000038,P000005,3,49.07,147.21
TI00000115,T0000038,P000008,1,52.62,52.62
TI00000116,T0000039,P000012,3,42.38,127.14
TI00000117,T0000040,P000008,3,52.62,157.86
TI00000118,T0000041,P000016,2,49.09,98.18
TI00000119,T0000041,P000001,2,27.25,54.5
TI00000120,T0000042,P000019,1,32.28,32.28
TI00000121,T0000042,P000002,2,56.39,112.78
TI00000122,T0000042,P000015,3,49.37,148.11
TI00000123,T0000042,P000011,1,19.19,19.19
TI00000124,T0000042,P000014,4,24.75,99.0
TI00000125,T0000043,P000011,1,19.19,19.19
TI00000126,T0000043,P000014,2,24.75,49.5
TI00000127,T0000043,P000015,4,49.37,197.48
TI00000128,T0000043,P000013,3,13.19,39.57
TI00000129,T0000043,P000009,2,33.09,66.18
TI00000130,T0000044,P000018,4,32.67,130.68
TI00000131,T0000044,P000004,2,39.36,78.72
TI00000132,T0000044,P000011,3,19.19,57.57
TI00000133,T0000044,P000020,3,58.91,176.73
TI00000134,T0000045,P000004,2,39.36,78.72
TI00000135,T0000045,P000017,3,43.77,131.31
TI00000136,T0000045,P000014,3,24.75,74.25
TI00000137,T0000046,P000014,1,24.75,24.75
TI00000138,T0000046,P000004,1,39.36,39.36
TI00000139,T0000046,P000006,2,9.16,18.32
TI00000140,T0000046,P000003,4,10.3,41.2
TI00000141,T0000047,P000018,1,32.67,32.67
TI00000142,T0000047,P000006,3,9.16,27.48
TI00000143,T0000047,P000015,2,49.37,98.74
TI00000144,T0000047,P000003,3,10.3,30.9
TI00000145,T0000048,P000010,2,43.23,86.46
TI00000146,T0000048,P000019,2,32.28,64.56
TI00000147,T0000049,P000017,1,43.77,43.77
TI00000148,T0000049,P000014,2,24.75,49.5
TI00000149,T0000049,P000010,1,43.23,43.23
TI00000150,T0000050,P000007,4,44.35,177.4
TI00000151,T0000050,P000011,1,19.19,19.19
TI00000152,T0000050,P000010,2,43.23,86.46
TI00000153,T0000050,P000012,2,42.38,84.76
TI00000154,T0000050,P000017,3,43.77,131.31
TI00000155,T0000051,P000018,4,32.67,130.68
TI00000156,T0000051,P000008,4,52.62,210.48
TI00000157,T0000052,P000009,2,33.09,66.18
TI00000158,T0000052,P000017,3,43.77,131.31
TI00000159,T0000052,P000010,2,43.23,86.46
TI00000160,T0000052,P000019,2,32.28,64.56
TI00000161,T0000053,P000018,4,32.67,130.68
TI00000162,T0000053,P000017,4,43.77,175.08
TI00000163,T0000053,P000015,3,49.37,148.11
TI00000164,T0000054,P000001,2,27.25,54.5
TI00000165,T0000054,P000016,3,49.09,147.27
TI00000166,T0000054,P000004,4,39.36,157.44
TI00000167,T0000054,P000003,1,10.3,10.3
TI00000168,T0000055,P000006,4,9.16,36.64
TI00000169,T0000055,P000010,1,43.23,43.23
TI00000170,T0000056,P000015,3,49.37,148.11
TI00000171,T0000056,P000001,1,27.25,27.25
TI00000172,T0000056,P000006,2,9.16,18.32
TI00000173,T0000056,P000019,3,32.28,96.84
TI00000174,T0000057,P000009,1,33.09,33.09
TI00000175,T0000058,P000013,4,13.19,52.76
TI00000176,T0000058,P000008,3,52.62,157.86
TI00000177,T0000058,P000007,3,44.35,133.05
TI00000178,T0000059,P000012,3,42.38,127.14
TI00000179,T0000059,P000001,4,27.25,109.0
TI00000180,T0000059,P000019,2,32.28,64.56
TI00000181,T0000060,P000005,2,49.07,98.14
TI00000182,T0000060,P000014,4,24.75,99.0
TI00000183,T0000060,P000019,4,32.28,129.12
TI00000184,T0000061,P000006,2,9.16,18.32
TI00000185,T0000062,P000019,4,32.28,129.12
TI00000186,T0000062,P000012,2,42.38,84.76
TI00000187,T0000063,P000010,2,43.23,86.46
TI00000188,T0000063,P000005,4,49.07,196.28
TI00000189,T0000064,P000003,1,10.3,10.3
TI00000190,T0000064,P000015,4,49.37,197.48
TI00000191,T0000064,P000012,1,42.38,42.38
TI00000192,T0000065,P000001,4,27.25,109.0
TI00000193,T0000065,P000018,1,32.67,32.67
TI00000194,T0000066,P000020,4,58.91,235.64
TI00000195,T0000066,P000006,1,9.16,9.16
TI00000196,T0000066,P000017,2,43.77,87.54
TI00000197,T0000066,P000004,4,39.36,157.44
TI00000198,T0000067,P000014,3,24.75,74.25
TI00000199,T0000067,P000018,4,32.67,130.68
TI00000200,T0000067,P000012,3,42.38,127.14
TI00000201,T0000067,P000015,2,49.37,98.74
TI00000202,T0000067,P000010,2,43.23,86.46
TI00000203,T0000068,P000008,1,52.62,52.62
TI00000204,T0000068,P000013,1,13.19,13.19
TI00000205,T0000068,P000012,3,42.38,127.14
TI00000206,T0000068,P000003,2,10.3,20.6
TI00000207,T0000068,P000009,3,33.09,99.27
TI00000208,T0000069,P000007,4,44.35,177.4
TI00000209,T0000069,P000008,1,52.62,52.62
TI00000210,T0000069,P000012,4,42.38,169.52
TI00000211,T0000069,P000014,2,24.75,49.5
TI00000212,T0000070,P000003,4,10.3,41.2
TI00000213,T0000071,P000018,3,32.67,98.01
TI00000214,T0000071,P000013,1,13.19,13.19
TI00000215,T0000072,P000010,1,43.23,43.23
TI00000216,T0000072,P000002,1,56.39,56.39
TI00000217,T0000072,P000018,3,32.67,98.01
TI00000218,T0000072,P000015,2,49.37,98.74
TI00000219,T0000072,P000006,3,9.16,27.48
TI00000220,T0000073,P000009,4,33.09,132.36
TI00000221,T0000073,P000010,4,43.23,172.92
TI00000222,T0000074,P000001,1,27.25,27.25
TI00000223,T0000074,P000014,2,24.75,49.5
TI00000224,T0000075,P000008,4,52.62,210.48
TI00000225,T0000076,P000016,3,49.09,147.27
TI00000226,T0000077,P000014,3,24.75,74.25
TI00000227,T0000077,P000010,3,43.23,129.69
TI00000228,T0000078,P000017,2,43.77,87.54
TI00000229,T0000078,P000013,4,13.19,52.76
TI00000230,T0000079,P000001,3,27.25,81.75
TI00000231,T0000079,P000011,3,19.19,57.57
TI00000232,T0000079,P000016,4,49.09,196.36
TI00000233,T0000080,P000019,2,32.28,64.56
TI00000234,T0000080,P000003,4,10.3,41.2
TI00000235,T0000080,P000002,4,56.39,225.56
TI00000236,T0000081,P000015,3,49.37,148.11
TI00000237,T0000081,P000001,4,27.25,109.0
TI00000238,T0000081,P000008,1,52.62,52.62
TI00000239,T0000081,P000018,2,32.67,65.34
TI00000240,T0000082,P000016,3,49.09,147.27
TI00000241,T0000082,P000009,1,33.09,33.09
TI00000242,T0000082,P000004,4,39.36,157.44
TI00000243,T0000082,P000018,4,32.67,130.68
TI00000244,T0000083,P000016,4,49.09,196.36
TI00000245,T0000083,P000008,2,52.62,105.24
TI00000246,T0000083,P000001,4,27.25,109.0
TI00000247,T0000083,P000020,4,58.91,235.64
TI00000248,T0000083,P000003,4,10.3,41.2
TI00000249,T0000084,P000019,4,32.28,129.12
TI00000250,T0000085,P000007,2,44.35,88.7
TI00000251,T0000085,P000014,1,24.75,24.75
TI00000252,T0000086,P000017,1,43.77,43.77
TI00000253,T0000086,P000010,3,43.23,129.69
TI00000254,T0000087,P000011,1,19.19,19.19
TI00000255,T0000087,P000001,4,27.25,109.0
TI00000256,T0000088,P000002,4,56.39,225.56
TI00000257,T0000088,P000017,2,43.77,87.54
TI00000258,T0000088,P000009,1,33.09,33.09
TI00000259,T0000088,P000005,3,49.07,147.21
TI00000260,T0000089,P000006,4,9.16,36.64
TI00000261,T0000089,P000015,1,49.37,49.37
TI00000262,T0000089,P000017,4,43.77,175.08
TI00000263,T0000089,P000005,3,49.07,147.21
TI00000264,T0000090,P000002,3,56.39,169.17
TI00000265,T0000090,P000004,4,39.36,157.44
TI00000266,T0000090,P000020,1,58.91,58.91
TI00000267,T0000090,P000013,2,13.19,26.38
TI00000268,T0000090,P000008,4,52.62,210.48
TI00000269,T0000091,P000017,1,43.77,43.77
TI00000270,T0000091,P000007,3,44.35,133.05
TI00000271,T0000091,P000004,2,39.36,78.72
TI00000272,T0000092,P000005,3,49.07,147.21
TI00000273,T0000092,P000011,2,19.19,38.38
TI00000274,T0000092,P000003,4,10.3,41.2
TI00000275,T0000092,P000007,1,44.35,44.35
TI00000276,T0000093,P000008,2,52.62,105.24
TI00000277,T0000093,P000002,3,56.39,169.17
TI00000278,T0000093,P000012,3,42.38,127.14
TI00000279,T0000094,P000002,2,56.39,112.78
TI00000280,T0000095,P000009,3,33.09,99.27
TI00000281,T0000095,P000010,3,43.23,129.69
TI00000282,T0000096,P000005,2,49.07,98.14
TI00000283,T0000096,P000003,2,10.3,20.6
TI00000284,T0000097,P000007,2,44.35,88.7
TI00000285,T0000097,P000013,3,13.19,39.57
TI00000286,T0000097,P000020,2,58.91,117.82
TI00000287,T0000097,P000002,2,56.39,112.78
TI00000288,T0000098,P000013,4,13.19,52.76
TI00000289,T0000099,P000003,4,10.3,41.2
TI00000290,T0000099,P000011,1,19.19,19.19
TI00000291,T0000099,P000017,2,43.77,87.54
TI00000292,T0000099,P000015,2,49.37,98.74
TI00000293,T0000100,P000018,2,32.67,65.34
TI00000294,T0000100,P000005,1,49.07,49.07
TI00000295,T0000101,P000009,4,33.09,132.36
TI00000296,T0000102,P000010,1,43.23,43.23
TI00000297,T0000102,P000019,3,32.28,96.84
TI00000298,T0000102,P000016,4,49.09,196.36
TI00000299,T0000102,P000020,4,58.91,235.64
TI00000300,T0000103,P000020,2,58.91,117.82
TI00000301,T0000103,P000016,4,49.09,196.36
TI00000302,T0000103,P000012,4,42.38,169.52
TI00000303,T0000103,P000004,3,39.36,118.08
TI00000304,T0000103,P000007,1,44.35,44.35
TI00000305,T0000104,P000011,4,19.19,76.76
TI00000306,T0000104,P000006,3,9.16,27.48
TI00000307,T0000104,P000016,1,49.09,49.09
TI00000308,T0000105,P000014,2,24.75,49.5
TI00000309,T0000105,P000006,4,9.16,36.64
TI00000310,T0000105,P000020,1,58.91,58.91
TI00000311,T0000105,P000013,2,13.19,26.38
TI00000312,T0000106,P000012,2,42.38,84.76
TI00000313,T0000107,P000020,3,58.91,176.73
TI00000314,T0000107,P000018,2,32.67,65.34
TI00000315,T0000107,P000002,2,56.39,112.78
TI00000316,T0000107,P000007,1,44.35,44.35
TI00000317,T0000107,P000013,1,13.19,13.19
TI00000318,T0000108,P000002,4,56.39,225.56
TI00000319,T0000108,P000017,3,43.77,131.31
TI00000320,T0000108,P000013,4,13.19,52.76
TI00000321,T0000109,P000010,3,43.23,129.69
TI00000322,T0000109,P000003,1,10.3,10.3
TI00000323,T0000109,P000019,4,32.28,129.12
TI00000324,T0000110,P000016,1,49.09,49.09
TI00000325,T0000110,P000013,4,13.19,52.76
TI00000326,T0000110,P000019,2,32.28,64.56
TI00000327,T0000110,P000005,1,49.07,49.07
TI00000328,T0000111,P000010,1,43.23,43.23
TI00000329,T0000112,P000012,3,42.38,127.14
TI00000330,T0000112,P000006,1,9.16,9.16
TI00000331,T0000113,P000001,1,27.25,27.25
TI00000332,T0000113,P000006,3,9.16,27.48
TI00000333,T0000113,P000007,2,44.35,88.7
TI00000334,T0000113,P000005,2,49.07,98.14
TI00000335,T0000114,P000012,3,42.38,127.14
TI00000336,T0000115,P000013,2,13.19,26.38
TI00000337,T0000115,P000006,4,9.16,36.64
TI00000338,T0000115,P000007,3,44.35,133.05
TI00000339,T0000115,P000014,3,24.75,74.25
TI00000340,T0000116,P000014,3,24.75,74.25
TI00000341,T0000116,P000018,4,32.67,130.68
TI00000342,T0000116,P000013,3,13.19,39.57
TI00000343,T0000117,P000003,4,10.3,41.2
TI00000344,T0000117,P000006,1,9.16,9.16
TI00000345,T0000117,P000019,2,32.28,64.56
TI00000346,T0000118,P000007,3,44.35,133.05
TI00000347,T0000119,P000014,1,24.75,24.75
TI00000348,T0000119,P000015,4,49.37,197.48
TI00000349,T0000119,P000020,1,58.91,58.91
TI00000350,T0000119,P000013,4,13.19,52.76
TI00000351,T0000120,P000009,2,33.09,66.18
TI00000352,T0000120,P000019,4,32.28,129.12
TI00000353,T0000120,P000002,4,56.39,225.56
TI00000354,T0000120,P000012,2,42.38,84.76
TI00000355,T0000120,P000011,1,19.19,19.19
TI00000356,T0000121,P000010,2,43.23,86.46
TI00000357,T0000121,P000006,4,9.16,36.64
TI00000358,T0000121,P000008,1,52.62,52.62
TI00000359,T0000122,P000015,1,49.37,49.37
TI00000360,T0000122,P000001,2,27.25,54.5
TI00000361,T0000122,P000007,1,44.35,44.35
TI00000362,T0000122,P000010,2,43.23,86.46
TI00000363,T0000123,P000001,3,27.25,81.75
TI00000364,T0000123,P000008,2,52.62,105.24
TI00000365,T0000124,P000013,4,13.19,52.76
TI00000366,T0000124,P000018,1,32.67,32.67
TI00000367,T0000125,P000007,3,44.35,133.05
TI00000368,T0000126,P000011,4,19.19,76.76
TI00000369,T0000126,P000005,1,49.07,49.07
TI00000370,T0000126,P000020,4,58.91,235.64
TI00000371,T0000126,P000001,3,27.25,81.75
TI00000372,T0000126,P000018,1,32.67,32.67
TI00000373,T0000127,P000018,1,32.67,32.67
TI00000374,T0000127,P000001,3,27.25,81.75
TI00000375,T0000127,P000006,2,9.16,18.32
TI00000376,T0000127,P000013,4,13.19,52.76
TI00000377,T0000127,P000019,4,32.28,129.12
TI00000378,T0000128,P000005,3,49.07,147.21
TI00000379,T0000129,P000018,2,32.67,65.34
TI00000380,T0000129,P000008,3,52.62,157.86
TI00000381,T0000129,P000016,2,49.09,98.18
TI00000382,T0000130,P000020,3,58.91,176.73
TI00000383,T0000130,P000001,2,27.25,54.5
TI00000384,T0000130,P000007,3,44.35,133.05
TI00000385,T0000130,P000005,2,49.07,98.14
TI00000386,T0000131,P000020,2,58.91,117.82
TI00000387,T0000131,P000007,3,44.35,133.05
TI00000388,T0000131,P000004,2,39.36,78.72
TI00000389,T0000131,P000018,2,32.67,65.34
TI00000390,T0000131,P000008,1,52.62,52.62
TI00000391,T0000132,P000019,4,32.28,129.12
TI00000392,T0000132,P000009,3,33.09,99.27
TI00000393,T0000133,P000014,2,24.75,49.5
TI00000394,T0000133,P000010,3,43.23,129.69
TI00000395,T0000134,P000003,4,10.3,41.2
TI00000396,T0000134,P000007,3,44.35,133.05
TI00000397,T0000134,P000015,4,49.37,197.48
TI00000398,T0000135,P000012,2,42.38,84.76
TI00000399,T0000135,P000002,2,56.39,112.78
TI00000400,T0000135,P000005,3,49.07,147.21
TI00000401,T0000135,P000003,2,10.3,20.6
TI00000402,T0000136,P000018,2,32.67,65.34
TI00000403,T0000137,P000006,3,9.16,27.48
TI00000404,T0000137,P000014,3,24.75,74.25
TI00000405,T0000137,P000018,1,32.67,32.67
TI00000406,T0000137,P000009,2,33.09,66.18
TI00000407,T0000138,P000009,4,33.09,132.36
TI00000408,T0000138,P000015,1,49.37,49.37
TI00000409,T0000138,P000005,3,49.07,147.21
TI00000410,T0000139,P000011,1,19.19,19.19
TI00000411,T0000139,P000020,2,58.91,117.82
TI00000412,T0000139,P000018,1,32.67,32.67
TI00000413,T0000140,P000010,4,43.23,172.92
TI00000414,T0000140,P000003,3,10.3,30.9
TI00000415,T0000140,P000001,2,27.25,54.5
TI00000416,T0000140,P000007,1,44.35,44.35
TI00000417,T0000141,P000002,3,56.39,169.17
TI00000418,T0000141,P000017,4,43.77,175.08
TI00000419,T0000141,P000020,4,58.91,235.64
TI00000420,T0000141,P000011,4,19.19,76.76
TI00000421,T0000142,P000001,4,27.25,109.0
TI00000422,T0000142,P000012,4,42.38,169.52
TI00000423,T0000143,P000014,1,24.75,24.75
TI00000424,T0000143,P000015,1,49.37,49.37
TI00000425,T0000143,P000018,3,32.67,98.01
TI00000426,T0000143,P000020,4,58.91,235.64
TI00000427,T0000143,P000009,2,33.09,66.18
TI00000428,T0000144,P000020,3,58.91,176.73
TI00000429,T0000144,P000003,1,10.3,10.3
TI00000430,T0000144,P000017,2,43.77,87.54
TI00000431,T0000145,P000016,1,49.09,49.09
TI00000432,T0000146,P000020,3,58.91,176.73
TI00000433,T0000146,P000006,1,9.16,9.16
TI00000434,T0000146,P000016,4,49.09,196.36
TI00000435,T0000146,P000018,3,32.67,98.01
TI00000436,T0000146,P000017,2,43.77,87.54
TI00000437,T0000147,P000012,1,42.38,42.38
TI00000438,T0000147,P000011,1,19.19,19.19
TI00000439,T0000147,P000016,3,49.09,147.27
TI00000440,T0000147,P000010,3,43.23,129.69
TI00000441,T0000148,P000014,3,24.75,74.25
TI00000442,T0000149,P000019,2,32.28,64.56
TI00000443,T0000149,P000017,1,43.77,43.77
TI00000444,T0000149,P000018,2,32.67,65.34
TI00000445,T0000150,P000011,2,19.19,38.38
TI00000446,T0000150,P000012,4,42.38,169.52
TI00000447,T0000150,P000013,1,13.19,13.19
TI00000448,T0000150,P000005,3,49.07,147.21
TI00000449,T0000151,P000008,4,52.62,210.48
TI00000450,T0000151,P000010,2,43.23,86.46
TI00000451,T0000151,P000013,2,13.19,26.38
TI00000452,T0000152,P000004,1,39.36,39.36
TI00000453,T0000152,P000014,1,24.75,24.75
TI00000454,T0000152,P000010,3,43.23,129.69
TI00000455,T0000153,P000020,2,58.91,117.82
TI00000456,T0000153,P000009,3,33.09,99.27
TI00000457,T0000153,P000005,3,49.07,147.21
TI00000458,T0000153,P000007,1,44.35,44.35
TI00000459,T0000154,P000004,3,39.36,118.08
TI00000460,T0000154,P000019,3,32.28,96.84
TI00000461,T0000154,P000003,2,10.3,20.6
TI00000462,T0000154,P000009,2,33.09,66.18
TI00000463,T0000154,P000011,4,19.19,76.76
TI00000464,T0000155,P000017,4,43.77,175.08
TI00000465,T0000155,P000015,1,49.37,49.37
TI00000466,T0000155,P000005,3,49.07,147.21
TI00000467,T0000155,P000002,2,56.39,112.78
TI00000468,T0000155,P000009,4,33.09,132.36
TI00000469,T0000156,P000008,3,52.62,157.86
TI00000470,T0000156,P000010,2,43.23,86.46
TI00000471,T0000157,P000001,1,27.25,27.25
TI00000472,T0000157,P000009,2,33.09,66.18
TI00000473,T0000157,P000016,3,49.09,147.27
TI00000474,T0000157,P000007,2,44.35,88.7
TI00000475,T0000157,P000014,1,24.75,24.75
TI00000476,T0000158,P000017,1,43.77,43.77
TI00000477,T0000158,P000001,2,27.25,54.5
TI00000478,T0000158,P000010,4,43.23,172.92
TI00000479,T0000158,P000015,4,49.37,197.48
TI00000480,T0000158,P000012,1,42.38,42.38
TI00000481,T0000159,P000004,2,39.36,78.72
TI00000482,T0000159,P000019,4,32.28,129.12
TI00000483,T0000160,P000009,1,33.09,33.09
TI00000484,T0000160,P000007,3,44.35,133.05
TI00000485,T0000160,P000002,2,56.39,112.78
TI00000486,T0000161,P000020,1,58.91,58.91
TI00000487,T0000161,P000012,1,42.38,42.38
TI00000488,T0000161,P000003,2,10.3,20.6
TI00000489,T0000162,P000005,1,49.07,49.07
TI00000490,T0000163,P000012,4,42.38,169.52
TI00000491,T0000163,P000011,2,19.19,38.38
TI00000492,T0000163,P000019,4,32.28,129.12
TI00000493,T0000163,P000006,4,9.16,36.64
TI00000494,T0000164,P000001,1,27.25,27.25
TI00000495,T0000164,P000005,4,49.07,196.28
TI00000496,T0000165,P000001,2,27.25,54.5
TI00000497,T0000165,P000019,1,32.28,32.28
TI00000498,T0000166,P000016,4,49.09,196.36
TI00000499,T0000166,P000005,1,49.07,49.07
TI00000500,T0000166,P000019,4,32.28,129.12
TI00000501,T0000166,P000007,4,44.35,177.4
TI00000502,T0000166,P000001,3,27.25,81.75
TI00000503,T0000167,P000014,2,24.75,49.5
TI00000504,T0000168,P000016,1,49.09,49.09
TI00000505,T0000168,P000014,3,24.75,74.25
TI00000506,T0000169,P000018,3,32.67,98.01
TI00000507,T0000169,P000011,4,19.19,76.76
TI00000508,T0000169,P000017,3,43.77,131.31
TI00000509,T0000169,P000007,1,44.35,44.35
TI00000510,T0000169,P000019,3,32.28,96.84
TI00000511,T0000170,P000020,1,58.91,58.91
TI00000512,T0000170,P000005,4,49.07,196.28
TI00000513,T0000170,P000007,1,44.35,44.35
TI00000514,T0000170,P000003,4,10.3,41.2
TI00000515,T0000171,P000016,2,49.09,98.18
TI00000516,T0000171,P000019,1,32.28,32.28
TI00000517,T0000172,P000018,4,32.67,130.68
TI00000518,T0000172,P000001,2,27.25,54.5
TI00000519,T0000172,P000014,1,24.75,24.75
TI00000520,T0000172,P000006,1,9.16,9.16
TI00000521,T0000173,P000012,3,42.38,127.14
TI00000522,T0000173,P000019,3,32.28,96.84
TI00000523,T0000173,P000007,1,44.35,44.35
TI00000524,T0000173,P000005,2,49.07,98.14
TI00000525,T0000174,P000013,4,13.19,52.76
TI00000526,T0000174,P000008,1,52.62,52.62
TI00000527,T0000175,P000019,1,32.28,32.28
TI00000528,T0000175,P000016,2,49.09,98.18
TI00000529,T0000176,P000016,2,49.09,98.18
TI00000530,T0000176,P000014,4,24.75,99.0
TI00000531,T0000176,P000015,3,49.37,148.11
TI00000532,T0000176,P000020,2,58.91,117.82
TI00000533,T0000177,P000006,2,9.16,18.32
TI00000534,T0000177,P000016,2,49.09,98.18
TI00000535,T0000177,P000011,1,19.19,19.19
TI00000536,T0000178,P000017,1,43.77,43.77
TI00000537,T0000178,P000008,3,52.62,157.86
TI00000538,T0000178,P000019,2,32.28,64.56
TI00000539,T0000178,P000003,2,10.3,20.6
TI00000540,T0000179,P000016,4,49.09,196.36
TI00000541,T0000180,P000017,3,43.77,131.31
TI00000542,T0000180,P000020,2,58.91,117.82
TI00000543,T0000180,P000006,1,9.16,9.16
TI00000544,T0000181,P000017,2,43.77,87.54
TI00000545,T0000181,P000002,2,56.39,112.78
TI00000546,T0000181,P000015,3,49.37,148.11
TI00000547,T0000182,P000005,1,49.07,49.07
TI00000548,T0000182,P000013,4,13.19,52.76
TI00000549,T0000182,P000011,4,19.19,76.76
TI00000550,T0000182,P000001,4,27.25,109.0
TI00000551,T0000182,P000020,2,58.91,117.82
TI00000552,T0000183,P000001,4,27.25,109.0
TI00000553,T0000184,P000009,4,33.09,132.36
TI00000554,T0000184,P000007,4,44.35,177.4
TI00000555,T0000185,P000019,1,32.28,32.28
TI00000556,T0000185,P000002,4,56.39,225.56
TI00000557,T0000185,P000020,4,58.91,235.64
TI00000558,T0000185,P000014,3,24.75,74.25
TI00000559,T0000185,P000017,3,43.77,131.31
TI00000560,T0000186,P000003,2,10.3,20.6
TI00000561,T0000186,P000009,4,33.09,132.36
TI00000562,T0000186,P000016,3,49.09,147.27
TI00000563,T0000187,P000010,3,43.23,129.69
TI00000564,T0000187,P000016,4,49.09,196.36
TI00000565,T0000188,P000020,4,58.91,235.64
TI00000566,T0000188,P000011,2,19.19,38.38
TI00000567,T0000188,P000017,3,43.77,131.31
TI00000568,T0000188,P000015,4,49.37,197.48
TI00000569,T0000188,P000016,2,49.09,98.18
TI00000570,T0000189,P000017,2,43.77,87.54
TI00000571,T0000189,P000012,2,42.38,84.76
TI00000572,T0000189,P000018,4,32.67,130.68
TI00000573,T0000189,P000020,3,58.91,176.73
TI00000574,T0000190,P000015,1,49.37,49.37
TI00000575,T0000190,P000016,3,49.09,147.27
TI00000576,T0000190,P000002,3,56.39,169.17
TI00000577,T0000190,P000018,3,32.67,98.01
TI00000578,T0000190,P000006,2,9.16,18.32
TI00000579,T0000191,P000005,3,49.07,147.21
TI00000580,T0000191,P000017,1,43.77,43.77
TI00000581,T0000192,P000009,4,33.09,132.36
TI00000582,T0000192,P000007,4,44.35,177.4
TI00000583,T0000193,P000002,3,56.39,169.17
TI00000584,T0000193,P000006,1,9.16,9.16
TI00000585,T0000194,P000007,1,44.35,44.35
TI00000586,T0000195,P000017,3,43.77,131.31
TI00000587,T0000195,P000015,1,49.37,49.37
TI00000588,T0000195,P000009,2,33.09,66.18
TI00000589,T0000195,P000012,3,42.38,127.14
TI00000590,T0000195,P000003,1,10.3,10.3
TI00000591,T0000196,P000014,3,24.75,74.25
TI00000592,T0000196,P000010,2,43.23,86.46
TI00000593,T0000196,P000002,2,56.39,112.78
TI00000594,T0000196,P000017,4,43.77,175.08
TI00000595,T0000197,P000018,3,32.67,98.01
TI00000596,T0000197,P000012,2,42.38,84.76
TI00000597,T0000197,P000007,3,44.35,133.05
TI00000598,T0000197,P000020,4,58.91,235.64
TI00000599,T0000197,P000002,3,56.39,169.17
TI00000600,T0000198,P000015,2,49.37,98.74
TI00000601,T0000198,P000005,4,49.07,196.28
TI00000602,T0000198,P000004,4,39.36,157.44
TI00000603,T0000198,P000007,3,44.35,133.05
TI00000604,T0000199,P000005,2,49.07,98.14
TI00000605,T0000199,P000009,1,33.09,33.09
TI00000606,T0000199,P000001,3,27.25,81.75
TI00000607,T0000199,P000007,4,44.35,177.4
TI00000608,T0000199,P000015,3,49.37,148.11
TI00000609,T0000200,P000007,1,44.35,44.35
TI00000610,T0000200,P000006,4,9.16,36.64
TI00000611,T0000200,P000009,3,33.09,99.27
TI00000612,T0000201,P000007,1,44.35,44.35
TI00000613,T0000201,P000020,1,58.91,58.91
TI00000614,T0000201,P000014,4,24.75,99.0
TI00000615,T0000202,P000008,1,52.62,52.62
TI00000616,T0000202,P000011,1,19.19,19.19
TI00000617,T0000202,P000013,1,13.19,13.19
TI00000618,T0000202,P000005,1,49.07,49.07
TI00000619,T0000202,P000012,2,42.38,84.76
TI00000620,T0000203,P000010,1,43.23,43.23
TI00000621,T0000203,P000009,4,33.09,132.36
TI00000622,T0000204,P000016,2,49.09,98.18
TI00000623,T0000204,P000014,2,24.75,49.5
TI00000624,T0000204,P000010,4,43.23,172.92
TI00000625,T0000204,P000007,2,44.35,88.7
TI00000626,T0000204,P000003,3,10.3,30.9
TI00000627,T0000205,P000015,1,49.37,49.37
TI00000628,T0000205,P000016,4,49.09,196.36
TI00000629,T0000205,P000005,3,49.07,147.21
TI00000630,T0000206,P000018,1,32.67,32.67
TI00000631,T0000206,P000015,1,49.37,49.37
TI00000632,T0000206,P000001,2,27.25,54.5
TI00000633,T0000206,P000016,1,49.09,49.09
TI00000634,T0000206,P000010,1,43.23,43.23
TI00000635,T0000207,P000020,4,58.91,235.64
TI00000636,T0000208,P000012,1,42.38,42.38
TI00000637,T0000208,P000003,4,10.3,41.2
TI00000638,T0000208,P000014,4,24.75,99.0
TI00000639,T0000208,P000005,4,49.07,196.28
TI00000640,T0000208,P000018,3,32.67,98.01
TI00000641,T0000209,P000006,1,9.16,9.16
TI00000642,T0000209,P000001,3,27.25,81.75
TI00000643,T0000209,P000010,4,43.23,172.92
TI00000644,T0000209,P000007,1,44.35,44.35
TI00000645,T0000210,P000012,3,42.38,127.14
TI00000646,T0000210,P000003,4,10.3,41.2
TI00000647,T0000210,P000004,3,39.36,118.08
TI00000648,T0000210,P000019,1,32.28,32.28
TI00000649,T0000210,P000013,3,13.19,39.57
TI00000650,T0000211,P000010,2,43.23,86.46
TI00000651,T0000211,P000013,1,13.19,13.19
TI00000652,T0000211,P000006,2,9.16,18.32
TI00000653,T0000211,P000014,3,24.75,74.25
TI00000654,T0000211,P000018,1,32.67,32.67
TI00000655,T0000212,P000017,1,43.77,43.77
TI00000656,T0000212,P000020,3,58.91,176.73
TI00000657,T0000212,P000006,1,9.16,9.16
TI00000658,T0000212,P000008,2,52.62,105.24
TI00000659,T0000212,P000018,3,32.67,98.01
TI00000660,T0000213,P000018,3,32.67,98.01
TI00000661,T0000214,P000007,1,44.35,44.35
TI00000662,T0000214,P000018,3,32.67,98.01
TI00000663,T0000214,P000003,4,10.3,41.2
TI00000664,T0000215,P000002,1,56.39,56.39
TI00000665,T0000215,P000005,3,49.07,147.21
TI00000666,T0000215,P000012,1,42.38,42.38
TI00000667,T0000216,P000017,4,43.77,175.08
TI00000668,T0000216,P000020,2,58.91,117.82
TI00000669,T0000216,P000015,2,49.37,98.74
TI00000670,T0000216,P000016,2,49.09,98.18
TI00000671,T0000216,P000014,3,24.75,74.25
TI00000672,T0000217,P000005,3,49.07,147.21
TI00000673,T0000217,P000018,2,32.67,65.34
TI00000674,T0000217,P000019,2,32.28,64.56
TI00000675,T0000217,P000006,1,9.16,9.16
TI00000676,T0000217,P000007,4,44.35,177.4
TI00000677,T0000218,P000004,2,39.36,78.72
TI00000678,T0000218,P000006,2,9.16,18.32
TI00000679,T0000218,P000009,2,33.09,66.18
TI00000680,T0000219,P000018,1,32.67,32.67
TI00000681,T0000220,P000008,4,52.62,210.48
TI00000682,T0000220,P000013,3,13.19,39.57
TI00000683,T0000220,P000012,2,42.38,84.76
TI00000684,T0000220,P000018,3,32.67,98.01
TI00000685,T0000220,P000002,4,56.39,225.56
TI00000686,T0000221,P000016,2,49.09,98.18
TI00000687,T0000221,P000005,1,49.07,49.07
TI00000688,T0000221,P000009,3,33.09,99.27
TI00000689,T0000222,P000004,2,39.36,78.72
TI00000690,T0000223,P000014,2,24.75,49.5
TI00000691,T0000223,P000003,3,10.3,30.9
TI00000692,T0000223,P000009,4,33.09,132.36
TI00000693,T0000223,P000016,2,49.09,98.18
TI00000694,T0000223,P000013,4,13.19,52.76
TI00000695,T0000224,P000003,3,10.3,30.9
TI00000696,T0000224,P000012,3,42.38,127.14
TI00000697,T0000224,P000013,2,13.19,26.38
TI00000698,T0000225,P000009,2,33.09,66.18
TI00000699,T0000225,P000004,2,39.36,78.72
TI00000700,T0000225,P000012,3,42.38,127.14
TI00000701,T0000225,P000018,2,32.67,65.34
TI00000702,T0000225,P000017,4,43.77,175.08
TI00000703,T0000226,P000015,2,49.37,98.74
TI00000704,T0000227,P000005,3,49.07,147.21
TI00000705,T0000228,P000009,4,33.09,132.36
TI00000706,T0000228,P000006,2,9.16,18.32
TI00000707,T0000228,P000019,2,32.28,64.56
TI00000708,T0000229,P000007,2,44.35,88.7
TI00000709,T0000230,P000017,3,43.77,131.31
TI00000710,T0000231,P000019,4,32.28,129.12
TI00000711,T0000231,P000001,1,27.25,27.25
TI00000712,T0000231,P000005,4,49.07,196.28
TI00000713,T0000232,P000007,1,44.35,44.35
TI00000714,T0000232,P000015,3,49.37,148.11
TI00000715,T0000233,P000020,2,58.91,117.82
TI00000716,T0000233,P000011,1,19.19,19.19
TI00000717,T0000233,P000005,3,49.07,147.21
TI00000718,T0000233,P000016,3,49.09,147.27
TI00000719,T0000234,P000017,2,43.77,87.54
TI00000720,T0000234,P000003,2,10.3,20.6
TI00000721,T0000234,P000008,2,52.62,105.24
TI00000722,T0000235,P000016,2,49.09,98.18
TI00000723,T0000235,P000020,1,58.91,58.91
TI00000724,T0000235,P000009,2,33.09,66.18
TI00000725,T0000236,P000003,1,10.3,10.3
TI00000726,T0000236,P000013,3,13.19,39.57
TI00000727,T0000236,P000008,3,52.62,157.86
TI00000728,T0000236,P000007,2,44.35,88.7
TI00000729,T0000237,P000010,1,43.23,43.23
TI00000730,T0000237,P000007,3,44.35,133.05
TI00000731,T0000237,P000020,3,58.91,176.73
TI00000732,T0000238,P000012,4,42.38,169.52
TI00000733,T0000239,P000016,1,49.09,49.09
TI00000734,T0000239,P000002,2,56.39,112.78
TI00000735,T0000240,P000007,1,44.35,44.35
TI00000736,T0000240,P000004,1,39.36,39.36
TI00000737,T0000241,P000012,3,42.38,127.14
TI00000738,T0000241,P000003,2,10.3,20.6
TI00000739,T0000241,P000014,1,24.75,24.75
TI00000740,T0000241,P000019,2,32.28,64.56
TI00000741,T0000241,P000007,1,44.35,44.35
TI00000742,T0000242,P000019,3,32.28,96.84
TI00000743,T0000242,P000004,3,39.36,118.08
TI00000744,T0000242,P000009,2,33.09,66.18
TI00000745,T0000242,P000001,3,27.25,81.75
TI00000746,T0000242,P000005,4,49.07,196.28
TI00000747,T0000243,P000003,3,10.3,30.9
TI00000748,T0000243,P000011,3,19.19,57.57
TI00000749,T0000243,P000014,2,24.75,49.5
TI00000750,T0000244,P000007,4,44.35,177.4
TI00000751,T0000244,P000001,3,27.25,81.75
TI00000752,T0000245,P000005,1,49.07,49.07
TI00000753,T0000245,P000004,2,39.36,78.72
TI00000754,T0000245,P000012,1,42.38,42.38
TI00000755,T0000245,P000016,4,49.09,196.36
TI00000756,T0000245,P000001,4,27.25,109.0
TI00000757,T0000246,P000003,2,10.3,20.6
TI00000758,T0000247,P000002,3,56.39,169.17
TI00000759,T0000248,P000008,4,52.62,210.48
TI00000760,T0000249,P000005,3,49.07,147.21
TI00000761,T0000249,P000006,2,9.16,18.32
TI00000762,T0000249,P000011,3,19.19,57.57
TI00000763,T0000249,P000003,2,10.3,20.6
TI00000764,T0000249,P000013,4,13.19,52.76
TI00000765,T0000250,P000007,3,44.35,133.05
TI00000766,T0000251,P000018,3,32.67,98.01
TI00000767,T0000251,P000012,1,42.38,42.38
TI00000768,T0000251,P000016,3,49.09,147.27
TI00000769,T0000252,P000003,3,10.3,30.9
TI00000770,T0000252,P000008,2,52.62,105.24
TI00000771,T0000252,P000009,2,33.09,66.18
TI00000772,T0000252,P000018,2,32.67,65.34
TI00000773,T0000252,P000014,3,24.75,74.25
TI00000774,T0000253,P000003,2,10.3,20.6
TI00000775,T0000253,P000017,3,43.77,131.31
TI00000776,T0000253,P000018,3,32.67,98.01
TI00000777,T0000253,P000012,4,42.38,169.52
TI00000778,T0000253,P000016,3,49.09,147.27
TI00000779,T0000254,P000003,2,10.3,20.6
TI00000780,T0000254,P000018,1,32.67,32.67
TI00000781,T0000254,P000008,2,52.62,105.24
TI00000782,T0000254,P000016,2,49.09,98.18
TI00000783,T0000254,P000011,1,19.19,19.19
TI00000784,T0000255,P000018,1,32.67,32.67
TI00000785,T0000255,P000005,3,49.07,147.21
TI00000786,T0000255,P000020,1,58.91,58.91
TI00000787,T0000255,P000012,4,42.38,169.52
TI00000788,T0000255,P000009,4,33.09,132.36
TI00000789,T0000256,P000014,1,24.75,24.75
TI00000790,T0000257,P000013,3,13.19,39.57
TI00000791,T0000257,P000009,3,33.09,99.27
TI00000792,T0000257,P000018,3,32.67,98.01
TI00000793,T0000257,P000011,1,19.19,19.19
TI00000794,T0000257,P000016,3,49.09,147.27
TI00000795,T0000258,P000010,3,43.23,129.69
TI00000796,T0000258,P000017,1,43.77,43.77
TI00000797,T0000258,P000013,2,13.19,26.38
TI00000798,T0000258,P000012,4,42.38,169.52
TI00000799,T0000259,P000014,4,24.75,99.0
TI00000800,T0000259,P000004,3,39.36,118.08
TI00000801,T0000259,P000019,3,32.28,96.84
TI00000802,T0000259,P000020,3,58.91,176.73
TI00000803,T0000259,P000002,1,56.39,56.39
TI00000804,T0000260,P000014,1,24.75,24.75
TI00000805,T0000260,P000006,4,9.16,36.64
TI00000806,T0000260,P000002,1,56.39,56.39
TI00000807,T0000260,P000001,3,27.25,81.75
TI00000808,T0000260,P000019,3,32.28,96.84
TI00000809,T0000261,P000001,4,27.25,109.0
TI00000810,T0000261,P000015,1,49.37,49.37
TI00000811,T0000261,P000019,4,32.28,129.12
TI00000812,T0000261,P000008,3,52.62,157.86
TI00000813,T0000262,P000011,1,19.19,19.19
TI00000814,T0000262,P000016,3,49.09,147.27
TI00000815,T0000262,P000007,4,44.35,177.4
TI00000816,T0000262,P000006,3,9.16,27.48
TI00000817,T0000262,P000004,1,39.36,39.36
TI00000818,T0000263,P000014,2,24.75,49.5
TI00000819,T0000263,P000001,3,27.25,81.75
TI00000820,T0000263,P000009,1,33.09,33.09
TI00000821,T0000263,P000015,4,49.37,197.48
TI00000822,T0000263,P000006,1,9.16,9.16
TI00000823,T0000264,P000018,2,32.67,65.34
TI00000824,T0000265,P000007,4,44.35,177.4
TI00000825,T0000266,P000003,3,10.3,30.9
TI00000826,T0000266,P000006,4,9.16,36.64
TI00000827,T0000266,P000020,4,58.91,235.64
TI00000828,T0000266,P000005,2,49.07,98.14
TI00000829,T0000266,P000010,1,43.23,43.23
TI00000830,T0000267,P000014,1,24.75,24.75
TI00000831,T0000267,P000020,3,58.91,176.73
TI00000832,T0000268,P000009,3,33.09,99.27
TI00000833,T0000268,P000017,3,43.77,131.31
TI00000834,T0000268,P000004,2,39.36,78.72
TI00000835,T0000268,P000013,1,13.19,13.19
TI00000836,T0000268,P000006,4,9.16,36.64
TI00000837,T0000269,P000001,1,27.25,27.25
TI00000838,T0000269,P000019,4,32.28,129.12
TI00000839,T0000270,P000008,2,52.62,105.24
TI00000840,T0000270,P000003,1,10.3,10.3
TI00000841,T0000270,P000004,3,39.36,118.08
TI00000842,T0000270,P000014,2,24.75,49.5
TI00000843,T0000270,P000009,4,33.09,132.36
TI00000844,T0000271,P000006,2,9.16,18.32
TI00000845,T0000271,P000014,1,24.75,24.75
TI00000846,T0000271,P000005,1,49.07,49.07
TI00000847,T0000272,P000004,2,39.36,78.72
TI00000848,T0000272,P000006,1,9.16,9.16
TI00000849,T0000273,P000019,2,32.28,64.56
TI00000850,T0000273,P000020,2,58.91,117.82
TI00000851,T0000274,P000003,3,10.3,30.9
TI00000852,T0000274,P000008,3,52.62,157.86
TI00000853,T0000274,P000018,3,32.67,98.01
TI00000854,T0000275,P000018,1,32.67,32.67
TI00000855,T0000275,P000006,1,9.16,9.16
TI00000856,T0000275,P000007,3,44.35,133.05
TI00000857,T0000275,P000004,1,39.36,39.36
TI00000858,T0000276,P000007,4,44.35,177.4
TI00000859,T0000276,P000008,3,52.62,157.86
TI00000860,T0000276,P000006,2,9.16,18.32
TI00000861,T0000277,P000017,3,43.77,131.31
TI00000862,T0000277,P000010,4,43.23,172.92
TI00000863,T0000277,P000013,2,13.19,26.38
TI00000864,T0000278,P000002,4,56.39,225.56
TI00000865,T0000279,P000020,1,58.91,58.91
TI00000866,T0000279,P000005,3,49.07,147.21
TI00000867,T0000279,P000002,2,56.39,112.78
TI00000868,T0000280,P000009,1,33.09,33.09
TI00000869,T0000280,P000015,4,49.37,197.48
TI00000870,T0000280,P000005,1,49.07,49.07
TI00000871,T0000281,P000006,2,9.16,18.32
TI00000872,T0000281,P000020,2,58.91,117.82
TI00000873,T0000281,P000018,3,32.67,98.01
TI00000874,T0000282,P000016,4,49.09,196.36
TI00000875,T0000282,P000008,1,52.62,52.62
TI00000876,T0000282,P000010,2,43.23,86.46
TI00000877,T0000282,P000014,3,24.75,74.25
TI00000878,T0000283,P000014,3,24.75,74.25
TI00000879,T0000283,P000012,2,42.38,84.76
TI00000880,T0000283,P000008,1,52.62,52.62
TI00000881,T0000284,P000008,4,52.62,210.48
TI00000882,T0000284,P000004,4,39.36,157.44
TI00000883,T0000284,P000020,1,58.91,58.91
TI00000884,T0000284,P000005,2,49.07,98.14
TI00000885,T0000284,P000017,3,43.77,131.31
TI00000886,T0000285,P000014,1,24.75,24.75
TI00000887,T0000285,P000012,3,42.38,127.14
TI00000888,T0000285,P000008,3,52.62,157.86
TI00000889,T0000286,P000020,1,58.91,58.91
TI00000890,T0000286,P000009,3,33.09,99.27
TI00000891,T0000286,P000011,3,19.19,57.57
TI00000892,T0000287,P000015,3,49.37,148.11
TI00000893,T0000287,P000017,3,43.77,131.31
TI00000894,T0000287,P000004,4,39.36,157.44
TI00000895,T0000287,P000002,1,56.39,56.39
TI00000896,T0000288,P000017,1,43.77,43.77
TI00000897,T0000289,P000015,1,49.37,49.37
TI00000898,T0000289,P000020,4,58.91,235.64
TI00000899,T0000289,P000001,4,27.25,109.0
TI00000900,T0000290,P000006,3,9.16,27.48
TI00000901,T0000290,P000016,2,49.09,98.18
TI00000902,T0000290,P000019,1,32.28,32.28
TI00000903,T0000290,P000020,1,58.91,58.91
TI00000904,T0000290,P000008,3,52.62,157.86
TI00000905,T0000291,P000017,2,43.77,87.54
TI00000906,T0000291,P000004,3,39.36,118.08
TI00000907,T0000291,P000016,1,49.09,49.09
TI00000908,T0000291,P000005,1,49.07,49.07
TI00000909,T0000292,P000002,2,56.39,112.78
TI00000910,T0000292,P000001,1,27.25,27.25
TI00000911,T0000292,P000004,2,39.36,78.72
TI00000912,T0000292,P000015,3,49.37,148.11
TI00000913,T0000293,P000019,3,32.28,96.84
TI00000914,T0000294,P000003,3,10.3,30.9
TI00000915,T0000294,P000001,2,27.25,54.5
TI00000916,T0000294,P000008,1,52.62,52.62
TI00000917,T0000294,P000005,3,49.07,147.21
TI00000918,T0000294,P000004,4,39.36,157.44
TI00000919,T0000295,P000014,1,24.75,24.75
TI00000920,T0000295,P000013,3,13.19,39.57
TI00000921,T0000296,P000005,1,49.07,49.07
TI00000922,T0000296,P000008,4,52.62,210.48
TI00000923,T0000296,P000006,2,9.16,18.32
TI00000924,T0000296,P000002,3,56.39,169.17
TI00000925,T0000297,P000020,4,58.91,235.64
TI00000926,T0000297,P000002,4,56.39,225.56
TI00000927,T0000297,P000011,2,19.19,38.38
TI00000928,T0000297,P000012,2,42.38,84.76
TI00000929,T0000298,P000020,3,58.91,176.73
TI00000930,T0000298,P000015,1,49.37,49.37
TI00000931,T0000298,P000017,4,43.77,175.08
TI00000932,T0000299,P000014,1,24.75,24.75
TI00000933,T0000299,P000011,4,19.19,76.76
TI00000934,T0000299,P000020,3,58.91,176.73
TI00000935,T0000299,P000009,3,33.09,99.27
TI00000936,T0000300,P000003,3,10.3,30.9
TI00000937,T0000300,P000005,4,49.07,196.28
TI00000938,T0000301,P000009,2,33.09,66.18
TI00000939,T0000302,P000012,3,42.38,127.14
TI00000940,T0000302,P000005,2,49.07,98.14
TI00000941,T0000302,P000010,3,43.23,129.69
TI00000942,T0000303,P000007,4,44.35,177.4
TI00000943,T0000303,P000015,2,49.37,98.74
TI00000944,T0000303,P000019,2,32.28,64.56
TI00000945,T0000304,P000002,1,56.39,56.39
TI00000946,T0000304,P000003,2,10.3,20.6
TI00000947,T0000304,P000017,3,43.77,131.31
TI00000948,T0000305,P000020,3,58.91,176.73
TI00000949,T0000305,P000006,1,9.16,9.16
TI00000950,T0000306,P000001,4,27.25,109.0
TI00000951,T0000306,P000019,3,32.28,96.84
TI00000952,T0000306,P000020,2,58.91,117.82
TI00000953,T0000307,P000004,2,39.36,78.72
TI00000954,T0000307,P000008,2,52.62,105.24
TI00000955,T0000308,P000004,3,39.36,118.08
TI00000956,T0000308,P000014,3,24.75,74.25
TI00000957,T0000309,P000003,4,10.3,41.2
TI00000958,T0000309,P000016,4,49.09,196.36
TI00000959,T0000309,P000015,4,49.37,197.48
TI00000960,T0000309,P000010,1,43.23,43.23
TI00000961,T0000310,P000007,3,44.35,133.05
TI00000962,T0000311,P000001,3,27.25,81.75
TI00000963,T0000311,P000016,1,49.09,49.09
TI00000964,T0000311,P000012,4,42.38,169.52
TI00000965,T0000312,P000009,1,33.09,33.09
TI00000966,T0000312,P000018,2,32.67,65.34
TI00000967,T0000312,P000005,4,49.07,196.28
TI00000968,T0000312,P000016,2,49.09,98.18
TI00000969,T0000312,P000015,2,49.37,98.74
TI00000970,T0000313,P000017,4,43.77,175.08
TI00000971,T0000314,P000003,2,10.3,20.6
TI00000972,T0000314,P000012,3,42.38,127.14
TI00000973,T0000314,P000007,1,44.35,44.35
TI00000974,T0000314,P000017,1,43.77,43.77
TI00000975,T0000314,P000018,1,32.67,32.67
TI00000976,T0000315,P000005,2,49.07,98.14
TI00000977,T0000315,P000016,2,49.09,98.18
TI00000978,T0000315,P000012,1,42.38,42.38
TI00000979,T0000315,P000019,3,32.28,96.84
TI00000980,T0000316,P000003,3,10.3,30.9
TI00000981,T0000316,P000014,3,24.75,74.25
TI00000982,T0000316,P000008,3,52.62,157.86
TI00000983,T0000316,P000004,4,39.36,157.44
TI00000984,T0000316,P000002,1,56.39,56.39
TI00000985,T0000317,P000001,3,27.25,81.75
TI00000986,T0000317,P000008,3,52.62,157.86
TI00000987,T0000317,P000004,1,39.36,39.36
TI00000988,T0000317,P000003,1,10.3,10.3
TI00000989,T0000318,P000014,4,24.75,99.0
TI00000990,T0000319,P000019,4,32.28,129.12
TI00000991,T0000319,P000018,1,32.67,32.67
TI00000992,T0000319,P000020,4,58.91,235.64
TI00000993,T0000319,P000010,4,43.23,172.92
TI00000994,T0000319,P000005,3,49.07,147.21
TI00000995,T0000320,P000015,2,49.37,98.74
TI00000996,T0000320,P000014,4,24.75,99.0
TI00000997,T0000321,P000006,3,9.16,27.48
TI00000998,T0000321,P000004,3,39.36,118.08
TI00000999,T0000321,P000005,2,49.07,98.14
TI00001000,T0000321,P000011,3,19.19,57.57
TI00001001,T0000322,P000006,1,9.16,9.16
TI00001002,T0000322,P000003,2,10.3,20.6
TI00001003,T0000323,P000015,4,49.37,197.48
TI00001004,T0000323,P000019,2,32.28,64.56
TI00001005,T0000324,P000020,3,58.91,176.73
TI00001006,T0000325,P000007,1,44.35,44.35
TI00001007,T0000325,P000002,2,56.39,112.78
TI00001008,T0000325,P000013,4,13.19,52.76
TI00001009,T0000326,P000020,4,58.91,235.64
TI00001010,T0000326,P000018,1,32.67,32.67
TI00001011,T0000327,P000008,2,52.62,105.24
TI00001012,T0000327,P000016,3,49.09,147.27
TI00001013,T0000327,P000005,4,49.07,196.28
TI00001014,T0000327,P000007,4,44.35,177.4
TI00001015,T0000327,P000010,1,43.23,43.23
TI00001016,T0000328,P000012,1,42.38,42.38
TI00001017,T0000328,P000001,3,27.25,81.75
TI00001018,T0000328,P000020,2,58.91,117.82
TI00001019,T0000328,P000007,2,44.35,88.7
TI00001020,T0000329,P000013,4,13.19,52.76
TI00001021,T0000329,P000001,2,27.25,54.5
TI00001022,T0000329,P000017,3,43.77,131.31
TI00001023,T0000330,P000018,3,32.67,98.01
TI00001024,T0000330,P000015,1,49.37,49.37
TI00001025,T0000331,P000004,2,39.36,78.72
TI00001026,T0000331,P000010,1,43.23,43.23
TI00001027,T0000331,P000014,4,24.75,99.0
TI00001028,T0000331,P000003,2,10.3,20.6
TI00001029,T0000332,P000012,3,42.38,127.14
TI00001030,T0000332,P000016,3,49.09,147.27
TI00001031,T0000332,P000006,1,9.16,9.16
TI00001032,T0000332,P000015,1,49.37,49.37
TI00001033,T0000333,P000020,2,58.91,117.82
TI00001034,T0000333,P000006,3,9.16,27.48
TI00001035,T0000333,P000010,3,43.23,129.69
TI00001036,T0000333,P000011,3,19.19,57.57
TI00001037,T0000333,P000018,1,32.67,32.67
TI00001038,T0000334,P000006,1,9.16,9.16
TI00001039,T0000334,P000003,1,10.3,10.3
TI00001040,T0000334,P000018,1,32.67,32.67
TI00001041,T0000334,P000015,1,49.37,49.37
TI00001042,T0000335,P000015,3,49.37,148.11
TI00001043,T0000335,P000008,1,52.62,52.62
TI00001044,T0000335,P000020,3,58.91,176.73
TI00001045,T0000335,P000010,1,43.23,43.23
TI00001046,T0000336,P000007,1,44.35,44.35
TI00001047,T0000336,P000010,3,43.23,129.69
TI00001048,T0000336,P000018,2,32.67,65.34
TI00001049,T0000336,P000002,1,56.39,56.39
TI00001050,T0000336,P000012,1,42.38,42.38
TI00001051,T0000337,P000010,1,43.23,43.23
TI00001052,T0000337,P000017,2,43.77,87.54
TI00001053,T0000337,P000005,3,49.07,147.21
TI00001054,T0000337,P000019,1,32.28,32.28
TI00001055,T0000337,P000008,4,52.62,210.48
TI00001056,T0000338,P000007,3,44.35,133.05
TI00001057,T0000338,P000011,2,19.19,38.38
TI00001058,T0000338,P000002,2,56.39,112.78
TI00001059,T0000338,P000001,4,27.25,109.0
TI00001060,T0000339,P000020,3,58.91,176.73
TI00001061,T0000339,P000009,4,33.09,132.36
TI00001062,T0000340,P000017,3,43.77,131.31
TI00001063,T0000340,P000011,2,19.19,38.38
TI00001064,T0000340,P000016,4,49.09,196.36
TI00001065,T0000341,P000018,4,32.67,130.68
TI00001066,T0000341,P000017,4,43.77,175.08
TI00001067,T0000341,P000009,1,33.09,33.09
TI00001068,T0000342,P000004,4,39.36,157.44
TI00001069,T0000342,P000015,3,49.37,148.11
TI00001070,T0000343,P000017,4,43.77,175.08
TI00001071,T0000343,P000004,3,39.36,118.08
TI00001072,T0000343,P000007,4,44.35,177.4
TI00001073,T0000343,P000012,1,42.38,42.38
TI00001074,T0000343,P000019,1,32.28,32.28
TI00001075,T0000344,P000004,3,39.36,118.08
TI00001076,T0000344,P000016,1,49.09,49.09
TI00001077,T0000345,P000007,4,44.35,177.4
TI00001078,T0000345,P000008,1,52.62,52.62
TI00001079,T0000345,P000015,2,49.37,98.74
TI00001080,T0000346,P000020,1,58.91,58.91
TI00001081,T0000346,P000004,3,39.36,118.08
TI00001082,T0000346,P000006,4,9.16,36.64
TI00001083,T0000346,P000014,3,24.75,74.25
TI00001084,T0000346,P000012,3,42.38,127.14
TI00001085,T0000347,P000002,2,56.39,112.78
TI00001086,T0000348,P000007,2,44.35,88.7
TI00001087,T0000348,P000002,1,56.39,56.39
TI00001088,T0000348,P000010,2,43.23,86.46
TI00001089,T0000348,P000019,1,32.28,32.28
TI00001090,T0000349,P000012,3,42.38,127.14
TI00001091,T0000350,P000009,1,33.09,33.09
TI00001092,T0000351,P000005,4,49.07,196.28
TI00001093,T0000351,P000012,4,42.38,169.52
TI00001094,T0000351,P000017,4,43.77,175.08
TI00001095,T0000351,P000003,1,10.3,10.3
TI00001096,T0000351,P000006,2,9.16,18.32
TI00001097,T0000352,P000017,1,43.77,43.77
TI00001098,T0000352,P000008,4,52.62,210.48
TI00001099,T0000353,P000017,3,43.77,131.31
TI00001100,T0000353,P000008,2,52.62,105.24
TI00001101,T0000353,P000013,3,13.19,39.57
TI00001102,T0000354,P000011,2,19.19,38.38
TI00001103,T0000354,P000007,1,44.35,44.35
TI00001104,T0000354,P000013,2,13.19,26.38
TI00001105,T0000354,P000018,1,32.67,32.67
TI00001106,T0000354,P000016,4,49.09,196.36
TI00001107,T0000355,P000020,3,58.91,176.73
TI00001108,T0000355,P000004,1,39.36,39.36
TI00001109,T0000355,P000008,4,52.62,210.48
TI00001110,T0000355,P000014,4,24.75,99.0
TI00001111,T0000355,P000016,1,49.09,49.09
TI00001112,T0000356,P000018,1,32.67,32.67
TI00001113,T0000357,P000016,2,49.09,98.18
TI00001114,T0000357,P000001,4,27.25,109.0
TI00001115,T0000357,P000009,3,33.09,99.27
TI00001116,T0000358,P000005,4,49.07,196.28
TI00001117,T0000358,P000001,4,27.25,109.0
TI00001118,T0000358,P000013,1,13.19,13.19
TI00001119,T0000358,P000020,1,58.91,58.91
TI00001120,T0000358,P000003,3,10.3,30.9
TI00001121,T0000359,P000017,3,43.77,131.31
TI00001122,T0000360,P000012,2,42.38,84.76
TI00001123,T0000360,P000010,4,43.23,172.92
TI00001124,T0000360,P000013,1,13.19,13.19
TI00001125,T0000360,P000014,3,24.75,74.25
TI00001126,T0000361,P000019,1,32.28,32.28
TI00001127,T0000361,P000011,3,19.19,57.57
TI00001128,T0000361,P000012,4,42.38,169.52
TI00001129,T0000361,P000001,3,27.25,81.75
TI00001130,T0000362,P000020,2,58.91,117.82
TI00001131,T0000362,P000008,3,52.62,157.86
TI00001132,T0000362,P000010,3,43.23,129.69
TI00001133,T0000363,P000002,4,56.39,225.56
TI00001134,T0000363,P000003,1,10.3,10.3
TI00001135,T0000363,P000012,4,42.38,169.52
TI00001136,T0000363,P000001,2,27.25,54.5
TI00001137,T0000363,P000007,1,44.35,44.35
TI00001138,T0000364,P000005,4,49.07,196.28
TI00001139,T0000364,P000006,1,9.16,9.16
TI00001140,T0000364,P000003,4,10.3,41.2
TI00001141,T0000364,P000002,1,56.39,56.39
TI00001142,T0000364,P000001,3,27.25,81.75
TI00001143,T0000365,P000001,4,27.25,109.0
TI00001144,T0000365,P000013,1,13.19,13.19
TI00001145,T0000366,P000018,1,32.67,32.67
TI00001146,T0000366,P000003,1,10.3,10.3
TI00001147,T0000367,P000010,3,43.23,129.69
TI00001148,T0000367,P000013,2,13.19,26.38
TI00001149,T0000367,P000012,2,42.38,84.76
TI00001150,T0000367,P000019,3,32.28,96.84
TI00001151,T0000368,P000002,4,56.39,225.56
TI00001152,T0000368,P000020,1,58.91,58.91
TI00001153,T0000369,P000012,4,42.38,169.52
TI00001154,T0000369,P000017,2,43.77,87.54
TI00001155,T0000369,P000016,4,49.09,196.36
TI00001156,T0000369,P000008,3,52.62,157.86
TI00001157,T0000370,P000018,1,32.67,32.67
TI00001158,T0000370,P000008,3,52.62,157.86
TI00001159,T0000370,P000015,4,49.37,197.48
TI00001160,T0000371,P000001,4,27.25,109.0
TI00001161,T0000371,P000013,1,13.19,13.19
TI00001162,T0000371,P000019,4,32.28,129.12
TI00001163,T0000372,P000004,3,39.36,118.08
TI00001164,T0000372,P000003,3,10.3,30.9
TI00001165,T0000373,P000006,4,9.16,36.64
TI00001166,T0000373,P000019,1,32.28,32.28
TI00001167,T0000373,P000016,2,49.09,98.18
TI00001168,T0000373,P000018,3,32.67,98.01
TI00001169,T0000374,P000003,2,10.3,20.6
TI00001170,T0000375,P000009,1,33.09,33.09
TI00001171,T0000375,P000014,4,24.75,99.0
TI00001172,T0000375,P000019,2,32.28,64.56
TI00001173,T0000375,P000016,2,49.09,98.18
TI00001174,T0000375,P000010,2,43.23,86.46
TI00001175,T0000376,P000004,1,39.36,39.36
TI00001176,T0000376,P000020,4,58.91,235.64
TI00001177,T0000377,P000017,3,43.77,131.31
TI00001178,T0000377,P000010,4,43.23,172.92
TI00001179,T0000377,P000020,4,58.91,235.64
TI00001180,T0000378,P000010,3,43.23,129.69
TI00001181,T0000378,P000004,1,39.36,39.36
TI00001182,T0000378,P000015,3,49.37,148.11
TI00001183,T0000379,P000011,1,19.19,19.19
TI00001184,T0000380,P000012,2,42.38,84.76
TI00001185,T0000380,P000014,3,24.75,74.25
TI00001186,T0000380,P000020,4,58.91,235.64
TI00001187,T0000381,P000019,2,32.28,64.56
TI00001188,T0000381,P000002,4,56.39,225.56
TI00001189,T0000381,P000006,3,9.16,27.48
TI00001190,T0000382,P000002,3,56.39,169.17
TI00001191,T0000382,P000006,2,9.16,18.32
TI00001192,T0000383,P000012,3,42.38,127.14
TI00001193,T0000383,P000019,4,32.28,129.12
TI00001194,T0000383,P000020,4,58.91,235.64
TI00001195,T0000383,P000013,1,13.19,13.19
TI00001196,T0000383,P000008,2,52.62,105.24
TI00001197,T0000384,P000012,1,42.38,42.38
TI00001198,T0000384,P000019,4,32.28,129.12
TI00001199,T0000384,P000011,2,19.19,38.38
TI00001200,T0000384,P000005,4,49.07,196.28
TI00001201,T0000384,P000006,4,9.16,36.64
TI00001202,T0000385,P000007,4,44.35,177.4
TI00001203,T0000385,P000010,3,43.23,129.69
TI00001204,T0000385,P000011,2,19.19,38.38
TI00001205,T0000385,P000016,3,49.09,147.27
TI00001206,T0000385,P000019,1,32.28,32.28
TI00001207,T0000386,P000011,1,19.19,19.19
TI00001208,T0000386,P000010,1,43.23,43.23
TI00001209,T0000386,P000020,2,58.91,117.82
TI00001210,T0000387,P000016,2,49.09,98.18
TI00001211,T0000387,P000012,4,42.38,169.52
TI00001212,T0000387,P000017,2,43.77,87.54
TI00001213,T0000387,P000018,4,32.67,130.68
TI00001214,T0000388,P000013,4,13.19,52.76
TI00001215,T0000388,P000006,1,9.16,9.16
TI00001216,T0000388,P000018,4,32.67,130.68
TI00001217,T0000389,P000014,1,24.75,24.75
TI00001218,T0000389,P000017,4,43.77,175.08
TI00001219,T0000389,P000018,4,32.67,130.68
TI00001220,T0000389,P000005,3,49.07,147.21
TI00001221,T0000389,P000011,3,19.19,57.57
TI00001222,T0000390,P000004,2,39.36,78.72
TI00001223,T0000391,P000003,2,10.3,20.6
TI00001224,T0000391,P000006,2,9.16,18.32
TI00001225,T0000391,P000002,3,56.39,169.17
TI00001226,T0000392,P000010,4,43.23,172.92
TI00001227,T0000392,P000018,2,32.67,65.34
TI00001228,T0000392,P000011,1,19.19,19.19
TI00001229,T0000392,P000014,2,24.75,49.5
TI00001230,T0000392,P000020,1,58.91,58.91
TI00001231,T0000393,P000005,3,49.07,147.21
TI00001232,T0000393,P000019,4,32.28,129.12
TI00001233,T0000393,P000003,1,10.3,10.3
TI00001234,T0000393,P000020,3,58.91,176.73
TI00001235,T0000393,P000017,1,43.77,43.77
TI00001236,T0000394,P000012,2,42.38,84.76
TI00001237,T0000394,P000010,4,43.23,172.92
TI00001238,T0000394,P000013,3,13.19,39.57
TI00001239,T0000394,P000006,1,9.16,9.16
TI00001240,T0000394,P000002,3,56.39,169.17
TI00001241,T0000395,P000001,4,27.25,109.0
TI00001242,T0000396,P000020,4,58.91,235.64
TI00001243,T0000396,P000012,4,42.38,169.52
TI00001244,T0000396,P000018,2,32.67,65.34
TI00001245,T0000397,P000011,1,19.19,19.19
TI00001246,T0000397,P000016,2,49.09,98.18
TI00001247,T0000397,P000006,2,9.16,18.32
TI00001248,T0000398,P000014,4,24.75,99.0
TI00001249,T0000398,P000004,4,39.36,157.44
TI00001250,T0000398,P000011,1,19.19,19.19
TI00001251,T0000399,P000002,1,56.39,56.39
TI00001252,T0000400,P000011,2,19.19,38.38
TI00001253,T0000400,P000020,3,58.91,176.73
TI00001254,T0000400,P000018,3,32.67,98.01
TI00001255,T0000400,P000017,1,43.77,43.77
TI00001256,T0000400,P000015,4,49.37,197.48
TI00001257,T0000401,P000019,4,32.28,129.12
TI00001258,T0000402,P000009,1,33.09,33.09
TI00001259,T0000403,P000007,4,44.35,177.4
TI00001260,T0000403,P000009,1,33.09,33.09
TI00001261,T0000404,P000004,2,39.36,78.72
TI00001262,T0000404,P000016,4,49.09,196.36
TI00001263,T0000404,P000013,3,13.19,39.57
TI00001264,T0000404,P000006,3,9.16,27.48
TI00001265,T0000404,P000008,4,52.62,210.48
TI00001266,T0000405,P000011,2,19.19,38.38
TI00001267,T0000405,P000018,4,32.67,130.68
TI00001268,T0000405,P000019,4,32.28,129.12
TI00001269,T0000405,P000008,2,52.62,105.24
TI00001270,T0000406,P000020,4,58.91,235.64
TI00001271,T0000406,P000007,1,44.35,44.35
TI00001272,T0000406,P000002,1,56.39,56.39
TI00001273,T0000406,P000001,2,27.25,54.5
TI00001274,T0000406,P000011,3,19.19,57.57
TI00001275,T0000407,P000016,3,49.09,147.27
TI00001276,T0000407,P000019,3,32.28,96.84
TI00001277,T0000407,P000004,2,39.36,78.72
TI00001278,T0000407,P000015,1,49.37,49.37
TI00001279,T0000408,P000004,4,39.36,157.44
TI00001280,T0000409,P000019,4,32.28,129.12
TI00001281,T0000409,P000018,1,32.67,32.67
TI00001282,T0000409,P000016,2,49.09,98.18
TI00001283,T0000410,P000003,3,10.3,30.9
TI00001284,T0000410,P000008,2,52.62,105.24
TI00001285,T0000410,P000007,3,44.35,133.05
TI00001286,T0000410,P000012,2,42.38,84.76
TI00001287,T0000410,P000014,3,24.75,74.25
TI00001288,T0000411,P000009,1,33.09,33.09
TI00001289,T0000412,P000019,1,32.28,32.28
TI00001290,T0000412,P000004,1,39.36,39.36
TI00001291,T0000412,P000015,3,49.37,148.11
TI00001292,T0000413,P000013,3,13.19,39.57
TI00001293,T0000413,P000012,3,42.38,127.14
TI00001294,T0000414,P000012,1,42.38,42.38
TI00001295,T0000415,P000010,2,43.23,86.46
TI00001296,T0000415,P000014,4,24.75,99.0
TI00001297,T0000415,P000009,3,33.09,99.27
TI00001298,T0000415,P000017,2,43.77,87.54
TI00001299,T0000416,P000009,4,33.09,132.36
TI00001300,T0000416,P000014,4,24.75,99.0
TI00001301,T0000417,P000002,2,56.39,112.78
TI00001302,T0000417,P000005,1,49.07,49.07
TI00001303,T0000417,P000011,3,19.19,57.57
TI00001304,T0000418,P000020,3,58.91,176.73
TI00001305,T0000418,P000005,3,49.07,147.21
TI00001306,T0000418,P000006,4,9.16,36.64
TI00001307,T0000419,P000013,3,13.19,39.57
TI00001308,T0000419,P000004,2,39.36,78.72
TI00001309,T0000420,P000006,3,9.16,27.48
TI00001310,T0000420,P000016,1,49.09,49.09
TI00001311,T0000420,P000018,4,32.67,130.68
TI00001312,T0000420,P000003,4,10.3,41.2
TI00001313,T0000421,P000018,2,32.67,65.34
TI00001314,T0000421,P000020,1,58.91,58.91
TI00001315,T0000421,P000017,3,43.77,131.31
TI00001316,T0000421,P000019,2,32.28,64.56
TI00001317,T0000422,P000013,1,13.19,13.19
TI00001318,T0000422,P000005,1,49.07,49.07
TI00001319,T0000422,P000003,2,10.3,20.6
TI00001320,T0000422,P000018,4,32.67,130.68
TI00001321,T0000422,P000008,4,52.62,210.48
TI00001322,T0000423,P000012,2,42.38,84.76
TI00001323,T0000423,P000010,4,43.23,172.92
TI00001324,T0000423,P000006,4,9.16,36.64
TI00001325,T0000423,P000008,4,52.62,210.48
TI00001326,T0000424,P000003,4,10.3,41.2
TI00001327,T0000425,P000020,1,58.91,58.91
TI00001328,T0000425,P000015,1,49.37,49.37
TI00001329,T0000425,P000009,2,33.09,66.18
TI00001330,T0000425,P000019,4,32.28,129.12
TI00001331,T0000425,P000011,2,19.19,38.38
TI00001332,T0000426,P000003,1,10.3,10.3
TI00001333,T0000426,P000004,4,39.36,157.44
TI00001334,T0000426,P000002,1,56.39,56.39
TI00001335,T0000426,P000010,1,43.23,43.23
TI00001336,T0000426,P000018,2,32.67,65.34
TI00001337,T0000427,P000007,1,44.35,44.35
TI00001338,T0000428,P000012,3,42.38,127.14
TI00001339,T0000428,P000013,3,13.19,39.57
TI00001340,T0000428,P000015,3,49.37,148.11
TI00001341,T0000428,P000008,4,52.62,210.48
TI00001342,T0000428,P000003,1,10.3,10.3
TI00001343,T0000429,P000011,3,19.19,57.57
TI00001344,T0000429,P000008,2,52.62,105.24
TI00001345,T0000429,P000001,1,27.25,27.25
TI00001346,T0000430,P000001,1,27.25,27.25
TI00001347,T0000431,P000010,1,43.23,43.23
TI00001348,T0000431,P000018,4,32.67,130.68
TI00001349,T0000431,P000006,2,9.16,18.32
TI00001350,T0000431,P000013,2,13.19,26.38
TI00001351,T0000432,P000006,2,9.16,18.32
TI00001352,T0000432,P000017,1,43.77,43.77
TI00001353,T0000432,P000020,4,58.91,235.64
TI00001354,T0000432,P000010,3,43.23,129.69
TI00001355,T0000433,P000007,4,44.35,177.4
TI00001356,T0000433,P000009,2,33.09,66.18
TI00001357,T0000433,P000015,2,49.37,98.74
TI00001358,T0000434,P000019,2,32.28,64.56
TI00001359,T0000434,P000010,1,43.23,43.23
TI00001360,T0000435,P000005,1,49.07,49.07
TI00001361,T0000435,P000009,4,33.09,132.36
TI00001362,T0000436,P000018,2,32.67,65.34
TI00001363,T0000437,P000002,3,56.39,169.17
TI00001364,T0000437,P000013,3,13.19,39.57
TI00001365,T0000438,P000016,2,49.09,98.18
TI00001366,T0000438,P000013,2,13.19,26.38
TI00001367,T0000438,P000008,2,52.62,105.24
TI00001368,T0000438,P000005,4,49.07,196.28
TI00001369,T0000439,P000015,4,49.37,197.48
TI00001370,T0000439,P000012,3,42.38,127.14
TI00001371,T0000439,P000014,4,24.75,99.0
TI00001372,T0000439,P000006,2,9.16,18.32
TI00001373,T0000440,P000018,1,32.67,32.67
TI00001374,T0000440,P000010,2,43.23,86.46
TI00001375,T0000440,P000019,3,32.28,96.84
TI00001376,T0000441,P000017,4,43.77,175.08
TI00001377,T0000441,P000013,1,13.19,13.19
TI00001378,T0000442,P000015,1,49.37,49.37
TI00001379,T0000442,P000019,4,32.28,129.12
TI00001380,T0000442,P000002,4,56.39,225.56
TI00001381,T0000442,P000006,1,9.16,9.16
TI00001382,T0000443,P000006,1,9.16,9.16
TI00001383,T0000443,P000017,1,43.77,43.77
TI00001384,T0000444,P000010,1,43.23,43.23
TI00001385,T0000444,P000006,1,9.16,9.16
TI00001386,T0000444,P000012,2,42.38,84.76
TI00001387,T0000445,P000015,2,49.37,98.74
TI00001388,T0000445,P000011,4,19.19,76.76
TI00001389,T0000445,P000014,4,24.75,99.0
TI00001390,T0000445,P000008,2,52.62,105.24
TI00001391,T0000446,P000004,1,39.36,39.36
TI00001392,T0000447,P000004,1,39.36,39.36
TI00001393,T0000447,P000014,2,24.75,49.5
TI00001394,T0000447,P000019,4,32.28,129.12
TI00001395,T0000447,P000015,3,49.37,148.11
TI00001396,T0000447,P000003,1,10.3,10.3
TI00001397,T0000448,P000002,4,56.39,225.56
TI00001398,T0000449,P000016,3,49.09,147.27
TI00001399,T0000449,P000009,1,33.09,33.09
TI00001400,T0000449,P000011,2,19.19,38.38
TI00001401,T0000449,P000003,1,10.3,10.3
TI00001402,T0000449,P000017,2,43.77,87.54
TI00001403,T0000450,P000005,2,49.07,98.14
TI00001404,T0000450,P000015,1,49.37,49.37
TI00001405,T0000450,P000011,3,19.19,57.57
TI00001406,T0000450,P000002,1,56.39,56.39
TI00001407,T0000450,P000017,4,43.77,175.08
TI00001408,T0000451,P000009,3,33.09,99.27
TI00001409,T0000451,P000014,1,24.75,24.75
TI00001410,T0000451,P000007,4,44.35,177.4
TI00001411,T0000451,P000020,3,58.91,176.73
TI00001412,T0000452,P000004,1,39.36,39.36
TI00001413,T0000452,P000016,4,49.09,196.36
TI00001414,T0000452,P000020,3,58.91,176.73
TI00001415,T0000452,P000015,3,49.37,148.11
TI00001416,T0000452,P000019,1,32.28,32.28
TI00001417,T0000453,P000007,3,44.35,133.05
TI00001418,T0000453,P000012,1,42.38,42.38
TI00001419,T0000453,P000018,4,32.67,130.68
TI00001420,T0000453,P000010,4,43.23,172.92
TI00001421,T0000454,P000012,4,42.38,169.52
TI00001422,T0000454,P000007,4,44.35,177.4
TI00001423,T0000454,P000001,2,27.25,54.5
TI00001424,T0000454,P000003,2,10.3,20.6
TI00001425,T0000454,P000016,4,49.09,196.36
TI00001426,T0000455,P000019,4,32.28,129.12
TI00001427,T0000455,P000006,4,9.16,36.64
TI00001428,T0000455,P000012,2,42.38,84.76
TI00001429,T0000455,P000005,4,49.07,196.28
TI00001430,T0000456,P000015,3,49.37,148.11
TI00001431,T0000456,P000010,3,43.23,129.69
TI00001432,T0000456,P000014,2,24.75,49.5
TI00001433,T0000457,P000001,4,27.25,109.0
TI00001434,T0000457,P000005,4,49.07,196.28
TI00001435,T0000457,P000019,3,32.28,96.84
TI00001436,T0000457,P000013,4,13.19,52.76
TI00001437,T0000458,P000011,4,19.19,76.76
TI00001438,T0000458,P000002,3,56.39,169.17
TI00001439,T0000459,P000013,1,13.19,13.19
TI00001440,T0000459,P000006,4,9.16,36.64
TI00001441,T0000460,P000005,1,49.07,49.07
TI00001442,T0000460,P000020,1,58.91,58.91
TI00001443,T0000460,P000002,1,56.39,56.39
TI00001444,T0000460,P000001,4,27.25,109.0
TI00001445,T0000461,P000001,4,27.25,109.0
TI00001446,T0000461,P000005,3,49.07,147.21
TI00001447,T0000461,P000015,4,49.37,197.48
TI00001448,T0000462,P000008,1,52.62,52.62
TI00001449,T0000463,P000010,2,43.23,86.46
TI00001450,T0000464,P000003,4,10.3,41.2
TI00001451,T0000464,P000013,3,13.19,39.57
TI00001452,T0000464,P000018,4,32.67,130.68
TI00001453,T0000464,P000020,2,58.91,117.82
TI00001454,T0000465,P000004,4,39.36,157.44
TI00001455,T0000466,P000018,2,32.67,65.34
TI00001456,T0000467,P000012,3,42.38,127.14
TI00001457,T0000468,P000013,2,13.19,26.38
TI00001458,T0000468,P000020,1,58.91,58.91
TI00001459,T0000468,P000007,4,44.35,177.4
TI00001460,T0000468,P000005,4,49.07,196.28
TI00001461,T0000468,P000008,1,52.62,52.62
TI00001462,T0000469,P000014,1,24.75,24.75
TI00001463,T0000469,P000007,4,44.35,177.4
TI00001464,T0000469,P000001,1,27.25,27.25
TI00001465,T0000469,P000015,1,49.37,49.37
TI00001466,T0000469,P000004,1,39.36,39.36
TI00001467,T0000470,P000009,1,33.09,33.09
TI00001468,T0000471,P000015,2,49.37,98.74
TI00001469,T0000471,P000005,4,49.07,196.28
TI00001470,T0000471,P000018,1,32.67,32.67
TI00001471,T0000472,P000019,4,32.28,129.12
TI00001472,T0000473,P000018,4,32.67,130.68
TI00001473,T0000474,P000004,1,39.36,39.36
TI00001474,T0000474,P000007,1,44.35,44.35
TI00001475,T0000474,P000020,4,58.91,235.64
TI00001476,T0000474,P000017,2,43.77,87.54
TI00001477,T0000475,P000009,2,33.09,66.18
TI00001478,T0000475,P000018,4,32.67,130.68
TI00001479,T0000476,P000015,3,49.37,148.11
TI00001480,T0000477,P000012,1,42.38,42.38
TI00001481,T0000477,P000007,2,44.35,88.7
TI00001482,T0000477,P000005,2,49.07,98.14
TI00001483,T0000477,P000020,3,58.91,176.73
TI00001484,T0000478,P000017,2,43.77,87.54
TI00001485,T0000478,P000012,1,42.38,42.38
TI00001486,T0000478,P000008,4,52.62,210.48
TI00001487,T0000479,P000015,3,49.37,148.11
TI00001488,T0000480,P000010,2,43.23,86.46
TI00001489,T0000480,P000007,3,44.35,133.05
TI00001490,T0000480,P000009,1,33.09,33.09
TI00001491,T0000480,P000012,2,42.38,84.76
TI00001492,T0000480,P000013,2,13.19,26.38
TI00001493,T0000481,P000012,3,42.38,127.14
TI00001494,T0000481,P000013,1,13.19,13.19
TI00001495,T0000481,P000002,2,56.39,112.78
TI00001496,T0000481,P000014,2,24.75,49.5
TI00001497,T0000482,P000013,2,13.19,26.38
TI00001498,T0000483,P000020,1,58.91,58.91
TI00001499,T0000483,P000012,2,42.38,84.76
TI00001500,T0000484,P000020,1,58.91,58.91
TI00001501,T0000484,P000003,3,10.3,30.9
TI00001502,T0000485,P000002,4,56.39,225.56
TI00001503,T0000486,P000020,4,58.91,235.64
TI00001504,T0000486,P000011,1,19.19,19.19
TI00001505,T0000486,P000005,1,49.07,49.07
TI00001506,T0000487,P000017,4,43.77,175.08
TI00001507,T0000488,P000001,3,27.25,81.75
TI00001508,T0000488,P000014,4,24.75,99.0
TI00001509,T0000488,P000017,2,43.77,87.54
TI00001510,T0000488,P000013,2,13.19,26.38
TI00001511,T0000488,P000020,4,58.91,235.64
TI00001512,T0000489,P000013,2,13.19,26.38
TI00001513,T0000490,P000014,2,24.75,49.5
TI00001514,T0000490,P000013,4,13.19,52.76
TI00001515,T0000490,P000020,2,58.91,117.82
TI00001516,T0000490,P000002,3,56.39,169.17
TI00001517,T0000490,P000001,2,27.25,54.5
TI00001518,T0000491,P000020,4,58.91,235.64
TI00001519,T0000491,P000002,1,56.39,56.39
TI00001520,T0000491,P000014,4,24.75,99.0
TI00001521,T0000492,P000010,1,43.23,43.23
TI00001522,T0000492,P000012,1,42.38,42.38
TI00001523,T0000492,P000014,3,24.75,74.25
TI00001524,T0000493,P000014,3,24.75,74.25
TI00001525,T0000494,P000003,3,10.3,30.9
TI00001526,T0000494,P000019,3,32.28,96.84
TI00001527,T0000494,P000004,3,39.36,118.08
TI00001528,T0000494,P000018,3,32.67,98.01
TI00001529,T0000495,P000013,2,13.19,26.38
TI00001530,T0000495,P000002,4,56.39,225.56
TI00001531,T0000496,P000002,3,56.39,169.17
TI00001532,T0000497,P000002,3,56.39,169.17
TI00001533,T0000498,P000010,4,43.23,172.92
TI00001534,T0000498,P000005,2,49.07,98.14
TI00001535,T0000498,P000016,3,49.09,147.27
TI00001536,T0000498,P000007,4,44.35,177.4
TI00001537,T0000498,P000001,2,27.25,54.5
TI00001538,T0000499,P000015,1,49.37,49.37
TI00001539,T0000499,P000020,1,58.91,58.91
TI00001540,T0000500,P000012,1,42.38,42.38
TI00001541,T0000500,P000013,2,13.19,26.38
TI00001542,T0000500,P000018,2,32.67,65.34
TI00001543,T0000501,P000011,1,19.19,19.19
TI00001544,T0000501,P000007,4,44.35,177.4
TI00001545,T0000501,P000014,1,24.75,24.75
TI00001546,T0000501,P000020,2,58.91,117.82
TI00001547,T0000502,P000016,4,49.09,196.36
TI00001548,T0000502,P000010,1,43.23,43.23
TI00001549,T0000502,P000014,4,24.75,99.0
TI00001550,T0000503,P000007,2,44.35,88.7
TI00001551,T0000503,P000015,1,49.37,49.37
TI00001552,T0000504,P000019,3,32.28,96.84
TI00001553,T0000504,P000001,4,27.25,109.0
TI00001554,T0000504,P000013,1,13.19,13.19
TI00001555,T0000504,P000020,2,58.91,117.82
TI00001556,T0000505,P000015,2,49.37,98.74
TI00001557,T0000505,P000012,4,42.38,169.52
TI00001558,T0000505,P000010,2,43.23,86.46
TI00001559,T0000505,P000002,2,56.39,112.78
TI00001560,T0000506,P000003,3,10.3,30.9
TI00001561,T0000506,P000017,4,43.77,175.08
TI00001562,T0000507,P000012,3,42.38,127.14
TI00001563,T0000508,P000008,1,52.62,52.62
TI00001564,T0000509,P000001,1,27.25,27.25
TI00001565,T0000509,P000014,4,24.75,99.0
TI00001566,T0000509,P000006,3,9.16,27.48
TI00001567,T0000510,P000013,1,13.19,13.19
TI00001568,T0000511,P000017,1,43.77,43.77
TI00001569,T0000511,P000001,4,27.25,109.0
TI00001570,T0000511,P000012,2,42.38,84.76
TI00001571,T0000512,P000001,2,27.25,54.5
TI00001572,T0000512,P000015,1,49.37,49.37
TI00001573,T0000512,P000018,2,32.67,65.34
TI00001574,T0000512,P000003,3,10.3,30.9
TI00001575,T0000513,P000003,3,10.3,30.9
TI00001576,T0000513,P000016,3,49.09,147.27
TI00001577,T0000514,P000009,1,33.09,33.09
TI00001578,T0000514,P000007,1,44.35,44.35
TI00001579,T0000515,P000012,1,42.38,42.38
TI00001580,T0000515,P000009,2,33.09,66.18
TI00001581,T0000515,P000006,2,9.16,18.32
TI00001582,T0000515,P000007,4,44.35,177.4
TI00001583,T0000515,P000013,2,13.19,26.38
TI00001584,T0000516,P000008,2,52.62,105.24
TI00001585,T0000516,P000011,3,19.19,57.57
TI00001586,T0000516,P000016,2,49.09,98.18
TI00001587,T0000517,P000002,2,56.39,112.78
TI00001588,T0000517,P000004,2,39.36,78.72
TI00001589,T0000517,P000014,2,24.75,49.5
TI00001590,T0000518,P000010,4,43.23,172.92
TI00001591,T0000518,P000017,1,43.77,43.77
TI00001592,T0000518,P000005,3,49.07,147.21
TI00001593,T0000518,P000002,2,56.39,112.78
TI00001594,T0000518,P000014,2,24.75,49.5
TI00001595,T0000519,P000007,1,44.35,44.35
TI00001596,T0000519,P000008,3,52.62,157.86
TI00001597,T0000519,P000006,2,9.16,18.32
TI00001598,T0000519,P000001,4,27.25,109.0
TI00001599,T0000520,P000008,2,52.62,105.24
TI00001600,T0000521,P000004,2,39.36,78.72
TI00001601,T0000521,P000009,4,33.09,132.36
TI00001602,T0000521,P000006,3,9.16,27.48
TI00001603,T0000521,P000005,3,49.07,147.21
TI00001604,T0000522,P000013,3,13.19,39.57
TI00001605,T0000522,P000007,4,44.35,177.4
TI00001606,T0000522,P000015,3,49.37,148.11
TI00001607,T0000523,P000014,3,24.75,74.25
TI00001608,T0000524,P000016,4,49.09,196.36
TI00001609,T0000524,P000001,3,27.25,81.75
TI00001610,T0000524,P000019,4,32.28,129.12
TI00001611,T0000524,P000002,2,56.39,112.78
TI00001612,T0000525,P000005,1,49.07,49.07
TI00001613,T0000525,P000019,1,32.28,32.28
TI00001614,T0000525,P000010,3,43.23,129.69
TI00001615,T0000525,P000016,1,49.09,49.09
TI00001616,T0000525,P000014,3,24.75,74.25
TI00001617,T0000526,P000007,2,44.35,88.7
TI00001618,T0000526,P000002,3,56.39,169.17
TI00001619,T0000526,P000018,4,32.67,130.68
TI00001620,T0000526,P000011,1,19.19,19.19
TI00001621,T0000527,P000018,2,32.67,65.34
TI00001622,T0000527,P000010,1,43.23,43.23
TI00001623,T0000527,P000012,2,42.38,84.76
TI00001624,T0000528,P000006,3,9.16,27.48
TI00001625,T0000528,P000001,2,27.25,54.5
TI00001626,T0000528,P000014,2,24.75,49.5
TI00001627,T0000528,P000015,4,49.37,197.48
TI00001628,T0000528,P000018,1,32.67,32.67
TI00001629,T0000529,P000010,3,43.23,129.69
TI00001630,T0000530,P000004,3,39.36,118.08
TI00001631,T0000530,P000014,1,24.75,24.75
TI00001632,T0000530,P000008,4,52.62,210.48
TI00001633,T0000530,P000019,4,32.28,129.12
TI00001634,T0000530,P000016,1,49.09,49.09
TI00001635,T0000531,P000015,1,49.37,49.37
TI00001636,T0000531,P000005,1,49.07,49.07
TI00001637,T0000531,P000011,1,19.19,19.19
TI00001638,T0000531,P000017,4,43.77,175.08
TI00001639,T0000532,P000016,3,49.09,147.27
TI00001640,T0000532,P000001,3,27.25,81.75
TI00001641,T0000532,P000013,2,13.19,26.38
TI00001642,T0000533,P000005,4,49.07,196.28
TI00001643,T0000533,P000003,1,10.3,10.3
TI00001644,T0000533,P000020,3,58.91,176.73
TI00001645,T0000533,P000006,4,9.16,36.64
TI00001646,T0000534,P000013,1,13.19,13.19
TI00001647,T0000534,P000017,2,43.77,87.54
TI00001648,T0000535,P000012,1,42.38,42.38
TI00001649,T0000535,P000005,1,49.07,49.07
TI00001650,T0000535,P000001,4,27.25,109.0
TI00001651,T0000536,P000018,1,32.67,32.67
TI00001652,T0000536,P000016,4,49.09,196.36
TI00001653,T0000537,P000013,3,13.19,39.57
TI00001654,T0000538,P000017,2,43.77,87.54
TI00001655,T0000538,P000018,2,32.67,65.34
TI00001656,T0000538,P000012,2,42.38,84.76
TI00001657,T0000538,P000009,4,33.09,132.36
TI00001658,T0000539,P000010,4,43.23,172.92
TI00001659,T0000539,P000016,1,49.09,49.09
TI00001660,T0000539,P000015,1,49.37,49.37
TI00001661,T0000540,P000015,4,49.37,197.48
TI00001662,T0000540,P000016,3,49.09,147.27
TI00001663,T0000540,P000020,3,58.91,176.73
TI00001664,T0000540,P000005,4,49.07,196.28
TI00001665,T0000540,P000001,2,27.25,54.5
TI00001666,T0000541,P000008,3,52.62,157.86
TI00001667,T0000541,P000010,3,43.23,129.69
TI00001668,T0000541,P000003,3,10.3,30.9
TI00001669,T0000542,P000012,4,42.38,169.52
TI00001670,T0000542,P000020,4,58.91,235.64
TI00001671,T0000542,P000005,4,49.07,196.28
TI00001672,T0000543,P000002,2,56.39,112.78
TI00001673,T0000543,P000005,3,49.07,147.21
TI00001674,T0000543,P000004,2,39.36,78.72
TI00001675,T0000543,P000006,3,9.16,27.48
TI00001676,T0000543,P000017,2,43.77,87.54
TI00001677,T0000544,P000010,1,43.23,43.23
TI00001678,T0000544,P000017,1,43.77,43.77
TI00001679,T0000544,P000011,3,19.19,57.57
TI00001680,T0000544,P000014,2,24.75,49.5
TI00001681,T0000544,P000019,3,32.28,96.84
TI00001682,T0000545,P000003,4,10.3,41.2
TI00001683,T0000545,P000004,3,39.36,118.08
TI00001684,T0000545,P000012,3,42.38,127.14
TI00001685,T0000545,P000016,3,49.09,147.27
TI00001686,T0000545,P000017,3,43.77,131.31
TI00001687,T0000546,P000010,3,43.23,129.69
TI00001688,T0000546,P000007,2,44.35,88.7
TI00001689,T0000546,P000020,2,58.91,117.82
TI00001690,T0000547,P000014,4,24.75,99.0
TI00001691,T0000547,P000013,4,13.19,52.76
TI00001692,T0000548,P000017,1,43.77,43.77
TI00001693,T0000548,P000003,2,10.3,20.6
TI00001694,T0000548,P000007,1,44.35,44.35
TI00001695,T0000548,P000009,4,33.09,132.36
TI00001696,T0000548,P000008,3,52.62,157.86
TI00001697,T0000549,P000009,1,33.09,33.09
TI00001698,T0000549,P000001,2,27.25,54.5
TI00001699,T0000549,P000015,1,49.37,49.37
TI00001700,T0000550,P000006,3,9.16,27.48
TI00001701,T0000550,P000017,2,43.77,87.54
TI00001702,T0000550,P000008,4,52.62,210.48
TI00001703,T0000550,P000015,4,49.37,197.48
TI00001704,T0000550,P000010,2,43.23,86.46
TI00001705,T0000551,P000006,4,9.16,36.64
TI00001706,T0000551,P000012,2,42.38,84.76
TI00001707,T0000551,P000010,3,43.23,129.69
TI00001708,T0000551,P000018,3,32.67,98.01
TI00001709,T0000552,P000019,1,32.28,32.28
TI00001710,T0000552,P000013,4,13.19,52.76
TI00001711,T0000552,P000012,2,42.38,84.76
TI00001712,T0000553,P000009,3,33.09,99.27
TI00001713,T0000553,P000002,3,56.39,169.17
TI00001714,T0000554,P000005,4,49.07,196.28
TI00001715,T0000555,P000017,4,43.77,175.08
TI00001716,T0000556,P000016,1,49.09,49.09
TI00001717,T0000556,P000003,3,10.3,30.9
TI00001718,T0000556,P000004,1,39.36,39.36
TI00001719,T0000557,P000019,1,32.28,32.28
TI00001720,T0000557,P000009,2,33.09,66.18
TI00001721,T0000557,P000017,2,43.77,87.54
TI00001722,T0000557,P000020,2,58.91,117.82
TI00001723,T0000558,P000008,3,52.62,157.86
TI00001724,T0000559,P000014,2,24.75,49.5
TI00001725,T0000559,P000012,4,42.38,169.52
TI00001726,T0000559,P000004,3,39.36,118.08
TI00001727,T0000559,P000016,1,49.09,49.09
TI00001728,T0000560,P000019,1,32.28,32.28
TI00001729,T0000560,P000009,1,33.09,33.09
TI00001730,T0000560,P000013,1,13.19,13.19
TI00001731,T0000561,P000009,2,33.09,66.18
TI00001732,T0000561,P000001,2,27.25,54.5
TI00001733,T0000562,P000001,4,27.25,109.0
TI00001734,T0000562,P000019,1,32.28,32.28
TI00001735,T0000562,P000012,3,42.38,127.14
TI00001736,T0000563,P000016,3,49.09,147.27
TI00001737,T0000563,P000020,1,58.91,58.91
TI00001738,T0000564,P000008,4,52.62,210.48
TI00001739,T0000564,P000011,3,19.19,57.57
TI00001740,T0000564,P000001,3,27.25,81.75
TI00001741,T0000564,P000004,1,39.36,39.36
TI00001742,T0000565,P000020,2,58.91,117.82
TI00001743,T0000565,P000006,4,9.16,36.64
TI00001744,T0000566,P000004,1,39.36,39.36
TI00001745,T0000566,P000009,4,33.09,132.36
TI00001746,T0000566,P000017,3,43.77,131.31
TI00001747,T0000566,P000014,3,24.75,74.25
TI00001748,T0000567,P000014,3,24.75,74.25
TI00001749,T0000567,P000001,3,27.25,81.75
TI00001750,T0000567,P000011,2,19.19,38.38
TI00001751,T0000568,P000002,4,56.39,225.56
TI00001752,T0000568,P000013,2,13.19,26.38
TI00001753,T0000569,P000005,3,49.07,147.21
TI00001754,T0000570,P000012,3,42.38,127.14
TI00001755,T0000571,P000008,4,52.62,210.48
TI00001756,T0000571,P000014,3,24.75,74.25
TI00001757,T0000571,P000019,2,32.28,64.56
TI00001758,T0000571,P000005,4,49.07,196.28
TI00001759,T0000571,P000012,3,42.38,127.14
TI00001760,T0000572,P000013,3,13.19,39.57
TI00001761,T0000573,P000007,4,44.35,177.4
TI00001762,T0000573,P000015,4,49.37,197.48
TI00001763,T0000573,P000017,4,43.77,175.08
TI00001764,T0000573,P000002,1,56.39,56.39
TI00001765,T0000574,P000001,1,27.25,27.25
TI00001766,T0000574,P000009,3,33.09,99.27
TI00001767,T0000575,P000011,1,19.19,19.19
TI00001768,T0000575,P000014,1,24.75,24.75
TI00001769,T0000576,P000005,4,49.07,196.28
TI00001770,T0000576,P000007,3,44.35,133.05
TI00001771,T0000576,P000001,2,27.25,54.5
TI00001772,T0000577,P000010,4,43.23,172.92
TI00001773,T0000577,P000005,2,49.07,98.14
TI00001774,T0000577,P000014,1,24.75,24.75
TI00001775,T0000577,P000002,1,56.39,56.39
TI00001776,T0000577,P000003,2,10.3,20.6
TI00001777,T0000578,P000014,3,24.75,74.25
TI00001778,T0000579,P000001,3,27.25,81.75
TI00001779,T0000579,P000002,4,56.39,225.56
TI00001780,T0000579,P000019,2,32.28,64.56
TI00001781,T0000580,P000010,1,43.23,43.23
TI00001782,T0000580,P000007,3,44.35,133.05
TI00001783,T0000581,P000006,4,9.16,36.64
TI00001784,T0000581,P000017,4,43.77,175.08
TI00001785,T0000581,P000009,4,33.09,132.36
TI00001786,T0000582,P000004,3,39.36,118.08
TI00001787,T0000582,P000019,4,32.28,129.12
TI00001788,T0000583,P000007,3,44.35,133.05
TI00001789,T0000583,P000004,1,39.36,39.36
TI00001790,T0000583,P000008,3,52.62,157.86
TI00001791,T0000583,P000002,1,56.39,56.39
TI00001792,T0000583,P000010,4,43.23,172.92
TI00001793,T0000584,P000015,2,49.37,98.74
TI00001794,T0000584,P000004,4,39.36,157.44
TI00001795,T0000585,P000004,4,39.36,157.44
TI00001796,T0000585,P000011,3,19.19,57.57
TI00001797,T0000585,P000017,1,43.77,43.77
TI00001798,T0000586,P000013,2,13.19,26.38
TI00001799,T0000586,P000006,3,9.16,27.48
TI00001800,T0000586,P000017,3,43.77,131.31
TI00001801,T0000586,P000012,2,42.38,84.76
TI00001802,T0000586,P000016,2,49.09,98.18
TI00001803,T0000587,P000016,2,49.09,98.18
TI00001804,T0000587,P000018,4,32.67,130.68
TI00001805,T0000587,P000007,2,44.35,88.7
TI00001806,T0000588,P000009,1,33.09,33.09
TI00001807,T0000588,P000018,4,32.67,130.68
TI00001808,T0000588,P000002,2,56.39,112.78
TI00001809,T0000589,P000001,4,27.25,109.0
TI00001810,T0000589,P000009,1,33.09,33.09
TI00001811,T0000589,P000007,4,44.35,177.4
TI00001812,T0000589,P000010,2,43.23,86.46
TI00001813,T0000590,P000018,2,32.67,65.34
TI00001814,T0000590,P000013,3,13.19,39.57
TI00001815,T0000590,P000005,1,49.07,49.07
TI00001816,T0000590,P000019,1,32.28,32.28
TI00001817,T0000591,P000005,4,49.07,196.28
TI00001818,T0000591,P000006,1,9.16,9.16
TI00001819,T0000591,P000001,4,27.25,109.0
TI00001820,T0000591,P000019,4,32.28,129.12
TI00001821,T0000591,P000003,2,10.3,20.6
TI00001822,T0000592,P000006,2,9.16,18.32
TI00001823,T0000592,P000001,4,27.25,109.0
TI00001824,T0000592,P000009,2,33.09,66.18
TI00001825,T0000593,P000004,3,39.36,118.08
TI00001826,T0000593,P000005,3,49.07,147.21
TI00001827,T0000593,P000009,3,33.09,99.27
TI00001828,T0000593,P000002,1,56.39,56.39
TI00001829,T0000593,P000017,2,43.77,87.54
TI00001830,T0000594,P000001,2,27.25,54.5
TI00001831,T0000594,P000003,3,10.3,30.9
TI00001832,T0000594,P000019,4,32.28,129.12
TI00001833,T0000594,P000016,3,49.09,147.27
TI00001834,T0000595,P000002,2,56.39,112.78
TI00001835,T0000595,P000007,4,44.35,177.4
TI00001836,T0000596,P000015,2,49.37,98.74
TI00001837,T0000596,P000013,4,13.19,52.76
TI00001838,T0000597,P000014,3,24.75,74.25
TI00001839,T0000598,P000018,4,32.67,130.68
TI00001840,T0000599,P000002,1,56.39,56.39
TI00001841,T0000600,P000015,3,49.37,148.11
TI00001842,T0000600,P000010,2,43.23,86.46
TI00001843,T0000600,P000017,2,43.77,87.54
TI00001844,T0000600,P000011,1,19.19,19.19
TI00001845,T0000601,P000004,2,39.36,78.72
TI00001846,T0000601,P000010,3,43.23,129.69
TI00001847,T0000602,P000002,1,56.39,56.39
TI00001848,T0000602,P000019,3,32.28,96.84
TI00001849,T0000603,P000008,1,52.62,52.62
TI00001850,T0000603,P000020,4,58.91,235.64
TI00001851,T0000603,P000013,3,13.19,39.57
TI00001852,T0000604,P000007,2,44.35,88.7
TI00001853,T0000604,P000004,4,39.36,157.44
TI00001854,T0000604,P000005,3,49.07,147.21
TI00001855,T0000605,P000006,2,9.16,18.32
TI00001856,T0000606,P000005,2,49.07,98.14
TI00001857,T0000607,P000018,1,32.67,32.67
TI00001858,T0000607,P000002,2,56.39,112.78
TI00001859,T0000607,P000020,3,58.91,176.73
TI00001860,T0000607,P000016,4,49.09,196.36
TI00001861,T0000607,P000001,1,27.25,27.25
TI00001862,T0000608,P000002,3,56.39,169.17
TI00001863,T0000608,P000010,4,43.23,172.92
TI00001864,T0000608,P000011,4,19.19,76.76
TI00001865,T0000608,P000019,2,32.28,64.56
TI00001866,T0000608,P000009,1,33.09,33.09
TI00001867,T0000609,P000019,1,32.28,32.28
TI00001868,T0000609,P000004,2,39.36,78.72
TI00001869,T0000609,P000020,3,58.91,176.73
TI00001870,T0000609,P000016,3,49.09,147.27
TI00001871,T0000610,P000014,1,24.75,24.75
TI00001872,T0000611,P000015,4,49.37,197.48
TI00001873,T0000611,P000020,4,58.91,235.64
TI00001874,T0000611,P000017,3,43.77,131.31
TI00001875,T0000612,P000004,3,39.36,118.08
TI00001876,T0000612,P000009,4,33.09,132.36
TI00001877,T0000613,P000006,1,9.16,9.16
TI00001878,T0000613,P000012,2,42.38,84.76
TI00001879,T0000613,P000007,3,44.35,133.05
TI00001880,T0000613,P000015,3,49.37,148.11
TI00001881,T0000614,P000006,2,9.16,18.32
TI00001882,T0000614,P000001,2,27.25,54.5
TI00001883,T0000614,P000009,4,33.09,132.36
TI00001884,T0000614,P000018,4,32.67,130.68
TI00001885,T0000614,P000010,1,43.23,43.23
TI00001886,T0000615,P000013,1,13.19,13.19
TI00001887,T0000615,P000006,4,9.16,36.64
TI00001888,T0000615,P000016,4,49.09,196.36
TI00001889,T0000616,P000017,1,43.77,43.77
TI00001890,T0000616,P000011,1,19.19,19.19
TI00001891,T0000616,P000013,1,13.19,13.19
TI00001892,T0000616,P000006,3,9.16,27.48
TI00001893,T0000617,P000016,1,49.09,49.09
TI00001894,T0000617,P000007,2,44.35,88.7
TI00001895,T0000617,P000013,4,13.19,52.76
TI00001896,T0000617,P000004,2,39.36,78.72
TI00001897,T0000617,P000010,2,43.23,86.46
TI00001898,T0000618,P000017,4,43.77,175.08
TI00001899,T0000618,P000014,2,24.75,49.5
TI00001900,T0000618,P000005,3,49.07,147.21
TI00001901,T0000618,P000015,2,49.37,98.74
TI00001902,T0000619,P000007,3,44.35,133.05
TI00001903,T0000619,P000001,3,27.25,81.75
TI00001904,T0000619,P000009,2,33.09,66.18
TI00001905,T0000619,P000013,3,13.19,39.57
TI00001906,T0000620,P000016,3,49.09,147.27
TI00001907,T0000621,P000015,3,49.37,148.11
TI00001908,T0000621,P000016,3,49.09,147.27
TI00001909,T0000621,P000013,1,13.19,13.19
TI00001910,T0000622,P000008,1,52.62,52.62
TI00001911,T0000622,P000009,1,33.09,33.09
TI00001912,T0000623,P000004,4,39.36,157.44
TI00001913,T0000623,P000020,2,58.91,117.82
TI00001914,T0000623,P000005,4,49.07,196.28
TI00001915,T0000623,P000012,2,42.38,84.76
TI00001916,T0000624,P000008,4,52.62,210.48
TI00001917,T0000624,P000017,4,43.77,175.08
TI00001918,T0000625,P000014,4,24.75,99.0
TI00001919,T0000625,P000004,2,39.36,78.72
TI00001920,T0000626,P000017,3,43.77,131.31
TI00001921,T0000627,P000003,1,10.3,10.3
TI00001922,T0000627,P000013,1,13.19,13.19
TI00001923,T0000627,P000005,3,49.07,147.21
TI00001924,T0000627,P000019,3,32.28,96.84
TI00001925,T0000627,P000011,3,19.19,57.57
TI00001926,T0000628,P000006,3,9.16,27.48
TI00001927,T0000628,P000003,2,10.3,20.6
TI00001928,T0000628,P000012,3,42.38,127.14
TI00001929,T0000628,P000002,4,56.39,225.56
TI00001930,T0000629,P000019,2,32.28,64.56
TI00001931,T0000630,P000002,2,56.39,112.78
TI00001932,T0000631,P000002,3,56.39,169.17
TI00001933,T0000631,P000009,2,33.09,66.18
TI00001934,T0000631,P000010,1,43.23,43.23
TI00001935,T0000631,P000018,2,32.67,65.34
TI00001936,T0000631,P000001,2,27.25,54.5
TI00001937,T0000632,P000004,1,39.36,39.36
TI00001938,T0000632,P000007,3,44.35,133.05
TI00001939,T0000632,P000005,1,49.07,49.07
TI00001940,T0000633,P000020,3,58.91,176.73
TI00001941,T0000633,P000005,4,49.07,196.28
TI00001942,T0000633,P000003,4,10.3,41.2
TI00001943,T0000634,P000006,2,9.16,18.32
TI00001944,T0000635,P000013,1,13.19,13.19
TI00001945,T0000635,P000017,1,43.77,43.77
TI00001946,T0000635,P000003,2,10.3,20.6
TI00001947,T0000635,P000020,3,58.91,176.73
TI00001948,T0000635,P000016,3,49.09,147.27
TI00001949,T0000636,P000017,3,43.77,131.31
TI00001950,T0000637,P000007,4,44.35,177.4
TI00001951,T0000637,P000008,4,52.62,210.48
TI00001952,T0000637,P000001,2,27.25,54.5
TI00001953,T0000637,P000009,3,33.09,99.27
TI00001954,T0000637,P000014,4,24.75,99.0
TI00001955,T0000638,P000013,1,13.19,13.19
TI00001956,T0000638,P000017,2,43.77,87.54
TI00001957,T0000638,P000009,3,33.09,99.27
TI00001958,T0000638,P000002,3,56.39,169.17
TI00001959,T0000638,P000006,4,9.16,36.64
TI00001960,T0000639,P000017,1,43.77,43.77
TI00001961,T0000639,P000008,1,52.62,52.62
TI00001962,T0000640,P000005,3,49.07,147.21
TI00001963,T0000640,P000002,4,56.39,225.56
TI00001964,T0000640,P000013,4,13.19,52.76
TI00001965,T0000641,P000009,3,33.09,99.27
TI00001966,T0000641,P000020,1,58.91,58.91
TI00001967,T0000641,P000019,1,32.28,32.28
TI00001968,T0000641,P000015,1,49.37,49.37
TI00001969,T0000642,P000012,4,42.38,169.52
TI00001970,T0000643,P000001,2,27.25,54.5
TI00001971,T0000643,P000003,1,10.3,10.3
TI00001972,T0000643,P000002,3,56.39,169.17
TI00001973,T0000644,P000018,3,32.67,98.01
TI00001974,T0000644,P000010,3,43.23,129.69
TI00001975,T0000645,P000007,3,44.35,133.05
TI00001976,T0000645,P000019,2,32.28,64.56
TI00001977,T0000645,P000018,1,32.67,32.67
TI00001978,T0000645,P000001,4,27.25,109.0
TI00001979,T0000645,P000006,2,9.16,18.32
TI00001980,T0000646,P000014,1,24.75,24.75
TI00001981,T0000647,P000012,2,42.38,84.76
TI00001982,T0000647,P000002,4,56.39,225.56
TI00001983,T0000648,P000018,3,32.67,98.01
TI00001984,T0000649,P000011,4,19.19,76.76
TI00001985,T0000649,P000015,2,49.37,98.74
TI00001986,T0000649,P000014,1,24.75,24.75
TI00001987,T0000649,P000005,3,49.07,147.21
TI00001988,T0000649,P000016,1,49.09,49.09
TI00001989,T0000650,P000002,1,56.39,56.39
TI00001990,T0000650,P000020,2,58.91,117.82
TI00001991,T0000650,P000007,2,44.35,88.7
TI00001992,T0000651,P000009,3,33.09,99.27
TI00001993,T0000651,P000011,1,19.19,19.19
TI00001994,T0000651,P000002,3,56.39,169.17
TI00001995,T0000651,P000012,2,42.38,84.76
TI00001996,T0000652,P000014,3,24.75,74.25
TI00001997,T0000652,P000018,2,32.67,65.34
TI00001998,T0000652,P000011,3,19.19,57.57
TI00001999,T0000652,P000002,2,56.39,112.78
TI00002000,T0000653,P000016,4,49.09,196.36
TI00002001,T0000654,P000001,1,27.25,27.25
TI00002002,T0000654,P000019,1,32.28,32.28
TI00002003,T0000654,P000009,1,33.09,33.09
TI00002004,T0000654,P000011,3,19.19,57.57
TI00002005,T0000655,P000017,3,43.77,131.31
TI00002006,T0000655,P000013,4,13.19,52.76
TI00002007,T0000655,P000016,4,49.09,196.36
TI00002008,T0000655,P000011,4,19.19,76.76
TI00002009,T0000656,P000006,4,9.16,36.64
TI00002010,T0000656,P000013,1,13.19,13.19
TI00002011,T0000656,P000009,1,33.09,33.09
TI00002012,T0000656,P000016,4,49.09,196.36
TI00002013,T0000657,P000005,3,49.07,147.21
TI00002014,T0000658,P000001,4,27.25,109.0
TI00002015,T0000658,P000012,3,42.38,127.14
TI00002016,T0000658,P000007,3,44.35,133.05
TI00002017,T0000658,P000004,4,39.36,157.44
TI00002018,T0000659,P000018,1,32.67,32.67
TI00002019,T0000659,P000012,2,42.38,84.76
TI00002020,T0000659,P000002,4,56.39,225.56
TI00002021,T0000659,P000010,3,43.23,129.69
TI00002022,T0000659,P000007,1,44.35,44.35
TI00002023,T0000660,P000014,3,24.75,74.25
TI00002024,T0000660,P000003,4,10.3,41.2
TI00002025,T0000660,P000008,2,52.62,105.24
TI00002026,T0000660,P000001,4,27.25,109.0
TI00002027,T0000661,P000002,4,56.39,225.56
TI00002028,T0000662,P000004,2,39.36,78.72
TI00002029,T0000662,P000008,2,52.62,105.24
TI00002030,T0000662,P000005,4,49.07,196.28
TI00002031,T0000662,P000013,3,13.19,39.57
TI00002032,T0000663,P000013,2,13.19,26.38
TI00002033,T0000664,P000015,4,49.37,197.48
TI00002034,T0000664,P000012,3,42.38,127.14
TI00002035,T0000664,P000008,4,52.62,210.48
TI00002036,T0000664,P000011,1,19.19,19.19
TI00002037,T0000665,P000002,2,56.39,112.78
TI00002038,T0000666,P000013,4,13.19,52.76
TI00002039,T0000666,P000015,2,49.37,98.74
TI00002040,T0000666,P000012,1,42.38,42.38
TI00002041,T0000666,P000018,2,32.67,65.34
TI00002042,T0000667,P000007,3,44.35,133.05
TI00002043,T0000667,P000016,2,49.09,98.18
TI00002044,T0000667,P000018,3,32.67,98.01
TI00002045,T0000668,P000001,1,27.25,27.25
TI00002046,T0000668,P000020,2,58.91,117.82
TI00002047,T0000668,P000004,4,39.36,157.44
TI00002048,T0000669,P000016,2,49.09,98.18
TI00002049,T0000670,P000016,2,49.09,98.18
TI00002050,T0000670,P000011,3,19.19,57.57
TI00002051,T0000670,P000008,2,52.62,105.24
TI00002052,T0000671,P000003,1,10.3,10.3
TI00002053,T0000671,P000008,1,52.62,52.62
TI00002054,T0000672,P000020,1,58.91,58.91
TI00002055,T0000673,P000016,3,49.09,147.27
TI00002056,T0000674,P000009,1,33.09,33.09
TI00002057,T0000674,P000017,1,43.77,43.77
TI00002058,T0000674,P000011,4,19.19,76.76
TI00002059,T0000675,P000015,4,49.37,197.48
TI00002060,T0000675,P000017,4,43.77,175.08
TI00002061,T0000675,P000012,4,42.38,169.52
TI00002062,T0000676,P000010,3,43.23,129.69
TI00002063,T0000676,P000003,1,10.3,10.3
TI00002064,T0000677,P000009,1,33.09,33.09
TI00002065,T0000678,P000001,1,27.25,27.25
TI00002066,T0000678,P000002,1,56.39,56.39
TI00002067,T0000678,P000004,1,39.36,39.36
TI00002068,T0000678,P000019,3,32.28,96.84
TI00002069,T0000678,P000018,4,32.67,130.68
TI00002070,T0000679,P000003,1,10.3,10.3
TI00002071,T0000679,P000009,3,33.09,99.27
TI00002072,T0000679,P000008,3,52.62,157.86
TI00002073,T0000679,P000013,2,13.19,26.38
TI00002074,T0000680,P000019,4,32.28,129.12
TI00002075,T0000680,P000006,2,9.16,18.32
TI00002076,T0000681,P000016,3,49.09,147.27
TI00002077,T0000681,P000002,3,56.39,169.17
TI00002078,T0000682,P000020,4,58.91,235.64
TI00002079,T0000682,P000004,3,39.36,118.08
TI00002080,T0000682,P000018,4,32.67,130.68
TI00002081,T0000682,P000002,2,56.39,112.78
TI00002082,T0000683,P000016,4,49.09,196.36
TI00002083,T0000684,P000014,1,24.75,24.75
TI00002084,T0000684,P000019,3,32.28,96.84
TI00002085,T0000684,P000020,1,58.91,58.91
TI00002086,T0000685,P000008,2,52.62,105.24
TI00002087,T0000685,P000010,3,43.23,129.69
TI00002088,T0000686,P000009,3,33.09,99.27
TI00002089,T0000686,P000013,3,13.19,39.57
TI00002090,T0000686,P000006,1,9.16,9.16
TI00002091,T0000687,P000001,1,27.25,27.25
TI00002092,T0000687,P000007,3,44.35,133.05
TI00002093,T0000687,P000006,1,9.16,9.16
TI00002094,T0000687,P000012,4,42.38,169.52
TI00002095,T0000688,P000014,2,24.75,49.5
TI00002096,T0000688,P000019,3,32.28,96.84
TI00002097,T0000688,P000005,4,49.07,196.28
TI00002098,T0000688,P000011,2,19.19,38.38
TI00002099,T0000688,P000015,4,49.37,197.48
TI00002100,T0000689,P000002,3,56.39,169.17
TI00002101,T0000690,P000016,4,49.09,196.36
TI00002102,T0000690,P000008,2,52.62,105.24
TI00002103,T0000691,P000019,3,32.28,96.84
TI00002104,T0000691,P000008,3,52.62,157.86
TI00002105,T0000692,P000008,3,52.62,157.86
TI00002106,T0000692,P000007,1,44.35,44.35
TI00002107,T0000692,P000002,4,56.39,225.56
TI00002108,T0000692,P000014,4,24.75,99.0
TI00002109,T0000692,P000006,4,9.16,36.64
TI00002110,T0000693,P000004,4,39.36,157.44
TI00002111,T0000693,P000001,1,27.25,27.25
TI00002112,T0000694,P000004,1,39.36,39.36
TI00002113,T0000694,P000016,1,49.09,49.09
TI00002114,T0000694,P000011,4,19.19,76.76
TI00002115,T0000694,P000020,3,58.91,176.73
TI00002116,T0000695,P000014,2,24.75,49.5
TI00002117,T0000695,P000010,4,43.23,172.92
TI00002118,T0000695,P000018,1,32.67,32.67
TI00002119,T0000696,P000015,4,49.37,197.48
TI00002120,T0000696,P000012,1,42.38,42.38
TI00002121,T0000697,P000006,4,9.16,36.64
TI00002122,T0000697,P000013,2,13.19,26.38
TI00002123,T0000697,P000011,2,19.19,38.38
TI00002124,T0000697,P000012,4,42.38,169.52
TI00002125,T0000697,P000002,1,56.39,56.39
TI00002126,T0000698,P000015,1,49.37,49.37
TI00002127,T0000698,P000017,2,43.77,87.54
TI00002128,T0000698,P000003,2,10.3,20.6
TI00002129,T0000699,P000015,1,49.37,49.37
TI00002130,T0000699,P000001,1,27.25,27.25
TI00002131,T0000699,P000013,1,13.19,13.19
TI00002132,T0000699,P000008,3,52.62,157.86
TI00002133,T0000700,P000019,3,32.28,96.84
TI00002134,T0000701,P000005,1,49.07,49.07
TI00002135,T0000701,P000010,3,43.23,129.69
TI00002136,T0000701,P000003,3,10.3,30.9
TI00002137,T0000701,P000009,4,33.09,132.36
TI00002138,T0000701,P000015,2,49.37,98.74
TI00002139,T0000702,P000004,3,39.36,118.08
TI00002140,T0000702,P000014,1,24.75,24.75
TI00002141,T0000702,P000006,2,9.16,18.32
TI00002142,T0000702,P000018,3,32.67,98.01
TI00002143,T0000702,P000007,2,44.35,88.7
TI00002144,T0000703,P000017,1,43.77,43.77
TI00002145,T0000703,P000016,1,49.09,49.09
TI00002146,T0000703,P000004,4,39.36,157.44
TI00002147,T0000704,P000007,3,44.35,133.05
TI00002148,T0000704,P000018,3,32.67,98.01
TI00002149,T0000705,P000020,3,58.91,176.73
TI00002150,T0000706,P000009,4,33.09,132.36
TI00002151,T0000706,P000007,3,44.35,133.05
TI00002152,T0000706,P000015,3,49.37,148.11
TI00002153,T0000707,P000013,2,13.19,26.38
TI00002154,T0000707,P000016,4,49.09,196.36
TI00002155,T0000708,P000005,4,49.07,196.28
TI00002156,T0000708,P000014,4,24.75,99.0
TI00002157,T0000708,P000020,3,58.91,176.73
TI00002158,T0000708,P000008,1,52.62,52.62
TI00002159,T0000708,P000004,4,39.36,157.44
TI00002160,T0000709,P000018,1,32.67,32.67
TI00002161,T0000709,P000020,4,58.91,235.64
TI00002162,T0000709,P000012,2,42.38,84.76
TI00002163,T0000710,P000018,1,32.67,32.67
TI00002164,T0000710,P000015,3,49.37,148.11
TI00002165,T0000711,P000017,4,43.77,175.08
TI00002166,T0000712,P000010,4,43.23,172.92
TI00002167,T0000712,P000002,3,56.39,169.17
TI00002168,T0000712,P000012,3,42.38,127.14
TI00002169,T0000712,P000016,4,49.09,196.36
TI00002170,T0000713,P000015,4,49.37,197.48
TI00002171,T0000713,P000001,1,27.25,27.25
TI00002172,T0000713,P000014,1,24.75,24.75
TI00002173,T0000714,P000001,3,27.25,81.75
TI00002174,T0000714,P000002,2,56.39,112.78
TI00002175,T0000714,P000012,2,42.38,84.76
TI00002176,T0000714,P000010,4,43.23,172.92
TI00002177,T0000715,P000017,3,43.77,131.31
TI00002178,T0000715,P000014,3,24.75,74.25
TI00002179,T0000715,P000015,4,49.37,197.48
TI00002180,T0000715,P000006,2,9.16,18.32
TI00002181,T0000716,P000008,3,52.62,157.86
TI00002182,T0000716,P000003,1,10.3,10.3
TI00002183,T0000716,P000020,1,58.91,58.91
TI00002184,T0000717,P000008,1,52.62,52.62
TI00002185,T0000717,P000005,2,49.07,98.14
TI00002186,T0000718,P000014,2,24.75,49.5
TI00002187,T0000718,P000017,3,43.77,131.31
TI00002188,T0000718,P000020,2,58.91,117.82
TI00002189,T0000719,P000019,1,32.28,32.28
TI00002190,T0000719,P000020,4,58.91,235.64
TI00002191,T0000719,P000007,3,44.35,133.05
TI00002192,T0000719,P000015,2,49.37,98.74
TI00002193,T0000720,P000014,2,24.75,49.5
TI00002194,T0000720,P000007,2,44.35,88.7
TI00002195,T0000720,P000004,3,39.36,118.08
TI00002196,T0000720,P000013,2,13.19,26.38
TI00002197,T0000720,P000002,2,56.39,112.78
TI00002198,T0000721,P000012,3,42.38,127.14
TI00002199,T0000721,P000018,2,32.67,65.34
TI00002200,T0000722,P000016,1,49.09,49.09
TI00002201,T0000722,P000008,4,52.62,210.48
TI00002202,T0000722,P000019,4,32.28,129.12
TI00002203,T0000723,P000016,4,49.09,196.36
TI00002204,T0000723,P000020,3,58.91,176.73
TI00002205,T0000723,P000005,3,49.07,147.21
TI00002206,T0000724,P000017,2,43.77,87.54
TI00002207,T0000725,P000016,4,49.09,196.36
TI00002208,T0000725,P000008,3,52.62,157.86
TI00002209,T0000725,P000020,4,58.91,235.64
TI00002210,T0000726,P000003,1,10.3,10.3
TI00002211,T0000726,P000005,3,49.07,147.21
TI00002212,T0000727,P000001,2,27.25,54.5
TI00002213,T0000727,P000008,2,52.62,105.24
TI00002214,T0000727,P000002,3,56.39,169.17
TI00002215,T0000727,P000014,3,24.75,74.25
TI00002216,T0000727,P000007,2,44.35,88.7
TI00002217,T0000728,P000013,1,13.19,13.19
TI00002218,T0000729,P000002,1,56.39,56.39
TI00002219,T0000729,P000015,3,49.37,148.11
TI00002220,T0000729,P000017,2,43.77,87.54
TI00002221,T0000729,P000004,1,39.36,39.36
TI00002222,T0000730,P000015,1,49.37,49.37
TI00002223,T0000730,P000005,3,49.07,147.21
TI00002224,T0000730,P000003,1,10.3,10.3
TI00002225,T0000731,P000008,4,52.62,210.48
TI00002226,T0000731,P000007,3,44.35,133.05
TI00002227,T0000731,P000018,2,32.67,65.34
TI00002228,T0000731,P000014,3,24.75,74.25
TI00002229,T0000732,P000001,3,27.25,81.75
TI00002230,T0000733,P000015,1,49.37,49.37
TI00002231,T0000733,P000005,2,49.07,98.14
TI00002232,T0000734,P000019,2,32.28,64.56
TI00002233,T0000734,P000003,2,10.3,20.6
TI00002234,T0000734,P000015,2,49.37,98.74
TI00002235,T0000735,P000017,2,43.77,87.54
TI00002236,T0000735,P000014,2,24.75,49.5
TI00002237,T0000735,P000015,4,49.37,197.48
TI00002238,T0000735,P000020,2,58.91,117.82
TI00002239,T0000736,P000003,2,10.3,20.6
TI00002240,T0000736,P000020,1,58.91,58.91
TI00002241,T0000736,P000018,1,32.67,32.67
TI00002242,T0000736,P000002,3,56.39,169.17
TI00002243,T0000737,P000002,1,56.39,56.39
TI00002244,T0000737,P000013,3,13.19,39.57
TI00002245,T0000737,P000012,3,42.38,127.14
TI00002246,T0000737,P000018,1,32.67,32.67
TI00002247,T0000737,P000006,3,9.16,27.48
TI00002248,T0000738,P000006,4,9.16,36.64
TI00002249,T0000738,P000009,4,33.09,132.36
TI00002250,T0000739,P000006,3,9.16,27.48
TI00002251,T0000739,P000008,3,52.62,157.86
TI00002252,T0000739,P000010,1,43.23,43.23
TI00002253,T0000739,P000016,3,49.09,147.27
TI00002254,T0000739,P000019,4,32.28,129.12
TI00002255,T0000740,P000011,1,19.19,19.19
TI00002256,T0000741,P000012,2,42.38,84.76
TI00002257,T0000741,P000009,2,33.09,66.18
TI00002258,T0000741,P000014,4,24.75,99.0
TI00002259,T0000741,P000008,4,52.62,210.48
TI00002260,T0000742,P000009,3,33.09,99.27
TI00002261,T0000742,P000004,1,39.36,39.36
TI00002262,T0000743,P000020,1,58.91,58.91
TI00002263,T0000743,P000018,2,32.67,65.34
TI00002264,T0000743,P000016,1,49.09,49.09
TI00002265,T0000743,P000005,4,49.07,196.28
TI00002266,T0000744,P000005,2,49.07,98.14
TI00002267,T0000745,P000008,4,52.62,210.48
TI00002268,T0000745,P000018,1,32.67,32.67
TI00002269,T0000745,P000004,4,39.36,157.44
TI00002270,T0000745,P000003,1,10.3,10.3
TI00002271,T0000746,P000015,4,49.37,197.48
TI00002272,T0000746,P000005,4,49.07,196.28
TI00002273,T0000746,P000009,2,33.09,66.18
TI00002274,T0000747,P000014,3,24.75,74.25
TI00002275,T0000747,P000007,2,44.35,88.7
TI00002276,T0000747,P000001,4,27.25,109.0
TI00002277,T0000748,P000014,3,24.75,74.25
TI00002278,T0000748,P000016,3,49.09,147.27
TI00002279,T0000749,P000009,1,33.09,33.09
TI00002280,T0000749,P000003,2,10.3,20.6
TI00002281,T0000749,P000013,4,13.19,52.76
TI00002282,T0000749,P000005,3,49.07,147.21
TI00002283,T0000750,P000007,4,44.35,177.4
TI00002284,T0000750,P000001,3,27.25,81.75
TI00002285,T0000750,P000008,4,52.62,210.48
TI00002286,T0000751,P000006,2,9.16,18.32
TI00002287,T0000751,P000018,2,32.67,65.34
TI00002288,T0000752,P000014,2,24.75,49.5
TI00002289,T0000752,P000010,2,43.23,86.46
TI00002290,T0000752,P000002,3,56.39,169.17
TI00002291,T0000752,P000008,2,52.62,105.24
TI00002292,T0000752,P000005,1,49.07,49.07
TI00002293,T0000753,P000009,1,33.09,33.09
TI00002294,T0000754,P000009,4,33.09,132.36
TI00002295,T0000754,P000010,2,43.23,86.46
TI00002296,T0000754,P000019,4,32.28,129.12
TI00002297,T0000755,P000009,4,33.09,132.36
TI00002298,T0000755,P000010,1,43.23,43.23
TI00002299,T0000755,P000011,2,19.19,38.38
TI00002300,T0000755,P000015,3,49.37,148.11
TI00002301,T0000756,P000012,1,42.38,42.38
TI00002302,T0000756,P000006,2,9.16,18.32
TI00002303,T0000756,P000009,2,33.09,66.18
TI00002304,T0000757,P000009,4,33.09,132.36
TI00002305,T0000757,P000004,3,39.36,118.08
TI00002306,T0000758,P000002,2,56.39,112.78
TI00002307,T0000758,P000011,2,19.19,38.38
TI00002308,T0000758,P000012,4,42.38,169.52
TI00002309,T0000758,P000008,3,52.62,157.86
TI00002310,T0000759,P000009,3,33.09,99.27
TI00002311,T0000760,P000002,3,56.39,169.17
TI00002312,T0000760,P000004,3,39.36,118.08
TI00002313,T0000760,P000011,2,19.19,38.38
TI00002314,T0000760,P000014,1,24.75,24.75
TI00002315,T0000760,P000019,4,32.28,129.12
TI00002316,T0000761,P000017,2,43.77,87.54
TI00002317,T0000761,P000001,2,27.25,54.5
TI00002318,T0000762,P000005,3,49.07,147.21
TI00002319,T0000762,P000004,1,39.36,39.36
TI00002320,T0000762,P000020,1,58.91,58.91
TI00002321,T0000762,P000010,1,43.23,43.23
TI00002322,T0000763,P000005,2,49.07,98.14
TI00002323,T0000763,P000014,1,24.75,24.75
TI00002324,T0000763,P000016,4,49.09,196.36
TI00002325,T0000763,P000011,4,19.19,76.76
TI00002326,T0000763,P000003,1,10.3,10.3
TI00002327,T0000764,P000013,3,13.19,39.57
TI00002328,T0000764,P000007,2,44.35,88.7
TI00002329,T0000764,P000017,3,43.77,131.31
TI00002330,T0000764,P000020,1,58.91,58.91
TI00002331,T0000765,P000004,4,39.36,157.44
TI00002332,T0000765,P000015,4,49.37,197.48
TI00002333,T0000765,P000005,3,49.07,147.21
TI00002334,T0000765,P000002,2,56.39,112.78
TI00002335,T0000766,P000002,1,56.39,56.39
TI00002336,T0000766,P000009,2,33.09,66.18
TI00002337,T0000766,P000010,2,43.23,86.46
TI00002338,T0000766,P000001,3,27.25,81.75
TI00002339,T0000766,P000007,3,44.35,133.05
TI00002340,T0000767,P000017,2,43.77,87.54
TI00002341,T0000767,P000013,2,13.19,26.38
TI00002342,T0000768,P000017,2,43.77,87.54
TI00002343,T0000768,P000011,4,19.19,76.76
TI00002344,T0000768,P000009,4,33.09,132.36
TI00002345,T0000769,P000011,1,19.19,19.19
TI00002346,T0000769,P000015,1,49.37,49.37
TI00002347,T0000769,P000004,4,39.36,157.44
TI00002348,T0000769,P000003,1,10.3,10.3
TI00002349,T0000770,P000007,3,44.35,133.05
TI00002350,T0000770,P000016,1,49.09,49.09
TI00002351,T0000770,P000006,3,9.16,27.48
TI00002352,T0000771,P000016,3,49.09,147.27
TI00002353,T0000772,P000002,3,56.39,169.17
TI00002354,T0000773,P000020,3,58.91,176.73
TI00002355,T0000773,P000007,2,44.35,88.7
TI00002356,T0000773,P000017,3,43.77,131.31
TI00002357,T0000773,P000015,1,49.37,49.37
TI00002358,T0000773,P000005,1,49.07,49.07
TI00002359,T0000774,P000007,2,44.35,88.7
TI00002360,T0000774,P000003,3,10.3,30.9
TI00002361,T0000774,P000012,3,42.38,127.14
TI00002362,T0000775,P000002,2,56.39,112.78
TI00002363,T0000775,P000019,3,32.28,96.84
TI00002364,T0000775,P000004,2,39.36,78.72
TI00002365,T0000775,P000012,1,42.38,42.38
TI00002366,T0000775,P000001,3,27.25,81.75
TI00002367,T0000776,P000013,1,13.19,13.19
TI00002368,T0000776,P000002,3,56.39,169.17
TI00002369,T0000776,P000020,2,58.91,117.82
TI00002370,T0000777,P000020,2,58.91,117.82
TI00002371,T0000777,P000001,3,27.25,81.75
TI00002372,T0000777,P000004,2,39.36,78.72
TI00002373,T0000778,P000010,4,43.23,172.92
TI00002374,T0000778,P000001,2,27.25,54.5
TI00002375,T0000778,P000018,3,32.67,98.01
TI00002376,T0000778,P000002,3,56.39,169.17
TI00002377,T0000778,P000005,3,49.07,147.21
TI00002378,T0000779,P000012,2,42.38,84.76
TI00002379,T0000779,P000018,4,32.67,130.68
TI00002380,T0000779,P000015,4,49.37,197.48
TI00002381,T0000779,P000006,2,9.16,18.32
TI00002382,T0000780,P000006,2,9.16,18.32
TI00002383,T0000780,P000010,3,43.23,129.69
TI00002384,T0000780,P000009,3,33.09,99.27
TI00002385,T0000781,P000001,2,27.25,54.5
TI00002386,T0000781,P000008,4,52.62,210.48
TI00002387,T0000781,P000018,4,32.67,130.68
TI00002388,T0000782,P000008,4,52.62,210.48
TI00002389,T0000783,P000006,4,9.16,36.64
TI00002390,T0000784,P000007,3,44.35,133.05
TI00002391,T0000784,P000010,4,43.23,172.92
TI00002392,T0000785,P000012,4,42.38,169.52
TI00002393,T0000785,P000007,3,44.35,133.05
TI00002394,T0000785,P000005,1,49.07,49.07
TI00002395,T0000785,P000008,3,52.62,157.86
TI00002396,T0000785,P000001,1,27.25,27.25
TI00002397,T0000786,P000012,2,42.38,84.76
TI00002398,T0000786,P000009,2,33.09,66.18
TI00002399,T0000786,P000010,4,43.23,172.92
TI00002400,T0000786,P000002,1,56.39,56.39
TI00002401,T0000786,P000016,3,49.09,147.27
TI00002402,T0000787,P000010,2,43.23,86.46
TI00002403,T0000787,P000005,1,49.07,49.07
TI00002404,T0000787,P000006,3,9.16,27.48
TI00002405,T0000787,P000016,1,49.09,49.09
TI00002406,T0000787,P000011,2,19.19,38.38
TI00002407,T0000788,P000016,4,49.09,196.36
TI00002408,T0000788,P000004,2,39.36,78.72
TI00002409,T0000788,P000012,1,42.38,42.38
TI00002410,T0000789,P000007,4,44.35,177.4
TI00002411,T0000789,P000014,4,24.75,99.0
TI00002412,T0000789,P000016,4,49.09,196.36
TI00002413,T0000789,P000010,1,43.23,43.23
TI00002414,T0000790,P000013,3,13.19,39.57
TI00002415,T0000790,P000003,2,10.3,20.6
TI00002416,T0000791,P000012,2,42.38,84.76
TI00002417,T0000791,P000010,1,43.23,43.23
TI00002418,T0000792,P000002,4,56.39,225.56
TI00002419,T0000792,P000018,2,32.67,65.34
TI00002420,T0000793,P000009,1,33.09,33.09
TI00002421,T0000793,P000012,1,42.38,42.38
TI00002422,T0000793,P000014,4,24.75,99.0
TI00002423,T0000794,P000013,2,13.19,26.38
TI00002424,T0000794,P000004,4,39.36,157.44
TI00002425,T0000794,P000001,1,27.25,27.25
TI00002426,T0000794,P000017,4,43.77,175.08
TI00002427,T0000795,P000003,3,10.3,30.9
TI00002428,T0000795,P000013,3,13.19,39.57
TI00002429,T0000795,P000014,3,24.75,74.25
TI00002430,T0000796,P000016,1,49.09,49.09
TI00002431,T0000796,P000009,1,33.09,33.09
TI00002432,T0000797,P000006,1,9.16,9.16
TI00002433,T0000797,P000009,3,33.09,99.27
TI00002434,T0000797,P000004,4,39.36,157.44
TI00002435,T0000797,P000011,3,19.19,57.57
TI00002436,T0000798,P000019,2,32.28,64.56
TI00002437,T0000798,P000011,1,19.19,19.19
TI00002438,T0000798,P000009,1,33.09,33.09
TI00002439,T0000798,P000002,2,56.39,112.78
TI00002440,T0000798,P000001,3,27.25,81.75
TI00002441,T0000799,P000013,3,13.19,39.57
TI00002442,T0000799,P000009,4,33.09,132.36
TI00002443,T0000799,P000010,3,43.23,129.69
TI00002444,T0000800,P000011,3,19.19,57.57
TI00002445,T0000800,P000019,2,32.28,64.56
TI00002446,T0000800,P000009,1,33.09,33.09
TI00002447,T0000800,P000013,1,13.19,13.19
TI00002448,T0000801,P000014,1,24.75,24.75
TI00002449,T0000801,P000002,2,56.39,112.78
TI00002450,T0000801,P000008,4,52.62,210.48
TI00002451,T0000801,P000010,2,43.23,86.46
TI00002452,T0000801,P000012,3,42.38,127.14
TI00002453,T0000802,P000011,4,19.19,76.76
TI00002454,T0000802,P000018,4,32.67,130.68
TI00002455,T0000802,P000010,4,43.23,172.92
TI00002456,T0000802,P000003,3,10.3,30.9
TI00002457,T0000803,P000007,4,44.35,177.4
TI00002458,T0000803,P000017,3,43.77,131.31
TI00002459,T0000804,P000008,2,52.62,105.24
TI00002460,T0000804,P000012,3,42.38,127.14
TI00002461,T0000804,P000010,1,43.23,43.23
TI00002462,T0000804,P000002,3,56.39,169.17
TI00002463,T0000805,P000003,2,10.3,20.6
TI00002464,T0000806,P000011,1,19.19,19.19
TI00002465,T0000807,P000008,2,52.62,105.24
TI00002466,T0000808,P000018,1,32.67,32.67
TI00002467,T0000808,P000015,4,49.37,197.48
TI00002468,T0000809,P000016,2,49.09,98.18
TI00002469,T0000810,P000018,3,32.67,98.01
TI00002470,T0000810,P000015,3,49.37,148.11
TI00002471,T0000811,P000015,1,49.37,49.37
TI00002472,T0000811,P000017,1,43.77,43.77
TI00002473,T0000811,P000008,1,52.62,52.62
TI00002474,T0000812,P000010,2,43.23,86.46
TI00002475,T0000812,P000018,3,32.67,98.01
TI00002476,T0000812,P000016,1,49.09,49.09
TI00002477,T0000813,P000002,1,56.39,56.39
TI00002478,T0000813,P000017,1,43.77,43.77
TI00002479,T0000813,P000018,2,32.67,65.34
TI00002480,T0000814,P000018,2,32.67,65.34
TI00002481,T0000814,P000004,3,39.36,118.08
TI00002482,T0000814,P000012,1,42.38,42.38
TI00002483,T0000814,P000017,4,43.77,175.08
TI00002484,T0000815,P000019,1,32.28,32.28
TI00002485,T0000816,P000008,3,52.62,157.86
TI00002486,T0000816,P000001,1,27.25,27.25
TI00002487,T0000816,P000010,1,43.23,43.23
TI00002488,T0000816,P000011,4,19.19,76.76
TI00002489,T0000816,P000004,3,39.36,118.08
TI00002490,T0000817,P000011,1,19.19,19.19
TI00002491,T0000817,P000015,2,49.37,98.74
TI00002492,T0000817,P000003,2,10.3,20.6
TI00002493,T0000817,P000014,3,24.75,74.25
TI00002494,T0000817,P000008,3,52.62,157.86
TI00002495,T0000818,P000002,4,56.39,225.56
TI00002496,T0000818,P000003,2,10.3,20.6
TI00002497,T0000818,P000008,3,52.62,157.86
TI00002498,T0000819,P000011,3,19.19,57.57
TI00002499,T0000819,P000020,1,58.91,58.91
TI00002500,T0000819,P000017,2,43.77,87.54
TI00002501,T0000820,P000017,1,43.77,43.77
TI00002502,T0000820,P000005,1,49.07,49.07
TI00002503,T0000820,P000019,3,32.28,96.84
TI00002504,T0000820,P000014,2,24.75,49.5
TI00002505,T0000821,P000014,4,24.75,99.0
TI00002506,T0000821,P000009,3,33.09,99.27
TI00002507,T0000821,P000007,1,44.35,44.35
TI00002508,T0000821,P000012,1,42.38,42.38
TI00002509,T0000821,P000019,3,32.28,96.84
TI00002510,T0000822,P000015,1,49.37,49.37
TI00002511,T0000823,P000019,1,32.28,32.28
TI00002512,T0000823,P000001,4,27.25,109.0
TI00002513,T0000823,P000006,4,9.16,36.64
TI00002514,T0000823,P000011,4,19.19,76.76
TI00002515,T0000823,P000016,1,49.09,49.09
TI00002516,T0000824,P000009,2,33.09,66.18
TI00002517,T0000824,P000020,3,58.91,176.73
TI00002518,T0000824,P000004,2,39.36,78.72
TI00002519,T0000824,P000003,1,10.3,10.3
TI00002520,T0000825,P000015,1,49.37,49.37
TI00002521,T0000825,P000003,2,10.3,20.6
TI00002522,T0000826,P000001,4,27.25,109.0
TI00002523,T0000826,P000006,4,9.16,36.64
TI00002524,T0000827,P000004,2,39.36,78.72
TI00002525,T0000827,P000001,3,27.25,81.75
TI00002526,T0000828,P000016,2,49.09,98.18
TI00002527,T0000829,P000007,2,44.35,88.7
TI00002528,T0000829,P000010,4,43.23,172.92
TI00002529,T0000829,P000016,3,49.09,147.27
TI00002530,T0000829,P000003,1,10.3,10.3
TI00002531,T0000830,P000016,1,49.09,49.09
TI00002532,T0000830,P000011,1,19.19,19.19
TI00002533,T0000830,P000018,2,32.67,65.34
TI00002534,T0000831,P000009,2,33.09,66.18
TI00002535,T0000831,P000018,3,32.67,98.01
TI00002536,T0000831,P000017,2,43.77,87.54
TI00002537,T0000832,P000006,1,9.16,9.16
TI00002538,T0000832,P000004,2,39.36,78.72
TI00002539,T0000832,P000014,4,24.75,99.0
TI00002540,T0000833,P000010,3,43.23,129.69
TI00002541,T0000833,P000001,4,27.25,109.0
TI00002542,T0000833,P000011,2,19.19,38.38
TI00002543,T0000833,P000017,1,43.77,43.77
TI00002544,T0000834,P000020,4,58.91,235.64
TI00002545,T0000834,P000009,1,33.09,33.09
TI00002546,T0000834,P000005,3,49.07,147.21
TI00002547,T0000834,P000012,1,42.38,42.38
TI00002548,T0000835,P000013,1,13.19,13.19
TI00002549,T0000835,P000011,4,19.19,76.76
TI00002550,T0000836,P000013,1,13.19,13.19
TI00002551,T0000836,P000005,1,49.07,49.07
TI00002552,T0000836,P000006,4,9.16,36.64
TI00002553,T0000837,P000017,1,43.77,43.77
TI00002554,T0000837,P000016,1,49.09,49.09
TI00002555,T0000837,P000013,2,13.19,26.38
TI00002556,T0000837,P000011,3,19.19,57.57
TI00002557,T0000838,P000001,2,27.25,54.5
TI00002558,T0000838,P000015,4,49.37,197.48
TI00002559,T0000838,P000009,2,33.09,66.18
TI00002560,T0000839,P000014,3,24.75,74.25
TI00002561,T0000839,P000006,3,9.16,27.48
TI00002562,T0000839,P000011,2,19.19,38.38
TI00002563,T0000839,P000009,4,33.09,132.36
TI00002564,T0000839,P000008,2,52.62,105.24
TI00002565,T0000840,P000020,4,58.91,235.64
TI00002566,T0000840,P000010,4,43.23,172.92
TI00002567,T0000840,P000003,2,10.3,20.6
TI00002568,T0000840,P000008,1,52.62,52.62
TI00002569,T0000841,P000007,3,44.35,133.05
TI00002570,T0000842,P000015,1,49.37,49.37
TI00002571,T0000842,P000011,3,19.19,57.57
TI00002572,T0000842,P000004,4,39.36,157.44
TI00002573,T0000843,P000005,1,49.07,49.07
TI00002574,T0000844,P000015,4,49.37,197.48
TI00002575,T0000845,P000007,1,44.35,44.35
TI00002576,T0000845,P000019,2,32.28,64.56
TI00002577,T0000846,P000002,4,56.39,225.56
TI00002578,T0000846,P000016,4,49.09,196.36
TI00002579,T0000846,P000019,2,32.28,64.56
TI00002580,T0000847,P000019,2,32.28,64.56
TI00002581,T0000847,P000017,1,43.77,43.77
TI00002582,T0000848,P000008,3,52.62,157.86
TI00002583,T0000848,P000018,1,32.67,32.67
TI00002584,T0000848,P000019,3,32.28,96.84
TI00002585,T0000848,P000007,3,44.35,133.05
TI00002586,T0000848,P000005,2,49.07,98.14
TI00002587,T0000849,P000006,2,9.16,18.32
TI00002588,T0000849,P000015,2,49.37,98.74
TI00002589,T0000849,P000002,3,56.39,169.17
TI00002590,T0000849,P000018,1,32.67,32.67
TI00002591,T0000849,P000008,2,52.62,105.24
TI00002592,T0000850,P000009,4,33.09,132.36
TI00002593,T0000850,P000003,3,10.3,30.9
TI00002594,T0000850,P000019,4,32.28,129.12
TI00002595,T0000851,P000002,2,56.39,112.78
TI00002596,T0000851,P000019,3,32.28,96.84
TI00002597,T0000851,P000017,3,43.77,131.31
TI00002598,T0000851,P000006,4,9.16,36.64
TI00002599,T0000851,P000012,1,42.38,42.38
TI00002600,T0000852,P000017,1,43.77,43.77
TI00002601,T0000853,P000014,1,24.75,24.75
TI00002602,T0000853,P000013,3,13.19,39.57
TI00002603,T0000853,P000001,3,27.25,81.75
TI00002604,T0000853,P000007,2,44.35,88.7
TI00002605,T0000854,P000015,1,49.37,49.37
TI00002606,T0000855,P000007,1,44.35,44.35
TI00002607,T0000856,P000008,1,52.62,52.62
TI00002608,T0000857,P000012,1,42.38,42.38
TI00002609,T0000857,P000007,1,44.35,44.35
TI00002610,T0000857,P000010,2,43.23,86.46
TI00002611,T0000857,P000001,1,27.25,27.25
TI00002612,T0000857,P000011,3,19.19,57.57
TI00002613,T0000858,P000005,2,49.07,98.14
TI00002614,T0000858,P000001,1,27.25,27.25
TI00002615,T0000858,P000019,3,32.28,96.84
TI00002616,T0000859,P000005,3,49.07,147.21
TI00002617,T0000859,P000003,4,10.3,41.2
TI00002618,T0000859,P000007,2,44.35,88.7
TI00002619,T0000860,P000017,4,43.77,175.08
TI00002620,T0000860,P000011,4,19.19,76.76
TI00002621,T0000860,P000009,4,33.09,132.36
TI00002622,T0000860,P000001,1,27.25,27.25
TI00002623,T0000860,P000005,2,49.07,98.14
TI00002624,T0000861,P000009,1,33.09,33.09
TI00002625,T0000861,P000020,2,58.91,117.82
TI00002626,T0000862,P000006,3,9.16,27.48
TI00002627,T0000862,P000015,3,49.37,148.11
TI00002628,T0000862,P000011,1,19.19,19.19
TI00002629,T0000862,P000018,1,32.67,32.67
TI00002630,T0000863,P000010,1,43.23,43.23
TI00002631,T0000863,P000015,2,49.37,98.74
TI00002632,T0000863,P000011,1,19.19,19.19
TI00002633,T0000863,P000012,3,42.38,127.14
TI00002634,T0000863,P000017,1,43.77,43.77
TI00002635,T0000864,P000019,3,32.28,96.84
TI00002636,T0000864,P000008,4,52.62,210.48
TI00002637,T0000864,P000004,1,39.36,39.36
TI00002638,T0000865,P000012,1,42.38,42.38
TI00002639,T0000865,P000004,3,39.36,118.08
TI00002640,T0000865,P000015,3,49.37,148.11
TI00002641,T0000865,P000007,2,44.35,88.7
TI00002642,T0000866,P000017,3,43.77,131.31
TI00002643,T0000866,P000008,2,52.62,105.24
TI00002644,T0000866,P000002,3,56.39,169.17
TI00002645,T0000867,P000015,2,49.37,98.74
TI00002646,T0000867,P000004,2,39.36,78.72
TI00002647,T0000867,P000007,4,44.35,177.4
TI00002648,T0000867,P000005,3,49.07,147.21
TI00002649,T0000868,P000007,4,44.35,177.4
TI00002650,T0000868,P000009,2,33.09,66.18
TI00002651,T0000868,P000018,2,32.67,65.34
TI00002652,T0000868,P000014,2,24.75,49.5
TI00002653,T0000868,P000004,2,39.36,78.72
TI00002654,T0000869,P000016,2,49.09,98.18
TI00002655,T0000869,P000018,3,32.67,98.01
TI00002656,T0000869,P000008,4,52.62,210.48
TI00002657,T0000869,P000007,4,44.35,177.4
TI00002658,T0000869,P000017,4,43.77,175.08
TI00002659,T0000870,P000008,4,52.62,210.48
TI00002660,T0000871,P000009,2,33.09,66.18
TI00002661,T0000871,P000006,2,9.16,18.32
TI00002662,T0000871,P000015,4,49.37,197.48
TI00002663,T0000871,P000019,1,32.28,32.28
TI00002664,T0000872,P000017,1,43.77,43.77
TI00002665,T0000872,P000009,4,33.09,132.36
TI00002666,T0000872,P000008,2,52.62,105.24
TI00002667,T0000872,P000019,3,32.28,96.84
TI00002668,T0000872,P000007,1,44.35,44.35
TI00002669,T0000873,P000017,2,43.77,87.54
TI00002670,T0000873,P000004,4,39.36,157.44
TI00002671,T0000873,P000006,3,9.16,27.48
TI00002672,T0000873,P000016,2,49.09,98.18
TI00002673,T0000874,P000008,1,52.62,52.62
TI00002674,T0000875,P000013,2,13.19,26.38
TI00002675,T0000875,P000011,4,19.19,76.76
TI00002676,T0000875,P000014,4,24.75,99.0
TI00002677,T0000875,P000005,1,49.07,49.07
TI00002678,T0000875,P000002,2,56.39,112.78
TI00002679,T0000876,P000001,2,27.25,54.5
TI00002680,T0000876,P000004,1,39.36,39.36
TI00002681,T0000876,P000013,1,13.19,13.19
TI00002682,T0000876,P000010,2,43.23,86.46
TI00002683,T0000876,P000003,3,10.3,30.9
TI00002684,T0000877,P000018,1,32.67,32.67
TI00002685,T0000878,P000006,3,9.16,27.48
TI00002686,T0000879,P000014,1,24.75,24.75
TI00002687,T0000879,P000016,3,49.09,147.27
TI00002688,T0000879,P000019,3,32.28,96.84
TI00002689,T0000880,P000001,3,27.25,81.75
TI00002690,T0000880,P000006,4,9.16,36.64
TI00002691,T0000880,P000002,1,56.39,56.39
TI00002692,T0000880,P000014,1,24.75,24.75
TI00002693,T0000880,P000007,3,44.35,133.05
TI00002694,T0000881,P000009,1,33.09,33.09
TI00002695,T0000881,P000011,3,19.19,57.57
TI00002696,T0000881,P000019,3,32.28,96.84
TI00002697,T0000881,P000010,2,43.23,86.46
TI00002698,T0000882,P000004,4,39.36,157.44
TI00002699,T0000883,P000009,2,33.09,66.18
TI00002700,T0000883,P000014,4,24.75,99.0
TI00002701,T0000883,P000003,2,10.3,20.6
TI00002702,T0000883,P000007,2,44.35,88.7
TI00002703,T0000884,P000011,3,19.19,57.57
TI00002704,T0000884,P000004,2,39.36,78.72
TI00002705,T0000884,P000017,3,43.77,131.31
TI00002706,T0000885,P000010,4,43.23,172.92
TI00002707,T0000885,P000002,1,56.39,56.39
TI00002708,T0000885,P000007,2,44.35,88.7
TI00002709,T0000885,P000003,3,10.3,30.9
TI00002710,T0000886,P000008,2,52.62,105.24
TI00002711,T0000886,P000017,2,43.77,87.54
TI00002712,T0000886,P000014,2,24.75,49.5
TI00002713,T0000886,P000004,4,39.36,157.44
TI00002714,T0000886,P000018,1,32.67,32.67
TI00002715,T0000887,P000010,1,43.23,43.23
TI00002716,T0000887,P000001,1,27.25,27.25
TI00002717,T0000888,P000010,4,43.23,172.92
TI00002718,T0000888,P000008,3,52.62,157.86
TI00002719,T0000889,P000015,1,49.37,49.37
TI00002720,T0000889,P000012,2,42.38,84.76
TI00002721,T0000889,P000001,4,27.25,109.0
TI00002722,T0000889,P000013,1,13.19,13.19
TI00002723,T0000889,P000019,2,32.28,64.56
TI00002724,T0000890,P000004,4,39.36,157.44
TI00002725,T0000890,P000014,3,24.75,74.25
TI00002726,T0000891,P000018,3,32.67,98.01
TI00002727,T0000891,P000005,2,49.07,98.14
TI00002728,T0000891,P000001,3,27.25,81.75
TI00002729,T0000892,P000016,4,49.09,196.36
TI00002730,T0000892,P000017,1,43.77,43.77
TI00002731,T0000892,P000011,4,19.19,76.76
TI00002732,T0000892,P000008,2,52.62,105.24
TI00002733,T0000893,P000005,1,49.07,49.07
TI00002734,T0000893,P000014,1,24.75,24.75
TI00002735,T0000893,P000007,4,44.35,177.4
TI00002736,T0000893,P000013,1,13.19,13.19
TI00002737,T0000893,P000002,1,56.39,56.39
TI00002738,T0000894,P000002,1,56.39,56.39
TI00002739,T0000894,P000012,4,42.38,169.52
TI00002740,T0000895,P000002,1,56.39,56.39
TI00002741,T0000895,P000014,2,24.75,49.5
TI00002742,T0000895,P000009,2,33.09,66.18
TI00002743,T0000895,P000010,2,43.23,86.46
TI00002744,T0000896,P000002,1,56.39,56.39
TI00002745,T0000896,P000015,1,49.37,49.37
TI00002746,T0000896,P000010,1,43.23,43.23
TI00002747,T0000897,P000016,2,49.09,98.18
TI00002748,T0000897,P000004,3,39.36,118.08
TI00002749,T0000898,P000015,3,49.37,148.11
TI00002750,T0000898,P000001,3,27.25,81.75
TI00002751,T0000898,P000018,3,32.67,98.01
TI00002752,T0000898,P000006,2,9.16,18.32
TI00002753,T0000899,P000010,1,43.23,43.23
TI00002754,T0000899,P000005,2,49.07,98.14
TI00002755,T0000900,P000009,1,33.09,33.09
TI00002756,T0000900,P000008,3,52.62,157.86
TI00002757,T0000901,P000020,4,58.91,235.64
TI00002758,T0000901,P000008,3,52.62,157.86
TI00002759,T0000902,P000013,4,13.19,52.76
TI00002760,T0000902,P000010,4,43.23,172.92
TI00002761,T0000902,P000019,1,32.28,32.28
TI00002762,T0000902,P000005,2,49.07,98.14
TI00002763,T0000902,P000020,2,58.91,117.82
TI00002764,T0000903,P000016,1,49.09,49.09
TI00002765,T0000903,P000013,2,13.19,26.38
TI00002766,T0000903,P000008,3,52.62,157.86
TI00002767,T0000903,P000014,1,24.75,24.75
TI00002768,T0000904,P000017,4,43.77,175.08
TI00002769,T0000904,P000018,3,32.67,98.01
TI00002770,T0000905,P000007,3,44.35,133.05
TI00002771,T0000905,P000014,4,24.75,99.0
TI00002772,T0000906,P000007,2,44.35,88.7
TI00002773,T0000906,P000010,2,43.23,86.46
TI00002774,T0000906,P000014,3,24.75,74.25
TI00002775,T0000907,P000019,2,32.28,64.56
TI00002776,T0000907,P000018,3,32.67,98.01
TI00002777,T0000907,P000007,1,44.35,44.35
TI00002778,T0000907,P000011,2,19.19,38.38
TI00002779,T0000908,P000018,1,32.67,32.67
TI00002780,T0000908,P000006,2,9.16,18.32
TI00002781,T0000908,P000007,4,44.35,177.4
TI00002782,T0000909,P000007,4,44.35,177.4
TI00002783,T0000909,P000019,1,32.28,32.28
TI00002784,T0000910,P000004,2,39.36,78.72
TI00002785,T0000910,P000009,2,33.09,66.18
TI00002786,T0000911,P000017,3,43.77,131.31
TI00002787,T0000912,P000017,4,43.77,175.08
TI00002788,T0000912,P000005,3,49.07,147.21
TI00002789,T0000913,P000018,4,32.67,130.68
TI00002790,T0000914,P000018,2,32.67,65.34
TI00002791,T0000915,P000005,1,49.07,49.07
TI00002792,T0000915,P000015,4,49.37,197.48
TI00002793,T0000915,P000001,2,27.25,54.5
TI00002794,T0000916,P000018,4,32.67,130.68
TI00002795,T0000916,P000014,1,24.75,24.75
TI00002796,T0000916,P000013,1,13.19,13.19
TI00002797,T0000916,P000002,3,56.39,169.17
TI00002798,T0000916,P000005,2,49.07,98.14
TI00002799,T0000917,P000010,4,43.23,172.92
TI00002800,T0000917,P000005,1,49.07,49.07
TI00002801,T0000918,P000017,3,43.77,131.31
TI00002802,T0000919,P000009,2,33.09,66.18
TI00002803,T0000919,P000017,1,43.77,43.77
TI00002804,T0000920,P000015,1,49.37,49.37
TI00002805,T0000920,P000016,1,49.09,49.09
TI00002806,T0000921,P000015,2,49.37,98.74
TI00002807,T0000921,P000008,2,52.62,105.24
TI00002808,T0000922,P000005,4,49.07,196.28
TI00002809,T0000922,P000019,1,32.28,32.28
TI00002810,T0000922,P000001,3,27.25,81.75
TI00002811,T0000923,P000004,3,39.36,118.08
TI00002812,T0000923,P000011,3,19.19,57.57
TI00002813,T0000923,P000005,3,49.07,147.21
TI00002814,T0000924,P000006,1,9.16,9.16
TI00002815,T0000924,P000016,1,49.09,49.09
TI00002816,T0000924,P000012,3,42.38,127.14
TI00002817,T0000924,P000013,2,13.19,26.38
TI00002818,T0000924,P000002,1,56.39,56.39
TI00002819,T0000925,P000020,2,58.91,117.82
TI00002820,T0000925,P000004,1,39.36,39.36
TI00002821,T0000925,P000010,1,43.23,43.23
TI00002822,T0000925,P000017,1,43.77,43.77
TI00002823,T0000926,P000003,3,10.3,30.9
TI00002824,T0000927,P000013,2,13.19,26.38
TI00002825,T0000928,P000017,3,43.77,131.31
TI00002826,T0000928,P000007,2,44.35,88.7
TI00002827,T0000929,P000010,4,43.23,172.92
TI00002828,T0000930,P000011,4,19.19,76.76
TI00002829,T0000931,P000004,3,39.36,118.08
TI00002830,T0000932,P000001,3,27.25,81.75
TI00002831,T0000932,P000003,2,10.3,20.6
TI00002832,T0000932,P000020,2,58.91,117.82
TI00002833,T0000932,P000019,2,32.28,64.56
TI00002834,T0000933,P000018,4,32.67,130.68
TI00002835,T0000933,P000010,4,43.23,172.92
TI00002836,T0000933,P000009,4,33.09,132.36
TI00002837,T0000933,P000014,1,24.75,24.75
TI00002838,T0000934,P000007,4,44.35,177.4
TI00002839,T0000934,P000017,1,43.77,43.77
TI00002840,T0000935,P000013,2,13.19,26.38
TI00002841,T0000935,P000015,1,49.37,49.37
TI00002842,T0000935,P000011,4,19.19,76.76
TI00002843,T0000936,P000010,4,43.23,172.92
TI00002844,T0000936,P000009,2,33.09,66.18
TI00002845,T0000936,P000014,2,24.75,49.5
TI00002846,T0000937,P000011,4,19.19,76.76
TI00002847,T0000937,P000008,2,52.62,105.24
TI00002848,T0000937,P000016,2,49.09,98.18
TI00002849,T0000937,P000003,4,10.3,41.2
TI00002850,T0000937,P000013,4,13.19,52.76
TI00002851,T0000938,P000005,4,49.07,196.28
TI00002852,T0000938,P000001,3,27.25,81.75
TI00002853,T0000939,P000012,3,42.38,127.14
TI00002854,T0000939,P000001,3,27.25,81.75
TI00002855,T0000939,P000002,1,56.39,56.39
TI00002856,T0000939,P000015,1,49.37,49.37
TI00002857,T0000940,P000007,3,44.35,133.05
TI00002858,T0000940,P000016,3,49.09,147.27
TI00002859,T0000941,P000008,4,52.62,210.48
TI00002860,T0000941,P000004,2,39.36,78.72
TI00002861,T0000942,P000018,4,32.67,130.68
TI00002862,T0000942,P000014,3,24.75,74.25
TI00002863,T0000942,P000006,4,9.16,36.64
TI00002864,T0000942,P000007,2,44.35,88.7
TI00002865,T0000943,P000009,3,33.09,99.27
TI00002866,T0000943,P000011,4,19.19,76.76
TI00002867,T0000944,P000001,3,27.25,81.75
TI00002868,T0000944,P000018,1,32.67,32.67
TI00002869,T0000944,P000015,1,49.37,49.37
TI00002870,T0000945,P000019,4,32.28,129.12
TI00002871,T0000945,P000009,4,33.09,132.36
TI00002872,T0000945,P000016,1,49.09,49.09
TI00002873,T0000946,P000002,4,56.39,225.56
TI00002874,T0000946,P000017,4,43.77,175.08
TI00002875,T0000946,P000009,1,33.09,33.09
TI00002876,T0000946,P000006,1,9.16,9.16
TI00002877,T0000947,P000001,4,27.25,109.0
TI00002878,T0000947,P000004,4,39.36,157.44
TI00002879,T0000947,P000013,4,13.19,52.76
TI00002880,T0000947,P000017,2,43.77,87.54
TI00002881,T0000948,P000008,4,52.62,210.48
TI00002882,T0000948,P000003,4,10.3,41.2
TI00002883,T0000948,P000007,4,44.35,177.4
TI00002884,T0000949,P000007,4,44.35,177.4
TI00002885,T0000950,P000002,2,56.39,112.78
TI00002886,T0000951,P000005,3,49.07,147.21
TI00002887,T0000951,P000017,3,43.77,131.31
TI00002888,T0000951,P000002,4,56.39,225.56
TI00002889,T0000951,P000010,1,43.23,43.23
TI00002890,T0000952,P000005,3,49.07,147.21
TI00002891,T0000952,P000013,3,13.19,39.57
TI00002892,T0000952,P000011,2,19.19,38.38
TI00002893,T0000952,P000009,1,33.09,33.09
TI00002894,T0000952,P000016,2,49.09,98.18
TI00002895,T0000953,P000004,3,39.36,118.08
TI00002896,T0000953,P000002,2,56.39,112.78
TI00002897,T0000954,P000018,1,32.67,32.67
TI00002898,T0000954,P000012,4,42.38,169.52
TI00002899,T0000954,P000008,2,52.62,105.24
TI00002900,T0000954,P000019,3,32.28,96.84
TI00002901,T0000955,P000008,1,52.62,52.62
TI00002902,T0000955,P000010,2,43.23,86.46
TI00002903,T0000955,P000007,1,44.35,44.35
TI00002904,T0000956,P000003,1,10.3,10.3
TI00002905,T0000956,P000012,1,42.38,42.38
TI00002906,T0000956,P000005,3,49.07,147.21
TI00002907,T0000956,P000019,1,32.28,32.28
TI00002908,T0000957,P000011,4,19.19,76.76
TI00002909,T0000958,P000006,2,9.16,18.32
TI00002910,T0000958,P000020,1,58.91,58.91
TI00002911,T0000958,P000007,3,44.35,133.05
TI00002912,T0000958,P000012,2,42.38,84.76
TI00002913,T0000959,P000008,2,52.62,105.24
TI00002914,T0000959,P000007,2,44.35,88.7
TI00002915,T0000959,P000019,4,32.28,129.12
TI00002916,T0000959,P000015,4,49.37,197.48
TI00002917,T0000960,P000019,2,32.28,64.56
TI00002918,T0000960,P000018,2,32.67,65.34
TI00002919,T0000960,P000010,2,43.23,86.46
TI00002920,T0000960,P000005,4,49.07,196.28
TI00002921,T0000961,P000013,2,13.19,26.38
TI00002922,T0000961,P000004,3,39.36,118.08
TI00002923,T0000961,P000002,2,56.39,112.78
TI00002924,T0000961,P000020,3,58.91,176.73
TI00002925,T0000961,P000010,3,43.23,129.69
TI00002926,T0000962,P000018,4,32.67,130.68
TI00002927,T0000963,P000010,1,43.23,43.23
TI00002928,T0000963,P000003,3,10.3,30.9
TI00002929,T0000963,P000009,3,33.09,99.27
TI00002930,T0000963,P000004,4,39.36,157.44
TI00002931,T0000964,P000015,2,49.37,98.74
TI00002932,T0000965,P000020,1,58.91,58.91
TI00002933,T0000965,P000007,4,44.35,177.4
TI00002934,T0000965,P000010,2,43.23,86.46
TI00002935,T0000965,P000011,4,19.19,76.76
TI00002936,T0000965,P000005,4,49.07,196.28
TI00002937,T0000966,P000020,3,58.91,176.73
TI00002938,T0000966,P000002,4,56.39,225.56
TI00002939,T0000966,P000001,2,27.25,54.5
TI00002940,T0000966,P000006,1,9.16,9.16
TI00002941,T0000966,P000003,1,10.3,10.3
TI00002942,T0000967,P000012,4,42.38,169.52
TI00002943,T0000968,P000020,2,58.91,117.82
TI00002944,T0000968,P000018,3,32.67,98.01
TI00002945,T0000968,P000006,2,9.16,18.32
TI00002946,T0000968,P000005,3,49.07,147.21
TI00002947,T0000969,P000017,3,43.77,131.31
TI00002948,T0000969,P000014,1,24.75,24.75
TI00002949,T0000969,P000016,4,49.09,196.36
TI00002950,T0000969,P000004,1,39.36,39.36
TI00002951,T0000969,P000003,2,10.3,20.6
TI00002952,T0000970,P000010,2,43.23,86.46
TI00002953,T0000970,P000003,1,10.3,10.3
TI00002954,T0000970,P000007,2,44.35,88.7
TI00002955,T0000970,P000014,3,24.75,74.25
TI00002956,T0000970,P000019,4,32.28,129.12
TI00002957,T0000971,P000007,3,44.35,133.05
TI00002958,T0000971,P000016,2,49.09,98.18
TI00002959,T0000971,P000002,1,56.39,56.39
TI00002960,T0000971,P000003,3,10.3,30.9
TI00002961,T0000972,P000009,2,33.09,66.18
TI00002962,T0000972,P000017,3,43.77,131.31
TI00002963,T0000972,P000007,3,44.35,133.05
TI00002964,T0000973,P000002,4,56.39,225.56
TI00002965,T0000973,P000009,3,33.09,99.27
TI00002966,T0000973,P000016,3,49.09,147.27
TI00002967,T0000973,P000015,2,49.37,98.74
TI00002968,T0000973,P000001,3,27.25,81.75
TI00002969,T0000974,P000006,2,9.16,18.32
TI00002970,T0000974,P000019,2,32.28,64.56
TI00002971,T0000974,P000002,2,56.39,112.78
TI00002972,T0000975,P000002,2,56.39,112.78
TI00002973,T0000975,P000006,3,9.16,27.48
TI00002974,T0000975,P000001,4,27.25,109.0
TI00002975,T0000976,P000014,3,24.75,74.25
TI00002976,T0000976,P000011,3,19.19,57.57
TI00002977,T0000976,P000009,3,33.09,99.27
TI00002978,T0000976,P000015,3,49.37,148.11
TI00002979,T0000976,P000001,4,27.25,109.0
TI00002980,T0000977,P000010,3,43.23,129.69
TI00002981,T0000978,P000007,4,44.35,177.4
TI00002982,T0000978,P000006,1,9.16,9.16
TI00002983,T0000978,P000001,2,27.25,54.5
TI00002984,T0000978,P000017,3,43.77,131.31
TI00002985,T0000978,P000010,3,43.23,129.69
TI00002986,T0000979,P000011,3,19.19,57.57
TI00002987,T0000979,P000004,2,39.36,78.72
TI00002988,T0000979,P000012,4,42.38,169.52
TI00002989,T0000980,P000011,4,19.19,76.76
TI00002990,T0000981,P000003,1,10.3,10.3
TI00002991,T0000981,P000011,1,19.19,19.19
TI00002992,T0000982,P000016,4,49.09,196.36
TI00002993,T0000982,P000012,1,42.38,42.38
TI00002994,T0000982,P000013,4,13.19,52.76
TI00002995,T0000982,P000003,4,10.3,41.2
TI00002996,T0000982,P000017,1,43.77,43.77
TI00002997,T0000983,P000003,3,10.3,30.9
TI00002998,T0000983,P000006,4,9.16,36.64
TI00002999,T0000983,P000017,1,43.77,43.77
TI00003000,T0000983,P000019,4,32.28,129.12
TI00003001,T0000984,P000019,2,32.28,64.56
TI00003002,T0000985,P000007,4,44.35,177.4
TI00003003,T0000986,P000005,3,49.07,147.21
TI00003004,T0000987,P000018,4,32.67,130.68
TI00003005,T0000987,P000001,1,27.25,27.25
TI00003006,T0000988,P000002,4,56.39,225.56
TI00003007,T0000989,P000010,2,43.23,86.46
TI00003008,T0000989,P000008,1,52.62,52.62
TI00003009,T0000989,P000006,3,9.16,27.48
TI00003010,T0000990,P000002,2,56.39,112.78
TI00003011,T0000990,P000010,2,43.23,86.46
TI00003012,T0000991,P000015,3,49.37,148.11
TI00003013,T0000991,P000013,2,13.19,26.38
TI00003014,T0000992,P000010,3,43.23,129.69
TI00003015,T0000993,P000008,2,52.62,105.24
TI00003016,T0000993,P000012,4,42.38,169.52
TI00003017,T0000993,P000014,4,24.75,99.0
TI00003018,T0000993,P000007,1,44.35,44.35
TI00003019,T0000994,P000013,2,13.19,26.38
TI00003020,T0000994,P000015,1,49.37,49.37
TI00003021,T0000994,P000008,4,52.62,210.48
TI00003022,T0000994,P000005,4,49.07,196.28
TI00003023,T0000995,P000001,1,27.25,27.25
TI00003024,T0000995,P000005,3,49.07,147.21
TI00003025,T0000995,P000006,3,9.16,27.48
TI00003026,T0000996,P000001,4,27.25,109.0
TI00003027,T0000996,P000020,2,58.91,117.82
TI00003028,T0000997,P000012,2,42.38,84.76
TI00003029,T0000997,P000002,2,56.39,112.78
TI00003030,T0000997,P000014,3,24.75,74.25
TI00003031,T0000997,P000020,2,58.91,117.82
TI00003032,T0000998,P000003,2,10.3,20.6
TI00003033,T0000999,P000008,4,52.62,210.48
TI00003034,T0000999,P000006,3,9.16,27.48
TI00003035,T0001000,P000007,2,44.35,88.7
TI00003036,T0001000,P000010,2,43.23,86.46
TI00003037,T0001000,P000015,2,49.37,98.74
TI00003038,T0001001,P000015,4,49.37,197.48
TI00003039,T0001001,P000013,2,13.19,26.38
TI00003040,T0001001,P000014,4,24.75,99.0
TI00003041,T0001001,P000012,2,42.38,84.76
TI00003042,T0001001,P000006,1,9.16,9.16
TI00003043,T0001002,P000010,2,43.23,86.46
TI00003044,T0001002,P000004,3,39.36,118.08
TI00003045,T0001002,P000009,4,33.09,132.36
TI00003046,T0001003,P000017,4,43.77,175.08
TI00003047,T0001004,P000020,2,58.91,117.82
TI00003048,T0001004,P000017,1,43.77,43.77
TI00003049,T0001004,P000016,1,49.09,49.09
TI00003050,T0001004,P000001,1,27.25,27.25
TI00003051,T0001004,P000013,3,13.19,39.57
TI00003052,T0001005,P000011,3,19.19,57.57
TI00003053,T0001006,P000018,1,32.67,32.67
TI00003054,T0001006,P000016,1,49.09,49.09
TI00003055,T0001007,P000002,1,56.39,56.39
TI00003056,T0001007,P000009,3,33.09,99.27
TI00003057,T0001008,P000004,2,39.36,78.72
TI00003058,T0001008,P000015,2,49.37,98.74
TI00003059,T0001008,P000017,2,43.77,87.54
TI00003060,T0001009,P000004,3,39.36,118.08
TI00003061,T0001009,P000013,1,13.19,13.19
TI00003062,T0001009,P000006,2,9.16,18.32
TI00003063,T0001009,P000007,3,44.35,133.05
TI00003064,T0001009,P000002,1,56.39,56.39
TI00003065,T0001010,P000011,3,19.19,57.57
TI00003066,T0001010,P000019,3,32.28,96.84
TI00003067,T0001010,P000003,2,10.3,20.6
TI00003068,T0001011,P000001,4,27.25,109.0
TI00003069,T0001011,P000011,3,19.19,57.57
TI00003070,T0001012,P000006,1,9.16,9.16
TI00003071,T0001012,P000014,1,24.75,24.75
TI00003072,T0001012,P000019,4,32.28,129.12
TI00003073,T0001012,P000001,4,27.25,109.0
TI00003074,T0001013,P000006,1,9.16,9.16
TI00003075,T0001013,P000004,4,39.36,157.44
TI00003076,T0001014,P000019,1,32.28,32.28
TI00003077,T0001014,P000018,2,32.67,65.34
TI00003078,T0001014,P000007,2,44.35,88.7
TI00003079,T0001014,P000017,4,43.77,175.08
TI00003080,T0001015,P000010,4,43.23,172.92
TI00003081,T0001015,P000013,4,13.19,52.76
TI00003082,T0001015,P000017,1,43.77,43.77
TI00003083,T0001015,P000005,1,49.07,49.07
TI00003084,T0001015,P000018,1,32.67,32.67
TI00003085,T0001016,P000010,3,43.23,129.69
TI00003086,T0001016,P000012,2,42.38,84.76
TI00003087,T0001016,P000002,1,56.39,56.39
TI00003088,T0001016,P000005,1,49.07,49.07
TI00003089,T0001016,P000001,1,27.25,27.25
TI00003090,T0001017,P000015,2,49.37,98.74
TI00003091,T0001017,P000008,4,52.62,210.48
TI00003092,T0001017,P000002,4,56.39,225.56
TI00003093,T0001018,P000017,3,43.77,131.31
TI00003094,T0001018,P000014,3,24.75,74.25
TI00003095,T0001018,P000003,4,10.3,41.2
TI00003096,T0001018,P000016,4,49.09,196.36
TI00003097,T0001019,P000014,3,24.75,74.25
TI00003098,T0001019,P000003,3,10.3,30.9
TI00003099,T0001019,P000020,2,58.91,117.82
TI00003100,T0001019,P000017,4,43.77,175.08
TI00003101,T0001020,P000010,3,43.23,129.69
TI00003102,T0001021,P000012,4,42.38,169.52
TI00003103,T0001021,P000004,2,39.36,78.72
TI00003104,T0001021,P000017,3,43.77,131.31
TI00003105,T0001021,P000015,4,49.37,197.48
TI00003106,T0001022,P000012,2,42.38,84.76
TI00003107,T0001022,P000019,4,32.28,129.12
TI00003108,T0001023,P000007,2,44.35,88.7
TI00003109,T0001023,P000010,2,43.23,86.46
TI00003110,T0001023,P000005,4,49.07,196.28
TI00003111,T0001023,P000004,2,39.36,78.72
TI00003112,T0001023,P000006,2,9.16,18.32
TI00003113,T0001024,P000019,3,32.28,96.84
TI00003114,T0001024,P000008,3,52.62,157.86
TI00003115,T0001024,P000016,1,49.09,49.09
TI00003116,T0001024,P000018,1,32.67,32.67
TI00003117,T0001024,P000013,1,13.19,13.19
TI00003118,T0001025,P000019,3,32.28,96.84
TI00003119,T0001025,P000009,1,33.09,33.09
TI00003120,T0001025,P000010,2,43.23,86.46
TI00003121,T0001025,P000007,3,44.35,133.05
TI00003122,T0001026,P000001,1,27.25,27.25
TI00003123,T0001026,P000016,4,49.09,196.36
TI00003124,T0001027,P000011,3,19.19,57.57
TI00003125,T0001028,P000005,2,49.07,98.14
TI00003126,T0001028,P000019,1,32.28,32.28
TI00003127,T0001028,P000014,4,24.75,99.0
TI00003128,T0001028,P000008,4,52.62,210.48
TI00003129,T0001029,P000014,2,24.75,49.5
TI00003130,T0001029,P000018,4,32.67,130.68
TI00003131,T0001029,P000008,4,52.62,210.48
TI00003132,T0001029,P000020,1,58.91,58.91
TI00003133,T0001029,P000011,4,19.19,76.76
TI00003134,T0001030,P000002,4,56.39,225.56
TI00003135,T0001030,P000011,2,19.19,38.38
TI00003136,T0001030,P000006,4,9.16,36.64
TI00003137,T0001030,P000004,1,39.36,39.36
TI00003138,T0001031,P000016,1,49.09,49.09
TI00003139,T0001031,P000019,2,32.28,64.56
TI00003140,T0001032,P000006,3,9.16,27.48
TI00003141,T0001032,P000020,2,58.91,117.82
TI00003142,T0001032,P000017,2,43.77,87.54
TI00003143,T0001032,P000015,3,49.37,148.11
TI00003144,T0001032,P000013,2,13.19,26.38
TI00003145,T0001033,P000004,2,39.36,78.72
TI00003146,T0001033,P000019,3,32.28,96.84
TI00003147,T0001033,P000011,3,19.19,57.57
TI00003148,T0001033,P000018,2,32.67,65.34
TI00003149,T0001033,P000015,4,49.37,197.48
TI00003150,T0001034,P000012,3,42.38,127.14
TI00003151,T0001035,P000010,4,43.23,172.92
TI00003152,T0001035,P000016,3,49.09,147.27
TI00003153,T0001035,P000007,1,44.35,44.35
TI00003154,T0001036,P000018,2,32.67,65.34
TI00003155,T0001036,P000007,3,44.35,133.05
TI00003156,T0001036,P000014,4,24.75,99.0
TI00003157,T0001037,P000008,3,52.62,157.86
TI00003158,T0001038,P000019,1,32.28,32.28
TI00003159,T0001038,P000009,2,33.09,66.18
TI00003160,T0001039,P000001,2,27.25,54.5
TI00003161,T0001039,P000015,3,49.37,148.11
TI00003162,T0001039,P000017,1,43.77,43.77
TI00003163,T0001039,P000019,1,32.28,32.28
TI00003164,T0001039,P000011,4,19.19,76.76
TI00003165,T0001040,P000003,2,10.3,20.6
TI00003166,T0001040,P000005,2,49.07,98.14
TI00003167,T0001040,P000017,4,43.77,175.08
TI00003168,T0001040,P000018,1,32.67,32.67
TI00003169,T0001040,P000014,3,24.75,74.25
TI00003170,T0001041,P000006,4,9.16,36.64
TI00003171,T0001041,P000009,3,33.09,99.27
TI00003172,T0001041,P000017,3,43.77,131.31
TI00003173,T0001041,P000003,3,10.3,30.9
TI00003174,T0001041,P000007,4,44.35,177.4
TI00003175,T0001042,P000007,4,44.35,177.4
TI00003176,T0001042,P000014,1,24.75,24.75
TI00003177,T0001042,P000008,4,52.62,210.48
TI00003178,T0001042,P000003,4,10.3,41.2
TI00003179,T0001043,P000010,4,43.23,172.92
TI00003180,T0001043,P000002,1,56.39,56.39
TI00003181,T0001043,P000008,1,52.62,52.62
TI00003182,T0001043,P000016,3,49.09,147.27
TI00003183,T0001043,P000019,2,32.28,64.56
TI00003184,T0001044,P000007,3,44.35,133.05
TI00003185,T0001044,P000015,2,49.37,98.74
TI00003186,T0001045,P000013,4,13.19,52.76
TI00003187,T0001045,P000012,1,42.38,42.38
TI00003188,T0001046,P000014,4,24.75,99.0
TI00003189,T0001046,P000015,3,49.37,148.11
TI00003190,T0001046,P000012,3,42.38,127.14
TI00003191,T0001046,P000018,3,32.67,98.01
TI00003192,T0001046,P000006,1,9.16,9.16
TI00003193,T0001047,P000004,2,39.36,78.72
TI00003194,T0001047,P000017,3,43.77,131.31
TI00003195,T0001047,P000013,3,13.19,39.57
TI00003196,T0001047,P000014,1,24.75,24.75
TI00003197,T0001048,P000020,3,58.91,176.73
TI00003198,T0001048,P000010,4,43.23,172.92
TI00003199,T0001049,P000007,2,44.35,88.7
TI00003200,T0001049,P000009,2,33.09,66.18
TI00003201,T0001049,P000018,1,32.67,32.67
TI00003202,T0001050,P000004,1,39.36,39.36
TI00003203,T0001050,P000003,1,10.3,10.3
TI00003204,T0001050,P000006,2,9.16,18.32
TI00003205,T0001050,P000009,1,33.09,33.09
TI00003206,T0001051,P000013,3,13.19,39.57
TI00003207,T0001051,P000010,1,43.23,43.23
TI00003208,T0001051,P000016,4,49.09,196.36
TI00003209,T0001052,P000008,1,52.62,52.62
TI00003210,T0001052,P000005,2,49.07,98.14
TI00003211,T0001053,P000010,4,43.23,172.92
TI00003212,T0001053,P000008,2,52.62,105.24
TI00003213,T0001054,P000003,2,10.3,20.6
TI00003214,T0001054,P000006,1,9.16,9.16
TI00003215,T0001055,P000011,1,19.19,19.19
TI00003216,T0001055,P000014,2,24.75,49.5
TI00003217,T0001055,P000007,3,44.35,133.05
TI00003218,T0001055,P000004,1,39.36,39.36
TI00003219,T0001056,P000002,2,56.39,112.78
TI00003220,T0001056,P000011,4,19.19,76.76
TI00003221,T0001056,P000020,3,58.91,176.73
TI00003222,T0001057,P000010,4,43.23,172.92
TI00003223,T0001057,P000018,3,32.67,98.01
TI00003224,T0001058,P000002,3,56.39,169.17
TI00003225,T0001058,P000019,2,32.28,64.56
TI00003226,T0001058,P000005,4,49.07,196.28
TI00003227,T0001058,P000001,4,27.25,109.0
TI00003228,T0001058,P000017,4,43.77,175.08
TI00003229,T0001059,P000020,3,58.91,176.73
TI00003230,T0001059,P000019,1,32.28,32.28
TI00003231,T0001059,P000011,3,19.19,57.57
TI00003232,T0001060,P000016,4,49.09,196.36
TI00003233,T0001060,P000001,1,27.25,27.25
TI00003234,T0001060,P000006,4,9.16,36.64
TI00003235,T0001060,P000014,1,24.75,24.75
TI00003236,T0001061,P000013,1,13.19,13.19
TI00003237,T0001062,P000010,1,43.23,43.23
TI00003238,T0001062,P000020,3,58.91,176.73
TI00003239,T0001062,P000006,3,9.16,27.48
TI00003240,T0001062,P000011,1,19.19,19.19
TI00003241,T0001063,P000017,3,43.77,131.31
TI00003242,T0001064,P000004,2,39.36,78.72
TI00003243,T0001065,P000013,3,13.19,39.57
TI00003244,T0001066,P000010,2,43.23,86.46
TI00003245,T0001066,P000001,2,27.25,54.5
TI00003246,T0001066,P000018,1,32.67,32.67
TI00003247,T0001067,P000010,3,43.23,129.69
TI00003248,T0001067,P000011,1,19.19,19.19
TI00003249,T0001068,P000014,2,24.75,49.5
TI00003250,T0001068,P000019,2,32.28,64.56
TI00003251,T0001069,P000015,2,49.37,98.74
TI00003252,T0001069,P000013,3,13.19,39.57
TI00003253,T0001069,P000019,3,32.28,96.84
TI00003254,T0001069,P000004,1,39.36,39.36
TI00003255,T0001069,P000010,1,43.23,43.23
TI00003256,T0001070,P000008,3,52.62,157.86
TI00003257,T0001070,P000009,2,33.09,66.18
TI00003258,T0001070,P000004,3,39.36,118.08
TI00003259,T0001070,P000006,3,9.16,27.48
TI00003260,T0001071,P000012,3,42.38,127.14
TI00003261,T0001071,P000015,4,49.37,197.48
TI00003262,T0001071,P000011,2,19.19,38.38
TI00003263,T0001071,P000002,4,56.39,225.56
TI00003264,T0001072,P000001,2,27.25,54.5
TI00003265,T0001073,P000014,3,24.75,74.25
TI00003266,T0001073,P000018,2,32.67,65.34
TI00003267,T0001073,P000004,2,39.36,78.72
TI00003268,T0001073,P000007,2,44.35,88.7
TI00003269,T0001073,P000010,2,43.23,86.46
TI00003270,T0001074,P000012,1,42.38,42.38
TI00003271,T0001074,P000009,3,33.09,99.27
TI00003272,T0001074,P000020,1,58.91,58.91
TI00003273,T0001074,P000010,1,43.23,43.23
TI00003274,T0001075,P000014,3,24.75,74.25
TI00003275,T0001075,P000015,4,49.37,197.48
TI00003276,T0001076,P000005,1,49.07,49.07
TI00003277,T0001076,P000015,4,49.37,197.48
TI00003278,T0001076,P000003,3,10.3,30.9
TI00003279,T0001076,P000001,3,27.25,81.75
TI00003280,T0001077,P000009,1,33.09,33.09
TI00003281,T0001077,P000015,1,49.37,49.37
TI00003282,T0001078,P000017,4,43.77,175.08
TI00003283,T0001079,P000008,2,52.62,105.24
TI00003284,T0001080,P000009,4,33.09,132.36
TI00003285,T0001081,P000017,1,43.77,43.77
TI00003286,T0001082,P000002,3,56.39,169.17
TI00003287,T0001082,P000014,4,24.75,99.0
TI00003288,T0001082,P000005,1,49.07,49.07
TI00003289,T0001082,P000001,3,27.25,81.75
TI00003290,T0001083,P000005,4,49.07,196.28
TI00003291,T0001083,P000007,1,44.35,44.35
TI00003292,T0001083,P000011,4,19.19,76.76
TI00003293,T0001084,P000012,1,42.38,42.38
TI00003294,T0001084,P000001,4,27.25,109.0
TI00003295,T0001084,P000019,4,32.28,129.12
TI00003296,T0001084,P000013,3,13.19,39.57
TI00003297,T0001085,P000008,2,52.62,105.24
TI00003298,T0001086,P000015,1,49.37,49.37
TI00003299,T0001086,P000002,1,56.39,56.39
TI00003300,T0001086,P000009,1,33.09,33.09
TI00003301,T0001087,P000019,3,32.28,96.84
TI00003302,T0001087,P000013,4,13.19,52.76
TI00003303,T0001087,P000014,2,24.75,49.5
TI00003304,T0001087,P000001,4,27.25,109.0
TI00003305,T0001087,P000007,1,44.35,44.35
TI00003306,T0001088,P000015,2,49.37,98.74
TI00003307,T0001088,P000018,4,32.67,130.68
TI00003308,T0001088,P000007,4,44.35,177.4
TI00003309,T0001088,P000020,2,58.91,117.82
TI00003310,T0001089,P000014,3,24.75,74.25
TI00003311,T0001089,P000011,4,19.19,76.76
TI00003312,T0001090,P000008,3,52.62,157.86
TI00003313,T0001090,P000004,4,39.36,157.44
TI00003314,T0001090,P000002,3,56.39,169.17
TI00003315,T0001090,P000012,2,42.38,84.76
TI00003316,T0001091,P000008,2,52.62,105.24
TI00003317,T0001091,P000007,2,44.35,88.7
TI00003318,T0001092,P000005,1,49.07,49.07
TI00003319,T0001092,P000016,1,49.09,49.09
TI00003320,T0001092,P000013,4,13.19,52.76
TI00003321,T0001092,P000008,2,52.62,105.24
TI00003322,T0001092,P000010,4,43.23,172.92
TI00003323,T0001093,P000004,4,39.36,157.44
TI00003324,T0001093,P000018,4,32.67,130.68
TI00003325,T0001093,P000017,3,43.77,131.31
TI00003326,T0001094,P000013,2,13.19,26.38
TI00003327,T0001094,P000003,4,10.3,41.2
TI00003328,T0001094,P000016,1,49.09,49.09
TI00003329,T0001095,P000001,1,27.25,27.25
TI00003330,T0001095,P000014,3,24.75,74.25
TI00003331,T0001095,P000015,3,49.37,148.11
TI00003332,T0001096,P000006,3,9.16,27.48
TI00003333,T0001096,P000008,4,52.62,210.48
TI00003334,T0001097,P000002,1,56.39,56.39
TI00003335,T0001097,P000005,3,49.07,147.21
TI00003336,T0001097,P000010,3,43.23,129.69
TI00003337,T0001097,P000001,3,27.25,81.75
TI00003338,T0001097,P000015,3,49.37,148.11
TI00003339,T0001098,P000002,1,56.39,56.39
TI00003340,T0001099,P000012,4,42.38,169.52
TI00003341,T0001099,P000005,3,49.07,147.21
TI00003342,T0001099,P000015,2,49.37,98.74
TI00003343,T0001099,P000020,1,58.91,58.91
TI00003344,T0001100,P000008,1,52.62,52.62
TI00003345,T0001100,P000012,2,42.38,84.76
TI00003346,T0001101,P000014,3,24.75,74.25
TI00003347,T0001101,P000013,2,13.19,26.38
TI00003348,T0001102,P000013,3,13.19,39.57
TI00003349,T0001102,P000006,3,9.16,27.48
TI00003350,T0001102,P000015,4,49.37,197.48
TI00003351,T0001103,P000008,2,52.62,105.24
TI00003352,T0001103,P000018,4,32.67,130.68
TI00003353,T0001103,P000015,4,49.37,197.48
TI00003354,T0001103,P000003,4,10.3,41.2
TI00003355,T0001104,P000015,3,49.37,148.11
TI00003356,T0001104,P000009,1,33.09,33.09
TI00003357,T0001104,P000003,2,10.3,20.6
TI00003358,T0001104,P000011,3,19.19,57.57
TI00003359,T0001104,P000007,2,44.35,88.7
TI00003360,T0001105,P000004,1,39.36,39.36
TI00003361,T0001105,P000008,1,52.62,52.62
TI00003362,T0001105,P000009,4,33.09,132.36
TI00003363,T0001105,P000006,2,9.16,18.32
TI00003364,T0001106,P000002,2,56.39,112.78
TI00003365,T0001106,P000015,2,49.37,98.74
TI00003366,T0001106,P000006,4,9.16,36.64
TI00003367,T0001106,P000010,1,43.23,43.23
TI00003368,T0001106,P000001,1,27.25,27.25
TI00003369,T0001107,P000016,3,49.09,147.27
TI00003370,T0001107,P000002,2,56.39,112.78
TI00003371,T0001108,P000001,1,27.25,27.25
TI00003372,T0001109,P000009,1,33.09,33.09
TI00003373,T0001109,P000002,2,56.39,112.78
TI00003374,T0001109,P000007,1,44.35,44.35
TI00003375,T0001109,P000017,4,43.77,175.08
TI00003376,T0001110,P000009,2,33.09,66.18
TI00003377,T0001110,P000010,2,43.23,86.46
TI00003378,T0001110,P000017,1,43.77,43.77
TI00003379,T0001110,P000008,2,52.62,105.24
TI00003380,T0001110,P000015,4,49.37,197.48
TI00003381,T0001111,P000007,1,44.35,44.35
TI00003382,T0001111,P000011,4,19.19,76.76
TI00003383,T0001112,P000014,3,24.75,74.25
TI00003384,T0001112,P000010,4,43.23,172.92
TI00003385,T0001112,P000008,4,52.62,210.48
TI00003386,T0001112,P000013,3,13.19,39.57
TI00003387,T0001112,P000016,1,49.09,49.09
TI00003388,T0001113,P000011,4,19.19,76.76
TI00003389,T0001113,P000015,2,49.37,98.74
TI00003390,T0001113,P000005,2,49.07,98.14
TI00003391,T0001113,P000017,4,43.77,175.08
TI00003392,T0001114,P000014,2,24.75,49.5
TI00003393,T0001114,P000020,3,58.91,176.73
TI00003394,T0001114,P000012,1,42.38,42.38
TI00003395,T0001114,P000018,1,32.67,32.67
TI00003396,T0001114,P000017,1,43.77,43.77
TI00003397,T0001115,P000002,4,56.39,225.56
TI00003398,T0001115,P000019,1,32.28,32.28
TI00003399,T0001115,P000017,3,43.77,131.31
TI00003400,T0001115,P000018,4,32.67,130.68
TI00003401,T0001116,P000005,3,49.07,147.21
TI00003402,T0001116,P000003,3,10.3,30.9
TI00003403,T0001116,P000019,3,32.28,96.84
TI00003404,T0001116,P000014,4,24.75,99.0
TI00003405,T0001117,P000016,1,49.09,49.09
TI00003406,T0001117,P000019,4,32.28,129.12
TI00003407,T0001117,P000014,3,24.75,74.25
TI00003408,T0001118,P000010,4,43.23,172.92
TI00003409,T0001118,P000004,2,39.36,78.72
TI00003410,T0001119,P000015,4,49.37,197.48
TI00003411,T0001119,P000005,1,49.07,49.07
TI00003412,T0001119,P000018,4,32.67,130.68
TI00003413,T0001119,P000010,3,43.23,129.69
TI00003414,T0001119,P000002,3,56.39,169.17
TI00003415,T0001120,P000005,1,49.07,49.07
TI00003416,T0001120,P000013,2,13.19,26.38
TI00003417,T0001121,P000009,2,33.09,66.18
TI00003418,T0001121,P000020,1,58.91,58.91
TI00003419,T0001122,P000003,3,10.3,30.9
TI00003420,T0001122,P000015,1,49.37,49.37
TI00003421,T0001122,P000011,3,19.19,57.57
TI00003422,T0001122,P000001,2,27.25,54.5
TI00003423,T0001122,P000009,3,33.09,99.27
TI00003424,T0001123,P000009,3,33.09,99.27
TI00003425,T0001123,P000006,4,9.16,36.64
TI00003426,T0001123,P000019,4,32.28,129.12
TI00003427,T0001124,P000005,2,49.07,98.14
TI00003428,T0001125,P000010,3,43.23,129.69
TI00003429,T0001125,P000001,3,27.25,81.75
TI00003430,T0001126,P000012,1,42.38,42.38
TI00003431,T0001126,P000019,1,32.28,32.28
TI00003432,T0001126,P000020,3,58.91,176.73
TI00003433,T0001126,P000017,4,43.77,175.08
TI00003434,T0001127,P000015,3,49.37,148.11
TI00003435,T0001127,P000017,1,43.77,43.77
TI00003436,T0001127,P000002,2,56.39,112.78
TI00003437,T0001127,P000018,1,32.67,32.67
TI00003438,T0001128,P000016,2,49.09,98.18
TI00003439,T0001128,P000002,1,56.39,56.39
TI00003440,T0001128,P000009,2,33.09,66.18
TI00003441,T0001128,P000020,4,58.91,235.64
TI00003442,T0001129,P000020,4,58.91,235.64
TI00003443,T0001129,P000012,3,42.38,127.14
TI00003444,T0001129,P000002,1,56.39,56.39
TI00003445,T0001129,P000011,3,19.19,57.57
TI00003446,T0001130,P000001,2,27.25,54.5
TI00003447,T0001130,P000012,1,42.38,42.38
TI00003448,T0001131,P000012,3,42.38,127.14
TI00003449,T0001131,P000006,2,9.16,18.32
TI00003450,T0001132,P000007,4,44.35,177.4
TI00003451,T0001132,P000001,1,27.25,27.25
TI00003452,T0001132,P000018,3,32.67,98.01
TI00003453,T0001132,P000016,4,49.09,196.36
TI00003454,T0001132,P000009,1,33.09,33.09
TI00003455,T0001133,P000007,1,44.35,44.35
TI00003456,T0001133,P000002,2,56.39,112.78
TI00003457,T0001133,P000005,3,49.07,147.21
TI00003458,T0001133,P000020,4,58.91,235.64
TI00003459,T0001134,P000017,1,43.77,43.77
TI00003460,T0001134,P000013,2,13.19,26.38
TI00003461,T0001134,P000010,4,43.23,172.92
TI00003462,T0001135,P000014,2,24.75,49.5
TI00003463,T0001135,P000019,2,32.28,64.56
TI00003464,T0001135,P000018,3,32.67,98.01
TI00003465,T0001136,P000006,1,9.16,9.16
TI00003466,T0001136,P000003,1,10.3,10.3
TI00003467,T0001136,P000015,2,49.37,98.74
TI00003468,T0001136,P000008,4,52.62,210.48
TI00003469,T0001137,P000015,4,49.37,197.48
TI00003470,T0001138,P000011,4,19.19,76.76
TI00003471,T0001138,P000002,1,56.39,56.39
TI00003472,T0001139,P000017,3,43.77,131.31
TI00003473,T0001139,P000020,4,58.91,235.64
TI00003474,T0001139,P000009,3,33.09,99.27
TI00003475,T0001139,P000003,2,10.3,20.6
TI00003476,T0001140,P000011,3,19.19,57.57
TI00003477,T0001140,P000020,3,58.91,176.73
TI00003478,T0001140,P000003,1,10.3,10.3
TI00003479,T0001140,P000017,4,43.77,175.08
TI00003480,T0001141,P000015,4,49.37,197.48
TI00003481,T0001141,P000001,2,27.25,54.5
TI00003482,T0001141,P000016,4,49.09,196.36
TI00003483,T0001142,P000012,3,42.38,127.14
TI00003484,T0001142,P000010,1,43.23,43.23
TI00003485,T0001143,P000004,3,39.36,118.08
TI00003486,T0001144,P000011,4,19.19,76.76
TI00003487,T0001145,P000005,2,49.07,98.14
TI00003488,T0001145,P000015,1,49.37,49.37
TI00003489,T0001145,P000018,2,32.67,65.34
TI00003490,T0001146,P000007,2,44.35,88.7
TI00003491,T0001146,P000014,3,24.75,74.25
TI00003492,T0001146,P000008,1,52.62,52.62
TI00003493,T0001147,P000019,4,32.28,129.12
TI00003494,T0001147,P000015,3,49.37,148.11
TI00003495,T0001147,P000020,2,58.91,117.82
TI00003496,T0001147,P000017,1,43.77,43.77
TI00003497,T0001148,P000014,4,24.75,99.0
TI00003498,T0001148,P000019,4,32.28,129.12
TI00003499,T0001149,P000019,2,32.28,64.56
TI00003500,T0001150,P000018,1,32.67,32.67
TI00003501,T0001150,P000020,3,58.91,176.73
TI00003502,T0001150,P000015,2,49.37,98.74
TI00003503,T0001150,P000003,1,10.3,10.3
TI00003504,T0001151,P000004,2,39.36,78.72
TI00003505,T0001151,P000015,2,49.37,98.74
TI00003506,T0001152,P000014,1,24.75,24.75
TI00003507,T0001152,P000005,3,49.07,147.21
TI00003508,T0001152,P000019,4,32.28,129.12
TI00003509,T0001152,P000002,1,56.39,56.39
TI00003510,T0001152,P000018,1,32.67,32.67
TI00003511,T0001153,P000018,3,32.67,98.01
TI00003512,T0001153,P000011,1,19.19,19.19
TI00003513,T0001153,P000014,4,24.75,99.0
TI00003514,T0001154,P000017,4,43.77,175.08
TI00003515,T0001155,P000016,2,49.09,98.18
TI00003516,T0001156,P000019,4,32.28,129.12
TI00003517,T0001156,P000014,2,24.75,49.5
TI00003518,T0001156,P000011,1,19.19,19.19
TI00003519,T0001157,P000011,1,19.19,19.19
TI00003520,T0001157,P000017,1,43.77,43.77
TI00003521,T0001157,P000001,4,27.25,109.0
TI00003522,T0001157,P000020,1,58.91,58.91
TI00003523,T0001158,P000019,4,32.28,129.12
TI00003524,T0001158,P000006,1,9.16,9.16
TI00003525,T0001158,P000007,1,44.35,44.35
TI00003526,T0001159,P000017,4,43.77,175.08
TI00003527,T0001160,P000014,3,24.75,74.25
TI00003528,T0001160,P000002,3,56.39,169.17
TI00003529,T0001160,P000006,1,9.16,9.16
TI00003530,T0001161,P000019,3,32.28,96.84
TI00003531,T0001161,P000006,4,9.16,36.64
TI00003532,T0001161,P000011,4,19.19,76.76
TI00003533,T0001162,P000020,3,58.91,176.73
TI00003534,T0001162,P000019,4,32.28,129.12
TI00003535,T0001162,P000012,4,42.38,169.52
TI00003536,T0001162,P000013,2,13.19,26.38
TI00003537,T0001163,P000010,1,43.23,43.23
TI00003538,T0001164,P000001,2,27.25,54.5
TI00003539,T0001164,P000007,2,44.35,88.7
TI00003540,T0001164,P000006,3,9.16,27.48
TI00003541,T0001164,P000005,1,49.07,49.07
TI00003542,T0001165,P000002,3,56.39,169.17
TI00003543,T0001166,P000020,3,58.91,176.73
TI00003544,T0001166,P000007,3,44.35,133.05
TI00003545,T0001166,P000003,1,10.3,10.3
TI00003546,T0001166,P000005,1,49.07,49.07
TI00003547,T0001167,P000008,3,52.62,157.86
TI00003548,T0001167,P000004,3,39.36,118.08
TI00003549,T0001167,P000018,2,32.67,65.34
TI00003550,T0001168,P000004,4,39.36,157.44
TI00003551,T0001168,P000012,3,42.38,127.14
TI00003552,T0001169,P000004,2,39.36,78.72
TI00003553,T0001169,P000001,2,27.25,54.5
TI00003554,T0001169,P000011,2,19.19,38.38
TI00003555,T0001170,P000012,4,42.38,169.52
TI00003556,T0001170,P000017,2,43.77,87.54
TI00003557,T0001171,P000008,2,52.62,105.24
TI00003558,T0001172,P000008,4,52.62,210.48
TI00003559,T0001172,P000003,2,10.3,20.6
TI00003560,T0001172,P000001,1,27.25,27.25
TI00003561,T0001172,P000010,2,43.23,86.46
TI00003562,T0001173,P000019,4,32.28,129.12
TI00003563,T0001174,P000016,2,49.09,98.18
TI00003564,T0001174,P000012,1,42.38,42.38
TI00003565,T0001175,P000007,1,44.35,44.35
TI00003566,T0001176,P000002,2,56.39,112.78
TI00003567,T0001176,P000003,2,10.3,20.6
TI00003568,T0001177,P000002,3,56.39,169.17
TI00003569,T0001177,P000018,1,32.67,32.67
TI00003570,T0001177,P000010,2,43.23,86.46
TI00003571,T0001177,P000015,1,49.37,49.37
TI00003572,T0001178,P000002,2,56.39,112.78
TI00003573,T0001179,P000017,4,43.77,175.08
TI00003574,T0001179,P000003,2,10.3,20.6
TI00003575,T0001180,P000006,1,9.16,9.16
TI00003576,T0001180,P000008,1,52.62,52.62
TI00003577,T0001180,P000016,3,49.09,147.27
TI00003578,T0001180,P000011,4,19.19,76.76
TI00003579,T0001180,P000020,3,58.91,176.73
TI00003580,T0001181,P000009,3,33.09,99.27
TI00003581,T0001181,P000017,2,43.77,87.54
TI00003582,T0001181,P000003,2,10.3,20.6
TI00003583,T0001181,P000010,3,43.23,129.69
TI00003584,T0001182,P000005,2,49.07,98.14
TI00003585,T0001182,P000011,3,19.19,57.57
TI00003586,T0001182,P000007,3,44.35,133.05
TI00003587,T0001182,P000010,3,43.23,129.69
TI00003588,T0001182,P000006,3,9.16,27.48
TI00003589,T0001183,P000006,3,9.16,27.48
TI00003590,T0001183,P000003,4,10.3,41.2
TI00003591,T0001183,P000016,3,49.09,147.27
TI00003592,T0001184,P000017,1,43.77,43.77
TI00003593,T0001185,P000001,4,27.25,109.0
TI00003594,T0001185,P000006,4,9.16,36.64
TI00003595,T0001185,P000013,4,13.19,52.76
TI00003596,T0001185,P000016,1,49.09,49.09
TI00003597,T0001185,P000005,1,49.07,49.07
TI00003598,T0001186,P000005,4,49.07,196.28
TI00003599,T0001186,P000009,1,33.09,33.09
TI00003600,T0001186,P000013,3,13.19,39.57
TI00003601,T0001186,P000017,1,43.77,43.77
TI00003602,T0001187,P000007,3,44.35,133.05
TI00003603,T0001188,P000009,3,33.09,99.27
TI00003604,T0001189,P000016,1,49.09,49.09
TI00003605,T0001190,P000008,3,52.62,157.86
TI00003606,T0001190,P000007,2,44.35,88.7
TI00003607,T0001190,P000018,2,32.67,65.34
TI00003608,T0001191,P000001,2,27.25,54.5
TI00003609,T0001191,P000016,3,49.09,147.27
TI00003610,T0001191,P000002,3,56.39,169.17
TI00003611,T0001191,P000015,2,49.37,98.74
TI00003612,T0001191,P000020,4,58.91,235.64
TI00003613,T0001192,P000001,4,27.25,109.0
TI00003614,T0001192,P000011,3,19.19,57.57
TI00003615,T0001192,P000003,1,10.3,10.3
TI00003616,T0001192,P000018,1,32.67,32.67
TI00003617,T0001192,P000013,4,13.19,52.76
TI00003618,T0001193,P000017,1,43.77,43.77
TI00003619,T0001193,P000013,1,13.19,13.19
TI00003620,T0001193,P000003,3,10.3,30.9
TI00003621,T0001194,P000002,1,56.39,56.39
TI00003622,T0001194,P000016,3,49.09,147.27
TI00003623,T0001195,P000013,4,13.19,52.76
TI00003624,T0001195,P000019,2,32.28,64.56
TI00003625,T0001195,P000018,2,32.67,65.34
TI00003626,T0001195,P000002,1,56.39,56.39
TI00003627,T0001195,P000007,2,44.35,88.7
TI00003628,T0001196,P000016,3,49.09,147.27
TI00003629,T0001196,P000015,4,49.37,197.48
TI00003630,T0001196,P000002,3,56.39,169.17
TI00003631,T0001196,P000009,2,33.09,66.18
TI00003632,T0001196,P000013,2,13.19,26.38
TI00003633,T0001197,P000001,3,27.25,81.75
TI00003634,T0001197,P000007,3,44.35,133.05
TI00003635,T0001197,P000020,1,58.91,58.91
TI00003636,T0001197,P000005,1,49.07,49.07
TI00003637,T0001198,P000019,3,32.28,96.84
TI00003638,T0001198,P000010,2,43.23,86.46
TI00003639,T0001198,P000001,4,27.25,109.0
TI00003640,T0001198,P000006,4,9.16,36.64
TI00003641,T0001199,P000008,1,52.62,52.62
TI00003642,T0001199,P000003,1,10.3,10.3
TI00003643,T0001199,P000017,2,43.77,87.54
TI00003644,T0001199,P000013,4,13.19,52.76
TI00003645,T0001199,P000007,3,44.35,133.05
TI00003646,T0001200,P000002,2,56.39,112.78
TI00003647,T0001200,P000008,3,52.62,157.86
TI00003648,T0001201,P000012,3,42.38,127.14
TI00003649,T0001201,P000005,3,49.07,147.21
TI00003650,T0001201,P000011,3,19.19,57.57
TI00003651,T0001201,P000016,4,49.09,196.36
TI00003652,T0001202,P000016,2,49.09,98.18
TI00003653,T0001202,P000004,2,39.36,78.72
TI00003654,T0001203,P000016,4,49.09,196.36
TI00003655,T0001203,P000011,3,19.19,57.57
TI00003656,T0001203,P000003,2,10.3,20.6
TI00003657,T0001203,P000013,4,13.19,52.76
TI00003658,T0001204,P000016,2,49.09,98.18
TI00003659,T0001204,P000012,3,42.38,127.14
TI00003660,T0001205,P000016,2,49.09,98.18
TI00003661,T0001205,P000006,3,9.16,27.48
TI00003662,T0001205,P000007,1,44.35,44.35
TI00003663,T0001205,P000004,3,39.36,118.08
TI00003664,T0001206,P000014,3,24.75,74.25
TI00003665,T0001207,P000015,1,49.37,49.37
TI00003666,T0001208,P000001,1,27.25,27.25
TI00003667,T0001208,P000018,2,32.67,65.34
TI00003668,T0001208,P000012,4,42.38,169.52
TI00003669,T0001208,P000003,4,10.3,41.2
TI00003670,T0001208,P000009,2,33.09,66.18
TI00003671,T0001209,P000003,2,10.3,20.6
TI00003672,T0001209,P000001,2,27.25,54.5
TI00003673,T0001209,P000009,3,33.09,99.27
TI00003674,T0001209,P000014,4,24.75,99.0
TI00003675,T0001210,P000008,3,52.62,157.86
TI00003676,T0001210,P000012,4,42.38,169.52
TI00003677,T0001210,P000014,3,24.75,74.25
TI00003678,T0001211,P000005,3,49.07,147.21
TI00003679,T0001211,P000007,2,44.35,88.7
TI00003680,T0001211,P000001,2,27.25,54.5
TI00003681,T0001211,P000003,2,10.3,20.6
TI00003682,T0001211,P000013,1,13.19,13.19
TI00003683,T0001212,P000008,2,52.62,105.24
TI00003684,T0001212,P000014,3,24.75,74.25
TI00003685,T0001212,P000013,1,13.19,13.19
TI00003686,T0001213,P000009,4,33.09,132.36
TI00003687,T0001213,P000020,3,58.91,176.73
TI00003688,T0001214,P000016,1,49.09,49.09
TI00003689,T0001214,P000018,2,32.67,65.34
TI00003690,T0001214,P000004,3,39.36,118.08
TI00003691,T0001214,P000014,1,24.75,24.75
TI00003692,T0001214,P000012,2,42.38,84.76
TI00003693,T0001215,P000003,1,10.3,10.3
TI00003694,T0001215,P000012,4,42.38,169.52
TI00003695,T0001216,P000005,4,49.07,196.28
TI00003696,T0001216,P000004,4,39.36,157.44
TI00003697,T0001217,P000004,1,39.36,39.36
TI00003698,T0001217,P000005,4,49.07,196.28
TI00003699,T0001217,P000006,4,9.16,36.64
TI00003700,T0001217,P000003,1,10.3,10.3
TI00003701,T0001218,P000014,2,24.75,49.5
TI00003702,T0001218,P000010,1,43.23,43.23
TI00003703,T0001218,P000001,2,27.25,54.5
TI00003704,T0001218,P000013,4,13.19,52.76
TI00003705,T0001218,P000018,2,32.67,65.34
TI00003706,T0001219,P000008,3,52.62,157.86
TI00003707,T0001220,P000010,1,43.23,43.23
TI00003708,T0001220,P000002,2,56.39,112.78
TI00003709,T0001221,P000019,2,32.28,64.56
TI00003710,T0001222,P000013,3,13.19,39.57
TI00003711,T0001222,P000004,4,39.36,157.44
TI00003712,T0001223,P000015,3,49.37,148.11
TI00003713,T0001223,P000014,1,24.75,24.75
TI00003714,T0001223,P000018,3,32.67,98.01
TI00003715,T0001224,P000004,2,39.36,78.72
TI00003716,T0001224,P000014,4,24.75,99.0
TI00003717,T0001225,P000005,4,49.07,196.28
TI00003718,T0001226,P000002,4,56.39,225.56
TI00003719,T0001226,P000008,3,52.62,157.86
TI00003720,T0001226,P000015,4,49.37,197.48
TI00003721,T0001226,P000019,2,32.28,64.56
TI00003722,T0001226,P000012,4,42.38,169.52
TI00003723,T0001227,P000008,4,52.62,210.48
TI00003724,T0001227,P000016,3,49.09,147.27
TI00003725,T0001227,P000012,4,42.38,169.52
TI00003726,T0001227,P000015,2,49.37,98.74
TI00003727,T0001227,P000011,2,19.19,38.38
TI00003728,T0001228,P000003,1,10.3,10.3
TI00003729,T0001228,P000004,2,39.36,78.72
TI00003730,T0001228,P000016,4,49.09,196.36
TI00003731,T0001228,P000001,1,27.25,27.25
TI00003732,T0001229,P000012,1,42.38,42.38
TI00003733,T0001229,P000016,1,49.09,49.09
TI00003734,T0001229,P000020,1,58.91,58.91
TI00003735,T0001229,P000008,1,52.62,52.62
TI00003736,T0001229,P000003,1,10.3,10.3
TI00003737,T0001230,P000002,3,56.39,169.17
TI00003738,T0001231,P000009,4,33.09,132.36
TI00003739,T0001231,P000013,1,13.19,13.19
TI00003740,T0001231,P000003,3,10.3,30.9
TI00003741,T0001231,P000005,1,49.07,49.07
TI00003742,T0001231,P000019,1,32.28,32.28
TI00003743,T0001232,P000005,2,49.07,98.14
TI00003744,T0001232,P000011,2,19.19,38.38
TI00003745,T0001232,P000019,2,32.28,64.56
TI00003746,T0001232,P000015,4,49.37,197.48
TI00003747,T0001233,P000012,4,42.38,169.52
TI00003748,T0001234,P000016,3,49.09,147.27
TI00003749,T0001234,P000013,4,13.19,52.76
TI00003750,T0001234,P000019,4,32.28,129.12
TI00003751,T0001235,P000006,3,9.16,27.48
TI00003752,T0001236,P000007,1,44.35,44.35
TI00003753,T0001236,P000010,4,43.23,172.92
TI00003754,T0001236,P000006,4,9.16,36.64
TI00003755,T0001236,P000017,4,43.77,175.08
TI00003756,T0001236,P000012,1,42.38,42.38
TI00003757,T0001237,P000008,2,52.62,105.24
TI00003758,T0001237,P000018,2,32.67,65.34
TI00003759,T0001238,P000007,2,44.35,88.7
TI00003760,T0001239,P000012,4,42.38,169.52
TI00003761,T0001239,P000006,3,9.16,27.48
TI00003762,T0001239,P000003,1,10.3,10.3
TI00003763,T0001239,P000002,1,56.39,56.39
TI00003764,T0001240,P000017,3,43.77,131.31
TI00003765,T0001240,P000001,1,27.25,27.25
TI00003766,T0001240,P000007,4,44.35,177.4
TI00003767,T0001240,P000005,3,49.07,147.21
TI00003768,T0001241,P000001,3,27.25,81.75
TI00003769,T0001241,P000015,4,49.37,197.48
TI00003770,T0001241,P000009,3,33.09,99.27
TI00003771,T0001242,P000013,1,13.19,13.19
TI00003772,T0001242,P000003,3,10.3,30.9
TI00003773,T0001242,P000018,4,32.67,130.68
TI00003774,T0001242,P000006,1,9.16,9.16
TI00003775,T0001242,P000002,2,56.39,112.78
TI00003776,T0001243,P000002,2,56.39,112.78
TI00003777,T0001244,P000007,3,44.35,133.05
TI00003778,T0001245,P000004,3,39.36,118.08
TI00003779,T0001246,P000015,4,49.37,197.48
TI00003780,T0001247,P000015,2,49.37,98.74
TI00003781,T0001247,P000001,3,27.25,81.75
TI00003782,T0001247,P000011,4,19.19,76.76
TI00003783,T0001247,P000017,3,43.77,131.31
TI00003784,T0001247,P000016,1,49.09,49.09
TI00003785,T0001248,P000011,3,19.19,57.57
TI00003786,T0001248,P000013,1,13.19,13.19
TI00003787,T0001248,P000018,4,32.67,130.68
TI00003788,T0001248,P000014,2,24.75,49.5
TI00003789,T0001248,P000001,2,27.25,54.5
TI00003790,T0001249,P000004,4,39.36,157.44
TI00003791,T0001249,P000008,3,52.62,157.86
TI00003792,T0001250,P000017,4,43.77,175.08
TI00003793,T0001250,P000003,1,10.3,10.3
TI00003794,T0001251,P000011,4,19.19,76.76
TI00003795,T0001251,P000002,2,56.39,112.78
TI00003796,T0001251,P000018,3,32.67,98.01
TI00003797,T0001251,P000010,3,43.23,129.69
TI00003798,T0001251,P000016,1,49.09,49.09
TI00003799,T0001252,P000006,1,9.16,9.16
TI00003800,T0001252,P000001,1,27.25,27.25
TI00003801,T0001253,P000009,4,33.09,132.36
TI00003802,T0001253,P000005,4,49.07,196.28
TI00003803,T0001253,P000010,1,43.23,43.23
TI00003804,T0001253,P000001,3,27.25,81.75
TI00003805,T0001253,P000007,4,44.35,177.4
TI00003806,T0001254,P000014,4,24.75,99.0
TI00003807,T0001254,P000008,3,52.62,157.86
TI00003808,T0001254,P000009,3,33.09,99.27
TI00003809,T0001254,P000017,4,43.77,175.08
TI00003810,T0001255,P000012,4,42.38,169.52
TI00003811,T0001255,P000007,4,44.35,177.4
TI00003812,T0001255,P000008,4,52.62,210.48
TI00003813,T0001255,P000001,1,27.25,27.25
TI00003814,T0001255,P000003,2,10.3,20.6
TI00003815,T0001256,P000005,4,49.07,196.28
TI00003816,T0001257,P000016,2,49.09,98.18
TI00003817,T0001258,P000003,4,10.3,41.2
TI00003818,T0001258,P000011,2,19.19,38.38
TI00003819,T0001258,P000012,2,42.38,84.76
TI00003820,T0001259,P000014,1,24.75,24.75
TI00003821,T0001259,P000010,4,43.23,172.92
TI00003822,T0001260,P000017,4,43.77,175.08
TI00003823,T0001260,P000003,4,10.3,41.2
TI00003824,T0001260,P000019,1,32.28,32.28
TI00003825,T0001260,P000001,3,27.25,81.75
TI00003826,T0001261,P000012,4,42.38,169.52
TI00003827,T0001262,P000017,4,43.77,175.08
TI00003828,T0001263,P000004,4,39.36,157.44
TI00003829,T0001263,P000018,3,32.67,98.01
TI00003830,T0001263,P000009,3,33.09,99.27
TI00003831,T0001263,P000001,3,27.25,81.75
TI00003832,T0001263,P000016,4,49.09,196.36
TI00003833,T0001264,P000017,2,43.77,87.54
TI00003834,T0001264,P000014,2,24.75,49.5
TI00003835,T0001265,P000006,3,9.16,27.48
TI00003836,T0001266,P000002,3,56.39,169.17
TI00003837,T0001266,P000015,3,49.37,148.11
TI00003838,T0001267,P000009,1,33.09,33.09
TI00003839,T0001267,P000011,3,19.19,57.57
TI00003840,T0001267,P000019,1,32.28,32.28
TI00003841,T0001268,P000002,1,56.39,56.39
TI00003842,T0001268,P000004,1,39.36,39.36
TI00003843,T0001268,P000014,4,24.75,99.0
TI00003844,T0001268,P000001,3,27.25,81.75
TI00003845,T0001269,P000015,2,49.37,98.74
TI00003846,T0001269,P000005,1,49.07,49.07
TI00003847,T0001269,P000017,3,43.77,131.31
TI00003848,T0001269,P000013,4,13.19,52.76
TI00003849,T0001270,P000002,1,56.39,56.39
TI00003850,T0001270,P000008,3,52.62,157.86
TI00003851,T0001271,P000020,3,58.91,176.73
TI00003852,T0001271,P000001,2,27.25,54.5
TI00003853,T0001271,P000011,3,19.19,57.57
TI00003854,T0001271,P000006,4,9.16,36.64
TI00003855,T0001272,P000016,1,49.09,49.09
TI00003856,T0001272,P000020,3,58.91,176.73
TI00003857,T0001272,P000010,4,43.23,172.92
TI00003858,T0001272,P000008,2,52.62,105.24
TI00003859,T0001272,P000015,3,49.37,148.11
TI00003860,T0001273,P000001,4,27.25,109.0
TI00003861,T0001273,P000020,2,58.91,117.82
TI00003862,T0001273,P000014,2,24.75,49.5
TI00003863,T0001273,P000017,3,43.77,131.31
TI00003864,T0001274,P000018,4,32.67,130.68
TI00003865,T0001275,P000001,3,27.25,81.75
TI00003866,T0001275,P000008,3,52.62,157.86
TI00003867,T0001276,P000013,3,13.19,39.57
TI00003868,T0001276,P000001,2,27.25,54.5
TI00003869,T0001276,P000014,3,24.75,74.25
TI00003870,T0001276,P000019,2,32.28,64.56
TI00003871,T0001277,P000015,2,49.37,98.74
TI00003872,T0001278,P000002,1,56.39,56.39
TI00003873,T0001278,P000008,2,52.62,105.24
TI00003874,T0001278,P000016,3,49.09,147.27
TI00003875,T0001279,P000018,1,32.67,32.67
TI00003876,T0001279,P000015,1,49.37,49.37
TI00003877,T0001280,P000015,1,49.37,49.37
TI00003878,T0001280,P000013,4,13.19,52.76
TI00003879,T0001281,P000019,2,32.28,64.56
TI00003880,T0001282,P000006,1,9.16,9.16
TI00003881,T0001282,P000012,3,42.38,127.14
TI00003882,T0001282,P000010,4,43.23,172.92
TI00003883,T0001283,P000011,4,19.19,76.76
TI00003884,T0001283,P000020,1,58.91,58.91
TI00003885,T0001283,P000002,2,56.39,112.78
TI00003886,T0001284,P000007,1,44.35,44.35
TI00003887,T0001284,P000013,2,13.19,26.38
TI00003888,T0001284,P000017,2,43.77,87.54
TI00003889,T0001285,P000001,1,27.25,27.25
TI00003890,T0001285,P000002,1,56.39,56.39
TI00003891,T0001285,P000008,3,52.62,157.86
TI00003892,T0001286,P000018,1,32.67,32.67
TI00003893,T0001287,P000010,4,43.23,172.92
TI00003894,T0001287,P000018,4,32.67,130.68
TI00003895,T0001288,P000015,4,49.37,197.48
TI00003896,T0001288,P000017,4,43.77,175.08
TI00003897,T0001289,P000002,4,56.39,225.56
TI00003898,T0001289,P000011,4,19.19,76.76
TI00003899,T0001290,P000004,3,39.36,118.08
TI00003900,T0001290,P000009,4,33.09,132.36
TI00003901,T0001290,P000016,2,49.09,98.18
TI00003902,T0001290,P000010,2,43.23,86.46
TI00003903,T0001291,P000004,1,39.36,39.36
TI00003904,T0001291,P000016,4,49.09,196.36
TI00003905,T0001292,P000005,1,49.07,49.07
TI00003906,T0001292,P000006,3,9.16,27.48
TI00003907,T0001293,P000004,3,39.36,118.08
TI00003908,T0001293,P000012,4,42.38,169.52
TI00003909,T0001293,P000014,4,24.75,99.0
TI00003910,T0001293,P000010,3,43.23,129.69
TI00003911,T0001293,P000002,3,56.39,169.17
TI00003912,T0001294,P000015,1,49.37,49.37
TI00003913,T0001294,P000009,4,33.09,132.36
TI00003914,T0001294,P000017,2,43.77,87.54
TI00003915,T0001295,P000012,2,42.38,84.76
TI00003916,T0001295,P000019,1,32.28,32.28
TI00003917,T0001295,P000006,2,9.16,18.32
TI00003918,T0001296,P000009,2,33.09,66.18
TI00003919,T0001297,P000012,3,42.38,127.14
TI00003920,T0001297,P000001,4,27.25,109.0
TI00003921,T0001297,P000002,3,56.39,169.17
TI00003922,T0001297,P000018,2,32.67,65.34
TI00003923,T0001298,P000016,2,49.09,98.18
TI00003924,T0001298,P000001,4,27.25,109.0
TI00003925,T0001299,P000017,2,43.77,87.54
TI00003926,T0001299,P000001,1,27.25,27.25
TI00003927,T0001300,P000016,3,49.09,147.27
TI00003928,T0001300,P000012,1,42.38,42.38
TI00003929,T0001300,P000010,2,43.23,86.46
TI00003930,T0001300,P000015,3,49.37,148.11
TI00003931,T0001300,P000007,4,44.35,177.4
TI00003932,T0001301,P000010,1,43.23,43.23
TI00003933,T0001301,P000004,3,39.36,118.08
TI00003934,T0001301,P000018,4,32.67,130.68
TI00003935,T0001301,P000014,1,24.75,24.75
TI00003936,T0001302,P000017,2,43.77,87.54
TI00003937,T0001303,P000001,4,27.25,109.0
TI00003938,T0001303,P000009,3,33.09,99.27
TI00003939,T0001303,P000013,2,13.19,26.38
TI00003940,T0001304,P000002,3,56.39,169.17
TI00003941,T0001305,P000004,1,39.36,39.36
TI00003942,T0001305,P000012,4,42.38,169.52
TI00003943,T0001305,P000016,1,49.09,49.09
TI00003944,T0001306,P000019,3,32.28,96.84
TI00003945,T0001306,P000013,1,13.19,13.19
TI00003946,T0001306,P000006,2,9.16,18.32
TI00003947,T0001306,P000009,2,33.09,66.18
TI00003948,T0001306,P000017,2,43.77,87.54
TI00003949,T0001307,P000011,1,19.19,19.19
TI00003950,T0001307,P000004,2,39.36,78.72
TI00003951,T0001307,P000020,2,58.91,117.82
TI00003952,T0001308,P000003,2,10.3,20.6
TI00003953,T0001308,P000015,1,49.37,49.37
TI00003954,T0001308,P000008,3,52.62,157.86
TI00003955,T0001309,P000019,4,32.28,129.12
TI00003956,T0001309,P000005,3,49.07,147.21
TI00003957,T0001309,P000009,2,33.09,66.18
TI00003958,T0001310,P000020,3,58.91,176.73
TI00003959,T0001310,P000006,1,9.16,9.16
TI00003960,T0001310,P000017,1,43.77,43.77
TI00003961,T0001310,P000014,2,24.75,49.5
TI00003962,T0001310,P000010,4,43.23,172.92
TI00003963,T0001311,P000006,3,9.16,27.48
TI00003964,T0001311,P000001,2,27.25,54.5
TI00003965,T0001312,P000014,4,24.75,99.0
TI00003966,T0001312,P000017,4,43.77,175.08
TI00003967,T0001313,P000011,2,19.19,38.38
TI00003968,T0001313,P000003,2,10.3,20.6
TI00003969,T0001314,P000006,3,9.16,27.48
TI00003970,T0001315,P000018,1,32.67,32.67
TI00003971,T0001315,P000005,2,49.07,98.14
TI00003972,T0001315,P000012,3,42.38,127.14
TI00003973,T0001315,P000008,1,52.62,52.62
TI00003974,T0001315,P000004,2,39.36,78.72
TI00003975,T0001316,P000018,2,32.67,65.34
TI00003976,T0001316,P000006,1,9.16,9.16
TI00003977,T0001316,P000017,4,43.77,175.08
TI00003978,T0001316,P000009,1,33.09,33.09
TI00003979,T0001316,P000013,1,13.19,13.19
TI00003980,T0001317,P000011,3,19.19,57.57
TI00003981,T0001317,P000002,4,56.39,225.56
TI00003982,T0001317,P000018,2,32.67,65.34
TI00003983,T0001318,P000019,2,32.28,64.56
TI00003984,T0001318,P000018,2,32.67,65.34
TI00003985,T0001318,P000010,2,43.23,86.46
TI00003986,T0001319,P000001,4,27.25,109.0
TI00003987,T0001319,P000017,2,43.77,87.54
TI00003988,T0001319,P000005,4,49.07,196.28
TI00003989,T0001320,P000019,3,32.28,96.84
TI00003990,T0001320,P000012,2,42.38,84.76
TI00003991,T0001320,P000001,1,27.25,27.25
TI00003992,T0001321,P000015,4,49.37,197.48
TI00003993,T0001321,P000001,3,27.25,81.75
TI00003994,T0001322,P000005,4,49.07,196.28
TI00003995,T0001322,P000017,1,43.77,43.77
TI00003996,T0001323,P000018,1,32.67,32.67
TI00003997,T0001323,P000016,2,49.09,98.18
TI00003998,T0001323,P000002,4,56.39,225.56
TI00003999,T0001324,P000011,3,19.19,57.57
TI00004000,T0001324,P000002,1,56.39,56.39
TI00004001,T0001325,P000017,1,43.77,43.77
TI00004002,T0001325,P000016,2,49.09,98.18
TI00004003,T0001325,P000010,4,43.23,172.92
TI00004004,T0001326,P000019,2,32.28,64.56
TI00004005,T0001326,P000006,2,9.16,18.32
TI00004006,T0001326,P000018,3,32.67,98.01
TI00004007,T0001326,P000001,4,27.25,109.0
TI00004008,T0001326,P000008,4,52.62,210.48
TI00004009,T0001327,P000001,3,27.25,81.75
TI00004010,T0001327,P000004,3,39.36,118.08
TI00004011,T0001327,P000013,3,13.19,39.57
TI00004012,T0001328,P000006,1,9.16,9.16
TI00004013,T0001328,P000005,3,49.07,147.21
TI00004014,T0001328,P000014,1,24.75,24.75
TI00004015,T0001329,P000003,4,10.3,41.2
TI00004016,T0001329,P000018,2,32.67,65.34
TI00004017,T0001329,P000001,2,27.25,54.5
TI00004018,T0001330,P000008,1,52.62,52.62
TI00004019,T0001330,P000005,2,49.07,98.14
TI00004020,T0001331,P000001,3,27.25,81.75
TI00004021,T0001331,P000011,1,19.19,19.19
TI00004022,T0001332,P000004,2,39.36,78.72
TI00004023,T0001333,P000008,2,52.62,105.24
TI00004024,T0001333,P000001,1,27.25,27.25
TI00004025,T0001333,P000013,2,13.19,26.38
TI00004026,T0001334,P000012,4,42.38,169.52
TI00004027,T0001334,P000013,2,13.19,26.38
TI00004028,T0001334,P000011,4,19.19,76.76
TI00004029,T0001334,P000018,4,32.67,130.68
TI00004030,T0001334,P000004,4,39.36,157.44
TI00004031,T0001335,P000006,1,9.16,9.16
TI00004032,T0001335,P000016,1,49.09,49.09
TI00004033,T0001335,P000017,1,43.77,43.77
TI00004034,T0001336,P000005,1,49.07,49.07
TI00004035,T0001336,P000012,4,42.38,169.52
TI00004036,T0001336,P000011,1,19.19,19.19
TI00004037,T0001336,P000009,4,33.09,132.36
TI00004038,T0001337,P000011,4,19.19,76.76
TI00004039,T0001337,P000001,1,27.25,27.25
TI00004040,T0001337,P000015,4,49.37,197.48
TI00004041,T0001337,P000019,3,32.28,96.84
TI00004042,T0001338,P000010,3,43.23,129.69
TI00004043,T0001338,P000016,3,49.09,147.27
TI00004044,T0001338,P000003,2,10.3,20.6
TI00004045,T0001339,P000015,1,49.37,49.37
TI00004046,T0001339,P000004,1,39.36,39.36
TI00004047,T0001340,P000004,3,39.36,118.08
TI00004048,T0001340,P000006,2,9.16,18.32
TI00004049,T0001340,P000010,4,43.23,172.92
TI00004050,T0001340,P000005,1,49.07,49.07
TI00004051,T0001340,P000018,4,32.67,130.68
TI00004052,T0001341,P000002,2,56.39,112.78
TI00004053,T0001341,P000016,3,49.09,147.27
TI00004054,T0001342,P000011,3,19.19,57.57
TI00004055,T0001343,P000010,3,43.23,129.69
TI00004056,T0001343,P000004,1,39.36,39.36
TI00004057,T0001343,P000015,2,49.37,98.74
TI00004058,T0001343,P000002,2,56.39,112.78
TI00004059,T0001343,P000009,1,33.09,33.09
TI00004060,T0001344,P000018,2,32.67,65.34
TI00004061,T0001344,P000003,3,10.3,30.9
TI00004062,T0001344,P000011,1,19.19,19.19
TI00004063,T0001344,P000013,4,13.19,52.76
TI00004064,T0001345,P000002,2,56.39,112.78
TI00004065,T0001345,P000004,4,39.36,157.44
TI00004066,T0001346,P000001,1,27.25,27.25
TI00004067,T0001346,P000009,3,33.09,99.27
TI00004068,T0001347,P000008,1,52.62,52.62
TI00004069,T0001348,P000010,2,43.23,86.46
TI00004070,T0001348,P000013,1,13.19,13.19
TI00004071,T0001349,P000010,3,43.23,129.69
TI00004072,T0001349,P000012,3,42.38,127.14
TI00004073,T0001349,P000008,2,52.62,105.24
TI00004074,T0001349,P000011,4,19.19,76.76
TI00004075,T0001350,P000010,4,43.23,172.92
TI00004076,T0001350,P000008,2,52.62,105.24
TI00004077,T0001350,P000014,4,24.75,99.0
TI00004078,T0001350,P000009,1,33.09,33.09
TI00004079,T0001351,P000017,2,43.77,87.54
TI00004080,T0001351,P000011,2,19.19,38.38
TI00004081,T0001351,P000008,1,52.62,52.62
TI00004082,T0001351,P000004,2,39.36,78.72
TI00004083,T0001351,P000013,1,13.19,13.19
TI00004084,T0001352,P000005,3,49.07,147.21
TI00004085,T0001352,P000004,1,39.36,39.36
TI00004086,T0001352,P000001,2,27.25,54.5
TI00004087,T0001352,P000009,1,33.09,33.09
TI00004088,T0001352,P000007,2,44.35,88.7
TI00004089,T0001353,P000002,4,56.39,225.56
TI00004090,T0001354,P000016,1,49.09,49.09
TI00004091,T0001354,P000006,3,9.16,27.48
TI00004092,T0001354,P000013,3,13.19,39.57
TI00004093,T0001354,P000005,4,49.07,196.28
TI00004094,T0001354,P000015,1,49.37,49.37
TI00004095,T0001355,P000012,2,42.38,84.76
TI00004096,T0001355,P000018,3,32.67,98.01
TI00004097,T0001355,P000014,2,24.75,49.5
TI00004098,T0001355,P000013,2,13.19,26.38
TI00004099,T0001355,P000015,2,49.37,98.74
TI00004100,T0001356,P000014,1,24.75,24.75
TI00004101,T0001357,P000008,3,52.62,157.86
TI00004102,T0001357,P000020,1,58.91,58.91
TI00004103,T0001357,P000006,3,9.16,27.48
TI00004104,T0001357,P000001,3,27.25,81.75
TI00004105,T0001358,P000004,3,39.36,118.08
TI00004106,T0001358,P000003,4,10.3,41.2
TI00004107,T0001358,P000002,1,56.39,56.39
TI00004108,T0001358,P000010,4,43.23,172.92
TI00004109,T0001359,P000014,1,24.75,24.75
TI00004110,T0001359,P000006,4,9.16,36.64
TI00004111,T0001359,P000003,3,10.3,30.9
TI00004112,T0001359,P000019,3,32.28,96.84
TI00004113,T0001359,P000011,4,19.19,76.76
TI00004114,T0001360,P000004,2,39.36,78.72
TI00004115,T0001361,P000005,3,49.07,147.21
TI00004116,T0001361,P000013,4,13.19,52.76
TI00004117,T0001362,P000019,1,32.28,32.28
TI00004118,T0001362,P000020,3,58.91,176.73
TI00004119,T0001362,P000017,3,43.77,131.31
TI00004120,T0001362,P000005,1,49.07,49.07
TI00004121,T0001362,P000002,4,56.39,225.56
TI00004122,T0001363,P000019,3,32.28,96.84
TI00004123,T0001363,P000006,3,9.16,27.48
TI00004124,T0001363,P000020,1,58.91,58.91
TI00004125,T0001363,P000014,4,24.75,99.0
TI00004126,T0001363,P000012,3,42.38,127.14
TI00004127,T0001364,P000015,2,49.37,98.74
TI00004128,T0001364,P000010,1,43.23,43.23
TI00004129,T0001364,P000020,2,58.91,117.82
TI00004130,T0001364,P000013,1,13.19,13.19
TI00004131,T0001365,P000002,1,56.39,56.39
TI00004132,T0001365,P000008,1,52.62,52.62
TI00004133,T0001366,P000019,4,32.28,129.12
TI00004134,T0001366,P000009,4,33.09,132.36
TI00004135,T0001366,P000012,2,42.38,84.76
TI00004136,T0001366,P000001,2,27.25,54.5
TI00004137,T0001366,P000007,2,44.35,88.7
TI00004138,T0001367,P000014,2,24.75,49.5
TI00004139,T0001367,P000018,2,32.67,65.34
TI00004140,T0001367,P000003,2,10.3,20.6
TI00004141,T0001367,P000020,1,58.91,58.91
TI00004142,T0001368,P000014,2,24.75,49.5
TI00004143,T0001369,P000015,4,49.37,197.48
TI00004144,T0001370,P000001,4,27.25,109.0
TI00004145,T0001370,P000012,2,42.38,84.76
TI00004146,T0001370,P000019,4,32.28,129.12
TI00004147,T0001370,P000016,1,49.09,49.09
TI00004148,T0001370,P000015,4,49.37,197.48
TI00004149,T0001371,P000020,3,58.91,176.73
TI00004150,T0001371,P000004,4,39.36,157.44
TI00004151,T0001371,P000011,4,19.19,76.76
TI00004152,T0001371,P000007,1,44.35,44.35
TI00004153,T0001371,P000003,1,10.3,10.3
TI00004154,T0001372,P000011,4,19.19,76.76
TI00004155,T0001372,P000018,4,32.67,130.68
TI00004156,T0001373,P000005,3,49.07,147.21
TI00004157,T0001373,P000002,4,56.39,225.56
TI00004158,T0001373,P000001,2,27.25,54.5
TI00004159,T0001373,P000015,3,49.37,148.11
TI00004160,T0001374,P000018,1,32.67,32.67
TI00004161,T0001375,P000019,3,32.28,96.84
TI00004162,T0001375,P000007,3,44.35,133.05
TI00004163,T0001375,P000009,3,33.09,99.27
TI00004164,T0001375,P000018,4,32.67,130.68
TI00004165,T0001375,P000020,3,58.91,176.73
TI00004166,T0001376,P000014,1,24.75,24.75
TI00004167,T0001377,P000019,3,32.28,96.84
TI00004168,T0001377,P000006,1,9.16,9.16
TI00004169,T0001378,P000016,1,49.09,49.09
TI00004170,T0001378,P000009,2,33.09,66.18
TI00004171,T0001378,P000013,4,13.19,52.76
TI00004172,T0001379,P000001,3,27.25,81.75
TI00004173,T0001379,P000009,4,33.09,132.36
TI00004174,T0001379,P000008,4,52.62,210.48
TI00004175,T0001379,P000015,4,49.37,197.48
TI00004176,T0001379,P000005,4,49.07,196.28
TI00004177,T0001380,P000006,3,9.16,27.48
TI00004178,T0001380,P000008,4,52.62,210.48
TI00004179,T0001380,P000016,3,49.09,147.27
TI00004180,T0001381,P000016,4,49.09,196.36
TI00004181,T0001381,P000014,3,24.75,74.25
TI00004182,T0001381,P000019,3,32.28,96.84
TI00004183,T0001381,P000001,4,27.25,109.0
TI00004184,T0001382,P000011,2,19.19,38.38
TI00004185,T0001382,P000004,3,39.36,118.08
TI00004186,T0001382,P000019,1,32.28,32.28
TI00004187,T0001382,P000002,2,56.39,112.78
TI00004188,T0001383,P000019,3,32.28,96.84
TI00004189,T0001383,P000002,1,56.39,56.39
TI00004190,T0001384,P000008,4,52.62,210.48
TI00004191,T0001384,P000016,4,49.09,196.36
TI00004192,T0001384,P000003,4,10.3,41.2
TI00004193,T0001384,P000019,1,32.28,32.28
TI00004194,T0001384,P000006,4,9.16,36.64
TI00004195,T0001385,P000010,1,43.23,43.23
TI00004196,T0001385,P000005,4,49.07,196.28
TI00004197,T0001385,P000020,1,58.91,58.91
TI00004198,T0001385,P000007,2,44.35,88.7
TI00004199,T0001386,P000020,4,58.91,235.64
TI00004200,T0001386,P000006,3,9.16,27.48
TI00004201,T0001386,P000019,1,32.28,32.28
TI00004202,T0001386,P000015,3,49.37,148.11
TI00004203,T0001387,P000005,2,49.07,98.14
TI00004204,T0001387,P000012,1,42.38,42.38
TI00004205,T0001387,P000004,4,39.36,157.44
TI00004206,T0001387,P000020,4,58.91,235.64
TI00004207,T0001387,P000003,2,10.3,20.6
TI00004208,T0001388,P000001,4,27.25,109.0
TI00004209,T0001388,P000006,2,9.16,18.32
TI00004210,T0001389,P000014,2,24.75,49.5
TI00004211,T0001389,P000001,2,27.25,54.5
TI00004212,T0001390,P000012,3,42.38,127.14
TI00004213,T0001391,P000001,4,27.25,109.0
TI00004214,T0001392,P000013,4,13.19,52.76
TI00004215,T0001392,P000010,1,43.23,43.23
TI00004216,T0001393,P000011,4,19.19,76.76
TI00004217,T0001393,P000012,2,42.38,84.76
TI00004218,T0001393,P000002,2,56.39,112.78
TI00004219,T0001393,P000017,4,43.77,175.08
TI00004220,T0001393,P000005,1,49.07,49.07
TI00004221,T0001394,P000004,2,39.36,78.72
TI00004222,T0001395,P000004,3,39.36,118.08
TI00004223,T0001396,P000014,4,24.75,99.0
TI00004224,T0001396,P000019,4,32.28,129.12
TI00004225,T0001397,P000014,3,24.75,74.25
TI00004226,T0001397,P000010,1,43.23,43.23
TI00004227,T0001398,P000017,3,43.77,131.31
TI00004228,T0001398,P000016,2,49.09,98.18
TI00004229,T0001398,P000001,1,27.25,27.25
TI00004230,T0001398,P000005,3,49.07,147.21
TI00004231,T0001399,P000012,2,42.38,84.76
TI00004232,T0001399,P000013,4,13.19,52.76
TI00004233,T0001400,P000019,4,32.28,129.12
TI00004234,T0001401,P000015,3,49.37,148.11
TI00004235,T0001401,P000014,3,24.75,74.25
TI00004236,T0001401,P000018,2,32.67,65.34
TI00004237,T0001401,P000007,4,44.35,177.4
TI00004238,T0001401,P000003,3,10.3,30.9
TI00004239,T0001402,P000011,1,19.19,19.19
TI00004240,T0001402,P000015,3,49.37,148.11
TI00004241,T0001402,P000003,4,10.3,41.2
TI00004242,T0001402,P000005,1,49.07,49.07
TI00004243,T0001402,P000013,2,13.19,26.38
TI00004244,T0001403,P000001,3,27.25,81.75
TI00004245,T0001403,P000013,1,13.19,13.19
TI00004246,T0001403,P000016,4,49.09,196.36
TI00004247,T0001403,P000017,1,43.77,43.77
TI00004248,T0001404,P000013,2,13.19,26.38
TI00004249,T0001405,P000005,1,49.07,49.07
TI00004250,T0001406,P000004,3,39.36,118.08
TI00004251,T0001406,P000007,2,44.35,88.7
TI00004252,T0001406,P000008,1,52.62,52.62
TI00004253,T0001406,P000006,1,9.16,9.16
TI00004254,T0001407,P000010,4,43.23,172.92
TI00004255,T0001407,P000011,3,19.19,57.57
TI00004256,T0001408,P000002,4,56.39,225.56
TI00004257,T0001408,P000009,4,33.09,132.36
TI00004258,T0001409,P000008,3,52.62,157.86
TI00004259,T0001409,P000018,4,32.67,130.68
TI00004260,T0001409,P000001,2,27.25,54.5
TI00004261,T0001410,P000017,3,43.77,131.31
TI00004262,T0001410,P000002,4,56.39,225.56
TI00004263,T0001410,P000001,3,27.25,81.75
TI00004264,T0001410,P000003,2,10.3,20.6
TI00004265,T0001410,P000016,2,49.09,98.18
TI00004266,T0001411,P000017,1,43.77,43.77
TI00004267,T0001411,P000001,1,27.25,27.25
TI00004268,T0001412,P000001,1,27.25,27.25
TI00004269,T0001413,P000012,4,42.38,169.52
TI00004270,T0001414,P000002,3,56.39,169.17
TI00004271,T0001414,P000016,3,49.09,147.27
TI00004272,T0001414,P000015,4,49.37,197.48
TI00004273,T0001414,P000012,1,42.38,42.38
TI00004274,T0001415,P000020,1,58.91,58.91
TI00004275,T0001416,P000015,4,49.37,197.48
TI00004276,T0001417,P000005,4,49.07,196.28
TI00004277,T0001418,P000018,4,32.67,130.68
TI00004278,T0001418,P000012,4,42.38,169.52
TI00004279,T0001418,P000001,3,27.25,81.75
TI00004280,T0001418,P000008,2,52.62,105.24
TI00004281,T0001419,P000014,2,24.75,49.5
TI00004282,T0001419,P000012,3,42.38,127.14
TI00004283,T0001419,P000018,2,32.67,65.34
TI00004284,T0001419,P000010,3,43.23,129.69
TI00004285,T0001420,P000020,2,58.91,117.82
TI00004286,T0001420,P000008,2,52.62,105.24
TI00004287,T0001420,P000018,3,32.67,98.01
TI00004288,T0001420,P000015,4,49.37,197.48
TI00004289,T0001421,P000004,4,39.36,157.44
TI00004290,T0001421,P000001,4,27.25,109.0
TI00004291,T0001421,P000017,4,43.77,175.08
TI00004292,T0001421,P000016,2,49.09,98.18
TI00004293,T0001421,P000015,1,49.37,49.37
TI00004294,T0001422,P000008,1,52.62,52.62
TI00004295,T0001422,P000014,3,24.75,74.25
TI00004296,T0001422,P000012,4,42.38,169.52
TI00004297,T0001422,P000010,2,43.23,86.46
TI00004298,T0001422,P000004,1,39.36,39.36
TI00004299,T0001423,P000019,4,32.28,129.12
TI00004300,T0001423,P000004,4,39.36,157.44
TI00004301,T0001423,P000012,2,42.38,84.76
TI00004302,T0001424,P000006,3,9.16,27.48
TI00004303,T0001424,P000014,2,24.75,49.5
TI00004304,T0001424,P000003,4,10.3,41.2
TI00004305,T0001424,P000016,4,49.09,196.36
TI00004306,T0001425,P000015,3,49.37,148.11
TI00004307,T0001425,P000020,4,58.91,235.64
TI00004308,T0001425,P000019,2,32.28,64.56
TI00004309,T0001425,P000018,1,32.67,32.67
TI00004310,T0001426,P000002,1,56.39,56.39
TI00004311,T0001426,P000011,3,19.19,57.57
TI00004312,T0001427,P000019,4,32.28,129.12
TI00004313,T0001427,P000020,4,58.91,235.64
TI00004314,T0001427,P000001,1,27.25,27.25
TI00004315,T0001427,P000005,3,49.07,147.21
TI00004316,T0001428,P000006,4,9.16,36.64
TI00004317,T0001428,P000014,2,24.75,49.5
TI00004318,T0001428,P000008,4,52.62,210.48
TI00004319,T0001428,P000018,4,32.67,130.68
TI00004320,T0001428,P000012,4,42.38,169.52
TI00004321,T0001429,P000016,4,49.09,196.36
TI00004322,T0001429,P000004,4,39.36,157.44
TI00004323,T0001429,P000015,2,49.37,98.74
TI00004324,T0001429,P000019,3,32.28,96.84
TI00004325,T0001429,P000007,4,44.35,177.4
TI00004326,T0001430,P000016,3,49.09,147.27
TI00004327,T0001431,P000003,1,10.3,10.3
TI00004328,T0001431,P000006,4,9.16,36.64
TI00004329,T0001431,P000018,2,32.67,65.34
TI00004330,T0001431,P000013,1,13.19,13.19
TI00004331,T0001432,P000015,1,49.37,49.37
TI00004332,T0001432,P000014,4,24.75,99.0
TI00004333,T0001432,P000020,3,58.91,176.73
TI00004334,T0001432,P000004,3,39.36,118.08
TI00004335,T0001432,P000009,2,33.09,66.18
TI00004336,T0001433,P000005,4,49.07,196.28
TI00004337,T0001433,P000016,2,49.09,98.18
TI00004338,T0001433,P000003,1,10.3,10.3
TI00004339,T0001433,P000001,3,27.25,81.75
TI00004340,T0001434,P000013,1,13.19,13.19
TI00004341,T0001435,P000008,1,52.62,52.62
TI00004342,T0001435,P000020,4,58.91,235.64
TI00004343,T0001435,P000003,4,10.3,41.2
TI00004344,T0001435,P000017,3,43.77,131.31
TI00004345,T0001435,P000002,4,56.39,225.56
TI00004346,T0001436,P000017,3,43.77,131.31
TI00004347,T0001436,P000012,3,42.38,127.14
TI00004348,T0001436,P000011,2,19.19,38.38
TI00004349,T0001437,P000017,3,43.77,131.31
TI00004350,T0001437,P000001,2,27.25,54.5
TI00004351,T0001437,P000003,1,10.3,10.3
TI00004352,T0001437,P000011,1,19.19,19.19
TI00004353,T0001438,P000017,3,43.77,131.31
TI00004354,T0001439,P000003,3,10.3,30.9
TI00004355,T0001439,P000018,3,32.67,98.01
TI00004356,T0001439,P000005,1,49.07,49.07
TI00004357,T0001440,P000008,2,52.62,105.24
TI00004358,T0001441,P000011,1,19.19,19.19
TI00004359,T0001441,P000013,2,13.19,26.38
TI00004360,T0001442,P000019,2,32.28,64.56
TI00004361,T0001442,P000005,4,49.07,196.28
TI00004362,T0001442,P000016,3,49.09,147.27
TI00004363,T0001442,P000009,1,33.09,33.09
TI00004364,T0001443,P000009,2,33.09,66.18
TI00004365,T0001443,P000015,4,49.37,197.48
TI00004366,T0001443,P000017,4,43.77,175.08
TI00004367,T0001443,P000018,4,32.67,130.68
TI00004368,T0001444,P000002,2,56.39,112.78
TI00004369,T0001444,P000009,3,33.09,99.27
TI00004370,T0001444,P000012,2,42.38,84.76
TI00004371,T0001444,P000017,2,43.77,87.54
TI00004372,T0001444,P000014,4,24.75,99.0
TI00004373,T0001445,P000015,4,49.37,197.48
TI00004374,T0001446,P000002,2,56.39,112.78
TI00004375,T0001446,P000005,2,49.07,98.14
TI00004376,T0001446,P000016,2,49.09,98.18
TI00004377,T0001446,P000011,3,19.19,57.57
TI00004378,T0001447,P000003,4,10.3,41.2
TI00004379,T0001448,P000005,3,49.07,147.21
TI00004380,T0001448,P000004,3,39.36,118.08
TI00004381,T0001449,P000005,4,49.07,196.28
TI00004382,T0001449,P000020,1,58.91,58.91
TI00004383,T0001449,P000018,4,32.67,130.68
TI00004384,T0001449,P000007,4,44.35,177.4
TI00004385,T0001450,P000006,4,9.16,36.64
TI00004386,T0001450,P000001,3,27.25,81.75
TI00004387,T0001450,P000009,3,33.09,99.27
TI00004388,T0001451,P000015,2,49.37,98.74
TI00004389,T0001451,P000004,2,39.36,78.72
TI00004390,T0001451,P000003,4,10.3,41.2
TI00004391,T0001451,P000012,2,42.38,84.76
TI00004392,T0001452,P000009,2,33.09,66.18
TI00004393,T0001452,P000011,3,19.19,57.57
TI00004394,T0001452,P000001,1,27.25,27.25
TI00004395,T0001453,P000009,4,33.09,132.36
TI00004396,T0001453,P000018,4,32.67,130.68
TI00004397,T0001454,P000011,2,19.19,38.38
TI00004398,T0001455,P000011,1,19.19,19.19
TI00004399,T0001455,P000020,2,58.91,117.82
TI00004400,T0001455,P000004,3,39.36,118.08
TI00004401,T0001455,P000013,3,13.19,39.57
TI00004402,T0001456,P000018,3,32.67,98.01
TI00004403,T0001456,P000009,1,33.09,33.09
TI00004404,T0001456,P000001,2,27.25,54.5
TI00004405,T0001456,P000003,2,10.3,20.6
TI00004406,T0001456,P000015,2,49.37,98.74
TI00004407,T0001457,P000003,3,10.3,30.9
TI00004408,T0001457,P000011,4,19.19,76.76
TI00004409,T0001458,P000006,4,9.16,36.64
TI00004410,T0001458,P000005,2,49.07,98.14
TI00004411,T0001458,P000019,3,32.28,96.84
TI00004412,T0001459,P000004,3,39.36,118.08
TI00004413,T0001459,P000016,3,49.09,147.27
TI00004414,T0001459,P000018,2,32.67,65.34
TI00004415,T0001459,P000003,1,10.3,10.3
TI00004416,T0001459,P000013,3,13.19,39.57
TI00004417,T0001460,P000005,2,49.07,98.14
TI00004418,T0001460,P000003,2,10.3,20.6
TI00004419,T0001460,P000016,1,49.09,49.09
TI00004420,T0001461,P000016,4,49.09,196.36
TI00004421,T0001462,P000009,1,33.09,33.09
TI00004422,T0001462,P000006,4,9.16,36.64
TI00004423,T0001462,P000010,1,43.23,43.23
TI00004424,T0001462,P000019,2,32.28,64.56
TI00004425,T0001463,P000006,4,9.16,36.64
TI00004426,T0001463,P000018,3,32.67,98.01
TI00004427,T0001464,P000010,2,43.23,86.46
TI00004428,T0001464,P000017,3,43.77,131.31
TI00004429,T0001464,P000015,1,49.37,49.37
TI00004430,T0001464,P000011,4,19.19,76.76
TI00004431,T0001465,P000018,1,32.67,32.67
TI00004432,T0001466,P000010,3,43.23,129.69
TI00004433,T0001467,P000018,1,32.67,32.67
TI00004434,T0001467,P000015,3,49.37,148.11
TI00004435,T0001467,P000005,3,49.07,147.21
TI00004436,T0001467,P000010,1,43.23,43.23
TI00004437,T0001468,P000009,1,33.09,33.09
TI00004438,T0001468,P000008,4,52.62,210.48
TI00004439,T0001468,P000002,4,56.39,225.56
TI00004440,T0001468,P000017,4,43.77,175.08
TI00004441,T0001469,P000015,2,49.37,98.74
TI00004442,T0001469,P000009,4,33.09,132.36
TI00004443,T0001469,P000012,1,42.38,42.38
TI00004444,T0001469,P000014,4,24.75,99.0
TI00004445,T0001470,P000011,3,19.19,57.57
TI00004446,T0001471,P000010,1,43.23,43.23
TI00004447,T0001471,P000001,4,27.25,109.0
TI00004448,T0001471,P000014,2,24.75,49.5
TI00004449,T0001471,P000004,1,39.36,39.36
TI00004450,T0001471,P000017,1,43.77,43.77
TI00004451,T0001472,P000004,2,39.36,78.72
TI00004452,T0001472,P000006,4,9.16,36.64
TI00004453,T0001472,P000007,4,44.35,177.4
TI00004454,T0001472,P000011,3,19.19,57.57
TI00004455,T0001473,P000008,3,52.62,157.86
TI00004456,T0001473,P000014,3,24.75,74.25
TI00004457,T0001473,P000016,4,49.09,196.36
TI00004458,T0001474,P000012,2,42.38,84.76
TI00004459,T0001475,P000010,4,43.23,172.92
TI00004460,T0001475,P000001,4,27.25,109.0
TI00004461,T0001475,P000014,2,24.75,49.5
TI00004462,T0001476,P000016,1,49.09,49.09
TI00004463,T0001476,P000017,3,43.77,131.31
TI00004464,T0001476,P000014,4,24.75,99.0
TI00004465,T0001477,P000007,1,44.35,44.35
TI00004466,T0001477,P000013,1,13.19,13.19
TI00004467,T0001478,P000006,4,9.16,36.64
TI00004468,T0001478,P000020,4,58.91,235.64
TI00004469,T0001479,P000003,2,10.3,20.6
TI00004470,T0001479,P000005,2,49.07,98.14
TI00004471,T0001479,P000019,3,32.28,96.84
TI00004472,T0001479,P000007,3,44.35,133.05
TI00004473,T0001480,P000002,2,56.39,112.78
TI00004474,T0001480,P000003,3,10.3,30.9
TI00004475,T0001480,P000014,3,24.75,74.25
TI00004476,T0001480,P000020,4,58.91,235.64
TI00004477,T0001481,P000010,3,43.23,129.69
TI00004478,T0001481,P000006,2,9.16,18.32
TI00004479,T0001481,P000005,3,49.07,147.21
TI00004480,T0001481,P000019,1,32.28,32.28
TI00004481,T0001482,P000001,3,27.25,81.75
TI00004482,T0001482,P000016,2,49.09,98.18
TI00004483,T0001482,P000017,1,43.77,43.77
TI00004484,T0001482,P000013,4,13.19,52.76
TI00004485,T0001483,P000007,3,44.35,133.05
TI00004486,T0001483,P000015,2,49.37,98.74
TI00004487,T0001483,P000003,1,10.3,10.3
TI00004488,T0001483,P000018,3,32.67,98.01
TI00004489,T0001484,P000004,2,39.36,78.72
TI00004490,T0001484,P000018,4,32.67,130.68
TI00004491,T0001485,P000008,2,52.62,105.24
TI00004492,T0001485,P000018,3,32.67,98.01
TI00004493,T0001486,P000015,3,49.37,148.11
TI00004494,T0001486,P000019,2,32.28,64.56
TI00004495,T0001486,P000012,3,42.38,127.14
TI00004496,T0001486,P000010,1,43.23,43.23
TI00004497,T0001486,P000009,2,33.09,66.18
TI00004498,T0001487,P000017,1,43.77,43.77
TI00004499,T0001487,P000018,1,32.67,32.67
TI00004500,T0001488,P000002,3,56.39,169.17
TI00004501,T0001488,P000006,2,9.16,18.32
TI00004502,T0001488,P000020,3,58.91,176.73
TI00004503,T0001489,P000008,4,52.62,210.48
TI00004504,T0001489,P000001,3,27.25,81.75
TI00004505,T0001490,P000016,3,49.09,147.27
TI00004506,T0001490,P000001,2,27.25,54.5
TI00004507,T0001491,P000011,3,19.19,57.57
TI00004508,T0001491,P000009,1,33.09,33.09
TI00004509,T0001491,P000010,2,43.23,86.46
TI00004510,T0001491,P000012,1,42.38,42.38
TI00004511,T0001491,P000004,2,39.36,78.72
TI00004512,T0001492,P000005,3,49.07,147.21
TI00004513,T0001492,P000006,4,9.16,36.64
TI00004514,T0001492,P000004,1,39.36,39.36
TI00004515,T0001492,P000008,1,52.62,52.62
TI00004516,T0001493,P000009,2,33.09,66.18
TI00004517,T0001493,P000010,3,43.23,129.69
TI00004518,T0001493,P000012,2,42.38,84.76
TI00004519,T0001493,P000014,4,24.75,99.0
TI00004520,T0001493,P000013,3,13.19,39.57
TI00004521,T0001494,P000009,3,33.09,99.27
TI00004522,T0001494,P000012,1,42.38,42.38
TI00004523,T0001494,P000004,3,39.36,118.08
TI00004524,T0001495,P000013,3,13.19,39.57
TI00004525,T0001495,P000005,1,49.07,49.07
TI00004526,T0001495,P000016,4,49.09,196.36
TI00004527,T0001495,P000008,3,52.62,157.86
TI00004528,T0001496,P000009,2,33.09,66.18
TI00004529,T0001496,P000006,1,9.16,9.16
TI00004530,T0001496,P000012,3,42.38,127.14
TI00004531,T0001496,P000008,3,52.62,157.86
TI00004532,T0001496,P000018,4,32.67,130.68
TI00004533,T0001497,P000008,2,52.62,105.24
TI00004534,T0001497,P000001,1,27.25,27.25
TI00004535,T0001497,P000015,1,49.37,49.37
TI00004536,T0001497,P000007,1,44.35,44.35
TI00004537,T0001497,P000017,2,43.77,87.54
TI00004538,T0001498,P000003,2,10.3,20.6
TI00004539,T0001498,P000016,1,49.09,49.09
TI00004540,T0001498,P000011,3,19.19,57.57
TI00004541,T0001498,P000015,2,49.37,98.74
TI00004542,T0001498,P000012,3,42.38,127.14
TI00004543,T0001499,P000001,1,27.25,27.25
TI00004544,T0001499,P000014,1,24.75,24.75
TI00004545,T0001499,P000018,3,32.67,98.01
TI00004546,T0001499,P000013,1,13.19,13.19
TI00004547,T0001499,P000017,1,43.77,43.77
TI00004548,T0001500,P000006,4,9.16,36.64
TI00004549,T0001501,P000016,3,49.09,147.27
TI00004550,T0001502,P000005,1,49.07,49.07
TI00004551,T0001502,P000002,4,56.39,225.56
TI00004552,T0001502,P000019,4,32.28,129.12
TI00004553,T0001502,P000007,1,44.35,44.35
TI00004554,T0001502,P000014,3,24.75,74.25
TI00004555,T0001503,P000019,4,32.28,129.12
TI00004556,T0001503,P000006,4,9.16,36.64
TI00004557,T0001503,P000012,3,42.38,127.14
TI00004558,T0001503,P000007,3,44.35,133.05
TI00004559,T0001504,P000019,4,32.28,129.12
TI00004560,T0001505,P000004,2,39.36,78.72
TI00004561,T0001505,P000017,4,43.77,175.08
TI00004562,T0001505,P000020,2,58.91,117.82
TI00004563,T0001505,P000001,3,27.25,81.75
TI00004564,T0001505,P000006,2,9.16,18.32
TI00004565,T0001506,P000013,1,13.19,13.19
TI00004566,T0001507,P000015,3,49.37,148.11
TI00004567,T0001507,P000013,2,13.19,26.38
TI00004568,T0001507,P000001,1,27.25,27.25
TI00004569,T0001507,P000006,4,9.16,36.64
TI00004570,T0001507,P000020,1,58.91,58.91
TI00004571,T0001508,P000020,4,58.91,235.64
TI00004572,T0001508,P000007,3,44.35,133.05
TI00004573,T0001508,P000003,3,10.3,30.9
TI00004574,T0001508,P000001,1,27.25,27.25
TI00004575,T0001508,P000012,3,42.38,127.14
TI00004576,T0001509,P000002,3,56.39,169.17
TI00004577,T0001509,P000019,4,32.28,129.12
TI00004578,T0001509,P000018,2,32.67,65.34
TI00004579,T0001510,P000002,2,56.39,112.78
TI00004580,T0001510,P000019,3,32.28,96.84
TI00004581,T0001510,P000020,1,58.91,58.91
TI00004582,T0001511,P000009,4,33.09,132.36
TI00004583,T0001511,P000019,2,32.28,64.56
TI00004584,T0001512,P000019,3,32.28,96.84
TI00004585,T0001512,P000009,3,33.09,99.27
TI00004586,T0001512,P000003,3,10.3,30.9
TI00004587,T0001513,P000010,1,43.23,43.23
TI00004588,T0001513,P000007,2,44.35,88.7
TI00004589,T0001513,P000001,2,27.25,54.5
TI00004590,T0001514,P000008,2,52.62,105.24
TI00004591,T0001514,P000015,4,49.37,197.48
TI00004592,T0001514,P000006,3,9.16,27.48
TI00004593,T0001514,P000012,2,42.38,84.76
TI00004594,T0001515,P000005,4,49.07,196.28
TI00004595,T0001515,P000008,3,52.62,157.86
TI00004596,T0001516,P000016,3,49.09,147.27
TI00004597,T0001516,P000010,4,43.23,172.92
TI00004598,T0001516,P000003,4,10.3,41.2
TI00004599,T0001516,P000013,3,13.19,39.57
TI00004600,T0001517,P000002,1,56.39,56.39
TI00004601,T0001517,P000013,3,13.19,39.57
TI00004602,T0001517,P000005,4,49.07,196.28
TI00004603,T0001517,P000004,2,39.36,78.72
TI00004604,T0001518,P000017,1,43.77,43.77
TI00004605,T0001518,P000002,4,56.39,225.56
TI00004606,T0001519,P000010,2,43.23,86.46
TI00004607,T0001519,P000018,2,32.67,65.34
TI00004608,T0001520,P000008,3,52.62,157.86
TI00004609,T0001520,P000003,2,10.3,20.6
TI00004610,T0001520,P000017,4,43.77,175.08
TI00004611,T0001521,P000001,1,27.25,27.25
TI00004612,T0001522,P000001,2,27.25,54.5
TI00004613,T0001522,P000017,1,43.77,43.77
TI00004614,T0001522,P000009,4,33.09,132.36
TI00004615,T0001523,P000012,3,42.38,127.14
TI00004616,T0001523,P000007,4,44.35,177.4
TI00004617,T0001523,P000002,2,56.39,112.78
TI00004618,T0001524,P000002,2,56.39,112.78
TI00004619,T0001524,P000017,3,43.77,131.31
TI00004620,T0001524,P000005,1,49.07,49.07
TI00004621,T0001524,P000014,2,24.75,49.5
TI00004622,T0001525,P000008,3,52.62,157.86
TI00004623,T0001525,P000002,1,56.39,56.39
TI00004624,T0001525,P000004,2,39.36,78.72
TI00004625,T0001525,P000014,1,24.75,24.75
TI00004626,T0001526,P000011,1,19.19,19.19
TI00004627,T0001526,P000012,3,42.38,127.14
TI00004628,T0001526,P000008,4,52.62,210.48
TI00004629,T0001526,P000014,2,24.75,49.5
TI00004630,T0001526,P000006,3,9.16,27.48
TI00004631,T0001527,P000016,1,49.09,49.09
TI00004632,T0001527,P000014,4,24.75,99.0
TI00004633,T0001528,P000002,4,56.39,225.56
TI00004634,T0001528,P000001,2,27.25,54.5
TI00004635,T0001528,P000016,1,49.09,49.09
TI00004636,T0001529,P000003,3,10.3,30.9
TI00004637,T0001530,P000001,3,27.25,81.75
TI00004638,T0001530,P000003,4,10.3,41.2
TI00004639,T0001530,P000004,2,39.36,78.72
TI00004640,T0001530,P000006,2,9.16,18.32
TI00004641,T0001531,P000012,2,42.38,84.76
TI00004642,T0001531,P000011,3,19.19,57.57
TI00004643,T0001531,P000002,3,56.39,169.17
TI00004644,T0001531,P000016,3,49.09,147.27
TI00004645,T0001531,P000018,3,32.67,98.01
TI00004646,T0001532,P000019,4,32.28,129.12
TI00004647,T0001532,P000002,3,56.39,169.17
TI00004648,T0001532,P000003,4,10.3,41.2
TI00004649,T0001533,P000014,2,24.75,49.5
TI00004650,T0001533,P000012,1,42.38,42.38
TI00004651,T0001534,P000018,3,32.67,98.01
TI00004652,T0001535,P000005,4,49.07,196.28
TI00004653,T0001535,P000015,1,49.37,49.37
TI00004654,T0001535,P000012,3,42.38,127.14
TI00004655,T0001535,P000016,3,49.09,147.27
TI00004656,T0001535,P000009,4,33.09,132.36
TI00004657,T0001536,P000014,1,24.75,24.75
TI00004658,T0001536,P000008,2,52.62,105.24
TI00004659,T0001536,P000020,3,58.91,176.73
TI00004660,T0001536,P000019,3,32.28,96.84
TI00004661,T0001536,P000003,4,10.3,41.2
TI00004662,T0001537,P000016,3,49.09,147.27
TI00004663,T0001537,P000011,1,19.19,19.19
TI00004664,T0001538,P000014,4,24.75,99.0
TI00004665,T0001538,P000015,1,49.37,49.37
TI00004666,T0001538,P000004,4,39.36,157.44
TI00004667,T0001538,P000006,2,9.16,18.32
TI00004668,T0001539,P000001,4,27.25,109.0
TI00004669,T0001539,P000009,3,33.09,99.27
TI00004670,T0001539,P000012,1,42.38,42.38
TI00004671,T0001540,P000001,4,27.25,109.0
TI00004672,T0001540,P000003,2,10.3,20.6
TI00004673,T0001541,P000017,4,43.77,175.08
TI00004674,T0001542,P000018,1,32.67,32.67
TI00004675,T0001542,P000019,3,32.28,96.84
TI00004676,T0001542,P000008,4,52.62,210.48
TI00004677,T0001543,P000006,4,9.16,36.64
TI00004678,T0001543,P000015,2,49.37,98.74
TI00004679,T0001544,P000007,2,44.35,88.7
TI00004680,T0001544,P000008,1,52.62,52.62
TI00004681,T0001544,P000012,4,42.38,169.52
TI00004682,T0001544,P000006,4,9.16,36.64
TI00004683,T0001544,P000015,3,49.37,148.11
TI00004684,T0001545,P000011,4,19.19,76.76
TI00004685,T0001545,P000007,4,44.35,177.4
TI00004686,T0001545,P000002,3,56.39,169.17
TI00004687,T0001546,P000020,1,58.91,58.91
TI00004688,T0001546,P000004,3,39.36,118.08
TI00004689,T0001546,P000014,4,24.75,99.0
TI00004690,T0001546,P000001,4,27.25,109.0
TI00004691,T0001547,P000007,2,44.35,88.7
TI00004692,T0001547,P000002,1,56.39,56.39
TI00004693,T0001548,P000009,4,33.09,132.36
TI00004694,T0001548,P000002,1,56.39,56.39
TI00004695,T0001548,P000020,2,58.91,117.82
TI00004696,T0001549,P000004,3,39.36,118.08
TI00004697,T0001549,P000016,4,49.09,196.36
TI00004698,T0001550,P000007,1,44.35,44.35
TI00004699,T0001550,P000016,2,49.09,98.18
TI00004700,T0001550,P000010,2,43.23,86.46
TI00004701,T0001550,P000015,2,49.37,98.74
TI00004702,T0001551,P000007,4,44.35,177.4
TI00004703,T0001551,P000002,3,56.39,169.17
TI00004704,T0001551,P000006,3,9.16,27.48
TI00004705,T0001552,P000017,4,43.77,175.08
TI00004706,T0001552,P000007,1,44.35,44.35
TI00004707,T0001552,P000006,4,9.16,36.64
TI00004708,T0001552,P000016,3,49.09,147.27
TI00004709,T0001552,P000009,2,33.09,66.18
TI00004710,T0001553,P000020,4,58.91,235.64
TI00004711,T0001554,P000006,4,9.16,36.64
TI00004712,T0001554,P000012,1,42.38,42.38
TI00004713,T0001554,P000009,3,33.09,99.27
TI00004714,T0001555,P000018,3,32.67,98.01
TI00004715,T0001555,P000001,2,27.25,54.5
TI00004716,T0001555,P000015,2,49.37,98.74
TI00004717,T0001555,P000003,3,10.3,30.9
TI00004718,T0001556,P000015,1,49.37,49.37
TI00004719,T0001556,P000005,1,49.07,49.07
TI00004720,T0001556,P000008,4,52.62,210.48
TI00004721,T0001556,P000007,3,44.35,133.05
TI00004722,T0001557,P000009,1,33.09,33.09
TI00004723,T0001557,P000014,4,24.75,99.0
TI00004724,T0001557,P000020,2,58.91,117.82
TI00004725,T0001558,P000020,1,58.91,58.91
TI00004726,T0001558,P000013,3,13.19,39.57
TI00004727,T0001558,P000003,1,10.3,10.3
TI00004728,T0001559,P000014,1,24.75,24.75
TI00004729,T0001559,P000017,2,43.77,87.54
TI00004730,T0001559,P000003,3,10.3,30.9
TI00004731,T0001559,P000005,2,49.07,98.14
TI00004732,T0001560,P000011,1,19.19,19.19
TI00004733,T0001560,P000007,1,44.35,44.35
TI00004734,T0001560,P000017,3,43.77,131.31
TI00004735,T0001561,P000001,4,27.25,109.0
TI00004736,T0001561,P000017,2,43.77,87.54
TI00004737,T0001561,P000011,4,19.19,76.76
TI00004738,T0001561,P000003,2,10.3,20.6
TI00004739,T0001561,P000020,4,58.91,235.64
TI00004740,T0001562,P000010,1,43.23,43.23
TI00004741,T0001562,P000002,3,56.39,169.17
TI00004742,T0001562,P000005,4,49.07,196.28
TI00004743,T0001562,P000004,1,39.36,39.36
TI00004744,T0001563,P000017,3,43.77,131.31
TI00004745,T0001564,P000005,2,49.07,98.14
TI00004746,T0001564,P000014,4,24.75,99.0
TI00004747,T0001564,P000015,1,49.37,49.37
TI00004748,T0001564,P000002,3,56.39,169.17
TI00004749,T0001564,P000011,3,19.19,57.57
TI00004750,T0001565,P000013,2,13.19,26.38
TI00004751,T0001565,P000001,1,27.25,27.25
TI00004752,T0001565,P000020,3,58.91,176.73
TI00004753,T0001565,P000012,2,42.38,84.76
TI00004754,T0001566,P000007,3,44.35,133.05
TI00004755,T0001566,P000008,1,52.62,52.62
TI00004756,T0001567,P000004,4,39.36,157.44
TI00004757,T0001567,P000012,4,42.38,169.52
TI00004758,T0001567,P000007,4,44.35,177.4
TI00004759,T0001567,P000003,1,10.3,10.3
TI00004760,T0001567,P000010,3,43.23,129.69
TI00004761,T0001568,P000018,2,32.67,65.34
TI00004762,T0001568,P000002,3,56.39,169.17
TI00004763,T0001568,P000019,1,32.28,32.28
TI00004764,T0001568,P000016,3,49.09,147.27
TI00004765,T0001568,P000004,3,39.36,118.08
TI00004766,T0001569,P000009,1,33.09,33.09
TI00004767,T0001569,P000011,2,19.19,38.38
TI00004768,T0001569,P000004,1,39.36,39.36
TI00004769,T0001570,P000002,3,56.39,169.17
TI00004770,T0001570,P000012,4,42.38,169.52
TI00004771,T0001570,P000003,3,10.3,30.9
TI00004772,T0001570,P000017,3,43.77,131.31
TI00004773,T0001571,P000007,1,44.35,44.35
TI00004774,T0001571,P000009,3,33.09,99.27
TI00004775,T0001571,P000002,4,56.39,225.56
TI00004776,T0001572,P000002,4,56.39,225.56
TI00004777,T0001572,P000004,1,39.36,39.36
TI00004778,T0001572,P000005,3,49.07,147.21
TI00004779,T0001572,P000018,2,32.67,65.34
TI00004780,T0001572,P000012,4,42.38,169.52
TI00004781,T0001573,P000006,3,9.16,27.48
TI00004782,T0001573,P000013,3,13.19,39.57
TI00004783,T0001574,P000013,1,13.19,13.19
TI00004784,T0001574,P000006,1,9.16,9.16
TI00004785,T0001575,P000012,3,42.38,127.14
TI00004786,T0001575,P000016,4,49.09,196.36
TI00004787,T0001576,P000011,4,19.19,76.76
TI00004788,T0001576,P000006,3,9.16,27.48
TI00004789,T0001577,P000005,1,49.07,49.07
TI00004790,T0001577,P000013,2,13.19,26.38
TI00004791,T0001577,P000008,2,52.62,105.24
TI00004792,T0001577,P000006,1,9.16,9.16
TI00004793,T0001578,P000010,4,43.23,172.92
TI00004794,T0001579,P000019,1,32.28,32.28
TI00004795,T0001580,P000009,3,33.09,99.27
TI00004796,T0001580,P000015,3,49.37,148.11
TI00004797,T0001580,P000002,1,56.39,56.39
TI00004798,T0001581,P000007,3,44.35,133.05
TI00004799,T0001581,P000013,2,13.19,26.38
TI00004800,T0001581,P000005,3,49.07,147.21
TI00004801,T0001581,P000017,3,43.77,131.31
TI00004802,T0001582,P000004,2,39.36,78.72
TI00004803,T0001583,P000005,3,49.07,147.21
TI00004804,T0001584,P000014,1,24.75,24.75
TI00004805,T0001584,P000010,4,43.23,172.92
TI00004806,T0001584,P000002,4,56.39,225.56
TI00004807,T0001584,P000008,2,52.62,105.24
TI00004808,T0001584,P000005,1,49.07,49.07
TI00004809,T0001585,P000006,4,9.16,36.64
TI00004810,T0001585,P000003,3,10.3,30.9
TI00004811,T0001586,P000007,3,44.35,133.05
TI00004812,T0001586,P000006,4,9.16,36.64
TI00004813,T0001586,P000017,1,43.77,43.77
TI00004814,T0001586,P000016,2,49.09,98.18
TI00004815,T0001587,P000015,1,49.37,49.37
TI00004816,T0001588,P000017,1,43.77,43.77
TI00004817,T0001589,P000012,1,42.38,42.38
TI00004818,T0001590,P000001,2,27.25,54.5
TI00004819,T0001591,P000015,2,49.37,98.74
TI00004820,T0001591,P000006,4,9.16,36.64
TI00004821,T0001591,P000018,4,32.67,130.68
TI00004822,T0001592,P000010,2,43.23,86.46
TI00004823,T0001593,P000016,4,49.09,196.36
TI00004824,T0001594,P000003,2,10.3,20.6
TI00004825,T0001594,P000005,1,49.07,49.07
TI00004826,T0001594,P000004,1,39.36,39.36
TI00004827,T0001594,P000020,4,58.91,235.64
TI00004828,T0001594,P000012,1,42.38,42.38
TI00004829,T0001595,P000006,4,9.16,36.64
TI00004830,T0001595,P000019,3,32.28,96.84
TI00004831,T0001595,P000001,2,27.25,54.5
TI00004832,T0001595,P000003,1,10.3,10.3
TI00004833,T0001595,P000013,2,13.19,26.38
TI00004834,T0001596,P000011,3,19.19,57.57
TI00004835,T0001596,P000008,3,52.62,157.86
TI00004836,T0001597,P000005,3,49.07,147.21
TI00004837,T0001597,P000014,1,24.75,24.75
TI00004838,T0001597,P000015,4,49.37,197.48
TI00004839,T0001597,P000019,4,32.28,129.12
TI00004840,T0001598,P000010,1,43.23,43.23
TI00004841,T0001598,P000009,2,33.09,66.18
TI00004842,T0001598,P000006,1,9.16,9.16
TI00004843,T0001599,P000010,2,43.23,86.46
TI00004844,T0001599,P000015,4,49.37,197.48
TI00004845,T0001599,P000004,4,39.36,157.44
TI00004846,T0001599,P000008,1,52.62,52.62
TI00004847,T0001600,P000015,4,49.37,197.48
TI00004848,T0001600,P000020,2,58.91,117.82
TI00004849,T0001600,P000018,1,32.67,32.67
TI00004850,T0001601,P000011,2,19.19,38.38
TI00004851,T0001602,P000015,4,49.37,197.48
TI00004852,T0001602,P000012,2,42.38,84.76
TI00004853,T0001602,P000004,2,39.36,78.72
TI00004854,T0001602,P000009,3,33.09,99.27
TI00004855,T0001602,P000013,2,13.19,26.38
TI00004856,T0001603,P000007,1,44.35,44.35
TI00004857,T0001603,P000014,2,24.75,49.5
TI00004858,T0001603,P000005,3,49.07,147.21
TI00004859,T0001603,P000009,1,33.09,33.09
TI00004860,T0001604,P000014,3,24.75,74.25
TI00004861,T0001604,P000017,1,43.77,43.77
TI00004862,T0001604,P000008,4,52.62,210.48
TI00004863,T0001604,P000007,2,44.35,88.7
TI00004864,T0001605,P000001,2,27.25,54.5
TI00004865,T0001605,P000015,2,49.37,98.74
TI00004866,T0001605,P000017,1,43.77,43.77
TI00004867,T0001605,P000020,4,58.91,235.64
TI00004868,T0001605,P000005,4,49.07,196.28
TI00004869,T0001606,P000015,4,49.37,197.48
TI00004870,T0001606,P000006,3,9.16,27.48
TI00004871,T0001606,P000005,3,49.07,147.21
TI00004872,T0001606,P000009,2,33.09,66.18
TI00004873,T0001606,P000016,2,49.09,98.18
TI00004874,T0001607,P000001,2,27.25,54.5
TI00004875,T0001607,P000004,3,39.36,118.08
TI00004876,T0001607,P000005,1,49.07,49.07
TI00004877,T0001607,P000012,1,42.38,42.38
TI00004878,T0001608,P000015,1,49.37,49.37
TI00004879,T0001608,P000019,2,32.28,64.56
TI00004880,T0001609,P000014,4,24.75,99.0
TI00004881,T0001609,P000004,3,39.36,118.08
TI00004882,T0001609,P000016,1,49.09,49.09
TI00004883,T0001609,P000017,3,43.77,131.31
TI00004884,T0001609,P000002,1,56.39,56.39
TI00004885,T0001610,P000019,2,32.28,64.56
TI00004886,T0001610,P000003,2,10.3,20.6
TI00004887,T0001610,P000012,3,42.38,127.14
TI00004888,T0001611,P000015,2,49.37,98.74
TI00004889,T0001611,P000020,1,58.91,58.91
TI00004890,T0001612,P000005,1,49.07,49.07
TI00004891,T0001612,P000012,4,42.38,169.52
TI00004892,T0001612,P000020,1,58.91,58.91
TI00004893,T0001612,P000015,3,49.37,148.11
TI00004894,T0001612,P000008,3,52.62,157.86
TI00004895,T0001613,P000002,1,56.39,56.39
TI00004896,T0001613,P000012,3,42.38,127.14
TI00004897,T0001614,P000020,1,58.91,58.91
TI00004898,T0001614,P000009,4,33.09,132.36
TI00004899,T0001614,P000016,2,49.09,98.18
TI00004900,T0001614,P000019,2,32.28,64.56
TI00004901,T0001614,P000013,3,13.19,39.57
TI00004902,T0001615,P000009,3,33.09,99.27
TI00004903,T0001615,P000011,2,19.19,38.38
TI00004904,T0001615,P000002,3,56.39,169.17
TI00004905,T0001615,P000015,1,49.37,49.37
TI00004906,T0001616,P000012,1,42.38,42.38
TI00004907,T0001616,P000002,4,56.39,225.56
TI00004908,T0001616,P000007,1,44.35,44.35
TI00004909,T0001616,P000020,1,58.91,58.91
TI00004910,T0001616,P000008,1,52.62,52.62
TI00004911,T0001617,P000019,1,32.28,32.28
TI00004912,T0001617,P000004,3,39.36,118.08
TI00004913,T0001617,P000001,2,27.25,54.5
TI00004914,T0001617,P000002,3,56.39,169.17
TI00004915,T0001618,P000015,3,49.37,148.11
TI00004916,T0001618,P000002,4,56.39,225.56
TI00004917,T0001618,P000005,3,49.07,147.21
TI00004918,T0001619,P000020,2,58.91,117.82
TI00004919,T0001619,P000006,1,9.16,9.16
TI00004920,T0001619,P000011,3,19.19,57.57
TI00004921,T0001619,P000010,1,43.23,43.23
TI00004922,T0001619,P000002,4,56.39,225.56
TI00004923,T0001620,P000007,4,44.35,177.4
TI00004924,T0001620,P000013,1,13.19,13.19
TI00004925,T0001620,P000005,3,49.07,147.21
TI00004926,T0001620,P000019,4,32.28,129.12
TI00004927,T0001620,P000015,2,49.37,98.74
TI00004928,T0001621,P000016,1,49.09,49.09
TI00004929,T0001621,P000011,1,19.19,19.19
TI00004930,T0001621,P000006,3,9.16,27.48
TI00004931,T0001621,P000017,4,43.77,175.08
TI00004932,T0001621,P000014,1,24.75,24.75
TI00004933,T0001622,P000019,1,32.28,32.28
TI00004934,T0001622,P000002,4,56.39,225.56
TI00004935,T0001622,P000004,3,39.36,118.08
TI00004936,T0001623,P000017,3,43.77,131.31
TI00004937,T0001623,P000014,3,24.75,74.25
TI00004938,T0001624,P000016,3,49.09,147.27
TI00004939,T0001624,P000004,1,39.36,39.36
TI00004940,T0001624,P000001,2,27.25,54.5
TI00004941,T0001625,P000002,4,56.39,225.56
TI00004942,T0001625,P000003,3,10.3,30.9
TI00004943,T0001626,P000020,4,58.91,235.64
TI00004944,T0001626,P000013,2,13.19,26.38
TI00004945,T0001626,P000015,2,49.37,98.74
TI00004946,T0001626,P000009,1,33.09,33.09
TI00004947,T0001626,P000001,1,27.25,27.25
TI00004948,T0001627,P000015,3,49.37,148.11
TI00004949,T0001627,P000004,4,39.36,157.44
TI00004950,T0001627,P000013,2,13.19,26.38
TI00004951,T0001628,P000005,4,49.07,196.28
TI00004952,T0001628,P000020,2,58.91,117.82
TI00004953,T0001629,P000006,3,9.16,27.48
TI00004954,T0001630,P000016,4,49.09,196.36
TI00004955,T0001630,P000011,2,19.19,38.38
TI00004956,T0001630,P000015,4,49.37,197.48
TI00004957,T0001630,P000004,3,39.36,118.08
TI00004958,T0001630,P000020,4,58.91,235.64
TI00004959,T0001631,P000002,2,56.39,112.78
TI00004960,T0001631,P000007,1,44.35,44.35
TI00004961,T0001632,P000017,3,43.77,131.31
TI00004962,T0001632,P000009,4,33.09,132.36
TI00004963,T0001632,P000010,4,43.23,172.92
TI00004964,T0001633,P000003,2,10.3,20.6
TI00004965,T0001633,P000012,3,42.38,127.14
TI00004966,T0001633,P000007,1,44.35,44.35
TI00004967,T0001633,P000020,2,58.91,117.82
TI00004968,T0001633,P000013,2,13.19,26.38
TI00004969,T0001634,P000015,1,49.37,49.37
TI00004970,T0001634,P000005,2,49.07,98.14
TI00004971,T0001635,P000008,3,52.62,157.86
TI00004972,T0001635,P000020,1,58.91,58.91
TI00004973,T0001635,P000012,4,42.38,169.52
TI00004974,T0001635,P000014,3,24.75,74.25
TI00004975,T0001636,P000003,4,10.3,41.2
TI00004976,T0001636,P000014,3,24.75,74.25
TI00004977,T0001636,P000009,2,33.09,66.18
TI00004978,T0001637,P000003,1,10.3,10.3
TI00004979,T0001637,P000011,4,19.19,76.76
TI00004980,T0001638,P000009,4,33.09,132.36
TI00004981,T0001639,P000007,3,44.35,133.05
TI00004982,T0001639,P000016,3,49.09,147.27
TI00004983,T0001639,P000019,4,32.28,129.12
TI00004984,T0001639,P000015,3,49.37,148.11
TI00004985,T0001640,P000020,1,58.91,58.91
TI00004986,T0001640,P000015,3,49.37,148.11
TI00004987,T0001640,P000003,1,10.3,10.3
TI00004988,T0001641,P000007,4,44.35,177.4
TI00004989,T0001641,P000001,1,27.25,27.25
TI00004990,T0001641,P000019,1,32.28,32.28
TI00004991,T0001641,P000018,3,32.67,98.01
TI00004992,T0001642,P000014,1,24.75,24.75
TI00004993,T0001642,P000012,3,42.38,127.14
TI00004994,T0001642,P000017,2,43.77,87.54
TI00004995,T0001642,P000004,1,39.36,39.36
TI00004996,T0001643,P000002,4,56.39,225.56
TI00004997,T0001643,P000019,4,32.28,129.12
TI00004998,T0001643,P000009,2,33.09,66.18
TI00004999,T0001644,P000013,4,13.19,52.76
TI00005000,T0001644,P000017,3,43.77,131.31
TI00005001,T0001645,P000004,2,39.36,78.72
TI00005002,T0001645,P000002,1,56.39,56.39
TI00005003,T0001645,P000007,2,44.35,88.7
TI00005004,T0001645,P000019,1,32.28,32.28
TI00005005,T0001646,P000014,3,24.75,74.25
TI00005006,T0001646,P000009,2,33.09,66.18
TI00005007,T0001646,P000010,2,43.23,86.46
TI00005008,T0001646,P000016,1,49.09,49.09
TI00005009,T0001646,P000012,3,42.38,127.14
TI00005010,T0001647,P000008,4,52.62,210.48
TI00005011,T0001647,P000002,1,56.39,56.39
TI00005012,T0001647,P000011,4,19.19,76.76
TI00005013,T0001647,P000009,2,33.09,66.18
TI00005014,T0001648,P000017,4,43.77,175.08
TI00005015,T0001648,P000002,2,56.39,112.78
TI00005016,T0001648,P000015,1,49.37,49.37
TI00005017,T0001649,P000010,3,43.23,129.69
TI00005018,T0001649,P000012,1,42.38,42.38
TI00005019,T0001649,P000006,3,9.16,27.48
TI00005020,T0001649,P000003,1,10.3,10.3
TI00005021,T0001650,P000004,1,39.36,39.36
TI00005022,T0001650,P000019,1,32.28,32.28
TI00005023,T0001650,P000005,3,49.07,147.21
TI00005024,T0001650,P000017,3,43.77,131.31
TI00005025,T0001651,P000020,3,58.91,176.73
TI00005026,T0001651,P000001,3,27.25,81.75
TI00005027,T0001652,P000016,4,49.09,196.36
TI00005028,T0001653,P000008,1,52.62,52.62
TI00005029,T0001653,P000002,2,56.39,112.78
TI00005030,T0001653,P000005,4,49.07,196.28
TI00005031,T0001654,P000016,1,49.09,49.09
TI00005032,T0001654,P000008,3,52.62,157.86
TI00005033,T0001654,P000017,1,43.77,43.77
TI00005034,T0001655,P000009,4,33.09,132.36
TI00005035,T0001655,P000004,3,39.36,118.08
TI00005036,T0001655,P000003,4,10.3,41.2
TI00005037,T0001656,P000018,1,32.67,32.67
TI00005038,T0001656,P000014,2,24.75,49.5
TI00005039,T0001656,P000012,1,42.38,42.38
TI00005040,T0001656,P000002,1,56.39,56.39
TI00005041,T0001657,P000020,3,58.91,176.73
TI00005042,T0001657,P000003,3,10.3,30.9
TI00005043,T0001657,P000011,1,19.19,19.19
TI00005044,T0001657,P000014,1,24.75,24.75
TI00005045,T0001657,P000010,2,43.23,86.46
TI00005046,T0001658,P000010,4,43.23,172.92
TI00005047,T0001658,P000014,3,24.75,74.25
TI00005048,T0001658,P000012,2,42.38,84.76
TI00005049,T0001658,P000015,2,49.37,98.74
TI00005050,T0001659,P000013,3,13.19,39.57
TI00005051,T0001659,P000019,1,32.28,32.28
TI00005052,T0001659,P000002,2,56.39,112.78
TI00005053,T0001659,P000015,2,49.37,98.74
TI00005054,T0001659,P000006,1,9.16,9.16
TI00005055,T0001660,P000018,1,32.67,32.67
TI00005056,T0001660,P000007,1,44.35,44.35
TI00005057,T0001660,P000013,4,13.19,52.76
TI00005058,T0001660,P000008,1,52.62,52.62
TI00005059,T0001661,P000005,1,49.07,49.07
TI00005060,T0001661,P000012,1,42.38,42.38
TI00005061,T0001662,P000020,1,58.91,58.91
TI00005062,T0001662,P000010,1,43.23,43.23
TI00005063,T0001662,P000019,3,32.28,96.84
TI00005064,T0001662,P000007,2,44.35,88.7
TI00005065,T0001662,P000001,3,27.25,81.75
TI00005066,T0001663,P000020,2,58.91,117.82
TI00005067,T0001663,P000007,2,44.35,88.7
TI00005068,T0001663,P000006,3,9.16,27.48
TI00005069,T0001663,P000001,3,27.25,81.75
TI00005070,T0001664,P000006,2,9.16,18.32
TI00005071,T0001664,P000020,1,58.91,58.91
TI00005072,T0001664,P000008,4,52.62,210.48
TI00005073,T0001664,P000004,2,39.36,78.72
TI00005074,T0001665,P000002,3,56.39,169.17
TI00005075,T0001665,P000011,4,19.19,76.76
TI00005076,T0001665,P000005,1,49.07,49.07
TI00005077,T0001665,P000014,4,24.75,99.0
TI00005078,T0001666,P000003,3,10.3,30.9
TI00005079,T0001666,P000001,2,27.25,54.5
TI00005080,T0001666,P000004,2,39.36,78.72
TI00005081,T0001667,P000012,2,42.38,84.76
TI00005082,T0001667,P000011,2,19.19,38.38
TI00005083,T0001667,P000002,4,56.39,225.56
TI00005084,T0001667,P000008,3,52.62,157.86
TI00005085,T0001667,P000007,4,44.35,177.4
TI00005086,T0001668,P000008,3,52.62,157.86
TI00005087,T0001668,P000020,2,58.91,117.82
TI00005088,T0001668,P000014,1,24.75,24.75
TI00005089,T0001669,P000015,3,49.37,148.11
TI00005090,T0001669,P000006,2,9.16,18.32
TI00005091,T0001670,P000017,4,43.77,175.08
TI00005092,T0001670,P000012,1,42.38,42.38
TI00005093,T0001671,P000008,3,52.62,157.86
TI00005094,T0001671,P000015,4,49.37,197.48
TI00005095,T0001671,P000020,4,58.91,235.64
TI00005096,T0001671,P000003,3,10.3,30.9
TI00005097,T0001671,P000004,1,39.36,39.36
TI00005098,T0001672,P000014,1,24.75,24.75
TI00005099,T0001672,P000019,2,32.28,64.56
TI00005100,T0001672,P000020,1,58.91,58.91
TI00005101,T0001672,P000004,2,39.36,78.72
TI00005102,T0001672,P000011,3,19.19,57.57
TI00005103,T0001673,P000018,3,32.67,98.01
TI00005104,T0001673,P000014,4,24.75,99.0
TI00005105,T0001673,P000006,1,9.16,9.16
TI00005106,T0001674,P000016,3,49.09,147.27
TI00005107,T0001675,P000004,3,39.36,118.08
TI00005108,T0001675,P000020,3,58.91,176.73
TI00005109,T0001676,P000001,4,27.25,109.0
TI00005110,T0001676,P000009,3,33.09,99.27
TI00005111,T0001676,P000006,4,9.16,36.64
TI00005112,T0001677,P000003,2,10.3,20.6
TI00005113,T0001678,P000018,3,32.67,98.01
TI00005114,T0001678,P000020,1,58.91,58.91
TI00005115,T0001678,P000012,1,42.38,42.38
TI00005116,T0001679,P000010,4,43.23,172.92
TI00005117,T0001680,P000001,3,27.25,81.75
TI00005118,T0001680,P000015,1,49.37,49.37
TI00005119,T0001680,P000019,2,32.28,64.56
TI00005120,T0001681,P000018,1,32.67,32.67
TI00005121,T0001681,P000006,1,9.16,9.16
TI00005122,T0001682,P000006,4,9.16,36.64
TI00005123,T0001682,P000018,4,32.67,130.68
TI00005124,T0001683,P000020,3,58.91,176.73
TI00005125,T0001683,P000009,4,33.09,132.36
TI00005126,T0001683,P000019,4,32.28,129.12
TI00005127,T0001684,P000004,4,39.36,157.44
TI00005128,T0001685,P000014,1,24.75,24.75
TI00005129,T0001686,P000008,2,52.62,105.24
TI00005130,T0001686,P000013,1,13.19,13.19
TI00005131,T0001686,P000004,3,39.36,118.08
TI00005132,T0001686,P000011,1,19.19,19.19
TI00005133,T0001687,P000012,2,42.38,84.76
TI00005134,T0001687,P000005,4,49.07,196.28
TI00005135,T0001687,P000007,1,44.35,44.35
TI00005136,T0001687,P000014,4,24.75,99.0
TI00005137,T0001688,P000002,4,56.39,225.56
TI00005138,T0001688,P000010,4,43.23,172.92
TI00005139,T0001688,P000006,1,9.16,9.16
TI00005140,T0001688,P000018,2,32.67,65.34
TI00005141,T0001688,P000009,3,33.09,99.27
TI00005142,T0001689,P000007,1,44.35,44.35
TI00005143,T0001689,P000001,1,27.25,27.25
TI00005144,T0001689,P000009,3,33.09,99.27
TI00005145,T0001690,P000006,2,9.16,18.32
TI00005146,T0001690,P000005,1,49.07,49.07
TI00005147,T0001690,P000002,1,56.39,56.39
TI00005148,T0001690,P000017,3,43.77,131.31
TI00005149,T0001691,P000002,4,56.39,225.56
TI00005150,T0001691,P000007,4,44.35,177.4
TI00005151,T0001691,P000017,2,43.77,87.54
TI00005152,T0001691,P000003,2,10.3,20.6
TI00005153,T0001691,P000004,4,39.36,157.44
TI00005154,T0001692,P000015,1,49.37,49.37
TI00005155,T0001692,P000003,3,10.3,30.9
TI00005156,T0001692,P000010,2,43.23,86.46
TI00005157,T0001693,P000008,1,52.62,52.62
TI00005158,T0001693,P000020,1,58.91,58.91
TI00005159,T0001693,P000016,3,49.09,147.27
TI00005160,T0001693,P000013,3,13.19,39.57
TI00005161,T0001694,P000014,1,24.75,24.75
TI00005162,T0001694,P000019,3,32.28,96.84
TI00005163,T0001694,P000007,3,44.35,133.05
TI00005164,T0001694,P000004,4,39.36,157.44
TI00005165,T0001695,P000016,4,49.09,196.36
TI00005166,T0001695,P000017,3,43.77,131.31
TI00005167,T0001695,P000005,1,49.07,49.07
TI00005168,T0001695,P000015,4,49.37,197.48
TI00005169,T0001696,P000007,2,44.35,88.7
TI00005170,T0001696,P000006,2,9.16,18.32
TI00005171,T0001697,P000017,1,43.77,43.77
TI00005172,T0001697,P000006,1,9.16,9.16
TI00005173,T0001697,P000010,2,43.23,86.46
TI00005174,T0001697,P000011,1,19.19,19.19
TI00005175,T0001697,P000018,1,32.67,32.67
TI00005176,T0001698,P000019,3,32.28,96.84
TI00005177,T0001698,P000011,1,19.19,19.19
TI00005178,T0001699,P000016,2,49.09,98.18
TI00005179,T0001699,P000007,4,44.35,177.4
TI00005180,T0001700,P000002,2,56.39,112.78
TI00005181,T0001700,P000019,2,32.28,64.56
TI00005182,T0001700,P000004,4,39.36,157.44
TI00005183,T0001701,P000006,1,9.16,9.16
TI00005184,T0001701,P000018,2,32.67,65.34
TI00005185,T0001701,P000004,1,39.36,39.36
TI00005186,T0001701,P000019,2,32.28,64.56
TI00005187,T0001702,P000002,1,56.39,56.39
TI00005188,T0001702,P000009,3,33.09,99.27
TI00005189,T0001702,P000014,4,24.75,99.0
TI00005190,T0001703,P000018,3,32.67,98.01
TI00005191,T0001703,P000002,3,56.39,169.17
TI00005192,T0001703,P000006,4,9.16,36.64
TI00005193,T0001703,P000015,4,49.37,197.48
TI00005194,T0001704,P000002,4,56.39,225.56
TI00005195,T0001704,P000015,1,49.37,49.37
TI00005196,T0001705,P000011,2,19.19,38.38
TI00005197,T0001705,P000016,1,49.09,49.09
TI00005198,T0001705,P000013,3,13.19,39.57
TI00005199,T0001705,P000002,2,56.39,112.78
TI00005200,T0001706,P000005,4,49.07,196.28
TI00005201,T0001706,P000014,1,24.75,24.75
TI00005202,T0001706,P000007,2,44.35,88.7
TI00005203,T0001706,P000016,2,49.09,98.18
TI00005204,T0001706,P000018,2,32.67,65.34
TI00005205,T0001707,P000015,2,49.37,98.74
TI00005206,T0001707,P000001,4,27.25,109.0
TI00005207,T0001707,P000020,2,58.91,117.82
TI00005208,T0001707,P000017,2,43.77,87.54
TI00005209,T0001708,P000007,3,44.35,133.05
TI00005210,T0001709,P000010,3,43.23,129.69
TI00005211,T0001709,P000007,2,44.35,88.7
TI00005212,T0001710,P000003,1,10.3,10.3
TI00005213,T0001710,P000009,1,33.09,33.09
TI00005214,T0001711,P000016,3,49.09,147.27
TI00005215,T0001711,P000020,2,58.91,117.82
TI00005216,T0001711,P000009,2,33.09,66.18
TI00005217,T0001711,P000014,2,24.75,49.5
TI00005218,T0001711,P000018,4,32.67,130.68
TI00005219,T0001712,P000006,3,9.16,27.48
TI00005220,T0001712,P000005,3,49.07,147.21
TI00005221,T0001712,P000002,3,56.39,169.17
TI00005222,T0001713,P000001,3,27.25,81.75
TI00005223,T0001713,P000007,3,44.35,133.05
TI00005224,T0001713,P000005,2,49.07,98.14
TI00005225,T0001714,P000013,4,13.19,52.76
TI00005226,T0001714,P000018,1,32.67,32.67
TI00005227,T0001714,P000011,1,19.19,19.19
TI00005228,T0001714,P000006,2,9.16,18.32
TI00005229,T0001715,P000014,2,24.75,49.5
TI00005230,T0001715,P000020,1,58.91,58.91
TI00005231,T0001715,P000009,4,33.09,132.36
TI00005232,T0001715,P000015,1,49.37,49.37
TI00005233,T0001716,P000019,2,32.28,64.56
TI00005234,T0001716,P000007,2,44.35,88.7
TI00005235,T0001716,P000016,4,49.09,196.36
TI00005236,T0001716,P000010,3,43.23,129.69
TI00005237,T0001716,P000009,3,33.09,99.27
TI00005238,T0001717,P000019,2,32.28,64.56
TI00005239,T0001717,P000005,1,49.07,49.07
TI00005240,T0001717,P000011,3,19.19,57.57
TI00005241,T0001717,P000008,1,52.62,52.62
TI00005242,T0001718,P000020,2,58.91,117.82
TI00005243,T0001719,P000011,3,19.19,57.57
TI00005244,T0001719,P000005,4,49.07,196.28
TI00005245,T0001719,P000009,2,33.09,66.18
TI00005246,T0001720,P000003,4,10.3,41.2
TI00005247,T0001720,P000019,3,32.28,96.84
TI00005248,T0001721,P000019,2,32.28,64.56
TI00005249,T0001721,P000015,4,49.37,197.48
TI00005250,T0001721,P000013,1,13.19,13.19
TI00005251,T0001722,P000004,1,39.36,39.36
TI00005252,T0001722,P000002,4,56.39,225.56
TI00005253,T0001722,P000020,3,58.91,176.73
TI00005254,T0001722,P000013,3,13.19,39.57
TI00005255,T0001722,P000016,1,49.09,49.09
TI00005256,T0001723,P000005,3,49.07,147.21
TI00005257,T0001723,P000012,4,42.38,169.52
TI00005258,T0001724,P000011,1,19.19,19.19
TI00005259,T0001724,P000015,1,49.37,49.37
TI00005260,T0001725,P000001,1,27.25,27.25
TI00005261,T0001725,P000019,1,32.28,32.28
TI00005262,T0001725,P000007,3,44.35,133.05
TI00005263,T0001726,P000012,2,42.38,84.76
TI00005264,T0001727,P000014,1,24.75,24.75
TI00005265,T0001727,P000019,4,32.28,129.12
TI00005266,T0001728,P000011,2,19.19,38.38
TI00005267,T0001728,P000014,3,24.75,74.25
TI00005268,T0001728,P000003,1,10.3,10.3
TI00005269,T0001729,P000013,3,13.19,39.57
TI00005270,T0001729,P000015,1,49.37,49.37
TI00005271,T0001729,P000009,2,33.09,66.18
TI00005272,T0001730,P000008,4,52.62,210.48
TI00005273,T0001730,P000003,3,10.3,30.9
TI00005274,T0001730,P000009,1,33.09,33.09
TI00005275,T0001731,P000011,3,19.19,57.57
TI00005276,T0001731,P000004,2,39.36,78.72
TI00005277,T0001731,P000005,1,49.07,49.07
TI00005278,T0001732,P000010,3,43.23,129.69
TI00005279,T0001732,P000001,2,27.25,54.5
TI00005280,T0001732,P000014,3,24.75,74.25
TI00005281,T0001732,P000005,3,49.07,147.21
TI00005282,T0001733,P000015,3,49.37,148.11
TI00005283,T0001733,P000008,2,52.62,105.24
TI00005284,T0001734,P000014,4,24.75,99.0
TI00005285,T0001734,P000002,3,56.39,169.17
TI00005286,T0001734,P000012,2,42.38,84.76
TI00005287,T0001734,P000006,3,9.16,27.48
TI00005288,T0001734,P000019,2,32.28,64.56
TI00005289,T0001735,P000008,1,52.62,52.62
TI00005290,T0001736,P000019,4,32.28,129.12
TI00005291,T0001736,P000018,4,32.67,130.68
TI00005292,T0001736,P000017,3,43.77,131.31
TI00005293,T0001736,P000010,1,43.23,43.23
TI00005294,T0001736,P000007,1,44.35,44.35
TI00005295,T0001737,P000006,3,9.16,27.48
TI00005296,T0001737,P000018,4,32.67,130.68
TI00005297,T0001738,P000009,1,33.09,33.09
TI00005298,T0001738,P000018,2,32.67,65.34
TI00005299,T0001738,P000020,2,58.91,117.82
TI00005300,T0001738,P000011,4,19.19,76.76
TI00005301,T0001739,P000004,3,39.36,118.08
TI00005302,T0001739,P000014,4,24.75,99.0
TI00005303,T0001739,P000003,2,10.3,20.6
TI00005304,T0001740,P000001,4,27.25,109.0
TI00005305,T0001741,P000002,3,56.39,169.17
TI00005306,T0001741,P000007,2,44.35,88.7
TI00005307,T0001741,P000014,3,24.75,74.25
TI00005308,T0001741,P000017,2,43.77,87.54
TI00005309,T0001742,P000003,3,10.3,30.9
TI00005310,T0001742,P000011,3,19.19,57.57
TI00005311,T0001742,P000009,1,33.09,33.09
TI00005312,T0001742,P000015,3,49.37,148.11
TI00005313,T0001743,P000008,1,52.62,52.62
TI00005314,T0001743,P000019,1,32.28,32.28
TI00005315,T0001744,P000005,3,49.07,147.21
TI00005316,T0001744,P000013,1,13.19,13.19
TI00005317,T0001744,P000015,3,49.37,148.11
TI00005318,T0001744,P000017,4,43.77,175.08
TI00005319,T0001745,P000016,2,49.09,98.18
TI00005320,T0001746,P000020,2,58.91,117.82
TI00005321,T0001746,P000014,2,24.75,49.5
TI00005322,T0001747,P000013,4,13.19,52.76
TI00005323,T0001747,P000003,1,10.3,10.3
TI00005324,T0001747,P000011,1,19.19,19.19
TI00005325,T0001747,P000004,2,39.36,78.72
TI00005326,T0001747,P000016,2,49.09,98.18
TI00005327,T0001748,P000020,3,58.91,176.73
TI00005328,T0001748,P000002,4,56.39,225.56
TI00005329,T0001749,P000010,1,43.23,43.23
TI00005330,T0001749,P000005,4,49.07,196.28
TI00005331,T0001749,P000001,1,27.25,27.25
TI00005332,T0001750,P000003,1,10.3,10.3
TI00005333,T0001750,P000019,4,32.28,129.12
TI00005334,T0001751,P000012,2,42.38,84.76
TI00005335,T0001751,P000001,1,27.25,27.25
TI00005336,T0001751,P000014,1,24.75,24.75
TI00005337,T0001751,P000011,3,19.19,57.57
TI00005338,T0001751,P000015,4,49.37,197.48
TI00005339,T0001752,P000010,4,43.23,172.92
TI00005340,T0001753,P000002,4,56.39,225.56
TI00005341,T0001753,P000003,2,10.3,20.6
TI00005342,T0001753,P000004,2,39.36,78.72
TI00005343,T0001754,P000002,1,56.39,56.39
TI00005344,T0001755,P000019,2,32.28,64.56
TI00005345,T0001755,P000016,1,49.09,49.09
TI00005346,T0001755,P000014,3,24.75,74.25
TI00005347,T0001755,P000012,2,42.38,84.76
TI00005348,T0001756,P000020,2,58.91,117.82
TI00005349,T0001756,P000010,1,43.23,43.23
TI00005350,T0001756,P000017,1,43.77,43.77
TI00005351,T0001757,P000014,1,24.75,24.75
TI00005352,T0001757,P000019,1,32.28,32.28
TI00005353,T0001757,P000002,2,56.39,112.78
TI00005354,T0001758,P000016,4,49.09,196.36
TI00005355,T0001758,P000017,4,43.77,175.08
TI00005356,T0001759,P000008,1,52.62,52.62
TI00005357,T0001759,P000013,4,13.19,52.76
TI00005358,T0001759,P000012,3,42.38,127.14
TI00005359,T0001759,P000005,4,49.07,196.28
TI00005360,T0001759,P000009,3,33.09,99.27
TI00005361,T0001760,P000008,1,52.62,52.62
TI00005362,T0001761,P000019,1,32.28,32.28
TI00005363,T0001762,P000009,2,33.09,66.18
TI00005364,T0001763,P000015,4,49.37,197.48
TI00005365,T0001763,P000006,1,9.16,9.16
TI00005366,T0001763,P000004,1,39.36,39.36
TI00005367,T0001763,P000014,1,24.75,24.75
TI00005368,T0001764,P000004,1,39.36,39.36
TI00005369,T0001764,P000012,4,42.38,169.52
TI00005370,T0001765,P000009,1,33.09,33.09
TI00005371,T0001765,P000015,4,49.37,197.48
TI00005372,T0001766,P000016,2,49.09,98.18
TI00005373,T0001767,P000013,4,13.19,52.76
TI00005374,T0001767,P000008,3,52.62,157.86
TI00005375,T0001767,P000012,1,42.38,42.38
TI00005376,T0001767,P000017,4,43.77,175.08
TI00005377,T0001767,P000006,2,9.16,18.32
TI00005378,T0001768,P000012,1,42.38,42.38
TI00005379,T0001768,P000020,4,58.91,235.64
TI00005380,T0001768,P000006,4,9.16,36.64
TI00005381,T0001768,P000004,4,39.36,157.44
TI00005382,T0001769,P000010,2,43.23,86.46
TI00005383,T0001769,P000019,1,32.28,32.28
TI00005384,T0001769,P000014,4,24.75,99.0
TI00005385,T0001769,P000001,3,27.25,81.75
TI00005386,T0001770,P000007,4,44.35,177.4
TI00005387,T0001770,P000009,2,33.09,66.18
TI00005388,T0001770,P000006,2,9.16,18.32
TI00005389,T0001770,P000014,1,24.75,24.75
TI00005390,T0001771,P000012,1,42.38,42.38
TI00005391,T0001771,P000010,3,43.23,129.69
TI00005392,T0001772,P000012,1,42.38,42.38
TI00005393,T0001772,P000001,3,27.25,81.75
TI00005394,T0001772,P000006,4,9.16,36.64
TI00005395,T0001772,P000010,1,43.23,43.23
TI00005396,T0001772,P000019,1,32.28,32.28
TI00005397,T0001773,P000018,2,32.67,65.34
TI00005398,T0001773,P000015,4,49.37,197.48
TI00005399,T0001774,P000011,3,19.19,57.57
TI00005400,T0001775,P000006,1,9.16,9.16
TI00005401,T0001775,P000013,4,13.19,52.76
TI00005402,T0001775,P000011,4,19.19,76.76
TI00005403,T0001775,P000017,2,43.77,87.54
TI00005404,T0001775,P000004,1,39.36,39.36
TI00005405,T0001776,P000008,2,52.62,105.24
TI00005406,T0001776,P000012,3,42.38,127.14
TI00005407,T0001776,P000019,4,32.28,129.12
TI00005408,T0001776,P000006,3,9.16,27.48
TI00005409,T0001776,P000007,2,44.35,88.7
TI00005410,T0001777,P000002,2,56.39,112.78
TI00005411,T0001777,P000020,3,58.91,176.73
TI00005412,T0001777,P000007,4,44.35,177.4
TI00005413,T0001778,P000011,2,19.19,38.38
TI00005414,T0001779,P000014,1,24.75,24.75
TI00005415,T0001779,P000020,4,58.91,235.64
TI00005416,T0001779,P000001,4,27.25,109.0
TI00005417,T0001780,P000007,3,44.35,133.05
TI00005418,T0001781,P000004,2,39.36,78.72
TI00005419,T0001781,P000016,3,49.09,147.27
TI00005420,T0001781,P000015,2,49.37,98.74
TI00005421,T0001782,P000011,4,19.19,76.76
TI00005422,T0001782,P000019,4,32.28,129.12
TI00005423,T0001783,P000008,4,52.62,210.48
TI00005424,T0001783,P000013,4,13.19,52.76
TI00005425,T0001784,P000001,4,27.25,109.0
TI00005426,T0001784,P000003,3,10.3,30.9
TI00005427,T0001784,P000019,4,32.28,129.12
TI00005428,T0001784,P000005,3,49.07,147.21
TI00005429,T0001785,P000020,1,58.91,58.91
TI00005430,T0001785,P000002,2,56.39,112.78
TI00005431,T0001785,P000017,2,43.77,87.54
TI00005432,T0001786,P000003,3,10.3,30.9
TI00005433,T0001786,P000015,4,49.37,197.48
TI00005434,T0001787,P000018,1,32.67,32.67
TI00005435,T0001788,P000010,3,43.23,129.69
TI00005436,T0001788,P000016,1,49.09,49.09
TI00005437,T0001789,P000014,3,24.75,74.25
TI00005438,T0001789,P000005,3,49.07,147.21
TI00005439,T0001789,P000008,2,52.62,105.24
TI00005440,T0001789,P000003,3,10.3,30.9
TI00005441,T0001790,P000011,2,19.19,38.38
TI00005442,T0001790,P000016,2,49.09,98.18
TI00005443,T0001790,P000006,3,9.16,27.48
TI00005444,T0001790,P000012,4,42.38,169.52
TI00005445,T0001790,P000008,2,52.62,105.24
TI00005446,T0001791,P000007,3,44.35,133.05
TI00005447,T0001792,P000018,1,32.67,32.67
TI00005448,T0001792,P000003,3,10.3,30.9
TI00005449,T0001792,P000001,1,27.25,27.25
TI00005450,T0001792,P000008,2,52.62,105.24
TI00005451,T0001792,P000017,1,43.77,43.77
TI00005452,T0001793,P000017,2,43.77,87.54
TI00005453,T0001793,P000012,3,42.38,127.14
TI00005454,T0001793,P000006,3,9.16,27.48
TI00005455,T0001793,P000019,3,32.28,96.84
TI00005456,T0001793,P000015,1,49.37,49.37
TI00005457,T0001794,P000006,1,9.16,9.16
TI00005458,T0001794,P000017,1,43.77,43.77
TI00005459,T0001794,P000015,3,49.37,148.11
TI00005460,T0001794,P000005,4,49.07,196.28
TI00005461,T0001794,P000019,2,32.28,64.56
TI00005462,T0001795,P000007,2,44.35,88.7
TI00005463,T0001795,P000018,1,32.67,32.67
TI00005464,T0001795,P000005,4,49.07,196.28
TI00005465,T0001796,P000012,3,42.38,127.14
TI00005466,T0001796,P000010,1,43.23,43.23
TI00005467,T0001796,P000017,2,43.77,87.54
TI00005468,T0001796,P000015,1,49.37,49.37
TI00005469,T0001796,P000019,2,32.28,64.56
TI00005470,T0001797,P000007,1,44.35,44.35
TI00005471,T0001797,P000006,2,9.16,18.32
TI00005472,T0001797,P000020,1,58.91,58.91
TI00005473,T0001797,P000003,3,10.3,30.9
TI00005474,T0001797,P000017,1,43.77,43.77
TI00005475,T0001798,P000002,4,56.39,225.56
TI00005476,T0001798,P000012,4,42.38,169.52
TI00005477,T0001798,P000017,1,43.77,43.77
TI00005478,T0001798,P000001,4,27.25,109.0
TI00005479,T0001799,P000002,3,56.39,169.17
TI00005480,T0001799,P000001,1,27.25,27.25
TI00005481,T0001799,P000015,3,49.37,148.11
TI00005482,T0001799,P000013,4,13.19,52.76
TI00005483,T0001800,P000015,3,49.37,148.11
TI00005484,T0001800,P000005,1,49.07,49.07
TI00005485,T0001800,P000013,4,13.19,52.76
TI00005486,T0001800,P000001,4,27.25,109.0
TI00005487,T0001800,P000011,1,19.19,19.19
TI00005488,T0001801,P000008,4,52.62,210.48
TI00005489,T0001802,P000017,1,43.77,43.77
TI00005490,T0001802,P000012,3,42.38,127.14
TI00005491,T0001802,P000010,3,43.23,129.69
TI00005492,T0001802,P000008,2,52.62,105.24
TI00005493,T0001802,P000001,1,27.25,27.25
TI00005494,T0001803,P000004,4,39.36,157.44
TI00005495,T0001803,P000010,4,43.23,172.92
TI00005496,T0001804,P000016,1,49.09,49.09
TI00005497,T0001804,P000004,1,39.36,39.36
TI00005498,T0001804,P000018,2,32.67,65.34
TI00005499,T0001804,P000012,1,42.38,42.38
TI00005500,T0001805,P000019,2,32.28,64.56
TI00005501,T0001805,P000005,1,49.07,49.07
TI00005502,T0001805,P000003,3,10.3,30.9
TI00005503,T0001805,P000018,1,32.67,32.67
TI00005504,T0001805,P000006,3,9.16,27.48
TI00005505,T0001806,P000020,2,58.91,117.82
TI00005506,T0001806,P000005,4,49.07,196.28
TI00005507,T0001806,P000013,1,13.19,13.19
TI00005508,T0001806,P000012,4,42.38,169.52
TI00005509,T0001806,P000015,3,49.37,148.11
TI00005510,T0001807,P000009,1,33.09,33.09
TI00005511,T0001807,P000015,3,49.37,148.11
TI00005512,T0001807,P000005,4,49.07,196.28
TI00005513,T0001807,P000001,2,27.25,54.5
TI00005514,T0001808,P000010,4,43.23,172.92
TI00005515,T0001808,P000006,1,9.16,9.16
TI00005516,T0001809,P000012,2,42.38,84.76
TI00005517,T0001809,P000013,2,13.19,26.38
TI00005518,T0001809,P000011,3,19.19,57.57
TI00005519,T0001810,P000003,4,10.3,41.2
TI00005520,T0001810,P000013,4,13.19,52.76
TI00005521,T0001810,P000014,1,24.75,24.75
TI00005522,T0001810,P000020,1,58.91,58.91
TI00005523,T0001810,P000012,4,42.38,169.52
TI00005524,T0001811,P000002,1,56.39,56.39
TI00005525,T0001811,P000006,3,9.16,27.48
TI00005526,T0001811,P000010,2,43.23,86.46
TI00005527,T0001812,P000015,4,49.37,197.48
TI00005528,T0001812,P000005,3,49.07,147.21
TI00005529,T0001812,P000006,1,9.16,9.16
TI00005530,T0001812,P000017,1,43.77,43.77
TI00005531,T0001812,P000018,2,32.67,65.34
TI00005532,T0001813,P000004,3,39.36,118.08
TI00005533,T0001813,P000009,3,33.09,99.27
TI00005534,T0001813,P000006,2,9.16,18.32
TI00005535,T0001813,P000012,3,42.38,127.14
TI00005536,T0001814,P000002,4,56.39,225.56
TI00005537,T0001815,P000019,2,32.28,64.56
TI00005538,T0001816,P000012,1,42.38,42.38
TI00005539,T0001816,P000014,3,24.75,74.25
TI00005540,T0001816,P000004,3,39.36,118.08
TI00005541,T0001817,P000003,4,10.3,41.2
TI00005542,T0001817,P000011,2,19.19,38.38
TI00005543,T0001817,P000013,2,13.19,26.38
TI00005544,T0001817,P000014,3,24.75,74.25
TI00005545,T0001817,P000020,1,58.91,58.91
TI00005546,T0001818,P000016,2,49.09,98.18
TI00005547,T0001819,P000015,4,49.37,197.48
TI00005548,T0001819,P000005,2,49.07,98.14
TI00005549,T0001819,P000004,3,39.36,118.08
TI00005550,T0001819,P000008,3,52.62,157.86
TI00005551,T0001819,P000007,4,44.35,177.4
TI00005552,T0001820,P000010,4,43.23,172.92
TI00005553,T0001820,P000012,3,42.38,127.14
TI00005554,T0001820,P000007,3,44.35,133.05
TI00005555,T0001820,P000011,2,19.19,38.38
TI00005556,T0001821,P000007,2,44.35,88.7
TI00005557,T0001821,P000017,1,43.77,43.77
TI00005558,T0001822,P000003,3,10.3,30.9
TI00005559,T0001822,P000010,4,43.23,172.92
TI00005560,T0001823,P000004,1,39.36,39.36
TI00005561,T0001823,P000015,1,49.37,49.37
TI00005562,T0001823,P000016,1,49.09,49.09
TI00005563,T0001823,P000008,4,52.62,210.48
TI00005564,T0001823,P000009,1,33.09,33.09
TI00005565,T0001824,P000004,3,39.36,118.08
TI00005566,T0001824,P000009,3,33.09,99.27
TI00005567,T0001824,P000017,1,43.77,43.77
TI00005568,T0001825,P000009,4,33.09,132.36
TI00005569,T0001826,P000019,3,32.28,96.84
TI00005570,T0001826,P000002,3,56.39,169.17
TI00005571,T0001826,P000012,2,42.38,84.76
TI00005572,T0001827,P000019,1,32.28,32.28
TI00005573,T0001827,P000011,2,19.19,38.38
TI00005574,T0001827,P000010,1,43.23,43.23
TI00005575,T0001827,P000002,1,56.39,56.39
TI00005576,T0001828,P000017,1,43.77,43.77
TI00005577,T0001828,P000016,4,49.09,196.36
TI00005578,T0001829,P000006,4,9.16,36.64
TI00005579,T0001829,P000013,3,13.19,39.57
TI00005580,T0001829,P000001,1,27.25,27.25
TI00005581,T0001830,P000004,3,39.36,118.08
TI00005582,T0001831,P000016,4,49.09,196.36
TI00005583,T0001831,P000008,4,52.62,210.48
TI00005584,T0001831,P000019,3,32.28,96.84
TI00005585,T0001831,P000010,3,43.23,129.69
TI00005586,T0001832,P000001,1,27.25,27.25
TI00005587,T0001832,P000006,2,9.16,18.32
TI00005588,T0001833,P000003,2,10.3,20.6
TI00005589,T0001833,P000018,2,32.67,65.34
TI00005590,T0001833,P000009,3,33.09,99.27
TI00005591,T0001834,P000016,1,49.09,49.09
TI00005592,T0001835,P000003,1,10.3,10.3
TI00005593,T0001835,P000014,3,24.75,74.25
TI00005594,T0001835,P000001,2,27.25,54.5
TI00005595,T0001836,P000011,4,19.19,76.76
TI00005596,T0001836,P000003,1,10.3,10.3
TI00005597,T0001836,P000007,4,44.35,177.4
TI00005598,T0001836,P000016,2,49.09,98.18
TI00005599,T0001836,P000017,3,43.77,131.31
TI00005600,T0001837,P000015,4,49.37,197.48
TI00005601,T0001837,P000020,2,58.91,117.82
TI00005602,T0001837,P000002,3,56.39,169.17
TI00005603,T0001837,P000018,4,32.67,130.68
TI00005604,T0001838,P000002,4,56.39,225.56
TI00005605,T0001838,P000014,2,24.75,49.5
TI00005606,T0001838,P000015,4,49.37,197.48
TI00005607,T0001838,P000016,3,49.09,147.27
TI00005608,T0001839,P000005,3,49.07,147.21
TI00005609,T0001839,P000017,3,43.77,131.31
TI00005610,T0001839,P000016,3,49.09,147.27
TI00005611,T0001839,P000003,2,10.3,20.6
TI00005612,T0001840,P000019,2,32.28,64.56
TI00005613,T0001840,P000017,2,43.77,87.54
TI00005614,T0001841,P000011,4,19.19,76.76
TI00005615,T0001841,P000008,4,52.62,210.48
TI00005616,T0001841,P000004,1,39.36,39.36
TI00005617,T0001841,P000017,3,43.77,131.31
TI00005618,T0001841,P000020,4,58.91,235.64
TI00005619,T0001842,P000001,2,27.25,54.5
TI00005620,T0001843,P000013,3,13.19,39.57
TI00005621,T0001843,P000018,3,32.67,98.01
TI00005622,T0001843,P000020,1,58.91,58.91
TI00005623,T0001844,P000003,3,10.3,30.9
TI00005624,T0001844,P000007,4,44.35,177.4
TI00005625,T0001844,P000006,1,9.16,9.16
TI00005626,T0001845,P000003,2,10.3,20.6
TI00005627,T0001845,P000009,2,33.09,66.18
TI00005628,T0001845,P000011,1,19.19,19.19
TI00005629,T0001845,P000013,4,13.19,52.76
TI00005630,T0001845,P000002,3,56.39,169.17
TI00005631,T0001846,P000019,1,32.28,32.28
TI00005632,T0001846,P000005,2,49.07,98.14
TI00005633,T0001846,P000004,4,39.36,157.44
TI00005634,T0001847,P000007,2,44.35,88.7
TI00005635,T0001848,P000008,4,52.62,210.48
TI00005636,T0001849,P000019,4,32.28,129.12
TI00005637,T0001850,P000016,1,49.09,49.09
TI00005638,T0001850,P000002,4,56.39,225.56
TI00005639,T0001850,P000012,1,42.38,42.38
TI00005640,T0001851,P000016,3,49.09,147.27
TI00005641,T0001852,P000015,4,49.37,197.48
TI00005642,T0001853,P000004,2,39.36,78.72
TI00005643,T0001853,P000010,4,43.23,172.92
TI00005644,T0001853,P000016,4,49.09,196.36
TI00005645,T0001853,P000012,2,42.38,84.76
TI00005646,T0001854,P000011,1,19.19,19.19
TI00005647,T0001854,P000015,3,49.37,148.11
TI00005648,T0001855,P000017,3,43.77,131.31
TI00005649,T0001855,P000012,3,42.38,127.14
TI00005650,T0001856,P000018,3,32.67,98.01
TI00005651,T0001856,P000020,4,58.91,235.64
TI00005652,T0001856,P000008,3,52.62,157.86
TI00005653,T0001856,P000003,4,10.3,41.2
TI00005654,T0001857,P000003,4,10.3,41.2
TI00005655,T0001858,P000001,3,27.25,81.75
TI00005656,T0001859,P000002,2,56.39,112.78
TI00005657,T0001859,P000008,3,52.62,157.86
TI00005658,T0001859,P000018,3,32.67,98.01
TI00005659,T0001860,P000008,4,52.62,210.48
TI00005660,T0001861,P000014,3,24.75,74.25
TI00005661,T0001861,P000007,1,44.35,44.35
TI00005662,T0001861,P000002,1,56.39,56.39
TI00005663,T0001861,P000010,1,43.23,43.23
TI00005664,T0001862,P000011,4,19.19,76.76
TI00005665,T0001862,P000014,4,24.75,99.0
TI00005666,T0001862,P000018,1,32.67,32.67
TI00005667,T0001862,P000003,1,10.3,10.3
TI00005668,T0001863,P000009,2,33.09,66.18
TI00005669,T0001864,P000002,3,56.39,169.17
TI00005670,T0001864,P000019,3,32.28,96.84
TI00005671,T0001865,P000017,3,43.77,131.31
TI00005672,T0001865,P000008,2,52.62,105.24
TI00005673,T0001865,P000020,3,58.91,176.73
TI00005674,T0001865,P000006,1,9.16,9.16
TI00005675,T0001866,P000011,2,19.19,38.38
TI00005676,T0001867,P000002,3,56.39,169.17
TI00005677,T0001867,P000020,4,58.91,235.64
TI00005678,T0001867,P000011,4,19.19,76.76
TI00005679,T0001867,P000008,2,52.62,105.24
TI00005680,T0001867,P000013,2,13.19,26.38
TI00005681,T0001868,P000001,2,27.25,54.5
TI00005682,T0001868,P000013,3,13.19,39.57
TI00005683,T0001869,P000013,4,13.19,52.76
TI00005684,T0001870,P000017,1,43.77,43.77
TI00005685,T0001871,P000005,4,49.07,196.28
TI00005686,T0001871,P000003,2,10.3,20.6
TI00005687,T0001872,P000006,1,9.16,9.16
TI00005688,T0001872,P000014,3,24.75,74.25
TI00005689,T0001872,P000015,2,49.37,98.74
TI00005690,T0001872,P000003,4,10.3,41.2
TI00005691,T0001872,P000002,2,56.39,112.78
TI00005692,T0001873,P000012,2,42.38,84.76
TI00005693,T0001873,P000015,4,49.37,197.48
TI00005694,T0001873,P000005,3,49.07,147.21
TI00005695,T0001873,P000008,1,52.62,52.62
TI00005696,T0001873,P000009,4,33.09,132.36
TI00005697,T0001874,P000010,1,43.23,43.23
TI00005698,T0001874,P000007,2,44.35,88.7
TI00005699,T0001874,P000019,1,32.28,32.28
TI00005700,T0001875,P000020,4,58.91,235.64
TI00005701,T0001876,P000007,2,44.35,88.7
TI00005702,T0001876,P000005,1,49.07,49.07
TI00005703,T0001877,P000019,2,32.28,64.56
TI00005704,T0001877,P000009,3,33.09,99.27
TI00005705,T0001877,P000007,1,44.35,44.35
TI00005706,T0001877,P000004,1,39.36,39.36
TI00005707,T0001878,P000014,3,24.75,74.25
TI00005708,T0001878,P000003,2,10.3,20.6
TI00005709,T0001878,P000016,4,49.09,196.36
TI00005710,T0001879,P000011,1,19.19,19.19
TI00005711,T0001879,P000020,3,58.91,176.73
TI00005712,T0001879,P000003,3,10.3,30.9
TI00005713,T0001879,P000018,3,32.67,98.01
TI00005714,T0001880,P000017,1,43.77,43.77
TI00005715,T0001881,P000001,1,27.25,27.25
TI00005716,T0001881,P000009,4,33.09,132.36
TI00005717,T0001882,P000019,1,32.28,32.28
TI00005718,T0001882,P000011,4,19.19,76.76
TI00005719,T0001882,P000008,3,52.62,157.86
TI00005720,T0001882,P000017,4,43.77,175.08
TI00005721,T0001882,P000003,2,10.3,20.6
TI00005722,T0001883,P000017,1,43.77,43.77
TI00005723,T0001883,P000019,1,32.28,32.28
TI00005724,T0001883,P000016,2,49.09,98.18
TI00005725,T0001883,P000001,2,27.25,54.5
TI00005726,T0001883,P000009,1,33.09,33.09
TI00005727,T0001884,P000003,2,10.3,20.6
TI00005728,T0001885,P000007,3,44.35,133.05
TI00005729,T0001885,P000018,2,32.67,65.34
TI00005730,T0001885,P000003,2,10.3,20.6
TI00005731,T0001885,P000011,3,19.19,57.57
TI00005732,T0001885,P000019,4,32.28,129.12
TI00005733,T0001886,P000005,2,49.07,98.14
TI00005734,T0001886,P000013,1,13.19,13.19
TI00005735,T0001887,P000015,4,49.37,197.48
TI00005736,T0001887,P000010,4,43.23,172.92
TI00005737,T0001887,P000007,3,44.35,133.05
TI00005738,T0001887,P000008,3,52.62,157.86
TI00005739,T0001887,P000012,1,42.38,42.38
TI00005740,T0001888,P000016,2,49.09,98.18
TI00005741,T0001888,P000018,4,32.67,130.68
TI00005742,T0001888,P000005,4,49.07,196.28
TI00005743,T0001888,P000007,2,44.35,88.7
TI00005744,T0001888,P000014,4,24.75,99.0
TI00005745,T0001889,P000020,3,58.91,176.73
TI00005746,T0001890,P000002,1,56.39,56.39
TI00005747,T0001890,P000009,3,33.09,99.27
TI00005748,T0001890,P000004,3,39.36,118.08
TI00005749,T0001890,P000010,3,43.23,129.69
TI00005750,T0001891,P000004,3,39.36,118.08
TI00005751,T0001891,P000006,1,9.16,9.16
TI00005752,T0001891,P000007,4,44.35,177.4
TI00005753,T0001892,P000020,3,58.91,176.73
TI00005754,T0001892,P000001,1,27.25,27.25
TI00005755,T0001892,P000012,2,42.38,84.76
TI00005756,T0001893,P000013,4,13.19,52.76
TI00005757,T0001893,P000008,3,52.62,157.86
TI00005758,T0001893,P000002,2,56.39,112.78
TI00005759,T0001894,P000018,2,32.67,65.34
TI00005760,T0001895,P000004,1,39.36,39.36
TI00005761,T0001895,P000009,3,33.09,99.27
TI00005762,T0001895,P000002,3,56.39,169.17
TI00005763,T0001895,P000016,1,49.09,49.09
TI00005764,T0001895,P000015,2,49.37,98.74
TI00005765,T0001896,P000001,3,27.25,81.75
TI00005766,T0001896,P000008,1,52.62,52.62
TI00005767,T0001896,P000019,1,32.28,32.28
TI00005768,T0001896,P000020,1,58.91,58.91
TI00005769,T0001896,P000015,2,49.37,98.74
TI00005770,T0001897,P000002,2,56.39,112.78
TI00005771,T0001897,P000008,1,52.62,52.62
TI00005772,T0001897,P000003,1,10.3,10.3
TI00005773,T0001897,P000020,1,58.91,58.91
TI00005774,T0001898,P000003,2,10.3,20.6
TI00005775,T0001899,P000005,1,49.07,49.07
TI00005776,T0001900,P000005,2,49.07,98.14
TI00005777,T0001900,P000016,2,49.09,98.18
TI00005778,T0001901,P000012,4,42.38,169.52
TI00005779,T0001902,P000003,4,10.3,41.2
TI00005780,T0001902,P000010,4,43.23,172.92
TI00005781,T0001902,P000009,2,33.09,66.18
TI00005782,T0001903,P000019,2,32.28,64.56
TI00005783,T0001903,P000010,2,43.23,86.46
TI00005784,T0001903,P000014,3,24.75,74.25
TI00005785,T0001903,P000006,3,9.16,27.48
TI00005786,T0001903,P000013,3,13.19,39.57
TI00005787,T0001904,P000019,1,32.28,32.28
TI00005788,T0001904,P000013,2,13.19,26.38
TI00005789,T0001904,P000017,3,43.77,131.31
TI00005790,T0001904,P000008,2,52.62,105.24
TI00005791,T0001904,P000012,4,42.38,169.52
TI00005792,T0001905,P000011,3,19.19,57.57
TI00005793,T0001905,P000016,1,49.09,49.09
TI00005794,T0001905,P000012,4,42.38,169.52
TI00005795,T0001905,P000018,1,32.67,32.67
TI00005796,T0001905,P000006,2,9.16,18.32
TI00005797,T0001906,P000017,4,43.77,175.08
TI00005798,T0001907,P000012,2,42.38,84.76
TI00005799,T0001908,P000005,1,49.07,49.07
TI00005800,T0001908,P000015,1,49.37,49.37
TI00005801,T0001908,P000020,4,58.91,235.64
TI00005802,T0001908,P000002,4,56.39,225.56
TI00005803,T0001909,P000015,4,49.37,197.48
TI00005804,T0001909,P000016,4,49.09,196.36
TI00005805,T0001909,P000020,2,58.91,117.82
TI00005806,T0001909,P000009,1,33.09,33.09
TI00005807,T0001909,P000010,1,43.23,43.23
TI00005808,T0001910,P000008,2,52.62,105.24
TI00005809,T0001910,P000017,4,43.77,175.08
TI00005810,T0001911,P000017,3,43.77,131.31
TI00005811,T0001912,P000010,4,43.23,172.92
TI00005812,T0001912,P000017,1,43.77,43.77
TI00005813,T0001912,P000012,4,42.38,169.52
TI00005814,T0001913,P000012,4,42.38,169.52
TI00005815,T0001914,P000008,2,52.62,105.24
TI00005816,T0001915,P000016,4,49.09,196.36
TI00005817,T0001915,P000009,3,33.09,99.27
TI00005818,T0001916,P000004,4,39.36,157.44
TI00005819,T0001916,P000013,1,13.19,13.19
TI00005820,T0001917,P000009,4,33.09,132.36
TI00005821,T0001918,P000016,2,49.09,98.18
TI00005822,T0001918,P000017,2,43.77,87.54
TI00005823,T0001918,P000008,3,52.62,157.86
TI00005824,T0001919,P000013,3,13.19,39.57
TI00005825,T0001919,P000012,2,42.38,84.76
TI00005826,T0001919,P000019,2,32.28,64.56
TI00005827,T0001919,P000010,3,43.23,129.69
TI00005828,T0001920,P000001,1,27.25,27.25
TI00005829,T0001921,P000019,4,32.28,129.12
TI00005830,T0001921,P000018,4,32.67,130.68
TI00005831,T0001922,P000020,1,58.91,58.91
TI00005832,T0001922,P000014,3,24.75,74.25
TI00005833,T0001922,P000009,3,33.09,99.27
TI00005834,T0001922,P000012,4,42.38,169.52
TI00005835,T0001922,P000018,3,32.67,98.01
TI00005836,T0001923,P000009,2,33.09,66.18
TI00005837,T0001923,P000001,2,27.25,54.5
TI00005838,T0001923,P000018,1,32.67,32.67
TI00005839,T0001923,P000008,4,52.62,210.48
TI00005840,T0001924,P000013,3,13.19,39.57
TI00005841,T0001924,P000002,4,56.39,225.56
TI00005842,T0001924,P000001,2,27.25,54.5
TI00005843,T0001925,P000006,1,9.16,9.16
TI00005844,T0001925,P000015,1,49.37,49.37
TI00005845,T0001925,P000010,1,43.23,43.23
TI00005846,T0001926,P000007,1,44.35,44.35
TI00005847,T0001926,P000017,4,43.77,175.08
TI00005848,T0001926,P000019,2,32.28,64.56
TI00005849,T0001927,P000009,1,33.09,33.09
TI00005850,T0001927,P000005,4,49.07,196.28
TI00005851,T0001927,P000013,1,13.19,13.19
TI00005852,T0001927,P000020,3,58.91,176.73
TI00005853,T0001927,P000006,2,9.16,18.32
TI00005854,T0001928,P000014,2,24.75,49.5
TI00005855,T0001928,P000012,4,42.38,169.52
TI00005856,T0001928,P000020,4,58.91,235.64
TI00005857,T0001929,P000007,2,44.35,88.7
TI00005858,T0001929,P000002,3,56.39,169.17
TI00005859,T0001929,P000009,1,33.09,33.09
TI00005860,T0001930,P000001,1,27.25,27.25
TI00005861,T0001930,P000003,2,10.3,20.6
TI00005862,T0001930,P000007,2,44.35,88.7
TI00005863,T0001930,P000006,4,9.16,36.64
TI00005864,T0001931,P000003,2,10.3,20.6
TI00005865,T0001931,P000006,3,9.16,27.48
TI00005866,T0001932,P000002,1,56.39,56.39
TI00005867,T0001932,P000003,3,10.3,30.9
TI00005868,T0001932,P000009,4,33.09,132.36
TI00005869,T0001932,P000004,1,39.36,39.36
TI00005870,T0001933,P000015,1,49.37,49.37
TI00005871,T0001933,P000009,2,33.09,66.18
TI00005872,T0001933,P000003,3,10.3,30.9
TI00005873,T0001933,P000008,1,52.62,52.62
TI00005874,T0001933,P000019,1,32.28,32.28
TI00005875,T0001934,P000010,3,43.23,129.69
TI00005876,T0001934,P000016,2,49.09,98.18
TI00005877,T0001935,P000014,3,24.75,74.25
TI00005878,T0001935,P000005,2,49.07,98.14
TI00005879,T0001936,P000012,1,42.38,42.38
TI00005880,T0001936,P000020,2,58.91,117.82
TI00005881,T0001936,P000008,2,52.62,105.24
TI00005882,T0001936,P000006,3,9.16,27.48
TI00005883,T0001937,P000006,3,9.16,27.48
TI00005884,T0001937,P000010,2,43.23,86.46
TI00005885,T0001937,P000007,1,44.35,44.35
TI00005886,T0001938,P000010,2,43.23,86.46
TI00005887,T0001938,P000002,1,56.39,56.39
TI00005888,T0001938,P000017,3,43.77,131.31
TI00005889,T0001938,P000013,3,13.19,39.57
TI00005890,T0001938,P000018,1,32.67,32.67
TI00005891,T0001939,P000008,3,52.62,157.86
TI00005892,T0001939,P000001,2,27.25,54.5
TI00005893,T0001939,P000013,3,13.19,39.57
TI00005894,T0001940,P000007,4,44.35,177.4
TI00005895,T0001940,P000012,3,42.38,127.14
TI00005896,T0001940,P000005,2,49.07,98.14
TI00005897,T0001940,P000002,3,56.39,169.17
TI00005898,T0001941,P000005,3,49.07,147.21
TI00005899,T0001942,P000014,4,24.75,99.0
TI00005900,T0001942,P000018,4,32.67,130.68
TI00005901,T0001942,P000017,2,43.77,87.54
TI00005902,T0001943,P000009,3,33.09,99.27
TI00005903,T0001943,P000007,4,44.35,177.4
TI00005904,T0001943,P000001,1,27.25,27.25
TI00005905,T0001943,P000018,2,32.67,65.34
TI00005906,T0001943,P000003,4,10.3,41.2
TI00005907,T0001944,P000007,4,44.35,177.4
TI00005908,T0001945,P000017,3,43.77,131.31
TI00005909,T0001945,P000012,2,42.38,84.76
TI00005910,T0001945,P000006,3,9.16,27.48
TI00005911,T0001945,P000008,4,52.62,210.48
TI00005912,T0001945,P000004,1,39.36,39.36
TI00005913,T0001946,P000010,4,43.23,172.92
TI00005914,T0001946,P000008,3,52.62,157.86
TI00005915,T0001947,P000003,4,10.3,41.2
TI00005916,T0001947,P000016,3,49.09,147.27
TI00005917,T0001947,P000006,3,9.16,27.48
TI00005918,T0001947,P000009,2,33.09,66.18
TI00005919,T0001947,P000004,3,39.36,118.08
TI00005920,T0001948,P000012,4,42.38,169.52
TI00005921,T0001948,P000014,1,24.75,24.75
TI00005922,T0001949,P000001,2,27.25,54.5
TI00005923,T0001949,P000010,4,43.23,172.92
TI00005924,T0001949,P000012,3,42.38,127.14
TI00005925,T0001950,P000013,1,13.19,13.19
TI00005926,T0001950,P000017,2,43.77,87.54
TI00005927,T0001950,P000006,3,9.16,27.48
TI00005928,T0001950,P000011,2,19.19,38.38
TI00005929,T0001950,P000020,4,58.91,235.64
TI00005930,T0001951,P000008,4,52.62,210.48
TI00005931,T0001951,P000018,1,32.67,32.67
TI00005932,T0001951,P000005,2,49.07,98.14
TI00005933,T0001951,P000014,2,24.75,49.5
TI00005934,T0001952,P000008,3,52.62,157.86
TI00005935,T0001952,P000017,2,43.77,87.54
TI00005936,T0001953,P000004,1,39.36,39.36
TI00005937,T0001953,P000015,3,49.37,148.11
TI00005938,T0001953,P000020,2,58.91,117.82
TI00005939,T0001953,P000003,4,10.3,41.2
TI00005940,T0001954,P000008,3,52.62,157.86
TI00005941,T0001954,P000017,2,43.77,87.54
TI00005942,T0001954,P000005,2,49.07,98.14
TI00005943,T0001955,P000012,2,42.38,84.76
TI00005944,T0001955,P000007,4,44.35,177.4
TI00005945,T0001955,P000004,2,39.36,78.72
TI00005946,T0001956,P000010,3,43.23,129.69
TI00005947,T0001956,P000003,3,10.3,30.9
TI00005948,T0001956,P000001,1,27.25,27.25
TI00005949,T0001956,P000016,1,49.09,49.09
TI00005950,T0001957,P000005,3,49.07,147.21
TI00005951,T0001958,P000020,3,58.91,176.73
TI00005952,T0001958,P000009,4,33.09,132.36
TI00005953,T0001958,P000013,3,13.19,39.57
TI00005954,T0001958,P000016,3,49.09,147.27
TI00005955,T0001959,P000015,2,49.37,98.74
TI00005956,T0001959,P000016,4,49.09,196.36
TI00005957,T0001959,P000010,2,43.23,86.46
TI00005958,T0001960,P000010,3,43.23,129.69
TI00005959,T0001960,P000004,4,39.36,157.44
TI00005960,T0001960,P000009,4,33.09,132.36
TI00005961,T0001960,P000008,2,52.62,105.24
TI00005962,T0001960,P000002,2,56.39,112.78
TI00005963,T0001961,P000016,3,49.09,147.27
TI00005964,T0001962,P000019,3,32.28,96.84
TI00005965,T0001962,P000013,3,13.19,39.57
TI00005966,T0001962,P000020,2,58.91,117.82
TI00005967,T0001962,P000003,1,10.3,10.3
TI00005968,T0001963,P000002,1,56.39,56.39
TI00005969,T0001964,P000009,2,33.09,66.18
TI00005970,T0001965,P000011,1,19.19,19.19
TI00005971,T0001965,P000010,1,43.23,43.23
TI00005972,T0001966,P000008,1,52.62,52.62
TI00005973,T0001966,P000005,2,49.07,98.14
TI00005974,T0001966,P000014,2,24.75,49.5
TI00005975,T0001966,P000013,1,13.19,13.19
TI00005976,T0001967,P000006,4,9.16,36.64
TI00005977,T0001967,P000007,4,44.35,177.4
TI00005978,T0001968,P000012,3,42.38,127.14
TI00005979,T0001968,P000015,3,49.37,148.11
TI00005980,T0001968,P000013,1,13.19,13.19
TI00005981,T0001968,P000019,4,32.28,129.12
TI00005982,T0001969,P000012,1,42.38,42.38
TI00005983,T0001969,P000005,4,49.07,196.28
TI00005984,T0001969,P000019,3,32.28,96.84
TI00005985,T0001970,P000018,3,32.67,98.01
TI00005986,T0001971,P000006,4,9.16,36.64
TI00005987,T0001971,P000011,1,19.19,19.19
TI00005988,T0001971,P000002,4,56.39,225.56
TI00005989,T0001971,P000014,1,24.75,24.75
TI00005990,T0001972,P000002,2,56.39,112.78
TI00005991,T0001972,P000009,2,33.09,66.18
TI00005992,T0001972,P000003,3,10.3,30.9
TI00005993,T0001973,P000003,2,10.3,20.6
TI00005994,T0001973,P000001,4,27.25,109.0
TI00005995,T0001974,P000011,3,19.19,57.57
TI00005996,T0001974,P000005,4,49.07,196.28
TI00005997,T0001974,P000019,3,32.28,96.84
TI00005998,T0001974,P000009,3,33.09,99.27
TI00005999,T0001975,P000002,3,56.39,169.17
TI00006000,T0001975,P000005,2,49.07,98.14
TI00006001,T0001975,P000001,3,27.25,81.75
TI00006002,T0001976,P000001,3,27.25,81.75
TI00006003,T0001976,P000010,4,43.23,172.92
TI00006004,T0001977,P000007,1,44.35,44.35
TI00006005,T0001977,P000014,3,24.75,74.25
TI00006006,T0001977,P000017,4,43.77,175.08
TI00006007,T0001977,P000013,1,13.19,13.19
TI00006008,T0001977,P000002,1,56.39,56.39
TI00006009,T0001978,P000018,2,32.67,65.34
TI00006010,T0001979,P000012,3,42.38,127.14
TI00006011,T0001979,P000016,2,49.09,98.18
TI00006012,T0001980,P000018,2,32.67,65.34
TI00006013,T0001980,P000008,2,52.62,105.24
TI00006014,T0001980,P000002,2,56.39,112.78
TI00006015,T0001981,P000017,2,43.77,87.54
TI00006016,T0001981,P000008,1,52.62,52.62
TI00006017,T0001981,P000007,4,44.35,177.4
TI00006018,T0001981,P000019,1,32.28,32.28
TI00006019,T0001981,P000002,4,56.39,225.56
TI00006020,T0001982,P000019,4,32.28,129.12
TI00006021,T0001982,P000005,4,49.07,196.28
TI00006022,T0001983,P000019,2,32.28,64.56
TI00006023,T0001983,P000016,2,49.09,98.18
TI00006024,T0001984,P000018,2,32.67,65.34
TI00006025,T0001984,P000013,2,13.19,26.38
TI00006026,T0001984,P000020,3,58.91,176.73
TI00006027,T0001984,P000008,2,52.62,105.24
TI00006028,T0001984,P000003,2,10.3,20.6
TI00006029,T0001985,P000008,2,52.62,105.24
TI00006030,T0001985,P000019,1,32.28,32.28
TI00006031,T0001985,P000011,1,19.19,19.19
TI00006032,T0001986,P000001,2,27.25,54.5
TI00006033,T0001986,P000010,1,43.23,43.23
TI00006034,T0001987,P000001,2,27.25,54.5
TI00006035,T0001987,P000008,1,52.62,52.62
TI00006036,T0001987,P000006,4,9.16,36.64
TI00006037,T0001987,P000002,4,56.39,225.56
TI00006038,T0001988,P000015,2,49.37,98.74
TI00006039,T0001988,P000020,3,58.91,176.73
TI00006040,T0001988,P000002,4,56.39,225.56
TI00006041,T0001989,P000009,2,33.09,66.18
TI00006042,T0001989,P000017,1,43.77,43.77
TI00006043,T0001989,P000008,4,52.62,210.48
TI00006044,T0001990,P000003,1,10.3,10.3
TI00006045,T0001990,P000009,3,33.09,99.27
TI00006046,T0001990,P000019,3,32.28,96.84
TI00006047,T0001990,P000007,2,44.35,88.7
TI00006048,T0001991,P000017,2,43.77,87.54
TI00006049,T0001992,P000001,4,27.25,109.0
TI00006050,T0001992,P000015,4,49.37,197.48
TI00006051,T0001993,P000004,1,39.36,39.36
TI00006052,T0001993,P000015,3,49.37,148.11
TI00006053,T0001993,P000020,2,58.91,117.82
TI00006054,T0001993,P000005,4,49.07,196.28
TI00006055,T0001994,P000014,2,24.75,49.5
TI00006056,T0001994,P000001,3,27.25,81.75
TI00006057,T0001994,P000004,4,39.36,157.44
TI00006058,T0001994,P000005,2,49.07,98.14
TI00006059,T0001995,P000003,1,10.3,10.3
TI00006060,T0001995,P000014,3,24.75,74.25
TI00006061,T0001995,P000002,2,56.39,112.78
TI00006062,T0001995,P000005,2,49.07,98.14
TI00006063,T0001995,P000018,3,32.67,98.01
TI00006064,T0001996,P000017,3,43.77,131.31
TI00006065,T0001996,P000016,2,49.09,98.18
TI00006066,T0001996,P000006,4,9.16,36.64
TI00006067,T0001996,P000020,2,58.91,117.82
TI00006068,T0001997,P000018,3,32.67,98.01
TI00006069,T0001997,P000015,1,49.37,49.37
TI00006070,T0001998,P000002,2,56.39,112.78
TI00006071,T0001999,P000020,1,58.91,58.91
TI00006072,T0001999,P000004,3,39.36,118.08
TI00006073,T0001999,P000010,3,43.23,129.69
TI00006074,T0001999,P000006,4,9.16,36.64
TI00006075,T0002000,P000019,3,32.28,96.84
TI00006076,T0002000,P000005,1,49.07,49.07
TI00006077,T0002000,P000020,3,58.91,176.73
TI00006078,T0002000,P000006,1,9.16,9.16
TI00006079,T0002001,P000002,4,56.39,225.56
TI00006080,T0002001,P000003,3,10.3,30.9
TI00006081,T0002001,P000012,3,42.38,127.14
TI00006082,T0002002,P000001,4,27.25,109.0
TI00006083,T0002002,P000007,4,44.35,177.4
TI00006084,T0002003,P000006,3,9.16,27.48
TI00006085,T0002003,P000014,4,24.75,99.0
TI00006086,T0002004,P000015,4,49.37,197.48
TI00006087,T0002004,P000010,3,43.23,129.69
TI00006088,T0002005,P000010,1,43.23,43.23
TI00006089,T0002005,P000008,3,52.62,157.86
TI00006090,T0002006,P000017,3,43.77,131.31
TI00006091,T0002006,P000013,2,13.19,26.38
TI00006092,T0002006,P000020,2,58.91,117.82
TI00006093,T0002006,P000002,3,56.39,169.17
TI00006094,T0002007,P000011,2,19.19,38.38
TI00006095,T0002007,P000008,1,52.62,52.62
TI00006096,T0002007,P000016,1,49.09,49.09
TI00006097,T0002007,P000009,4,33.09,132.36
TI00006098,T0002008,P000016,3,49.09,147.27
TI00006099,T0002008,P000002,1,56.39,56.39
TI00006100,T0002008,P000010,4,43.23,172.92
TI00006101,T0002009,P000004,1,39.36,39.36
TI00006102,T0002009,P000008,4,52.62,210.48
TI00006103,T0002010,P000012,3,42.38,127.14
TI00006104,T0002010,P000005,2,49.07,98.14
TI00006105,T0002011,P000010,2,43.23,86.46
TI00006106,T0002012,P000004,4,39.36,157.44
TI00006107,T0002012,P000001,3,27.25,81.75
TI00006108,T0002013,P000015,3,49.37,148.11
TI00006109,T0002013,P000017,4,43.77,175.08
TI00006110,T0002013,P000016,1,49.09,49.09
TI00006111,T0002013,P000020,1,58.91,58.91
TI00006112,T0002014,P000014,2,24.75,49.5
TI00006113,T0002014,P000016,4,49.09,196.36
TI00006114,T0002014,P000009,2,33.09,66.18
TI00006115,T0002015,P000006,2,9.16,18.32
TI00006116,T0002015,P000008,3,52.62,157.86
TI00006117,T0002015,P000009,2,33.09,66.18
TI00006118,T0002015,P000019,2,32.28,64.56
TI00006119,T0002016,P000004,4,39.36,157.44
TI00006120,T0002017,P000008,4,52.62,210.48
TI00006121,T0002017,P000020,3,58.91,176.73
TI00006122,T0002018,P000013,4,13.19,52.76
TI00006123,T0002018,P000010,1,43.23,43.23
TI00006124,T0002018,P000012,3,42.38,127.14
TI00006125,T0002018,P000003,1,10.3,10.3
TI00006126,T0002019,P000017,4,43.77,175.08
TI00006127,T0002019,P000014,1,24.75,24.75
TI00006128,T0002019,P000018,2,32.67,65.34
TI00006129,T0002019,P000007,1,44.35,44.35
TI00006130,T0002020,P000011,4,19.19,76.76
TI00006131,T0002021,P000006,4,9.16,36.64
TI00006132,T0002021,P000020,3,58.91,176.73
TI00006133,T0002021,P000017,4,43.77,175.08
TI00006134,T0002022,P000001,4,27.25,109.0
TI00006135,T0002023,P000015,4,49.37,197.48
TI00006136,T0002023,P000005,4,49.07,196.28
TI00006137,T0002023,P000018,3,32.67,98.01
TI00006138,T0002024,P000018,3,32.67,98.01
TI00006139,T0002024,P000019,2,32.28,64.56
TI00006140,T0002024,P000001,2,27.25,54.5
TI00006141,T0002024,P000011,2,19.19,38.38
TI00006142,T0002025,P000017,3,43.77,131.31
TI00006143,T0002025,P000019,3,32.28,96.84
TI00006144,T0002025,P000020,3,58.91,176.73
TI00006145,T0002026,P000016,2,49.09,98.18
TI00006146,T0002026,P000006,3,9.16,27.48
TI00006147,T0002027,P000005,4,49.07,196.28
TI00006148,T0002027,P000018,2,32.67,65.34
TI00006149,T0002027,P000014,1,24.75,24.75
TI00006150,T0002028,P000010,2,43.23,86.46
TI00006151,T0002029,P000017,4,43.77,175.08
TI00006152,T0002029,P000011,4,19.19,76.76
TI00006153,T0002030,P000009,3,33.09,99.27
TI00006154,T0002030,P000017,4,43.77,175.08
TI00006155,T0002030,P000011,4,19.19,76.76
TI00006156,T0002030,P000003,1,10.3,10.3
TI00006157,T0002030,P000012,4,42.38,169.52
TI00006158,T0002031,P000003,2,10.3,20.6
TI00006159,T0002031,P000006,1,9.16,9.16
TI00006160,T0002031,P000018,1,32.67,32.67
TI00006161,T0002031,P000016,4,49.09,196.36
TI00006162,T0002031,P000014,2,24.75,49.5
TI00006163,T0002032,P000013,2,13.19,26.38
TI00006164,T0002032,P000015,4,49.37,197.48
TI00006165,T0002032,P000005,1,49.07,49.07
TI00006166,T0002032,P000019,4,32.28,129.12
TI00006167,T0002032,P000006,1,9.16,9.16
TI00006168,T0002033,P000010,3,43.23,129.69
TI00006169,T0002033,P000005,4,49.07,196.28
TI00006170,T0002033,P000012,3,42.38,127.14
TI00006171,T0002033,P000016,4,49.09,196.36
TI00006172,T0002033,P000007,4,44.35,177.4
TI00006173,T0002034,P000006,1,9.16,9.16
TI00006174,T0002034,P000012,4,42.38,169.52
TI00006175,T0002035,P000014,2,24.75,49.5
TI00006176,T0002036,P000017,2,43.77,87.54
TI00006177,T0002036,P000020,2,58.91,117.82
TI00006178,T0002036,P000004,3,39.36,118.08
TI00006179,T0002037,P000017,4,43.77,175.08
TI00006180,T0002037,P000004,4,39.36,157.44
TI00006181,T0002037,P000002,2,56.39,112.78
TI00006182,T0002037,P000010,3,43.23,129.69
TI00006183,T0002037,P000015,4,49.37,197.48
TI00006184,T0002038,P000002,1,56.39,56.39
TI00006185,T0002039,P000018,3,32.67,98.01
TI00006186,T0002040,P000003,3,10.3,30.9
TI00006187,T0002041,P000013,4,13.19,52.76
TI00006188,T0002041,P000004,3,39.36,118.08
TI00006189,T0002042,P000011,4,19.19,76.76
TI00006190,T0002043,P000002,1,56.39,56.39
TI00006191,T0002043,P000013,4,13.19,52.76
TI00006192,T0002043,P000011,4,19.19,76.76
TI00006193,T0002043,P000016,3,49.09,147.27
TI00006194,T0002044,P000009,3,33.09,99.27
TI00006195,T0002044,P000005,4,49.07,196.28
TI00006196,T0002044,P000007,2,44.35,88.7
TI00006197,T0002044,P000019,2,32.28,64.56
TI00006198,T0002044,P000012,4,42.38,169.52
TI00006199,T0002045,P000015,2,49.37,98.74
TI00006200,T0002045,P000002,3,56.39,169.17
TI00006201,T0002045,P000004,4,39.36,157.44
TI00006202,T0002045,P000006,1,9.16,9.16
TI00006203,T0002045,P000018,2,32.67,65.34
TI00006204,T0002046,P000009,1,33.09,33.09
TI00006205,T0002047,P000012,1,42.38,42.38
TI00006206,T0002047,P000020,3,58.91,176.73
TI00006207,T0002047,P000009,4,33.09,132.36
TI00006208,T0002048,P000002,4,56.39,225.56
TI00006209,T0002048,P000016,3,49.09,147.27
TI00006210,T0002048,P000001,2,27.25,54.5
TI00006211,T0002048,P000005,4,49.07,196.28
TI00006212,T0002049,P000007,1,44.35,44.35
TI00006213,T0002049,P000020,3,58.91,176.73
TI00006214,T0002049,P000002,2,56.39,112.78
TI00006215,T0002050,P000015,4,49.37,197.48
TI00006216,T0002050,P000002,2,56.39,112.78
TI00006217,T0002050,P000009,1,33.09,33.09
TI00006218,T0002051,P000018,1,32.67,32.67
TI00006219,T0002051,P000015,3,49.37,148.11
TI00006220,T0002051,P000020,4,58.91,235.64
TI00006221,T0002051,P000004,4,39.36,157.44
TI00006222,T0002051,P000012,4,42.38,169.52
TI00006223,T0002052,P000007,3,44.35,133.05
TI00006224,T0002052,P000009,1,33.09,33.09
TI00006225,T0002052,P000020,3,58.91,176.73
TI00006226,T0002052,P000001,1,27.25,27.25
TI00006227,T0002052,P000013,1,13.19,13.19
TI00006228,T0002053,P000011,1,19.19,19.19
TI00006229,T0002053,P000002,2,56.39,112.78
TI00006230,T0002053,P000006,1,9.16,9.16
TI00006231,T0002053,P000007,1,44.35,44.35
TI00006232,T0002053,P000010,4,43.23,172.92
TI00006233,T0002054,P000014,1,24.75,24.75
TI00006234,T0002055,P000003,4,10.3,41.2
TI00006235,T0002055,P000019,3,32.28,96.84
TI00006236,T0002055,P000004,1,39.36,39.36
TI00006237,T0002055,P000016,2,49.09,98.18
TI00006238,T0002055,P000014,4,24.75,99.0
TI00006239,T0002056,P000005,2,49.07,98.14
TI00006240,T0002056,P000003,4,10.3,41.2
TI00006241,T0002056,P000016,4,49.09,196.36
TI00006242,T0002056,P000006,1,9.16,9.16
TI00006243,T0002057,P000011,1,19.19,19.19
TI00006244,T0002057,P000008,1,52.62,52.62
TI00006245,T0002057,P000014,1,24.75,24.75
TI00006246,T0002057,P000001,2,27.25,54.5
TI00006247,T0002058,P000010,1,43.23,43.23
TI00006248,T0002058,P000019,4,32.28,129.12
TI00006249,T0002058,P000001,3,27.25,81.75
TI00006250,T0002059,P000001,3,27.25,81.75
TI00006251,T0002059,P000018,3,32.67,98.01
TI00006252,T0002059,P000019,3,32.28,96.84
TI00006253,T0002059,P000016,3,49.09,147.27
TI00006254,T0002059,P000012,2,42.38,84.76
TI00006255,T0002060,P000013,1,13.19,13.19
TI00006256,T0002060,P000008,3,52.62,157.86
TI00006257,T0002060,P000010,4,43.23,172.92
TI00006258,T0002061,P000011,3,19.19,57.57
TI00006259,T0002061,P000002,4,56.39,225.56
TI00006260,T0002061,P000019,4,32.28,129.12
TI00006261,T0002061,P000006,2,9.16,18.32
TI00006262,T0002061,P000009,1,33.09,33.09
TI00006263,T0002062,P000001,2,27.25,54.5
TI00006264,T0002062,P000018,2,32.67,65.34
TI00006265,T0002062,P000019,4,32.28,129.12
TI00006266,T0002063,P000008,1,52.62,52.62
TI00006267,T0002063,P000005,4,49.07,196.28
TI00006268,T0002063,P000015,1,49.37,49.37
TI00006269,T0002063,P000003,3,10.3,30.9
TI00006270,T0002064,P000004,1,39.36,39.36
TI00006271,T0002064,P000020,3,58.91,176.73
TI00006272,T0002065,P000018,4,32.67,130.68
TI00006273,T0002065,P000019,1,32.28,32.28
TI00006274,T0002065,P000007,2,44.35,88.7
TI00006275,T0002065,P000015,3,49.37,148.11
TI00006276,T0002066,P000019,4,32.28,129.12
TI00006277,T0002066,P000007,1,44.35,44.35
TI00006278,T0002066,P000003,2,10.3,20.6
TI00006279,T0002066,P000009,3,33.09,99.27
TI00006280,T0002066,P000014,4,24.75,99.0
TI00006281,T0002067,P000011,2,19.19,38.38
TI00006282,T0002067,P000005,2,49.07,98.14
TI00006283,T0002067,P000012,1,42.38,42.38
TI00006284,T0002067,P000016,3,49.09,147.27
TI00006285,T0002068,P000009,2,33.09,66.18
TI00006286,T0002068,P000011,2,19.19,38.38
TI00006287,T0002069,P000008,3,52.62,157.86
TI00006288,T0002069,P000012,1,42.38,42.38
TI00006289,T0002070,P000017,1,43.77,43.77
TI00006290,T0002070,P000004,2,39.36,78.72
TI00006291,T0002070,P000006,3,9.16,27.48
TI00006292,T0002071,P000012,4,42.38,169.52
TI00006293,T0002071,P000013,3,13.19,39.57
TI00006294,T0002072,P000004,4,39.36,157.44
TI00006295,T0002072,P000015,2,49.37,98.74
TI00006296,T0002072,P000001,1,27.25,27.25
TI00006297,T0002073,P000010,1,43.23,43.23
TI00006298,T0002073,P000003,3,10.3,30.9
TI00006299,T0002074,P000005,3,49.07,147.21
TI00006300,T0002074,P000009,4,33.09,132.36
TI00006301,T0002074,P000010,4,43.23,172.92
TI00006302,T0002075,P000018,4,32.67,130.68
TI00006303,T0002075,P000013,4,13.19,52.76
TI00006304,T0002075,P000014,2,24.75,49.5
TI00006305,T0002075,P000002,2,56.39,112.78
TI00006306,T0002076,P000019,3,32.28,96.84
TI00006307,T0002077,P000017,3,43.77,131.31
TI00006308,T0002077,P000003,4,10.3,41.2
TI00006309,T0002077,P000015,1,49.37,49.37
TI00006310,T0002077,P000014,2,24.75,49.5
TI00006311,T0002078,P000002,2,56.39,112.78
TI00006312,T0002078,P000008,4,52.62,210.48
TI00006313,T0002079,P000014,3,24.75,74.25
TI00006314,T0002080,P000019,4,32.28,129.12
TI00006315,T0002080,P000005,4,49.07,196.28
TI00006316,T0002081,P000009,2,33.09,66.18
TI00006317,T0002081,P000019,4,32.28,129.12
TI00006318,T0002081,P000020,2,58.91,117.82
TI00006319,T0002081,P000007,2,44.35,88.7
TI00006320,T0002082,P000005,3,49.07,147.21
TI00006321,T0002083,P000009,2,33.09,66.18
TI00006322,T0002083,P000013,4,13.19,52.76
TI00006323,T0002084,P000008,3,52.62,157.86
TI00006324,T0002085,P000007,1,44.35,44.35
TI00006325,T0002086,P000009,3,33.09,99.27
TI00006326,T0002086,P000007,4,44.35,177.4
TI00006327,T0002087,P000011,3,19.19,57.57
TI00006328,T0002087,P000009,4,33.09,132.36
TI00006329,T0002087,P000020,2,58.91,117.82
TI00006330,T0002087,P000013,2,13.19,26.38
TI00006331,T0002088,P000016,4,49.09,196.36
TI00006332,T0002088,P000002,3,56.39,169.17
TI00006333,T0002089,P000020,2,58.91,117.82
TI00006334,T0002089,P000003,2,10.3,20.6
TI00006335,T0002089,P000017,3,43.77,131.31
TI00006336,T0002090,P000013,2,13.19,26.38
TI00006337,T0002090,P000019,2,32.28,64.56
TI00006338,T0002090,P000014,2,24.75,49.5
TI00006339,T0002091,P000012,1,42.38,42.38
TI00006340,T0002091,P000007,1,44.35,44.35
TI00006341,T0002091,P000005,1,49.07,49.07
TI00006342,T0002091,P000010,1,43.23,43.23
TI00006343,T0002091,P000002,2,56.39,112.78
TI00006344,T0002092,P000018,3,32.67,98.01
TI00006345,T0002092,P000004,1,39.36,39.36
TI00006346,T0002092,P000013,4,13.19,52.76
TI00006347,T0002093,P000009,2,33.09,66.18
TI00006348,T0002093,P000015,4,49.37,197.48
TI00006349,T0002093,P000005,3,49.07,147.21
TI00006350,T0002094,P000017,2,43.77,87.54
TI00006351,T0002095,P000019,4,32.28,129.12
TI00006352,T0002095,P000007,4,44.35,177.4
TI00006353,T0002095,P000018,1,32.67,32.67
TI00006354,T0002095,P000008,2,52.62,105.24
TI00006355,T0002095,P000016,3,49.09,147.27
TI00006356,T0002096,P000005,4,49.07,196.28
TI00006357,T0002096,P000006,4,9.16,36.64
TI00006358,T0002096,P000018,2,32.67,65.34
TI00006359,T0002097,P000019,2,32.28,64.56
TI00006360,T0002097,P000003,3,10.3,30.9
TI00006361,T0002097,P000018,4,32.67,130.68
TI00006362,T0002097,P000015,3,49.37,148.11
TI00006363,T0002097,P000001,4,27.25,109.0
TI00006364,T0002098,P000017,1,43.77,43.77
TI00006365,T0002098,P000018,2,32.67,65.34
TI00006366,T0002099,P000004,1,39.36,39.36
TI00006367,T0002099,P000007,3,44.35,133.05
TI00006368,T0002099,P000002,1,56.39,56.39
TI00006369,T0002099,P000017,3,43.77,131.31
TI00006370,T0002099,P000012,4,42.38,169.52
TI00006371,T0002100,P000006,4,9.16,36.64
TI00006372,T0002100,P000016,1,49.09,49.09
TI00006373,T0002101,P000008,1,52.62,52.62
TI00006374,T0002101,P000020,1,58.91,58.91
TI00006375,T0002101,P000019,4,32.28,129.12
TI00006376,T0002102,P000012,3,42.38,127.14
TI00006377,T0002102,P000010,2,43.23,86.46
TI00006378,T0002102,P000005,1,49.07,49.07
TI00006379,T0002102,P000018,3,32.67,98.01
TI00006380,T0002103,P000004,2,39.36,78.72
TI00006381,T0002103,P000020,1,58.91,58.91
TI00006382,T0002104,P000014,3,24.75,74.25
TI00006383,T0002104,P000004,2,39.36,78.72
TI00006384,T0002104,P000005,4,49.07,196.28
TI00006385,T0002104,P000007,3,44.35,133.05
TI00006386,T0002105,P000001,3,27.25,81.75
TI00006387,T0002105,P000004,1,39.36,39.36
TI00006388,T0002106,P000004,1,39.36,39.36
TI00006389,T0002106,P000013,1,13.19,13.19
TI00006390,T0002106,P000008,1,52.62,52.62
TI00006391,T0002106,P000003,1,10.3,10.3
TI00006392,T0002107,P000014,4,24.75,99.0
TI00006393,T0002107,P000012,2,42.38,84.76
TI00006394,T0002107,P000003,2,10.3,20.6
TI00006395,T0002108,P000017,3,43.77,131.31
TI00006396,T0002108,P000019,4,32.28,129.12
TI00006397,T0002109,P000010,3,43.23,129.69
TI00006398,T0002109,P000008,2,52.62,105.24
TI00006399,T0002109,P000020,3,58.91,176.73
TI00006400,T0002110,P000015,4,49.37,197.48
TI00006401,T0002111,P000008,3,52.62,157.86
TI00006402,T0002111,P000015,4,49.37,197.48
TI00006403,T0002111,P000001,3,27.25,81.75
TI00006404,T0002112,P000011,1,19.19,19.19
TI00006405,T0002112,P000015,3,49.37,148.11
TI00006406,T0002113,P000012,3,42.38,127.14
TI00006407,T0002113,P000010,2,43.23,86.46
TI00006408,T0002113,P000018,2,32.67,65.34
TI00006409,T0002113,P000011,3,19.19,57.57
TI00006410,T0002113,P000016,4,49.09,196.36
TI00006411,T0002114,P000013,3,13.19,39.57
TI00006412,T0002114,P000010,3,43.23,129.69
TI00006413,T0002114,P000002,3,56.39,169.17
TI00006414,T0002114,P000016,4,49.09,196.36
TI00006415,T0002114,P000017,2,43.77,87.54
TI00006416,T0002115,P000001,4,27.25,109.0
TI00006417,T0002116,P000009,3,33.09,99.27
TI00006418,T0002116,P000005,1,49.07,49.07
TI00006419,T0002116,P000001,3,27.25,81.75
TI00006420,T0002117,P000001,1,27.25,27.25
TI00006421,T0002117,P000004,4,39.36,157.44
TI00006422,T0002117,P000002,1,56.39,56.39
TI00006423,T0002117,P000012,4,42.38,169.52
TI00006424,T0002118,P000013,1,13.19,13.19
TI00006425,T0002118,P000005,1,49.07,49.07
TI00006426,T0002118,P000017,4,43.77,175.08
TI00006427,T0002119,P000010,2,43.23,86.46
TI00006428,T0002120,P000003,1,10.3,10.3
TI00006429,T0002120,P000005,1,49.07,49.07
TI00006430,T0002121,P000003,1,10.3,10.3
TI00006431,T0002121,P000012,4,42.38,169.52
TI00006432,T0002122,P000016,4,49.09,196.36
TI00006433,T0002122,P000010,3,43.23,129.69
TI00006434,T0002122,P000005,2,49.07,98.14
TI00006435,T0002122,P000003,4,10.3,41.2
TI00006436,T0002122,P000004,1,39.36,39.36
TI00006437,T0002123,P000002,4,56.39,225.56
TI00006438,T0002124,P000009,1,33.09,33.09
TI00006439,T0002124,P000001,2,27.25,54.5
TI00006440,T0002124,P000012,1,42.38,42.38
TI00006441,T0002124,P000011,3,19.19,57.57
TI00006442,T0002124,P000002,3,56.39,169.17
TI00006443,T0002125,P000006,4,9.16,36.64
TI00006444,T0002125,P000011,2,19.19,38.38
TI00006445,T0002125,P000003,3,10.3,30.9
TI00006446,T0002125,P000012,4,42.38,169.52
TI00006447,T0002126,P000005,3,49.07,147.21
TI00006448,T0002126,P000011,1,19.19,19.19
TI00006449,T0002126,P000010,4,43.23,172.92
TI00006450,T0002127,P000006,4,9.16,36.64
TI00006451,T0002127,P000012,1,42.38,42.38
TI00006452,T0002128,P000007,4,44.35,177.4
TI00006453,T0002128,P000017,4,43.77,175.08
TI00006454,T0002128,P000004,2,39.36,78.72
TI00006455,T0002128,P000020,4,58.91,235.64
TI00006456,T0002129,P000019,3,32.28,96.84
TI00006457,T0002129,P000003,4,10.3,41.2
TI00006458,T0002129,P000001,2,27.25,54.5
TI00006459,T0002129,P000005,3,49.07,147.21
TI00006460,T0002129,P000018,2,32.67,65.34
TI00006461,T0002130,P000020,1,58.91,58.91
TI00006462,T0002130,P000019,4,32.28,129.12
TI00006463,T0002130,P000011,4,19.19,76.76
TI00006464,T0002130,P000003,2,10.3,20.6
TI00006465,T0002131,P000002,1,56.39,56.39
TI00006466,T0002131,P000008,2,52.62,105.24
TI00006467,T0002131,P000016,2,49.09,98.18
TI00006468,T0002131,P000013,4,13.19,52.76
TI00006469,T0002131,P000001,1,27.25,27.25
TI00006470,T0002132,P000017,2,43.77,87.54
TI00006471,T0002132,P000003,3,10.3,30.9
TI00006472,T0002133,P000012,4,42.38,169.52
TI00006473,T0002133,P000015,4,49.37,197.48
TI00006474,T0002133,P000019,4,32.28,129.12
TI00006475,T0002133,P000020,1,58.91,58.91
TI00006476,T0002134,P000018,3,32.67,98.01
TI00006477,T0002135,P000001,4,27.25,109.0
TI00006478,T0002135,P000005,3,49.07,147.21
TI00006479,T0002135,P000011,3,19.19,57.57
TI00006480,T0002135,P000016,2,49.09,98.18
TI00006481,T0002136,P000012,2,42.38,84.76
TI00006482,T0002136,P000001,4,27.25,109.0
TI00006483,T0002136,P000017,1,43.77,43.77
TI00006484,T0002137,P000018,1,32.67,32.67
TI00006485,T0002137,P000012,1,42.38,42.38
TI00006486,T0002137,P000019,2,32.28,64.56
TI00006487,T0002137,P000013,3,13.19,39.57
TI00006488,T0002137,P000003,2,10.3,20.6
TI00006489,T0002138,P000018,1,32.67,32.67
TI00006490,T0002138,P000011,1,19.19,19.19
TI00006491,T0002138,P000001,2,27.25,54.5
TI00006492,T0002138,P000013,3,13.19,39.57
TI00006493,T0002139,P000016,3,49.09,147.27
TI00006494,T0002139,P000001,1,27.25,27.25
TI00006495,T0002140,P000019,2,32.28,64.56
TI00006496,T0002140,P000020,2,58.91,117.82
TI00006497,T0002140,P000015,3,49.37,148.11
TI00006498,T0002140,P000003,3,10.3,30.9
TI00006499,T0002140,P000017,1,43.77,43.77
TI00006500,T0002141,P000012,1,42.38,42.38
TI00006501,T0002141,P000019,3,32.28,96.84
TI00006502,T0002141,P000013,2,13.19,26.38
TI00006503,T0002141,P000016,1,49.09,49.09
TI00006504,T0002141,P000005,1,49.07,49.07
TI00006505,T0002142,P000011,3,19.19,57.57
TI00006506,T0002143,P000015,3,49.37,148.11
TI00006507,T0002143,P000020,2,58.91,117.82
TI00006508,T0002143,P000007,1,44.35,44.35
TI00006509,T0002143,P000017,1,43.77,43.77
TI00006510,T0002143,P000002,2,56.39,112.78
TI00006511,T0002144,P000011,2,19.19,38.38
TI00006512,T0002144,P000009,1,33.09,33.09
TI00006513,T0002145,P000011,2,19.19,38.38
TI00006514,T0002145,P000004,4,39.36,157.44
TI00006515,T0002145,P000012,1,42.38,42.38
TI00006516,T0002145,P000009,1,33.09,33.09
TI00006517,T0002145,P000006,2,9.16,18.32
TI00006518,T0002146,P000015,1,49.37,49.37
TI00006519,T0002146,P000013,2,13.19,26.38
TI00006520,T0002146,P000008,1,52.62,52.62
TI00006521,T0002146,P000005,4,49.07,196.28
TI00006522,T0002146,P000016,2,49.09,98.18
TI00006523,T0002147,P000001,1,27.25,27.25
TI00006524,T0002148,P000003,3,10.3,30.9
TI00006525,T0002148,P000011,1,19.19,19.19
TI00006526,T0002149,P000015,2,49.37,98.74
TI00006527,T0002149,P000018,2,32.67,65.34
TI00006528,T0002149,P000005,3,49.07,147.21
TI00006529,T0002149,P000011,1,19.19,19.19
TI00006530,T0002150,P000010,2,43.23,86.46
TI00006531,T0002150,P000009,3,33.09,99.27
TI00006532,T0002150,P000001,4,27.25,109.0
TI00006533,T0002150,P000012,4,42.38,169.52
TI00006534,T0002151,P000006,1,9.16,9.16
TI00006535,T0002151,P000015,4,49.37,197.48
TI00006536,T0002151,P000012,1,42.38,42.38
TI00006537,T0002152,P000008,2,52.62,105.24
TI00006538,T0002152,P000015,3,49.37,148.11
TI00006539,T0002152,P000019,2,32.28,64.56
TI00006540,T0002152,P000010,3,43.23,129.69
TI00006541,T0002152,P000014,2,24.75,49.5
TI00006542,T0002153,P000019,4,32.28,129.12
TI00006543,T0002153,P000016,2,49.09,98.18
TI00006544,T0002154,P000002,3,56.39,169.17
TI00006545,T0002154,P000006,4,9.16,36.64
TI00006546,T0002154,P000016,1,49.09,49.09
TI00006547,T0002154,P000014,4,24.75,99.0
TI00006548,T0002155,P000006,2,9.16,18.32
TI00006549,T0002155,P000018,1,32.67,32.67
TI00006550,T0002155,P000013,3,13.19,39.57
TI00006551,T0002155,P000008,3,52.62,157.86
TI00006552,T0002156,P000003,1,10.3,10.3
TI00006553,T0002156,P000014,4,24.75,99.0
TI00006554,T0002156,P000020,1,58.91,58.91
TI00006555,T0002156,P000015,2,49.37,98.74
TI00006556,T0002157,P000014,4,24.75,99.0
TI00006557,T0002158,P000009,1,33.09,33.09
TI00006558,T0002158,P000013,2,13.19,26.38
TI00006559,T0002158,P000002,2,56.39,112.78
TI00006560,T0002159,P000010,3,43.23,129.69
TI00006561,T0002159,P000009,2,33.09,66.18
TI00006562,T0002159,P000001,3,27.25,81.75
TI00006563,T0002159,P000014,2,24.75,49.5
TI00006564,T0002159,P000020,3,58.91,176.73
TI00006565,T0002160,P000019,3,32.28,96.84
TI00006566,T0002160,P000012,4,42.38,169.52
TI00006567,T0002160,P000006,2,9.16,18.32
TI00006568,T0002160,P000005,4,49.07,196.28
TI00006569,T0002160,P000016,4,49.09,196.36
TI00006570,T0002161,P000002,1,56.39,56.39
TI00006571,T0002161,P000017,4,43.77,175.08
TI00006572,T0002161,P000001,4,27.25,109.0
TI00006573,T0002161,P000009,3,33.09,99.27
TI00006574,T0002161,P000013,4,13.19,52.76
TI00006575,T0002162,P000016,3,49.09,147.27
TI00006576,T0002163,P000006,4,9.16,36.64
TI00006577,T0002163,P000011,3,19.19,57.57
TI00006578,T0002164,P000009,4,33.09,132.36
TI00006579,T0002164,P000013,1,13.19,13.19
TI00006580,T0002165,P000009,1,33.09,33.09
TI00006581,T0002166,P000009,3,33.09,99.27
TI00006582,T0002166,P000002,2,56.39,112.78
TI00006583,T0002166,P000011,4,19.19,76.76
TI00006584,T0002166,P000013,3,13.19,39.57
TI00006585,T0002167,P000004,3,39.36,118.08
TI00006586,T0002168,P000012,4,42.38,169.52
TI00006587,T0002168,P000004,4,39.36,157.44
TI00006588,T0002168,P000002,4,56.39,225.56
TI00006589,T0002168,P000018,2,32.67,65.34
TI00006590,T0002168,P000014,2,24.75,49.5
TI00006591,T0002169,P000009,4,33.09,132.36
TI00006592,T0002169,P000002,4,56.39,225.56
TI00006593,T0002169,P000004,4,39.36,157.44
TI00006594,T0002170,P000010,1,43.23,43.23
TI00006595,T0002171,P000018,4,32.67,130.68
TI00006596,T0002171,P000006,4,9.16,36.64
TI00006597,T0002171,P000016,2,49.09,98.18
TI00006598,T0002171,P000001,4,27.25,109.0
TI00006599,T0002172,P000017,1,43.77,43.77
TI00006600,T0002172,P000018,3,32.67,98.01
TI00006601,T0002172,P000009,1,33.09,33.09
TI00006602,T0002172,P000011,2,19.19,38.38
TI00006603,T0002172,P000010,1,43.23,43.23
TI00006604,T0002173,P000017,2,43.77,87.54
TI00006605,T0002173,P000004,2,39.36,78.72
TI00006606,T0002173,P000003,4,10.3,41.2
TI00006607,T0002173,P000018,2,32.67,65.34
TI00006608,T0002173,P000012,4,42.38,169.52
TI00006609,T0002174,P000003,1,10.3,10.3
TI00006610,T0002174,P000001,2,27.25,54.5
TI00006611,T0002174,P000002,1,56.39,56.39
TI00006612,T0002175,P000016,3,49.09,147.27
TI00006613,T0002175,P000017,3,43.77,131.31
TI00006614,T0002175,P000019,2,32.28,64.56
TI00006615,T0002175,P000015,3,49.37,148.11
TI00006616,T0002175,P000004,3,39.36,118.08
TI00006617,T0002176,P000016,3,49.09,147.27
TI00006618,T0002176,P000002,1,56.39,56.39
TI00006619,T0002176,P000014,3,24.75,74.25
TI00006620,T0002176,P000017,2,43.77,87.54
TI00006621,T0002176,P000013,4,13.19,52.76
TI00006622,T0002177,P000017,1,43.77,43.77
TI00006623,T0002177,P000018,3,32.67,98.01
TI00006624,T0002177,P000010,2,43.23,86.46
TI00006625,T0002177,P000007,4,44.35,177.4
TI00006626,T0002178,P000015,3,49.37,148.11
TI00006627,T0002178,P000003,1,10.3,10.3
TI00006628,T0002178,P000004,4,39.36,157.44
TI00006629,T0002179,P000009,4,33.09,132.36
TI00006630,T0002179,P000005,1,49.07,49.07
TI00006631,T0002180,P000008,1,52.62,52.62
TI00006632,T0002180,P000019,1,32.28,32.28
TI00006633,T0002180,P000020,2,58.91,117.82
TI00006634,T0002180,P000009,3,33.09,99.27
TI00006635,T0002180,P000015,3,49.37,148.11
TI00006636,T0002181,P000015,1,49.37,49.37
TI00006637,T0002182,P000009,1,33.09,33.09
TI00006638,T0002182,P000001,3,27.25,81.75
TI00006639,T0002182,P000020,1,58.91,58.91
TI00006640,T0002182,P000016,1,49.09,49.09
TI00006641,T0002182,P000002,3,56.39,169.17
TI00006642,T0002183,P000015,2,49.37,98.74
TI00006643,T0002183,P000019,4,32.28,129.12
TI00006644,T0002183,P000001,3,27.25,81.75
TI00006645,T0002183,P000002,3,56.39,169.17
TI00006646,T0002184,P000011,3,19.19,57.57
TI00006647,T0002184,P000010,1,43.23,43.23
TI00006648,T0002184,P000019,4,32.28,129.12
TI00006649,T0002184,P000018,2,32.67,65.34
TI00006650,T0002184,P000020,4,58.91,235.64
TI00006651,T0002185,P000009,3,33.09,99.27
TI00006652,T0002185,P000003,4,10.3,41.2
TI00006653,T0002185,P000012,3,42.38,127.14
TI00006654,T0002186,P000017,3,43.77,131.31
TI00006655,T0002186,P000004,3,39.36,118.08
TI00006656,T0002187,P000002,3,56.39,169.17
TI00006657,T0002187,P000009,4,33.09,132.36
TI00006658,T0002187,P000012,1,42.38,42.38
TI00006659,T0002188,P000017,1,43.77,43.77
TI00006660,T0002188,P000012,4,42.38,169.52
TI00006661,T0002188,P000011,2,19.19,38.38
TI00006662,T0002188,P000006,1,9.16,9.16
TI00006663,T0002189,P000007,2,44.35,88.7
TI00006664,T0002189,P000015,1,49.37,49.37
TI00006665,T0002189,P000001,4,27.25,109.0
TI00006666,T0002190,P000006,3,9.16,27.48
TI00006667,T0002190,P000017,3,43.77,131.31
TI00006668,T0002190,P000004,2,39.36,78.72
TI00006669,T0002190,P000010,1,43.23,43.23
TI00006670,T0002190,P000003,1,10.3,10.3
TI00006671,T0002191,P000014,2,24.75,49.5
TI00006672,T0002191,P000016,2,49.09,98.18
TI00006673,T0002191,P000002,3,56.39,169.17
TI00006674,T0002192,P000013,1,13.19,13.19
TI00006675,T0002192,P000010,1,43.23,43.23
TI00006676,T0002192,P000001,4,27.25,109.0
TI00006677,T0002192,P000019,3,32.28,96.84
TI00006678,T0002193,P000017,3,43.77,131.31
TI00006679,T0002193,P000009,1,33.09,33.09
TI00006680,T0002194,P000008,4,52.62,210.48
TI00006681,T0002194,P000007,1,44.35,44.35
TI00006682,T0002194,P000018,1,32.67,32.67
TI00006683,T0002195,P000014,4,24.75,99.0
TI00006684,T0002195,P000020,3,58.91,176.73
TI00006685,T0002195,P000018,2,32.67,65.34
TI00006686,T0002195,P000017,2,43.77,87.54
TI00006687,T0002196,P000001,2,27.25,54.5
TI00006688,T0002196,P000010,1,43.23,43.23
TI00006689,T0002197,P000011,2,19.19,38.38
TI00006690,T0002198,P000012,2,42.38,84.76
TI00006691,T0002198,P000003,2,10.3,20.6
TI00006692,T0002199,P000019,4,32.28,129.12
TI00006693,T0002200,P000019,3,32.28,96.84
TI00006694,T0002200,P000015,1,49.37,49.37
TI00006695,T0002200,P000013,3,13.19,39.57
TI00006696,T0002201,P000008,1,52.62,52.62
TI00006697,T0002201,P000019,1,32.28,32.28
TI00006698,T0002201,P000011,2,19.19,38.38
TI00006699,T0002201,P000013,3,13.19,39.57
TI00006700,T0002201,P000006,4,9.16,36.64
TI00006701,T0002202,P000001,2,27.25,54.5
TI00006702,T0002202,P000006,1,9.16,9.16
TI00006703,T0002203,P000006,1,9.16,9.16
TI00006704,T0002203,P000020,3,58.91,176.73
TI00006705,T0002203,P000010,1,43.23,43.23
TI00006706,T0002203,P000008,2,52.62,105.24
TI00006707,T0002204,P000017,4,43.77,175.08
TI00006708,T0002205,P000002,4,56.39,225.56
TI00006709,T0002206,P000019,2,32.28,64.56
TI00006710,T0002206,P000012,1,42.38,42.38
TI00006711,T0002206,P000008,3,52.62,157.86
TI00006712,T0002206,P000010,4,43.23,172.92
TI00006713,T0002207,P000020,1,58.91,58.91
TI00006714,T0002208,P000013,1,13.19,13.19
TI00006715,T0002208,P000001,1,27.25,27.25
TI00006716,T0002208,P000019,3,32.28,96.84
TI00006717,T0002209,P000014,4,24.75,99.0
TI00006718,T0002210,P000017,2,43.77,87.54
TI00006719,T0002210,P000004,4,39.36,157.44
TI00006720,T0002210,P000009,4,33.09,132.36
TI00006721,T0002211,P000008,1,52.62,52.62
TI00006722,T0002211,P000011,1,19.19,19.19
TI00006723,T0002211,P000017,1,43.77,43.77
TI00006724,T0002211,P000010,1,43.23,43.23
TI00006725,T0002211,P000018,4,32.67,130.68
TI00006726,T0002212,P000017,1,43.77,43.77
TI00006727,T0002212,P000020,2,58.91,117.82
TI00006728,T0002212,P000006,3,9.16,27.48
TI00006729,T0002212,P000015,1,49.37,49.37
TI00006730,T0002212,P000016,4,49.09,196.36
TI00006731,T0002213,P000006,1,9.16,9.16
TI00006732,T0002213,P000019,4,32.28,129.12
TI00006733,T0002214,P000002,4,56.39,225.56
TI00006734,T0002214,P000013,3,13.19,39.57
TI00006735,T0002214,P000020,3,58.91,176.73
TI00006736,T0002214,P000019,4,32.28,129.12
TI00006737,T0002214,P000015,3,49.37,148.11
TI00006738,T0002215,P000002,4,56.39,225.56
TI00006739,T0002215,P000020,3,58.91,176.73
TI00006740,T0002215,P000009,4,33.09,132.36
TI00006741,T0002215,P000019,1,32.28,32.28
TI00006742,T0002215,P000018,2,32.67,65.34
TI00006743,T0002216,P000002,2,56.39,112.78
TI00006744,T0002216,P000009,4,33.09,132.36
TI00006745,T0002216,P000019,2,32.28,64.56
TI00006746,T0002216,P000018,1,32.67,32.67
TI00006747,T0002217,P000009,4,33.09,132.36
TI00006748,T0002217,P000015,1,49.37,49.37
TI00006749,T0002217,P000012,4,42.38,169.52
TI00006750,T0002217,P000003,2,10.3,20.6
TI00006751,T0002218,P000014,1,24.75,24.75
TI00006752,T0002218,P000006,3,9.16,27.48
TI00006753,T0002218,P000002,1,56.39,56.39
TI00006754,T0002219,P000014,1,24.75,24.75
TI00006755,T0002219,P000006,1,9.16,9.16
TI00006756,T0002220,P000004,3,39.36,118.08
TI00006757,T0002220,P000010,3,43.23,129.69
TI00006758,T0002220,P000012,4,42.38,169.52
TI00006759,T0002221,P000010,1,43.23,43.23
TI00006760,T0002221,P000018,3,32.67,98.01
TI00006761,T0002221,P000004,4,39.36,157.44
TI00006762,T0002221,P000006,1,9.16,9.16
TI00006763,T0002221,P000001,3,27.25,81.75
TI00006764,T0002222,P000006,4,9.16,36.64
TI00006765,T0002222,P000015,1,49.37,49.37
TI00006766,T0002222,P000002,2,56.39,112.78
TI00006767,T0002223,P000019,1,32.28,32.28
TI00006768,T0002224,P000020,3,58.91,176.73
TI00006769,T0002224,P000019,4,32.28,129.12
TI00006770,T0002224,P000010,3,43.23,129.69
TI00006771,T0002225,P000009,1,33.09,33.09
TI00006772,T0002225,P000005,2,49.07,98.14
TI00006773,T0002225,P000010,4,43.23,172.92
TI00006774,T0002225,P000012,3,42.38,127.14
TI00006775,T0002225,P000020,3,58.91,176.73
TI00006776,T0002226,P000008,3,52.62,157.86
TI00006777,T0002226,P000006,2,9.16,18.32
TI00006778,T0002226,P000013,4,13.19,52.76
TI00006779,T0002227,P000003,3,10.3,30.9
TI00006780,T0002227,P000002,4,56.39,225.56
TI00006781,T0002227,P000013,4,13.19,52.76
TI00006782,T0002228,P000018,3,32.67,98.01
TI00006783,T0002228,P000017,3,43.77,131.31
TI00006784,T0002228,P000002,2,56.39,112.78
TI00006785,T0002228,P000010,1,43.23,43.23
TI00006786,T0002228,P000011,4,19.19,76.76
TI00006787,T0002229,P000018,1,32.67,32.67
TI00006788,T0002229,P000012,2,42.38,84.76
TI00006789,T0002229,P000020,1,58.91,58.91
TI00006790,T0002229,P000013,1,13.19,13.19
TI00006791,T0002229,P000003,3,10.3,30.9
TI00006792,T0002230,P000017,4,43.77,175.08
TI00006793,T0002230,P000001,3,27.25,81.75
TI00006794,T0002230,P000016,1,49.09,49.09
TI00006795,T0002231,P000005,4,49.07,196.28
TI00006796,T0002231,P000004,3,39.36,118.08
TI00006797,T0002231,P000010,2,43.23,86.46
TI00006798,T0002232,P000004,4,39.36,157.44
TI00006799,T0002233,P000012,3,42.38,127.14
TI00006800,T0002233,P000005,4,49.07,196.28
TI00006801,T0002234,P000008,2,52.62,105.24
TI00006802,T0002234,P000006,2,9.16,18.32
TI00006803,T0002234,P000004,2,39.36,78.72
TI00006804,T0002234,P000005,2,49.07,98.14
TI00006805,T0002235,P000009,1,33.09,33.09
TI00006806,T0002235,P000011,1,19.19,19.19
TI00006807,T0002235,P000019,1,32.28,32.28
TI00006808,T0002235,P000020,1,58.91,58.91
TI00006809,T0002235,P000005,3,49.07,147.21
TI00006810,T0002236,P000011,2,19.19,38.38
TI00006811,T0002236,P000017,3,43.77,131.31
TI00006812,T0002237,P000007,4,44.35,177.4
TI00006813,T0002238,P000004,2,39.36,78.72
TI00006814,T0002238,P000011,2,19.19,38.38
TI00006815,T0002239,P000017,4,43.77,175.08
TI00006816,T0002239,P000003,2,10.3,20.6
TI00006817,T0002239,P000007,1,44.35,44.35
TI00006818,T0002239,P000009,3,33.09,99.27
TI00006819,T0002239,P000018,1,32.67,32.67
TI00006820,T0002240,P000006,1,9.16,9.16
TI00006821,T0002240,P000017,4,43.77,175.08
TI00006822,T0002241,P000006,4,9.16,36.64
TI00006823,T0002241,P000019,1,32.28,32.28
TI00006824,T0002241,P000020,1,58.91,58.91
TI00006825,T0002241,P000011,4,19.19,76.76
TI00006826,T0002242,P000010,2,43.23,86.46
TI00006827,T0002242,P000006,3,9.16,27.48
TI00006828,T0002243,P000007,1,44.35,44.35
TI00006829,T0002243,P000008,2,52.62,105.24
TI00006830,T0002243,P000010,3,43.23,129.69
TI00006831,T0002243,P000013,2,13.19,26.38
TI00006832,T0002243,P000012,3,42.38,127.14
TI00006833,T0002244,P000013,3,13.19,39.57
TI00006834,T0002244,P000014,1,24.75,24.75
TI00006835,T0002245,P000007,2,44.35,88.7
TI00006836,T0002245,P000003,1,10.3,10.3
TI00006837,T0002245,P000002,4,56.39,225.56
TI00006838,T0002245,P000009,4,33.09,132.36
TI00006839,T0002245,P000001,2,27.25,54.5
TI00006840,T0002246,P000009,4,33.09,132.36
TI00006841,T0002246,P000020,2,58.91,117.82
TI00006842,T0002246,P000015,2,49.37,98.74
TI00006843,T0002246,P000014,2,24.75,49.5
TI00006844,T0002247,P000016,1,49.09,49.09
TI00006845,T0002247,P000014,3,24.75,74.25
TI00006846,T0002247,P000017,2,43.77,87.54
TI00006847,T0002247,P000018,2,32.67,65.34
TI00006848,T0002247,P000015,1,49.37,49.37
TI00006849,T0002248,P000002,4,56.39,225.56
TI00006850,T0002248,P000009,2,33.09,66.18
TI00006851,T0002248,P000001,4,27.25,109.0
TI00006852,T0002249,P000009,2,33.09,66.18
TI00006853,T0002250,P000005,3,49.07,147.21
TI00006854,T0002250,P000020,4,58.91,235.64
TI00006855,T0002250,P000013,3,13.19,39.57
TI00006856,T0002250,P000010,3,43.23,129.69
TI00006857,T0002251,P000015,1,49.37,49.37
TI00006858,T0002251,P000020,2,58.91,117.82
TI00006859,T0002251,P000010,2,43.23,86.46
TI00006860,T0002252,P000009,4,33.09,132.36
TI00006861,T0002253,P000003,1,10.3,10.3
TI00006862,T0002253,P000019,4,32.28,129.12
TI00006863,T0002253,P000005,2,49.07,98.14
TI00006864,T0002253,P000008,2,52.62,105.24
TI00006865,T0002253,P000014,4,24.75,99.0
TI00006866,T0002254,P000002,4,56.39,225.56
TI00006867,T0002254,P000017,2,43.77,87.54
TI00006868,T0002255,P000020,1,58.91,58.91
TI00006869,T0002256,P000005,4,49.07,196.28
TI00006870,T0002256,P000003,3,10.3,30.9
TI00006871,T0002256,P000016,3,49.09,147.27
TI00006872,T0002256,P000020,2,58.91,117.82
TI00006873,T0002257,P000009,4,33.09,132.36
TI00006874,T0002257,P000018,4,32.67,130.68
TI00006875,T0002257,P000015,4,49.37,197.48
TI00006876,T0002257,P000014,3,24.75,74.25
TI00006877,T0002258,P000011,3,19.19,57.57
TI00006878,T0002258,P000002,1,56.39,56.39
TI00006879,T0002258,P000017,4,43.77,175.08
TI00006880,T0002258,P000001,4,27.25,109.0
TI00006881,T0002258,P000020,1,58.91,58.91
TI00006882,T0002259,P000001,1,27.25,27.25
TI00006883,T0002259,P000012,2,42.38,84.76
TI00006884,T0002260,P000001,3,27.25,81.75
TI00006885,T0002260,P000007,4,44.35,177.4
TI00006886,T0002261,P000002,3,56.39,169.17
TI00006887,T0002261,P000010,4,43.23,172.92
TI00006888,T0002261,P000018,4,32.67,130.68
TI00006889,T0002262,P000012,3,42.38,127.14
TI00006890,T0002262,P000008,2,52.62,105.24
TI00006891,T0002263,P000016,2,49.09,98.18
TI00006892,T0002263,P000005,3,49.07,147.21
TI00006893,T0002264,P000008,4,52.62,210.48
TI00006894,T0002264,P000013,2,13.19,26.38
TI00006895,T0002264,P000006,3,9.16,27.48
TI00006896,T0002265,P000002,2,56.39,112.78
TI00006897,T0002265,P000011,2,19.19,38.38
TI00006898,T0002266,P000017,2,43.77,87.54
TI00006899,T0002267,P000015,1,49.37,49.37
TI00006900,T0002267,P000019,3,32.28,96.84
TI00006901,T0002267,P000007,2,44.35,88.7
TI00006902,T0002267,P000012,4,42.38,169.52
TI00006903,T0002268,P000020,4,58.91,235.64
TI00006904,T0002269,P000020,4,58.91,235.64
TI00006905,T0002269,P000005,2,49.07,98.14
TI00006906,T0002270,P000014,1,24.75,24.75
TI00006907,T0002270,P000005,3,49.07,147.21
TI00006908,T0002270,P000016,3,49.09,147.27
TI00006909,T0002271,P000004,2,39.36,78.72
TI00006910,T0002271,P000008,3,52.62,157.86
TI00006911,T0002272,P000010,1,43.23,43.23
TI00006912,T0002272,P000014,2,24.75,49.5
TI00006913,T0002272,P000012,4,42.38,169.52
TI00006914,T0002272,P000019,2,32.28,64.56
TI00006915,T0002273,P000008,3,52.62,157.86
TI00006916,T0002274,P000017,2,43.77,87.54
TI00006917,T0002274,P000015,4,49.37,197.48
TI00006918,T0002274,P000003,3,10.3,30.9
TI00006919,T0002274,P000014,2,24.75,49.5
TI00006920,T0002275,P000002,2,56.39,112.78
TI00006921,T0002275,P000003,2,10.3,20.6
TI00006922,T0002275,P000019,2,32.28,64.56
TI00006923,T0002275,P000017,4,43.77,175.08
TI00006924,T0002276,P000017,1,43.77,43.77
TI00006925,T0002276,P000008,4,52.62,210.48
TI00006926,T0002276,P000020,4,58.91,235.64
TI00006927,T0002276,P000011,4,19.19,76.76
TI00006928,T0002277,P000012,1,42.38,42.38
TI00006929,T0002278,P000007,1,44.35,44.35
TI00006930,T0002279,P000013,2,13.19,26.38
TI00006931,T0002279,P000008,2,52.62,105.24
TI00006932,T0002280,P000013,4,13.19,52.76
TI00006933,T0002281,P000008,4,52.62,210.48
TI00006934,T0002282,P000003,4,10.3,41.2
TI00006935,T0002282,P000017,1,43.77,43.77
TI00006936,T0002282,P000005,2,49.07,98.14
TI00006937,T0002282,P000014,1,24.75,24.75
TI00006938,T0002283,P000014,4,24.75,99.0
TI00006939,T0002283,P000013,3,13.19,39.57
TI00006940,T0002283,P000019,3,32.28,96.84
TI00006941,T0002283,P000008,4,52.62,210.48
TI00006942,T0002283,P000020,2,58.91,117.82
TI00006943,T0002284,P000009,1,33.09,33.09
TI00006944,T0002284,P000010,2,43.23,86.46
TI00006945,T0002284,P000012,4,42.38,169.52
TI00006946,T0002285,P000014,2,24.75,49.5
TI00006947,T0002285,P000012,3,42.38,127.14
TI00006948,T0002286,P000009,2,33.09,66.18
TI00006949,T0002286,P000008,3,52.62,157.86
TI00006950,T0002287,P000015,4,49.37,197.48
TI00006951,T0002287,P000003,3,10.3,30.9
TI00006952,T0002287,P000009,3,33.09,99.27
TI00006953,T0002288,P000016,3,49.09,147.27
TI00006954,T0002288,P000006,1,9.16,9.16
TI00006955,T0002289,P000003,3,10.3,30.9
TI00006956,T0002290,P000003,2,10.3,20.6
TI00006957,T0002290,P000011,3,19.19,57.57
TI00006958,T0002290,P000004,1,39.36,39.36
TI00006959,T0002290,P000018,1,32.67,32.67
TI00006960,T0002290,P000007,2,44.35,88.7
TI00006961,T0002291,P000017,4,43.77,175.08
TI00006962,T0002291,P000002,3,56.39,169.17
TI00006963,T0002292,P000010,1,43.23,43.23
TI00006964,T0002292,P000003,2,10.3,20.6
TI00006965,T0002292,P000004,1,39.36,39.36
TI00006966,T0002292,P000005,4,49.07,196.28
TI00006967,T0002292,P000017,3,43.77,131.31
TI00006968,T0002293,P000013,4,13.19,52.76
TI00006969,T0002293,P000006,2,9.16,18.32
TI00006970,T0002294,P000003,1,10.3,10.3
TI00006971,T0002294,P000014,2,24.75,49.5
TI00006972,T0002294,P000012,1,42.38,42.38
TI00006973,T0002294,P000001,2,27.25,54.5
TI00006974,T0002295,P000007,4,44.35,177.4
TI00006975,T0002295,P000020,4,58.91,235.64
TI00006976,T0002295,P000001,2,27.25,54.5
TI00006977,T0002296,P000002,2,56.39,112.78
TI00006978,T0002296,P000009,4,33.09,132.36
TI00006979,T0002297,P000010,4,43.23,172.92
TI00006980,T0002297,P000004,3,39.36,118.08
TI00006981,T0002297,P000017,1,43.77,43.77
TI00006982,T0002297,P000015,4,49.37,197.48
TI00006983,T0002298,P000007,1,44.35,44.35
TI00006984,T0002299,P000002,4,56.39,225.56
TI00006985,T0002300,P000011,2,19.19,38.38
TI00006986,T0002300,P000017,4,43.77,175.08
TI00006987,T0002300,P000005,3,49.07,147.21
TI00006988,T0002300,P000018,4,32.67,130.68
TI00006989,T0002301,P000018,2,32.67,65.34
TI00006990,T0002301,P000005,3,49.07,147.21
TI00006991,T0002301,P000015,2,49.37,98.74
TI00006992,T0002301,P000003,2,10.3,20.6
TI00006993,T0002301,P000017,2,43.77,87.54
TI00006994,T0002302,P000011,3,19.19,57.57
TI00006995,T0002302,P000012,4,42.38,169.52
TI00006996,T0002302,P000013,2,13.19,26.38
TI00006997,T0002302,P000006,2,9.16,18.32
TI00006998,T0002302,P000018,2,32.67,65.34
TI00006999,T0002303,P000005,4,49.07,196.28
TI00007000,T0002303,P000015,2,49.37,98.74
TI00007001,T0002304,P000020,4,58.91,235.64
TI00007002,T0002304,P000018,3,32.67,98.01
TI00007003,T0002304,P000006,4,9.16,36.64
TI00007004,T0002304,P000008,1,52.62,52.62
TI00007005,T0002304,P000009,3,33.09,99.27
TI00007006,T0002305,P000004,4,39.36,157.44
TI00007007,T0002305,P000002,3,56.39,169.17
TI00007008,T0002306,P000012,2,42.38,84.76
TI00007009,T0002307,P000010,3,43.23,129.69
TI00007010,T0002307,P000020,2,58.91,117.82
TI00007011,T0002307,P000003,3,10.3,30.9
TI00007012,T0002307,P000013,1,13.19,13.19
TI00007013,T0002308,P000015,1,49.37,49.37
TI00007014,T0002308,P000012,3,42.38,127.14
TI00007015,T0002309,P000008,1,52.62,52.62
TI00007016,T0002309,P000019,3,32.28,96.84
TI00007017,T0002310,P000011,3,19.19,57.57
TI00007018,T0002310,P000013,4,13.19,52.76
TI00007019,T0002310,P000014,3,24.75,74.25
TI00007020,T0002310,P000001,2,27.25,54.5
TI00007021,T0002310,P000008,1,52.62,52.62
TI00007022,T0002311,P000015,1,49.37,49.37
TI00007023,T0002311,P000018,3,32.67,98.01
TI00007024,T0002311,P000002,4,56.39,225.56
TI00007025,T0002311,P000009,3,33.09,99.27
TI00007026,T0002312,P000006,3,9.16,27.48
TI00007027,T0002312,P000008,1,52.62,52.62
TI00007028,T0002312,P000020,1,58.91,58.91
TI00007029,T0002313,P000016,4,49.09,196.36
TI00007030,T0002314,P000011,1,19.19,19.19
TI00007031,T0002315,P000005,3,49.07,147.21
TI00007032,T0002315,P000018,3,32.67,98.01
TI00007033,T0002316,P000003,2,10.3,20.6
TI00007034,T0002316,P000018,3,32.67,98.01
TI00007035,T0002317,P000002,4,56.39,225.56
TI00007036,T0002317,P000015,4,49.37,197.48
TI00007037,T0002317,P000014,2,24.75,49.5
TI00007038,T0002317,P000016,1,49.09,49.09
TI00007039,T0002318,P000013,4,13.19,52.76
TI00007040,T0002318,P000017,1,43.77,43.77
TI00007041,T0002318,P000011,3,19.19,57.57
TI00007042,T0002318,P000009,2,33.09,66.18
TI00007043,T0002319,P000017,4,43.77,175.08
TI00007044,T0002319,P000003,3,10.3,30.9
TI00007045,T0002319,P000011,1,19.19,19.19
TI00007046,T0002319,P000005,1,49.07,49.07
TI00007047,T0002320,P000016,3,49.09,147.27
TI00007048,T0002321,P000004,4,39.36,157.44
TI00007049,T0002321,P000001,4,27.25,109.0
TI00007050,T0002322,P000015,3,49.37,148.11
TI00007051,T0002323,P000008,3,52.62,157.86
TI00007052,T0002323,P000006,3,9.16,27.48
TI00007053,T0002324,P000016,1,49.09,49.09
TI00007054,T0002324,P000014,3,24.75,74.25
TI00007055,T0002324,P000001,4,27.25,109.0
TI00007056,T0002324,P000011,3,19.19,57.57
TI00007057,T0002325,P000013,2,13.19,26.38
TI00007058,T0002325,P000014,1,24.75,24.75
TI00007059,T0002326,P000020,2,58.91,117.82
TI00007060,T0002326,P000011,4,19.19,76.76
TI00007061,T0002326,P000005,4,49.07,196.28
TI00007062,T0002326,P000009,1,33.09,33.09
TI00007063,T0002327,P000010,4,43.23,172.92
TI00007064,T0002327,P000001,3,27.25,81.75
TI00007065,T0002327,P000003,1,10.3,10.3
TI00007066,T0002328,P000004,4,39.36,157.44
TI00007067,T0002328,P000011,3,19.19,57.57
TI00007068,T0002328,P000017,4,43.77,175.08
TI00007069,T0002328,P000019,3,32.28,96.84
TI00007070,T0002328,P000009,4,33.09,132.36
TI00007071,T0002329,P000001,3,27.25,81.75
TI00007072,T0002329,P000002,4,56.39,225.56
TI00007073,T0002329,P000015,3,49.37,148.11
TI00007074,T0002330,P000013,4,13.19,52.76
TI00007075,T0002330,P000019,1,32.28,32.28
TI00007076,T0002331,P000016,4,49.09,196.36
TI00007077,T0002331,P000014,4,24.75,99.0
TI00007078,T0002332,P000020,2,58.91,117.82
TI00007079,T0002332,P000014,3,24.75,74.25
TI00007080,T0002332,P000007,1,44.35,44.35
TI00007081,T0002333,P000020,4,58.91,235.64
TI00007082,T0002333,P000011,4,19.19,76.76
TI00007083,T0002333,P000010,1,43.23,43.23
TI00007084,T0002333,P000004,4,39.36,157.44
TI00007085,T0002334,P000008,3,52.62,157.86
TI00007086,T0002335,P000001,2,27.25,54.5
TI00007087,T0002335,P000009,3,33.09,99.27
TI00007088,T0002335,P000015,2,49.37,98.74
TI00007089,T0002335,P000003,3,10.3,30.9
TI00007090,T0002336,P000006,2,9.16,18.32
TI00007091,T0002336,P000019,4,32.28,129.12
TI00007092,T0002336,P000004,3,39.36,118.08
TI00007093,T0002337,P000011,4,19.19,76.76
TI00007094,T0002337,P000010,3,43.23,129.69
TI00007095,T0002337,P000016,1,49.09,49.09
TI00007096,T0002338,P000017,4,43.77,175.08
TI00007097,T0002338,P000004,3,39.36,118.08
TI00007098,T0002339,P000003,2,10.3,20.6
TI00007099,T0002340,P000007,3,44.35,133.05
TI00007100,T0002340,P000001,2,27.25,54.5
TI00007101,T0002341,P000007,3,44.35,133.05
TI00007102,T0002341,P000019,4,32.28,129.12
TI00007103,T0002341,P000009,1,33.09,33.09
TI00007104,T0002342,P000013,1,13.19,13.19
TI00007105,T0002342,P000019,3,32.28,96.84
TI00007106,T0002343,P000007,1,44.35,44.35
TI00007107,T0002343,P000014,2,24.75,49.5
TI00007108,T0002344,P000019,1,32.28,32.28
TI00007109,T0002344,P000009,1,33.09,33.09
TI00007110,T0002344,P000007,3,44.35,133.05
TI00007111,T0002344,P000017,1,43.77,43.77
TI00007112,T0002345,P000016,1,49.09,49.09
TI00007113,T0002345,P000020,2,58.91,117.82
TI00007114,T0002345,P000008,1,52.62,52.62
TI00007115,T0002345,P000013,1,13.19,13.19
TI00007116,T0002345,P000015,3,49.37,148.11
TI00007117,T0002346,P000006,2,9.16,18.32
TI00007118,T0002347,P000013,3,13.19,39.57
TI00007119,T0002348,P000005,1,49.07,49.07
TI00007120,T0002348,P000013,2,13.19,26.38
TI00007121,T0002348,P000011,2,19.19,38.38
TI00007122,T0002349,P000004,2,39.36,78.72
TI00007123,T0002349,P000010,4,43.23,172.92
TI00007124,T0002349,P000016,1,49.09,49.09
TI00007125,T0002349,P000014,1,24.75,24.75
TI00007126,T0002350,P000003,3,10.3,30.9
TI00007127,T0002350,P000018,4,32.67,130.68
TI00007128,T0002350,P000010,2,43.23,86.46
TI00007129,T0002351,P000002,2,56.39,112.78
TI00007130,T0002352,P000005,2,49.07,98.14
TI00007131,T0002352,P000011,1,19.19,19.19
TI00007132,T0002352,P000014,4,24.75,99.0
TI00007133,T0002352,P000013,1,13.19,13.19
TI00007134,T0002352,P000018,4,32.67,130.68
TI00007135,T0002353,P000009,1,33.09,33.09
TI00007136,T0002353,P000011,1,19.19,19.19
TI00007137,T0002353,P000005,1,49.07,49.07
TI00007138,T0002353,P000012,4,42.38,169.52
TI00007139,T0002354,P000011,3,19.19,57.57
TI00007140,T0002354,P000014,4,24.75,99.0
TI00007141,T0002355,P000013,3,13.19,39.57
TI00007142,T0002355,P000009,2,33.09,66.18
TI00007143,T0002355,P000008,2,52.62,105.24
TI00007144,T0002355,P000016,2,49.09,98.18
TI00007145,T0002356,P000011,2,19.19,38.38
TI00007146,T0002356,P000007,4,44.35,177.4
TI00007147,T0002357,P000012,4,42.38,169.52
TI00007148,T0002357,P000013,3,13.19,39.57
TI00007149,T0002358,P000018,4,32.67,130.68
TI00007150,T0002358,P000008,2,52.62,105.24
TI00007151,T0002358,P000015,3,49.37,148.11
TI00007152,T0002358,P000004,2,39.36,78.72
TI00007153,T0002358,P000016,1,49.09,49.09
TI00007154,T0002359,P000007,2,44.35,88.7
TI00007155,T0002359,P000011,3,19.19,57.57
TI00007156,T0002359,P000014,2,24.75,49.5
TI00007157,T0002359,P000010,3,43.23,129.69
TI00007158,T0002360,P000009,2,33.09,66.18
TI00007159,T0002360,P000003,2,10.3,20.6
TI00007160,T0002360,P000017,2,43.77,87.54
TI00007161,T0002360,P000007,3,44.35,133.05
TI00007162,T0002361,P000013,3,13.19,39.57
TI00007163,T0002361,P000017,1,43.77,43.77
TI00007164,T0002362,P000016,2,49.09,98.18
TI00007165,T0002362,P000007,1,44.35,44.35
TI00007166,T0002362,P000020,2,58.91,117.82
TI00007167,T0002362,P000009,3,33.09,99.27
TI00007168,T0002363,P000005,1,49.07,49.07
TI00007169,T0002363,P000018,1,32.67,32.67
TI00007170,T0002364,P000015,4,49.37,197.48
TI00007171,T0002364,P000011,1,19.19,19.19
TI00007172,T0002364,P000004,3,39.36,118.08
TI00007173,T0002364,P000010,1,43.23,43.23
TI00007174,T0002364,P000019,1,32.28,32.28
TI00007175,T0002365,P000003,1,10.3,10.3
TI00007176,T0002365,P000018,3,32.67,98.01
TI00007177,T0002365,P000008,3,52.62,157.86
TI00007178,T0002365,P000010,4,43.23,172.92
TI00007179,T0002365,P000015,2,49.37,98.74
TI00007180,T0002366,P000005,3,49.07,147.21
TI00007181,T0002366,P000014,4,24.75,99.0
TI00007182,T0002366,P000011,3,19.19,57.57
TI00007183,T0002366,P000006,3,9.16,27.48
TI00007184,T0002366,P000004,4,39.36,157.44
TI00007185,T0002367,P000018,1,32.67,32.67
TI00007186,T0002367,P000013,1,13.19,13.19
TI00007187,T0002367,P000016,1,49.09,49.09
TI00007188,T0002367,P000010,2,43.23,86.46
TI00007189,T0002367,P000011,3,19.19,57.57
TI00007190,T0002368,P000003,1,10.3,10.3
TI00007191,T0002368,P000016,2,49.09,98.18
TI00007192,T0002368,P000009,3,33.09,99.27
TI00007193,T0002368,P000014,4,24.75,99.0
TI00007194,T0002369,P000009,4,33.09,132.36
TI00007195,T0002369,P000013,1,13.19,13.19
TI00007196,T0002370,P000008,3,52.62,157.86
TI00007197,T0002370,P000004,4,39.36,157.44
TI00007198,T0002370,P000013,2,13.19,26.38
TI00007199,T0002370,P000007,2,44.35,88.7
TI00007200,T0002371,P000014,2,24.75,49.5
TI00007201,T0002372,P000001,3,27.25,81.75
TI00007202,T0002372,P000002,2,56.39,112.78
TI00007203,T0002372,P000011,3,19.19,57.57
TI00007204,T0002372,P000013,3,13.19,39.57
TI00007205,T0002372,P000006,1,9.16,9.16
TI00007206,T0002373,P000013,1,13.19,13.19
TI00007207,T0002374,P000008,1,52.62,52.62
TI00007208,T0002374,P000010,3,43.23,129.69
TI00007209,T0002374,P000011,2,19.19,38.38
TI00007210,T0002374,P000007,3,44.35,133.05
TI00007211,T0002375,P000005,1,49.07,49.07
TI00007212,T0002375,P000014,2,24.75,49.5
TI00007213,T0002375,P000011,3,19.19,57.57
TI00007214,T0002375,P000016,2,49.09,98.18
TI00007215,T0002375,P000019,1,32.28,32.28
TI00007216,T0002376,P000001,2,27.25,54.5
TI00007217,T0002376,P000006,4,9.16,36.64
TI00007218,T0002376,P000009,4,33.09,132.36
TI00007219,T0002376,P000015,2,49.37,98.74
TI00007220,T0002376,P000008,2,52.62,105.24
TI00007221,T0002377,P000009,2,33.09,66.18
TI00007222,T0002378,P000015,3,49.37,148.11
TI00007223,T0002378,P000006,3,9.16,27.48
TI00007224,T0002379,P000004,1,39.36,39.36
TI00007225,T0002379,P000012,2,42.38,84.76
TI00007226,T0002379,P000013,3,13.19,39.57
TI00007227,T0002379,P000015,1,49.37,49.37
TI00007228,T0002380,P000015,2,49.37,98.74
TI00007229,T0002380,P000006,2,9.16,18.32
TI00007230,T0002380,P000020,2,58.91,117.82
TI00007231,T0002381,P000006,2,9.16,18.32
TI00007232,T0002381,P000005,2,49.07,98.14
TI00007233,T0002381,P000010,1,43.23,43.23
TI00007234,T0002381,P000003,1,10.3,10.3
TI00007235,T0002382,P000017,1,43.77,43.77
TI00007236,T0002382,P000012,2,42.38,84.76
TI00007237,T0002382,P000007,1,44.35,44.35
TI00007238,T0002383,P000020,3,58.91,176.73
TI00007239,T0002383,P000019,2,32.28,64.56
TI00007240,T0002383,P000010,4,43.23,172.92
TI00007241,T0002383,P000004,3,39.36,118.08
TI00007242,T0002383,P000008,4,52.62,210.48
TI00007243,T0002384,P000002,3,56.39,169.17
TI00007244,T0002384,P000009,4,33.09,132.36
TI00007245,T0002384,P000018,1,32.67,32.67
TI00007246,T0002384,P000001,4,27.25,109.0
TI00007247,T0002385,P000014,2,24.75,49.5
TI00007248,T0002385,P000010,4,43.23,172.92
TI00007249,T0002385,P000002,4,56.39,225.56
TI00007250,T0002385,P000012,4,42.38,169.52
TI00007251,T0002385,P000013,4,13.19,52.76
TI00007252,T0002386,P000019,4,32.28,129.12
TI00007253,T0002386,P000005,4,49.07,196.28
TI00007254,T0002386,P000012,2,42.38,84.76
TI00007255,T0002387,P000017,2,43.77,87.54
TI00007256,T0002387,P000014,1,24.75,24.75
TI00007257,T0002387,P000009,4,33.09,132.36
TI00007258,T0002387,P000012,1,42.38,42.38
TI00007259,T0002387,P000001,3,27.25,81.75
TI00007260,T0002388,P000018,1,32.67,32.67
TI00007261,T0002388,P000007,4,44.35,177.4
TI00007262,T0002389,P000007,4,44.35,177.4
TI00007263,T0002389,P000019,1,32.28,32.28
TI00007264,T0002389,P000016,4,49.09,196.36
TI00007265,T0002389,P000008,3,52.62,157.86
TI00007266,T0002390,P000003,2,10.3,20.6
TI00007267,T0002390,P000002,1,56.39,56.39
TI00007268,T0002390,P000004,1,39.36,39.36
TI00007269,T0002390,P000009,4,33.09,132.36
TI00007270,T0002390,P000001,4,27.25,109.0
TI00007271,T0002391,P000004,2,39.36,78.72
TI00007272,T0002391,P000010,4,43.23,172.92
TI00007273,T0002392,P000010,4,43.23,172.92
TI00007274,T0002392,P000002,3,56.39,169.17
TI00007275,T0002393,P000020,2,58.91,117.82
TI00007276,T0002393,P000005,3,49.07,147.21
TI00007277,T0002393,P000018,2,32.67,65.34
TI00007278,T0002393,P000002,4,56.39,225.56
TI00007279,T0002393,P000014,1,24.75,24.75
TI00007280,T0002394,P000003,1,10.3,10.3
TI00007281,T0002394,P000004,1,39.36,39.36
TI00007282,T0002394,P000020,3,58.91,176.73
TI00007283,T0002394,P000018,1,32.67,32.67
TI00007284,T0002394,P000016,1,49.09,49.09
TI00007285,T0002395,P000012,1,42.38,42.38
TI00007286,T0002396,P000006,1,9.16,9.16
TI00007287,T0002396,P000004,1,39.36,39.36
TI00007288,T0002396,P000013,1,13.19,13.19
TI00007289,T0002397,P000013,2,13.19,26.38
TI00007290,T0002397,P000006,2,9.16,18.32
TI00007291,T0002397,P000017,2,43.77,87.54
TI00007292,T0002397,P000015,4,49.37,197.48
TI00007293,T0002398,P000020,1,58.91,58.91
TI00007294,T0002398,P000015,3,49.37,148.11
TI00007295,T0002398,P000016,1,49.09,49.09
TI00007296,T0002398,P000002,4,56.39,225.56
TI00007297,T0002399,P000012,1,42.38,42.38
TI00007298,T0002399,P000013,3,13.19,39.57
TI00007299,T0002399,P000007,1,44.35,44.35
TI00007300,T0002399,P000015,4,49.37,197.48
TI00007301,T0002400,P000009,3,33.09,99.27
TI00007302,T0002400,P000005,4,49.07,196.28
TI00007303,T0002400,P000003,4,10.3,41.2
TI00007304,T0002401,P000009,3,33.09,99.27
TI00007305,T0002401,P000011,1,19.19,19.19
TI00007306,T0002402,P000019,1,32.28,32.28
TI00007307,T0002402,P000014,4,24.75,99.0
TI00007308,T0002403,P000014,4,24.75,99.0
TI00007309,T0002403,P000012,4,42.38,169.52
TI00007310,T0002404,P000011,4,19.19,76.76
TI00007311,T0002405,P000003,4,10.3,41.2
TI00007312,T0002405,P000016,4,49.09,196.36
TI00007313,T0002406,P000010,3,43.23,129.69
TI00007314,T0002406,P000006,2,9.16,18.32
TI00007315,T0002406,P000011,4,19.19,76.76
TI00007316,T0002406,P000014,4,24.75,99.0
TI00007317,T0002407,P000001,4,27.25,109.0
TI00007318,T0002408,P000002,3,56.39,169.17
TI00007319,T0002408,P000013,3,13.19,39.57
TI00007320,T0002408,P000009,2,33.09,66.18
TI00007321,T0002408,P000016,3,49.09,147.27
TI00007322,T0002409,P000005,1,49.07,49.07
TI00007323,T0002409,P000012,4,42.38,169.52
TI00007324,T0002409,P000010,2,43.23,86.46
TI00007325,T0002409,P000018,4,32.67,130.68
TI00007326,T0002409,P000016,1,49.09,49.09
TI00007327,T0002410,P000017,1,43.77,43.77
TI00007328,T0002410,P000015,2,49.37,98.74
TI00007329,T0002410,P000010,4,43.23,172.92
TI00007330,T0002410,P000018,1,32.67,32.67
TI00007331,T0002410,P000009,2,33.09,66.18
TI00007332,T0002411,P000011,4,19.19,76.76
TI00007333,T0002411,P000015,3,49.37,148.11
TI00007334,T0002411,P000008,4,52.62,210.48
TI00007335,T0002411,P000001,2,27.25,54.5
TI00007336,T0002411,P000009,4,33.09,132.36
TI00007337,T0002412,P000017,3,43.77,131.31
TI00007338,T0002412,P000013,3,13.19,39.57
TI00007339,T0002412,P000005,4,49.07,196.28
TI00007340,T0002412,P000009,1,33.09,33.09
TI00007341,T0002413,P000007,2,44.35,88.7
TI00007342,T0002413,P000017,4,43.77,175.08
TI00007343,T0002413,P000015,1,49.37,49.37
TI00007344,T0002413,P000012,3,42.38,127.14
TI00007345,T0002413,P000020,2,58.91,117.82
TI00007346,T0002414,P000019,3,32.28,96.84
TI00007347,T0002415,P000002,2,56.39,112.78
TI00007348,T0002415,P000014,4,24.75,99.0
TI00007349,T0002415,P000010,2,43.23,86.46
TI00007350,T0002415,P000007,4,44.35,177.4
TI00007351,T0002415,P000001,2,27.25,54.5
TI00007352,T0002416,P000003,1,10.3,10.3
TI00007353,T0002417,P000016,2,49.09,98.18
TI00007354,T0002417,P000005,2,49.07,98.14
TI00007355,T0002418,P000012,3,42.38,127.14
TI00007356,T0002418,P000002,3,56.39,169.17
TI00007357,T0002419,P000019,4,32.28,129.12
TI00007358,T0002419,P000012,3,42.38,127.14
TI00007359,T0002419,P000007,2,44.35,88.7
TI00007360,T0002420,P000011,3,19.19,57.57
TI00007361,T0002421,P000001,1,27.25,27.25
TI00007362,T0002422,P000009,3,33.09,99.27
TI00007363,T0002422,P000007,3,44.35,133.05
TI00007364,T0002423,P000011,3,19.19,57.57
TI00007365,T0002423,P000020,3,58.91,176.73
TI00007366,T0002423,P000018,4,32.67,130.68
TI00007367,T0002424,P000014,3,24.75,74.25
TI00007368,T0002424,P000012,3,42.38,127.14
TI00007369,T0002424,P000020,1,58.91,58.91
TI00007370,T0002425,P000002,1,56.39,56.39
TI00007371,T0002425,P000020,2,58.91,117.82
TI00007372,T0002425,P000010,3,43.23,129.69
TI00007373,T0002426,P000003,1,10.3,10.3
TI00007374,T0002427,P000004,4,39.36,157.44
TI00007375,T0002427,P000009,3,33.09,99.27
TI00007376,T0002428,P000005,2,49.07,98.14
TI00007377,T0002428,P000016,2,49.09,98.18
TI00007378,T0002428,P000008,4,52.62,210.48
TI00007379,T0002429,P000020,2,58.91,117.82
TI00007380,T0002429,P000009,1,33.09,33.09
TI00007381,T0002430,P000011,3,19.19,57.57
TI00007382,T0002430,P000002,4,56.39,225.56
TI00007383,T0002431,P000013,1,13.19,13.19
TI00007384,T0002431,P000001,1,27.25,27.25
TI00007385,T0002432,P000011,2,19.19,38.38
TI00007386,T0002432,P000002,2,56.39,112.78
TI00007387,T0002432,P000019,2,32.28,64.56
TI00007388,T0002432,P000013,1,13.19,13.19
TI00007389,T0002432,P000005,2,49.07,98.14
TI00007390,T0002433,P000009,1,33.09,33.09
TI00007391,T0002433,P000016,1,49.09,49.09
TI00007392,T0002433,P000020,1,58.91,58.91
TI00007393,T0002433,P000002,3,56.39,169.17
TI00007394,T0002434,P000003,2,10.3,20.6
TI00007395,T0002434,P000020,4,58.91,235.64
TI00007396,T0002434,P000004,2,39.36,78.72
TI00007397,T0002434,P000005,4,49.07,196.28
TI00007398,T0002435,P000013,3,13.19,39.57
TI00007399,T0002435,P000015,2,49.37,98.74
TI00007400,T0002436,P000008,3,52.62,157.86
TI00007401,T0002436,P000016,4,49.09,196.36
TI00007402,T0002436,P000013,2,13.19,26.38
TI00007403,T0002437,P000007,1,44.35,44.35
TI00007404,T0002437,P000004,3,39.36,118.08
TI00007405,T0002438,P000010,3,43.23,129.69
TI00007406,T0002438,P000016,4,49.09,196.36
TI00007407,T0002438,P000002,4,56.39,225.56
TI00007408,T0002439,P000018,2,32.67,65.34
TI00007409,T0002439,P000002,1,56.39,56.39
TI00007410,T0002440,P000015,4,49.37,197.48
TI00007411,T0002440,P000002,1,56.39,56.39
TI00007412,T0002440,P000010,2,43.23,86.46
TI00007413,T0002440,P000005,1,49.07,49.07
TI00007414,T0002441,P000001,2,27.25,54.5
TI00007415,T0002441,P000019,1,32.28,32.28
TI00007416,T0002441,P000005,4,49.07,196.28
TI00007417,T0002441,P000012,2,42.38,84.76
TI00007418,T0002441,P000020,4,58.91,235.64
TI00007419,T0002442,P000019,2,32.28,64.56
TI00007420,T0002442,P000009,1,33.09,33.09
TI00007421,T0002442,P000015,2,49.37,98.74
TI00007422,T0002442,P000016,3,49.09,147.27
TI00007423,T0002442,P000004,4,39.36,157.44
TI00007424,T0002443,P000013,2,13.19,26.38
TI00007425,T0002443,P000020,3,58.91,176.73
TI00007426,T0002443,P000017,3,43.77,131.31
TI00007427,T0002443,P000008,2,52.62,105.24
TI00007428,T0002443,P000009,4,33.09,132.36
TI00007429,T0002444,P000016,1,49.09,49.09
TI00007430,T0002445,P000001,1,27.25,27.25
TI00007431,T0002446,P000003,1,10.3,10.3
TI00007432,T0002446,P000012,2,42.38,84.76
TI00007433,T0002446,P000005,4,49.07,196.28
TI00007434,T0002446,P000016,4,49.09,196.36
TI00007435,T0002446,P000017,1,43.77,43.77
TI00007436,T0002447,P000014,4,24.75,99.0
TI00007437,T0002448,P000011,1,19.19,19.19
TI00007438,T0002448,P000019,4,32.28,129.12
TI00007439,T0002448,P000005,1,49.07,49.07
TI00007440,T0002448,P000008,3,52.62,157.86
TI00007441,T0002449,P000017,3,43.77,131.31
TI00007442,T0002449,P000013,4,13.19,52.76
TI00007443,T0002449,P000011,3,19.19,57.57
TI00007444,T0002449,P000018,3,32.67,98.01
TI00007445,T0002450,P000020,1,58.91,58.91
TI00007446,T0002450,P000011,2,19.19,38.38
TI00007447,T0002450,P000019,3,32.28,96.84
TI00007448,T0002450,P000018,2,32.67,65.34
TI00007449,T0002451,P000010,1,43.23,43.23
TI00007450,T0002452,P000015,3,49.37,148.11
TI00007451,T0002452,P000008,1,52.62,52.62
TI00007452,T0002452,P000011,1,19.19,19.19
TI00007453,T0002452,P000009,4,33.09,132.36
TI00007454,T0002452,P000002,3,56.39,169.17
TI00007455,T0002453,P000006,1,9.16,9.16
TI00007456,T0002453,P000004,2,39.36,78.72
TI00007457,T0002453,P000019,4,32.28,129.12
TI00007458,T0002454,P000018,3,32.67,98.01
TI00007459,T0002454,P000004,1,39.36,39.36
TI00007460,T0002454,P000010,3,43.23,129.69
TI00007461,T0002454,P000013,1,13.19,13.19
TI00007462,T0002454,P000008,1,52.62,52.62
TI00007463,T0002455,P000009,1,33.09,33.09
TI00007464,T0002455,P000012,2,42.38,84.76
TI00007465,T0002455,P000014,2,24.75,49.5
TI00007466,T0002455,P000008,1,52.62,52.62
TI00007467,T0002456,P000008,3,52.62,157.86
TI00007468,T0002456,P000013,3,13.19,39.57
TI00007469,T0002456,P000014,2,24.75,49.5
TI00007470,T0002456,P000004,4,39.36,157.44
TI00007471,T0002457,P000003,2,10.3,20.6
TI00007472,T0002457,P000019,3,32.28,96.84
TI00007473,T0002457,P000011,1,19.19,19.19
TI00007474,T0002457,P000010,4,43.23,172.92
TI00007475,T0002458,P000010,3,43.23,129.69
TI00007476,T0002458,P000014,2,24.75,49.5
TI00007477,T0002458,P000019,3,32.28,96.84
TI00007478,T0002459,P000007,2,44.35,88.7
TI00007479,T0002459,P000016,1,49.09,49.09
TI00007480,T0002459,P000012,4,42.38,169.52
TI00007481,T0002460,P000010,1,43.23,43.23
TI00007482,T0002460,P000013,1,13.19,13.19
TI00007483,T0002460,P000015,3,49.37,148.11
TI00007484,T0002460,P000005,2,49.07,98.14
TI00007485,T0002460,P000017,4,43.77,175.08
TI00007486,T0002461,P000020,4,58.91,235.64
TI00007487,T0002462,P000015,1,49.37,49.37
TI00007488,T0002462,P000012,2,42.38,84.76
TI00007489,T0002462,P000019,1,32.28,32.28
TI00007490,T0002462,P000004,2,39.36,78.72
TI00007491,T0002463,P000011,1,19.19,19.19
TI00007492,T0002464,P000009,1,33.09,33.09
TI00007493,T0002464,P000004,4,39.36,157.44
TI00007494,T0002464,P000018,1,32.67,32.67
TI00007495,T0002464,P000001,4,27.25,109.0
TI00007496,T0002464,P000016,2,49.09,98.18
TI00007497,T0002465,P000001,3,27.25,81.75
TI00007498,T0002465,P000008,2,52.62,105.24
TI00007499,T0002466,P000019,3,32.28,96.84
TI00007500,T0002466,P000004,3,39.36,118.08
TI00007501,T0002467,P000009,3,33.09,99.27
TI00007502,T0002467,P000006,3,9.16,27.48
TI00007503,T0002467,P000014,2,24.75,49.5
TI00007504,T0002467,P000016,2,49.09,98.18
TI00007505,T0002467,P000013,1,13.19,13.19
TI00007506,T0002468,P000018,3,32.67,98.01
TI00007507,T0002468,P000010,3,43.23,129.69
TI00007508,T0002468,P000011,4,19.19,76.76
TI00007509,T0002468,P000012,2,42.38,84.76
TI00007510,T0002468,P000020,3,58.91,176.73
TI00007511,T0002469,P000017,3,43.77,131.31
TI00007512,T0002469,P000013,3,13.19,39.57
TI00007513,T0002469,P000005,4,49.07,196.28
TI00007514,T0002469,P000009,4,33.09,132.36
TI00007515,T0002469,P000020,1,58.91,58.91
TI00007516,T0002470,P000019,1,32.28,32.28
TI00007517,T0002470,P000001,3,27.25,81.75
TI00007518,T0002470,P000006,4,9.16,36.64
TI00007519,T0002470,P000008,4,52.62,210.48
TI00007520,T0002471,P000019,1,32.28,32.28
TI00007521,T0002472,P000020,1,58.91,58.91
TI00007522,T0002472,P000002,3,56.39,169.17
TI00007523,T0002472,P000004,4,39.36,157.44
TI00007524,T0002472,P000013,3,13.19,39.57
TI00007525,T0002472,P000011,2,19.19,38.38
TI00007526,T0002473,P000012,1,42.38,42.38
TI00007527,T0002473,P000002,4,56.39,225.56
TI00007528,T0002473,P000001,3,27.25,81.75
TI00007529,T0002473,P000016,3,49.09,147.27
TI00007530,T0002473,P000003,4,10.3,41.2
TI00007531,T0002474,P000013,3,13.19,39.57
TI00007532,T0002475,P000012,1,42.38,42.38
TI00007533,T0002475,P000009,1,33.09,33.09
TI00007534,T0002475,P000014,3,24.75,74.25
TI00007535,T0002475,P000005,4,49.07,196.28
TI00007536,T0002475,P000019,2,32.28,64.56
TI00007537,T0002476,P000009,1,33.09,33.09
TI00007538,T0002476,P000018,3,32.67,98.01
TI00007539,T0002476,P000015,2,49.37,98.74
TI00007540,T0002477,P000006,1,9.16,9.16
TI00007541,T0002477,P000005,3,49.07,147.21
TI00007542,T0002477,P000019,3,32.28,96.84
TI00007543,T0002478,P000007,4,44.35,177.4
TI00007544,T0002478,P000012,3,42.38,127.14
TI00007545,T0002478,P000020,4,58.91,235.64
TI00007546,T0002479,P000016,4,49.09,196.36
TI00007547,T0002479,P000005,2,49.07,98.14
TI00007548,T0002479,P000017,3,43.77,131.31
TI00007549,T0002480,P000013,1,13.19,13.19
TI00007550,T0002480,P000001,2,27.25,54.5
TI00007551,T0002480,P000015,4,49.37,197.48
TI00007552,T0002481,P000020,4,58.91,235.64
TI00007553,T0002482,P000011,1,19.19,19.19
TI00007554,T0002482,P000020,1,58.91,58.91
TI00007555,T0002482,P000002,1,56.39,56.39
TI00007556,T0002483,P000015,3,49.37,148.11
TI00007557,T0002483,P000005,2,49.07,98.14
TI00007558,T0002484,P000003,1,10.3,10.3
TI00007559,T0002484,P000020,3,58.91,176.73
TI00007560,T0002484,P000001,2,27.25,54.5
TI00007561,T0002484,P000017,3,43.77,131.31
TI00007562,T0002484,P000016,3,49.09,147.27
TI00007563,T0002485,P000006,2,9.16,18.32
TI00007564,T0002485,P000004,4,39.36,157.44
TI00007565,T0002485,P000013,4,13.19,52.76
TI00007566,T0002485,P000009,4,33.09,132.36
TI00007567,T0002485,P000014,4,24.75,99.0
TI00007568,T0002486,P000019,1,32.28,32.28
TI00007569,T0002486,P000008,2,52.62,105.24
TI00007570,T0002486,P000018,4,32.67,130.68
TI00007571,T0002487,P000016,2,49.09,98.18
TI00007572,T0002487,P000002,4,56.39,225.56
TI00007573,T0002487,P000018,3,32.67,98.01
TI00007574,T0002488,P000019,2,32.28,64.56
TI00007575,T0002488,P000020,4,58.91,235.64
TI00007576,T0002489,P000003,2,10.3,20.6
TI00007577,T0002490,P000011,2,19.19,38.38
TI00007578,T0002490,P000006,2,9.16,18.32
TI00007579,T0002491,P000012,1,42.38,42.38
TI00007580,T0002491,P000016,1,49.09,49.09
TI00007581,T0002491,P000006,2,9.16,18.32
TI00007582,T0002491,P000017,2,43.77,87.54
TI00007583,T0002492,P000007,1,44.35,44.35
TI00007584,T0002493,P000009,1,33.09,33.09
TI00007585,T0002494,P000018,2,32.67,65.34
TI00007586,T0002495,P000010,2,43.23,86.46
TI00007587,T0002496,P000020,1,58.91,58.91
TI00007588,T0002496,P000009,1,33.09,33.09
TI00007589,T0002496,P000003,1,10.3,10.3
TI00007590,T0002496,P000016,1,49.09,49.09
TI00007591,T0002497,P000010,2,43.23,86.46
TI00007592,T0002497,P000020,1,58.91,58.91
TI00007593,T0002497,P000011,1,19.19,19.19
TI00007594,T0002497,P000017,2,43.77,87.54
TI00007595,T0002498,P000017,1,43.77,43.77
TI00007596,T0002498,P000010,3,43.23,129.69
TI00007597,T0002498,P000016,3,49.09,147.27
TI00007598,T0002498,P000019,4,32.28,129.12
TI00007599,T0002499,P000015,2,49.37,98.74
TI00007600,T0002499,P000003,2,10.3,20.6
TI00007601,T0002500,P000007,2,44.35,88.7
TI00007602,T0002500,P000003,3,10.3,30.9
TI00007603,T0002500,P000008,4,52.62,210.48
TI00007604,T0002500,P000018,4,32.67,130.68
TI00007605,T0002500,P000015,1,49.37,49.37
TI00007606,T0002501,P000018,3,32.67,98.01
TI00007607,T0002501,P000003,4,10.3,41.2
TI00007608,T0002501,P000009,1,33.09,33.09
TI00007609,T0002502,P000019,4,32.28,129.12
TI00007610,T0002502,P000007,4,44.35,177.4
TI00007611,T0002502,P000013,3,13.19,39.57
TI00007612,T0002502,P000020,2,58.91,117.82
TI00007613,T0002503,P000015,1,49.37,49.37
TI00007614,T0002503,P000019,1,32.28,32.28
TI00007615,T0002503,P000007,2,44.35,88.7
TI00007616,T0002503,P000001,3,27.25,81.75
TI00007617,T0002503,P000009,1,33.09,33.09
TI00007618,T0002504,P000011,3,19.19,57.57
TI00007619,T0002505,P000005,2,49.07,98.14
TI00007620,T0002505,P000002,3,56.39,169.17
TI00007621,T0002505,P000019,1,32.28,32.28
TI00007622,T0002505,P000013,1,13.19,13.19
TI00007623,T0002505,P000018,3,32.67,98.01
TI00007624,T0002506,P000014,2,24.75,49.5
TI00007625,T0002506,P000013,3,13.19,39.57
TI00007626,T0002507,P000014,2,24.75,49.5
TI00007627,T0002507,P000008,4,52.62,210.48
TI00007628,T0002508,P000007,2,44.35,88.7
TI00007629,T0002509,P000020,3,58.91,176.73
TI00007630,T0002509,P000019,1,32.28,32.28
TI00007631,T0002510,P000002,3,56.39,169.17
TI00007632,T0002510,P000013,2,13.19,26.38
TI00007633,T0002510,P000016,2,49.09,98.18
TI00007634,T0002511,P000019,3,32.28,96.84
TI00007635,T0002511,P000017,4,43.77,175.08
TI00007636,T0002511,P000006,2,9.16,18.32
TI00007637,T0002511,P000016,2,49.09,98.18
TI00007638,T0002511,P000002,3,56.39,169.17
TI00007639,T0002512,P000019,1,32.28,32.28
TI00007640,T0002513,P000020,2,58.91,117.82
TI00007641,T0002513,P000008,2,52.62,105.24
TI00007642,T0002514,P000020,3,58.91,176.73
TI00007643,T0002514,P000016,1,49.09,49.09
TI00007644,T0002514,P000008,1,52.62,52.62
TI00007645,T0002514,P000005,1,49.07,49.07
TI00007646,T0002515,P000020,3,58.91,176.73
TI00007647,T0002516,P000011,1,19.19,19.19
TI00007648,T0002517,P000003,3,10.3,30.9
TI00007649,T0002517,P000007,1,44.35,44.35
TI00007650,T0002518,P000002,4,56.39,225.56
TI00007651,T0002518,P000011,4,19.19,76.76
TI00007652,T0002518,P000014,1,24.75,24.75
TI00007653,T0002519,P000001,1,27.25,27.25
TI00007654,T0002519,P000005,3,49.07,147.21
TI00007655,T0002519,P000017,4,43.77,175.08
TI00007656,T0002520,P000010,4,43.23,172.92
TI00007657,T0002521,P000019,1,32.28,32.28
TI00007658,T0002521,P000011,3,19.19,57.57
TI00007659,T0002522,P000020,2,58.91,117.82
TI00007660,T0002522,P000002,1,56.39,56.39
TI00007661,T0002522,P000011,4,19.19,76.76
TI00007662,T0002522,P000006,3,9.16,27.48
TI00007663,T0002523,P000010,1,43.23,43.23
TI00007664,T0002523,P000020,2,58.91,117.82
TI00007665,T0002524,P000005,1,49.07,49.07
TI00007666,T0002524,P000003,2,10.3,20.6
TI00007667,T0002524,P000014,2,24.75,49.5
TI00007668,T0002524,P000015,1,49.37,49.37
TI00007669,T0002524,P000019,3,32.28,96.84
TI00007670,T0002525,P000020,3,58.91,176.73
TI00007671,T0002526,P000007,4,44.35,177.4
TI00007672,T0002526,P000001,1,27.25,27.25
TI00007673,T0002526,P000019,2,32.28,64.56
TI00007674,T0002526,P000020,1,58.91,58.91
TI00007675,T0002526,P000004,1,39.36,39.36
TI00007676,T0002527,P000009,2,33.09,66.18
TI00007677,T0002527,P000005,2,49.07,98.14
TI00007678,T0002527,P000004,1,39.36,39.36
TI00007679,T0002528,P000005,4,49.07,196.28
TI00007680,T0002528,P000012,2,42.38,84.76
TI00007681,T0002529,P000011,2,19.19,38.38
TI00007682,T0002529,P000012,4,42.38,169.52
TI00007683,T0002529,P000013,2,13.19,26.38
TI00007684,T0002529,P000001,2,27.25,54.5
TI00007685,T0002529,P000007,4,44.35,177.4
TI00007686,T0002530,P000011,4,19.19,76.76
TI00007687,T0002530,P000002,3,56.39,169.17
TI00007688,T0002530,P000007,1,44.35,44.35
TI00007689,T0002531,P000003,4,10.3,41.2
TI00007690,T0002531,P000007,4,44.35,177.4
TI00007691,T0002531,P000005,3,49.07,147.21
TI00007692,T0002532,P000006,2,9.16,18.32
TI00007693,T0002532,P000002,4,56.39,225.56
TI00007694,T0002532,P000015,1,49.37,49.37
TI00007695,T0002532,P000007,3,44.35,133.05
TI00007696,T0002532,P000020,1,58.91,58.91
TI00007697,T0002533,P000015,2,49.37,98.74
TI00007698,T0002533,P000009,3,33.09,99.27
TI00007699,T0002533,P000019,3,32.28,96.84
TI00007700,T0002534,P000004,4,39.36,157.44
TI00007701,T0002534,P000009,4,33.09,132.36
TI00007702,T0002534,P000007,2,44.35,88.7
TI00007703,T0002534,P000020,2,58.91,117.82
TI00007704,T0002535,P000011,4,19.19,76.76
TI00007705,T0002535,P000019,3,32.28,96.84
TI00007706,T0002535,P000002,2,56.39,112.78
TI00007707,T0002535,P000003,3,10.3,30.9
TI00007708,T0002535,P000007,2,44.35,88.7
TI00007709,T0002536,P000002,4,56.39,225.56
TI00007710,T0002536,P000019,2,32.28,64.56
TI00007711,T0002536,P000018,2,32.67,65.34
TI00007712,T0002537,P000015,4,49.37,197.48
TI00007713,T0002538,P000017,2,43.77,87.54
TI00007714,T0002538,P000005,4,49.07,196.28
TI00007715,T0002538,P000013,2,13.19,26.38
TI00007716,T0002538,P000001,1,27.25,27.25
TI00007717,T0002539,P000005,4,49.07,196.28
TI00007718,T0002539,P000013,4,13.19,52.76
TI00007719,T0002539,P000012,1,42.38,42.38
TI00007720,T0002539,P000009,1,33.09,33.09
TI00007721,T0002540,P000004,1,39.36,39.36
TI00007722,T0002541,P000008,1,52.62,52.62
TI00007723,T0002541,P000006,1,9.16,9.16
TI00007724,T0002541,P000014,1,24.75,24.75
TI00007725,T0002542,P000016,2,49.09,98.18
TI00007726,T0002542,P000010,1,43.23,43.23
TI00007727,T0002542,P000013,4,13.19,52.76
TI00007728,T0002542,P000007,2,44.35,88.7
TI00007729,T0002542,P000011,2,19.19,38.38
TI00007730,T0002543,P000001,3,27.25,81.75
TI00007731,T0002544,P000009,1,33.09,33.09
TI00007732,T0002544,P000017,2,43.77,87.54
TI00007733,T0002545,P000004,2,39.36,78.72
TI00007734,T0002546,P000019,1,32.28,32.28
TI00007735,T0002547,P000009,1,33.09,33.09
TI00007736,T0002547,P000005,3,49.07,147.21
TI00007737,T0002547,P000012,4,42.38,169.52
TI00007738,T0002547,P000003,3,10.3,30.9
TI00007739,T0002547,P000016,2,49.09,98.18
TI00007740,T0002548,P000002,2,56.39,112.78
TI00007741,T0002548,P000020,1,58.91,58.91
TI00007742,T0002548,P000012,3,42.38,127.14
TI00007743,T0002548,P000006,4,9.16,36.64
TI00007744,T0002549,P000007,2,44.35,88.7
TI00007745,T0002549,P000011,3,19.19,57.57
TI00007746,T0002549,P000014,2,24.75,49.5
TI00007747,T0002549,P000008,2,52.62,105.24
TI00007748,T0002549,P000006,1,9.16,9.16
TI00007749,T0002550,P000008,2,52.62,105.24
TI00007750,T0002550,P000005,1,49.07,49.07
TI00007751,T0002550,P000014,3,24.75,74.25
TI00007752,T0002551,P000017,4,43.77,175.08
TI00007753,T0002551,P000015,3,49.37,148.11
TI00007754,T0002551,P000012,4,42.38,169.52
TI00007755,T0002551,P000010,3,43.23,129.69
TI00007756,T0002551,P000003,3,10.3,30.9
TI00007757,T0002552,P000001,1,27.25,27.25
TI00007758,T0002553,P000015,2,49.37,98.74
TI00007759,T0002553,P000018,4,32.67,130.68
TI00007760,T0002553,P000017,4,43.77,175.08
TI00007761,T0002553,P000012,3,42.38,127.14
TI00007762,T0002554,P000003,4,10.3,41.2
TI00007763,T0002555,P000016,1,49.09,49.09
TI00007764,T0002555,P000001,2,27.25,54.5
TI00007765,T0002555,P000002,4,56.39,225.56
TI00007766,T0002555,P000008,4,52.62,210.48
TI00007767,T0002555,P000010,1,43.23,43.23
TI00007768,T0002556,P000013,1,13.19,13.19
TI00007769,T0002556,P000002,2,56.39,112.78
TI00007770,T0002556,P000020,4,58.91,235.64
TI00007771,T0002556,P000003,2,10.3,20.6
TI00007772,T0002556,P000014,3,24.75,74.25
TI00007773,T0002557,P000003,1,10.3,10.3
TI00007774,T0002557,P000017,4,43.77,175.08
TI00007775,T0002557,P000011,3,19.19,57.57
TI00007776,T0002558,P000002,3,56.39,169.17
TI00007777,T0002558,P000016,4,49.09,196.36
TI00007778,T0002558,P000010,4,43.23,172.92
TI00007779,T0002558,P000017,1,43.77,43.77
TI00007780,T0002559,P000017,1,43.77,43.77
TI00007781,T0002559,P000003,3,10.3,30.9
TI00007782,T0002560,P000016,3,49.09,147.27
TI00007783,T0002560,P000003,3,10.3,30.9
TI00007784,T0002560,P000011,4,19.19,76.76
TI00007785,T0002560,P000014,4,24.75,99.0
TI00007786,T0002561,P000005,4,49.07,196.28
TI00007787,T0002561,P000008,3,52.62,157.86
TI00007788,T0002562,P000003,2,10.3,20.6
TI00007789,T0002562,P000010,3,43.23,129.69
TI00007790,T0002562,P000013,4,13.19,52.76
TI00007791,T0002562,P000015,4,49.37,197.48
TI00007792,T0002563,P000015,2,49.37,98.74
TI00007793,T0002563,P000010,2,43.23,86.46
TI00007794,T0002563,P000011,1,19.19,19.19
TI00007795,T0002563,P000007,4,44.35,177.4
TI00007796,T0002563,P000001,1,27.25,27.25
TI00007797,T0002564,P000014,1,24.75,24.75
TI00007798,T0002564,P000017,3,43.77,131.31
TI00007799,T0002565,P000014,2,24.75,49.5
TI00007800,T0002565,P000013,4,13.19,52.76
TI00007801,T0002566,P000002,3,56.39,169.17
TI00007802,T0002566,P000006,2,9.16,18.32
TI00007803,T0002566,P000017,4,43.77,175.08
TI00007804,T0002566,P000004,1,39.36,39.36
TI00007805,T0002567,P000016,4,49.09,196.36
TI00007806,T0002567,P000011,4,19.19,76.76
TI00007807,T0002567,P000001,4,27.25,109.0
TI00007808,T0002567,P000010,2,43.23,86.46
TI00007809,T0002568,P000012,1,42.38,42.38
TI00007810,T0002569,P000017,2,43.77,87.54
TI00007811,T0002569,P000013,3,13.19,39.57
TI00007812,T0002569,P000002,4,56.39,225.56
TI00007813,T0002570,P000006,1,9.16,9.16
TI00007814,T0002570,P000001,2,27.25,54.5
TI00007815,T0002570,P000003,4,10.3,41.2
TI00007816,T0002571,P000010,4,43.23,172.92
TI00007817,T0002571,P000002,1,56.39,56.39
TI00007818,T0002571,P000018,1,32.67,32.67
TI00007819,T0002572,P000004,2,39.36,78.72
TI00007820,T0002572,P000002,4,56.39,225.56
TI00007821,T0002573,P000005,1,49.07,49.07
TI00007822,T0002573,P000007,2,44.35,88.7
TI00007823,T0002573,P000016,3,49.09,147.27
TI00007824,T0002573,P000010,3,43.23,129.69
TI00007825,T0002573,P000006,2,9.16,18.32
TI00007826,T0002574,P000012,1,42.38,42.38
TI00007827,T0002574,P000007,4,44.35,177.4
TI00007828,T0002575,P000003,2,10.3,20.6
TI00007829,T0002575,P000007,3,44.35,133.05
TI00007830,T0002575,P000002,4,56.39,225.56
TI00007831,T0002576,P000018,1,32.67,32.67
TI00007832,T0002576,P000015,3,49.37,148.11
TI00007833,T0002576,P000009,2,33.09,66.18
TI00007834,T0002576,P000006,1,9.16,9.16
TI00007835,T0002577,P000008,1,52.62,52.62
TI00007836,T0002577,P000002,3,56.39,169.17
TI00007837,T0002577,P000001,1,27.25,27.25
TI00007838,T0002577,P000006,4,9.16,36.64
TI00007839,T0002578,P000015,1,49.37,49.37
TI00007840,T0002579,P000014,4,24.75,99.0
TI00007841,T0002579,P000012,3,42.38,127.14
TI00007842,T0002579,P000007,1,44.35,44.35
TI00007843,T0002579,P000010,3,43.23,129.69
TI00007844,T0002579,P000008,2,52.62,105.24
TI00007845,T0002580,P000012,2,42.38,84.76
TI00007846,T0002580,P000019,1,32.28,32.28
TI00007847,T0002580,P000018,4,32.67,130.68
TI00007848,T0002580,P000006,1,9.16,9.16
TI00007849,T0002580,P000015,2,49.37,98.74
TI00007850,T0002581,P000010,4,43.23,172.92
TI00007851,T0002581,P000005,2,49.07,98.14
TI00007852,T0002582,P000016,4,49.09,196.36
TI00007853,T0002582,P000002,3,56.39,169.17
TI00007854,T0002582,P000007,3,44.35,133.05
TI00007855,T0002582,P000014,1,24.75,24.75
TI00007856,T0002582,P000005,2,49.07,98.14
TI00007857,T0002583,P000007,4,44.35,177.4
TI00007858,T0002583,P000006,1,9.16,9.16
TI00007859,T0002584,P000014,4,24.75,99.0
TI00007860,T0002584,P000011,3,19.19,57.57
TI00007861,T0002584,P000018,2,32.67,65.34
TI00007862,T0002584,P000009,2,33.09,66.18
TI00007863,T0002584,P000019,4,32.28,129.12
TI00007864,T0002585,P000009,4,33.09,132.36
TI00007865,T0002585,P000002,4,56.39,225.56
TI00007866,T0002585,P000003,1,10.3,10.3
TI00007867,T0002585,P000006,3,9.16,27.48
TI00007868,T0002585,P000007,4,44.35,177.4
TI00007869,T0002586,P000008,4,52.62,210.48
TI00007870,T0002586,P000017,3,43.77,131.31
TI00007871,T0002587,P000014,2,24.75,49.5
TI00007872,T0002587,P000011,1,19.19,19.19
TI00007873,T0002587,P000008,1,52.62,52.62
TI00007874,T0002588,P000007,1,44.35,44.35
TI00007875,T0002588,P000019,1,32.28,32.28
TI00007876,T0002588,P000017,2,43.77,87.54
TI00007877,T0002588,P000008,1,52.62,52.62
TI00007878,T0002588,P000003,3,10.3,30.9
TI00007879,T0002589,P000020,2,58.91,117.82
TI00007880,T0002590,P000009,2,33.09,66.18
TI00007881,T0002590,P000007,1,44.35,44.35
TI00007882,T0002590,P000001,4,27.25,109.0
TI00007883,T0002590,P000018,4,32.67,130.68
TI00007884,T0002591,P000004,4,39.36,157.44
TI00007885,T0002592,P000009,4,33.09,132.36
TI00007886,T0002593,P000004,2,39.36,78.72
TI00007887,T0002593,P000012,2,42.38,84.76
TI00007888,T0002594,P000020,3,58.91,176.73
TI00007889,T0002594,P000007,2,44.35,88.7
TI00007890,T0002594,P000011,2,19.19,38.38
TI00007891,T0002595,P000004,2,39.36,78.72
TI00007892,T0002595,P000015,2,49.37,98.74
TI00007893,T0002596,P000009,2,33.09,66.18
TI00007894,T0002596,P000010,2,43.23,86.46
TI00007895,T0002597,P000016,2,49.09,98.18
TI00007896,T0002597,P000017,3,43.77,131.31
TI00007897,T0002597,P000001,4,27.25,109.0
TI00007898,T0002597,P000019,2,32.28,64.56
TI00007899,T0002598,P000007,3,44.35,133.05
TI00007900,T0002598,P000003,1,10.3,10.3
TI00007901,T0002598,P000002,4,56.39,225.56
TI00007902,T0002599,P000011,3,19.19,57.57
TI00007903,T0002599,P000015,2,49.37,98.74
TI00007904,T0002599,P000012,2,42.38,84.76
TI00007905,T0002600,P000002,1,56.39,56.39
TI00007906,T0002600,P000016,2,49.09,98.18
TI00007907,T0002600,P000007,2,44.35,88.7
TI00007908,T0002600,P000014,3,24.75,74.25
TI00007909,T0002600,P000004,2,39.36,78.72
TI00007910,T0002601,P000018,1,32.67,32.67
TI00007911,T0002601,P000016,1,49.09,49.09
TI00007912,T0002601,P000011,3,19.19,57.57
TI00007913,T0002601,P000005,4,49.07,196.28
TI00007914,T0002601,P000014,1,24.75,24.75
TI00007915,T0002602,P000006,3,9.16,27.48
TI00007916,T0002602,P000015,4,49.37,197.48
TI00007917,T0002603,P000009,1,33.09,33.09
TI00007918,T0002603,P000015,2,49.37,98.74
TI00007919,T0002603,P000012,2,42.38,84.76
TI00007920,T0002603,P000006,2,9.16,18.32
TI00007921,T0002603,P000010,4,43.23,172.92
TI00007922,T0002604,P000009,2,33.09,66.18
TI00007923,T0002604,P000001,4,27.25,109.0
TI00007924,T0002604,P000017,3,43.77,131.31
TI00007925,T0002604,P000014,4,24.75,99.0
TI00007926,T0002604,P000016,1,49.09,49.09
TI00007927,T0002605,P000003,4,10.3,41.2
TI00007928,T0002605,P000008,4,52.62,210.48
TI00007929,T0002605,P000012,3,42.38,127.14
TI00007930,T0002606,P000009,1,33.09,33.09
TI00007931,T0002607,P000001,2,27.25,54.5
TI00007932,T0002607,P000020,3,58.91,176.73
TI00007933,T0002607,P000011,4,19.19,76.76
TI00007934,T0002607,P000015,4,49.37,197.48
TI00007935,T0002608,P000019,1,32.28,32.28
TI00007936,T0002608,P000007,4,44.35,177.4
TI00007937,T0002608,P000004,1,39.36,39.36
TI00007938,T0002609,P000011,3,19.19,57.57
TI00007939,T0002610,P000012,3,42.38,127.14
TI00007940,T0002611,P000001,4,27.25,109.0
TI00007941,T0002611,P000011,3,19.19,57.57
TI00007942,T0002611,P000014,1,24.75,24.75
TI00007943,T0002611,P000018,3,32.67,98.01
TI00007944,T0002611,P000007,1,44.35,44.35
TI00007945,T0002612,P000008,3,52.62,157.86
TI00007946,T0002613,P000001,4,27.25,109.0
TI00007947,T0002613,P000002,2,56.39,112.78
TI00007948,T0002613,P000016,2,49.09,98.18
TI00007949,T0002614,P000007,1,44.35,44.35
TI00007950,T0002615,P000015,3,49.37,148.11
TI00007951,T0002615,P000019,2,32.28,64.56
TI00007952,T0002615,P000017,4,43.77,175.08
TI00007953,T0002616,P000013,4,13.19,52.76
TI00007954,T0002617,P000017,4,43.77,175.08
TI00007955,T0002618,P000017,1,43.77,43.77
TI00007956,T0002618,P000016,3,49.09,147.27
TI00007957,T0002618,P000015,2,49.37,98.74
TI00007958,T0002619,P000003,3,10.3,30.9
TI00007959,T0002619,P000004,3,39.36,118.08
TI00007960,T0002619,P000013,3,13.19,39.57
TI00007961,T0002619,P000008,3,52.62,157.86
TI00007962,T0002619,P000001,1,27.25,27.25
TI00007963,T0002620,P000007,4,44.35,177.4
TI00007964,T0002620,P000011,2,19.19,38.38
TI00007965,T0002620,P000003,4,10.3,41.2
TI00007966,T0002620,P000010,3,43.23,129.69
TI00007967,T0002620,P000012,4,42.38,169.52
TI00007968,T0002621,P000016,3,49.09,147.27
TI00007969,T0002621,P000010,4,43.23,172.92
TI00007970,T0002622,P000015,3,49.37,148.11
TI00007971,T0002622,P000009,1,33.09,33.09
TI00007972,T0002622,P000013,4,13.19,52.76
TI00007973,T0002623,P000009,4,33.09,132.36
TI00007974,T0002623,P000015,3,49.37,148.11
TI00007975,T0002623,P000012,4,42.38,169.52
TI00007976,T0002624,P000020,1,58.91,58.91
TI00007977,T0002624,P000013,1,13.19,13.19
TI00007978,T0002624,P000016,4,49.09,196.36
TI00007979,T0002624,P000012,1,42.38,42.38
TI00007980,T0002625,P000013,2,13.19,26.38
TI00007981,T0002625,P000006,4,9.16,36.64
TI00007982,T0002625,P000011,1,19.19,19.19
TI00007983,T0002625,P000004,3,39.36,118.08
TI00007984,T0002626,P000006,3,9.16,27.48
TI00007985,T0002626,P000008,1,52.62,52.62
TI00007986,T0002626,P000012,3,42.38,127.14
TI00007987,T0002627,P000011,4,19.19,76.76
TI00007988,T0002627,P000015,1,49.37,49.37
TI00007989,T0002627,P000016,1,49.09,49.09
TI00007990,T0002628,P000013,3,13.19,39.57
TI00007991,T0002628,P000010,1,43.23,43.23
TI00007992,T0002628,P000020,1,58.91,58.91
TI00007993,T0002628,P000014,2,24.75,49.5
TI00007994,T0002628,P000011,1,19.19,19.19
TI00007995,T0002629,P000017,3,43.77,131.31
TI00007996,T0002629,P000012,4,42.38,169.52
TI00007997,T0002630,P000007,4,44.35,177.4
TI00007998,T0002630,P000014,1,24.75,24.75
TI00007999,T0002630,P000015,3,49.37,148.11
TI00008000,T0002630,P000017,3,43.77,131.31
TI00008001,T0002631,P000001,2,27.25,54.5
TI00008002,T0002632,P000019,3,32.28,96.84
TI00008003,T0002632,P000002,1,56.39,56.39
TI00008004,T0002632,P000011,2,19.19,38.38
TI00008005,T0002633,P000015,2,49.37,98.74
TI00008006,T0002633,P000006,2,9.16,18.32
TI00008007,T0002633,P000016,1,49.09,49.09
TI00008008,T0002633,P000011,1,19.19,19.19
TI00008009,T0002633,P000018,2,32.67,65.34
TI00008010,T0002634,P000014,1,24.75,24.75
TI00008011,T0002635,P000007,1,44.35,44.35
TI00008012,T0002635,P000018,1,32.67,32.67
TI00008013,T0002635,P000014,1,24.75,24.75
TI00008014,T0002635,P000017,4,43.77,175.08
TI00008015,T0002636,P000011,2,19.19,38.38
TI00008016,T0002636,P000002,3,56.39,169.17
TI00008017,T0002636,P000010,3,43.23,129.69
TI00008018,T0002636,P000013,3,13.19,39.57
TI00008019,T0002637,P000005,4,49.07,196.28
TI00008020,T0002637,P000009,4,33.09,132.36
TI00008021,T0002637,P000017,3,43.77,131.31
TI00008022,T0002637,P000016,3,49.09,147.27
TI00008023,T0002638,P000001,2,27.25,54.5
TI00008024,T0002638,P000019,3,32.28,96.84
TI00008025,T0002639,P000007,2,44.35,88.7
TI00008026,T0002639,P000020,2,58.91,117.82
TI00008027,T0002639,P000019,4,32.28,129.12
TI00008028,T0002639,P000014,1,24.75,24.75
TI00008029,T0002639,P000004,4,39.36,157.44
TI00008030,T0002640,P000007,3,44.35,133.05
TI00008031,T0002640,P000015,4,49.37,197.48
TI00008032,T0002640,P000006,1,9.16,9.16
TI00008033,T0002640,P000001,3,27.25,81.75
TI00008034,T0002640,P000019,1,32.28,32.28
TI00008035,T0002641,P000020,1,58.91,58.91
TI00008036,T0002641,P000016,2,49.09,98.18
TI00008037,T0002641,P000010,3,43.23,129.69
TI00008038,T0002642,P000007,4,44.35,177.4
TI00008039,T0002642,P000019,2,32.28,64.56
TI00008040,T0002642,P000020,1,58.91,58.91
TI00008041,T0002642,P000018,1,32.67,32.67
TI00008042,T0002643,P000020,2,58.91,117.82
TI00008043,T0002644,P000017,3,43.77,131.31
TI00008044,T0002644,P000015,1,49.37,49.37
TI00008045,T0002644,P000005,2,49.07,98.14
TI00008046,T0002645,P000005,2,49.07,98.14
TI00008047,T0002645,P000012,2,42.38,84.76
TI00008048,T0002645,P000013,1,13.19,13.19
TI00008049,T0002645,P000015,3,49.37,148.11
TI00008050,T0002645,P000008,3,52.62,157.86
TI00008051,T0002646,P000006,2,9.16,18.32
TI00008052,T0002647,P000007,1,44.35,44.35
TI00008053,T0002647,P000011,3,19.19,57.57
TI00008054,T0002647,P000016,1,49.09,49.09
TI00008055,T0002648,P000014,2,24.75,49.5
TI00008056,T0002648,P000002,1,56.39,56.39
TI00008057,T0002649,P000014,3,24.75,74.25
TI00008058,T0002649,P000012,3,42.38,127.14
TI00008059,T0002650,P000014,3,24.75,74.25
TI00008060,T0002650,P000017,3,43.77,131.31
TI00008061,T0002651,P000012,3,42.38,127.14
TI00008062,T0002652,P000011,2,19.19,38.38
TI00008063,T0002652,P000013,2,13.19,26.38
TI00008064,T0002652,P000017,2,43.77,87.54
TI00008065,T0002652,P000015,4,49.37,197.48
TI00008066,T0002652,P000020,4,58.91,235.64
TI00008067,T0002653,P000015,4,49.37,197.48
TI00008068,T0002653,P000007,2,44.35,88.7
TI00008069,T0002653,P000011,3,19.19,57.57
TI00008070,T0002653,P000002,3,56.39,169.17
TI00008071,T0002654,P000007,1,44.35,44.35
TI00008072,T0002654,P000009,4,33.09,132.36
TI00008073,T0002654,P000019,2,32.28,64.56
TI00008074,T0002654,P000002,3,56.39,169.17
TI00008075,T0002654,P000003,4,10.3,41.2
TI00008076,T0002655,P000011,4,19.19,76.76
TI00008077,T0002655,P000020,3,58.91,176.73
TI00008078,T0002656,P000009,2,33.09,66.18
TI00008079,T0002656,P000007,1,44.35,44.35
TI00008080,T0002656,P000011,4,19.19,76.76
TI00008081,T0002657,P000010,4,43.23,172.92
TI00008082,T0002657,P000013,3,13.19,39.57
TI00008083,T0002657,P000017,2,43.77,87.54
TI00008084,T0002657,P000018,1,32.67,32.67
TI00008085,T0002658,P000014,2,24.75,49.5
TI00008086,T0002658,P000005,1,49.07,49.07
TI00008087,T0002658,P000010,2,43.23,86.46
TI00008088,T0002658,P000017,1,43.77,43.77
TI00008089,T0002658,P000003,3,10.3,30.9
TI00008090,T0002659,P000016,4,49.09,196.36
TI00008091,T0002659,P000012,2,42.38,84.76
TI00008092,T0002659,P000019,2,32.28,64.56
TI00008093,T0002660,P000018,1,32.67,32.67
TI00008094,T0002661,P000018,2,32.67,65.34
TI00008095,T0002661,P000014,1,24.75,24.75
TI00008096,T0002661,P000017,1,43.77,43.77
TI00008097,T0002661,P000016,1,49.09,49.09
TI00008098,T0002662,P000006,3,9.16,27.48
TI00008099,T0002663,P000015,3,49.37,148.11
TI00008100,T0002663,P000009,4,33.09,132.36
TI00008101,T0002664,P000003,1,10.3,10.3
TI00008102,T0002664,P000004,2,39.36,78.72
TI00008103,T0002665,P000010,4,43.23,172.92
TI00008104,T0002665,P000011,1,19.19,19.19
TI00008105,T0002665,P000017,3,43.77,131.31
TI00008106,T0002666,P000006,1,9.16,9.16
TI00008107,T0002666,P000012,3,42.38,127.14
TI00008108,T0002666,P000008,4,52.62,210.48
TI00008109,T0002667,P000003,4,10.3,41.2
TI00008110,T0002667,P000004,3,39.36,118.08
TI00008111,T0002668,P000001,1,27.25,27.25
TI00008112,T0002668,P000014,2,24.75,49.5
TI00008113,T0002668,P000008,3,52.62,157.86
TI00008114,T0002668,P000017,1,43.77,43.77
TI00008115,T0002668,P000019,2,32.28,64.56
TI00008116,T0002669,P000010,2,43.23,86.46
TI00008117,T0002669,P000013,1,13.19,13.19
TI00008118,T0002669,P000004,4,39.36,157.44
TI00008119,T0002669,P000002,2,56.39,112.78
TI00008120,T0002670,P000005,4,49.07,196.28
TI00008121,T0002670,P000015,2,49.37,98.74
TI00008122,T0002671,P000015,1,49.37,49.37
TI00008123,T0002671,P000003,4,10.3,41.2
TI00008124,T0002671,P000007,1,44.35,44.35
TI00008125,T0002671,P000014,4,24.75,99.0
TI00008126,T0002671,P000013,2,13.19,26.38
TI00008127,T0002672,P000013,1,13.19,13.19
TI00008128,T0002672,P000018,2,32.67,65.34
TI00008129,T0002672,P000015,2,49.37,98.74
TI00008130,T0002672,P000012,4,42.38,169.52
TI00008131,T0002673,P000006,1,9.16,9.16
TI00008132,T0002673,P000014,4,24.75,99.0
TI00008133,T0002673,P000008,1,52.62,52.62
TI00008134,T0002674,P000008,2,52.62,105.24
TI00008135,T0002674,P000014,1,24.75,24.75
TI00008136,T0002674,P000012,2,42.38,84.76
TI00008137,T0002674,P000009,4,33.09,132.36
TI00008138,T0002674,P000003,2,10.3,20.6
TI00008139,T0002675,P000005,4,49.07,196.28
TI00008140,T0002675,P000009,2,33.09,66.18
TI00008141,T0002675,P000017,2,43.77,87.54
TI00008142,T0002676,P000005,4,49.07,196.28
TI00008143,T0002676,P000018,2,32.67,65.34
TI00008144,T0002677,P000005,4,49.07,196.28
TI00008145,T0002677,P000011,1,19.19,19.19
TI00008146,T0002678,P000007,4,44.35,177.4
TI00008147,T0002679,P000016,1,49.09,49.09
TI00008148,T0002679,P000006,3,9.16,27.48
TI00008149,T0002679,P000001,1,27.25,27.25
TI00008150,T0002679,P000019,1,32.28,32.28
TI00008151,T0002679,P000020,1,58.91,58.91
TI00008152,T0002680,P000009,4,33.09,132.36
TI00008153,T0002680,P000005,2,49.07,98.14
TI00008154,T0002680,P000012,3,42.38,127.14
TI00008155,T0002681,P000012,1,42.38,42.38
TI00008156,T0002681,P000020,4,58.91,235.64
TI00008157,T0002681,P000007,3,44.35,133.05
TI00008158,T0002681,P000017,3,43.77,131.31
TI00008159,T0002682,P000005,1,49.07,49.07
TI00008160,T0002682,P000013,4,13.19,52.76
TI00008161,T0002682,P000020,2,58.91,117.82
TI00008162,T0002682,P000015,4,49.37,197.48
TI00008163,T0002682,P000018,2,32.67,65.34
TI00008164,T0002683,P000003,2,10.3,20.6
TI00008165,T0002683,P000006,2,9.16,18.32
TI00008166,T0002683,P000019,1,32.28,32.28
TI00008167,T0002683,P000001,3,27.25,81.75
TI00008168,T0002683,P000002,4,56.39,225.56
TI00008169,T0002684,P000008,2,52.62,105.24
TI00008170,T0002684,P000016,2,49.09,98.18
TI00008171,T0002684,P000005,4,49.07,196.28
TI00008172,T0002684,P000019,2,32.28,64.56
TI00008173,T0002684,P000004,2,39.36,78.72
TI00008174,T0002685,P000010,2,43.23,86.46
TI00008175,T0002685,P000017,4,43.77,175.08
TI00008176,T0002685,P000008,4,52.62,210.48
TI00008177,T0002686,P000013,2,13.19,26.38
TI00008178,T0002686,P000008,3,52.62,157.86
TI00008179,T0002686,P000002,1,56.39,56.39
TI00008180,T0002686,P000014,2,24.75,49.5
TI00008181,T0002686,P000007,3,44.35,133.05
TI00008182,T0002687,P000002,2,56.39,112.78
TI00008183,T0002687,P000001,1,27.25,27.25
TI00008184,T0002688,P000010,3,43.23,129.69
TI00008185,T0002688,P000019,2,32.28,64.56
TI00008186,T0002688,P000017,4,43.77,175.08
TI00008187,T0002689,P000004,4,39.36,157.44
TI00008188,T0002689,P000016,1,49.09,49.09
TI00008189,T0002690,P000004,4,39.36,157.44
TI00008190,T0002690,P000014,1,24.75,24.75
TI00008191,T0002690,P000006,3,9.16,27.48
TI00008192,T0002691,P000008,4,52.62,210.48
TI00008193,T0002692,P000018,3,32.67,98.01
TI00008194,T0002692,P000019,3,32.28,96.84
TI00008195,T0002692,P000013,3,13.19,39.57
TI00008196,T0002692,P000004,1,39.36,39.36
TI00008197,T0002692,P000010,1,43.23,43.23
TI00008198,T0002693,P000019,2,32.28,64.56
TI00008199,T0002693,P000008,3,52.62,157.86
TI00008200,T0002693,P000017,1,43.77,43.77
TI00008201,T0002693,P000014,2,24.75,49.5
TI00008202,T0002694,P000006,4,9.16,36.64
TI00008203,T0002694,P000018,1,32.67,32.67
TI00008204,T0002695,P000018,1,32.67,32.67
TI00008205,T0002695,P000005,3,49.07,147.21
TI00008206,T0002696,P000005,2,49.07,98.14
TI00008207,T0002696,P000010,4,43.23,172.92
TI00008208,T0002696,P000015,1,49.37,49.37
TI00008209,T0002696,P000014,2,24.75,49.5
TI00008210,T0002696,P000001,1,27.25,27.25
TI00008211,T0002697,P000002,4,56.39,225.56
TI00008212,T0002697,P000018,4,32.67,130.68
TI00008213,T0002697,P000019,4,32.28,129.12
TI00008214,T0002697,P000004,1,39.36,39.36
TI00008215,T0002697,P000005,2,49.07,98.14
TI00008216,T0002698,P000002,4,56.39,225.56
TI00008217,T0002698,P000001,3,27.25,81.75
TI00008218,T0002699,P000020,4,58.91,235.64
TI00008219,T0002699,P000004,2,39.36,78.72
TI00008220,T0002699,P000012,2,42.38,84.76
TI00008221,T0002699,P000017,4,43.77,175.08
TI00008222,T0002700,P000001,2,27.25,54.5
TI00008223,T0002700,P000009,2,33.09,66.18
TI00008224,T0002700,P000010,3,43.23,129.69
TI00008225,T0002700,P000004,2,39.36,78.72
TI00008226,T0002700,P000020,4,58.91,235.64
TI00008227,T0002701,P000009,2,33.09,66.18
TI00008228,T0002701,P000001,2,27.25,54.5
TI00008229,T0002701,P000019,1,32.28,32.28
TI00008230,T0002702,P000019,1,32.28,32.28
TI00008231,T0002702,P000005,3,49.07,147.21
TI00008232,T0002702,P000017,1,43.77,43.77
TI00008233,T0002703,P000015,4,49.37,197.48
TI00008234,T0002703,P000002,3,56.39,169.17
TI00008235,T0002703,P000017,4,43.77,175.08
TI00008236,T0002704,P000013,2,13.19,26.38
TI00008237,T0002705,P000011,1,19.19,19.19
TI00008238,T0002706,P000013,2,13.19,26.38
TI00008239,T0002706,P000007,1,44.35,44.35
TI00008240,T0002706,P000008,4,52.62,210.48
TI00008241,T0002706,P000009,3,33.09,99.27
TI00008242,T0002706,P000005,3,49.07,147.21
TI00008243,T0002707,P000001,3,27.25,81.75
TI00008244,T0002707,P000014,4,24.75,99.0
TI00008245,T0002708,P000007,4,44.35,177.4
TI00008246,T0002708,P000017,3,43.77,131.31
TI00008247,T0002708,P000002,2,56.39,112.78
TI00008248,T0002708,P000003,1,10.3,10.3
TI00008249,T0002708,P000013,4,13.19,52.76
TI00008250,T0002709,P000003,1,10.3,10.3
TI00008251,T0002709,P000009,3,33.09,99.27
TI00008252,T0002709,P000013,1,13.19,13.19
TI00008253,T0002710,P000013,4,13.19,52.76
TI00008254,T0002711,P000001,1,27.25,27.25
TI00008255,T0002711,P000006,1,9.16,9.16
TI00008256,T0002711,P000011,3,19.19,57.57
TI00008257,T0002711,P000002,1,56.39,56.39
TI00008258,T0002711,P000014,3,24.75,74.25
TI00008259,T0002712,P000019,4,32.28,129.12
TI00008260,T0002712,P000017,3,43.77,131.31
TI00008261,T0002712,P000005,1,49.07,49.07
TI00008262,T0002713,P000005,1,49.07,49.07
TI00008263,T0002714,P000005,4,49.07,196.28
TI00008264,T0002714,P000003,4,10.3,41.2
TI00008265,T0002714,P000001,1,27.25,27.25
TI00008266,T0002714,P000008,4,52.62,210.48
TI00008267,T0002714,P000019,2,32.28,64.56
TI00008268,T0002715,P000014,1,24.75,24.75
TI00008269,T0002715,P000004,1,39.36,39.36
TI00008270,T0002715,P000001,4,27.25,109.0
TI00008271,T0002716,P000012,1,42.38,42.38
TI00008272,T0002717,P000014,2,24.75,49.5
TI00008273,T0002717,P000010,1,43.23,43.23
TI00008274,T0002717,P000015,3,49.37,148.11
TI00008275,T0002717,P000020,4,58.91,235.64
TI00008276,T0002717,P000001,1,27.25,27.25
TI00008277,T0002718,P000015,2,49.37,98.74
TI00008278,T0002718,P000016,4,49.09,196.36
TI00008279,T0002718,P000010,3,43.23,129.69
TI00008280,T0002718,P000006,1,9.16,9.16
TI00008281,T0002718,P000001,3,27.25,81.75
TI00008282,T0002719,P000015,3,49.37,148.11
TI00008283,T0002719,P000010,4,43.23,172.92
TI00008284,T0002719,P000003,2,10.3,20.6
TI00008285,T0002719,P000012,3,42.38,127.14
TI00008286,T0002719,P000007,1,44.35,44.35
TI00008287,T0002720,P000010,1,43.23,43.23
TI00008288,T0002720,P000013,2,13.19,26.38
TI00008289,T0002720,P000005,1,49.07,49.07
TI00008290,T0002720,P000003,1,10.3,10.3
TI00008291,T0002720,P000020,1,58.91,58.91
TI00008292,T0002721,P000001,4,27.25,109.0
TI00008293,T0002722,P000016,1,49.09,49.09
TI00008294,T0002722,P000014,1,24.75,24.75
TI00008295,T0002722,P000005,4,49.07,196.28
TI00008296,T0002722,P000006,1,9.16,9.16
TI00008297,T0002723,P000012,4,42.38,169.52
TI00008298,T0002724,P000015,2,49.37,98.74
TI00008299,T0002725,P000018,4,32.67,130.68
TI00008300,T0002726,P000019,3,32.28,96.84
TI00008301,T0002726,P000001,2,27.25,54.5
TI00008302,T0002726,P000006,1,9.16,9.16
TI00008303,T0002727,P000020,3,58.91,176.73
TI00008304,T0002727,P000004,2,39.36,78.72
TI00008305,T0002727,P000003,2,10.3,20.6
TI00008306,T0002727,P000008,1,52.62,52.62
TI00008307,T0002728,P000009,1,33.09,33.09
TI00008308,T0002729,P000016,2,49.09,98.18
TI00008309,T0002730,P000015,4,49.37,197.48
TI00008310,T0002730,P000007,3,44.35,133.05
TI00008311,T0002730,P000006,4,9.16,36.64
TI00008312,T0002730,P000016,1,49.09,49.09
TI00008313,T0002730,P000019,3,32.28,96.84
TI00008314,T0002731,P000015,4,49.37,197.48
TI00008315,T0002731,P000007,1,44.35,44.35
TI00008316,T0002731,P000014,2,24.75,49.5
TI00008317,T0002731,P000002,4,56.39,225.56
TI00008318,T0002731,P000019,3,32.28,96.84
TI00008319,T0002732,P000017,3,43.77,131.31
TI00008320,T0002733,P000019,2,32.28,64.56
TI00008321,T0002734,P000015,2,49.37,98.74
TI00008322,T0002735,P000017,4,43.77,175.08
TI00008323,T0002735,P000011,4,19.19,76.76
TI00008324,T0002735,P000012,1,42.38,42.38
TI00008325,T0002735,P000013,4,13.19,52.76
TI00008326,T0002736,P000011,3,19.19,57.57
TI00008327,T0002736,P000015,3,49.37,148.11
TI00008328,T0002736,P000013,1,13.19,13.19
TI00008329,T0002736,P000016,3,49.09,147.27
TI00008330,T0002737,P000006,2,9.16,18.32
TI00008331,T0002737,P000004,2,39.36,78.72
TI00008332,T0002737,P000010,3,43.23,129.69
TI00008333,T0002737,P000014,2,24.75,49.5
TI00008334,T0002738,P000017,1,43.77,43.77
TI00008335,T0002739,P000018,3,32.67,98.01
TI00008336,T0002739,P000012,1,42.38,42.38
TI00008337,T0002739,P000003,2,10.3,20.6
TI00008338,T0002739,P000007,2,44.35,88.7
TI00008339,T0002739,P000016,1,49.09,49.09
TI00008340,T0002740,P000004,2,39.36,78.72
TI00008341,T0002741,P000003,4,10.3,41.2
TI00008342,T0002742,P000001,1,27.25,27.25
TI00008343,T0002743,P000008,1,52.62,52.62
TI00008344,T0002744,P000013,4,13.19,52.76
TI00008345,T0002744,P000012,2,42.38,84.76
TI00008346,T0002744,P000007,3,44.35,133.05
TI00008347,T0002745,P000002,3,56.39,169.17
TI00008348,T0002745,P000016,2,49.09,98.18
TI00008349,T0002745,P000018,1,32.67,32.67
TI00008350,T0002746,P000001,2,27.25,54.5
TI00008351,T0002747,P000015,4,49.37,197.48
TI00008352,T0002747,P000009,2,33.09,66.18
TI00008353,T0002747,P000013,1,13.19,13.19
TI00008354,T0002748,P000002,4,56.39,225.56
TI00008355,T0002749,P000020,2,58.91,117.82
TI00008356,T0002749,P000004,4,39.36,157.44
TI00008357,T0002750,P000006,2,9.16,18.32
TI00008358,T0002750,P000015,4,49.37,197.48
TI00008359,T0002750,P000009,3,33.09,99.27
TI00008360,T0002750,P000016,3,49.09,147.27
TI00008361,T0002750,P000003,4,10.3,41.2
TI00008362,T0002751,P000013,3,13.19,39.57
TI00008363,T0002751,P000018,4,32.67,130.68
TI00008364,T0002751,P000009,2,33.09,66.18
TI00008365,T0002751,P000003,3,10.3,30.9
TI00008366,T0002751,P000017,4,43.77,175.08
TI00008367,T0002752,P000016,3,49.09,147.27
TI00008368,T0002752,P000011,1,19.19,19.19
TI00008369,T0002753,P000013,4,13.19,52.76
TI00008370,T0002753,P000010,1,43.23,43.23
TI00008371,T0002754,P000002,1,56.39,56.39
TI00008372,T0002754,P000013,4,13.19,52.76
TI00008373,T0002754,P000020,4,58.91,235.64
TI00008374,T0002754,P000003,3,10.3,30.9
TI00008375,T0002755,P000019,1,32.28,32.28
TI00008376,T0002756,P000005,3,49.07,147.21
TI00008377,T0002756,P000020,3,58.91,176.73
TI00008378,T0002756,P000004,2,39.36,78.72
TI00008379,T0002757,P000011,2,19.19,38.38
TI00008380,T0002757,P000016,2,49.09,98.18
TI00008381,T0002757,P000012,4,42.38,169.52
TI00008382,T0002757,P000003,3,10.3,30.9
TI00008383,T0002757,P000010,2,43.23,86.46
TI00008384,T0002758,P000009,3,33.09,99.27
TI00008385,T0002758,P000001,2,27.25,54.5
TI00008386,T0002758,P000012,4,42.38,169.52
TI00008387,T0002759,P000005,4,49.07,196.28
TI00008388,T0002759,P000015,4,49.37,197.48
TI00008389,T0002760,P000013,3,13.19,39.57
TI00008390,T0002760,P000003,3,10.3,30.9
TI00008391,T0002760,P000002,1,56.39,56.39
TI00008392,T0002760,P000009,4,33.09,132.36
TI00008393,T0002761,P000002,2,56.39,112.78
TI00008394,T0002761,P000012,3,42.38,127.14
TI00008395,T0002762,P000008,3,52.62,157.86
TI00008396,T0002762,P000012,1,42.38,42.38
TI00008397,T0002763,P000007,1,44.35,44.35
TI00008398,T0002763,P000013,2,13.19,26.38
TI00008399,T0002763,P000010,4,43.23,172.92
TI00008400,T0002764,P000011,2,19.19,38.38
TI00008401,T0002764,P000012,2,42.38,84.76
TI00008402,T0002765,P000005,1,49.07,49.07
TI00008403,T0002765,P000014,4,24.75,99.0
TI00008404,T0002765,P000011,1,19.19,19.19
TI00008405,T0002765,P000008,4,52.62,210.48
TI00008406,T0002765,P000007,4,44.35,177.4
TI00008407,T0002766,P000008,1,52.62,52.62
TI00008408,T0002766,P000018,1,32.67,32.67
TI00008409,T0002767,P000003,3,10.3,30.9
TI00008410,T0002767,P000008,3,52.62,157.86
TI00008411,T0002767,P000016,1,49.09,49.09
TI00008412,T0002768,P000020,3,58.91,176.73
TI00008413,T0002769,P000004,1,39.36,39.36
TI00008414,T0002769,P000007,4,44.35,177.4
TI00008415,T0002769,P000009,1,33.09,33.09
TI00008416,T0002769,P000020,2,58.91,117.82
TI00008417,T0002770,P000015,4,49.37,197.48
TI00008418,T0002770,P000009,3,33.09,99.27
TI00008419,T0002770,P000010,1,43.23,43.23
TI00008420,T0002770,P000008,2,52.62,105.24
TI00008421,T0002770,P000003,3,10.3,30.9
TI00008422,T0002771,P000012,2,42.38,84.76
TI00008423,T0002772,P000008,4,52.62,210.48
TI00008424,T0002772,P000013,2,13.19,26.38
TI00008425,T0002772,P000006,3,9.16,27.48
TI00008426,T0002773,P000007,1,44.35,44.35
TI00008427,T0002773,P000011,1,19.19,19.19
TI00008428,T0002774,P000005,4,49.07,196.28
TI00008429,T0002774,P000008,3,52.62,157.86
TI00008430,T0002774,P000020,2,58.91,117.82
TI00008431,T0002774,P000014,1,24.75,24.75
TI00008432,T0002775,P000014,3,24.75,74.25
TI00008433,T0002775,P000013,4,13.19,52.76
TI00008434,T0002775,P000010,4,43.23,172.92
TI00008435,T0002775,P000020,1,58.91,58.91
TI00008436,T0002775,P000019,3,32.28,96.84
TI00008437,T0002776,P000013,1,13.19,13.19
TI00008438,T0002776,P000002,2,56.39,112.78
TI00008439,T0002777,P000006,1,9.16,9.16
TI00008440,T0002778,P000010,4,43.23,172.92
TI00008441,T0002778,P000016,3,49.09,147.27
TI00008442,T0002779,P000018,2,32.67,65.34
TI00008443,T0002779,P000010,3,43.23,129.69
TI00008444,T0002779,P000009,3,33.09,99.27
TI00008445,T0002780,P000008,1,52.62,52.62
TI00008446,T0002780,P000011,1,19.19,19.19
TI00008447,T0002780,P000010,1,43.23,43.23
TI00008448,T0002781,P000012,3,42.38,127.14
TI00008449,T0002781,P000001,1,27.25,27.25
TI00008450,T0002781,P000004,1,39.36,39.36
TI00008451,T0002781,P000018,2,32.67,65.34
TI00008452,T0002782,P000005,1,49.07,49.07
TI00008453,T0002782,P000003,4,10.3,41.2
TI00008454,T0002782,P000015,2,49.37,98.74
TI00008455,T0002782,P000020,1,58.91,58.91
TI00008456,T0002783,P000013,3,13.19,39.57
TI00008457,T0002783,P000020,3,58.91,176.73
TI00008458,T0002783,P000004,3,39.36,118.08
TI00008459,T0002783,P000011,1,19.19,19.19
TI00008460,T0002783,P000002,3,56.39,169.17
TI00008461,T0002784,P000018,1,32.67,32.67
TI00008462,T0002784,P000008,1,52.62,52.62
TI00008463,T0002784,P000017,2,43.77,87.54
TI00008464,T0002785,P000001,2,27.25,54.5
TI00008465,T0002785,P000010,3,43.23,129.69
TI00008466,T0002785,P000011,1,19.19,19.19
TI00008467,T0002786,P000012,1,42.38,42.38
TI00008468,T0002786,P000020,2,58.91,117.82
TI00008469,T0002787,P000011,3,19.19,57.57
TI00008470,T0002787,P000010,3,43.23,129.69
TI00008471,T0002787,P000009,1,33.09,33.09
TI00008472,T0002787,P000020,3,58.91,176.73
TI00008473,T0002788,P000018,3,32.67,98.01
TI00008474,T0002789,P000020,2,58.91,117.82
TI00008475,T0002789,P000014,3,24.75,74.25
TI00008476,T0002790,P000012,3,42.38,127.14
TI00008477,T0002791,P000011,4,19.19,76.76
TI00008478,T0002791,P000013,2,13.19,26.38
TI00008479,T0002792,P000006,1,9.16,9.16
TI00008480,T0002793,P000011,1,19.19,19.19
TI00008481,T0002793,P000006,3,9.16,27.48
TI00008482,T0002794,P000002,3,56.39,169.17
TI00008483,T0002794,P000008,3,52.62,157.86
TI00008484,T0002794,P000001,3,27.25,81.75
TI00008485,T0002794,P000019,2,32.28,64.56
TI00008486,T0002794,P000015,4,49.37,197.48
TI00008487,T0002795,P000019,1,32.28,32.28
TI00008488,T0002796,P000020,4,58.91,235.64
TI00008489,T0002796,P000009,3,33.09,99.27
TI00008490,T0002796,P000010,2,43.23,86.46
TI00008491,T0002796,P000015,3,49.37,148.11
TI00008492,T0002797,P000005,3,49.07,147.21
TI00008493,T0002798,P000019,3,32.28,96.84
TI00008494,T0002798,P000009,3,33.09,99.27
TI00008495,T0002798,P000013,1,13.19,13.19
TI00008496,T0002798,P000017,4,43.77,175.08
TI00008497,T0002799,P000001,3,27.25,81.75
TI00008498,T0002799,P000009,4,33.09,132.36
TI00008499,T0002799,P000018,3,32.67,98.01
TI00008500,T0002800,P000015,1,49.37,49.37
TI00008501,T0002801,P000002,3,56.39,169.17
TI00008502,T0002801,P000014,4,24.75,99.0
TI00008503,T0002801,P000012,3,42.38,127.14
TI00008504,T0002801,P000015,4,49.37,197.48
TI00008505,T0002802,P000018,4,32.67,130.68
TI00008506,T0002802,P000011,1,19.19,19.19
TI00008507,T0002802,P000014,2,24.75,49.5
TI00008508,T0002802,P000009,1,33.09,33.09
TI00008509,T0002802,P000001,2,27.25,54.5
TI00008510,T0002803,P000019,4,32.28,129.12
TI00008511,T0002803,P000020,3,58.91,176.73
TI00008512,T0002803,P000008,2,52.62,105.24
TI00008513,T0002803,P000018,3,32.67,98.01
TI00008514,T0002803,P000007,1,44.35,44.35
TI00008515,T0002804,P000005,2,49.07,98.14
TI00008516,T0002804,P000007,4,44.35,177.4
TI00008517,T0002805,P000020,3,58.91,176.73
TI00008518,T0002805,P000011,1,19.19,19.19
TI00008519,T0002805,P000009,1,33.09,33.09
TI00008520,T0002805,P000012,1,42.38,42.38
TI00008521,T0002806,P000013,4,13.19,52.76
TI00008522,T0002806,P000009,2,33.09,66.18
TI00008523,T0002806,P000006,4,9.16,36.64
TI00008524,T0002806,P000010,1,43.23,43.23
TI00008525,T0002807,P000010,4,43.23,172.92
TI00008526,T0002807,P000008,1,52.62,52.62
TI00008527,T0002808,P000006,4,9.16,36.64
TI00008528,T0002808,P000020,2,58.91,117.82
TI00008529,T0002808,P000019,3,32.28,96.84
TI00008530,T0002808,P000012,1,42.38,42.38
TI00008531,T0002808,P000004,4,39.36,157.44
TI00008532,T0002809,P000002,4,56.39,225.56
TI00008533,T0002809,P000005,1,49.07,49.07
TI00008534,T0002810,P000016,3,49.09,147.27
TI00008535,T0002810,P000004,3,39.36,118.08
TI00008536,T0002810,P000007,1,44.35,44.35
TI00008537,T0002810,P000009,1,33.09,33.09
TI00008538,T0002810,P000015,4,49.37,197.48
TI00008539,T0002811,P000020,3,58.91,176.73
TI00008540,T0002812,P000014,4,24.75,99.0
TI00008541,T0002812,P000005,1,49.07,49.07
TI00008542,T0002812,P000011,3,19.19,57.57
TI00008543,T0002813,P000007,4,44.35,177.4
TI00008544,T0002814,P000003,3,10.3,30.9
TI00008545,T0002814,P000002,3,56.39,169.17
TI00008546,T0002815,P000006,4,9.16,36.64
TI00008547,T0002816,P000009,1,33.09,33.09
TI00008548,T0002816,P000018,2,32.67,65.34
TI00008549,T0002816,P000014,3,24.75,74.25
TI00008550,T0002817,P000009,1,33.09,33.09
TI00008551,T0002817,P000016,3,49.09,147.27
TI00008552,T0002817,P000015,1,49.37,49.37
TI00008553,T0002817,P000007,1,44.35,44.35
TI00008554,T0002817,P000005,2,49.07,98.14
TI00008555,T0002818,P000019,2,32.28,64.56
TI00008556,T0002819,P000007,3,44.35,133.05
TI00008557,T0002819,P000010,2,43.23,86.46
TI00008558,T0002819,P000006,4,9.16,36.64
TI00008559,T0002819,P000015,3,49.37,148.11
TI00008560,T0002820,P000018,2,32.67,65.34
TI00008561,T0002820,P000016,4,49.09,196.36
TI00008562,T0002820,P000009,2,33.09,66.18
TI00008563,T0002820,P000013,4,13.19,52.76
TI00008564,T0002821,P000007,2,44.35,88.7
TI00008565,T0002822,P000008,3,52.62,157.86
TI00008566,T0002822,P000015,2,49.37,98.74
TI00008567,T0002822,P000009,3,33.09,99.27
TI00008568,T0002822,P000019,2,32.28,64.56
TI00008569,T0002823,P000004,2,39.36,78.72
TI00008570,T0002824,P000006,1,9.16,9.16
TI00008571,T0002824,P000014,2,24.75,49.5
TI00008572,T0002824,P000020,3,58.91,176.73
TI00008573,T0002824,P000008,1,52.62,52.62
TI00008574,T0002825,P000017,1,43.77,43.77
TI00008575,T0002825,P000019,3,32.28,96.84
TI00008576,T0002825,P000007,3,44.35,133.05
TI00008577,T0002825,P000012,2,42.38,84.76
TI00008578,T0002826,P000004,4,39.36,157.44
TI00008579,T0002826,P000016,4,49.09,196.36
TI00008580,T0002826,P000003,1,10.3,10.3
TI00008581,T0002826,P000006,3,9.16,27.48
TI00008582,T0002826,P000015,2,49.37,98.74
TI00008583,T0002827,P000017,1,43.77,43.77
TI00008584,T0002828,P000003,4,10.3,41.2
TI00008585,T0002828,P000006,4,9.16,36.64
TI00008586,T0002828,P000014,4,24.75,99.0
TI00008587,T0002829,P000001,4,27.25,109.0
TI00008588,T0002829,P000011,2,19.19,38.38
TI00008589,T0002829,P000018,3,32.67,98.01
TI00008590,T0002829,P000004,2,39.36,78.72
TI00008591,T0002830,P000002,3,56.39,169.17
TI00008592,T0002830,P000019,1,32.28,32.28
TI00008593,T0002831,P000014,3,24.75,74.25
TI00008594,T0002831,P000009,4,33.09,132.36
TI00008595,T0002831,P000020,3,58.91,176.73
TI00008596,T0002831,P000018,4,32.67,130.68
TI00008597,T0002831,P000008,4,52.62,210.48
TI00008598,T0002832,P000015,4,49.37,197.48
TI00008599,T0002832,P000010,4,43.23,172.92
TI00008600,T0002832,P000011,4,19.19,76.76
TI00008601,T0002832,P000013,1,13.19,13.19
TI00008602,T0002832,P000006,4,9.16,36.64
TI00008603,T0002833,P000010,3,43.23,129.69
TI00008604,T0002833,P000018,4,32.67,130.68
TI00008605,T0002833,P000017,2,43.77,87.54
TI00008606,T0002834,P000004,4,39.36,157.44
TI00008607,T0002834,P000001,1,27.25,27.25
TI00008608,T0002835,P000009,2,33.09,66.18
TI00008609,T0002835,P000019,1,32.28,32.28
TI00008610,T0002835,P000004,4,39.36,157.44
TI00008611,T0002835,P000014,4,24.75,99.0
TI00008612,T0002835,P000006,1,9.16,9.16
TI00008613,T0002836,P000001,4,27.25,109.0
TI00008614,T0002837,P000009,4,33.09,132.36
TI00008615,T0002837,P000012,2,42.38,84.76
TI00008616,T0002837,P000018,3,32.67,98.01
TI00008617,T0002837,P000019,1,32.28,32.28
TI00008618,T0002838,P000002,4,56.39,225.56
TI00008619,T0002838,P000003,2,10.3,20.6
TI00008620,T0002838,P000009,1,33.09,33.09
TI00008621,T0002838,P000015,4,49.37,197.48
TI00008622,T0002838,P000011,1,19.19,19.19
TI00008623,T0002839,P000018,3,32.67,98.01
TI00008624,T0002839,P000002,2,56.39,112.78
TI00008625,T0002839,P000012,3,42.38,127.14
TI00008626,T0002839,P000013,1,13.19,13.19
TI00008627,T0002840,P000013,4,13.19,52.76
TI00008628,T0002840,P000007,2,44.35,88.7
TI00008629,T0002840,P000014,1,24.75,24.75
TI00008630,T0002840,P000016,3,49.09,147.27
TI00008631,T0002841,P000010,1,43.23,43.23
TI00008632,T0002841,P000016,4,49.09,196.36
TI00008633,T0002842,P000016,3,49.09,147.27
TI00008634,T0002842,P000009,1,33.09,33.09
TI00008635,T0002842,P000015,3,49.37,148.11
TI00008636,T0002843,P000017,2,43.77,87.54
TI00008637,T0002843,P000010,1,43.23,43.23
TI00008638,T0002844,P000009,3,33.09,99.27
TI00008639,T0002845,P000001,1,27.25,27.25
TI00008640,T0002846,P000018,3,32.67,98.01
TI00008641,T0002846,P000008,2,52.62,105.24
TI00008642,T0002846,P000010,3,43.23,129.69
TI00008643,T0002847,P000003,4,10.3,41.2
TI00008644,T0002847,P000005,2,49.07,98.14
TI00008645,T0002847,P000017,4,43.77,175.08
TI00008646,T0002847,P000011,3,19.19,57.57
TI00008647,T0002847,P000002,1,56.39,56.39
TI00008648,T0002848,P000012,2,42.38,84.76
TI00008649,T0002848,P000003,1,10.3,10.3
TI00008650,T0002848,P000007,3,44.35,133.05
TI00008651,T0002848,P000008,4,52.62,210.48
TI00008652,T0002849,P000001,2,27.25,54.5
TI00008653,T0002850,P000020,2,58.91,117.82
TI00008654,T0002850,P000003,4,10.3,41.2
TI00008655,T0002850,P000010,4,43.23,172.92
TI00008656,T0002850,P000005,2,49.07,98.14
TI00008657,T0002850,P000011,1,19.19,19.19
TI00008658,T0002851,P000012,3,42.38,127.14
TI00008659,T0002851,P000020,2,58.91,117.82
TI00008660,T0002851,P000013,2,13.19,26.38
TI00008661,T0002851,P000009,1,33.09,33.09
TI00008662,T0002852,P000004,4,39.36,157.44
TI00008663,T0002853,P000012,3,42.38,127.14
TI00008664,T0002853,P000020,1,58.91,58.91
TI00008665,T0002853,P000002,2,56.39,112.78
TI00008666,T0002853,P000011,2,19.19,38.38
TI00008667,T0002853,P000017,2,43.77,87.54
TI00008668,T0002854,P000011,4,19.19,76.76
TI00008669,T0002854,P000005,1,49.07,49.07
TI00008670,T0002854,P000013,4,13.19,52.76
TI00008671,T0002855,P000014,1,24.75,24.75
TI00008672,T0002855,P000018,2,32.67,65.34
TI00008673,T0002855,P000017,3,43.77,131.31
TI00008674,T0002855,P000012,3,42.38,127.14
TI00008675,T0002855,P000019,1,32.28,32.28
TI00008676,T0002856,P000007,1,44.35,44.35
TI00008677,T0002857,P000011,1,19.19,19.19
TI00008678,T0002857,P000016,4,49.09,196.36
TI00008679,T0002857,P000004,4,39.36,157.44
TI00008680,T0002857,P000014,3,24.75,74.25
TI00008681,T0002858,P000019,3,32.28,96.84
TI00008682,T0002858,P000016,4,49.09,196.36
TI00008683,T0002858,P000014,2,24.75,49.5
TI00008684,T0002859,P000013,1,13.19,13.19
TI00008685,T0002859,P000019,1,32.28,32.28
TI00008686,T0002860,P000004,3,39.36,118.08
TI00008687,T0002860,P000019,1,32.28,32.28
TI00008688,T0002860,P000007,1,44.35,44.35
TI00008689,T0002860,P000009,2,33.09,66.18
TI00008690,T0002861,P000020,2,58.91,117.82
TI00008691,T0002861,P000018,4,32.67,130.68
TI00008692,T0002861,P000013,3,13.19,39.57
TI00008693,T0002861,P000010,2,43.23,86.46
TI00008694,T0002862,P000013,4,13.19,52.76
TI00008695,T0002862,P000016,1,49.09,49.09
TI00008696,T0002862,P000007,4,44.35,177.4
TI00008697,T0002863,P000002,1,56.39,56.39
TI00008698,T0002863,P000013,1,13.19,13.19
TI00008699,T0002863,P000017,1,43.77,43.77
TI00008700,T0002863,P000003,4,10.3,41.2
TI00008701,T0002863,P000020,1,58.91,58.91
TI00008702,T0002864,P000018,4,32.67,130.68
TI00008703,T0002864,P000001,2,27.25,54.5
TI00008704,T0002865,P000002,2,56.39,112.78
TI00008705,T0002865,P000013,3,13.19,39.57
TI00008706,T0002865,P000018,2,32.67,65.34
TI00008707,T0002865,P000012,3,42.38,127.14
TI00008708,T0002865,P000015,4,49.37,197.48
TI00008709,T0002866,P000007,3,44.35,133.05
TI00008710,T0002866,P000017,2,43.77,87.54
TI00008711,T0002866,P000008,3,52.62,157.86
TI00008712,T0002866,P000016,3,49.09,147.27
TI00008713,T0002866,P000020,3,58.91,176.73
TI00008714,T0002867,P000004,3,39.36,118.08
TI00008715,T0002868,P000013,1,13.19,13.19
TI00008716,T0002868,P000005,1,49.07,49.07
TI00008717,T0002868,P000015,1,49.37,49.37
TI00008718,T0002868,P000006,4,9.16,36.64
TI00008719,T0002869,P000020,2,58.91,117.82
TI00008720,T0002869,P000003,3,10.3,30.9
TI00008721,T0002869,P000016,2,49.09,98.18
TI00008722,T0002870,P000006,2,9.16,18.32
TI00008723,T0002870,P000012,4,42.38,169.52
TI00008724,T0002870,P000017,3,43.77,131.31
TI00008725,T0002870,P000008,1,52.62,52.62
TI00008726,T0002870,P000004,4,39.36,157.44
TI00008727,T0002871,P000012,3,42.38,127.14
TI00008728,T0002871,P000001,1,27.25,27.25
TI00008729,T0002871,P000011,4,19.19,76.76
TI00008730,T0002871,P000016,2,49.09,98.18
TI00008731,T0002872,P000006,3,9.16,27.48
TI00008732,T0002873,P000015,1,49.37,49.37
TI00008733,T0002874,P000002,4,56.39,225.56
TI00008734,T0002874,P000009,3,33.09,99.27
TI00008735,T0002874,P000010,2,43.23,86.46
TI00008736,T0002874,P000015,2,49.37,98.74
TI00008737,T0002874,P000012,1,42.38,42.38
TI00008738,T0002875,P000015,2,49.37,98.74
TI00008739,T0002875,P000001,1,27.25,27.25
TI00008740,T0002875,P000007,3,44.35,133.05
TI00008741,T0002876,P000017,3,43.77,131.31
TI00008742,T0002876,P000002,2,56.39,112.78
TI00008743,T0002876,P000014,1,24.75,24.75
TI00008744,T0002876,P000008,3,52.62,157.86
TI00008745,T0002876,P000005,2,49.07,98.14
TI00008746,T0002877,P000020,1,58.91,58.91
TI00008747,T0002878,P000020,1,58.91,58.91
TI00008748,T0002879,P000005,3,49.07,147.21
TI00008749,T0002879,P000009,1,33.09,33.09
TI00008750,T0002879,P000001,3,27.25,81.75
TI00008751,T0002879,P000002,1,56.39,56.39
TI00008752,T0002880,P000010,2,43.23,86.46
TI00008753,T0002880,P000005,1,49.07,49.07
TI00008754,T0002880,P000019,1,32.28,32.28
TI00008755,T0002881,P000019,3,32.28,96.84
TI00008756,T0002882,P000006,2,9.16,18.32
TI00008757,T0002882,P000002,4,56.39,225.56
TI00008758,T0002883,P000020,2,58.91,117.82
TI00008759,T0002883,P000019,1,32.28,32.28
TI00008760,T0002883,P000014,3,24.75,74.25
TI00008761,T0002884,P000012,4,42.38,169.52
TI00008762,T0002885,P000006,3,9.16,27.48
TI00008763,T0002886,P000012,4,42.38,169.52
TI00008764,T0002886,P000001,3,27.25,81.75
TI00008765,T0002886,P000014,3,24.75,74.25
TI00008766,T0002887,P000013,3,13.19,39.57
TI00008767,T0002887,P000011,2,19.19,38.38
TI00008768,T0002888,P000012,1,42.38,42.38
TI00008769,T0002888,P000013,3,13.19,39.57
TI00008770,T0002888,P000009,1,33.09,33.09
TI00008771,T0002888,P000010,2,43.23,86.46
TI00008772,T0002889,P000011,4,19.19,76.76
TI00008773,T0002889,P000008,1,52.62,52.62
TI00008774,T0002889,P000002,3,56.39,169.17
TI00008775,T0002890,P000003,2,10.3,20.6
TI00008776,T0002890,P000018,1,32.67,32.67
TI00008777,T0002891,P000004,1,39.36,39.36
TI00008778,T0002891,P000002,3,56.39,169.17
TI00008779,T0002891,P000017,3,43.77,131.31
TI00008780,T0002892,P000003,2,10.3,20.6
TI00008781,T0002892,P000019,4,32.28,129.12
TI00008782,T0002893,P000017,4,43.77,175.08
TI00008783,T0002893,P000010,1,43.23,43.23
TI00008784,T0002893,P000006,1,9.16,9.16
TI00008785,T0002893,P000003,3,10.3,30.9
TI00008786,T0002893,P000014,3,24.75,74.25
TI00008787,T0002894,P000007,3,44.35,133.05
TI00008788,T0002894,P000012,2,42.38,84.76
TI00008789,T0002894,P000010,3,43.23,129.69
TI00008790,T0002895,P000003,2,10.3,20.6
TI00008791,T0002895,P000011,1,19.19,19.19
TI00008792,T0002895,P000004,3,39.36,118.08
TI00008793,T0002896,P000014,4,24.75,99.0
TI00008794,T0002896,P000002,3,56.39,169.17
TI00008795,T0002897,P000019,4,32.28,129.12
TI00008796,T0002898,P000012,4,42.38,169.52
TI00008797,T0002899,P000002,2,56.39,112.78
TI00008798,T0002899,P000008,1,52.62,52.62
TI00008799,T0002900,P000001,4,27.25,109.0
TI00008800,T0002901,P000007,3,44.35,133.05
TI00008801,T0002901,P000016,1,49.09,49.09
TI00008802,T0002902,P000012,4,42.38,169.52
TI00008803,T0002903,P000015,2,49.37,98.74
TI00008804,T0002903,P000018,3,32.67,98.01
TI00008805,T0002903,P000002,2,56.39,112.78
TI00008806,T0002903,P000019,2,32.28,64.56
TI00008807,T0002904,P000009,1,33.09,33.09
TI00008808,T0002904,P000014,3,24.75,74.25
TI00008809,T0002904,P000020,4,58.91,235.64
TI00008810,T0002905,P000006,4,9.16,36.64
TI00008811,T0002905,P000009,3,33.09,99.27
TI00008812,T0002906,P000007,1,44.35,44.35
TI00008813,T0002906,P000008,4,52.62,210.48
TI00008814,T0002906,P000012,1,42.38,42.38
TI00008815,T0002906,P000003,1,10.3,10.3
TI00008816,T0002907,P000001,1,27.25,27.25
TI00008817,T0002907,P000008,3,52.62,157.86
TI00008818,T0002907,P000007,1,44.35,44.35
TI00008819,T0002908,P000018,2,32.67,65.34
TI00008820,T0002909,P000003,4,10.3,41.2
TI00008821,T0002909,P000010,1,43.23,43.23
TI00008822,T0002909,P000020,2,58.91,117.82
TI00008823,T0002910,P000013,1,13.19,13.19
TI00008824,T0002910,P000003,3,10.3,30.9
TI00008825,T0002910,P000020,2,58.91,117.82
TI00008826,T0002911,P000004,4,39.36,157.44
TI00008827,T0002911,P000003,2,10.3,20.6
TI00008828,T0002911,P000013,1,13.19,13.19
TI00008829,T0002911,P000011,2,19.19,38.38
TI00008830,T0002911,P000016,1,49.09,49.09
TI00008831,T0002912,P000018,3,32.67,98.01
TI00008832,T0002912,P000005,2,49.07,98.14
TI00008833,T0002912,P000010,1,43.23,43.23
TI00008834,T0002913,P000007,4,44.35,177.4
TI00008835,T0002913,P000011,3,19.19,57.57
TI00008836,T0002913,P000005,4,49.07,196.28
TI00008837,T0002913,P000014,3,24.75,74.25
TI00008838,T0002913,P000006,2,9.16,18.32
TI00008839,T0002914,P000016,4,49.09,196.36
TI00008840,T0002914,P000009,3,33.09,99.27
TI00008841,T0002915,P000006,3,9.16,27.48
TI00008842,T0002915,P000013,4,13.19,52.76
TI00008843,T0002915,P000011,3,19.19,57.57
TI00008844,T0002915,P000001,3,27.25,81.75
TI00008845,T0002916,P000005,1,49.07,49.07
TI00008846,T0002916,P000004,4,39.36,157.44
TI00008847,T0002916,P000012,4,42.38,169.52
TI00008848,T0002916,P000020,1,58.91,58.91
TI00008849,T0002916,P000016,4,49.09,196.36
TI00008850,T0002917,P000018,4,32.67,130.68
TI00008851,T0002917,P000011,2,19.19,38.38
TI00008852,T0002917,P000008,3,52.62,157.86
TI00008853,T0002917,P000006,3,9.16,27.48
TI00008854,T0002917,P000009,3,33.09,99.27
TI00008855,T0002918,P000005,1,49.07,49.07
TI00008856,T0002918,P000019,3,32.28,96.84
TI00008857,T0002919,P000017,1,43.77,43.77
TI00008858,T0002919,P000005,3,49.07,147.21
TI00008859,T0002919,P000020,1,58.91,58.91
TI00008860,T0002919,P000018,2,32.67,65.34
TI00008861,T0002920,P000001,1,27.25,27.25
TI00008862,T0002920,P000003,1,10.3,10.3
TI00008863,T0002921,P000008,1,52.62,52.62
TI00008864,T0002922,P000014,3,24.75,74.25
TI00008865,T0002922,P000019,4,32.28,129.12
TI00008866,T0002922,P000016,2,49.09,98.18
TI00008867,T0002922,P000015,4,49.37,197.48
TI00008868,T0002923,P000005,1,49.07,49.07
TI00008869,T0002924,P000004,1,39.36,39.36
TI00008870,T0002925,P000013,3,13.19,39.57
TI00008871,T0002925,P000005,2,49.07,98.14
TI00008872,T0002925,P000004,4,39.36,157.44
TI00008873,T0002925,P000016,2,49.09,98.18
TI00008874,T0002925,P000017,1,43.77,43.77
TI00008875,T0002926,P000009,1,33.09,33.09
TI00008876,T0002927,P000018,1,32.67,32.67
TI00008877,T0002927,P000012,2,42.38,84.76
TI00008878,T0002927,P000006,4,9.16,36.64
TI00008879,T0002927,P000010,2,43.23,86.46
TI00008880,T0002927,P000016,1,49.09,49.09
TI00008881,T0002928,P000008,2,52.62,105.24
TI00008882,T0002928,P000013,2,13.19,26.38
TI00008883,T0002929,P000006,4,9.16,36.64
TI00008884,T0002929,P000004,4,39.36,157.44
TI00008885,T0002929,P000018,3,32.67,98.01
TI00008886,T0002929,P000012,4,42.38,169.52
TI00008887,T0002929,P000020,2,58.91,117.82
TI00008888,T0002930,P000020,3,58.91,176.73
TI00008889,T0002930,P000016,4,49.09,196.36
TI00008890,T0002931,P000008,4,52.62,210.48
TI00008891,T0002931,P000010,4,43.23,172.92
TI00008892,T0002931,P000007,1,44.35,44.35
TI00008893,T0002932,P000009,3,33.09,99.27
TI00008894,T0002932,P000008,1,52.62,52.62
TI00008895,T0002932,P000013,1,13.19,13.19
TI00008896,T0002932,P000004,2,39.36,78.72
TI00008897,T0002933,P000009,1,33.09,33.09
TI00008898,T0002933,P000005,1,49.07,49.07
TI00008899,T0002934,P000018,1,32.67,32.67
TI00008900,T0002934,P000010,3,43.23,129.69
TI00008901,T0002934,P000017,2,43.77,87.54
TI00008902,T0002934,P000020,2,58.91,117.82
TI00008903,T0002935,P000020,3,58.91,176.73
TI00008904,T0002935,P000018,2,32.67,65.34
TI00008905,T0002935,P000015,1,49.37,49.37
TI00008906,T0002935,P000009,3,33.09,99.27
TI00008907,T0002936,P000003,1,10.3,10.3
TI00008908,T0002937,P000011,4,19.19,76.76
TI00008909,T0002938,P000018,2,32.67,65.34
TI00008910,T0002939,P000011,2,19.19,38.38
TI00008911,T0002939,P000008,3,52.62,157.86
TI00008912,T0002939,P000003,4,10.3,41.2
TI00008913,T0002940,P000007,1,44.35,44.35
TI00008914,T0002940,P000020,4,58.91,235.64
TI00008915,T0002941,P000009,4,33.09,132.36
TI00008916,T0002941,P000004,1,39.36,39.36
TI00008917,T0002941,P000018,1,32.67,32.67
TI00008918,T0002941,P000017,2,43.77,87.54
TI00008919,T0002942,P000004,2,39.36,78.72
TI00008920,T0002942,P000020,1,58.91,58.91
TI00008921,T0002942,P000006,1,9.16,9.16
TI00008922,T0002942,P000014,3,24.75,74.25
TI00008923,T0002943,P000017,1,43.77,43.77
TI00008924,T0002943,P000016,3,49.09,147.27
TI00008925,T0002943,P000009,4,33.09,132.36
TI00008926,T0002943,P000010,4,43.23,172.92
TI00008927,T0002944,P000005,2,49.07,98.14
TI00008928,T0002944,P000015,3,49.37,148.11
TI00008929,T0002944,P000020,2,58.91,117.82
TI00008930,T0002944,P000002,1,56.39,56.39
TI00008931,T0002944,P000012,2,42.38,84.76
TI00008932,T0002945,P000006,3,9.16,27.48
TI00008933,T0002945,P000004,1,39.36,39.36
TI00008934,T0002945,P000015,2,49.37,98.74
TI00008935,T0002946,P000017,1,43.77,43.77
TI00008936,T0002947,P000020,1,58.91,58.91
TI00008937,T0002947,P000008,1,52.62,52.62
TI00008938,T0002948,P000004,1,39.36,39.36
TI00008939,T0002948,P000011,4,19.19,76.76
TI00008940,T0002948,P000018,3,32.67,98.01
TI00008941,T0002949,P000006,1,9.16,9.16
TI00008942,T0002949,P000011,1,19.19,19.19
TI00008943,T0002950,P000020,4,58.91,235.64
TI00008944,T0002950,P000015,1,49.37,49.37
TI00008945,T0002950,P000008,3,52.62,157.86
TI00008946,T0002950,P000010,3,43.23,129.69
TI00008947,T0002950,P000013,4,13.19,52.76
TI00008948,T0002951,P000011,3,19.19,57.57
TI00008949,T0002951,P000016,4,49.09,196.36
TI00008950,T0002952,P000019,2,32.28,64.56
TI00008951,T0002952,P000009,1,33.09,33.09
TI00008952,T0002952,P000012,4,42.38,169.52
TI00008953,T0002952,P000001,4,27.25,109.0
TI00008954,T0002953,P000003,4,10.3,41.2
TI00008955,T0002953,P000019,1,32.28,32.28
TI00008956,T0002953,P000016,3,49.09,147.27
TI00008957,T0002953,P000013,2,13.19,26.38
TI00008958,T0002953,P000007,3,44.35,133.05
TI00008959,T0002954,P000009,2,33.09,66.18
TI00008960,T0002954,P000011,3,19.19,57.57
TI00008961,T0002955,P000015,4,49.37,197.48
TI00008962,T0002955,P000010,3,43.23,129.69
TI00008963,T0002955,P000004,2,39.36,78.72
TI00008964,T0002955,P000019,2,32.28,64.56
TI00008965,T0002956,P000001,3,27.25,81.75
TI00008966,T0002956,P000019,1,32.28,32.28
TI00008967,T0002957,P000006,1,9.16,9.16
TI00008968,T0002957,P000011,1,19.19,19.19
TI00008969,T0002957,P000018,3,32.67,98.01
TI00008970,T0002957,P000007,3,44.35,133.05
TI00008971,T0002957,P000001,1,27.25,27.25
TI00008972,T0002958,P000014,1,24.75,24.75
TI00008973,T0002958,P000002,2,56.39,112.78
TI00008974,T0002958,P000004,4,39.36,157.44
TI00008975,T0002958,P000005,2,49.07,98.14
TI00008976,T0002959,P000005,3,49.07,147.21
TI00008977,T0002959,P000012,2,42.38,84.76
TI00008978,T0002959,P000001,1,27.25,27.25
TI00008979,T0002960,P000020,1,58.91,58.91
TI00008980,T0002961,P000015,1,49.37,49.37
TI00008981,T0002961,P000005,1,49.07,49.07
TI00008982,T0002962,P000017,1,43.77,43.77
TI00008983,T0002963,P000010,4,43.23,172.92
TI00008984,T0002963,P000012,2,42.38,84.76
TI00008985,T0002963,P000014,3,24.75,74.25
TI00008986,T0002964,P000014,3,24.75,74.25
TI00008987,T0002964,P000009,3,33.09,99.27
TI00008988,T0002965,P000002,4,56.39,225.56
TI00008989,T0002966,P000018,1,32.67,32.67
TI00008990,T0002966,P000015,2,49.37,98.74
TI00008991,T0002966,P000016,1,49.09,49.09
TI00008992,T0002967,P000007,1,44.35,44.35
TI00008993,T0002967,P000003,1,10.3,10.3
TI00008994,T0002968,P000001,2,27.25,54.5
TI00008995,T0002968,P000015,2,49.37,98.74
TI00008996,T0002969,P000017,4,43.77,175.08
TI00008997,T0002969,P000018,3,32.67,98.01
TI00008998,T0002969,P000001,1,27.25,27.25
TI00008999,T0002970,P000004,3,39.36,118.08
TI00009000,T0002970,P000003,3,10.3,30.9
TI00009001,T0002971,P000016,1,49.09,49.09
TI00009002,T0002971,P000011,2,19.19,38.38
TI00009003,T0002971,P000014,3,24.75,74.25
TI00009004,T0002972,P000016,2,49.09,98.18
TI00009005,T0002972,P000002,3,56.39,169.17
TI00009006,T0002973,P000017,4,43.77,175.08
TI00009007,T0002973,P000014,1,24.75,24.75
TI00009008,T0002974,P000006,1,9.16,9.16
TI00009009,T0002974,P000007,1,44.35,44.35
TI00009010,T0002974,P000001,3,27.25,81.75
TI00009011,T0002974,P000020,4,58.91,235.64
TI00009012,T0002974,P000011,2,19.19,38.38
TI00009013,T0002975,P000006,3,9.16,27.48
TI00009014,T0002975,P000007,2,44.35,88.7
TI00009015,T0002975,P000008,1,52.62,52.62
TI00009016,T0002976,P000014,4,24.75,99.0
TI00009017,T0002976,P000002,1,56.39,56.39
TI00009018,T0002976,P000019,4,32.28,129.12
TI00009019,T0002976,P000005,1,49.07,49.07
TI00009020,T0002977,P000003,2,10.3,20.6
TI00009021,T0002978,P000005,1,49.07,49.07
TI00009022,T0002978,P000019,1,32.28,32.28
TI00009023,T0002978,P000020,2,58.91,117.82
TI00009024,T0002979,P000018,3,32.67,98.01
TI00009025,T0002979,P000004,4,39.36,157.44
TI00009026,T0002979,P000007,4,44.35,177.4
TI00009027,T0002980,P000001,1,27.25,27.25
TI00009028,T0002981,P000005,2,49.07,98.14
TI00009029,T0002981,P000017,2,43.77,87.54
TI00009030,T0002981,P000014,3,24.75,74.25
TI00009031,T0002981,P000001,2,27.25,54.5
TI00009032,T0002981,P000019,1,32.28,32.28
TI00009033,T0002982,P000019,4,32.28,129.12
TI00009034,T0002982,P000018,1,32.67,32.67
TI00009035,T0002983,P000009,1,33.09,33.09
TI00009036,T0002984,P000004,1,39.36,39.36
TI00009037,T0002984,P000005,3,49.07,147.21
TI00009038,T0002985,P000016,3,49.09,147.27
TI00009039,T0002986,P000018,1,32.67,32.67
TI00009040,T0002986,P000010,2,43.23,86.46
TI00009041,T0002986,P000009,1,33.09,33.09
TI00009042,T0002986,P000016,1,49.09,49.09
TI00009043,T0002987,P000007,2,44.35,88.7
TI00009044,T0002987,P000019,1,32.28,32.28
TI00009045,T0002987,P000016,2,49.09,98.18
TI00009046,T0002988,P000003,2,10.3,20.6
TI00009047,T0002988,P000007,2,44.35,88.7
TI00009048,T0002988,P000004,2,39.36,78.72
TI00009049,T0002989,P000013,3,13.19,39.57
TI00009050,T0002989,P000009,3,33.09,99.27
TI00009051,T0002989,P000010,1,43.23,43.23
TI00009052,T0002989,P000005,1,49.07,49.07
TI00009053,T0002990,P000008,2,52.62,105.24
TI00009054,T0002990,P000006,2,9.16,18.32
TI00009055,T0002990,P000020,1,58.91,58.91
TI00009056,T0002991,P000009,1,33.09,33.09
TI00009057,T0002991,P000008,2,52.62,105.24
TI00009058,T0002991,P000013,4,13.19,52.76
TI00009059,T0002991,P000007,3,44.35,133.05
TI00009060,T0002992,P000014,3,24.75,74.25
TI00009061,T0002993,P000003,4,10.3,41.2
TI00009062,T0002994,P000009,4,33.09,132.36
TI00009063,T0002994,P000002,4,56.39,225.56
TI00009064,T0002994,P000014,3,24.75,74.25
TI00009065,T0002995,P000008,3,52.62,157.86
TI00009066,T0002995,P000019,3,32.28,96.84
TI00009067,T0002995,P000015,2,49.37,98.74
TI00009068,T0002995,P000020,4,58.91,235.64
TI00009069,T0002995,P000011,4,19.19,76.76
TI00009070,T0002996,P000018,2,32.67,65.34
TI00009071,T0002997,P000015,1,49.37,49.37
TI00009072,T0002997,P000018,2,32.67,65.34
TI00009073,T0002997,P000008,1,52.62,52.62
TI00009074,T0002997,P000013,1,13.19,13.19
TI00009075,T0002997,P000016,4,49.09,196.36
TI00009076,T0002998,P000020,1,58.91,58.91
TI00009077,T0002998,P000002,3,56.39,169.17
TI00009078,T0002999,P000001,3,27.25,81.75
TI00009079,T0002999,P000013,4,13.19,52.76
TI00009080,T0003000,P000020,1,58.91,58.91
TI00009081,T0003000,P000007,3,44.35,133.05
TI00009082,T0003001,P000007,3,44.35,133.05
TI00009083,T0003001,P000018,3,32.67,98.01
TI00009084,T0003002,P000015,1,49.37,49.37
TI00009085,T0003002,P000003,1,10.3,10.3
TI00009086,T0003003,P000006,1,9.16,9.16
TI00009087,T0003003,P000009,4,33.09,132.36
TI00009088,T0003003,P000019,2,32.28,64.56
TI00009089,T0003003,P000003,2,10.3,20.6
TI00009090,T0003004,P000019,4,32.28,129.12
TI00009091,T0003005,P000014,4,24.75,99.0
TI00009092,T0003005,P000006,1,9.16,9.16
TI00009093,T0003005,P000008,2,52.62,105.24
TI00009094,T0003005,P000019,4,32.28,129.12
TI00009095,T0003006,P000017,4,43.77,175.08
TI00009096,T0003007,P000010,3,43.23,129.69
TI00009097,T0003007,P000004,2,39.36,78.72
TI00009098,T0003008,P000009,2,33.09,66.18
TI00009099,T0003008,P000011,1,19.19,19.19
TI00009100,T0003009,P000019,1,32.28,32.28
TI00009101,T0003009,P000016,4,49.09,196.36
TI00009102,T0003009,P000003,4,10.3,41.2
TI00009103,T0003009,P000018,1,32.67,32.67
TI00009104,T0003010,P000016,4,49.09,196.36
TI00009105,T0003011,P000016,2,49.09,98.18
TI00009106,T0003011,P000014,2,24.75,49.5
TI00009107,T0003012,P000004,4,39.36,157.44
TI00009108,T0003012,P000010,1,43.23,43.23
TI00009109,T0003012,P000014,1,24.75,24.75
TI00009110,T0003012,P000019,3,32.28,96.84
TI00009111,T0003012,P000017,4,43.77,175.08
TI00009112,T0003013,P000010,4,43.23,172.92
TI00009113,T0003013,P000001,3,27.25,81.75
TI00009114,T0003013,P000020,2,58.91,117.82
TI00009115,T0003013,P000006,1,9.16,9.16
TI00009116,T0003014,P000009,2,33.09,66.18
TI00009117,T0003014,P000004,4,39.36,157.44
TI00009118,T0003014,P000007,1,44.35,44.35
TI00009119,T0003014,P000014,2,24.75,49.5
TI00009120,T0003015,P000010,1,43.23,43.23
TI00009121,T0003016,P000011,3,19.19,57.57
TI00009122,T0003016,P000005,1,49.07,49.07
TI00009123,T0003016,P000020,2,58.91,117.82
TI00009124,T0003016,P000015,1,49.37,49.37
TI00009125,T0003017,P000006,2,9.16,18.32
TI00009126,T0003018,P000011,1,19.19,19.19
TI00009127,T0003018,P000018,3,32.67,98.01
TI00009128,T0003018,P000020,4,58.91,235.64
TI00009129,T0003018,P000019,3,32.28,96.84
TI00009130,T0003019,P000020,4,58.91,235.64
TI00009131,T0003019,P000007,4,44.35,177.4
TI00009132,T0003019,P000004,1,39.36,39.36
TI00009133,T0003019,P000008,4,52.62,210.48
TI00009134,T0003020,P000018,4,32.67,130.68
TI00009135,T0003021,P000002,3,56.39,169.17
TI00009136,T0003021,P000017,2,43.77,87.54
TI00009137,T0003021,P000005,2,49.07,98.14
TI00009138,T0003021,P000004,4,39.36,157.44
TI00009139,T0003022,P000014,2,24.75,49.5
TI00009140,T0003022,P000003,1,10.3,10.3
TI00009141,T0003023,P000020,4,58.91,235.64
TI00009142,T0003023,P000005,1,49.07,49.07
TI00009143,T0003023,P000009,3,33.09,99.27
TI00009144,T0003023,P000007,1,44.35,44.35
TI00009145,T0003024,P000008,1,52.62,52.62
TI00009146,T0003024,P000007,3,44.35,133.05
TI00009147,T0003024,P000003,2,10.3,20.6
TI00009148,T0003025,P000015,4,49.37,197.48
TI00009149,T0003025,P000018,1,32.67,32.67
TI00009150,T0003025,P000009,1,33.09,33.09
TI00009151,T0003025,P000011,4,19.19,76.76
TI00009152,T0003025,P000012,4,42.38,169.52
TI00009153,T0003026,P000008,4,52.62,210.48
TI00009154,T0003027,P000018,2,32.67,65.34
TI00009155,T0003027,P000016,1,49.09,49.09
TI00009156,T0003027,P000014,2,24.75,49.5
TI00009157,T0003027,P000009,4,33.09,132.36
TI00009158,T0003028,P000017,2,43.77,87.54
TI00009159,T0003029,P000020,2,58.91,117.82
TI00009160,T0003029,P000015,1,49.37,49.37
TI00009161,T0003030,P000019,2,32.28,64.56
TI00009162,T0003030,P000001,1,27.25,27.25
TI00009163,T0003031,P000018,4,32.67,130.68
TI00009164,T0003031,P000001,4,27.25,109.0
TI00009165,T0003031,P000002,2,56.39,112.78
TI00009166,T0003032,P000012,3,42.38,127.14
TI00009167,T0003032,P000004,4,39.36,157.44
TI00009168,T0003032,P000003,4,10.3,41.2
TI00009169,T0003032,P000016,3,49.09,147.27
TI00009170,T0003033,P000019,1,32.28,32.28
TI00009171,T0003033,P000013,1,13.19,13.19
TI00009172,T0003033,P000007,3,44.35,133.05
TI00009173,T0003033,P000004,4,39.36,157.44
TI00009174,T0003033,P000011,1,19.19,19.19
TI00009175,T0003034,P000019,4,32.28,129.12
TI00009176,T0003034,P000007,2,44.35,88.7
TI00009177,T0003034,P000011,4,19.19,76.76
TI00009178,T0003034,P000005,1,49.07,49.07
TI00009179,T0003034,P000009,4,33.09,132.36
TI00009180,T0003035,P000013,3,13.19,39.57
TI00009181,T0003035,P000003,2,10.3,20.6
TI00009182,T0003035,P000016,3,49.09,147.27
TI00009183,T0003035,P000001,2,27.25,54.5
TI00009184,T0003036,P000004,4,39.36,157.44
TI00009185,T0003037,P000004,1,39.36,39.36
TI00009186,T0003037,P000007,2,44.35,88.7
TI00009187,T0003037,P000020,4,58.91,235.64
TI00009188,T0003037,P000006,2,9.16,18.32
TI00009189,T0003037,P000016,1,49.09,49.09
TI00009190,T0003038,P000001,2,27.25,54.5
TI00009191,T0003038,P000015,3,49.37,148.11
TI00009192,T0003038,P000004,4,39.36,157.44
TI00009193,T0003038,P000020,4,58.91,235.64
TI00009194,T0003039,P000012,4,42.38,169.52
TI00009195,T0003039,P000019,2,32.28,64.56
TI00009196,T0003039,P000006,1,9.16,9.16
TI00009197,T0003039,P000004,4,39.36,157.44
TI00009198,T0003039,P000001,2,27.25,54.5
TI00009199,T0003040,P000008,4,52.62,210.48
TI00009200,T0003040,P000003,1,10.3,10.3
TI00009201,T0003040,P000002,3,56.39,169.17
TI00009202,T0003041,P000006,4,9.16,36.64
TI00009203,T0003041,P000016,3,49.09,147.27
TI00009204,T0003041,P000005,1,49.07,49.07
TI00009205,T0003042,P000013,3,13.19,39.57
TI00009206,T0003043,P000006,3,9.16,27.48
TI00009207,T0003043,P000013,2,13.19,26.38
TI00009208,T0003044,P000010,2,43.23,86.46
TI00009209,T0003044,P000007,3,44.35,133.05
TI00009210,T0003045,P000010,3,43.23,129.69
TI00009211,T0003045,P000015,2,49.37,98.74
TI00009212,T0003046,P000003,1,10.3,10.3
TI00009213,T0003046,P000017,1,43.77,43.77
TI00009214,T0003046,P000011,4,19.19,76.76
TI00009215,T0003046,P000007,3,44.35,133.05
TI00009216,T0003046,P000005,3,49.07,147.21
TI00009217,T0003047,P000005,1,49.07,49.07
TI00009218,T0003047,P000001,1,27.25,27.25
TI00009219,T0003048,P000020,1,58.91,58.91
TI00009220,T0003048,P000019,4,32.28,129.12
TI00009221,T0003048,P000002,1,56.39,56.39
TI00009222,T0003049,P000011,4,19.19,76.76
TI00009223,T0003049,P000016,1,49.09,49.09
TI00009224,T0003049,P000005,3,49.07,147.21
TI00009225,T0003049,P000010,3,43.23,129.69
TI00009226,T0003049,P000018,3,32.67,98.01
TI00009227,T0003050,P000011,2,19.19,38.38
TI00009228,T0003050,P000008,3,52.62,157.86
TI00009229,T0003050,P000003,3,10.3,30.9
TI00009230,T0003050,P000016,4,49.09,196.36
TI00009231,T0003050,P000010,1,43.23,43.23
TI00009232,T0003051,P000007,3,44.35,133.05
TI00009233,T0003052,P000019,3,32.28,96.84
TI00009234,T0003052,P000004,1,39.36,39.36
TI00009235,T0003053,P000009,2,33.09,66.18
TI00009236,T0003053,P000011,2,19.19,38.38
TI00009237,T0003053,P000015,4,49.37,197.48
TI00009238,T0003053,P000002,2,56.39,112.78
TI00009239,T0003054,P000019,3,32.28,96.84
TI00009240,T0003054,P000001,3,27.25,81.75
TI00009241,T0003054,P000002,4,56.39,225.56
TI00009242,T0003055,P000020,4,58.91,235.64
TI00009243,T0003055,P000013,2,13.19,26.38
TI00009244,T0003055,P000019,3,32.28,96.84
TI00009245,T0003055,P000009,4,33.09,132.36
TI00009246,T0003055,P000004,2,39.36,78.72
TI00009247,T0003056,P000016,1,49.09,49.09
TI00009248,T0003056,P000020,3,58.91,176.73
TI00009249,T0003056,P000007,4,44.35,177.4
TI00009250,T0003056,P000002,1,56.39,56.39
TI00009251,T0003056,P000019,1,32.28,32.28
TI00009252,T0003057,P000019,2,32.28,64.56
TI00009253,T0003057,P000018,2,32.67,65.34
TI00009254,T0003057,P000020,1,58.91,58.91
TI00009255,T0003057,P000002,1,56.39,56.39
TI00009256,T0003057,P000013,1,13.19,13.19
TI00009257,T0003058,P000009,1,33.09,33.09
TI00009258,T0003058,P000016,1,49.09,49.09
TI00009259,T0003058,P000007,4,44.35,177.4
TI00009260,T0003059,P000010,3,43.23,129.69
TI00009261,T0003059,P000015,1,49.37,49.37
TI00009262,T0003059,P000020,2,58.91,117.82
TI00009263,T0003059,P000012,4,42.38,169.52
TI00009264,T0003060,P000011,3,19.19,57.57
TI00009265,T0003061,P000005,4,49.07,196.28
TI00009266,T0003061,P000011,2,19.19,38.38
TI00009267,T0003061,P000020,3,58.91,176.73
TI00009268,T0003061,P000010,3,43.23,129.69
TI00009269,T0003061,P000017,3,43.77,131.31
TI00009270,T0003062,P000011,4,19.19,76.76
TI00009271,T0003062,P000014,4,24.75,99.0
TI00009272,T0003063,P000007,2,44.35,88.7
TI00009273,T0003063,P000015,2,49.37,98.74
TI00009274,T0003064,P000010,4,43.23,172.92
TI00009275,T0003064,P000019,3,32.28,96.84
TI00009276,T0003064,P000004,2,39.36,78.72
TI00009277,T0003064,P000016,4,49.09,196.36
TI00009278,T0003065,P000020,3,58.91,176.73
TI00009279,T0003066,P000009,2,33.09,66.18
TI00009280,T0003066,P000002,4,56.39,225.56
TI00009281,T0003066,P000011,3,19.19,57.57
TI00009282,T0003066,P000016,2,49.09,98.18
TI00009283,T0003067,P000011,3,19.19,57.57
TI00009284,T0003067,P000014,1,24.75,24.75
TI00009285,T0003067,P000009,3,33.09,99.27
TI00009286,T0003067,P000003,4,10.3,41.2
TI00009287,T0003068,P000020,2,58.91,117.82
TI00009288,T0003068,P000012,3,42.38,127.14
TI00009289,T0003068,P000018,3,32.67,98.01
TI00009290,T0003068,P000013,1,13.19,13.19
TI00009291,T0003068,P000008,1,52.62,52.62
TI00009292,T0003069,P000003,3,10.3,30.9
TI00009293,T0003069,P000020,1,58.91,58.91
TI00009294,T0003070,P000005,3,49.07,147.21
TI00009295,T0003070,P000003,3,10.3,30.9
TI00009296,T0003070,P000012,2,42.38,84.76
TI00009297,T0003070,P000008,4,52.62,210.48
TI00009298,T0003071,P000001,3,27.25,81.75
TI00009299,T0003071,P000018,4,32.67,130.68
TI00009300,T0003072,P000006,2,9.16,18.32
TI00009301,T0003072,P000010,1,43.23,43.23
TI00009302,T0003072,P000009,2,33.09,66.18
TI00009303,T0003072,P000016,1,49.09,49.09
TI00009304,T0003072,P000008,4,52.62,210.48
TI00009305,T0003073,P000016,4,49.09,196.36
TI00009306,T0003073,P000001,4,27.25,109.0
TI00009307,T0003073,P000003,1,10.3,10.3
TI00009308,T0003073,P000020,1,58.91,58.91
TI00009309,T0003073,P000004,2,39.36,78.72
TI00009310,T0003074,P000013,1,13.19,13.19
TI00009311,T0003074,P000005,3,49.07,147.21
TI00009312,T0003074,P000009,3,33.09,99.27
TI00009313,T0003074,P000007,2,44.35,88.7
TI00009314,T0003074,P000004,4,39.36,157.44
TI00009315,T0003075,P000014,2,24.75,49.5
TI00009316,T0003076,P000007,3,44.35,133.05
TI00009317,T0003076,P000001,2,27.25,54.5
TI00009318,T0003076,P000004,3,39.36,118.08
TI00009319,T0003076,P000017,1,43.77,43.77
TI00009320,T0003076,P000008,1,52.62,52.62
TI00009321,T0003077,P000011,3,19.19,57.57
TI00009322,T0003077,P000010,3,43.23,129.69
TI00009323,T0003077,P000001,1,27.25,27.25
TI00009324,T0003078,P000016,1,49.09,49.09
TI00009325,T0003079,P000003,4,10.3,41.2
TI00009326,T0003079,P000014,3,24.75,74.25
TI00009327,T0003079,P000018,3,32.67,98.01
TI00009328,T0003079,P000001,1,27.25,27.25
TI00009329,T0003079,P000012,4,42.38,169.52
TI00009330,T0003080,P000013,2,13.19,26.38
TI00009331,T0003080,P000008,4,52.62,210.48
TI00009332,T0003080,P000011,1,19.19,19.19
TI00009333,T0003080,P000019,4,32.28,129.12
TI00009334,T0003081,P000005,4,49.07,196.28
TI00009335,T0003082,P000018,3,32.67,98.01
TI00009336,T0003082,P000019,1,32.28,32.28
TI00009337,T0003082,P000016,1,49.09,49.09
TI00009338,T0003082,P000012,1,42.38,42.38
TI00009339,T0003083,P000011,4,19.19,76.76
TI00009340,T0003083,P000001,3,27.25,81.75
TI00009341,T0003084,P000016,3,49.09,147.27
TI00009342,T0003084,P000001,4,27.25,109.0
TI00009343,T0003084,P000005,4,49.07,196.28
TI00009344,T0003084,P000009,1,33.09,33.09
TI00009345,T0003084,P000013,1,13.19,13.19
TI00009346,T0003085,P000011,2,19.19,38.38
TI00009347,T0003085,P000014,2,24.75,49.5
TI00009348,T0003085,P000019,2,32.28,64.56
TI00009349,T0003086,P000016,3,49.09,147.27
TI00009350,T0003086,P000014,3,24.75,74.25
TI00009351,T0003087,P000012,2,42.38,84.76
TI00009352,T0003087,P000007,3,44.35,133.05
TI00009353,T0003087,P000003,3,10.3,30.9
TI00009354,T0003087,P000006,1,9.16,9.16
TI00009355,T0003088,P000015,4,49.37,197.48
TI00009356,T0003088,P000017,4,43.77,175.08
TI00009357,T0003088,P000006,2,9.16,18.32
TI00009358,T0003088,P000013,4,13.19,52.76
TI00009359,T0003088,P000012,2,42.38,84.76
TI00009360,T0003089,P000012,3,42.38,127.14
TI00009361,T0003089,P000001,3,27.25,81.75
TI00009362,T0003090,P000010,1,43.23,43.23
TI00009363,T0003091,P000018,2,32.67,65.34
TI00009364,T0003091,P000007,1,44.35,44.35
TI00009365,T0003091,P000013,3,13.19,39.57
TI00009366,T0003091,P000002,1,56.39,56.39
TI00009367,T0003092,P000020,1,58.91,58.91
TI00009368,T0003093,P000020,2,58.91,117.82
TI00009369,T0003094,P000008,2,52.62,105.24
TI00009370,T0003094,P000014,4,24.75,99.0
TI00009371,T0003094,P000007,3,44.35,133.05
TI00009372,T0003094,P000013,1,13.19,13.19
TI00009373,T0003095,P000003,1,10.3,10.3
TI00009374,T0003095,P000020,1,58.91,58.91
TI00009375,T0003095,P000012,2,42.38,84.76
TI00009376,T0003096,P000006,3,9.16,27.48
TI00009377,T0003096,P000019,3,32.28,96.84
TI00009378,T0003097,P000012,1,42.38,42.38
TI00009379,T0003097,P000003,4,10.3,41.2
TI00009380,T0003097,P000005,4,49.07,196.28
TI00009381,T0003097,P000014,1,24.75,24.75
TI00009382,T0003098,P000014,3,24.75,74.25
TI00009383,T0003099,P000006,2,9.16,18.32
TI00009384,T0003099,P000004,2,39.36,78.72
TI00009385,T0003099,P000011,4,19.19,76.76
TI00009386,T0003099,P000003,2,10.3,20.6
TI00009387,T0003100,P000013,2,13.19,26.38
TI00009388,T0003100,P000019,4,32.28,129.12
TI00009389,T0003100,P000015,3,49.37,148.11
TI00009390,T0003101,P000016,2,49.09,98.18
TI00009391,T0003102,P000006,1,9.16,9.16
TI00009392,T0003103,P000009,1,33.09,33.09
TI00009393,T0003103,P000008,4,52.62,210.48
TI00009394,T0003103,P000020,2,58.91,117.82
TI00009395,T0003103,P000005,4,49.07,196.28
TI00009396,T0003104,P000012,1,42.38,42.38
TI00009397,T0003104,P000006,3,9.16,27.48
TI00009398,T0003105,P000015,4,49.37,197.48
TI00009399,T0003105,P000010,4,43.23,172.92
TI00009400,T0003105,P000012,4,42.38,169.52
TI00009401,T0003106,P000013,3,13.19,39.57
TI00009402,T0003106,P000004,3,39.36,118.08
TI00009403,T0003106,P000009,3,33.09,99.27
TI00009404,T0003106,P000011,1,19.19,19.19
TI00009405,T0003107,P000018,3,32.67,98.01
TI00009406,T0003107,P000007,3,44.35,133.05
TI00009407,T0003107,P000009,2,33.09,66.18
TI00009408,T0003107,P000005,3,49.07,147.21
TI00009409,T0003108,P000018,1,32.67,32.67
TI00009410,T0003108,P000007,1,44.35,44.35
TI00009411,T0003108,P000016,3,49.09,147.27
TI00009412,T0003109,P000007,4,44.35,177.4
TI00009413,T0003109,P000013,3,13.19,39.57
TI00009414,T0003110,P000017,3,43.77,131.31
TI00009415,T0003110,P000018,4,32.67,130.68
TI00009416,T0003110,P000002,4,56.39,225.56
TI00009417,T0003110,P000011,3,19.19,57.57
TI00009418,T0003111,P000008,1,52.62,52.62
TI00009419,T0003111,P000015,3,49.37,148.11
TI00009420,T0003111,P000012,4,42.38,169.52
TI00009421,T0003111,P000016,2,49.09,98.18
TI00009422,T0003112,P000017,2,43.77,87.54
TI00009423,T0003112,P000012,3,42.38,127.14
TI00009424,T0003112,P000008,4,52.62,210.48
TI00009425,T0003112,P000011,4,19.19,76.76
TI00009426,T0003113,P000009,3,33.09,99.27
TI00009427,T0003114,P000019,4,32.28,129.12
TI00009428,T0003114,P000010,2,43.23,86.46
TI00009429,T0003115,P000001,4,27.25,109.0
TI00009430,T0003115,P000009,1,33.09,33.09
TI00009431,T0003116,P000011,4,19.19,76.76
TI00009432,T0003116,P000007,3,44.35,133.05
TI00009433,T0003117,P000013,1,13.19,13.19
TI00009434,T0003117,P000017,1,43.77,43.77
TI00009435,T0003117,P000018,3,32.67,98.01
TI00009436,T0003118,P000008,3,52.62,157.86
TI00009437,T0003118,P000005,4,49.07,196.28
TI00009438,T0003118,P000017,2,43.77,87.54
TI00009439,T0003119,P000006,1,9.16,9.16
TI00009440,T0003119,P000010,4,43.23,172.92
TI00009441,T0003119,P000008,3,52.62,157.86
TI00009442,T0003119,P000002,2,56.39,112.78
TI00009443,T0003119,P000013,4,13.19,52.76
TI00009444,T0003120,P000006,1,9.16,9.16
TI00009445,T0003120,P000018,1,32.67,32.67
TI00009446,T0003120,P000012,2,42.38,84.76
TI00009447,T0003120,P000019,1,32.28,32.28
TI00009448,T0003121,P000005,4,49.07,196.28
TI00009449,T0003121,P000015,1,49.37,49.37
TI00009450,T0003122,P000020,1,58.91,58.91
TI00009451,T0003122,P000014,2,24.75,49.5
TI00009452,T0003122,P000001,1,27.25,27.25
TI00009453,T0003122,P000017,2,43.77,87.54
TI00009454,T0003122,P000016,3,49.09,147.27
TI00009455,T0003123,P000003,2,10.3,20.6
TI00009456,T0003123,P000017,1,43.77,43.77
TI00009457,T0003123,P000012,2,42.38,84.76
TI00009458,T0003124,P000006,3,9.16,27.48
TI00009459,T0003124,P000002,1,56.39,56.39
TI00009460,T0003125,P000011,3,19.19,57.57
TI00009461,T0003125,P000010,4,43.23,172.92
TI00009462,T0003126,P000007,4,44.35,177.4
TI00009463,T0003126,P000015,4,49.37,197.48
TI00009464,T0003127,P000015,1,49.37,49.37
TI00009465,T0003127,P000017,3,43.77,131.31
TI00009466,T0003128,P000013,2,13.19,26.38
TI00009467,T0003128,P000020,1,58.91,58.91
TI00009468,T0003128,P000008,4,52.62,210.48
TI00009469,T0003128,P000009,2,33.09,66.18
TI00009470,T0003129,P000004,2,39.36,78.72
TI00009471,T0003129,P000016,1,49.09,49.09
TI00009472,T0003129,P000010,1,43.23,43.23
TI00009473,T0003130,P000019,4,32.28,129.12
TI00009474,T0003131,P000009,4,33.09,132.36
TI00009475,T0003131,P000020,2,58.91,117.82
TI00009476,T0003132,P000005,4,49.07,196.28
TI00009477,T0003132,P000007,4,44.35,177.4
TI00009478,T0003132,P000019,1,32.28,32.28
TI00009479,T0003132,P000010,2,43.23,86.46
TI00009480,T0003132,P000001,2,27.25,54.5
TI00009481,T0003133,P000001,3,27.25,81.75
TI00009482,T0003133,P000018,3,32.67,98.01
TI00009483,T0003133,P000020,3,58.91,176.73
TI00009484,T0003134,P000018,1,32.67,32.67
TI00009485,T0003134,P000002,4,56.39,225.56
TI00009486,T0003135,P000005,1,49.07,49.07
TI00009487,T0003135,P000006,3,9.16,27.48
TI00009488,T0003135,P000016,3,49.09,147.27
TI00009489,T0003135,P000020,4,58.91,235.64
TI00009490,T0003135,P000008,3,52.62,157.86
TI00009491,T0003136,P000016,3,49.09,147.27
TI00009492,T0003136,P000013,2,13.19,26.38
TI00009493,T0003136,P000018,3,32.67,98.01
TI00009494,T0003137,P000012,3,42.38,127.14
TI00009495,T0003137,P000008,4,52.62,210.48
TI00009496,T0003137,P000005,4,49.07,196.28
TI00009497,T0003137,P000014,4,24.75,99.0
TI00009498,T0003138,P000011,4,19.19,76.76
TI00009499,T0003138,P000009,2,33.09,66.18
TI00009500,T0003138,P000004,4,39.36,157.44
TI00009501,T0003138,P000020,3,58.91,176.73
TI00009502,T0003138,P000013,1,13.19,13.19
TI00009503,T0003139,P000006,4,9.16,36.64
TI00009504,T0003140,P000003,3,10.3,30.9
TI00009505,T0003140,P000009,2,33.09,66.18
TI00009506,T0003140,P000011,2,19.19,38.38
TI00009507,T0003140,P000006,3,9.16,27.48
TI00009508,T0003141,P000015,4,49.37,197.48
TI00009509,T0003141,P000007,2,44.35,88.7
TI00009510,T0003142,P000005,2,49.07,98.14
TI00009511,T0003142,P000009,3,33.09,99.27
TI00009512,T0003142,P000019,2,32.28,64.56
TI00009513,T0003142,P000002,3,56.39,169.17
TI00009514,T0003142,P000001,4,27.25,109.0
TI00009515,T0003143,P000011,3,19.19,57.57
TI00009516,T0003143,P000003,3,10.3,30.9
TI00009517,T0003144,P000007,4,44.35,177.4
TI00009518,T0003144,P000003,2,10.3,20.6
TI00009519,T0003144,P000001,4,27.25,109.0
TI00009520,T0003145,P000011,4,19.19,76.76
TI00009521,T0003145,P000003,4,10.3,41.2
TI00009522,T0003145,P000004,4,39.36,157.44
TI00009523,T0003145,P000009,4,33.09,132.36
TI00009524,T0003146,P000006,2,9.16,18.32
TI00009525,T0003146,P000017,2,43.77,87.54
TI00009526,T0003146,P000012,4,42.38,169.52
TI00009527,T0003146,P000018,2,32.67,65.34
TI00009528,T0003146,P000010,4,43.23,172.92
TI00009529,T0003147,P000007,2,44.35,88.7
TI00009530,T0003147,P000005,1,49.07,49.07
TI00009531,T0003147,P000019,1,32.28,32.28
TI00009532,T0003148,P000005,3,49.07,147.21
TI00009533,T0003148,P000009,1,33.09,33.09
TI00009534,T0003149,P000006,2,9.16,18.32
TI00009535,T0003149,P000014,3,24.75,74.25
TI00009536,T0003150,P000011,2,19.19,38.38
TI00009537,T0003151,P000018,3,32.67,98.01
TI00009538,T0003151,P000013,4,13.19,52.76
TI00009539,T0003151,P000019,2,32.28,64.56
TI00009540,T0003151,P000003,3,10.3,30.9
TI00009541,T0003151,P000012,3,42.38,127.14
TI00009542,T0003152,P000003,2,10.3,20.6
TI00009543,T0003152,P000009,2,33.09,66.18
TI00009544,T0003152,P000008,4,52.62,210.48
TI00009545,T0003152,P000019,3,32.28,96.84
TI00009546,T0003153,P000019,3,32.28,96.84
TI00009547,T0003153,P000009,1,33.09,33.09
TI00009548,T0003154,P000002,1,56.39,56.39
TI00009549,T0003154,P000019,3,32.28,96.84
TI00009550,T0003154,P000005,2,49.07,98.14
TI00009551,T0003154,P000001,2,27.25,54.5
TI00009552,T0003155,P000013,1,13.19,13.19
TI00009553,T0003155,P000001,2,27.25,54.5
TI00009554,T0003155,P000010,3,43.23,129.69
TI00009555,T0003156,P000016,1,49.09,49.09
TI00009556,T0003157,P000012,1,42.38,42.38
TI00009557,T0003157,P000010,3,43.23,129.69
TI00009558,T0003157,P000020,2,58.91,117.82
TI00009559,T0003158,P000001,3,27.25,81.75
TI00009560,T0003158,P000009,3,33.09,99.27
TI00009561,T0003158,P000019,2,32.28,64.56
TI00009562,T0003158,P000003,1,10.3,10.3
TI00009563,T0003159,P000002,1,56.39,56.39
TI00009564,T0003159,P000020,4,58.91,235.64
TI00009565,T0003159,P000017,3,43.77,131.31
TI00009566,T0003160,P000012,3,42.38,127.14
TI00009567,T0003160,P000006,1,9.16,9.16
TI00009568,T0003160,P000010,3,43.23,129.69
TI00009569,T0003160,P000016,2,49.09,98.18
TI00009570,T0003161,P000012,1,42.38,42.38
TI00009571,T0003162,P000016,3,49.09,147.27
TI00009572,T0003162,P000001,1,27.25,27.25
TI00009573,T0003162,P000006,4,9.16,36.64
TI00009574,T0003163,P000004,2,39.36,78.72
TI00009575,T0003163,P000008,3,52.62,157.86
TI00009576,T0003163,P000009,4,33.09,132.36
TI00009577,T0003163,P000018,2,32.67,65.34
TI00009578,T0003163,P000017,3,43.77,131.31
TI00009579,T0003164,P000018,1,32.67,32.67
TI00009580,T0003164,P000006,2,9.16,18.32
TI00009581,T0003164,P000016,1,49.09,49.09
TI00009582,T0003165,P000019,4,32.28,129.12
TI00009583,T0003165,P000014,4,24.75,99.0
TI00009584,T0003166,P000016,2,49.09,98.18
TI00009585,T0003166,P000011,2,19.19,38.38
TI00009586,T0003166,P000002,2,56.39,112.78
TI00009587,T0003166,P000012,2,42.38,84.76
TI00009588,T0003166,P000001,4,27.25,109.0
TI00009589,T0003167,P000008,2,52.62,105.24
TI00009590,T0003167,P000017,4,43.77,175.08
TI00009591,T0003168,P000007,1,44.35,44.35
TI00009592,T0003169,P000007,3,44.35,133.05
TI00009593,T0003169,P000005,4,49.07,196.28
TI00009594,T0003169,P000006,1,9.16,9.16
TI00009595,T0003170,P000004,1,39.36,39.36
TI00009596,T0003170,P000010,2,43.23,86.46
TI00009597,T0003170,P000005,4,49.07,196.28
TI00009598,T0003171,P000018,3,32.67,98.01
TI00009599,T0003171,P000019,2,32.28,64.56
TI00009600,T0003171,P000006,2,9.16,18.32
TI00009601,T0003172,P000019,3,32.28,96.84
TI00009602,T0003172,P000001,3,27.25,81.75
TI00009603,T0003172,P000020,3,58.91,176.73
TI00009604,T0003173,P000013,1,13.19,13.19
TI00009605,T0003173,P000012,1,42.38,42.38
TI00009606,T0003173,P000014,4,24.75,99.0
TI00009607,T0003173,P000011,4,19.19,76.76
TI00009608,T0003173,P000018,1,32.67,32.67
TI00009609,T0003174,P000016,2,49.09,98.18
TI00009610,T0003174,P000012,4,42.38,169.52
TI00009611,T0003174,P000002,3,56.39,169.17
TI00009612,T0003175,P000010,3,43.23,129.69
TI00009613,T0003175,P000004,1,39.36,39.36
TI00009614,T0003176,P000007,2,44.35,88.7
TI00009615,T0003177,P000016,1,49.09,49.09
TI00009616,T0003177,P000007,4,44.35,177.4
TI00009617,T0003177,P000017,3,43.77,131.31
TI00009618,T0003177,P000020,1,58.91,58.91
TI00009619,T0003178,P000019,1,32.28,32.28
TI00009620,T0003178,P000011,3,19.19,57.57
TI00009621,T0003178,P000004,4,39.36,157.44
TI00009622,T0003179,P000015,1,49.37,49.37
TI00009623,T0003179,P000019,2,32.28,64.56
TI00009624,T0003179,P000008,4,52.62,210.48
TI00009625,T0003179,P000017,1,43.77,43.77
TI00009626,T0003180,P000001,2,27.25,54.5
TI00009627,T0003180,P000007,1,44.35,44.35
TI00009628,T0003180,P000012,1,42.38,42.38
TI00009629,T0003180,P000008,1,52.62,52.62
TI00009630,T0003181,P000019,1,32.28,32.28
TI00009631,T0003181,P000002,1,56.39,56.39
TI00009632,T0003181,P000016,1,49.09,49.09
TI00009633,T0003181,P000017,4,43.77,175.08
TI00009634,T0003182,P000001,3,27.25,81.75
TI00009635,T0003183,P000004,2,39.36,78.72
TI00009636,T0003183,P000010,1,43.23,43.23
TI00009637,T0003184,P000008,3,52.62,157.86
TI00009638,T0003184,P000020,4,58.91,235.64
TI00009639,T0003184,P000006,3,9.16,27.48
TI00009640,T0003185,P000010,2,43.23,86.46
TI00009641,T0003186,P000011,2,19.19,38.38
TI00009642,T0003186,P000005,2,49.07,98.14
TI00009643,T0003187,P000019,1,32.28,32.28
TI00009644,T0003187,P000006,3,9.16,27.48
TI00009645,T0003187,P000001,4,27.25,109.0
TI00009646,T0003188,P000014,1,24.75,24.75
TI00009647,T0003188,P000017,2,43.77,87.54
TI00009648,T0003189,P000018,2,32.67,65.34
TI00009649,T0003189,P000003,1,10.3,10.3
TI00009650,T0003189,P000002,4,56.39,225.56
TI00009651,T0003189,P000008,1,52.62,52.62
TI00009652,T0003190,P000005,4,49.07,196.28
TI00009653,T0003190,P000012,1,42.38,42.38
TI00009654,T0003191,P000012,1,42.38,42.38
TI00009655,T0003192,P000017,1,43.77,43.77
TI00009656,T0003192,P000020,1,58.91,58.91
TI00009657,T0003192,P000013,2,13.19,26.38
TI00009658,T0003193,P000007,3,44.35,133.05
TI00009659,T0003193,P000002,3,56.39,169.17
TI00009660,T0003193,P000012,2,42.38,84.76
TI00009661,T0003193,P000005,3,49.07,147.21
TI00009662,T0003193,P000010,4,43.23,172.92
TI00009663,T0003194,P000019,4,32.28,129.12
TI00009664,T0003194,P000009,2,33.09,66.18
TI00009665,T0003194,P000004,4,39.36,157.44
TI00009666,T0003194,P000010,3,43.23,129.69
TI00009667,T0003194,P000002,4,56.39,225.56
TI00009668,T0003195,P000008,2,52.62,105.24
TI00009669,T0003195,P000001,4,27.25,109.0
TI00009670,T0003195,P000020,4,58.91,235.64
TI00009671,T0003195,P000019,3,32.28,96.84
TI00009672,T0003196,P000015,1,49.37,49.37
TI00009673,T0003196,P000002,3,56.39,169.17
TI00009674,T0003196,P000007,2,44.35,88.7
TI00009675,T0003196,P000005,4,49.07,196.28
TI00009676,T0003197,P000016,4,49.09,196.36
TI00009677,T0003197,P000018,3,32.67,98.01
TI00009678,T0003197,P000002,1,56.39,56.39
TI00009679,T0003197,P000017,4,43.77,175.08
TI00009680,T0003197,P000007,3,44.35,133.05
TI00009681,T0003198,P000020,1,58.91,58.91
TI00009682,T0003198,P000001,1,27.25,27.25
TI00009683,T0003199,P000010,3,43.23,129.69
TI00009684,T0003199,P000012,2,42.38,84.76
TI00009685,T0003199,P000008,1,52.62,52.62
TI00009686,T0003200,P000009,1,33.09,33.09
TI00009687,T0003200,P000017,3,43.77,131.31
TI00009688,T0003201,P000015,4,49.37,197.48
TI00009689,T0003201,P000019,3,32.28,96.84
TI00009690,T0003201,P000003,4,10.3,41.2
TI00009691,T0003201,P000006,3,9.16,27.48
TI00009692,T0003201,P000012,3,42.38,127.14
TI00009693,T0003202,P000007,4,44.35,177.4
TI00009694,T0003203,P000007,4,44.35,177.4
TI00009695,T0003203,P000018,3,32.67,98.01
TI00009696,T0003204,P000005,4,49.07,196.28
TI00009697,T0003204,P000003,2,10.3,20.6
TI00009698,T0003204,P000011,2,19.19,38.38
TI00009699,T0003205,P000009,3,33.09,99.27
TI00009700,T0003205,P000007,3,44.35,133.05
TI00009701,T0003205,P000017,3,43.77,131.31
TI00009702,T0003205,P000011,1,19.19,19.19
TI00009703,T0003205,P000003,3,10.3,30.9
TI00009704,T0003206,P000010,4,43.23,172.92
TI00009705,T0003206,P000004,3,39.36,118.08
TI00009706,T0003206,P000016,1,49.09,49.09
TI00009707,T0003206,P000003,1,10.3,10.3
TI00009708,T0003207,P000011,1,19.19,19.19
TI00009709,T0003207,P000009,2,33.09,66.18
TI00009710,T0003207,P000020,2,58.91,117.82
TI00009711,T0003208,P000011,4,19.19,76.76
TI00009712,T0003209,P000015,3,49.37,148.11
TI00009713,T0003209,P000018,1,32.67,32.67
TI00009714,T0003209,P000020,3,58.91,176.73
TI00009715,T0003210,P000019,3,32.28,96.84
TI00009716,T0003210,P000002,4,56.39,225.56
TI00009717,T0003210,P000003,1,10.3,10.3
TI00009718,T0003210,P000020,4,58.91,235.64
TI00009719,T0003210,P000006,3,9.16,27.48
TI00009720,T0003211,P000001,2,27.25,54.5
TI00009721,T0003212,P000007,3,44.35,133.05
TI00009722,T0003212,P000001,2,27.25,54.5
TI00009723,T0003212,P000011,3,19.19,57.57
TI00009724,T0003213,P000002,4,56.39,225.56
TI00009725,T0003213,P000001,3,27.25,81.75
TI00009726,T0003213,P000016,4,49.09,196.36
TI00009727,T0003213,P000007,1,44.35,44.35
TI00009728,T0003213,P000008,3,52.62,157.86
TI00009729,T0003214,P000008,3,52.62,157.86
TI00009730,T0003214,P000015,1,49.37,49.37
TI00009731,T0003214,P000020,1,58.91,58.91
TI00009732,T0003215,P000019,3,32.28,96.84
TI00009733,T0003215,P000009,3,33.09,99.27
TI00009734,T0003215,P000016,3,49.09,147.27
TI00009735,T0003215,P000017,3,43.77,131.31
TI00009736,T0003215,P000011,3,19.19,57.57
TI00009737,T0003216,P000009,2,33.09,66.18
TI00009738,T0003216,P000016,4,49.09,196.36
TI00009739,T0003216,P000017,1,43.77,43.77
TI00009740,T0003217,P000014,2,24.75,49.5
TI00009741,T0003217,P000001,4,27.25,109.0
TI00009742,T0003217,P000019,2,32.28,64.56
TI00009743,T0003218,P000020,4,58.91,235.64
TI00009744,T0003219,P000013,4,13.19,52.76
TI00009745,T0003220,P000018,1,32.67,32.67
TI00009746,T0003220,P000012,3,42.38,127.14
TI00009747,T0003221,P000012,2,42.38,84.76
TI00009748,T0003221,P000009,2,33.09,66.18
TI00009749,T0003221,P000018,4,32.67,130.68
TI00009750,T0003222,P000014,3,24.75,74.25
TI00009751,T0003223,P000019,1,32.28,32.28
TI00009752,T0003223,P000010,1,43.23,43.23
TI00009753,T0003224,P000013,2,13.19,26.38
TI00009754,T0003224,P000010,2,43.23,86.46
TI00009755,T0003224,P000008,3,52.62,157.86
TI00009756,T0003224,P000014,2,24.75,49.5
TI00009757,T0003225,P000002,3,56.39,169.17
TI00009758,T0003226,P000012,1,42.38,42.38
TI00009759,T0003226,P000006,3,9.16,27.48
TI00009760,T0003227,P000020,4,58.91,235.64
TI00009761,T0003227,P000001,3,27.25,81.75
TI00009762,T0003227,P000019,1,32.28,32.28
TI00009763,T0003227,P000006,4,9.16,36.64
TI00009764,T0003227,P000007,1,44.35,44.35
TI00009765,T0003228,P000014,1,24.75,24.75
TI00009766,T0003229,P000018,2,32.67,65.34
TI00009767,T0003229,P000009,4,33.09,132.36
TI00009768,T0003229,P000005,1,49.07,49.07
TI00009769,T0003229,P000012,3,42.38,127.14
TI00009770,T0003230,P000013,2,13.19,26.38
TI00009771,T0003230,P000015,1,49.37,49.37
TI00009772,T0003231,P000006,3,9.16,27.48
TI00009773,T0003232,P000020,3,58.91,176.73
TI00009774,T0003232,P000002,3,56.39,169.17
TI00009775,T0003232,P000012,2,42.38,84.76
TI00009776,T0003232,P000011,4,19.19,76.76
TI00009777,T0003232,P000015,3,49.37,148.11
TI00009778,T0003233,P000015,1,49.37,49.37
TI00009779,T0003233,P000017,4,43.77,175.08
TI00009780,T0003233,P000004,4,39.36,157.44
TI00009781,T0003233,P000020,3,58.91,176.73
TI00009782,T0003233,P000018,1,32.67,32.67
TI00009783,T0003234,P000001,4,27.25,109.0
TI00009784,T0003234,P000005,1,49.07,49.07
TI00009785,T0003234,P000011,2,19.19,38.38
TI00009786,T0003234,P000003,3,10.3,30.9
TI00009787,T0003234,P000002,1,56.39,56.39
TI00009788,T0003235,P000013,1,13.19,13.19
TI00009789,T0003235,P000018,3,32.67,98.01
TI00009790,T0003236,P000010,2,43.23,86.46
TI00009791,T0003236,P000006,4,9.16,36.64
TI00009792,T0003237,P000019,3,32.28,96.84
TI00009793,T0003237,P000009,2,33.09,66.18
TI00009794,T0003237,P000011,1,19.19,19.19
TI00009795,T0003238,P000007,3,44.35,133.05
TI00009796,T0003239,P000016,4,49.09,196.36
TI00009797,T0003239,P000013,4,13.19,52.76
TI00009798,T0003239,P000010,3,43.23,129.69
TI00009799,T0003240,P000003,2,10.3,20.6
TI00009800,T0003240,P000012,4,42.38,169.52
TI00009801,T0003240,P000002,1,56.39,56.39
TI00009802,T0003240,P000005,4,49.07,196.28
TI00009803,T0003241,P000005,4,49.07,196.28
TI00009804,T0003241,P000004,2,39.36,78.72
TI00009805,T0003241,P000013,4,13.19,52.76
TI00009806,T0003242,P000018,2,32.67,65.34
TI00009807,T0003242,P000001,2,27.25,54.5
TI00009808,T0003242,P000015,4,49.37,197.48
TI00009809,T0003243,P000011,1,19.19,19.19
TI00009810,T0003243,P000018,4,32.67,130.68
TI00009811,T0003243,P000010,4,43.23,172.92
TI00009812,T0003243,P000012,3,42.38,127.14
TI00009813,T0003244,P000017,1,43.77,43.77
TI00009814,T0003245,P000016,4,49.09,196.36
TI00009815,T0003246,P000007,2,44.35,88.7
TI00009816,T0003246,P000001,2,27.25,54.5
TI00009817,T0003246,P000018,2,32.67,65.34
TI00009818,T0003246,P000013,1,13.19,13.19
TI00009819,T0003246,P000020,3,58.91,176.73
TI00009820,T0003247,P000007,4,44.35,177.4
TI00009821,T0003247,P000019,2,32.28,64.56
TI00009822,T0003248,P000012,4,42.38,169.52
TI00009823,T0003249,P000009,1,33.09,33.09
TI00009824,T0003250,P000001,2,27.25,54.5
TI00009825,T0003251,P000002,4,56.39,225.56
TI00009826,T0003251,P000005,1,49.07,49.07
TI00009827,T0003251,P000013,2,13.19,26.38
TI00009828,T0003252,P000004,1,39.36,39.36
TI00009829,T0003252,P000011,3,19.19,57.57
TI00009830,T0003252,P000001,3,27.25,81.75
TI00009831,T0003253,P000017,4,43.77,175.08
TI00009832,T0003254,P000004,1,39.36,39.36
TI00009833,T0003254,P000020,2,58.91,117.82
TI00009834,T0003254,P000014,3,24.75,74.25
TI00009835,T0003254,P000001,4,27.25,109.0
TI00009836,T0003255,P000018,2,32.67,65.34
TI00009837,T0003256,P000012,1,42.38,42.38
TI00009838,T0003256,P000016,1,49.09,49.09
TI00009839,T0003256,P000019,3,32.28,96.84
TI00009840,T0003257,P000009,2,33.09,66.18
TI00009841,T0003258,P000017,3,43.77,131.31
TI00009842,T0003258,P000018,2,32.67,65.34
TI00009843,T0003258,P000013,1,13.19,13.19
TI00009844,T0003258,P000011,4,19.19,76.76
TI00009845,T0003258,P000010,2,43.23,86.46
TI00009846,T0003259,P000015,2,49.37,98.74
TI00009847,T0003259,P000013,2,13.19,26.38
TI00009848,T0003260,P000006,4,9.16,36.64
TI00009849,T0003260,P000017,1,43.77,43.77
TI00009850,T0003260,P000018,1,32.67,32.67
TI00009851,T0003260,P000012,2,42.38,84.76
TI00009852,T0003260,P000001,1,27.25,27.25
TI00009853,T0003261,P000020,4,58.91,235.64
TI00009854,T0003261,P000006,2,9.16,18.32
TI00009855,T0003262,P000001,2,27.25,54.5
TI00009856,T0003262,P000009,3,33.09,99.27
TI00009857,T0003263,P000013,4,13.19,52.76
TI00009858,T0003263,P000008,3,52.62,157.86
TI00009859,T0003264,P000005,1,49.07,49.07
TI00009860,T0003264,P000018,2,32.67,65.34
TI00009861,T0003264,P000017,3,43.77,131.31
TI00009862,T0003265,P000015,1,49.37,49.37
TI00009863,T0003266,P000014,2,24.75,49.5
TI00009864,T0003266,P000018,4,32.67,130.68
TI00009865,T0003266,P000009,4,33.09,132.36
TI00009866,T0003266,P000008,3,52.62,157.86
TI00009867,T0003266,P000017,2,43.77,87.54
TI00009868,T0003267,P000014,3,24.75,74.25
TI00009869,T0003267,P000005,4,49.07,196.28
TI00009870,T0003268,P000019,1,32.28,32.28
TI00009871,T0003269,P000020,4,58.91,235.64
TI00009872,T0003269,P000012,1,42.38,42.38
TI00009873,T0003270,P000009,3,33.09,99.27
TI00009874,T0003270,P000018,4,32.67,130.68
TI00009875,T0003270,P000013,1,13.19,13.19
TI00009876,T0003270,P000010,1,43.23,43.23
TI00009877,T0003271,P000003,3,10.3,30.9
TI00009878,T0003272,P000014,3,24.75,74.25
TI00009879,T0003272,P000016,2,49.09,98.18
TI00009880,T0003273,P000018,2,32.67,65.34
TI00009881,T0003273,P000008,3,52.62,157.86
TI00009882,T0003274,P000009,1,33.09,33.09
TI00009883,T0003274,P000014,1,24.75,24.75
TI00009884,T0003274,P000010,1,43.23,43.23
TI00009885,T0003274,P000007,3,44.35,133.05
TI00009886,T0003274,P000018,3,32.67,98.01
TI00009887,T0003275,P000015,4,49.37,197.48
TI00009888,T0003276,P000009,2,33.09,66.18
TI00009889,T0003276,P000008,1,52.62,52.62
TI00009890,T0003276,P000016,4,49.09,196.36
TI00009891,T0003276,P000005,1,49.07,49.07
TI00009892,T0003277,P000008,4,52.62,210.48
TI00009893,T0003277,P000007,1,44.35,44.35
TI00009894,T0003277,P000014,4,24.75,99.0
TI00009895,T0003277,P000016,4,49.09,196.36
TI00009896,T0003277,P000003,2,10.3,20.6
TI00009897,T0003278,P000009,3,33.09,99.27
TI00009898,T0003279,P000003,3,10.3,30.9
TI00009899,T0003280,P000020,3,58.91,176.73
TI00009900,T0003280,P000007,4,44.35,177.4
TI00009901,T0003280,P000013,1,13.19,13.19
TI00009902,T0003280,P000008,2,52.62,105.24
TI00009903,T0003280,P000006,1,9.16,9.16
TI00009904,T0003281,P000012,4,42.38,169.52
TI00009905,T0003281,P000004,2,39.36,78.72
TI00009906,T0003281,P000007,4,44.35,177.4
TI00009907,T0003282,P000012,4,42.38,169.52
TI00009908,T0003282,P000013,2,13.19,26.38
TI00009909,T0003283,P000005,1,49.07,49.07
TI00009910,T0003283,P000019,4,32.28,129.12
TI00009911,T0003283,P000001,1,27.25,27.25
TI00009912,T0003283,P000004,2,39.36,78.72
TI00009913,T0003283,P000012,4,42.38,169.52
TI00009914,T0003284,P000011,4,19.19,76.76
TI00009915,T0003284,P000020,3,58.91,176.73
TI00009916,T0003284,P000002,2,56.39,112.78
TI00009917,T0003284,P000004,4,39.36,157.44
TI00009918,T0003285,P000001,2,27.25,54.5
TI00009919,T0003286,P000011,4,19.19,76.76
TI00009920,T0003286,P000012,1,42.38,42.38
TI00009921,T0003287,P000011,4,19.19,76.76
TI00009922,T0003287,P000010,4,43.23,172.92
TI00009923,T0003287,P000020,3,58.91,176.73
TI00009924,T0003287,P000006,1,9.16,9.16
TI00009925,T0003287,P000009,2,33.09,66.18
TI00009926,T0003288,P000012,3,42.38,127.14
TI00009927,T0003288,P000011,4,19.19,76.76
TI00009928,T0003288,P000019,2,32.28,64.56
TI00009929,T0003288,P000013,4,13.19,52.76
TI00009930,T0003289,P000001,3,27.25,81.75
TI00009931,T0003289,P000002,4,56.39,225.56
TI00009932,T0003289,P000005,3,49.07,147.21
TI00009933,T0003290,P000016,4,49.09,196.36
TI00009934,T0003290,P000001,2,27.25,54.5
TI00009935,T0003290,P000011,4,19.19,76.76
TI00009936,T0003291,P000001,3,27.25,81.75
TI00009937,T0003291,P000011,3,19.19,57.57
TI00009938,T0003292,P000014,3,24.75,74.25
TI00009939,T0003292,P000015,3,49.37,148.11
TI00009940,T0003292,P000011,3,19.19,57.57
TI00009941,T0003292,P000001,1,27.25,27.25
TI00009942,T0003292,P000019,3,32.28,96.84
TI00009943,T0003293,P000004,1,39.36,39.36
TI00009944,T0003293,P000013,2,13.19,26.38
TI00009945,T0003293,P000010,4,43.23,172.92
TI00009946,T0003293,P000011,2,19.19,38.38
TI00009947,T0003294,P000017,4,43.77,175.08
TI00009948,T0003294,P000001,2,27.25,54.5
TI00009949,T0003294,P000008,1,52.62,52.62
TI00009950,T0003294,P000002,4,56.39,225.56
TI00009951,T0003295,P000012,3,42.38,127.14
TI00009952,T0003295,P000011,4,19.19,76.76
TI00009953,T0003295,P000013,1,13.19,13.19
TI00009954,T0003296,P000019,2,32.28,64.56
TI00009955,T0003297,P000011,1,19.19,19.19
TI00009956,T0003298,P000013,3,13.19,39.57
TI00009957,T0003298,P000008,3,52.62,157.86
TI00009958,T0003298,P000003,1,10.3,10.3
TI00009959,T0003298,P000009,4,33.09,132.36
TI00009960,T0003298,P000018,4,32.67,130.68
TI00009961,T0003299,P000009,2,33.09,66.18
TI00009962,T0003300,P000020,1,58.91,58.91
TI00009963,T0003300,P000004,2,39.36,78.72
TI00009964,T0003300,P000019,3,32.28,96.84
TI00009965,T0003300,P000006,2,9.16,18.32
TI00009966,T0003301,P000009,2,33.09,66.18
TI00009967,T0003301,P000014,2,24.75,49.5
TI00009968,T0003301,P000005,4,49.07,196.28
TI00009969,T0003301,P000018,1,32.67,32.67
TI00009970,T0003301,P000016,2,49.09,98.18
TI00009971,T0003302,P000007,4,44.35,177.4
TI00009972,T0003302,P000015,1,49.37,49.37
TI00009973,T0003303,P000001,2,27.25,54.5
TI00009974,T0003303,P000010,3,43.23,129.69
TI00009975,T0003303,P000011,2,19.19,38.38
TI00009976,T0003303,P000018,1,32.67,32.67
TI00009977,T0003304,P000005,1,49.07,49.07
TI00009978,T0003304,P000009,1,33.09,33.09
TI00009979,T0003305,P000004,4,39.36,157.44
TI00009980,T0003305,P000001,2,27.25,54.5
TI00009981,T0003305,P000016,3,49.09,147.27
TI00009982,T0003305,P000009,4,33.09,132.36
TI00009983,T0003306,P000015,2,49.37,98.74
TI00009984,T0003306,P000009,2,33.09,66.18
TI00009985,T0003306,P000001,1,27.25,27.25
TI00009986,T0003306,P000020,4,58.91,235.64
TI00009987,T0003307,P000015,3,49.37,148.11
TI00009988,T0003307,P000013,3,13.19,39.57
TI00009989,T0003307,P000014,4,24.75,99.0
TI00009990,T0003308,P000005,1,49.07,49.07
TI00009991,T0003309,P000020,2,58.91,117.82
TI00009992,T0003310,P000014,1,24.75,24.75
TI00009993,T0003310,P000004,3,39.36,118.08
TI00009994,T0003310,P000013,3,13.19,39.57
TI00009995,T0003310,P000010,4,43.23,172.92
TI00009996,T0003311,P000013,2,13.19,26.38
TI00009997,T0003311,P000004,1,39.36,39.36
TI00009998,T0003311,P000016,2,49.09,98.18
TI00009999,T0003311,P000001,4,27.25,109.0
TI00010000,T0003311,P000009,2,33.09,66.18
TI00010001,T0003312,P000014,1,24.75,24.75
TI00010002,T0003312,P000019,3,32.28,96.84
TI00010003,T0003312,P000009,4,33.09,132.36
TI00010004,T0003313,P000010,3,43.23,129.69
TI00010005,T0003313,P000012,1,42.38,42.38
TI00010006,T0003313,P000018,3,32.67,98.01
TI00010007,T0003313,P000017,2,43.77,87.54
TI00010008,T0003314,P000019,2,32.28,64.56
TI00010009,T0003314,P000003,2,10.3,20.6
TI00010010,T0003315,P000009,3,33.09,99.27
TI00010011,T0003315,P000012,4,42.38,169.52
TI00010012,T0003315,P000011,2,19.19,38.38
TI00010013,T0003315,P000020,3,58.91,176.73
TI00010014,T0003316,P000014,3,24.75,74.25
TI00010015,T0003317,P000017,4,43.77,175.08
TI00010016,T0003317,P000007,1,44.35,44.35
TI00010017,T0003318,P000007,3,44.35,133.05
TI00010018,T0003318,P000019,2,32.28,64.56
TI00010019,T0003318,P000011,2,19.19,38.38
TI00010020,T0003318,P000008,3,52.62,157.86
TI00010021,T0003318,P000005,3,49.07,147.21
TI00010022,T0003319,P000005,4,49.07,196.28
TI00010023,T0003319,P000018,2,32.67,65.34
TI00010024,T0003319,P000009,4,33.09,132.36
TI00010025,T0003319,P000014,1,24.75,24.75
TI00010026,T0003320,P000006,1,9.16,9.16
TI00010027,T0003321,P000015,1,49.37,49.37
TI00010028,T0003321,P000020,3,58.91,176.73
TI00010029,T0003322,P000004,1,39.36,39.36
TI00010030,T0003322,P000006,1,9.16,9.16
TI00010031,T0003322,P000020,1,58.91,58.91
TI00010032,T0003322,P000019,4,32.28,129.12
TI00010033,T0003323,P000004,2,39.36,78.72
TI00010034,T0003323,P000009,3,33.09,99.27
TI00010035,T0003324,P000011,3,19.19,57.57
TI00010036,T0003324,P000006,2,9.16,18.32
TI00010037,T0003324,P000007,1,44.35,44.35
TI00010038,T0003325,P000007,2,44.35,88.7
TI00010039,T0003325,P000012,4,42.38,169.52
TI00010040,T0003325,P000009,1,33.09,33.09
TI00010041,T0003325,P000013,2,13.19,26.38
TI00010042,T0003325,P000017,2,43.77,87.54
TI00010043,T0003326,P000001,3,27.25,81.75
TI00010044,T0003326,P000010,2,43.23,86.46
TI00010045,T0003326,P000018,2,32.67,65.34
TI00010046,T0003326,P000016,2,49.09,98.18
TI00010047,T0003327,P000005,2,49.07,98.14
TI00010048,T0003327,P000008,4,52.62,210.48
TI00010049,T0003328,P000018,1,32.67,32.67
TI00010050,T0003328,P000012,1,42.38,42.38
TI00010051,T0003328,P000002,4,56.39,225.56
TI00010052,T0003328,P000020,1,58.91,58.91
TI00010053,T0003328,P000016,4,49.09,196.36
TI00010054,T0003329,P000007,3,44.35,133.05
TI00010055,T0003329,P000014,3,24.75,74.25
TI00010056,T0003329,P000003,2,10.3,20.6
TI00010057,T0003330,P000002,1,56.39,56.39
TI00010058,T0003330,P000019,3,32.28,96.84
TI00010059,T0003330,P000010,2,43.23,86.46
TI00010060,T0003330,P000017,1,43.77,43.77
TI00010061,T0003330,P000018,2,32.67,65.34
TI00010062,T0003331,P000016,3,49.09,147.27
TI00010063,T0003331,P000008,4,52.62,210.48
TI00010064,T0003331,P000015,2,49.37,98.74
TI00010065,T0003331,P000014,4,24.75,99.0
TI00010066,T0003331,P000017,3,43.77,131.31
TI00010067,T0003332,P000008,1,52.62,52.62
TI00010068,T0003332,P000005,1,49.07,49.07
TI00010069,T0003333,P000007,1,44.35,44.35
TI00010070,T0003334,P000005,4,49.07,196.28
TI00010071,T0003334,P000018,4,32.67,130.68
TI00010072,T0003335,P000012,2,42.38,84.76
TI00010073,T0003335,P000002,3,56.39,169.17
TI00010074,T0003335,P000020,4,58.91,235.64
TI00010075,T0003336,P000001,3,27.25,81.75
TI00010076,T0003336,P000003,2,10.3,20.6
TI00010077,T0003336,P000020,2,58.91,117.82
TI00010078,T0003337,P000001,1,27.25,27.25
TI00010079,T0003337,P000005,3,49.07,147.21
TI00010080,T0003338,P000001,4,27.25,109.0
TI00010081,T0003338,P000018,4,32.67,130.68
TI00010082,T0003339,P000014,2,24.75,49.5
TI00010083,T0003339,P000007,3,44.35,133.05
TI00010084,T0003339,P000012,4,42.38,169.52
TI00010085,T0003339,P000020,1,58.91,58.91
TI00010086,T0003339,P000015,1,49.37,49.37
TI00010087,T0003340,P000015,4,49.37,197.48
TI00010088,T0003340,P000014,4,24.75,99.0
TI00010089,T0003340,P000009,3,33.09,99.27
TI00010090,T0003340,P000020,1,58.91,58.91
TI00010091,T0003340,P000008,2,52.62,105.24
TI00010092,T0003341,P000017,4,43.77,175.08
TI00010093,T0003341,P000014,1,24.75,24.75
TI00010094,T0003341,P000018,3,32.67,98.01
TI00010095,T0003341,P000009,1,33.09,33.09
TI00010096,T0003342,P000007,3,44.35,133.05
TI00010097,T0003342,P000005,3,49.07,147.21
TI00010098,T0003343,P000002,2,56.39,112.78
TI00010099,T0003344,P000006,2,9.16,18.32
TI00010100,T0003344,P000009,1,33.09,33.09
TI00010101,T0003345,P000006,1,9.16,9.16
TI00010102,T0003345,P000018,4,32.67,130.68
TI00010103,T0003345,P000012,1,42.38,42.38
TI00010104,T0003345,P000013,3,13.19,39.57
TI00010105,T0003345,P000004,3,39.36,118.08
TI00010106,T0003346,P000002,4,56.39,225.56
TI00010107,T0003346,P000003,4,10.3,41.2
TI00010108,T0003346,P000011,2,19.19,38.38
TI00010109,T0003347,P000007,3,44.35,133.05
TI00010110,T0003347,P000020,3,58.91,176.73
TI00010111,T0003347,P000002,1,56.39,56.39
TI00010112,T0003347,P000013,3,13.19,39.57
TI00010113,T0003347,P000010,2,43.23,86.46
TI00010114,T0003348,P000018,4,32.67,130.68
TI00010115,T0003348,P000017,3,43.77,131.31
TI00010116,T0003348,P000011,2,19.19,38.38
TI00010117,T0003348,P000005,1,49.07,49.07
TI00010118,T0003348,P000013,3,13.19,39.57
TI00010119,T0003349,P000016,4,49.09,196.36
TI00010120,T0003350,P000005,1,49.07,49.07
TI00010121,T0003350,P000008,4,52.62,210.48
TI00010122,T0003351,P000003,3,10.3,30.9
TI00010123,T0003351,P000013,3,13.19,39.57
TI00010124,T0003351,P000001,1,27.25,27.25
TI00010125,T0003351,P000007,4,44.35,177.4
TI00010126,T0003351,P000019,1,32.28,32.28
TI00010127,T0003352,P000006,3,9.16,27.48
TI00010128,T0003352,P000012,4,42.38,169.52
TI00010129,T0003352,P000002,4,56.39,225.56
TI00010130,T0003353,P000005,2,49.07,98.14
TI00010131,T0003353,P000006,3,9.16,27.48
TI00010132,T0003353,P000013,1,13.19,13.19
TI00010133,T0003353,P000017,2,43.77,87.54
TI00010134,T0003354,P000012,3,42.38,127.14
TI00010135,T0003354,P000013,2,13.19,26.38
TI00010136,T0003355,P000015,1,49.37,49.37
TI00010137,T0003355,P000008,2,52.62,105.24
TI00010138,T0003356,P000003,3,10.3,30.9
TI00010139,T0003357,P000017,1,43.77,43.77
TI00010140,T0003357,P000007,1,44.35,44.35
TI00010141,T0003357,P000006,2,9.16,18.32
TI00010142,T0003357,P000004,3,39.36,118.08
TI00010143,T0003357,P000020,2,58.91,117.82
TI00010144,T0003358,P000013,3,13.19,39.57
TI00010145,T0003358,P000014,2,24.75,49.5
TI00010146,T0003358,P000020,4,58.91,235.64
TI00010147,T0003358,P000006,1,9.16,9.16
TI00010148,T0003359,P000013,2,13.19,26.38
TI00010149,T0003359,P000005,2,49.07,98.14
TI00010150,T0003359,P000003,2,10.3,20.6
TI00010151,T0003359,P000001,4,27.25,109.0
TI00010152,T0003359,P000006,4,9.16,36.64
TI00010153,T0003360,P000016,1,49.09,49.09
TI00010154,T0003360,P000010,4,43.23,172.92
TI00010155,T0003361,P000004,4,39.36,157.44
TI00010156,T0003361,P000005,3,49.07,147.21
TI00010157,T0003361,P000018,1,32.67,32.67
TI00010158,T0003361,P000007,3,44.35,133.05
TI00010159,T0003362,P000018,1,32.67,32.67
TI00010160,T0003363,P000005,3,49.07,147.21
TI00010161,T0003363,P000010,2,43.23,86.46
TI00010162,T0003363,P000002,3,56.39,169.17
TI00010163,T0003363,P000009,3,33.09,99.27
TI00010164,T0003364,P000015,3,49.37,148.11
TI00010165,T0003364,P000009,4,33.09,132.36
TI00010166,T0003364,P000007,1,44.35,44.35
TI00010167,T0003365,P000015,4,49.37,197.48
TI00010168,T0003365,P000016,4,49.09,196.36
TI00010169,T0003365,P000004,1,39.36,39.36
TI00010170,T0003366,P000009,4,33.09,132.36
TI00010171,T0003366,P000020,2,58.91,117.82
TI00010172,T0003367,P000011,3,19.19,57.57
TI00010173,T0003367,P000020,1,58.91,58.91
TI00010174,T0003368,P000010,1,43.23,43.23
TI00010175,T0003368,P000019,3,32.28,96.84
TI00010176,T0003368,P000004,2,39.36,78.72
TI00010177,T0003368,P000007,4,44.35,177.4
TI00010178,T0003368,P000014,1,24.75,24.75
TI00010179,T0003369,P000016,4,49.09,196.36
TI00010180,T0003369,P000007,2,44.35,88.7
TI00010181,T0003369,P000004,4,39.36,157.44
TI00010182,T0003370,P000015,2,49.37,98.74
TI00010183,T0003371,P000020,1,58.91,58.91
TI00010184,T0003371,P000005,4,49.07,196.28
TI00010185,T0003371,P000016,4,49.09,196.36
TI00010186,T0003371,P000017,1,43.77,43.77
TI00010187,T0003372,P000004,3,39.36,118.08
TI00010188,T0003372,P000015,3,49.37,148.11
TI00010189,T0003372,P000006,4,9.16,36.64
TI00010190,T0003372,P000017,1,43.77,43.77
TI00010191,T0003372,P000011,1,19.19,19.19
TI00010192,T0003373,P000007,2,44.35,88.7
TI00010193,T0003373,P000009,3,33.09,99.27
TI00010194,T0003373,P000019,1,32.28,32.28
TI00010195,T0003373,P000002,2,56.39,112.78
TI00010196,T0003374,P000017,2,43.77,87.54
TI00010197,T0003374,P000018,2,32.67,65.34
TI00010198,T0003375,P000003,2,10.3,20.6
TI00010199,T0003375,P000017,2,43.77,87.54
TI00010200,T0003376,P000009,3,33.09,99.27
TI00010201,T0003376,P000010,1,43.23,43.23
TI00010202,T0003376,P000012,1,42.38,42.38
TI00010203,T0003376,P000011,2,19.19,38.38
TI00010204,T0003377,P000020,2,58.91,117.82
TI00010205,T0003377,P000012,3,42.38,127.14
TI00010206,T0003377,P000002,4,56.39,225.56
TI00010207,T0003378,P000002,4,56.39,225.56
TI00010208,T0003378,P000014,1,24.75,24.75
TI00010209,T0003378,P000003,2,10.3,20.6
TI00010210,T0003378,P000007,4,44.35,177.4
TI00010211,T0003378,P000017,3,43.77,131.31
TI00010212,T0003379,P000011,2,19.19,38.38
TI00010213,T0003380,P000016,4,49.09,196.36
TI00010214,T0003380,P000007,1,44.35,44.35
TI00010215,T0003380,P000018,4,32.67,130.68
TI00010216,T0003380,P000003,2,10.3,20.6
TI00010217,T0003380,P000019,4,32.28,129.12
TI00010218,T0003381,P000018,2,32.67,65.34
TI00010219,T0003382,P000008,1,52.62,52.62
TI00010220,T0003382,P000006,3,9.16,27.48
TI00010221,T0003382,P000001,2,27.25,54.5
TI00010222,T0003382,P000020,4,58.91,235.64
TI00010223,T0003382,P000012,3,42.38,127.14
TI00010224,T0003383,P000014,2,24.75,49.5
TI00010225,T0003383,P000020,3,58.91,176.73
TI00010226,T0003384,P000011,1,19.19,19.19
TI00010227,T0003384,P000014,1,24.75,24.75
TI00010228,T0003384,P000007,3,44.35,133.05
TI00010229,T0003384,P000003,2,10.3,20.6
TI00010230,T0003385,P000017,1,43.77,43.77
TI00010231,T0003386,P000007,3,44.35,133.05
TI00010232,T0003387,P000018,1,32.67,32.67
TI00010233,T0003387,P000006,2,9.16,18.32
TI00010234,T0003387,P000003,4,10.3,41.2
TI00010235,T0003388,P000013,2,13.19,26.38
TI00010236,T0003389,P000007,1,44.35,44.35
TI00010237,T0003390,P000014,2,24.75,49.5
TI00010238,T0003391,P000002,2,56.39,112.78
TI00010239,T0003391,P000010,3,43.23,129.69
TI00010240,T0003391,P000007,2,44.35,88.7
TI00010241,T0003391,P000009,1,33.09,33.09
TI00010242,T0003392,P000002,2,56.39,112.78
TI00010243,T0003392,P000020,2,58.91,117.82
TI00010244,T0003392,P000005,4,49.07,196.28
TI00010245,T0003392,P000019,2,32.28,64.56
TI00010246,T0003393,P000016,3,49.09,147.27
TI00010247,T0003393,P000010,2,43.23,86.46
TI00010248,T0003393,P000007,1,44.35,44.35
TI00010249,T0003394,P000019,3,32.28,96.84
TI00010250,T0003394,P000003,4,10.3,41.2
TI00010251,T0003394,P000014,4,24.75,99.0
TI00010252,T0003394,P000004,4,39.36,157.44
TI00010253,T0003394,P000015,2,49.37,98.74
TI00010254,T0003395,P000019,1,32.28,32.28
TI00010255,T0003395,P000020,4,58.91,235.64
TI00010256,T0003395,P000011,3,19.19,57.57
TI00010257,T0003395,P000009,3,33.09,99.27
TI00010258,T0003395,P000006,4,9.16,36.64
TI00010259,T0003396,P000005,4,49.07,196.28
TI00010260,T0003396,P000001,2,27.25,54.5
TI00010261,T0003397,P000009,2,33.09,66.18
TI00010262,T0003397,P000010,2,43.23,86.46
TI00010263,T0003398,P000007,4,44.35,177.4
TI00010264,T0003399,P000005,1,49.07,49.07
TI00010265,T0003399,P000008,4,52.62,210.48
TI00010266,T0003400,P000001,4,27.25,109.0
TI00010267,T0003400,P000010,1,43.23,43.23
TI00010268,T0003400,P000011,2,19.19,38.38
TI00010269,T0003400,P000014,4,24.75,99.0
TI00010270,T0003400,P000013,2,13.19,26.38
TI00010271,T0003401,P000020,4,58.91,235.64
TI00010272,T0003401,P000018,2,32.67,65.34
TI00010273,T0003401,P000002,2,56.39,112.78
TI00010274,T0003401,P000015,1,49.37,49.37
TI00010275,T0003402,P000016,3,49.09,147.27
TI00010276,T0003403,P000009,2,33.09,66.18
TI00010277,T0003404,P000001,3,27.25,81.75
TI00010278,T0003405,P000010,1,43.23,43.23
TI00010279,T0003405,P000017,3,43.77,131.31
TI00010280,T0003405,P000005,4,49.07,196.28
TI00010281,T0003406,P000002,2,56.39,112.78
TI00010282,T0003406,P000009,3,33.09,99.27
TI00010283,T0003407,P000004,3,39.36,118.08
TI00010284,T0003407,P000007,4,44.35,177.4
TI00010285,T0003407,P000001,4,27.25,109.0
TI00010286,T0003408,P000019,4,32.28,129.12
TI00010287,T0003408,P000009,3,33.09,99.27
TI00010288,T0003409,P000010,1,43.23,43.23
TI00010289,T0003409,P000008,4,52.62,210.48
TI00010290,T0003409,P000012,1,42.38,42.38
TI00010291,T0003410,P000013,2,13.19,26.38
TI00010292,T0003411,P000009,3,33.09,99.27
TI00010293,T0003411,P000015,3,49.37,148.11
TI00010294,T0003411,P000012,4,42.38,169.52
TI00010295,T0003411,P000008,2,52.62,105.24
TI00010296,T0003411,P000020,3,58.91,176.73
TI00010297,T0003412,P000009,2,33.09,66.18
TI00010298,T0003412,P000018,3,32.67,98.01
TI00010299,T0003412,P000016,4,49.09,196.36
TI00010300,T0003413,P000019,2,32.28,64.56
TI00010301,T0003414,P000013,2,13.19,26.38
TI00010302,T0003414,P000020,2,58.91,117.82
TI00010303,T0003414,P000001,3,27.25,81.75
TI00010304,T0003415,P000014,3,24.75,74.25
TI00010305,T0003415,P000008,2,52.62,105.24
TI00010306,T0003415,P000019,4,32.28,129.12
TI00010307,T0003416,P000012,4,42.38,169.52
TI00010308,T0003416,P000008,4,52.62,210.48
TI00010309,T0003416,P000014,4,24.75,99.0
TI00010310,T0003417,P000014,3,24.75,74.25
TI00010311,T0003417,P000007,2,44.35,88.7
TI00010312,T0003417,P000003,3,10.3,30.9
TI00010313,T0003417,P000010,4,43.23,172.92
TI00010314,T0003418,P000013,2,13.19,26.38
TI00010315,T0003418,P000007,3,44.35,133.05
TI00010316,T0003418,P000017,2,43.77,87.54
TI00010317,T0003418,P000002,4,56.39,225.56
TI00010318,T0003419,P000018,3,32.67,98.01
TI00010319,T0003420,P000001,3,27.25,81.75
TI00010320,T0003421,P000012,3,42.38,127.14
TI00010321,T0003421,P000007,4,44.35,177.4
TI00010322,T0003421,P000017,4,43.77,175.08
TI00010323,T0003421,P000018,2,32.67,65.34
TI00010324,T0003421,P000014,1,24.75,24.75
TI00010325,T0003422,P000014,3,24.75,74.25
TI00010326,T0003422,P000015,2,49.37,98.74
TI00010327,T0003422,P000007,1,44.35,44.35
TI00010328,T0003423,P000013,2,13.19,26.38
TI00010329,T0003423,P000003,4,10.3,41.2
TI00010330,T0003423,P000015,4,49.37,197.48
TI00010331,T0003423,P000006,1,9.16,9.16
TI00010332,T0003424,P000006,3,9.16,27.48
TI00010333,T0003425,P000008,2,52.62,105.24
TI00010334,T0003425,P000016,4,49.09,196.36
TI00010335,T0003425,P000013,2,13.19,26.38
TI00010336,T0003425,P000007,2,44.35,88.7
TI00010337,T0003425,P000019,1,32.28,32.28
TI00010338,T0003426,P000014,3,24.75,74.25
TI00010339,T0003427,P000005,2,49.07,98.14
TI00010340,T0003428,P000020,2,58.91,117.82
TI00010341,T0003428,P000010,3,43.23,129.69
TI00010342,T0003428,P000008,2,52.62,105.24
TI00010343,T0003428,P000004,4,39.36,157.44
TI00010344,T0003429,P000011,3,19.19,57.57
TI00010345,T0003429,P000002,2,56.39,112.78
TI00010346,T0003429,P000006,4,9.16,36.64
TI00010347,T0003429,P000001,3,27.25,81.75
TI00010348,T0003430,P000010,1,43.23,43.23
TI00010349,T0003430,P000019,3,32.28,96.84
TI00010350,T0003431,P000003,2,10.3,20.6
TI00010351,T0003431,P000010,4,43.23,172.92
TI00010352,T0003431,P000002,3,56.39,169.17
TI00010353,T0003431,P000009,1,33.09,33.09
TI00010354,T0003432,P000006,3,9.16,27.48
TI00010355,T0003433,P000008,2,52.62,105.24
TI00010356,T0003433,P000013,1,13.19,13.19
TI00010357,T0003434,P000004,1,39.36,39.36
TI00010358,T0003434,P000014,3,24.75,74.25
TI00010359,T0003434,P000005,2,49.07,98.14
TI00010360,T0003434,P000016,3,49.09,147.27
TI00010361,T0003435,P000003,1,10.3,10.3
TI00010362,T0003435,P000009,3,33.09,99.27
TI00010363,T0003435,P000004,3,39.36,118.08
TI00010364,T0003436,P000015,1,49.37,49.37
TI00010365,T0003436,P000003,3,10.3,30.9
TI00010366,T0003436,P000005,1,49.07,49.07
TI00010367,T0003437,P000016,2,49.09,98.18
TI00010368,T0003437,P000019,3,32.28,96.84
TI00010369,T0003437,P000020,3,58.91,176.73
TI00010370,T0003437,P000003,2,10.3,20.6
TI00010371,T0003437,P000005,3,49.07,147.21
TI00010372,T0003438,P000003,4,10.3,41.2
TI00010373,T0003438,P000015,2,49.37,98.74
TI00010374,T0003438,P000001,1,27.25,27.25
TI00010375,T0003439,P000017,1,43.77,43.77
TI00010376,T0003439,P000014,3,24.75,74.25
TI00010377,T0003439,P000001,2,27.25,54.5
TI00010378,T0003439,P000002,4,56.39,225.56
TI00010379,T0003439,P000019,4,32.28,129.12
TI00010380,T0003440,P000018,1,32.67,32.67
TI00010381,T0003440,P000007,3,44.35,133.05
TI00010382,T0003440,P000019,3,32.28,96.84
TI00010383,T0003441,P000001,1,27.25,27.25
TI00010384,T0003442,P000020,2,58.91,117.82
TI00010385,T0003442,P000009,3,33.09,99.27
TI00010386,T0003442,P000012,4,42.38,169.52
TI00010387,T0003443,P000013,1,13.19,13.19
TI00010388,T0003444,P000019,3,32.28,96.84
TI00010389,T0003444,P000005,3,49.07,147.21
TI00010390,T0003444,P000014,4,24.75,99.0
TI00010391,T0003444,P000011,4,19.19,76.76
TI00010392,T0003445,P000001,1,27.25,27.25
TI00010393,T0003446,P000012,3,42.38,127.14
TI00010394,T0003446,P000010,2,43.23,86.46
TI00010395,T0003446,P000014,4,24.75,99.0
TI00010396,T0003447,P000014,3,24.75,74.25
TI00010397,T0003447,P000018,3,32.67,98.01
TI00010398,T0003447,P000019,2,32.28,64.56
TI00010399,T0003447,P000011,2,19.19,38.38
TI00010400,T0003448,P000010,1,43.23,43.23
TI00010401,T0003448,P000002,1,56.39,56.39
TI00010402,T0003448,P000015,2,49.37,98.74
TI00010403,T0003448,P000017,4,43.77,175.08
TI00010404,T0003448,P000003,1,10.3,10.3
TI00010405,T0003449,P000019,3,32.28,96.84
TI00010406,T0003449,P000020,2,58.91,117.82
TI00010407,T0003449,P000011,2,19.19,38.38
TI00010408,T0003449,P000016,2,49.09,98.18
TI00010409,T0003449,P000015,2,49.37,98.74
TI00010410,T0003450,P000011,3,19.19,57.57
TI00010411,T0003450,P000013,2,13.19,26.38
TI00010412,T0003451,P000006,2,9.16,18.32
TI00010413,T0003451,P000008,2,52.62,105.24
TI00010414,T0003451,P000015,1,49.37,49.37
TI00010415,T0003451,P000003,4,10.3,41.2
TI00010416,T0003451,P000019,1,32.28,32.28
TI00010417,T0003452,P000018,2,32.67,65.34
TI00010418,T0003452,P000015,4,49.37,197.48
TI00010419,T0003452,P000010,1,43.23,43.23
TI00010420,T0003452,P000019,1,32.28,32.28
TI00010421,T0003452,P000003,2,10.3,20.6
TI00010422,T0003453,P000018,2,32.67,65.34
TI00010423,T0003453,P000008,3,52.62,157.86
TI00010424,T0003453,P000014,1,24.75,24.75
TI00010425,T0003453,P000002,4,56.39,225.56
TI00010426,T0003453,P000020,2,58.91,117.82
TI00010427,T0003454,P000011,2,19.19,38.38
TI00010428,T0003454,P000017,4,43.77,175.08
TI00010429,T0003454,P000007,1,44.35,44.35
TI00010430,T0003454,P000019,3,32.28,96.84
TI00010431,T0003454,P000016,4,49.09,196.36
TI00010432,T0003455,P000001,3,27.25,81.75
TI00010433,T0003455,P000011,3,19.19,57.57
TI00010434,T0003455,P000009,2,33.09,66.18
TI00010435,T0003456,P000012,4,42.38,169.52
TI00010436,T0003456,P000017,2,43.77,87.54
TI00010437,T0003456,P000005,3,49.07,147.21
TI00010438,T0003457,P000020,1,58.91,58.91
TI00010439,T0003457,P000003,1,10.3,10.3
TI00010440,T0003457,P000011,3,19.19,57.57
TI00010441,T0003457,P000006,2,9.16,18.32
TI00010442,T0003457,P000002,3,56.39,169.17
TI00010443,T0003458,P000016,2,49.09,98.18
TI00010444,T0003458,P000002,1,56.39,56.39
TI00010445,T0003458,P000020,1,58.91,58.91
TI00010446,T0003459,P000014,4,24.75,99.0
TI00010447,T0003459,P000004,1,39.36,39.36
TI00010448,T0003459,P000016,4,49.09,196.36
TI00010449,T0003460,P000009,1,33.09,33.09
TI00010450,T0003460,P000011,1,19.19,19.19
TI00010451,T0003461,P000014,1,24.75,24.75
TI00010452,T0003461,P000008,3,52.62,157.86
TI00010453,T0003462,P000010,4,43.23,172.92
TI00010454,T0003462,P000004,1,39.36,39.36
TI00010455,T0003462,P000018,1,32.67,32.67
TI00010456,T0003462,P000013,4,13.19,52.76
TI00010457,T0003462,P000014,4,24.75,99.0
TI00010458,T0003463,P000006,4,9.16,36.64
TI00010459,T0003463,P000004,2,39.36,78.72
TI00010460,T0003464,P000003,4,10.3,41.2
TI00010461,T0003464,P000012,2,42.38,84.76
TI00010462,T0003465,P000018,4,32.67,130.68
TI00010463,T0003465,P000016,3,49.09,147.27
TI00010464,T0003465,P000006,1,9.16,9.16
TI00010465,T0003465,P000004,3,39.36,118.08
TI00010466,T0003466,P000011,4,19.19,76.76
TI00010467,T0003466,P000006,4,9.16,36.64
TI00010468,T0003466,P000007,1,44.35,44.35
TI00010469,T0003466,P000014,4,24.75,99.0
TI00010470,T0003466,P000018,3,32.67,98.01
TI00010471,T0003467,P000004,3,39.36,118.08
TI00010472,T0003467,P000003,3,10.3,30.9
TI00010473,T0003468,P000004,1,39.36,39.36
TI00010474,T0003468,P000012,1,42.38,42.38
TI00010475,T0003468,P000003,3,10.3,30.9
TI00010476,T0003468,P000002,4,56.39,225.56
TI00010477,T0003468,P000010,3,43.23,129.69
TI00010478,T0003469,P000009,4,33.09,132.36
TI00010479,T0003469,P000020,1,58.91,58.91
TI00010480,T0003469,P000019,3,32.28,96.84
TI00010481,T0003470,P000003,2,10.3,20.6
TI00010482,T0003470,P000006,1,9.16,9.16
TI00010483,T0003470,P000011,1,19.19,19.19
TI00010484,T0003470,P000019,2,32.28,64.56
TI00010485,T0003471,P000010,2,43.23,86.46
TI00010486,T0003472,P000008,1,52.62,52.62
TI00010487,T0003472,P000015,1,49.37,49.37
TI00010488,T0003472,P000003,4,10.3,41.2
TI00010489,T0003472,P000017,2,43.77,87.54
TI00010490,T0003472,P000019,4,32.28,129.12
TI00010491,T0003473,P000006,3,9.16,27.48
TI00010492,T0003474,P000014,3,24.75,74.25
TI00010493,T0003474,P000013,2,13.19,26.38
TI00010494,T0003474,P000019,1,32.28,32.28
TI00010495,T0003474,P000009,2,33.09,66.18
TI00010496,T0003474,P000020,3,58.91,176.73
TI00010497,T0003475,P000006,1,9.16,9.16
TI00010498,T0003475,P000003,4,10.3,41.2
TI00010499,T0003475,P000008,4,52.62,210.48
TI00010500,T0003475,P000020,2,58.91,117.82
TI00010501,T0003476,P000011,3,19.19,57.57
TI00010502,T0003476,P000004,4,39.36,157.44
TI00010503,T0003476,P000005,4,49.07,196.28
TI00010504,T0003476,P000003,4,10.3,41.2
TI00010505,T0003476,P000013,1,13.19,13.19
TI00010506,T0003477,P000006,3,9.16,27.48
TI00010507,T0003477,P000005,4,49.07,196.28
TI00010508,T0003477,P000002,3,56.39,169.17
TI00010509,T0003477,P000007,2,44.35,88.7
TI00010510,T0003477,P000009,2,33.09,66.18
TI00010511,T0003478,P000006,3,9.16,27.48
TI00010512,T0003478,P000002,2,56.39,112.78
TI00010513,T0003479,P000020,3,58.91,176.73
TI00010514,T0003479,P000006,4,9.16,36.64
TI00010515,T0003479,P000003,3,10.3,30.9
TI00010516,T0003480,P000011,2,19.19,38.38
TI00010517,T0003480,P000006,3,9.16,27.48
TI00010518,T0003480,P000003,3,10.3,30.9
TI00010519,T0003480,P000017,1,43.77,43.77
TI00010520,T0003480,P000019,2,32.28,64.56
TI00010521,T0003481,P000006,1,9.16,9.16
TI00010522,T0003482,P000013,3,13.19,39.57
TI00010523,T0003483,P000002,4,56.39,225.56
TI00010524,T0003483,P000016,4,49.09,196.36
TI00010525,T0003483,P000015,4,49.37,197.48
TI00010526,T0003483,P000001,3,27.25,81.75
TI00010527,T0003484,P000012,3,42.38,127.14
TI00010528,T0003485,P000012,4,42.38,169.52
TI00010529,T0003485,P000015,3,49.37,148.11
TI00010530,T0003485,P000016,3,49.09,147.27
TI00010531,T0003485,P000020,3,58.91,176.73
TI00010532,T0003486,P000008,4,52.62,210.48
TI00010533,T0003486,P000018,4,32.67,130.68
TI00010534,T0003486,P000011,4,19.19,76.76
TI00010535,T0003486,P000006,1,9.16,9.16
TI00010536,T0003487,P000008,2,52.62,105.24
TI00010537,T0003487,P000016,1,49.09,49.09
TI00010538,T0003487,P000006,2,9.16,18.32
TI00010539,T0003488,P000002,3,56.39,169.17
TI00010540,T0003488,P000004,3,39.36,118.08
TI00010541,T0003488,P000012,3,42.38,127.14
TI00010542,T0003489,P000009,3,33.09,99.27
TI00010543,T0003490,P000009,1,33.09,33.09
TI00010544,T0003490,P000002,2,56.39,112.78
TI00010545,T0003490,P000014,4,24.75,99.0
TI00010546,T0003491,P000007,1,44.35,44.35
TI00010547,T0003492,P000015,1,49.37,49.37
TI00010548,T0003492,P000002,1,56.39,56.39
TI00010549,T0003492,P000005,2,49.07,98.14
TI00010550,T0003492,P000019,1,32.28,32.28
TI00010551,T0003492,P000020,2,58.91,117.82
TI00010552,T0003493,P000020,2,58.91,117.82
TI00010553,T0003493,P000001,2,27.25,54.5
TI00010554,T0003493,P000004,3,39.36,118.08
TI00010555,T0003494,P000011,3,19.19,57.57
TI00010556,T0003494,P000014,4,24.75,99.0
TI00010557,T0003495,P000003,1,10.3,10.3
TI00010558,T0003496,P000003,2,10.3,20.6
TI00010559,T0003496,P000011,2,19.19,38.38
TI00010560,T0003496,P000004,1,39.36,39.36
TI00010561,T0003496,P000002,2,56.39,112.78
TI00010562,T0003496,P000018,1,32.67,32.67
TI00010563,T0003497,P000013,1,13.19,13.19
TI00010564,T0003497,P000005,4,49.07,196.28
TI00010565,T0003497,P000018,4,32.67,130.68
TI00010566,T0003497,P000012,2,42.38,84.76
TI00010567,T0003498,P000011,3,19.19,57.57
TI00010568,T0003498,P000012,1,42.38,42.38
TI00010569,T0003499,P000015,1,49.37,49.37
TI00010570,T0003499,P000002,2,56.39,112.78
TI00010571,T0003499,P000017,1,43.77,43.77
TI00010572,T0003499,P000018,3,32.67,98.01
TI00010573,T0003500,P000020,1,58.91,58.91
TI00010574,T0003500,P000015,2,49.37,98.74
TI00010575,T0003500,P000019,1,32.28,32.28
TI00010576,T0003500,P000005,4,49.07,196.28
TI00010577,T0003500,P000006,2,9.16,18.32
TI00010578,T0003501,P000014,2,24.75,49.5
TI00010579,T0003501,P000012,2,42.38,84.76
TI00010580,T0003501,P000010,3,43.23,129.69
TI00010581,T0003501,P000002,2,56.39,112.78
TI00010582,T0003502,P000006,1,9.16,9.16
TI00010583,T0003502,P000001,4,27.25,109.0
TI00010584,T0003502,P000014,2,24.75,49.5
TI00010585,T0003502,P000003,4,10.3,41.2
TI00010586,T0003502,P000007,3,44.35,133.05
TI00010587,T0003503,P000010,2,43.23,86.46
TI00010588,T0003503,P000009,2,33.09,66.18
TI00010589,T0003503,P000020,3,58.91,176.73
TI00010590,T0003504,P000014,3,24.75,74.25
TI00010591,T0003504,P000001,3,27.25,81.75
TI00010592,T0003504,P000007,1,44.35,44.35
TI00010593,T0003505,P000007,1,44.35,44.35
TI00010594,T0003505,P000005,3,49.07,147.21
TI00010595,T0003506,P000009,1,33.09,33.09
TI00010596,T0003507,P000009,3,33.09,99.27
TI00010597,T0003507,P000002,2,56.39,112.78
TI00010598,T0003507,P000015,2,49.37,98.74
TI00010599,T0003508,P000014,3,24.75,74.25
TI00010600,T0003508,P000019,4,32.28,129.12
TI00010601,T0003509,P000020,2,58.91,117.82
TI00010602,T0003509,P000013,3,13.19,39.57
TI00010603,T0003509,P000010,1,43.23,43.23
TI00010604,T0003510,P000009,1,33.09,33.09
TI00010605,T0003510,P000002,4,56.39,225.56
TI00010606,T0003510,P000015,1,49.37,49.37
TI00010607,T0003510,P000006,1,9.16,9.16
TI00010608,T0003510,P000010,2,43.23,86.46
TI00010609,T0003511,P000015,3,49.37,148.11
TI00010610,T0003511,P000011,4,19.19,76.76
TI00010611,T0003512,P000006,2,9.16,18.32
TI00010612,T0003513,P000001,4,27.25,109.0
TI00010613,T0003513,P000004,2,39.36,78.72
TI00010614,T0003513,P000003,4,10.3,41.2
TI00010615,T0003514,P000003,4,10.3,41.2
TI00010616,T0003515,P000006,2,9.16,18.32
TI00010617,T0003516,P000005,3,49.07,147.21
TI00010618,T0003516,P000008,1,52.62,52.62
TI00010619,T0003516,P000018,1,32.67,32.67
TI00010620,T0003516,P000001,3,27.25,81.75
TI00010621,T0003516,P000011,4,19.19,76.76
TI00010622,T0003517,P000006,1,9.16,9.16
TI00010623,T0003517,P000019,2,32.28,64.56
TI00010624,T0003517,P000016,4,49.09,196.36
TI00010625,T0003518,P000019,1,32.28,32.28
TI00010626,T0003518,P000005,4,49.07,196.28
TI00010627,T0003518,P000002,1,56.39,56.39
TI00010628,T0003518,P000014,2,24.75,49.5
TI00010629,T0003519,P000014,1,24.75,24.75
TI00010630,T0003520,P000013,3,13.19,39.57
TI00010631,T0003520,P000012,4,42.38,169.52
TI00010632,T0003520,P000004,1,39.36,39.36
TI00010633,T0003521,P000020,3,58.91,176.73
TI00010634,T0003521,P000016,3,49.09,147.27
TI00010635,T0003521,P000001,2,27.25,54.5
TI00010636,T0003521,P000017,1,43.77,43.77
TI00010637,T0003521,P000002,3,56.39,169.17
TI00010638,T0003522,P000004,2,39.36,78.72
TI00010639,T0003523,P000020,4,58.91,235.64
TI00010640,T0003523,P000006,3,9.16,27.48
TI00010641,T0003524,P000020,3,58.91,176.73
TI00010642,T0003524,P000019,1,32.28,32.28
TI00010643,T0003525,P000014,3,24.75,74.25
TI00010644,T0003526,P000001,1,27.25,27.25
TI00010645,T0003527,P000007,1,44.35,44.35
TI00010646,T0003527,P000009,3,33.09,99.27
TI00010647,T0003527,P000008,1,52.62,52.62
TI00010648,T0003528,P000012,2,42.38,84.76
TI00010649,T0003528,P000016,2,49.09,98.18
TI00010650,T0003528,P000017,2,43.77,87.54
TI00010651,T0003528,P000011,4,19.19,76.76
TI00010652,T0003529,P000020,3,58.91,176.73
TI00010653,T0003529,P000016,3,49.09,147.27
TI00010654,T0003529,P000006,1,9.16,9.16
TI00010655,T0003530,P000014,4,24.75,99.0
TI00010656,T0003531,P000014,1,24.75,24.75
TI00010657,T0003531,P000006,1,9.16,9.16
TI00010658,T0003531,P000010,4,43.23,172.92
TI00010659,T0003532,P000017,2,43.77,87.54
TI00010660,T0003532,P000015,3,49.37,148.11
TI00010661,T0003532,P000010,3,43.23,129.69
TI00010662,T0003533,P000004,1,39.36,39.36
TI00010663,T0003533,P000015,1,49.37,49.37
TI00010664,T0003533,P000018,1,32.67,32.67
TI00010665,T0003533,P000019,2,32.28,64.56
TI00010666,T0003534,P000017,4,43.77,175.08
TI00010667,T0003534,P000012,4,42.38,169.52
TI00010668,T0003534,P000020,2,58.91,117.82
TI00010669,T0003534,P000011,4,19.19,76.76
TI00010670,T0003534,P000013,2,13.19,26.38
TI00010671,T0003535,P000012,2,42.38,84.76
TI00010672,T0003535,P000015,3,49.37,148.11
TI00010673,T0003535,P000009,3,33.09,99.27
TI00010674,T0003536,P000016,1,49.09,49.09
TI00010675,T0003536,P000001,1,27.25,27.25
TI00010676,T0003536,P000004,2,39.36,78.72
TI00010677,T0003536,P000009,3,33.09,99.27
TI00010678,T0003536,P000020,3,58.91,176.73
TI00010679,T0003537,P000010,2,43.23,86.46
TI00010680,T0003537,P000018,3,32.67,98.01
TI00010681,T0003538,P000003,2,10.3,20.6
TI00010682,T0003538,P000006,1,9.16,9.16
TI00010683,T0003539,P000011,2,19.19,38.38
TI00010684,T0003539,P000009,3,33.09,99.27
TI00010685,T0003539,P000001,3,27.25,81.75
TI00010686,T0003539,P000018,3,32.67,98.01
TI00010687,T0003540,P000018,4,32.67,130.68
TI00010688,T0003540,P000020,1,58.91,58.91
TI00010689,T0003540,P000014,2,24.75,49.5
TI00010690,T0003541,P000011,3,19.19,57.57
TI00010691,T0003541,P000003,3,10.3,30.9
TI00010692,T0003542,P000011,4,19.19,76.76
TI00010693,T0003542,P000004,3,39.36,118.08
TI00010694,T0003542,P000015,2,49.37,98.74
TI00010695,T0003543,P000006,2,9.16,18.32
TI00010696,T0003543,P000014,3,24.75,74.25
TI00010697,T0003543,P000019,1,32.28,32.28
TI00010698,T0003543,P000009,4,33.09,132.36
TI00010699,T0003544,P000018,4,32.67,130.68
TI00010700,T0003544,P000019,1,32.28,32.28
TI00010701,T0003544,P000010,2,43.23,86.46
TI00010702,T0003544,P000008,3,52.62,157.86
TI00010703,T0003544,P000006,3,9.16,27.48
TI00010704,T0003545,P000002,1,56.39,56.39
TI00010705,T0003546,P000001,2,27.25,54.5
TI00010706,T0003546,P000020,4,58.91,235.64
TI00010707,T0003547,P000017,1,43.77,43.77
TI00010708,T0003547,P000004,4,39.36,157.44
TI00010709,T0003547,P000016,1,49.09,49.09
TI00010710,T0003547,P000015,4,49.37,197.48
TI00010711,T0003547,P000011,2,19.19,38.38
TI00010712,T0003548,P000014,3,24.75,74.25
TI00010713,T0003548,P000015,3,49.37,148.11
TI00010714,T0003548,P000013,4,13.19,52.76
TI00010715,T0003548,P000020,3,58.91,176.73
TI00010716,T0003548,P000006,3,9.16,27.48
TI00010717,T0003549,P000003,4,10.3,41.2
TI00010718,T0003549,P000002,2,56.39,112.78
TI00010719,T0003550,P000019,4,32.28,129.12
TI00010720,T0003551,P000005,1,49.07,49.07
TI00010721,T0003551,P000011,3,19.19,57.57
TI00010722,T0003551,P000020,4,58.91,235.64
TI00010723,T0003551,P000003,2,10.3,20.6
TI00010724,T0003551,P000015,4,49.37,197.48
TI00010725,T0003552,P000007,3,44.35,133.05
TI00010726,T0003552,P000002,1,56.39,56.39
TI00010727,T0003552,P000014,4,24.75,99.0
TI00010728,T0003553,P000003,3,10.3,30.9
TI00010729,T0003553,P000020,2,58.91,117.82
TI00010730,T0003554,P000007,4,44.35,177.4
TI00010731,T0003554,P000001,3,27.25,81.75
TI00010732,T0003554,P000008,1,52.62,52.62
TI00010733,T0003554,P000003,4,10.3,41.2
TI00010734,T0003555,P000006,3,9.16,27.48
TI00010735,T0003555,P000008,4,52.62,210.48
TI00010736,T0003556,P000006,2,9.16,18.32
TI00010737,T0003556,P000011,1,19.19,19.19
TI00010738,T0003557,P000016,3,49.09,147.27
TI00010739,T0003557,P000004,3,39.36,118.08
TI00010740,T0003558,P000014,1,24.75,24.75
TI00010741,T0003558,P000019,4,32.28,129.12
TI00010742,T0003558,P000020,3,58.91,176.73
TI00010743,T0003558,P000018,2,32.67,65.34
TI00010744,T0003558,P000002,4,56.39,225.56
TI00010745,T0003559,P000016,1,49.09,49.09
TI00010746,T0003559,P000015,4,49.37,197.48
TI00010747,T0003559,P000007,2,44.35,88.7
TI00010748,T0003560,P000020,4,58.91,235.64
TI00010749,T0003560,P000014,3,24.75,74.25
TI00010750,T0003560,P000002,1,56.39,56.39
TI00010751,T0003560,P000018,2,32.67,65.34
TI00010752,T0003560,P000001,4,27.25,109.0
TI00010753,T0003561,P000019,4,32.28,129.12
TI00010754,T0003561,P000003,4,10.3,41.2
TI00010755,T0003562,P000012,1,42.38,42.38
TI00010756,T0003562,P000001,3,27.25,81.75
TI00010757,T0003562,P000007,3,44.35,133.05
TI00010758,T0003563,P000018,1,32.67,32.67
TI00010759,T0003563,P000020,3,58.91,176.73
TI00010760,T0003564,P000004,2,39.36,78.72
TI00010761,T0003565,P000010,4,43.23,172.92
TI00010762,T0003565,P000003,2,10.3,20.6
TI00010763,T0003565,P000004,2,39.36,78.72
TI00010764,T0003566,P000005,3,49.07,147.21
TI00010765,T0003566,P000003,1,10.3,10.3
TI00010766,T0003566,P000016,1,49.09,49.09
TI00010767,T0003567,P000013,3,13.19,39.57
TI00010768,T0003567,P000015,2,49.37,98.74
TI00010769,T0003568,P000015,4,49.37,197.48
TI00010770,T0003569,P000005,1,49.07,49.07
TI00010771,T0003569,P000001,3,27.25,81.75
TI00010772,T0003569,P000015,1,49.37,49.37
TI00010773,T0003569,P000004,2,39.36,78.72
TI00010774,T0003569,P000008,3,52.62,157.86
TI00010775,T0003570,P000019,3,32.28,96.84
TI00010776,T0003570,P000004,1,39.36,39.36
TI00010777,T0003570,P000016,2,49.09,98.18
TI00010778,T0003570,P000017,2,43.77,87.54
TI00010779,T0003570,P000007,1,44.35,44.35
TI00010780,T0003571,P000017,2,43.77,87.54
TI00010781,T0003571,P000005,2,49.07,98.14
TI00010782,T0003571,P000009,1,33.09,33.09
TI00010783,T0003572,P000017,1,43.77,43.77
TI00010784,T0003572,P000011,4,19.19,76.76
TI00010785,T0003573,P000014,4,24.75,99.0
TI00010786,T0003573,P000013,2,13.19,26.38
TI00010787,T0003573,P000020,3,58.91,176.73
TI00010788,T0003573,P000016,1,49.09,49.09
TI00010789,T0003574,P000010,3,43.23,129.69
TI00010790,T0003575,P000017,2,43.77,87.54
TI00010791,T0003575,P000008,3,52.62,157.86
TI00010792,T0003575,P000012,4,42.38,169.52
TI00010793,T0003575,P000018,1,32.67,32.67
TI00010794,T0003576,P000006,4,9.16,36.64
TI00010795,T0003577,P000010,3,43.23,129.69
TI00010796,T0003577,P000015,1,49.37,49.37
TI00010797,T0003577,P000003,1,10.3,10.3
TI00010798,T0003577,P000008,1,52.62,52.62
TI00010799,T0003578,P000004,4,39.36,157.44
TI00010800,T0003578,P000013,4,13.19,52.76
TI00010801,T0003578,P000010,1,43.23,43.23
TI00010802,T0003579,P000014,1,24.75,24.75
TI00010803,T0003579,P000011,2,19.19,38.38
TI00010804,T0003579,P000013,1,13.19,13.19
TI00010805,T0003580,P000019,1,32.28,32.28
TI00010806,T0003580,P000009,1,33.09,33.09
TI00010807,T0003580,P000014,4,24.75,99.0
TI00010808,T0003580,P000016,1,49.09,49.09
TI00010809,T0003580,P000005,1,49.07,49.07
TI00010810,T0003581,P000016,3,49.09,147.27
TI00010811,T0003581,P000009,1,33.09,33.09
TI00010812,T0003581,P000015,4,49.37,197.48
TI00010813,T0003581,P000017,3,43.77,131.31
TI00010814,T0003582,P000006,2,9.16,18.32
TI00010815,T0003582,P000012,4,42.38,169.52
TI00010816,T0003582,P000004,4,39.36,157.44
TI00010817,T0003583,P000001,3,27.25,81.75
TI00010818,T0003583,P000017,2,43.77,87.54
TI00010819,T0003584,P000009,1,33.09,33.09
TI00010820,T0003584,P000005,3,49.07,147.21
TI00010821,T0003584,P000003,1,10.3,10.3
TI00010822,T0003585,P000013,4,13.19,52.76
TI00010823,T0003585,P000015,2,49.37,98.74
TI00010824,T0003585,P000007,1,44.35,44.35
TI00010825,T0003585,P000017,1,43.77,43.77
TI00010826,T0003586,P000015,2,49.37,98.74
TI00010827,T0003586,P000012,3,42.38,127.14
TI00010828,T0003587,P000004,1,39.36,39.36
TI00010829,T0003588,P000002,3,56.39,169.17
TI00010830,T0003588,P000010,2,43.23,86.46
TI00010831,T0003589,P000020,4,58.91,235.64
TI00010832,T0003590,P000012,2,42.38,84.76
TI00010833,T0003590,P000018,4,32.67,130.68
TI00010834,T0003591,P000017,2,43.77,87.54
TI00010835,T0003591,P000002,2,56.39,112.78
TI00010836,T0003592,P000009,4,33.09,132.36
TI00010837,T0003592,P000005,4,49.07,196.28
TI00010838,T0003592,P000019,4,32.28,129.12
TI00010839,T0003592,P000011,2,19.19,38.38
TI00010840,T0003592,P000004,2,39.36,78.72
TI00010841,T0003593,P000010,1,43.23,43.23
TI00010842,T0003594,P000019,3,32.28,96.84
TI00010843,T0003595,P000009,4,33.09,132.36
TI00010844,T0003595,P000011,3,19.19,57.57
TI00010845,T0003595,P000006,2,9.16,18.32
TI00010846,T0003595,P000019,2,32.28,64.56
TI00010847,T0003595,P000002,3,56.39,169.17
TI00010848,T0003596,P000016,4,49.09,196.36
TI00010849,T0003596,P000013,4,13.19,52.76
TI00010850,T0003596,P000004,2,39.36,78.72
TI00010851,T0003597,P000013,2,13.19,26.38
TI00010852,T0003597,P000011,1,19.19,19.19
TI00010853,T0003597,P000008,1,52.62,52.62
TI00010854,T0003598,P000013,1,13.19,13.19
TI00010855,T0003598,P000002,3,56.39,169.17
TI00010856,T0003598,P000010,2,43.23,86.46
TI00010857,T0003598,P000016,1,49.09,49.09
TI00010858,T0003598,P000020,4,58.91,235.64
TI00010859,T0003599,P000006,2,9.16,18.32
TI00010860,T0003600,P000013,3,13.19,39.57
TI00010861,T0003600,P000001,4,27.25,109.0
TI00010862,T0003600,P000004,2,39.36,78.72
TI00010863,T0003600,P000010,3,43.23,129.69
TI00010864,T0003600,P000018,4,32.67,130.68
TI00010865,T0003601,P000012,1,42.38,42.38
TI00010866,T0003601,P000008,3,52.62,157.86
TI00010867,T0003602,P000010,4,43.23,172.92
TI00010868,T0003603,P000006,4,9.16,36.64
TI00010869,T0003603,P000002,4,56.39,225.56
TI00010870,T0003603,P000015,4,49.37,197.48
TI00010871,T0003603,P000017,2,43.77,87.54
TI00010872,T0003603,P000005,1,49.07,49.07
TI00010873,T0003604,P000009,1,33.09,33.09
TI00010874,T0003604,P000004,4,39.36,157.44
TI00010875,T0003604,P000020,2,58.91,117.82
TI00010876,T0003604,P000002,3,56.39,169.17
TI00010877,T0003604,P000010,4,43.23,172.92
TI00010878,T0003605,P000016,2,49.09,98.18
TI00010879,T0003605,P000015,3,49.37,148.11
TI00010880,T0003606,P000012,1,42.38,42.38
TI00010881,T0003607,P000015,2,49.37,98.74
TI00010882,T0003607,P000006,2,9.16,18.32
TI00010883,T0003607,P000017,2,43.77,87.54
TI00010884,T0003607,P000005,2,49.07,98.14
TI00010885,T0003607,P000012,4,42.38,169.52
TI00010886,T0003608,P000001,3,27.25,81.75
TI00010887,T0003608,P000004,4,39.36,157.44
TI00010888,T0003608,P000015,1,49.37,49.37
TI00010889,T0003608,P000017,2,43.77,87.54
TI00010890,T0003609,P000019,1,32.28,32.28
TI00010891,T0003609,P000006,1,9.16,9.16
TI00010892,T0003609,P000017,2,43.77,87.54
TI00010893,T0003609,P000005,4,49.07,196.28
TI00010894,T0003610,P000019,1,32.28,32.28
TI00010895,T0003610,P000013,4,13.19,52.76
TI00010896,T0003610,P000006,4,9.16,36.64
TI00010897,T0003611,P000019,3,32.28,96.84
TI00010898,T0003611,P000016,3,49.09,147.27
TI00010899,T0003611,P000018,1,32.67,32.67
TI00010900,T0003611,P000005,3,49.07,147.21
TI00010901,T0003612,P000003,1,10.3,10.3
TI00010902,T0003613,P000016,2,49.09,98.18
TI00010903,T0003613,P000010,3,43.23,129.69
TI00010904,T0003613,P000017,4,43.77,175.08
TI00010905,T0003614,P000016,2,49.09,98.18
TI00010906,T0003614,P000006,2,9.16,18.32
TI00010907,T0003614,P000003,3,10.3,30.9
TI00010908,T0003614,P000014,4,24.75,99.0
TI00010909,T0003614,P000018,2,32.67,65.34
TI00010910,T0003615,P000013,3,13.19,39.57
TI00010911,T0003616,P000009,3,33.09,99.27
TI00010912,T0003616,P000014,2,24.75,49.5
TI00010913,T0003617,P000004,2,39.36,78.72
TI00010914,T0003617,P000020,2,58.91,117.82
TI00010915,T0003617,P000019,3,32.28,96.84
TI00010916,T0003617,P000017,1,43.77,43.77
TI00010917,T0003617,P000005,1,49.07,49.07
TI00010918,T0003618,P000019,3,32.28,96.84
TI00010919,T0003618,P000012,1,42.38,42.38
TI00010920,T0003619,P000006,1,9.16,9.16
TI00010921,T0003620,P000018,4,32.67,130.68
TI00010922,T0003621,P000019,4,32.28,129.12
TI00010923,T0003622,P000019,4,32.28,129.12
TI00010924,T0003622,P000008,4,52.62,210.48
TI00010925,T0003622,P000006,3,9.16,27.48
TI00010926,T0003623,P000010,1,43.23,43.23
TI00010927,T0003623,P000006,2,9.16,18.32
TI00010928,T0003623,P000014,2,24.75,49.5
TI00010929,T0003623,P000005,3,49.07,147.21
TI00010930,T0003624,P000014,1,24.75,24.75
TI00010931,T0003624,P000002,3,56.39,169.17
TI00010932,T0003624,P000020,1,58.91,58.91
TI00010933,T0003624,P000015,2,49.37,98.74
TI00010934,T0003625,P000009,3,33.09,99.27
TI00010935,T0003625,P000016,2,49.09,98.18
TI00010936,T0003625,P000019,1,32.28,32.28
TI00010937,T0003625,P000011,3,19.19,57.57
TI00010938,T0003626,P000009,3,33.09,99.27
TI00010939,T0003627,P000018,2,32.67,65.34
TI00010940,T0003627,P000004,1,39.36,39.36
TI00010941,T0003627,P000015,3,49.37,148.11
TI00010942,T0003628,P000003,3,10.3,30.9
TI00010943,T0003628,P000009,1,33.09,33.09
TI00010944,T0003628,P000017,3,43.77,131.31
TI00010945,T0003628,P000007,4,44.35,177.4
TI00010946,T0003628,P000018,4,32.67,130.68
TI00010947,T0003629,P000017,2,43.77,87.54
TI00010948,T0003630,P000019,2,32.28,64.56
TI00010949,T0003630,P000017,1,43.77,43.77
TI00010950,T0003630,P000001,3,27.25,81.75
TI00010951,T0003630,P000012,1,42.38,42.38
TI00010952,T0003631,P000019,3,32.28,96.84
TI00010953,T0003631,P000008,4,52.62,210.48
TI00010954,T0003632,P000018,3,32.67,98.01
TI00010955,T0003632,P000007,3,44.35,133.05
TI00010956,T0003632,P000002,1,56.39,56.39
TI00010957,T0003633,P000019,4,32.28,129.12
TI00010958,T0003633,P000005,2,49.07,98.14
TI00010959,T0003633,P000018,3,32.67,98.01
TI00010960,T0003634,P000004,2,39.36,78.72
TI00010961,T0003634,P000005,1,49.07,49.07
TI00010962,T0003634,P000020,2,58.91,117.82
TI00010963,T0003634,P000008,2,52.62,105.24
TI00010964,T0003634,P000011,4,19.19,76.76
TI00010965,T0003635,P000016,4,49.09,196.36
TI00010966,T0003635,P000008,4,52.62,210.48
TI00010967,T0003635,P000009,2,33.09,66.18
TI00010968,T0003636,P000020,1,58.91,58.91
TI00010969,T0003636,P000007,4,44.35,177.4
TI00010970,T0003636,P000004,4,39.36,157.44
TI00010971,T0003637,P000012,3,42.38,127.14
TI00010972,T0003638,P000003,4,10.3,41.2
TI00010973,T0003638,P000001,3,27.25,81.75
TI00010974,T0003639,P000007,1,44.35,44.35
TI00010975,T0003640,P000010,4,43.23,172.92
TI00010976,T0003640,P000001,1,27.25,27.25
TI00010977,T0003640,P000007,2,44.35,88.7
TI00010978,T0003640,P000005,4,49.07,196.28
TI00010979,T0003641,P000009,2,33.09,66.18
TI00010980,T0003641,P000008,2,52.62,105.24
TI00010981,T0003641,P000013,1,13.19,13.19
TI00010982,T0003642,P000011,2,19.19,38.38
TI00010983,T0003642,P000018,1,32.67,32.67
TI00010984,T0003642,P000014,3,24.75,74.25
TI00010985,T0003642,P000006,2,9.16,18.32
TI00010986,T0003643,P000008,4,52.62,210.48
TI00010987,T0003643,P000010,2,43.23,86.46
TI00010988,T0003644,P000004,3,39.36,118.08
TI00010989,T0003644,P000008,1,52.62,52.62
TI00010990,T0003644,P000016,1,49.09,49.09
TI00010991,T0003645,P000015,3,49.37,148.11
TI00010992,T0003645,P000009,2,33.09,66.18
TI00010993,T0003645,P000014,2,24.75,49.5
TI00010994,T0003645,P000012,2,42.38,84.76
TI00010995,T0003646,P000017,3,43.77,131.31
TI00010996,T0003646,P000016,4,49.09,196.36
TI00010997,T0003646,P000006,2,9.16,18.32
TI00010998,T0003646,P000001,4,27.25,109.0
TI00010999,T0003646,P000008,2,52.62,105.24
TI00011000,T0003647,P000020,2,58.91,117.82
TI00011001,T0003647,P000012,1,42.38,42.38
TI00011002,T0003647,P000005,1,49.07,49.07
TI00011003,T0003647,P000001,1,27.25,27.25
TI00011004,T0003648,P000005,2,49.07,98.14
TI00011005,T0003648,P000015,1,49.37,49.37
TI00011006,T0003649,P000016,4,49.09,196.36
TI00011007,T0003649,P000009,2,33.09,66.18
TI00011008,T0003650,P000017,1,43.77,43.77
TI00011009,T0003650,P000013,4,13.19,52.76
TI00011010,T0003651,P000016,3,49.09,147.27
TI00011011,T0003652,P000019,4,32.28,129.12
TI00011012,T0003652,P000004,2,39.36,78.72
TI00011013,T0003652,P000011,4,19.19,76.76
TI00011014,T0003653,P000003,1,10.3,10.3
TI00011015,T0003653,P000012,3,42.38,127.14
TI00011016,T0003654,P000001,3,27.25,81.75
TI00011017,T0003654,P000009,2,33.09,66.18
TI00011018,T0003654,P000014,2,24.75,49.5
TI00011019,T0003654,P000010,2,43.23,86.46
TI00011020,T0003655,P000010,3,43.23,129.69
TI00011021,T0003655,P000011,3,19.19,57.57
TI00011022,T0003655,P000012,2,42.38,84.76
TI00011023,T0003656,P000005,2,49.07,98.14
TI00011024,T0003656,P000019,1,32.28,32.28
TI00011025,T0003656,P000012,2,42.38,84.76
TI00011026,T0003656,P000013,3,13.19,39.57
TI00011027,T0003657,P000019,4,32.28,129.12
TI00011028,T0003658,P000009,4,33.09,132.36
TI00011029,T0003658,P000020,1,58.91,58.91
TI00011030,T0003658,P000015,4,49.37,197.48
TI00011031,T0003658,P000012,3,42.38,127.14
TI00011032,T0003658,P000008,4,52.62,210.48
TI00011033,T0003659,P000008,4,52.62,210.48
TI00011034,T0003659,P000003,2,10.3,20.6
TI00011035,T0003660,P000011,2,19.19,38.38
TI00011036,T0003660,P000012,2,42.38,84.76
TI00011037,T0003660,P000007,1,44.35,44.35
TI00011038,T0003660,P000010,4,43.23,172.92
TI00011039,T0003660,P000019,1,32.28,32.28
TI00011040,T0003661,P000001,1,27.25,27.25
TI00011041,T0003661,P000020,3,58.91,176.73
TI00011042,T0003662,P000006,1,9.16,9.16
TI00011043,T0003663,P000017,4,43.77,175.08
TI00011044,T0003663,P000006,1,9.16,9.16
TI00011045,T0003663,P000011,2,19.19,38.38
TI00011046,T0003663,P000013,4,13.19,52.76
TI00011047,T0003663,P000019,4,32.28,129.12
TI00011048,T0003664,P000002,3,56.39,169.17
TI00011049,T0003664,P000013,1,13.19,13.19
TI00011050,T0003664,P000018,2,32.67,65.34
TI00011051,T0003664,P000007,4,44.35,177.4
TI00011052,T0003664,P000003,3,10.3,30.9
TI00011053,T0003665,P000001,3,27.25,81.75
TI00011054,T0003665,P000020,4,58.91,235.64
TI00011055,T0003666,P000005,4,49.07,196.28
TI00011056,T0003666,P000015,3,49.37,148.11
TI00011057,T0003666,P000014,4,24.75,99.0
TI00011058,T0003666,P000013,4,13.19,52.76
TI00011059,T0003667,P000017,3,43.77,131.31
TI00011060,T0003667,P000013,4,13.19,52.76
TI00011061,T0003668,P000010,1,43.23,43.23
TI00011062,T0003669,P000006,2,9.16,18.32
TI00011063,T0003669,P000002,4,56.39,225.56
TI00011064,T0003669,P000007,4,44.35,177.4
TI00011065,T0003669,P000004,4,39.36,157.44
TI00011066,T0003670,P000007,4,44.35,177.4
TI00011067,T0003670,P000013,4,13.19,52.76
TI00011068,T0003670,P000017,1,43.77,43.77
TI00011069,T0003670,P000011,4,19.19,76.76
TI00011070,T0003670,P000004,2,39.36,78.72
TI00011071,T0003671,P000003,4,10.3,41.2
TI00011072,T0003671,P000016,4,49.09,196.36
TI00011073,T0003671,P000001,4,27.25,109.0
TI00011074,T0003671,P000014,1,24.75,24.75
TI00011075,T0003671,P000010,3,43.23,129.69
TI00011076,T0003672,P000010,2,43.23,86.46
TI00011077,T0003673,P000002,4,56.39,225.56
TI00011078,T0003673,P000020,2,58.91,117.82
TI00011079,T0003674,P000017,2,43.77,87.54
TI00011080,T0003675,P000006,3,9.16,27.48
TI00011081,T0003675,P000017,2,43.77,87.54
TI00011082,T0003675,P000001,2,27.25,54.5
TI00011083,T0003675,P000004,3,39.36,118.08
TI00011084,T0003675,P000013,1,13.19,13.19
TI00011085,T0003676,P000020,2,58.91,117.82
TI00011086,T0003676,P000016,3,49.09,147.27
TI00011087,T0003677,P000002,2,56.39,112.78
TI00011088,T0003678,P000002,2,56.39,112.78
TI00011089,T0003678,P000009,1,33.09,33.09
TI00011090,T0003678,P000007,3,44.35,133.05
TI00011091,T0003679,P000004,2,39.36,78.72
TI00011092,T0003679,P000017,4,43.77,175.08
TI00011093,T0003679,P000005,1,49.07,49.07
TI00011094,T0003679,P000016,2,49.09,98.18
TI00011095,T0003680,P000009,3,33.09,99.27
TI00011096,T0003680,P000012,4,42.38,169.52
TI00011097,T0003681,P000018,2,32.67,65.34
TI00011098,T0003681,P000011,4,19.19,76.76
TI00011099,T0003681,P000009,2,33.09,66.18
TI00011100,T0003681,P000019,3,32.28,96.84
TI00011101,T0003681,P000006,4,9.16,36.64
TI00011102,T0003682,P000004,1,39.36,39.36
TI00011103,T0003682,P000015,4,49.37,197.48
TI00011104,T0003682,P000014,1,24.75,24.75
TI00011105,T0003683,P000020,4,58.91,235.64
TI00011106,T0003683,P000008,2,52.62,105.24
TI00011107,T0003683,P000007,4,44.35,177.4
TI00011108,T0003683,P000015,4,49.37,197.48
TI00011109,T0003684,P000019,2,32.28,64.56
TI00011110,T0003684,P000008,1,52.62,52.62
TI00011111,T0003685,P000020,3,58.91,176.73
TI00011112,T0003686,P000018,3,32.67,98.01
TI00011113,T0003686,P000006,3,9.16,27.48
TI00011114,T0003687,P000003,4,10.3,41.2
TI00011115,T0003687,P000010,2,43.23,86.46
TI00011116,T0003687,P000001,1,27.25,27.25
TI00011117,T0003687,P000018,1,32.67,32.67
TI00011118,T0003688,P000002,2,56.39,112.78
TI00011119,T0003688,P000010,1,43.23,43.23
TI00011120,T0003689,P000009,4,33.09,132.36
TI00011121,T0003690,P000009,1,33.09,33.09
TI00011122,T0003690,P000016,2,49.09,98.18
TI00011123,T0003690,P000020,2,58.91,117.82
TI00011124,T0003690,P000014,3,24.75,74.25
TI00011125,T0003691,P000012,2,42.38,84.76
TI00011126,T0003691,P000019,1,32.28,32.28
TI00011127,T0003691,P000011,3,19.19,57.57
TI00011128,T0003691,P000020,3,58.91,176.73
TI00011129,T0003692,P000010,3,43.23,129.69
TI00011130,T0003692,P000016,1,49.09,49.09
TI00011131,T0003692,P000001,1,27.25,27.25
TI00011132,T0003693,P000003,2,10.3,20.6
TI00011133,T0003694,P000012,3,42.38,127.14
TI00011134,T0003694,P000007,2,44.35,88.7
TI00011135,T0003694,P000009,4,33.09,132.36
TI00011136,T0003694,P000003,1,10.3,10.3
TI00011137,T0003694,P000015,2,49.37,98.74
TI00011138,T0003695,P000019,1,32.28,32.28
TI00011139,T0003696,P000002,3,56.39,169.17
TI00011140,T0003696,P000020,4,58.91,235.64
TI00011141,T0003696,P000006,1,9.16,9.16
TI00011142,T0003696,P000007,4,44.35,177.4
TI00011143,T0003696,P000008,1,52.62,52.62
TI00011144,T0003697,P000016,3,49.09,147.27
TI00011145,T0003697,P000015,2,49.37,98.74
TI00011146,T0003697,P000013,1,13.19,13.19
TI00011147,T0003698,P000008,1,52.62,52.62
TI00011148,T0003698,P000013,2,13.19,26.38
TI00011149,T0003698,P000016,1,49.09,49.09
TI00011150,T0003699,P000012,3,42.38,127.14
TI00011151,T0003699,P000018,2,32.67,65.34
TI00011152,T0003699,P000002,2,56.39,112.78
TI00011153,T0003699,P000011,1,19.19,19.19
TI00011154,T0003699,P000015,2,49.37,98.74
TI00011155,T0003700,P000014,2,24.75,49.5
TI00011156,T0003700,P000018,1,32.67,32.67
TI00011157,T0003700,P000017,2,43.77,87.54
TI00011158,T0003700,P000010,4,43.23,172.92
TI00011159,T0003701,P000018,3,32.67,98.01
TI00011160,T0003701,P000020,4,58.91,235.64
TI00011161,T0003702,P000017,3,43.77,131.31
TI00011162,T0003702,P000006,3,9.16,27.48
TI00011163,T0003702,P000008,3,52.62,157.86
TI00011164,T0003703,P000001,3,27.25,81.75
TI00011165,T0003703,P000015,3,49.37,148.11
TI00011166,T0003704,P000001,3,27.25,81.75
TI00011167,T0003704,P000016,2,49.09,98.18
TI00011168,T0003705,P000009,1,33.09,33.09
TI00011169,T0003705,P000018,4,32.67,130.68
TI00011170,T0003705,P000011,3,19.19,57.57
TI00011171,T0003705,P000010,1,43.23,43.23
TI00011172,T0003705,P000005,1,49.07,49.07
TI00011173,T0003706,P000017,2,43.77,87.54
TI00011174,T0003706,P000011,1,19.19,19.19
TI00011175,T0003706,P000002,1,56.39,56.39
TI00011176,T0003706,P000012,1,42.38,42.38
TI00011177,T0003707,P000018,3,32.67,98.01
TI00011178,T0003707,P000016,2,49.09,98.18
TI00011179,T0003707,P000001,4,27.25,109.0
TI00011180,T0003708,P000001,1,27.25,27.25
TI00011181,T0003709,P000003,4,10.3,41.2
TI00011182,T0003709,P000006,1,9.16,9.16
TI00011183,T0003709,P000011,3,19.19,57.57
TI00011184,T0003710,P000015,3,49.37,148.11
TI00011185,T0003711,P000003,1,10.3,10.3
TI00011186,T0003712,P000009,4,33.09,132.36
TI00011187,T0003712,P000017,4,43.77,175.08
TI00011188,T0003712,P000002,1,56.39,56.39
TI00011189,T0003712,P000019,3,32.28,96.84
TI00011190,T0003713,P000006,4,9.16,36.64
TI00011191,T0003713,P000014,3,24.75,74.25
TI00011192,T0003714,P000011,2,19.19,38.38
TI00011193,T0003714,P000003,4,10.3,41.2
TI00011194,T0003715,P000013,1,13.19,13.19
TI00011195,T0003716,P000002,4,56.39,225.56
TI00011196,T0003716,P000001,2,27.25,54.5
TI00011197,T0003716,P000010,3,43.23,129.69
TI00011198,T0003717,P000011,1,19.19,19.19
TI00011199,T0003717,P000010,2,43.23,86.46
TI00011200,T0003717,P000015,3,49.37,148.11
TI00011201,T0003718,P000013,4,13.19,52.76
TI00011202,T0003718,P000009,1,33.09,33.09
TI00011203,T0003718,P000010,4,43.23,172.92
TI00011204,T0003719,P000014,3,24.75,74.25
TI00011205,T0003720,P000001,4,27.25,109.0
TI00011206,T0003720,P000008,2,52.62,105.24
TI00011207,T0003721,P000013,1,13.19,13.19
TI00011208,T0003722,P000008,4,52.62,210.48
TI00011209,T0003722,P000001,4,27.25,109.0
TI00011210,T0003723,P000020,2,58.91,117.82
TI00011211,T0003723,P000017,2,43.77,87.54
TI00011212,T0003723,P000006,4,9.16,36.64
TI00011213,T0003723,P000016,2,49.09,98.18
TI00011214,T0003724,P000018,3,32.67,98.01
TI00011215,T0003724,P000009,1,33.09,33.09
TI00011216,T0003724,P000004,4,39.36,157.44
TI00011217,T0003724,P000020,3,58.91,176.73
TI00011218,T0003724,P000013,3,13.19,39.57
TI00011219,T0003725,P000003,1,10.3,10.3
TI00011220,T0003725,P000012,4,42.38,169.52
TI00011221,T0003726,P000004,2,39.36,78.72
TI00011222,T0003726,P000001,1,27.25,27.25
TI00011223,T0003727,P000009,2,33.09,66.18
TI00011224,T0003727,P000015,3,49.37,148.11
TI00011225,T0003727,P000019,2,32.28,64.56
TI00011226,T0003727,P000005,2,49.07,98.14
TI00011227,T0003728,P000005,3,49.07,147.21
TI00011228,T0003728,P000013,2,13.19,26.38
TI00011229,T0003728,P000004,3,39.36,118.08
TI00011230,T0003728,P000002,2,56.39,112.78
TI00011231,T0003728,P000010,3,43.23,129.69
TI00011232,T0003729,P000010,3,43.23,129.69
TI00011233,T0003729,P000002,3,56.39,169.17
TI00011234,T0003729,P000011,1,19.19,19.19
TI00011235,T0003729,P000009,3,33.09,99.27
TI00011236,T0003729,P000005,3,49.07,147.21
TI00011237,T0003730,P000002,2,56.39,112.78
TI00011238,T0003731,P000015,3,49.37,148.11
TI00011239,T0003731,P000013,3,13.19,39.57
TI00011240,T0003732,P000003,2,10.3,20.6
TI00011241,T0003732,P000005,1,49.07,49.07
TI00011242,T0003732,P000004,2,39.36,78.72
TI00011243,T0003733,P000016,4,49.09,196.36
TI00011244,T0003733,P000002,1,56.39,56.39
TI00011245,T0003733,P000018,3,32.67,98.01
TI00011246,T0003733,P000015,1,49.37,49.37
TI00011247,T0003734,P000003,1,10.3,10.3
TI00011248,T0003734,P000014,2,24.75,49.5
TI00011249,T0003734,P000018,2,32.67,65.34
TI00011250,T0003734,P000016,2,49.09,98.18
TI00011251,T0003734,P000009,1,33.09,33.09
TI00011252,T0003735,P000020,4,58.91,235.64
TI00011253,T0003735,P000003,4,10.3,41.2
TI00011254,T0003735,P000008,3,52.62,157.86
TI00011255,T0003736,P000005,3,49.07,147.21
TI00011256,T0003736,P000011,1,19.19,19.19
TI00011257,T0003736,P000014,1,24.75,24.75
TI00011258,T0003737,P000005,4,49.07,196.28
TI00011259,T0003737,P000018,3,32.67,98.01
TI00011260,T0003737,P000014,3,24.75,74.25
TI00011261,T0003737,P000017,4,43.77,175.08
TI00011262,T0003737,P000009,1,33.09,33.09
TI00011263,T0003738,P000011,3,19.19,57.57
TI00011264,T0003738,P000006,4,9.16,36.64
TI00011265,T0003738,P000005,4,49.07,196.28
TI00011266,T0003738,P000001,2,27.25,54.5
TI00011267,T0003738,P000010,1,43.23,43.23
TI00011268,T0003739,P000014,2,24.75,49.5
TI00011269,T0003740,P000019,3,32.28,96.84
TI00011270,T0003740,P000017,1,43.77,43.77
TI00011271,T0003740,P000008,1,52.62,52.62
TI00011272,T0003740,P000013,1,13.19,13.19
TI00011273,T0003741,P000011,1,19.19,19.19
TI00011274,T0003741,P000008,1,52.62,52.62
TI00011275,T0003741,P000009,2,33.09,66.18
TI00011276,T0003741,P000013,4,13.19,52.76
TI00011277,T0003742,P000001,2,27.25,54.5
TI00011278,T0003742,P000016,2,49.09,98.18
TI00011279,T0003742,P000015,1,49.37,49.37
TI00011280,T0003742,P000006,1,9.16,9.16
TI00011281,T0003742,P000003,1,10.3,10.3
TI00011282,T0003743,P000017,4,43.77,175.08
TI00011283,T0003744,P000003,3,10.3,30.9
TI00011284,T0003744,P000015,2,49.37,98.74
TI00011285,T0003745,P000020,1,58.91,58.91
TI00011286,T0003745,P000007,2,44.35,88.7
TI00011287,T0003745,P000010,4,43.23,172.92
TI00011288,T0003746,P000017,4,43.77,175.08
TI00011289,T0003746,P000010,4,43.23,172.92
TI00011290,T0003746,P000019,1,32.28,32.28
TI00011291,T0003746,P000003,2,10.3,20.6
TI00011292,T0003747,P000002,3,56.39,169.17
TI00011293,T0003747,P000013,4,13.19,52.76
TI00011294,T0003747,P000005,4,49.07,196.28
TI00011295,T0003747,P000003,1,10.3,10.3
TI00011296,T0003748,P000004,1,39.36,39.36
TI00011297,T0003748,P000006,4,9.16,36.64
TI00011298,T0003749,P000003,4,10.3,41.2
TI00011299,T0003749,P000005,2,49.07,98.14
TI00011300,T0003750,P000008,4,52.62,210.48
TI00011301,T0003750,P000006,4,9.16,36.64
TI00011302,T0003750,P000010,2,43.23,86.46
TI00011303,T0003751,P000017,1,43.77,43.77
TI00011304,T0003752,P000003,2,10.3,20.6
TI00011305,T0003752,P000013,2,13.19,26.38
TI00011306,T0003752,P000019,1,32.28,32.28
TI00011307,T0003752,P000015,4,49.37,197.48
TI00011308,T0003753,P000013,4,13.19,52.76
TI00011309,T0003753,P000006,3,9.16,27.48
TI00011310,T0003754,P000001,4,27.25,109.0
TI00011311,T0003754,P000007,2,44.35,88.7
TI00011312,T0003754,P000012,2,42.38,84.76
TI00011313,T0003755,P000007,2,44.35,88.7
TI00011314,T0003755,P000008,2,52.62,105.24
TI00011315,T0003755,P000014,1,24.75,24.75
TI00011316,T0003755,P000009,4,33.09,132.36
TI00011317,T0003755,P000015,2,49.37,98.74
TI00011318,T0003756,P000020,1,58.91,58.91
TI00011319,T0003757,P000005,4,49.07,196.28
TI00011320,T0003757,P000006,3,9.16,27.48
TI00011321,T0003758,P000002,2,56.39,112.78
TI00011322,T0003758,P000016,1,49.09,49.09
TI00011323,T0003758,P000011,4,19.19,76.76
TI00011324,T0003758,P000017,1,43.77,43.77
TI00011325,T0003759,P000012,1,42.38,42.38
TI00011326,T0003759,P000001,3,27.25,81.75
TI00011327,T0003760,P000009,3,33.09,99.27
TI00011328,T0003760,P000011,1,19.19,19.19
TI00011329,T0003760,P000001,4,27.25,109.0
TI00011330,T0003760,P000008,2,52.62,105.24
TI00011331,T0003760,P000004,4,39.36,157.44
TI00011332,T0003761,P000020,2,58.91,117.82
TI00011333,T0003761,P000005,3,49.07,147.21
TI00011334,T0003762,P000001,1,27.25,27.25
TI00011335,T0003762,P000004,1,39.36,39.36
TI00011336,T0003762,P000016,3,49.09,147.27
TI00011337,T0003762,P000002,4,56.39,225.56
TI00011338,T0003763,P000002,3,56.39,169.17
TI00011339,T0003763,P000019,2,32.28,64.56
TI00011340,T0003763,P000015,2,49.37,98.74
TI00011341,T0003763,P000003,2,10.3,20.6
TI00011342,T0003763,P000011,2,19.19,38.38
TI00011343,T0003764,P000009,4,33.09,132.36
TI00011344,T0003764,P000012,1,42.38,42.38
TI00011345,T0003764,P000015,4,49.37,197.48
TI00011346,T0003764,P000013,2,13.19,26.38
TI00011347,T0003764,P000018,1,32.67,32.67
TI00011348,T0003765,P000019,4,32.28,129.12
TI00011349,T0003766,P000018,4,32.67,130.68
TI00011350,T0003766,P000012,4,42.38,169.52
TI00011351,T0003766,P000017,2,43.77,87.54
TI00011352,T0003767,P000001,1,27.25,27.25
TI00011353,T0003767,P000009,3,33.09,99.27
TI00011354,T0003767,P000018,2,32.67,65.34
TI00011355,T0003767,P000020,1,58.91,58.91
TI00011356,T0003767,P000017,2,43.77,87.54
TI00011357,T0003768,P000009,1,33.09,33.09
TI00011358,T0003768,P000013,3,13.19,39.57
TI00011359,T0003768,P000003,4,10.3,41.2
TI00011360,T0003768,P000020,3,58.91,176.73
TI00011361,T0003768,P000006,1,9.16,9.16
TI00011362,T0003769,P000001,4,27.25,109.0
TI00011363,T0003769,P000019,1,32.28,32.28
TI00011364,T0003769,P000020,1,58.91,58.91
TI00011365,T0003769,P000012,3,42.38,127.14
TI00011366,T0003769,P000005,1,49.07,49.07
TI00011367,T0003770,P000005,2,49.07,98.14
TI00011368,T0003770,P000016,1,49.09,49.09
TI00011369,T0003770,P000019,2,32.28,64.56
TI00011370,T0003770,P000002,4,56.39,225.56
TI00011371,T0003770,P000006,1,9.16,9.16
TI00011372,T0003771,P000016,2,49.09,98.18
TI00011373,T0003772,P000008,4,52.62,210.48
TI00011374,T0003772,P000013,3,13.19,39.57
TI00011375,T0003772,P000003,1,10.3,10.3
TI00011376,T0003773,P000012,2,42.38,84.76
TI00011377,T0003773,P000010,4,43.23,172.92
TI00011378,T0003773,P000003,4,10.3,41.2
TI00011379,T0003773,P000013,1,13.19,13.19
TI00011380,T0003773,P000004,4,39.36,157.44
TI00011381,T0003774,P000018,2,32.67,65.34
TI00011382,T0003774,P000016,2,49.09,98.18
TI00011383,T0003774,P000007,1,44.35,44.35
TI00011384,T0003774,P000008,1,52.62,52.62
TI00011385,T0003775,P000019,1,32.28,32.28
TI00011386,T0003776,P000004,3,39.36,118.08
TI00011387,T0003776,P000015,1,49.37,49.37
TI00011388,T0003777,P000014,4,24.75,99.0
TI00011389,T0003778,P000014,4,24.75,99.0
TI00011390,T0003778,P000016,3,49.09,147.27
TI00011391,T0003779,P000003,2,10.3,20.6
TI00011392,T0003779,P000004,4,39.36,157.44
TI00011393,T0003779,P000018,2,32.67,65.34
TI00011394,T0003780,P000018,1,32.67,32.67
TI00011395,T0003780,P000013,4,13.19,52.76
TI00011396,T0003780,P000019,1,32.28,32.28
TI00011397,T0003780,P000009,1,33.09,33.09
TI00011398,T0003781,P000018,3,32.67,98.01
TI00011399,T0003782,P000012,3,42.38,127.14
TI00011400,T0003783,P000020,4,58.91,235.64
TI00011401,T0003784,P000003,1,10.3,10.3
TI00011402,T0003784,P000001,1,27.25,27.25
TI00011403,T0003784,P000010,4,43.23,172.92
TI00011404,T0003785,P000004,4,39.36,157.44
TI00011405,T0003785,P000016,2,49.09,98.18
TI00011406,T0003785,P000009,3,33.09,99.27
TI00011407,T0003786,P000005,4,49.07,196.28
TI00011408,T0003786,P000009,2,33.09,66.18
TI00011409,T0003786,P000020,4,58.91,235.64
TI00011410,T0003786,P000001,3,27.25,81.75
TI00011411,T0003787,P000016,3,49.09,147.27
TI00011412,T0003788,P000020,4,58.91,235.64
TI00011413,T0003788,P000001,3,27.25,81.75
TI00011414,T0003789,P000012,3,42.38,127.14
TI00011415,T0003789,P000017,4,43.77,175.08
TI00011416,T0003789,P000008,1,52.62,52.62
TI00011417,T0003789,P000003,1,10.3,10.3
TI00011418,T0003789,P000019,3,32.28,96.84
TI00011419,T0003790,P000008,1,52.62,52.62
TI00011420,T0003790,P000001,2,27.25,54.5
TI00011421,T0003791,P000013,4,13.19,52.76
TI00011422,T0003792,P000008,4,52.62,210.48
TI00011423,T0003792,P000002,2,56.39,112.78
TI00011424,T0003792,P000005,3,49.07,147.21
TI00011425,T0003793,P000007,4,44.35,177.4
TI00011426,T0003793,P000003,2,10.3,20.6
TI00011427,T0003793,P000004,2,39.36,78.72
TI00011428,T0003793,P000006,2,9.16,18.32
TI00011429,T0003794,P000015,3,49.37,148.11
TI00011430,T0003794,P000009,2,33.09,66.18
TI00011431,T0003794,P000004,4,39.36,157.44
TI00011432,T0003794,P000010,1,43.23,43.23
TI00011433,T0003795,P000019,1,32.28,32.28
TI00011434,T0003795,P000014,3,24.75,74.25
TI00011435,T0003795,P000018,2,32.67,65.34
TI00011436,T0003795,P000016,2,49.09,98.18
TI00011437,T0003795,P000001,4,27.25,109.0
TI00011438,T0003796,P000019,3,32.28,96.84
TI00011439,T0003797,P000003,3,10.3,30.9
TI00011440,T0003797,P000007,1,44.35,44.35
TI00011441,T0003797,P000006,3,9.16,27.48
TI00011442,T0003797,P000009,4,33.09,132.36
TI00011443,T0003797,P000001,2,27.25,54.5
TI00011444,T0003798,P000014,1,24.75,24.75
TI00011445,T0003798,P000007,2,44.35,88.7
TI00011446,T0003799,P000005,2,49.07,98.14
TI00011447,T0003800,P000001,1,27.25,27.25
TI00011448,T0003800,P000005,2,49.07,98.14
TI00011449,T0003800,P000013,1,13.19,13.19
TI00011450,T0003801,P000018,2,32.67,65.34
TI00011451,T0003801,P000003,4,10.3,41.2
TI00011452,T0003801,P000015,3,49.37,148.11
TI00011453,T0003802,P000018,1,32.67,32.67
TI00011454,T0003802,P000002,1,56.39,56.39
TI00011455,T0003802,P000001,1,27.25,27.25
TI00011456,T0003802,P000016,1,49.09,49.09
TI00011457,T0003802,P000008,3,52.62,157.86
TI00011458,T0003803,P000002,1,56.39,56.39
TI00011459,T0003803,P000003,1,10.3,10.3
TI00011460,T0003803,P000007,3,44.35,133.05
TI00011461,T0003803,P000016,4,49.09,196.36
TI00011462,T0003803,P000014,2,24.75,49.5
TI00011463,T0003804,P000014,4,24.75,99.0
TI00011464,T0003805,P000019,1,32.28,32.28
TI00011465,T0003806,P000004,3,39.36,118.08
TI00011466,T0003806,P000008,1,52.62,52.62
TI00011467,T0003807,P000005,2,49.07,98.14
TI00011468,T0003807,P000019,4,32.28,129.12
TI00011469,T0003807,P000006,2,9.16,18.32
TI00011470,T0003808,P000012,2,42.38,84.76
TI00011471,T0003809,P000004,2,39.36,78.72
TI00011472,T0003809,P000008,1,52.62,52.62
TI00011473,T0003809,P000013,4,13.19,52.76
TI00011474,T0003810,P000020,2,58.91,117.82
TI00011475,T0003810,P000008,3,52.62,157.86
TI00011476,T0003810,P000002,3,56.39,169.17
TI00011477,T0003810,P000019,3,32.28,96.84
TI00011478,T0003810,P000013,2,13.19,26.38
TI00011479,T0003811,P000011,4,19.19,76.76
TI00011480,T0003812,P000016,2,49.09,98.18
TI00011481,T0003812,P000002,3,56.39,169.17
TI00011482,T0003813,P000015,3,49.37,148.11
TI00011483,T0003813,P000001,4,27.25,109.0
TI00011484,T0003813,P000019,4,32.28,129.12
TI00011485,T0003813,P000013,4,13.19,52.76
TI00011486,T0003813,P000004,4,39.36,157.44
TI00011487,T0003814,P000008,4,52.62,210.48
TI00011488,T0003815,P000006,4,9.16,36.64
TI00011489,T0003815,P000012,1,42.38,42.38
TI00011490,T0003815,P000013,4,13.19,52.76
TI00011491,T0003815,P000007,2,44.35,88.7
TI00011492,T0003815,P000016,1,49.09,49.09
TI00011493,T0003816,P000020,4,58.91,235.64
TI00011494,T0003817,P000003,2,10.3,20.6
TI00011495,T0003817,P000020,3,58.91,176.73
TI00011496,T0003817,P000006,2,9.16,18.32
TI00011497,T0003817,P000011,1,19.19,19.19
TI00011498,T0003818,P000018,4,32.67,130.68
TI00011499,T0003818,P000015,2,49.37,98.74
TI00011500,T0003818,P000004,3,39.36,118.08
TI00011501,T0003818,P000020,1,58.91,58.91
TI00011502,T0003819,P000016,1,49.09,49.09
TI00011503,T0003819,P000004,3,39.36,118.08
TI00011504,T0003819,P000014,3,24.75,74.25
TI00011505,T0003819,P000018,3,32.67,98.01
TI00011506,T0003819,P000017,3,43.77,131.31
TI00011507,T0003820,P000004,1,39.36,39.36
TI00011508,T0003820,P000003,3,10.3,30.9
TI00011509,T0003820,P000010,3,43.23,129.69
TI00011510,T0003820,P000001,2,27.25,54.5
TI00011511,T0003821,P000014,4,24.75,99.0
TI00011512,T0003821,P000015,3,49.37,148.11
TI00011513,T0003821,P000018,2,32.67,65.34
TI00011514,T0003821,P000009,2,33.09,66.18
TI00011515,T0003822,P000001,2,27.25,54.5
TI00011516,T0003823,P000004,2,39.36,78.72
TI00011517,T0003823,P000019,3,32.28,96.84
TI00011518,T0003823,P000010,2,43.23,86.46
TI00011519,T0003824,P000009,1,33.09,33.09
TI00011520,T0003824,P000002,3,56.39,169.17
TI00011521,T0003824,P000016,1,49.09,49.09
TI00011522,T0003824,P000001,4,27.25,109.0
TI00011523,T0003824,P000017,2,43.77,87.54
TI00011524,T0003825,P000016,2,49.09,98.18
TI00011525,T0003825,P000009,3,33.09,99.27
TI00011526,T0003826,P000005,2,49.07,98.14
TI00011527,T0003826,P000009,2,33.09,66.18
TI00011528,T0003827,P000020,2,58.91,117.82
TI00011529,T0003827,P000014,4,24.75,99.0
TI00011530,T0003827,P000015,4,49.37,197.48
TI00011531,T0003828,P000003,3,10.3,30.9
TI00011532,T0003828,P000012,3,42.38,127.14
TI00011533,T0003828,P000007,4,44.35,177.4
TI00011534,T0003828,P000009,3,33.09,99.27
TI00011535,T0003828,P000017,1,43.77,43.77
TI00011536,T0003829,P000014,3,24.75,74.25
TI00011537,T0003829,P000010,1,43.23,43.23
TI00011538,T0003830,P000005,4,49.07,196.28
TI00011539,T0003830,P000012,1,42.38,42.38
TI00011540,T0003830,P000015,3,49.37,148.11
TI00011541,T0003830,P000001,2,27.25,54.5
TI00011542,T0003831,P000009,4,33.09,132.36
TI00011543,T0003831,P000012,4,42.38,169.52
TI00011544,T0003831,P000019,1,32.28,32.28
TI00011545,T0003831,P000013,1,13.19,13.19
TI00011546,T0003832,P000019,3,32.28,96.84
TI00011547,T0003832,P000015,2,49.37,98.74
TI00011548,T0003833,P000009,2,33.09,66.18
TI00011549,T0003833,P000008,4,52.62,210.48
TI00011550,T0003833,P000011,2,19.19,38.38
TI00011551,T0003833,P000020,4,58.91,235.64
TI00011552,T0003833,P000002,3,56.39,169.17
TI00011553,T0003834,P000009,1,33.09,33.09
TI00011554,T0003834,P000004,3,39.36,118.08
TI00011555,T0003834,P000020,1,58.91,58.91
TI00011556,T0003834,P000010,3,43.23,129.69
TI00011557,T0003834,P000005,2,49.07,98.14
TI00011558,T0003835,P000008,4,52.62,210.48
TI00011559,T0003836,P000010,2,43.23,86.46
TI00011560,T0003836,P000018,1,32.67,32.67
TI00011561,T0003837,P000020,3,58.91,176.73
TI00011562,T0003837,P000016,1,49.09,49.09
TI00011563,T0003837,P000019,3,32.28,96.84
TI00011564,T0003837,P000015,2,49.37,98.74
TI00011565,T0003838,P000010,4,43.23,172.92
TI00011566,T0003838,P000016,3,49.09,147.27
TI00011567,T0003838,P000005,2,49.07,98.14
TI00011568,T0003838,P000013,2,13.19,26.38
TI00011569,T0003839,P000004,1,39.36,39.36
TI00011570,T0003840,P000017,3,43.77,131.31
TI00011571,T0003840,P000020,4,58.91,235.64
TI00011572,T0003840,P000015,2,49.37,98.74
TI00011573,T0003840,P000012,4,42.38,169.52
TI00011574,T0003841,P000005,2,49.07,98.14
TI00011575,T0003841,P000010,2,43.23,86.46
TI00011576,T0003841,P000020,4,58.91,235.64
TI00011577,T0003841,P000006,1,9.16,9.16
TI00011578,T0003841,P000013,3,13.19,39.57
TI00011579,T0003842,P000005,2,49.07,98.14
TI00011580,T0003843,P000009,3,33.09,99.27
TI00011581,T0003843,P000006,1,9.16,9.16
TI00011582,T0003843,P000020,3,58.91,176.73
TI00011583,T0003843,P000016,3,49.09,147.27
TI00011584,T0003843,P000005,2,49.07,98.14
TI00011585,T0003844,P000006,1,9.16,9.16
TI00011586,T0003845,P000016,4,49.09,196.36
TI00011587,T0003846,P000001,1,27.25,27.25
TI00011588,T0003846,P000005,1,49.07,49.07
TI00011589,T0003846,P000016,1,49.09,49.09
TI00011590,T0003846,P000002,4,56.39,225.56
TI00011591,T0003846,P000004,4,39.36,157.44
TI00011592,T0003847,P000012,3,42.38,127.14
TI00011593,T0003847,P000011,4,19.19,76.76
TI00011594,T0003847,P000010,1,43.23,43.23
TI00011595,T0003848,P000001,2,27.25,54.5
TI00011596,T0003848,P000002,3,56.39,169.17
TI00011597,T0003848,P000007,2,44.35,88.7
TI00011598,T0003848,P000018,2,32.67,65.34
TI00011599,T0003848,P000017,1,43.77,43.77
TI00011600,T0003849,P000003,3,10.3,30.9
TI00011601,T0003849,P000005,2,49.07,98.14
TI00011602,T0003849,P000019,4,32.28,129.12
TI00011603,T0003849,P000002,3,56.39,169.17
TI00011604,T0003849,P000013,1,13.19,13.19
TI00011605,T0003850,P000009,3,33.09,99.27
TI00011606,T0003850,P000002,3,56.39,169.17
TI00011607,T0003850,P000016,1,49.09,49.09
TI00011608,T0003850,P000015,1,49.37,49.37
TI00011609,T0003851,P000019,3,32.28,96.84
TI00011610,T0003852,P000010,4,43.23,172.92
TI00011611,T0003852,P000017,3,43.77,131.31
TI00011612,T0003852,P000005,1,49.07,49.07
TI00011613,T0003852,P000018,2,32.67,65.34
TI00011614,T0003853,P000007,4,44.35,177.4
TI00011615,T0003853,P000010,4,43.23,172.92
TI00011616,T0003854,P000018,1,32.67,32.67
TI00011617,T0003854,P000017,1,43.77,43.77
TI00011618,T0003854,P000011,3,19.19,57.57
TI00011619,T0003854,P000014,1,24.75,24.75
TI00011620,T0003855,P000003,2,10.3,20.6
TI00011621,T0003855,P000016,1,49.09,49.09
TI00011622,T0003855,P000001,3,27.25,81.75
TI00011623,T0003856,P000012,2,42.38,84.76
TI00011624,T0003856,P000009,3,33.09,99.27
TI00011625,T0003856,P000001,1,27.25,27.25
TI00011626,T0003856,P000007,4,44.35,177.4
TI00011627,T0003857,P000014,4,24.75,99.0
TI00011628,T0003857,P000005,3,49.07,147.21
TI00011629,T0003857,P000013,4,13.19,52.76
TI00011630,T0003857,P000011,2,19.19,38.38
TI00011631,T0003858,P000016,3,49.09,147.27
TI00011632,T0003858,P000002,3,56.39,169.17
TI00011633,T0003859,P000003,3,10.3,30.9
TI00011634,T0003859,P000008,3,52.62,157.86
TI00011635,T0003859,P000020,2,58.91,117.82
TI00011636,T0003859,P000007,4,44.35,177.4
TI00011637,T0003860,P000005,4,49.07,196.28
TI00011638,T0003860,P000004,4,39.36,157.44
TI00011639,T0003860,P000014,1,24.75,24.75
TI00011640,T0003860,P000016,2,49.09,98.18
TI00011641,T0003860,P000020,4,58.91,235.64
TI00011642,T0003861,P000018,3,32.67,98.01
TI00011643,T0003862,P000018,3,32.67,98.01
TI00011644,T0003862,P000005,1,49.07,49.07
TI00011645,T0003862,P000014,3,24.75,74.25
TI00011646,T0003862,P000017,1,43.77,43.77
TI00011647,T0003862,P000003,2,10.3,20.6
TI00011648,T0003863,P000015,1,49.37,49.37
TI00011649,T0003863,P000007,4,44.35,177.4
TI00011650,T0003863,P000005,2,49.07,98.14
TI00011651,T0003864,P000012,1,42.38,42.38
TI00011652,T0003864,P000001,1,27.25,27.25
TI00011653,T0003864,P000020,2,58.91,117.82
TI00011654,T0003865,P000010,2,43.23,86.46
TI00011655,T0003865,P000002,3,56.39,169.17
TI00011656,T0003866,P000012,1,42.38,42.38
TI00011657,T0003866,P000010,4,43.23,172.92
TI00011658,T0003866,P000015,1,49.37,49.37
TI00011659,T0003867,P000004,1,39.36,39.36
TI00011660,T0003868,P000007,3,44.35,133.05
TI00011661,T0003868,P000015,3,49.37,148.11
TI00011662,T0003868,P000005,2,49.07,98.14
TI00011663,T0003868,P000013,1,13.19,13.19
TI00011664,T0003868,P000012,3,42.38,127.14
TI00011665,T0003869,P000012,2,42.38,84.76
TI00011666,T0003869,P000016,3,49.09,147.27
TI00011667,T0003870,P000005,3,49.07,147.21
TI00011668,T0003870,P000006,3,9.16,27.48
TI00011669,T0003870,P000001,3,27.25,81.75
TI00011670,T0003870,P000011,4,19.19,76.76
TI00011671,T0003870,P000004,3,39.36,118.08
TI00011672,T0003871,P000009,4,33.09,132.36
TI00011673,T0003872,P000017,1,43.77,43.77
TI00011674,T0003872,P000011,2,19.19,38.38
TI00011675,T0003873,P000013,4,13.19,52.76
TI00011676,T0003873,P000010,4,43.23,172.92
TI00011677,T0003873,P000017,3,43.77,131.31
TI00011678,T0003873,P000006,1,9.16,9.16
TI00011679,T0003874,P000009,4,33.09,132.36
TI00011680,T0003874,P000013,1,13.19,13.19
TI00011681,T0003874,P000010,1,43.23,43.23
TI00011682,T0003874,P000001,1,27.25,27.25
TI00011683,T0003875,P000015,4,49.37,197.48
TI00011684,T0003875,P000006,3,9.16,27.48
TI00011685,T0003875,P000016,1,49.09,49.09
TI00011686,T0003875,P000018,3,32.67,98.01
TI00011687,T0003876,P000015,2,49.37,98.74
TI00011688,T0003877,P000014,3,24.75,74.25
TI00011689,T0003877,P000005,3,49.07,147.21
TI00011690,T0003877,P000020,1,58.91,58.91
TI00011691,T0003877,P000003,2,10.3,20.6
TI00011692,T0003877,P000006,1,9.16,9.16
TI00011693,T0003878,P000007,4,44.35,177.4
TI00011694,T0003879,P000012,2,42.38,84.76
TI00011695,T0003879,P000014,2,24.75,49.5
TI00011696,T0003880,P000020,3,58.91,176.73
TI00011697,T0003880,P000001,1,27.25,27.25
TI00011698,T0003880,P000012,2,42.38,84.76
TI00011699,T0003881,P000017,3,43.77,131.31
TI00011700,T0003881,P000020,4,58.91,235.64
TI00011701,T0003881,P000010,4,43.23,172.92
TI00011702,T0003881,P000001,3,27.25,81.75
TI00011703,T0003881,P000004,1,39.36,39.36
TI00011704,T0003882,P000007,1,44.35,44.35
TI00011705,T0003883,P000004,3,39.36,118.08
TI00011706,T0003883,P000016,4,49.09,196.36
TI00011707,T0003883,P000018,3,32.67,98.01
TI00011708,T0003883,P000003,3,10.3,30.9
TI00011709,T0003884,P000013,2,13.19,26.38
TI00011710,T0003884,P000011,4,19.19,76.76
TI00011711,T0003884,P000006,2,9.16,18.32
TI00011712,T0003884,P000009,1,33.09,33.09
TI00011713,T0003885,P000018,1,32.67,32.67
TI00011714,T0003886,P000013,4,13.19,52.76
TI00011715,T0003887,P000011,4,19.19,76.76
TI00011716,T0003887,P000009,2,33.09,66.18
TI00011717,T0003887,P000002,4,56.39,225.56
TI00011718,T0003887,P000008,4,52.62,210.48
TI00011719,T0003888,P000018,4,32.67,130.68
TI00011720,T0003888,P000009,1,33.09,33.09
TI00011721,T0003888,P000002,3,56.39,169.17
TI00011722,T0003888,P000007,4,44.35,177.4
TI00011723,T0003889,P000016,1,49.09,49.09
TI00011724,T0003890,P000004,1,39.36,39.36
TI00011725,T0003890,P000003,4,10.3,41.2
TI00011726,T0003890,P000006,3,9.16,27.48
TI00011727,T0003890,P000019,3,32.28,96.84
TI00011728,T0003891,P000001,2,27.25,54.5
TI00011729,T0003891,P000003,3,10.3,30.9
TI00011730,T0003891,P000011,2,19.19,38.38
TI00011731,T0003891,P000002,4,56.39,225.56
TI00011732,T0003892,P000018,3,32.67,98.01
TI00011733,T0003892,P000011,1,19.19,19.19
TI00011734,T0003893,P000004,4,39.36,157.44
TI00011735,T0003893,P000010,4,43.23,172.92
TI00011736,T0003893,P000006,4,9.16,36.64
TI00011737,T0003894,P000019,4,32.28,129.12
TI00011738,T0003895,P000014,3,24.75,74.25
TI00011739,T0003895,P000008,4,52.62,210.48
TI00011740,T0003895,P000006,4,9.16,36.64
TI00011741,T0003896,P000001,1,27.25,27.25
TI00011742,T0003896,P000010,1,43.23,43.23
TI00011743,T0003896,P000019,2,32.28,64.56
TI00011744,T0003896,P000012,1,42.38,42.38
TI00011745,T0003897,P000012,4,42.38,169.52
TI00011746,T0003897,P000016,4,49.09,196.36
TI00011747,T0003897,P000001,1,27.25,27.25
TI00011748,T0003897,P000018,1,32.67,32.67
TI00011749,T0003898,P000016,4,49.09,196.36
TI00011750,T0003899,P000011,3,19.19,57.57
TI00011751,T0003899,P000002,1,56.39,56.39
TI00011752,T0003900,P000020,4,58.91,235.64
TI00011753,T0003900,P000002,2,56.39,112.78
TI00011754,T0003901,P000018,3,32.67,98.01
TI00011755,T0003902,P000001,3,27.25,81.75
TI00011756,T0003902,P000002,1,56.39,56.39
TI00011757,T0003902,P000018,1,32.67,32.67
TI00011758,T0003903,P000018,1,32.67,32.67
TI00011759,T0003903,P000002,3,56.39,169.17
TI00011760,T0003903,P000009,4,33.09,132.36
TI00011761,T0003903,P000001,4,27.25,109.0
TI00011762,T0003903,P000011,1,19.19,19.19
TI00011763,T0003904,P000016,1,49.09,49.09
TI00011764,T0003904,P000014,1,24.75,24.75
TI00011765,T0003904,P000013,4,13.19,52.76
TI00011766,T0003904,P000001,1,27.25,27.25
TI00011767,T0003905,P000002,2,56.39,112.78
TI00011768,T0003905,P000013,1,13.19,13.19
TI00011769,T0003905,P000011,4,19.19,76.76
TI00011770,T0003905,P000020,3,58.91,176.73
TI00011771,T0003906,P000010,2,43.23,86.46
TI00011772,T0003906,P000006,2,9.16,18.32
TI00011773,T0003907,P000020,4,58.91,235.64
TI00011774,T0003907,P000017,2,43.77,87.54
TI00011775,T0003908,P000018,2,32.67,65.34
TI00011776,T0003908,P000005,1,49.07,49.07
TI00011777,T0003908,P000017,2,43.77,87.54
TI00011778,T0003908,P000004,1,39.36,39.36
TI00011779,T0003909,P000015,3,49.37,148.11
TI00011780,T0003909,P000011,3,19.19,57.57
TI00011781,T0003909,P000005,1,49.07,49.07
TI00011782,T0003910,P000005,3,49.07,147.21
TI00011783,T0003910,P000003,1,10.3,10.3
TI00011784,T0003910,P000011,4,19.19,76.76
TI00011785,T0003910,P000006,2,9.16,18.32
TI00011786,T0003911,P000012,2,42.38,84.76
TI00011787,T0003911,P000005,4,49.07,196.28
TI00011788,T0003911,P000006,1,9.16,9.16
TI00011789,T0003912,P000008,2,52.62,105.24
TI00011790,T0003912,P000017,2,43.77,87.54
TI00011791,T0003913,P000009,4,33.09,132.36
TI00011792,T0003913,P000016,4,49.09,196.36
TI00011793,T0003914,P000015,2,49.37,98.74
TI00011794,T0003914,P000004,2,39.36,78.72
TI00011795,T0003914,P000019,3,32.28,96.84
TI00011796,T0003915,P000013,2,13.19,26.38
TI00011797,T0003916,P000004,2,39.36,78.72
TI00011798,T0003916,P000018,4,32.67,130.68
TI00011799,T0003917,P000019,2,32.28,64.56
TI00011800,T0003917,P000003,1,10.3,10.3
TI00011801,T0003917,P000014,1,24.75,24.75
TI00011802,T0003917,P000016,3,49.09,147.27
TI00011803,T0003918,P000004,3,39.36,118.08
TI00011804,T0003919,P000010,4,43.23,172.92
TI00011805,T0003919,P000019,4,32.28,129.12
TI00011806,T0003919,P000004,1,39.36,39.36
TI00011807,T0003920,P000014,1,24.75,24.75
TI00011808,T0003921,P000001,3,27.25,81.75
TI00011809,T0003921,P000004,1,39.36,39.36
TI00011810,T0003922,P000019,3,32.28,96.84
TI00011811,T0003922,P000006,2,9.16,18.32
TI00011812,T0003922,P000009,2,33.09,66.18
TI00011813,T0003922,P000002,3,56.39,169.17
TI00011814,T0003923,P000002,2,56.39,112.78
TI00011815,T0003923,P000019,4,32.28,129.12
TI00011816,T0003923,P000008,3,52.62,157.86
TI00011817,T0003924,P000004,4,39.36,157.44
TI00011818,T0003924,P000008,3,52.62,157.86
TI00011819,T0003925,P000007,4,44.35,177.4
TI00011820,T0003926,P000001,1,27.25,27.25
TI00011821,T0003926,P000004,2,39.36,78.72
TI00011822,T0003926,P000006,1,9.16,9.16
TI00011823,T0003926,P000007,4,44.35,177.4
TI00011824,T0003926,P000020,4,58.91,235.64
TI00011825,T0003927,P000004,2,39.36,78.72
TI00011826,T0003927,P000005,2,49.07,98.14
TI00011827,T0003927,P000020,3,58.91,176.73
TI00011828,T0003928,P000017,2,43.77,87.54
TI00011829,T0003928,P000005,3,49.07,147.21
TI00011830,T0003928,P000009,4,33.09,132.36
TI00011831,T0003929,P000017,3,43.77,131.31
TI00011832,T0003929,P000002,2,56.39,112.78
TI00011833,T0003929,P000020,3,58.91,176.73
TI00011834,T0003930,P000016,3,49.09,147.27
TI00011835,T0003931,P000016,2,49.09,98.18
TI00011836,T0003931,P000007,2,44.35,88.7
TI00011837,T0003931,P000005,1,49.07,49.07
TI00011838,T0003931,P000004,3,39.36,118.08
TI00011839,T0003931,P000003,4,10.3,41.2
TI00011840,T0003932,P000003,4,10.3,41.2
TI00011841,T0003932,P000014,1,24.75,24.75
TI00011842,T0003933,P000013,1,13.19,13.19
TI00011843,T0003933,P000016,3,49.09,147.27
TI00011844,T0003933,P000012,3,42.38,127.14
TI00011845,T0003933,P000020,3,58.91,176.73
TI00011846,T0003933,P000007,2,44.35,88.7
TI00011847,T0003934,P000009,1,33.09,33.09
TI00011848,T0003934,P000014,3,24.75,74.25
TI00011849,T0003934,P000003,1,10.3,10.3
TI00011850,T0003935,P000009,1,33.09,33.09
TI00011851,T0003935,P000019,2,32.28,64.56
TI00011852,T0003935,P000015,2,49.37,98.74
TI00011853,T0003935,P000001,4,27.25,109.0
TI00011854,T0003936,P000003,3,10.3,30.9
TI00011855,T0003937,P000008,4,52.62,210.48
TI00011856,T0003937,P000019,1,32.28,32.28
TI00011857,T0003937,P000007,2,44.35,88.7
TI00011858,T0003938,P000005,3,49.07,147.21
TI00011859,T0003938,P000013,4,13.19,52.76
TI00011860,T0003938,P000009,1,33.09,33.09
TI00011861,T0003939,P000010,4,43.23,172.92
TI00011862,T0003939,P000011,2,19.19,38.38
TI00011863,T0003940,P000006,3,9.16,27.48
TI00011864,T0003941,P000011,1,19.19,19.19
TI00011865,T0003941,P000002,3,56.39,169.17
TI00011866,T0003942,P000012,2,42.38,84.76
TI00011867,T0003943,P000017,3,43.77,131.31
TI00011868,T0003943,P000007,4,44.35,177.4
TI00011869,T0003943,P000012,4,42.38,169.52
TI00011870,T0003943,P000019,3,32.28,96.84
TI00011871,T0003944,P000014,4,24.75,99.0
TI00011872,T0003944,P000007,4,44.35,177.4
TI00011873,T0003944,P000006,1,9.16,9.16
TI00011874,T0003944,P000003,3,10.3,30.9
TI00011875,T0003945,P000015,4,49.37,197.48
TI00011876,T0003946,P000002,2,56.39,112.78
TI00011877,T0003946,P000006,4,9.16,36.64
TI00011878,T0003947,P000019,2,32.28,64.56
TI00011879,T0003947,P000012,1,42.38,42.38
TI00011880,T0003948,P000010,3,43.23,129.69
TI00011881,T0003948,P000018,4,32.67,130.68
TI00011882,T0003948,P000014,2,24.75,49.5
TI00011883,T0003948,P000009,4,33.09,132.36
TI00011884,T0003948,P000011,3,19.19,57.57
TI00011885,T0003949,P000016,4,49.09,196.36
TI00011886,T0003950,P000008,4,52.62,210.48
TI00011887,T0003950,P000003,4,10.3,41.2
TI00011888,T0003951,P000013,1,13.19,13.19
TI00011889,T0003951,P000016,3,49.09,147.27
TI00011890,T0003951,P000008,3,52.62,157.86
TI00011891,T0003951,P000011,2,19.19,38.38
TI00011892,T0003951,P000007,1,44.35,44.35
TI00011893,T0003952,P000006,4,9.16,36.64
TI00011894,T0003953,P000008,1,52.62,52.62
TI00011895,T0003953,P000006,2,9.16,18.32
TI00011896,T0003953,P000018,2,32.67,65.34
TI00011897,T0003953,P000015,2,49.37,98.74
TI00011898,T0003954,P000007,1,44.35,44.35
TI00011899,T0003954,P000011,2,19.19,38.38
TI00011900,T0003954,P000001,4,27.25,109.0
TI00011901,T0003954,P000002,4,56.39,225.56
TI00011902,T0003954,P000019,4,32.28,129.12
TI00011903,T0003955,P000010,1,43.23,43.23
TI00011904,T0003955,P000006,2,9.16,18.32
TI00011905,T0003955,P000008,1,52.62,52.62
TI00011906,T0003955,P000015,3,49.37,148.11
TI00011907,T0003955,P000003,3,10.3,30.9
TI00011908,T0003956,P000014,1,24.75,24.75
TI00011909,T0003956,P000018,2,32.67,65.34
TI00011910,T0003956,P000011,3,19.19,57.57
TI00011911,T0003957,P000010,3,43.23,129.69
TI00011912,T0003957,P000016,1,49.09,49.09
TI00011913,T0003957,P000004,2,39.36,78.72
TI00011914,T0003958,P000015,3,49.37,148.11
TI00011915,T0003959,P000007,4,44.35,177.4
TI00011916,T0003960,P000003,4,10.3,41.2
TI00011917,T0003960,P000002,3,56.39,169.17
TI00011918,T0003960,P000013,4,13.19,52.76
TI00011919,T0003960,P000020,2,58.91,117.82
TI00011920,T0003960,P000010,4,43.23,172.92
TI00011921,T0003961,P000005,2,49.07,98.14
TI00011922,T0003961,P000020,1,58.91,58.91
TI00011923,T0003961,P000018,3,32.67,98.01
TI00011924,T0003961,P000017,1,43.77,43.77
TI00011925,T0003961,P000008,1,52.62,52.62
TI00011926,T0003962,P000004,2,39.36,78.72
TI00011927,T0003962,P000014,2,24.75,49.5
TI00011928,T0003963,P000004,1,39.36,39.36
TI00011929,T0003964,P000011,4,19.19,76.76
TI00011930,T0003964,P000013,2,13.19,26.38
TI00011931,T0003965,P000002,4,56.39,225.56
TI00011932,T0003966,P000018,4,32.67,130.68
TI00011933,T0003966,P000009,2,33.09,66.18
TI00011934,T0003967,P000010,1,43.23,43.23
TI00011935,T0003967,P000006,1,9.16,9.16
TI00011936,T0003968,P000001,2,27.25,54.5
TI00011937,T0003968,P000017,4,43.77,175.08
TI00011938,T0003969,P000005,4,49.07,196.28
TI00011939,T0003969,P000018,4,32.67,130.68
TI00011940,T0003970,P000012,4,42.38,169.52
TI00011941,T0003971,P000012,3,42.38,127.14
TI00011942,T0003972,P000009,1,33.09,33.09
TI00011943,T0003972,P000016,4,49.09,196.36
TI00011944,T0003972,P000020,4,58.91,235.64
TI00011945,T0003972,P000003,1,10.3,10.3
TI00011946,T0003973,P000017,2,43.77,87.54
TI00011947,T0003973,P000010,4,43.23,172.92
TI00011948,T0003973,P000015,3,49.37,148.11
TI00011949,T0003973,P000011,4,19.19,76.76
TI00011950,T0003974,P000016,3,49.09,147.27
TI00011951,T0003974,P000015,3,49.37,148.11
TI00011952,T0003974,P000001,4,27.25,109.0
TI00011953,T0003974,P000003,3,10.3,30.9
TI00011954,T0003975,P000011,3,19.19,57.57
TI00011955,T0003975,P000007,4,44.35,177.4
TI00011956,T0003975,P000013,1,13.19,13.19
TI00011957,T0003975,P000003,2,10.3,20.6
TI00011958,T0003976,P000002,1,56.39,56.39
TI00011959,T0003977,P000008,4,52.62,210.48
TI00011960,T0003978,P000010,4,43.23,172.92
TI00011961,T0003978,P000011,4,19.19,76.76
TI00011962,T0003978,P000015,1,49.37,49.37
TI00011963,T0003979,P000011,4,19.19,76.76
TI00011964,T0003979,P000002,3,56.39,169.17
TI00011965,T0003980,P000007,1,44.35,44.35
TI00011966,T0003981,P000014,4,24.75,99.0
TI00011967,T0003981,P000019,3,32.28,96.84
TI00011968,T0003981,P000016,1,49.09,49.09
TI00011969,T0003981,P000003,4,10.3,41.2
TI00011970,T0003982,P000014,3,24.75,74.25
TI00011971,T0003982,P000017,1,43.77,43.77
TI00011972,T0003982,P000005,1,49.07,49.07
TI00011973,T0003982,P000010,3,43.23,129.69
TI00011974,T0003983,P000013,2,13.19,26.38
TI00011975,T0003983,P000010,2,43.23,86.46
TI00011976,T0003983,P000014,4,24.75,99.0
TI00011977,T0003983,P000015,2,49.37,98.74
TI00011978,T0003984,P000007,3,44.35,133.05
TI00011979,T0003985,P000015,3,49.37,148.11
TI00011980,T0003985,P000012,4,42.38,169.52
TI00011981,T0003985,P000005,2,49.07,98.14
TI00011982,T0003985,P000004,2,39.36,78.72
TI00011983,T0003986,P000020,1,58.91,58.91
TI00011984,T0003986,P000016,1,49.09,49.09
TI00011985,T0003987,P000003,4,10.3,41.2
TI00011986,T0003987,P000017,2,43.77,87.54
TI00011987,T0003988,P000004,2,39.36,78.72
TI00011988,T0003988,P000003,4,10.3,41.2
TI00011989,T0003988,P000019,4,32.28,129.12
TI00011990,T0003988,P000017,4,43.77,175.08
TI00011991,T0003989,P000010,3,43.23,129.69
TI00011992,T0003989,P000009,4,33.09,132.36
TI00011993,T0003990,P000018,2,32.67,65.34
TI00011994,T0003991,P000009,2,33.09,66.18
TI00011995,T0003991,P000006,2,9.16,18.32
TI00011996,T0003992,P000008,1,52.62,52.62
TI00011997,T0003992,P000007,2,44.35,88.7
TI00011998,T0003992,P000019,2,32.28,64.56
TI00011999,T0003992,P000015,3,49.37,148.11
TI00012000,T0003993,P000003,2,10.3,20.6
TI00012001,T0003993,P000013,1,13.19,13.19
TI00012002,T0003993,P000001,4,27.25,109.0
TI00012003,T0003993,P000008,2,52.62,105.24
TI00012004,T0003994,P000014,3,24.75,74.25
TI00012005,T0003994,P000007,1,44.35,44.35
TI00012006,T0003994,P000001,4,27.25,109.0
TI00012007,T0003995,P000013,4,13.19,52.76
TI00012008,T0003996,P000002,4,56.39,225.56
TI00012009,T0003996,P000007,4,44.35,177.4
TI00012010,T0003996,P000009,1,33.09,33.09
TI00012011,T0003996,P000004,2,39.36,78.72
TI00012012,T0003997,P000008,1,52.62,52.62
TI00012013,T0003997,P000016,3,49.09,147.27
TI00012014,T0003997,P000019,1,32.28,32.28
TI00012015,T0003997,P000015,2,49.37,98.74
TI00012016,T0003997,P000013,4,13.19,52.76
TI00012017,T0003998,P000013,3,13.19,39.57
TI00012018,T0003998,P000005,1,49.07,49.07
TI00012019,T0003998,P000004,4,39.36,157.44
TI00012020,T0003999,P000012,2,42.38,84.76
TI00012021,T0003999,P000020,1,58.91,58.91
TI00012022,T0003999,P000016,1,49.09,49.09
TI00012023,T0003999,P000006,1,9.16,9.16
TI00012024,T0003999,P000015,1,49.37,49.37
TI00012025,T0004000,P000011,2,19.19,38.38
TI00012026,T0004000,P000012,3,42.38,127.14
TI00012027,T0004000,P000007,3,44.35,133.05
TI00012028,T0004000,P000016,3,49.09,147.27
TI00012029,T0004000,P000006,2,9.16,18.32
TI00012030,T0004001,P000014,2,24.75,49.5
TI00012031,T0004001,P000015,1,49.37,49.37
TI00012032,T0004002,P000015,1,49.37,49.37
TI00012033,T0004002,P000010,1,43.23,43.23
TI00012034,T0004002,P000014,2,24.75,49.5
TI00012035,T0004002,P000007,1,44.35,44.35
TI00012036,T0004003,P000017,3,43.77,131.31
TI00012037,T0004004,P000018,3,32.67,98.01
TI00012038,T0004004,P000005,2,49.07,98.14
TI00012039,T0004004,P000017,4,43.77,175.08
TI00012040,T0004005,P000018,4,32.67,130.68
TI00012041,T0004005,P000004,1,39.36,39.36
TI00012042,T0004005,P000005,4,49.07,196.28
TI00012043,T0004006,P000017,4,43.77,175.08
TI00012044,T0004007,P000001,3,27.25,81.75
TI00012045,T0004007,P000019,2,32.28,64.56
TI00012046,T0004007,P000008,4,52.62,210.48
TI00012047,T0004007,P000012,3,42.38,127.14
TI00012048,T0004008,P000015,3,49.37,148.11
TI00012049,T0004008,P000008,4,52.62,210.48
TI00012050,T0004008,P000014,2,24.75,49.5
TI00012051,T0004009,P000015,2,49.37,98.74
TI00012052,T0004009,P000001,4,27.25,109.0
TI00012053,T0004010,P000006,1,9.16,9.16
TI00012054,T0004011,P000014,1,24.75,24.75
TI00012055,T0004011,P000003,2,10.3,20.6
TI00012056,T0004011,P000004,3,39.36,118.08
TI00012057,T0004011,P000007,1,44.35,44.35
TI00012058,T0004012,P000006,4,9.16,36.64
TI00012059,T0004012,P000014,1,24.75,24.75
TI00012060,T0004012,P000016,2,49.09,98.18
TI00012061,T0004012,P000013,3,13.19,39.57
TI00012062,T0004013,P000015,2,49.37,98.74
TI00012063,T0004013,P000020,3,58.91,176.73
TI00012064,T0004013,P000007,4,44.35,177.4
TI00012065,T0004014,P000005,3,49.07,147.21
TI00012066,T0004014,P000014,3,24.75,74.25
TI00012067,T0004015,P000009,2,33.09,66.18
TI00012068,T0004015,P000014,4,24.75,99.0
TI00012069,T0004015,P000010,4,43.23,172.92
TI00012070,T0004015,P000015,4,49.37,197.48
TI00012071,T0004015,P000017,3,43.77,131.31
TI00012072,T0004016,P000015,1,49.37,49.37
TI00012073,T0004016,P000003,4,10.3,41.2
TI00012074,T0004016,P000007,1,44.35,44.35
TI00012075,T0004016,P000004,3,39.36,118.08
TI00012076,T0004017,P000018,4,32.67,130.68
TI00012077,T0004017,P000019,3,32.28,96.84
TI00012078,T0004017,P000004,2,39.36,78.72
TI00012079,T0004017,P000008,3,52.62,157.86
TI00012080,T0004018,P000011,4,19.19,76.76
TI00012081,T0004018,P000009,2,33.09,66.18
TI00012082,T0004018,P000002,4,56.39,225.56
TI00012083,T0004019,P000008,2,52.62,105.24
TI00012084,T0004019,P000017,3,43.77,131.31
TI00012085,T0004019,P000006,3,9.16,27.48
TI00012086,T0004019,P000010,2,43.23,86.46
TI00012087,T0004020,P000017,3,43.77,131.31
TI00012088,T0004020,P000013,4,13.19,52.76
TI00012089,T0004020,P000009,4,33.09,132.36
TI00012090,T0004021,P000020,2,58.91,117.82
TI00012091,T0004021,P000005,1,49.07,49.07
TI00012092,T0004021,P000001,1,27.25,27.25
TI00012093,T0004021,P000007,3,44.35,133.05
TI00012094,T0004022,P000004,2,39.36,78.72
TI00012095,T0004023,P000008,4,52.62,210.48
TI00012096,T0004023,P000015,1,49.37,49.37
TI00012097,T0004023,P000007,2,44.35,88.7
TI00012098,T0004023,P000003,3,10.3,30.9
TI00012099,T0004024,P000017,1,43.77,43.77
TI00012100,T0004024,P000014,2,24.75,49.5
TI00012101,T0004024,P000004,1,39.36,39.36
TI00012102,T0004024,P000019,4,32.28,129.12
TI00012103,T0004024,P000011,1,19.19,19.19
TI00012104,T0004025,P000020,2,58.91,117.82
TI00012105,T0004026,P000014,3,24.75,74.25
TI00012106,T0004027,P000002,3,56.39,169.17
TI00012107,T0004027,P000014,4,24.75,99.0
TI00012108,T0004027,P000005,3,49.07,147.21
TI00012109,T0004027,P000016,2,49.09,98.18
TI00012110,T0004028,P000007,2,44.35,88.7
TI00012111,T0004029,P000004,3,39.36,118.08
TI00012112,T0004029,P000013,4,13.19,52.76
TI00012113,T0004029,P000016,1,49.09,49.09
TI00012114,T0004029,P000007,2,44.35,88.7
TI00012115,T0004030,P000006,4,9.16,36.64
TI00012116,T0004030,P000014,3,24.75,74.25
TI00012117,T0004030,P000003,4,10.3,41.2
TI00012118,T0004030,P000009,3,33.09,99.27
TI00012119,T0004031,P000002,4,56.39,225.56
TI00012120,T0004031,P000016,1,49.09,49.09
TI00012121,T0004031,P000004,4,39.36,157.44
TI00012122,T0004031,P000010,4,43.23,172.92
TI00012123,T0004031,P000020,1,58.91,58.91
TI00012124,T0004032,P000003,3,10.3,30.9
TI00012125,T0004033,P000003,1,10.3,10.3
TI00012126,T0004033,P000005,2,49.07,98.14
TI00012127,T0004034,P000015,2,49.37,98.74
TI00012128,T0004034,P000009,1,33.09,33.09
TI00012129,T0004034,P000011,4,19.19,76.76
TI00012130,T0004034,P000006,3,9.16,27.48
TI00012131,T0004034,P000010,1,43.23,43.23
TI00012132,T0004035,P000019,2,32.28,64.56
TI00012133,T0004035,P000018,1,32.67,32.67
TI00012134,T0004035,P000005,1,49.07,49.07
TI00012135,T0004036,P000019,3,32.28,96.84
TI00012136,T0004036,P000002,2,56.39,112.78
TI00012137,T0004037,P000013,2,13.19,26.38
TI00012138,T0004037,P000009,2,33.09,66.18
TI00012139,T0004037,P000015,2,49.37,98.74
TI00012140,T0004037,P000001,4,27.25,109.0
TI00012141,T0004037,P000003,2,10.3,20.6
TI00012142,T0004038,P000013,4,13.19,52.76
TI00012143,T0004038,P000007,2,44.35,88.7
TI00012144,T0004039,P000015,3,49.37,148.11
TI00012145,T0004039,P000016,4,49.09,196.36
TI00012146,T0004039,P000006,4,9.16,36.64
TI00012147,T0004039,P000009,1,33.09,33.09
TI00012148,T0004040,P000015,2,49.37,98.74
TI00012149,T0004040,P000004,4,39.36,157.44
TI00012150,T0004040,P000007,2,44.35,88.7
TI00012151,T0004040,P000001,2,27.25,54.5
TI00012152,T0004040,P000002,2,56.39,112.78
TI00012153,T0004041,P000020,1,58.91,58.91
TI00012154,T0004041,P000013,3,13.19,39.57
TI00012155,T0004042,P000004,1,39.36,39.36
TI00012156,T0004042,P000005,3,49.07,147.21
TI00012157,T0004042,P000010,1,43.23,43.23
TI00012158,T0004042,P000009,4,33.09,132.36
TI00012159,T0004043,P000001,3,27.25,81.75
TI00012160,T0004043,P000004,1,39.36,39.36
TI00012161,T0004044,P000018,1,32.67,32.67
TI00012162,T0004044,P000015,3,49.37,148.11
TI00012163,T0004045,P000015,1,49.37,49.37
TI00012164,T0004045,P000011,4,19.19,76.76
TI00012165,T0004045,P000013,4,13.19,52.76
TI00012166,T0004045,P000017,4,43.77,175.08
TI00012167,T0004046,P000014,2,24.75,49.5
TI00012168,T0004046,P000012,3,42.38,127.14
TI00012169,T0004047,P000010,1,43.23,43.23
TI00012170,T0004047,P000014,3,24.75,74.25
TI00012171,T0004047,P000004,2,39.36,78.72
TI00012172,T0004047,P000007,3,44.35,133.05
TI00012173,T0004048,P000006,4,9.16,36.64
TI00012174,T0004048,P000008,1,52.62,52.62
TI00012175,T0004048,P000002,3,56.39,169.17
TI00012176,T0004049,P000014,4,24.75,99.0
TI00012177,T0004049,P000019,2,32.28,64.56
TI00012178,T0004050,P000001,4,27.25,109.0
TI00012179,T0004050,P000007,4,44.35,177.4
TI00012180,T0004050,P000003,3,10.3,30.9
TI00012181,T0004050,P000018,2,32.67,65.34
TI00012182,T0004050,P000005,1,49.07,49.07
TI00012183,T0004051,P000017,2,43.77,87.54
TI00012184,T0004051,P000001,1,27.25,27.25
TI00012185,T0004051,P000011,4,19.19,76.76
TI00012186,T0004051,P000009,2,33.09,66.18
TI00012187,T0004051,P000019,1,32.28,32.28
TI00012188,T0004052,P000017,4,43.77,175.08
TI00012189,T0004052,P000015,1,49.37,49.37
TI00012190,T0004053,P000020,1,58.91,58.91
TI00012191,T0004053,P000010,3,43.23,129.69
TI00012192,T0004054,P000014,4,24.75,99.0
TI00012193,T0004054,P000010,4,43.23,172.92
TI00012194,T0004055,P000014,1,24.75,24.75
TI00012195,T0004055,P000008,3,52.62,157.86
TI00012196,T0004055,P000018,4,32.67,130.68
TI00012197,T0004055,P000016,2,49.09,98.18
TI00012198,T0004056,P000014,1,24.75,24.75
TI00012199,T0004056,P000015,4,49.37,197.48
TI00012200,T0004056,P000013,3,13.19,39.57
TI00012201,T0004057,P000011,3,19.19,57.57
TI00012202,T0004057,P000003,4,10.3,41.2
TI00012203,T0004057,P000006,3,9.16,27.48
TI00012204,T0004057,P000005,1,49.07,49.07
TI00012205,T0004057,P000004,2,39.36,78.72
TI00012206,T0004058,P000007,4,44.35,177.4
TI00012207,T0004058,P000004,4,39.36,157.44
TI00012208,T0004058,P000016,2,49.09,98.18
TI00012209,T0004058,P000012,2,42.38,84.76
TI00012210,T0004059,P000016,1,49.09,49.09
TI00012211,T0004059,P000013,4,13.19,52.76
TI00012212,T0004059,P000008,2,52.62,105.24
TI00012213,T0004059,P000010,2,43.23,86.46
TI00012214,T0004060,P000009,4,33.09,132.36
TI00012215,T0004060,P000016,1,49.09,49.09
TI00012216,T0004061,P000017,1,43.77,43.77
TI00012217,T0004061,P000001,2,27.25,54.5
TI00012218,T0004061,P000011,3,19.19,57.57
TI00012219,T0004061,P000005,4,49.07,196.28
TI00012220,T0004061,P000006,1,9.16,9.16
TI00012221,T0004062,P000012,3,42.38,127.14
TI00012222,T0004062,P000014,1,24.75,24.75
TI00012223,T0004062,P000013,1,13.19,13.19
TI00012224,T0004062,P000015,3,49.37,148.11
TI00012225,T0004063,P000004,2,39.36,78.72
TI00012226,T0004063,P000002,1,56.39,56.39
TI00012227,T0004063,P000003,2,10.3,20.6
TI00012228,T0004064,P000016,4,49.09,196.36
TI00012229,T0004065,P000017,4,43.77,175.08
TI00012230,T0004066,P000017,2,43.77,87.54
TI00012231,T0004066,P000018,1,32.67,32.67
TI00012232,T0004066,P000002,4,56.39,225.56
TI00012233,T0004066,P000004,1,39.36,39.36
TI00012234,T0004066,P000020,3,58.91,176.73
TI00012235,T0004067,P000006,4,9.16,36.64
TI00012236,T0004067,P000013,1,13.19,13.19
TI00012237,T0004067,P000015,4,49.37,197.48
TI00012238,T0004067,P000008,4,52.62,210.48
TI00012239,T0004067,P000003,1,10.3,10.3
TI00012240,T0004068,P000003,2,10.3,20.6
TI00012241,T0004068,P000011,2,19.19,38.38
TI00012242,T0004069,P000008,4,52.62,210.48
TI00012243,T0004069,P000006,2,9.16,18.32
TI00012244,T0004069,P000013,1,13.19,13.19
TI00012245,T0004069,P000015,1,49.37,49.37
TI00012246,T0004069,P000016,3,49.09,147.27
TI00012247,T0004070,P000003,3,10.3,30.9
TI00012248,T0004070,P000008,3,52.62,157.86
TI00012249,T0004070,P000016,3,49.09,147.27
TI00012250,T0004070,P000014,1,24.75,24.75
TI00012251,T0004070,P000011,2,19.19,38.38
TI00012252,T0004071,P000019,4,32.28,129.12
TI00012253,T0004071,P000014,4,24.75,99.0
TI00012254,T0004072,P000006,3,9.16,27.48
TI00012255,T0004072,P000017,4,43.77,175.08
TI00012256,T0004072,P000015,4,49.37,197.48
TI00012257,T0004072,P000012,3,42.38,127.14
TI00012258,T0004073,P000017,2,43.77,87.54
TI00012259,T0004073,P000008,4,52.62,210.48
TI00012260,T0004073,P000020,4,58.91,235.64
TI00012261,T0004073,P000002,2,56.39,112.78
TI00012262,T0004073,P000014,1,24.75,24.75
TI00012263,T0004074,P000017,4,43.77,175.08
TI00012264,T0004074,P000018,2,32.67,65.34
TI00012265,T0004074,P000001,4,27.25,109.0
TI00012266,T0004074,P000007,1,44.35,44.35
TI00012267,T0004074,P000006,4,9.16,36.64
TI00012268,T0004075,P000005,3,49.07,147.21
TI00012269,T0004075,P000010,1,43.23,43.23
TI00012270,T0004076,P000009,4,33.09,132.36
TI00012271,T0004076,P000014,2,24.75,49.5
TI00012272,T0004076,P000010,3,43.23,129.69
TI00012273,T0004076,P000003,2,10.3,20.6
TI00012274,T0004077,P000019,1,32.28,32.28
TI00012275,T0004077,P000015,3,49.37,148.11
TI00012276,T0004077,P000011,2,19.19,38.38
TI00012277,T0004078,P000003,2,10.3,20.6
TI00012278,T0004078,P000004,4,39.36,157.44
TI00012279,T0004078,P000009,2,33.09,66.18
TI00012280,T0004078,P000015,1,49.37,49.37
TI00012281,T0004078,P000011,3,19.19,57.57
TI00012282,T0004079,P000017,2,43.77,87.54
TI00012283,T0004079,P000011,3,19.19,57.57
TI00012284,T0004079,P000020,4,58.91,235.64
TI00012285,T0004079,P000010,4,43.23,172.92
TI00012286,T0004079,P000001,4,27.25,109.0
TI00012287,T0004080,P000013,4,13.19,52.76
TI00012288,T0004081,P000004,3,39.36,118.08
TI00012289,T0004081,P000003,1,10.3,10.3
TI00012290,T0004081,P000007,2,44.35,88.7
TI00012291,T0004082,P000017,4,43.77,175.08
TI00012292,T0004083,P000002,2,56.39,112.78
TI00012293,T0004083,P000001,1,27.25,27.25
TI00012294,T0004083,P000017,3,43.77,131.31
TI00012295,T0004083,P000007,1,44.35,44.35
TI00012296,T0004083,P000013,1,13.19,13.19
TI00012297,T0004084,P000008,3,52.62,157.86
TI00012298,T0004085,P000002,1,56.39,56.39
TI00012299,T0004085,P000016,2,49.09,98.18
TI00012300,T0004085,P000017,2,43.77,87.54
TI00012301,T0004085,P000008,4,52.62,210.48
TI00012302,T0004086,P000004,4,39.36,157.44
TI00012303,T0004086,P000011,2,19.19,38.38
TI00012304,T0004086,P000005,1,49.07,49.07
TI00012305,T0004087,P000017,2,43.77,87.54
TI00012306,T0004087,P000003,3,10.3,30.9
TI00012307,T0004088,P000016,4,49.09,196.36
TI00012308,T0004088,P000020,3,58.91,176.73
TI00012309,T0004089,P000008,2,52.62,105.24
TI00012310,T0004089,P000001,2,27.25,54.5
TI00012311,T0004089,P000002,4,56.39,225.56
TI00012312,T0004089,P000007,4,44.35,177.4
TI00012313,T0004089,P000016,2,49.09,98.18
TI00012314,T0004090,P000016,4,49.09,196.36
TI00012315,T0004091,P000020,3,58.91,176.73
TI00012316,T0004091,P000018,3,32.67,98.01
TI00012317,T0004092,P000009,1,33.09,33.09
TI00012318,T0004092,P000014,3,24.75,74.25
TI00012319,T0004092,P000002,1,56.39,56.39
TI00012320,T0004092,P000008,2,52.62,105.24
TI00012321,T0004092,P000015,1,49.37,49.37
TI00012322,T0004093,P000015,3,49.37,148.11
TI00012323,T0004093,P000004,4,39.36,157.44
TI00012324,T0004094,P000005,4,49.07,196.28
TI00012325,T0004094,P000019,2,32.28,64.56
TI00012326,T0004094,P000012,3,42.38,127.14
TI00012327,T0004094,P000020,4,58.91,235.64
TI00012328,T0004095,P000009,3,33.09,99.27
TI00012329,T0004095,P000014,2,24.75,49.5
TI00012330,T0004095,P000019,4,32.28,129.12
TI00012331,T0004096,P000003,4,10.3,41.2
TI00012332,T0004096,P000005,3,49.07,147.21
TI00012333,T0004096,P000018,3,32.67,98.01
TI00012334,T0004096,P000008,1,52.62,52.62
TI00012335,T0004097,P000003,3,10.3,30.9
TI00012336,T0004097,P000006,2,9.16,18.32
TI00012337,T0004097,P000012,2,42.38,84.76
TI00012338,T0004098,P000009,4,33.09,132.36
TI00012339,T0004098,P000010,1,43.23,43.23
TI00012340,T0004098,P000014,1,24.75,24.75
TI00012341,T0004099,P000012,1,42.38,42.38
TI00012342,T0004099,P000011,3,19.19,57.57
TI00012343,T0004100,P000014,1,24.75,24.75
TI00012344,T0004100,P000002,2,56.39,112.78
TI00012345,T0004100,P000018,2,32.67,65.34
TI00012346,T0004101,P000004,1,39.36,39.36
TI00012347,T0004101,P000015,4,49.37,197.48
TI00012348,T0004101,P000019,4,32.28,129.12
TI00012349,T0004102,P000007,1,44.35,44.35
TI00012350,T0004103,P000007,1,44.35,44.35
TI00012351,T0004103,P000008,1,52.62,52.62
TI00012352,T0004103,P000005,3,49.07,147.21
TI00012353,T0004103,P000002,1,56.39,56.39
TI00012354,T0004104,P000010,1,43.23,43.23
TI00012355,T0004104,P000008,1,52.62,52.62
TI00012356,T0004104,P000001,2,27.25,54.5
TI00012357,T0004104,P000014,4,24.75,99.0
TI00012358,T0004104,P000009,4,33.09,132.36
TI00012359,T0004105,P000002,4,56.39,225.56
TI00012360,T0004105,P000003,3,10.3,30.9
TI00012361,T0004105,P000014,1,24.75,24.75
TI00012362,T0004105,P000011,3,19.19,57.57
TI00012363,T0004105,P000005,3,49.07,147.21
TI00012364,T0004106,P000008,2,52.62,105.24
TI00012365,T0004106,P000004,1,39.36,39.36
TI00012366,T0004106,P000013,4,13.19,52.76
TI00012367,T0004107,P000018,1,32.67,32.67
TI00012368,T0004107,P000019,4,32.28,129.12
TI00012369,T0004107,P000011,1,19.19,19.19
TI00012370,T0004108,P000009,4,33.09,132.36
TI00012371,T0004108,P000003,4,10.3,41.2
TI00012372,T0004109,P000005,2,49.07,98.14
TI00012373,T0004109,P000014,1,24.75,24.75
TI00012374,T0004110,P000007,1,44.35,44.35
TI00012375,T0004110,P000020,1,58.91,58.91
TI00012376,T0004111,P000005,1,49.07,49.07
TI00012377,T0004111,P000016,3,49.09,147.27
TI00012378,T0004111,P000013,3,13.19,39.57
TI00012379,T0004112,P000010,4,43.23,172.92
TI00012380,T0004112,P000004,3,39.36,118.08
TI00012381,T0004112,P000006,1,9.16,9.16
TI00012382,T0004112,P000001,4,27.25,109.0
TI00012383,T0004113,P000016,4,49.09,196.36
TI00012384,T0004113,P000002,2,56.39,112.78
TI00012385,T0004113,P000010,3,43.23,129.69
TI00012386,T0004113,P000017,2,43.77,87.54
TI00012387,T0004114,P000016,2,49.09,98.18
TI00012388,T0004114,P000005,3,49.07,147.21
TI00012389,T0004115,P000009,4,33.09,132.36
TI00012390,T0004115,P000001,3,27.25,81.75
TI00012391,T0004116,P000014,4,24.75,99.0
TI00012392,T0004116,P000006,2,9.16,18.32
TI00012393,T0004117,P000015,2,49.37,98.74
TI00012394,T0004118,P000007,1,44.35,44.35
TI00012395,T0004118,P000013,2,13.19,26.38
TI00012396,T0004119,P000003,3,10.3,30.9
TI00012397,T0004119,P000005,2,49.07,98.14
TI00012398,T0004119,P000019,2,32.28,64.56
TI00012399,T0004120,P000006,2,9.16,18.32
TI00012400,T0004120,P000018,1,32.67,32.67
TI00012401,T0004121,P000010,3,43.23,129.69
TI00012402,T0004121,P000007,4,44.35,177.4
TI00012403,T0004121,P000017,1,43.77,43.77
TI00012404,T0004121,P000003,4,10.3,41.2
TI00012405,T0004122,P000012,4,42.38,169.52
TI00012406,T0004122,P000004,3,39.36,118.08
TI00012407,T0004123,P000018,4,32.67,130.68
TI00012408,T0004123,P000017,4,43.77,175.08
TI00012409,T0004123,P000015,3,49.37,148.11
TI00012410,T0004123,P000011,2,19.19,38.38
TI00012411,T0004124,P000014,4,24.75,99.0
TI00012412,T0004125,P000007,1,44.35,44.35
TI00012413,T0004125,P000011,3,19.19,57.57
TI00012414,T0004125,P000017,4,43.77,175.08
TI00012415,T0004125,P000010,3,43.23,129.69
TI00012416,T0004126,P000018,2,32.67,65.34
TI00012417,T0004126,P000017,4,43.77,175.08
TI00012418,T0004126,P000016,3,49.09,147.27
TI00012419,T0004127,P000009,2,33.09,66.18
TI00012420,T0004127,P000010,4,43.23,172.92
TI00012421,T0004127,P000006,4,9.16,36.64
TI00012422,T0004127,P000013,2,13.19,26.38
TI00012423,T0004127,P000002,2,56.39,112.78
TI00012424,T0004128,P000010,3,43.23,129.69
TI00012425,T0004128,P000020,3,58.91,176.73
TI00012426,T0004128,P000016,3,49.09,147.27
TI00012427,T0004128,P000007,3,44.35,133.05
TI00012428,T0004129,P000013,2,13.19,26.38
TI00012429,T0004129,P000016,1,49.09,49.09
TI00012430,T0004129,P000008,3,52.62,157.86
TI00012431,T0004129,P000002,1,56.39,56.39
TI00012432,T0004129,P000010,1,43.23,43.23
TI00012433,T0004130,P000007,3,44.35,133.05
TI00012434,T0004130,P000013,1,13.19,13.19
TI00012435,T0004130,P000001,1,27.25,27.25
TI00012436,T0004130,P000018,3,32.67,98.01
TI00012437,T0004131,P000003,1,10.3,10.3
TI00012438,T0004131,P000015,2,49.37,98.74
TI00012439,T0004131,P000011,4,19.19,76.76
TI00012440,T0004131,P000014,2,24.75,49.5
TI00012441,T0004132,P000005,2,49.07,98.14
TI00012442,T0004132,P000020,1,58.91,58.91
TI00012443,T0004132,P000007,3,44.35,133.05
TI00012444,T0004132,P000017,4,43.77,175.08
TI00012445,T0004132,P000016,3,49.09,147.27
TI00012446,T0004133,P000009,4,33.09,132.36
TI00012447,T0004133,P000001,3,27.25,81.75
TI00012448,T0004133,P000012,1,42.38,42.38
TI00012449,T0004133,P000020,3,58.91,176.73
TI00012450,T0004133,P000013,2,13.19,26.38
TI00012451,T0004134,P000012,3,42.38,127.14
TI00012452,T0004134,P000015,4,49.37,197.48
TI00012453,T0004134,P000001,1,27.25,27.25
TI00012454,T0004134,P000010,2,43.23,86.46
TI00012455,T0004135,P000012,3,42.38,127.14
TI00012456,T0004135,P000014,3,24.75,74.25
TI00012457,T0004135,P000003,4,10.3,41.2
TI00012458,T0004135,P000018,2,32.67,65.34
TI00012459,T0004136,P000004,2,39.36,78.72
TI00012460,T0004136,P000001,3,27.25,81.75
TI00012461,T0004136,P000013,3,13.19,39.57
TI00012462,T0004136,P000010,3,43.23,129.69
TI00012463,T0004137,P000009,2,33.09,66.18
TI00012464,T0004138,P000014,2,24.75,49.5
TI00012465,T0004139,P000018,2,32.67,65.34
TI00012466,T0004140,P000007,4,44.35,177.4
TI00012467,T0004141,P000019,3,32.28,96.84
TI00012468,T0004141,P000016,3,49.09,147.27
TI00012469,T0004141,P000005,1,49.07,49.07
TI00012470,T0004141,P000014,1,24.75,24.75
TI00012471,T0004142,P000007,3,44.35,133.05
TI00012472,T0004143,P000009,2,33.09,66.18
TI00012473,T0004143,P000020,4,58.91,235.64
TI00012474,T0004143,P000018,3,32.67,98.01
TI00012475,T0004144,P000005,2,49.07,98.14
TI00012476,T0004144,P000015,4,49.37,197.48
TI00012477,T0004145,P000003,2,10.3,20.6
TI00012478,T0004146,P000018,1,32.67,32.67
TI00012479,T0004146,P000005,1,49.07,49.07
TI00012480,T0004147,P000006,2,9.16,18.32
TI00012481,T0004147,P000004,2,39.36,78.72
TI00012482,T0004147,P000003,3,10.3,30.9
TI00012483,T0004147,P000013,3,13.19,39.57
TI00012484,T0004147,P000012,1,42.38,42.38
TI00012485,T0004148,P000016,3,49.09,147.27
TI00012486,T0004148,P000013,3,13.19,39.57
TI00012487,T0004149,P000019,3,32.28,96.84
TI00012488,T0004149,P000018,3,32.67,98.01
TI00012489,T0004150,P000008,1,52.62,52.62
TI00012490,T0004151,P000011,4,19.19,76.76
TI00012491,T0004152,P000005,3,49.07,147.21
TI00012492,T0004153,P000015,4,49.37,197.48
TI00012493,T0004153,P000011,1,19.19,19.19
TI00012494,T0004153,P000019,3,32.28,96.84
TI00012495,T0004154,P000010,3,43.23,129.69
TI00012496,T0004154,P000005,3,49.07,147.21
TI00012497,T0004155,P000020,1,58.91,58.91
TI00012498,T0004155,P000004,1,39.36,39.36
TI00012499,T0004155,P000015,3,49.37,148.11
TI00012500,T0004155,P000003,4,10.3,41.2
TI00012501,T0004155,P000014,1,24.75,24.75
TI00012502,T0004156,P000006,2,9.16,18.32
TI00012503,T0004156,P000007,3,44.35,133.05
TI00012504,T0004156,P000017,2,43.77,87.54
TI00012505,T0004157,P000007,3,44.35,133.05
TI00012506,T0004157,P000001,4,27.25,109.0
TI00012507,T0004158,P000005,3,49.07,147.21
TI00012508,T0004158,P000006,2,9.16,18.32
TI00012509,T0004158,P000020,3,58.91,176.73
TI00012510,T0004159,P000005,3,49.07,147.21
TI00012511,T0004159,P000015,1,49.37,49.37
TI00012512,T0004160,P000005,3,49.07,147.21
TI00012513,T0004160,P000001,4,27.25,109.0
TI00012514,T0004160,P000003,1,10.3,10.3
TI00012515,T0004160,P000008,2,52.62,105.24
TI00012516,T0004160,P000002,3,56.39,169.17
TI00012517,T0004161,P000012,3,42.38,127.14
TI00012518,T0004162,P000012,3,42.38,127.14
TI00012519,T0004162,P000016,3,49.09,147.27
TI00012520,T0004162,P000020,2,58.91,117.82
TI00012521,T0004163,P000020,2,58.91,117.82
TI00012522,T0004163,P000019,1,32.28,32.28
TI00012523,T0004164,P000019,1,32.28,32.28
TI00012524,T0004165,P000007,1,44.35,44.35
TI00012525,T0004165,P000008,2,52.62,105.24
TI00012526,T0004165,P000017,3,43.77,131.31
TI00012527,T0004165,P000018,3,32.67,98.01
TI00012528,T0004166,P000008,2,52.62,105.24
TI00012529,T0004167,P000017,4,43.77,175.08
TI00012530,T0004168,P000004,3,39.36,118.08
TI00012531,T0004168,P000016,4,49.09,196.36
TI00012532,T0004168,P000009,4,33.09,132.36
TI00012533,T0004168,P000005,3,49.07,147.21
TI00012534,T0004168,P000011,4,19.19,76.76
TI00012535,T0004169,P000014,2,24.75,49.5
TI00012536,T0004169,P000006,3,9.16,27.48
TI00012537,T0004169,P000008,3,52.62,157.86
TI00012538,T0004169,P000001,1,27.25,27.25
TI00012539,T0004170,P000017,4,43.77,175.08
TI00012540,T0004170,P000005,1,49.07,49.07
TI00012541,T0004171,P000013,4,13.19,52.76
TI00012542,T0004171,P000007,2,44.35,88.7
TI00012543,T0004171,P000019,1,32.28,32.28
TI00012544,T0004171,P000018,3,32.67,98.01
TI00012545,T0004172,P000016,2,49.09,98.18
TI00012546,T0004172,P000010,4,43.23,172.92
TI00012547,T0004173,P000013,4,13.19,52.76
TI00012548,T0004173,P000001,3,27.25,81.75
TI00012549,T0004173,P000006,4,9.16,36.64
TI00012550,T0004173,P000009,1,33.09,33.09
TI00012551,T0004174,P000001,4,27.25,109.0
TI00012552,T0004174,P000011,3,19.19,57.57
TI00012553,T0004175,P000003,2,10.3,20.6
TI00012554,T0004175,P000015,1,49.37,49.37
TI00012555,T0004176,P000003,3,10.3,30.9
TI00012556,T0004176,P000005,1,49.07,49.07
TI00012557,T0004176,P000013,4,13.19,52.76
TI00012558,T0004176,P000006,1,9.16,9.16
TI00012559,T0004177,P000009,1,33.09,33.09
TI00012560,T0004177,P000013,3,13.19,39.57
TI00012561,T0004177,P000001,2,27.25,54.5
TI00012562,T0004178,P000014,2,24.75,49.5
TI00012563,T0004178,P000005,4,49.07,196.28
TI00012564,T0004178,P000008,3,52.62,157.86
TI00012565,T0004178,P000020,1,58.91,58.91
TI00012566,T0004179,P000006,2,9.16,18.32
TI00012567,T0004179,P000011,2,19.19,38.38
TI00012568,T0004179,P000004,4,39.36,157.44
TI00012569,T0004180,P000004,1,39.36,39.36
TI00012570,T0004181,P000015,2,49.37,98.74
TI00012571,T0004181,P000013,3,13.19,39.57
TI00012572,T0004182,P000006,1,9.16,9.16
TI00012573,T0004182,P000015,3,49.37,148.11
TI00012574,T0004183,P000013,2,13.19,26.38
TI00012575,T0004183,P000005,4,49.07,196.28
TI00012576,T0004184,P000005,2,49.07,98.14
TI00012577,T0004185,P000013,2,13.19,26.38
TI00012578,T0004185,P000006,3,9.16,27.48
TI00012579,T0004185,P000012,2,42.38,84.76
TI00012580,T0004185,P000016,3,49.09,147.27
TI00012581,T0004185,P000019,4,32.28,129.12
TI00012582,T0004186,P000020,4,58.91,235.64
TI00012583,T0004186,P000016,2,49.09,98.18
TI00012584,T0004186,P000001,4,27.25,109.0
TI00012585,T0004186,P000004,3,39.36,118.08
TI00012586,T0004187,P000012,1,42.38,42.38
TI00012587,T0004188,P000001,1,27.25,27.25
TI00012588,T0004188,P000002,4,56.39,225.56
TI00012589,T0004188,P000014,1,24.75,24.75
TI00012590,T0004188,P000003,4,10.3,41.2
TI00012591,T0004189,P000012,4,42.38,169.52
TI00012592,T0004190,P000020,2,58.91,117.82
TI00012593,T0004190,P000017,2,43.77,87.54
TI00012594,T0004190,P000006,2,9.16,18.32
TI00012595,T0004190,P000015,1,49.37,49.37
TI00012596,T0004191,P000018,4,32.67,130.68
TI00012597,T0004191,P000001,1,27.25,27.25
TI00012598,T0004192,P000005,3,49.07,147.21
TI00012599,T0004192,P000004,2,39.36,78.72
TI00012600,T0004192,P000013,4,13.19,52.76
TI00012601,T0004192,P000017,2,43.77,87.54
TI00012602,T0004192,P000020,4,58.91,235.64
TI00012603,T0004193,P000016,3,49.09,147.27
TI00012604,T0004193,P000005,1,49.07,49.07
TI00012605,T0004193,P000020,1,58.91,58.91
TI00012606,T0004193,P000010,4,43.23,172.92
TI00012607,T0004193,P000015,3,49.37,148.11
TI00012608,T0004194,P000001,1,27.25,27.25
TI00012609,T0004195,P000016,4,49.09,196.36
TI00012610,T0004196,P000017,2,43.77,87.54
TI00012611,T0004197,P000019,1,32.28,32.28
TI00012612,T0004197,P000004,1,39.36,39.36
TI00012613,T0004197,P000011,1,19.19,19.19
TI00012614,T0004197,P000005,3,49.07,147.21
TI00012615,T0004197,P000009,3,33.09,99.27
TI00012616,T0004198,P000016,4,49.09,196.36
TI00012617,T0004198,P000004,3,39.36,118.08
TI00012618,T0004198,P000014,4,24.75,99.0
TI00012619,T0004198,P000010,3,43.23,129.69
TI00012620,T0004198,P000006,3,9.16,27.48
TI00012621,T0004199,P000016,2,49.09,98.18
TI00012622,T0004199,P000007,4,44.35,177.4
TI00012623,T0004199,P000012,4,42.38,169.52
TI00012624,T0004199,P000013,3,13.19,39.57
TI00012625,T0004200,P000010,2,43.23,86.46
TI00012626,T0004200,P000007,4,44.35,177.4
TI00012627,T0004200,P000002,1,56.39,56.39
TI00012628,T0004201,P000015,1,49.37,49.37
TI00012629,T0004202,P000019,1,32.28,32.28
TI00012630,T0004202,P000001,2,27.25,54.5
TI00012631,T0004202,P000003,3,10.3,30.9
TI00012632,T0004203,P000011,3,19.19,57.57
TI00012633,T0004203,P000001,4,27.25,109.0
TI00012634,T0004203,P000014,3,24.75,74.25
TI00012635,T0004204,P000018,1,32.67,32.67
TI00012636,T0004204,P000010,2,43.23,86.46
TI00012637,T0004205,P000009,1,33.09,33.09
TI00012638,T0004205,P000007,4,44.35,177.4
TI00012639,T0004205,P000003,4,10.3,41.2
TI00012640,T0004205,P000015,1,49.37,49.37
TI00012641,T0004205,P000013,1,13.19,13.19
TI00012642,T0004206,P000012,2,42.38,84.76
TI00012643,T0004207,P000020,2,58.91,117.82
TI00012644,T0004208,P000008,1,52.62,52.62
TI00012645,T0004209,P000005,4,49.07,196.28
TI00012646,T0004209,P000011,1,19.19,19.19
TI00012647,T0004209,P000020,4,58.91,235.64
TI00012648,T0004209,P000010,3,43.23,129.69
TI00012649,T0004210,P000006,2,9.16,18.32
TI00012650,T0004211,P000016,4,49.09,196.36
TI00012651,T0004211,P000015,3,49.37,148.11
TI00012652,T0004211,P000011,4,19.19,76.76
TI00012653,T0004211,P000005,4,49.07,196.28
TI00012654,T0004211,P000004,3,39.36,118.08
TI00012655,T0004212,P000013,4,13.19,52.76
TI00012656,T0004212,P000006,4,9.16,36.64
TI00012657,T0004213,P000009,2,33.09,66.18
TI00012658,T0004213,P000004,2,39.36,78.72
TI00012659,T0004213,P000019,4,32.28,129.12
TI00012660,T0004214,P000005,3,49.07,147.21
TI00012661,T0004214,P000014,4,24.75,99.0
TI00012662,T0004214,P000013,1,13.19,13.19
TI00012663,T0004214,P000011,3,19.19,57.57
TI00012664,T0004215,P000020,2,58.91,117.82
TI00012665,T0004215,P000003,4,10.3,41.2
TI00012666,T0004215,P000014,4,24.75,99.0
TI00012667,T0004215,P000017,4,43.77,175.08
TI00012668,T0004216,P000003,3,10.3,30.9
TI00012669,T0004217,P000005,1,49.07,49.07
TI00012670,T0004217,P000020,1,58.91,58.91
TI00012671,T0004217,P000016,1,49.09,49.09
TI00012672,T0004217,P000015,4,49.37,197.48
TI00012673,T0004217,P000004,1,39.36,39.36
TI00012674,T0004218,P000015,4,49.37,197.48
TI00012675,T0004218,P000008,1,52.62,52.62
TI00012676,T0004219,P000002,3,56.39,169.17
TI00012677,T0004220,P000010,4,43.23,172.92
TI00012678,T0004220,P000015,1,49.37,49.37
TI00012679,T0004220,P000013,2,13.19,26.38
TI00012680,T0004221,P000012,1,42.38,42.38
TI00012681,T0004221,P000010,2,43.23,86.46
TI00012682,T0004222,P000004,4,39.36,157.44
TI00012683,T0004223,P000006,1,9.16,9.16
TI00012684,T0004223,P000007,1,44.35,44.35
TI00012685,T0004223,P000013,3,13.19,39.57
TI00012686,T0004223,P000004,2,39.36,78.72
TI00012687,T0004224,P000009,3,33.09,99.27
TI00012688,T0004224,P000011,3,19.19,57.57
TI00012689,T0004224,P000016,4,49.09,196.36
TI00012690,T0004225,P000006,4,9.16,36.64
TI00012691,T0004225,P000016,2,49.09,98.18
TI00012692,T0004225,P000004,2,39.36,78.72
TI00012693,T0004225,P000005,2,49.07,98.14
TI00012694,T0004226,P000018,2,32.67,65.34
TI00012695,T0004226,P000020,3,58.91,176.73
TI00012696,T0004227,P000012,4,42.38,169.52
TI00012697,T0004227,P000017,2,43.77,87.54
TI00012698,T0004227,P000008,2,52.62,105.24
TI00012699,T0004227,P000009,2,33.09,66.18
TI00012700,T0004227,P000001,3,27.25,81.75
TI00012701,T0004228,P000004,4,39.36,157.44
TI00012702,T0004228,P000016,1,49.09,49.09
TI00012703,T0004228,P000011,1,19.19,19.19
TI00012704,T0004228,P000015,4,49.37,197.48
TI00012705,T0004229,P000016,1,49.09,49.09
TI00012706,T0004229,P000009,4,33.09,132.36
TI00012707,T0004229,P000005,1,49.07,49.07
TI00012708,T0004230,P000019,1,32.28,32.28
TI00012709,T0004231,P000008,4,52.62,210.48
TI00012710,T0004231,P000016,1,49.09,49.09
TI00012711,T0004231,P000007,1,44.35,44.35
TI00012712,T0004231,P000006,1,9.16,9.16
TI00012713,T0004232,P000018,1,32.67,32.67
TI00012714,T0004232,P000004,4,39.36,157.44
TI00012715,T0004232,P000003,1,10.3,10.3
TI00012716,T0004232,P000015,4,49.37,197.48
TI00012717,T0004233,P000010,2,43.23,86.46
TI00012718,T0004233,P000001,3,27.25,81.75
TI00012719,T0004233,P000015,3,49.37,148.11
TI00012720,T0004233,P000006,3,9.16,27.48
TI00012721,T0004234,P000019,1,32.28,32.28
TI00012722,T0004234,P000002,4,56.39,225.56
TI00012723,T0004234,P000008,2,52.62,105.24
TI00012724,T0004235,P000012,1,42.38,42.38
TI00012725,T0004235,P000007,2,44.35,88.7
TI00012726,T0004235,P000018,1,32.67,32.67
TI00012727,T0004235,P000004,3,39.36,118.08
TI00012728,T0004235,P000015,3,49.37,148.11
TI00012729,T0004236,P000006,4,9.16,36.64
TI00012730,T0004237,P000016,1,49.09,49.09
TI00012731,T0004237,P000003,2,10.3,20.6
TI00012732,T0004237,P000004,1,39.36,39.36
TI00012733,T0004238,P000015,1,49.37,49.37
TI00012734,T0004238,P000018,4,32.67,130.68
TI00012735,T0004238,P000017,3,43.77,131.31
TI00012736,T0004238,P000014,3,24.75,74.25
TI00012737,T0004239,P000015,2,49.37,98.74
TI00012738,T0004240,P000001,2,27.25,54.5
TI00012739,T0004240,P000014,2,24.75,49.5
TI00012740,T0004240,P000012,4,42.38,169.52
TI00012741,T0004240,P000019,3,32.28,96.84
TI00012742,T0004240,P000002,4,56.39,225.56
TI00012743,T0004241,P000003,2,10.3,20.6
TI00012744,T0004241,P000019,1,32.28,32.28
TI00012745,T0004241,P000018,4,32.67,130.68
TI00012746,T0004242,P000009,3,33.09,99.27
TI00012747,T0004242,P000019,1,32.28,32.28
TI00012748,T0004243,P000016,2,49.09,98.18
TI00012749,T0004243,P000007,1,44.35,44.35
TI00012750,T0004243,P000017,1,43.77,43.77
TI00012751,T0004243,P000006,3,9.16,27.48
TI00012752,T0004243,P000011,3,19.19,57.57
TI00012753,T0004244,P000010,3,43.23,129.69
TI00012754,T0004245,P000014,4,24.75,99.0
TI00012755,T0004245,P000006,4,9.16,36.64
TI00012756,T0004245,P000013,1,13.19,13.19
TI00012757,T0004245,P000008,3,52.62,157.86
TI00012758,T0004246,P000015,2,49.37,98.74
TI00012759,T0004246,P000017,3,43.77,131.31
TI00012760,T0004246,P000014,1,24.75,24.75
TI00012761,T0004246,P000001,2,27.25,54.5
TI00012762,T0004246,P000007,3,44.35,133.05
TI00012763,T0004247,P000011,2,19.19,38.38
TI00012764,T0004247,P000010,3,43.23,129.69
TI00012765,T0004248,P000013,4,13.19,52.76
TI00012766,T0004248,P000017,4,43.77,175.08
TI00012767,T0004249,P000013,3,13.19,39.57
TI00012768,T0004249,P000010,3,43.23,129.69
TI00012769,T0004249,P000020,4,58.91,235.64
TI00012770,T0004249,P000006,2,9.16,18.32
TI00012771,T0004249,P000002,2,56.39,112.78
TI00012772,T0004250,P000001,4,27.25,109.0
TI00012773,T0004250,P000017,2,43.77,87.54
TI00012774,T0004251,P000002,3,56.39,169.17
TI00012775,T0004252,P000016,4,49.09,196.36
TI00012776,T0004252,P000009,1,33.09,33.09
TI00012777,T0004252,P000020,4,58.91,235.64
TI00012778,T0004252,P000010,2,43.23,86.46
TI00012779,T0004253,P000015,2,49.37,98.74
TI00012780,T0004253,P000012,1,42.38,42.38
TI00012781,T0004254,P000012,2,42.38,84.76
TI00012782,T0004254,P000014,4,24.75,99.0
TI00012783,T0004255,P000007,3,44.35,133.05
TI00012784,T0004255,P000017,1,43.77,43.77
TI00012785,T0004255,P000019,2,32.28,64.56
TI00012786,T0004256,P000017,3,43.77,131.31
TI00012787,T0004256,P000002,3,56.39,169.17
TI00012788,T0004256,P000013,1,13.19,13.19
TI00012789,T0004256,P000016,4,49.09,196.36
TI00012790,T0004256,P000019,4,32.28,129.12
TI00012791,T0004257,P000007,3,44.35,133.05
TI00012792,T0004257,P000013,2,13.19,26.38
TI00012793,T0004257,P000011,3,19.19,57.57
TI00012794,T0004257,P000017,4,43.77,175.08
TI00012795,T0004258,P000008,4,52.62,210.48
TI00012796,T0004258,P000018,3,32.67,98.01
TI00012797,T0004259,P000005,2,49.07,98.14
TI00012798,T0004259,P000010,2,43.23,86.46
TI00012799,T0004259,P000001,1,27.25,27.25
TI00012800,T0004259,P000004,4,39.36,157.44
TI00012801,T0004260,P000018,2,32.67,65.34
TI00012802,T0004260,P000012,4,42.38,169.52
TI00012803,T0004260,P000009,1,33.09,33.09
TI00012804,T0004260,P000011,2,19.19,38.38
TI00012805,T0004261,P000008,2,52.62,105.24
TI00012806,T0004261,P000020,2,58.91,117.82
TI00012807,T0004261,P000001,3,27.25,81.75
TI00012808,T0004262,P000005,2,49.07,98.14
TI00012809,T0004262,P000003,1,10.3,10.3
TI00012810,T0004263,P000009,3,33.09,99.27
TI00012811,T0004263,P000012,2,42.38,84.76
TI00012812,T0004264,P000004,1,39.36,39.36
TI00012813,T0004264,P000015,3,49.37,148.11
TI00012814,T0004264,P000011,2,19.19,38.38
TI00012815,T0004264,P000009,2,33.09,66.18
TI00012816,T0004265,P000013,4,13.19,52.76
TI00012817,T0004265,P000012,1,42.38,42.38
TI00012818,T0004265,P000001,1,27.25,27.25
TI00012819,T0004265,P000005,3,49.07,147.21
TI00012820,T0004265,P000010,2,43.23,86.46
TI00012821,T0004266,P000011,1,19.19,19.19
TI00012822,T0004266,P000017,2,43.77,87.54
TI00012823,T0004267,P000003,4,10.3,41.2
TI00012824,T0004267,P000011,2,19.19,38.38
TI00012825,T0004268,P000009,1,33.09,33.09
TI00012826,T0004269,P000009,4,33.09,132.36
TI00012827,T0004269,P000001,1,27.25,27.25
TI00012828,T0004269,P000017,4,43.77,175.08
TI00012829,T0004269,P000005,4,49.07,196.28
TI00012830,T0004269,P000004,4,39.36,157.44
TI00012831,T0004270,P000002,3,56.39,169.17
TI00012832,T0004270,P000012,3,42.38,127.14
TI00012833,T0004270,P000004,3,39.36,118.08
TI00012834,T0004270,P000014,4,24.75,99.0
TI00012835,T0004271,P000017,2,43.77,87.54
TI00012836,T0004271,P000005,4,49.07,196.28
TI00012837,T0004271,P000012,4,42.38,169.52
TI00012838,T0004271,P000003,2,10.3,20.6
TI00012839,T0004272,P000020,1,58.91,58.91
TI00012840,T0004272,P000002,4,56.39,225.56
TI00012841,T0004272,P000011,3,19.19,57.57
TI00012842,T0004272,P000014,2,24.75,49.5
TI00012843,T0004273,P000007,4,44.35,177.4
TI00012844,T0004273,P000012,1,42.38,42.38
TI00012845,T0004274,P000004,4,39.36,157.44
TI00012846,T0004275,P000002,3,56.39,169.17
TI00012847,T0004275,P000014,4,24.75,99.0
TI00012848,T0004275,P000010,2,43.23,86.46
TI00012849,T0004276,P000006,1,9.16,9.16
TI00012850,T0004276,P000018,3,32.67,98.01
TI00012851,T0004276,P000005,2,49.07,98.14
TI00012852,T0004277,P000006,4,9.16,36.64
TI00012853,T0004277,P000012,2,42.38,84.76
TI00012854,T0004277,P000002,3,56.39,169.17
TI00012855,T0004277,P000014,2,24.75,49.5
TI00012856,T0004278,P000001,2,27.25,54.5
TI00012857,T0004278,P000017,1,43.77,43.77
TI00012858,T0004278,P000018,1,32.67,32.67
TI00012859,T0004279,P000018,3,32.67,98.01
TI00012860,T0004279,P000006,2,9.16,18.32
TI00012861,T0004280,P000018,3,32.67,98.01
TI00012862,T0004280,P000019,3,32.28,96.84
TI00012863,T0004280,P000017,4,43.77,175.08
TI00012864,T0004281,P000003,1,10.3,10.3
TI00012865,T0004281,P000006,3,9.16,27.48
TI00012866,T0004282,P000011,3,19.19,57.57
TI00012867,T0004283,P000018,2,32.67,65.34
TI00012868,T0004283,P000008,4,52.62,210.48
TI00012869,T0004283,P000011,2,19.19,38.38
TI00012870,T0004283,P000019,4,32.28,129.12
TI00012871,T0004284,P000009,2,33.09,66.18
TI00012872,T0004285,P000001,4,27.25,109.0
TI00012873,T0004285,P000009,4,33.09,132.36
TI00012874,T0004286,P000008,2,52.62,105.24
TI00012875,T0004286,P000015,4,49.37,197.48
TI00012876,T0004287,P000015,1,49.37,49.37
TI00012877,T0004288,P000002,2,56.39,112.78
TI00012878,T0004288,P000013,1,13.19,13.19
TI00012879,T0004288,P000006,2,9.16,18.32
TI00012880,T0004288,P000007,2,44.35,88.7
TI00012881,T0004289,P000019,1,32.28,32.28
TI00012882,T0004289,P000008,4,52.62,210.48
TI00012883,T0004290,P000014,1,24.75,24.75
TI00012884,T0004290,P000012,3,42.38,127.14
TI00012885,T0004290,P000001,4,27.25,109.0
TI00012886,T0004290,P000007,4,44.35,177.4
TI00012887,T0004291,P000002,4,56.39,225.56
TI00012888,T0004291,P000013,1,13.19,13.19
TI00012889,T0004291,P000004,4,39.36,157.44
TI00012890,T0004291,P000020,3,58.91,176.73
TI00012891,T0004291,P000014,1,24.75,24.75
TI00012892,T0004292,P000007,1,44.35,44.35
TI00012893,T0004292,P000010,1,43.23,43.23
TI00012894,T0004292,P000009,2,33.09,66.18
TI00012895,T0004292,P000016,2,49.09,98.18
TI00012896,T0004293,P000006,2,9.16,18.32
TI00012897,T0004293,P000002,1,56.39,56.39
TI00012898,T0004293,P000015,1,49.37,49.37
TI00012899,T0004294,P000019,1,32.28,32.28
TI00012900,T0004294,P000005,2,49.07,98.14
TI00012901,T0004295,P000002,1,56.39,56.39
TI00012902,T0004296,P000008,3,52.62,157.86
TI00012903,T0004297,P000007,3,44.35,133.05
TI00012904,T0004297,P000011,2,19.19,38.38
TI00012905,T0004297,P000012,1,42.38,42.38
TI00012906,T0004297,P000008,3,52.62,157.86
TI00012907,T0004297,P000014,3,24.75,74.25
TI00012908,T0004298,P000002,1,56.39,56.39
TI00012909,T0004298,P000010,4,43.23,172.92
TI00012910,T0004298,P000007,2,44.35,88.7
TI00012911,T0004298,P000009,3,33.09,99.27
TI00012912,T0004298,P000019,1,32.28,32.28
TI00012913,T0004299,P000006,1,9.16,9.16
TI00012914,T0004299,P000005,1,49.07,49.07
TI00012915,T0004299,P000007,2,44.35,88.7
TI00012916,T0004299,P000014,3,24.75,74.25
TI00012917,T0004300,P000012,1,42.38,42.38
TI00012918,T0004300,P000002,2,56.39,112.78
TI00012919,T0004301,P000020,4,58.91,235.64
TI00012920,T0004301,P000019,2,32.28,64.56
TI00012921,T0004301,P000005,2,49.07,98.14
TI00012922,T0004302,P000012,4,42.38,169.52
TI00012923,T0004303,P000016,1,49.09,49.09
TI00012924,T0004304,P000014,3,24.75,74.25
TI00012925,T0004304,P000011,2,19.19,38.38
TI00012926,T0004304,P000008,4,52.62,210.48
TI00012927,T0004304,P000007,3,44.35,133.05
TI00012928,T0004304,P000019,2,32.28,64.56
TI00012929,T0004305,P000015,3,49.37,148.11
TI00012930,T0004306,P000012,4,42.38,169.52
TI00012931,T0004306,P000017,2,43.77,87.54
TI00012932,T0004306,P000018,2,32.67,65.34
TI00012933,T0004307,P000018,1,32.67,32.67
TI00012934,T0004307,P000017,1,43.77,43.77
TI00012935,T0004308,P000014,3,24.75,74.25
TI00012936,T0004309,P000007,2,44.35,88.7
TI00012937,T0004310,P000013,2,13.19,26.38
TI00012938,T0004310,P000004,1,39.36,39.36
TI00012939,T0004310,P000005,2,49.07,98.14
TI00012940,T0004310,P000008,2,52.62,105.24
TI00012941,T0004311,P000006,1,9.16,9.16
TI00012942,T0004311,P000013,1,13.19,13.19
TI00012943,T0004311,P000008,4,52.62,210.48
TI00012944,T0004311,P000020,2,58.91,117.82
TI00012945,T0004311,P000017,1,43.77,43.77
TI00012946,T0004312,P000017,1,43.77,43.77
TI00012947,T0004313,P000005,3,49.07,147.21
TI00012948,T0004313,P000009,3,33.09,99.27
TI00012949,T0004313,P000014,4,24.75,99.0
TI00012950,T0004313,P000020,4,58.91,235.64
TI00012951,T0004313,P000010,4,43.23,172.92
TI00012952,T0004314,P000012,3,42.38,127.14
TI00012953,T0004314,P000011,2,19.19,38.38
TI00012954,T0004314,P000001,3,27.25,81.75
TI00012955,T0004315,P000012,4,42.38,169.52
TI00012956,T0004315,P000008,3,52.62,157.86
TI00012957,T0004315,P000020,3,58.91,176.73
TI00012958,T0004315,P000014,2,24.75,49.5
TI00012959,T0004315,P000006,4,9.16,36.64
TI00012960,T0004316,P000020,4,58.91,235.64
TI00012961,T0004316,P000018,2,32.67,65.34
TI00012962,T0004316,P000004,1,39.36,39.36
TI00012963,T0004316,P000012,2,42.38,84.76
TI00012964,T0004317,P000010,1,43.23,43.23
TI00012965,T0004318,P000005,1,49.07,49.07
TI00012966,T0004318,P000017,2,43.77,87.54
TI00012967,T0004318,P000002,4,56.39,225.56
TI00012968,T0004319,P000019,2,32.28,64.56
TI00012969,T0004319,P000001,1,27.25,27.25
TI00012970,T0004319,P000005,2,49.07,98.14
TI00012971,T0004319,P000014,1,24.75,24.75
TI00012972,T0004320,P000016,4,49.09,196.36
TI00012973,T0004320,P000002,3,56.39,169.17
TI00012974,T0004320,P000014,4,24.75,99.0
TI00012975,T0004321,P000004,1,39.36,39.36
TI00012976,T0004321,P000008,1,52.62,52.62
TI00012977,T0004322,P000020,3,58.91,176.73
TI00012978,T0004322,P000019,3,32.28,96.84
TI00012979,T0004322,P000011,2,19.19,38.38
TI00012980,T0004323,P000015,1,49.37,49.37
TI00012981,T0004323,P000009,4,33.09,132.36
TI00012982,T0004324,P000019,3,32.28,96.84
TI00012983,T0004324,P000014,1,24.75,24.75
TI00012984,T0004325,P000012,3,42.38,127.14
TI00012985,T0004325,P000006,1,9.16,9.16
TI00012986,T0004326,P000011,3,19.19,57.57
TI00012987,T0004326,P000009,4,33.09,132.36
TI00012988,T0004326,P000019,1,32.28,32.28
TI00012989,T0004326,P000013,4,13.19,52.76
TI00012990,T0004327,P000011,4,19.19,76.76
TI00012991,T0004327,P000012,1,42.38,42.38
TI00012992,T0004327,P000002,3,56.39,169.17
TI00012993,T0004327,P000020,1,58.91,58.91
TI00012994,T0004328,P000018,2,32.67,65.34
TI00012995,T0004329,P000017,3,43.77,131.31
TI00012996,T0004329,P000014,3,24.75,74.25
TI00012997,T0004330,P000006,1,9.16,9.16
TI00012998,T0004330,P000013,4,13.19,52.76
TI00012999,T0004330,P000009,2,33.09,66.18
TI00013000,T0004331,P000010,2,43.23,86.46
TI00013001,T0004331,P000009,2,33.09,66.18
TI00013002,T0004331,P000014,3,24.75,74.25
TI00013003,T0004331,P000008,4,52.62,210.48
TI00013004,T0004331,P000020,4,58.91,235.64
TI00013005,T0004332,P000005,1,49.07,49.07
TI00013006,T0004332,P000014,1,24.75,24.75
TI00013007,T0004332,P000003,1,10.3,10.3
TI00013008,T0004333,P000001,2,27.25,54.5
TI00013009,T0004333,P000004,3,39.36,118.08
TI00013010,T0004333,P000014,1,24.75,24.75
TI00013011,T0004333,P000009,2,33.09,66.18
TI00013012,T0004334,P000020,3,58.91,176.73
TI00013013,T0004335,P000006,1,9.16,9.16
TI00013014,T0004336,P000012,2,42.38,84.76
TI00013015,T0004336,P000017,1,43.77,43.77
TI00013016,T0004336,P000005,2,49.07,98.14
TI00013017,T0004337,P000010,4,43.23,172.92
TI00013018,T0004337,P000003,2,10.3,20.6
TI00013019,T0004337,P000008,4,52.62,210.48
TI00013020,T0004337,P000002,4,56.39,225.56
TI00013021,T0004337,P000015,3,49.37,148.11
TI00013022,T0004338,P000007,2,44.35,88.7
TI00013023,T0004338,P000013,1,13.19,13.19
TI00013024,T0004339,P000005,4,49.07,196.28
TI00013025,T0004339,P000008,4,52.62,210.48
TI00013026,T0004339,P000002,1,56.39,56.39
TI00013027,T0004340,P000005,3,49.07,147.21
TI00013028,T0004340,P000011,2,19.19,38.38
TI00013029,T0004340,P000019,2,32.28,64.56
TI00013030,T0004340,P000013,4,13.19,52.76
TI00013031,T0004341,P000007,3,44.35,133.05
TI00013032,T0004341,P000001,1,27.25,27.25
TI00013033,T0004342,P000019,2,32.28,64.56
TI00013034,T0004342,P000015,1,49.37,49.37
TI00013035,T0004342,P000008,4,52.62,210.48
TI00013036,T0004342,P000013,4,13.19,52.76
TI00013037,T0004343,P000014,4,24.75,99.0
TI00013038,T0004343,P000017,1,43.77,43.77
TI00013039,T0004343,P000009,3,33.09,99.27
TI00013040,T0004343,P000007,1,44.35,44.35
TI00013041,T0004343,P000016,2,49.09,98.18
TI00013042,T0004344,P000019,1,32.28,32.28
TI00013043,T0004344,P000020,2,58.91,117.82
TI00013044,T0004345,P000016,4,49.09,196.36
TI00013045,T0004346,P000016,3,49.09,147.27
TI00013046,T0004346,P000019,3,32.28,96.84
TI00013047,T0004346,P000015,3,49.37,148.11
TI00013048,T0004346,P000007,2,44.35,88.7
TI00013049,T0004347,P000004,2,39.36,78.72
TI00013050,T0004347,P000008,1,52.62,52.62
TI00013051,T0004347,P000014,4,24.75,99.0
TI00013052,T0004347,P000020,2,58.91,117.82
TI00013053,T0004347,P000011,2,19.19,38.38
TI00013054,T0004348,P000008,1,52.62,52.62
TI00013055,T0004348,P000005,4,49.07,196.28
TI00013056,T0004348,P000013,1,13.19,13.19
TI00013057,T0004348,P000002,2,56.39,112.78
TI00013058,T0004348,P000017,3,43.77,131.31
TI00013059,T0004349,P000017,4,43.77,175.08
TI00013060,T0004349,P000014,4,24.75,99.0
TI00013061,T0004349,P000011,1,19.19,19.19
TI00013062,T0004350,P000001,4,27.25,109.0
TI00013063,T0004350,P000014,3,24.75,74.25
TI00013064,T0004350,P000016,2,49.09,98.18
TI00013065,T0004350,P000012,3,42.38,127.14
TI00013066,T0004351,P000005,1,49.07,49.07
TI00013067,T0004351,P000017,1,43.77,43.77
TI00013068,T0004351,P000019,1,32.28,32.28
TI00013069,T0004351,P000003,2,10.3,20.6
TI00013070,T0004352,P000014,4,24.75,99.0
TI00013071,T0004352,P000012,4,42.38,169.52
TI00013072,T0004352,P000016,1,49.09,49.09
TI00013073,T0004352,P000010,4,43.23,172.92
TI00013074,T0004353,P000003,3,10.3,30.9
TI00013075,T0004353,P000012,3,42.38,127.14
TI00013076,T0004354,P000020,1,58.91,58.91
TI00013077,T0004354,P000012,3,42.38,127.14
TI00013078,T0004354,P000004,2,39.36,78.72
TI00013079,T0004354,P000001,1,27.25,27.25
TI00013080,T0004354,P000002,1,56.39,56.39
TI00013081,T0004355,P000008,1,52.62,52.62
TI00013082,T0004355,P000005,1,49.07,49.07
TI00013083,T0004355,P000019,2,32.28,64.56
TI00013084,T0004355,P000018,4,32.67,130.68
TI00013085,T0004355,P000012,3,42.38,127.14
TI00013086,T0004356,P000017,1,43.77,43.77
TI00013087,T0004356,P000011,4,19.19,76.76
TI00013088,T0004356,P000013,2,13.19,26.38
TI00013089,T0004356,P000016,3,49.09,147.27
TI00013090,T0004356,P000018,3,32.67,98.01
TI00013091,T0004357,P000014,3,24.75,74.25
TI00013092,T0004358,P000020,4,58.91,235.64
TI00013093,T0004358,P000007,4,44.35,177.4
TI00013094,T0004359,P000014,3,24.75,74.25
TI00013095,T0004359,P000001,4,27.25,109.0
TI00013096,T0004359,P000003,3,10.3,30.9
TI00013097,T0004359,P000006,3,9.16,27.48
TI00013098,T0004360,P000009,4,33.09,132.36
TI00013099,T0004360,P000006,2,9.16,18.32
TI00013100,T0004361,P000018,4,32.67,130.68
TI00013101,T0004362,P000014,1,24.75,24.75
TI00013102,T0004362,P000001,2,27.25,54.5
TI00013103,T0004363,P000017,4,43.77,175.08
TI00013104,T0004363,P000020,1,58.91,58.91
TI00013105,T0004363,P000002,1,56.39,56.39
TI00013106,T0004363,P000012,3,42.38,127.14
TI00013107,T0004363,P000011,1,19.19,19.19
TI00013108,T0004364,P000003,3,10.3,30.9
TI00013109,T0004364,P000013,1,13.19,13.19
TI00013110,T0004365,P000020,1,58.91,58.91
TI00013111,T0004365,P000008,3,52.62,157.86
TI00013112,T0004366,P000016,2,49.09,98.18
TI00013113,T0004366,P000012,2,42.38,84.76
TI00013114,T0004366,P000013,3,13.19,39.57
TI00013115,T0004366,P000017,4,43.77,175.08
TI00013116,T0004367,P000017,4,43.77,175.08
TI00013117,T0004367,P000010,3,43.23,129.69
TI00013118,T0004367,P000019,2,32.28,64.56
TI00013119,T0004368,P000014,4,24.75,99.0
TI00013120,T0004368,P000010,2,43.23,86.46
TI00013121,T0004368,P000018,3,32.67,98.01
TI00013122,T0004368,P000015,4,49.37,197.48
TI00013123,T0004368,P000013,3,13.19,39.57
TI00013124,T0004369,P000003,3,10.3,30.9
TI00013125,T0004370,P000012,3,42.38,127.14
TI00013126,T0004370,P000018,3,32.67,98.01
TI00013127,T0004370,P000013,1,13.19,13.19
TI00013128,T0004370,P000019,2,32.28,64.56
TI00013129,T0004371,P000017,2,43.77,87.54
TI00013130,T0004371,P000001,1,27.25,27.25
TI00013131,T0004371,P000019,4,32.28,129.12
TI00013132,T0004372,P000014,2,24.75,49.5
TI00013133,T0004372,P000012,4,42.38,169.52
TI00013134,T0004372,P000011,1,19.19,19.19
TI00013135,T0004373,P000001,4,27.25,109.0
TI00013136,T0004373,P000017,1,43.77,43.77
TI00013137,T0004373,P000012,2,42.38,84.76
TI00013138,T0004373,P000007,4,44.35,177.4
TI00013139,T0004373,P000006,3,9.16,27.48
TI00013140,T0004374,P000012,3,42.38,127.14
TI00013141,T0004374,P000014,4,24.75,99.0
TI00013142,T0004374,P000009,1,33.09,33.09
TI00013143,T0004374,P000003,4,10.3,41.2
TI00013144,T0004374,P000017,2,43.77,87.54
TI00013145,T0004375,P000009,2,33.09,66.18
TI00013146,T0004375,P000008,4,52.62,210.48
TI00013147,T0004376,P000006,4,9.16,36.64
TI00013148,T0004376,P000009,1,33.09,33.09
TI00013149,T0004376,P000017,1,43.77,43.77
TI00013150,T0004377,P000006,1,9.16,9.16
TI00013151,T0004377,P000010,4,43.23,172.92
TI00013152,T0004377,P000009,1,33.09,33.09
TI00013153,T0004377,P000018,2,32.67,65.34
TI00013154,T0004378,P000019,1,32.28,32.28
TI00013155,T0004378,P000015,1,49.37,49.37
TI00013156,T0004379,P000009,1,33.09,33.09
TI00013157,T0004379,P000007,1,44.35,44.35
TI00013158,T0004379,P000008,1,52.62,52.62
TI00013159,T0004379,P000016,3,49.09,147.27
TI00013160,T0004380,P000010,1,43.23,43.23
TI00013161,T0004380,P000001,4,27.25,109.0
TI00013162,T0004380,P000013,4,13.19,52.76
TI00013163,T0004381,P000017,1,43.77,43.77
TI00013164,T0004381,P000019,3,32.28,96.84
TI00013165,T0004382,P000016,3,49.09,147.27
TI00013166,T0004382,P000020,3,58.91,176.73
TI00013167,T0004382,P000007,3,44.35,133.05
TI00013168,T0004382,P000013,1,13.19,13.19
TI00013169,T0004382,P000006,3,9.16,27.48
TI00013170,T0004383,P000020,2,58.91,117.82
TI00013171,T0004383,P000005,2,49.07,98.14
TI00013172,T0004383,P000006,3,9.16,27.48
TI00013173,T0004383,P000002,1,56.39,56.39
TI00013174,T0004383,P000011,4,19.19,76.76
TI00013175,T0004384,P000011,2,19.19,38.38
TI00013176,T0004384,P000013,1,13.19,13.19
TI00013177,T0004384,P000003,2,10.3,20.6
TI00013178,T0004384,P000005,4,49.07,196.28
TI00013179,T0004384,P000007,4,44.35,177.4
TI00013180,T0004385,P000015,1,49.37,49.37
TI00013181,T0004385,P000020,2,58.91,117.82
TI00013182,T0004385,P000017,2,43.77,87.54
TI00013183,T0004385,P000014,4,24.75,99.0
TI00013184,T0004386,P000007,2,44.35,88.7
TI00013185,T0004386,P000004,4,39.36,157.44
TI00013186,T0004386,P000006,3,9.16,27.48
TI00013187,T0004386,P000017,3,43.77,131.31
TI00013188,T0004387,P000015,2,49.37,98.74
TI00013189,T0004387,P000003,4,10.3,41.2
TI00013190,T0004388,P000006,4,9.16,36.64
TI00013191,T0004388,P000018,3,32.67,98.01
TI00013192,T0004388,P000014,4,24.75,99.0
TI00013193,T0004388,P000002,4,56.39,225.56
TI00013194,T0004389,P000006,1,9.16,9.16
TI00013195,T0004390,P000003,3,10.3,30.9
TI00013196,T0004390,P000020,2,58.91,117.82
TI00013197,T0004390,P000013,4,13.19,52.76
TI00013198,T0004391,P000001,1,27.25,27.25
TI00013199,T0004391,P000005,1,49.07,49.07
TI00013200,T0004392,P000015,2,49.37,98.74
TI00013201,T0004392,P000014,4,24.75,99.0
TI00013202,T0004392,P000016,3,49.09,147.27
TI00013203,T0004393,P000009,3,33.09,99.27
TI00013204,T0004393,P000014,2,24.75,49.5
TI00013205,T0004393,P000002,2,56.39,112.78
TI00013206,T0004394,P000010,2,43.23,86.46
TI00013207,T0004394,P000008,4,52.62,210.48
TI00013208,T0004394,P000002,1,56.39,56.39
TI00013209,T0004395,P000020,1,58.91,58.91
TI00013210,T0004395,P000017,1,43.77,43.77
TI00013211,T0004395,P000015,4,49.37,197.48
TI00013212,T0004396,P000001,1,27.25,27.25
TI00013213,T0004396,P000013,1,13.19,13.19
TI00013214,T0004397,P000018,3,32.67,98.01
TI00013215,T0004397,P000009,2,33.09,66.18
TI00013216,T0004397,P000008,3,52.62,157.86
TI00013217,T0004398,P000013,4,13.19,52.76
TI00013218,T0004398,P000001,4,27.25,109.0
TI00013219,T0004398,P000017,4,43.77,175.08
TI00013220,T0004398,P000019,2,32.28,64.56
TI00013221,T0004399,P000013,3,13.19,39.57
TI00013222,T0004399,P000018,1,32.67,32.67
TI00013223,T0004399,P000014,3,24.75,74.25
TI00013224,T0004400,P000002,4,56.39,225.56
TI00013225,T0004400,P000020,1,58.91,58.91
TI00013226,T0004400,P000007,2,44.35,88.7
TI00013227,T0004401,P000019,1,32.28,32.28
TI00013228,T0004402,P000008,1,52.62,52.62
TI00013229,T0004402,P000020,3,58.91,176.73
TI00013230,T0004402,P000015,2,49.37,98.74
TI00013231,T0004402,P000010,2,43.23,86.46
TI00013232,T0004402,P000013,2,13.19,26.38
TI00013233,T0004403,P000004,4,39.36,157.44
TI00013234,T0004404,P000006,3,9.16,27.48
TI00013235,T0004404,P000019,3,32.28,96.84
TI00013236,T0004404,P000003,4,10.3,41.2
TI00013237,T0004404,P000009,4,33.09,132.36
TI00013238,T0004404,P000018,4,32.67,130.68
TI00013239,T0004405,P000009,4,33.09,132.36
TI00013240,T0004406,P000016,4,49.09,196.36
TI00013241,T0004406,P000011,3,19.19,57.57
TI00013242,T0004406,P000008,4,52.62,210.48
TI00013243,T0004407,P000004,3,39.36,118.08
TI00013244,T0004407,P000002,2,56.39,112.78
TI00013245,T0004408,P000019,3,32.28,96.84
TI00013246,T0004408,P000005,3,49.07,147.21
TI00013247,T0004409,P000010,2,43.23,86.46
TI00013248,T0004409,P000003,4,10.3,41.2
TI00013249,T0004410,P000020,4,58.91,235.64
TI00013250,T0004410,P000010,2,43.23,86.46
TI00013251,T0004411,P000008,1,52.62,52.62
TI00013252,T0004411,P000001,2,27.25,54.5
TI00013253,T0004411,P000002,3,56.39,169.17
TI00013254,T0004411,P000005,3,49.07,147.21
TI00013255,T0004412,P000016,2,49.09,98.18
TI00013256,T0004412,P000005,3,49.07,147.21
TI00013257,T0004412,P000008,4,52.62,210.48
TI00013258,T0004412,P000020,4,58.91,235.64
TI00013259,T0004412,P000011,4,19.19,76.76
TI00013260,T0004413,P000020,4,58.91,235.64
TI00013261,T0004413,P000005,3,49.07,147.21
TI00013262,T0004413,P000010,4,43.23,172.92
TI00013263,T0004413,P000014,3,24.75,74.25
TI00013264,T0004413,P000007,2,44.35,88.7
TI00013265,T0004414,P000015,2,49.37,98.74
TI00013266,T0004414,P000009,2,33.09,66.18
TI00013267,T0004414,P000004,1,39.36,39.36
TI00013268,T0004414,P000001,2,27.25,54.5
TI00013269,T0004414,P000008,1,52.62,52.62
TI00013270,T0004415,P000014,1,24.75,24.75
TI00013271,T0004415,P000004,4,39.36,157.44
TI00013272,T0004415,P000005,1,49.07,49.07
TI00013273,T0004415,P000002,2,56.39,112.78
TI00013274,T0004416,P000016,4,49.09,196.36
TI00013275,T0004416,P000009,2,33.09,66.18
TI00013276,T0004417,P000019,4,32.28,129.12
TI00013277,T0004417,P000008,2,52.62,105.24
TI00013278,T0004417,P000009,2,33.09,66.18
TI00013279,T0004417,P000004,1,39.36,39.36
TI00013280,T0004418,P000005,4,49.07,196.28
TI00013281,T0004418,P000001,2,27.25,54.5
TI00013282,T0004418,P000002,3,56.39,169.17
TI00013283,T0004419,P000015,1,49.37,49.37
TI00013284,T0004419,P000006,2,9.16,18.32
TI00013285,T0004419,P000004,1,39.36,39.36
TI00013286,T0004419,P000002,3,56.39,169.17
TI00013287,T0004419,P000017,3,43.77,131.31
TI00013288,T0004420,P000003,1,10.3,10.3
TI00013289,T0004420,P000013,2,13.19,26.38
TI00013290,T0004421,P000018,2,32.67,65.34
TI00013291,T0004421,P000007,3,44.35,133.05
TI00013292,T0004421,P000016,4,49.09,196.36
TI00013293,T0004421,P000017,1,43.77,43.77
TI00013294,T0004421,P000014,3,24.75,74.25
TI00013295,T0004422,P000011,2,19.19,38.38
TI00013296,T0004422,P000019,1,32.28,32.28
TI00013297,T0004422,P000012,4,42.38,169.52
TI00013298,T0004422,P000014,2,24.75,49.5
TI00013299,T0004423,P000004,1,39.36,39.36
TI00013300,T0004423,P000016,4,49.09,196.36
TI00013301,T0004423,P000002,3,56.39,169.17
TI00013302,T0004423,P000013,3,13.19,39.57
TI00013303,T0004424,P000002,2,56.39,112.78
TI00013304,T0004425,P000018,4,32.67,130.68
TI00013305,T0004425,P000003,1,10.3,10.3
TI00013306,T0004425,P000006,4,9.16,36.64
TI00013307,T0004425,P000002,1,56.39,56.39
TI00013308,T0004425,P000005,4,49.07,196.28
TI00013309,T0004426,P000016,3,49.09,147.27
TI00013310,T0004426,P000002,2,56.39,112.78
TI00013311,T0004427,P000003,3,10.3,30.9
TI00013312,T0004427,P000009,4,33.09,132.36
TI00013313,T0004427,P000020,3,58.91,176.73
TI00013314,T0004427,P000012,2,42.38,84.76
TI00013315,T0004427,P000006,3,9.16,27.48
TI00013316,T0004428,P000018,2,32.67,65.34
TI00013317,T0004428,P000005,4,49.07,196.28
TI00013318,T0004428,P000003,3,10.3,30.9
TI00013319,T0004429,P000010,1,43.23,43.23
TI00013320,T0004429,P000003,4,10.3,41.2
TI00013321,T0004429,P000018,3,32.67,98.01
TI00013322,T0004429,P000015,1,49.37,49.37
TI00013323,T0004429,P000020,2,58.91,117.82
TI00013324,T0004430,P000003,4,10.3,41.2
TI00013325,T0004430,P000005,3,49.07,147.21
TI00013326,T0004430,P000014,1,24.75,24.75
TI00013327,T0004431,P000013,1,13.19,13.19
TI00013328,T0004431,P000017,3,43.77,131.31
TI00013329,T0004432,P000003,4,10.3,41.2
TI00013330,T0004432,P000004,4,39.36,157.44
TI00013331,T0004432,P000015,4,49.37,197.48
TI00013332,T0004432,P000008,3,52.62,157.86
TI00013333,T0004433,P000006,3,9.16,27.48
TI00013334,T0004433,P000014,2,24.75,49.5
TI00013335,T0004433,P000016,4,49.09,196.36
TI00013336,T0004433,P000011,1,19.19,19.19
TI00013337,T0004433,P000010,3,43.23,129.69
TI00013338,T0004434,P000019,4,32.28,129.12
TI00013339,T0004434,P000013,4,13.19,52.76
TI00013340,T0004434,P000003,3,10.3,30.9
TI00013341,T0004435,P000009,3,33.09,99.27
TI00013342,T0004435,P000007,4,44.35,177.4
TI00013343,T0004435,P000003,4,10.3,41.2
TI00013344,T0004435,P000014,3,24.75,74.25
TI00013345,T0004435,P000012,1,42.38,42.38
TI00013346,T0004436,P000017,1,43.77,43.77
TI00013347,T0004436,P000002,4,56.39,225.56
TI00013348,T0004436,P000016,2,49.09,98.18
TI00013349,T0004436,P000018,3,32.67,98.01
TI00013350,T0004436,P000012,3,42.38,127.14
TI00013351,T0004437,P000009,4,33.09,132.36
TI00013352,T0004437,P000003,3,10.3,30.9
TI00013353,T0004437,P000004,4,39.36,157.44
TI00013354,T0004437,P000002,3,56.39,169.17
TI00013355,T0004437,P000017,3,43.77,131.31
TI00013356,T0004438,P000006,2,9.16,18.32
TI00013357,T0004439,P000019,4,32.28,129.12
TI00013358,T0004439,P000012,2,42.38,84.76
TI00013359,T0004439,P000013,4,13.19,52.76
TI00013360,T0004439,P000007,4,44.35,177.4
TI00013361,T0004440,P000019,2,32.28,64.56
TI00013362,T0004440,P000005,3,49.07,147.21
TI00013363,T0004440,P000009,4,33.09,132.36
TI00013364,T0004440,P000003,2,10.3,20.6
TI00013365,T0004440,P000008,1,52.62,52.62
TI00013366,T0004441,P000003,3,10.3,30.9
TI00013367,T0004441,P000007,2,44.35,88.7
TI00013368,T0004441,P000006,2,9.16,18.32
TI00013369,T0004441,P000005,4,49.07,196.28
TI00013370,T0004442,P000012,1,42.38,42.38
TI00013371,T0004442,P000008,2,52.62,105.24
TI00013372,T0004443,P000017,1,43.77,43.77
TI00013373,T0004443,P000015,2,49.37,98.74
TI00013374,T0004443,P000009,2,33.09,66.18
TI00013375,T0004443,P000005,2,49.07,98.14
TI00013376,T0004444,P000014,4,24.75,99.0
TI00013377,T0004444,P000011,4,19.19,76.76
TI00013378,T0004444,P000009,1,33.09,33.09
TI00013379,T0004445,P000017,2,43.77,87.54
TI00013380,T0004445,P000007,2,44.35,88.7
TI00013381,T0004445,P000002,2,56.39,112.78
TI00013382,T0004446,P000016,4,49.09,196.36
TI00013383,T0004446,P000002,4,56.39,225.56
TI00013384,T0004446,P000018,2,32.67,65.34
TI00013385,T0004446,P000004,4,39.36,157.44
TI00013386,T0004447,P000019,4,32.28,129.12
TI00013387,T0004447,P000003,1,10.3,10.3
TI00013388,T0004447,P000010,3,43.23,129.69
TI00013389,T0004448,P000012,1,42.38,42.38
TI00013390,T0004448,P000004,1,39.36,39.36
TI00013391,T0004448,P000014,1,24.75,24.75
TI00013392,T0004448,P000001,1,27.25,27.25
TI00013393,T0004448,P000015,1,49.37,49.37
TI00013394,T0004449,P000009,2,33.09,66.18
TI00013395,T0004450,P000017,4,43.77,175.08
TI00013396,T0004450,P000003,1,10.3,10.3
TI00013397,T0004450,P000020,2,58.91,117.82
TI00013398,T0004450,P000016,2,49.09,98.18
TI00013399,T0004451,P000005,4,49.07,196.28
TI00013400,T0004451,P000003,4,10.3,41.2
TI00013401,T0004451,P000015,1,49.37,49.37
TI00013402,T0004451,P000004,1,39.36,39.36
TI00013403,T0004452,P000013,3,13.19,39.57
TI00013404,T0004452,P000018,1,32.67,32.67
TI00013405,T0004452,P000016,4,49.09,196.36
TI00013406,T0004452,P000007,4,44.35,177.4
TI00013407,T0004453,P000014,2,24.75,49.5
TI00013408,T0004453,P000005,3,49.07,147.21
TI00013409,T0004453,P000009,3,33.09,99.27
TI00013410,T0004453,P000018,3,32.67,98.01
TI00013411,T0004453,P000006,1,9.16,9.16
TI00013412,T0004454,P000018,3,32.67,98.01
TI00013413,T0004454,P000014,2,24.75,49.5
TI00013414,T0004454,P000010,1,43.23,43.23
TI00013415,T0004455,P000007,4,44.35,177.4
TI00013416,T0004455,P000002,1,56.39,56.39
TI00013417,T0004455,P000009,4,33.09,132.36
TI00013418,T0004455,P000016,4,49.09,196.36
TI00013419,T0004456,P000004,1,39.36,39.36
TI00013420,T0004457,P000004,3,39.36,118.08
TI00013421,T0004457,P000014,2,24.75,49.5
TI00013422,T0004457,P000015,2,49.37,98.74
TI00013423,T0004458,P000006,3,9.16,27.48
TI00013424,T0004459,P000018,1,32.67,32.67
TI00013425,T0004459,P000009,1,33.09,33.09
TI00013426,T0004460,P000002,4,56.39,225.56
TI00013427,T0004460,P000019,2,32.28,64.56
TI00013428,T0004460,P000006,1,9.16,9.16
TI00013429,T0004460,P000010,1,43.23,43.23
TI00013430,T0004461,P000007,3,44.35,133.05
TI00013431,T0004461,P000009,2,33.09,66.18
TI00013432,T0004461,P000003,2,10.3,20.6
TI00013433,T0004462,P000008,4,52.62,210.48
TI00013434,T0004463,P000016,3,49.09,147.27
TI00013435,T0004463,P000008,1,52.62,52.62
TI00013436,T0004464,P000001,2,27.25,54.5
TI00013437,T0004464,P000012,4,42.38,169.52
TI00013438,T0004465,P000017,3,43.77,131.31
TI00013439,T0004465,P000002,1,56.39,56.39
TI00013440,T0004465,P000003,2,10.3,20.6
TI00013441,T0004466,P000004,3,39.36,118.08
TI00013442,T0004466,P000006,2,9.16,18.32
TI00013443,T0004466,P000019,1,32.28,32.28
TI00013444,T0004466,P000018,2,32.67,65.34
TI00013445,T0004467,P000013,3,13.19,39.57
TI00013446,T0004467,P000005,3,49.07,147.21
TI00013447,T0004467,P000008,2,52.62,105.24
TI00013448,T0004467,P000017,1,43.77,43.77
TI00013449,T0004467,P000014,4,24.75,99.0
TI00013450,T0004468,P000001,2,27.25,54.5
TI00013451,T0004468,P000006,2,9.16,18.32
TI00013452,T0004468,P000003,2,10.3,20.6
TI00013453,T0004469,P000006,4,9.16,36.64
TI00013454,T0004469,P000013,2,13.19,26.38
TI00013455,T0004469,P000020,1,58.91,58.91
TI00013456,T0004470,P000016,3,49.09,147.27
TI00013457,T0004470,P000017,4,43.77,175.08
TI00013458,T0004470,P000019,3,32.28,96.84
TI00013459,T0004471,P000006,1,9.16,9.16
TI00013460,T0004471,P000005,2,49.07,98.14
TI00013461,T0004471,P000010,1,43.23,43.23
TI00013462,T0004471,P000008,2,52.62,105.24
TI00013463,T0004472,P000020,2,58.91,117.82
TI00013464,T0004472,P000008,3,52.62,157.86
TI00013465,T0004472,P000018,4,32.67,130.68
TI00013466,T0004472,P000009,4,33.09,132.36
TI00013467,T0004472,P000011,2,19.19,38.38
TI00013468,T0004473,P000004,1,39.36,39.36
TI00013469,T0004473,P000014,4,24.75,99.0
TI00013470,T0004473,P000010,4,43.23,172.92
TI00013471,T0004473,P000006,2,9.16,18.32
TI00013472,T0004474,P000014,1,24.75,24.75
TI00013473,T0004474,P000016,1,49.09,49.09
TI00013474,T0004475,P000003,2,10.3,20.6
TI00013475,T0004475,P000001,2,27.25,54.5
TI00013476,T0004476,P000007,1,44.35,44.35
TI00013477,T0004477,P000019,4,32.28,129.12
TI00013478,T0004477,P000005,2,49.07,98.14
TI00013479,T0004478,P000019,3,32.28,96.84
TI00013480,T0004478,P000010,2,43.23,86.46
TI00013481,T0004478,P000012,4,42.38,169.52
TI00013482,T0004479,P000008,4,52.62,210.48
TI00013483,T0004479,P000013,3,13.19,39.57
TI00013484,T0004479,P000006,1,9.16,9.16
TI00013485,T0004479,P000016,3,49.09,147.27
TI00013486,T0004480,P000018,4,32.67,130.68
TI00013487,T0004480,P000012,3,42.38,127.14
TI00013488,T0004481,P000012,4,42.38,169.52
TI00013489,T0004481,P000014,4,24.75,99.0
TI00013490,T0004481,P000019,3,32.28,96.84
TI00013491,T0004482,P000010,3,43.23,129.69
TI00013492,T0004482,P000003,4,10.3,41.2
TI00013493,T0004482,P000015,3,49.37,148.11
TI00013494,T0004482,P000001,1,27.25,27.25
TI00013495,T0004483,P000011,1,19.19,19.19
TI00013496,T0004484,P000008,1,52.62,52.62
TI00013497,T0004485,P000001,2,27.25,54.5
TI00013498,T0004485,P000010,4,43.23,172.92
TI00013499,T0004486,P000005,2,49.07,98.14
TI00013500,T0004487,P000014,2,24.75,49.5
TI00013501,T0004487,P000001,2,27.25,54.5
TI00013502,T0004487,P000020,4,58.91,235.64
TI00013503,T0004488,P000005,1,49.07,49.07
TI00013504,T0004489,P000005,4,49.07,196.28
TI00013505,T0004490,P000015,3,49.37,148.11
TI00013506,T0004490,P000006,4,9.16,36.64
TI00013507,T0004490,P000007,3,44.35,133.05
TI00013508,T0004490,P000018,1,32.67,32.67
TI00013509,T0004490,P000011,2,19.19,38.38
TI00013510,T0004491,P000012,4,42.38,169.52
TI00013511,T0004491,P000008,4,52.62,210.48
TI00013512,T0004491,P000001,3,27.25,81.75
TI00013513,T0004492,P000012,4,42.38,169.52
TI00013514,T0004492,P000002,4,56.39,225.56
TI00013515,T0004492,P000006,1,9.16,9.16
TI00013516,T0004493,P000010,4,43.23,172.92
TI00013517,T0004494,P000015,1,49.37,49.37
TI00013518,T0004494,P000019,1,32.28,32.28
TI00013519,T0004494,P000002,1,56.39,56.39
TI00013520,T0004495,P000012,1,42.38,42.38
TI00013521,T0004495,P000009,1,33.09,33.09
TI00013522,T0004496,P000003,1,10.3,10.3
TI00013523,T0004496,P000007,3,44.35,133.05
TI00013524,T0004497,P000019,2,32.28,64.56
TI00013525,T0004498,P000007,3,44.35,133.05
TI00013526,T0004498,P000014,2,24.75,49.5
TI00013527,T0004498,P000018,3,32.67,98.01
TI00013528,T0004499,P000011,3,19.19,57.57
TI00013529,T0004499,P000004,1,39.36,39.36
TI00013530,T0004499,P000017,2,43.77,87.54
TI00013531,T0004500,P000002,2,56.39,112.78
TI00013532,T0004501,P000020,4,58.91,235.64
TI00013533,T0004502,P000002,2,56.39,112.78
TI00013534,T0004502,P000007,4,44.35,177.4
TI00013535,T0004502,P000011,2,19.19,38.38
TI00013536,T0004502,P000008,2,52.62,105.24
TI00013537,T0004502,P000009,3,33.09,99.27
TI00013538,T0004503,P000001,2,27.25,54.5
TI00013539,T0004503,P000006,4,9.16,36.64
TI00013540,T0004504,P000007,3,44.35,133.05
TI00013541,T0004504,P000003,3,10.3,30.9
TI00013542,T0004504,P000005,2,49.07,98.14
TI00013543,T0004504,P000018,1,32.67,32.67
TI00013544,T0004505,P000005,4,49.07,196.28
TI00013545,T0004506,P000014,4,24.75,99.0
TI00013546,T0004506,P000010,2,43.23,86.46
TI00013547,T0004506,P000018,1,32.67,32.67
TI00013548,T0004507,P000018,4,32.67,130.68
TI00013549,T0004507,P000008,1,52.62,52.62
TI00013550,T0004507,P000012,2,42.38,84.76
TI00013551,T0004507,P000016,1,49.09,49.09
TI00013552,T0004507,P000017,2,43.77,87.54
TI00013553,T0004508,P000019,3,32.28,96.84
TI00013554,T0004508,P000014,2,24.75,49.5
TI00013555,T0004508,P000006,2,9.16,18.32
TI00013556,T0004508,P000020,1,58.91,58.91
TI00013557,T0004508,P000003,3,10.3,30.9
TI00013558,T0004509,P000002,1,56.39,56.39
TI00013559,T0004509,P000016,2,49.09,98.18
TI00013560,T0004509,P000003,1,10.3,10.3
TI00013561,T0004509,P000017,4,43.77,175.08
TI00013562,T0004510,P000014,2,24.75,49.5
TI00013563,T0004510,P000015,1,49.37,49.37
TI00013564,T0004510,P000018,2,32.67,65.34
TI00013565,T0004510,P000005,2,49.07,98.14
TI00013566,T0004510,P000006,1,9.16,9.16
TI00013567,T0004511,P000009,4,33.09,132.36
TI00013568,T0004512,P000013,3,13.19,39.57
TI00013569,T0004513,P000003,1,10.3,10.3
TI00013570,T0004513,P000017,4,43.77,175.08
TI00013571,T0004513,P000019,1,32.28,32.28
TI00013572,T0004514,P000017,3,43.77,131.31
TI00013573,T0004514,P000007,1,44.35,44.35
TI00013574,T0004514,P000011,3,19.19,57.57
TI00013575,T0004515,P000004,1,39.36,39.36
TI00013576,T0004516,P000018,1,32.67,32.67
TI00013577,T0004516,P000007,1,44.35,44.35
TI00013578,T0004516,P000015,2,49.37,98.74
TI00013579,T0004517,P000010,4,43.23,172.92
TI00013580,T0004517,P000018,1,32.67,32.67
TI00013581,T0004517,P000001,2,27.25,54.5
TI00013582,T0004518,P000006,4,9.16,36.64
TI00013583,T0004519,P000002,3,56.39,169.17
TI00013584,T0004520,P000008,2,52.62,105.24
TI00013585,T0004521,P000011,1,19.19,19.19
TI00013586,T0004522,P000001,2,27.25,54.5
TI00013587,T0004522,P000003,4,10.3,41.2
TI00013588,T0004522,P000002,2,56.39,112.78
TI00013589,T0004522,P000016,3,49.09,147.27
TI00013590,T0004523,P000020,2,58.91,117.82
TI00013591,T0004523,P000013,2,13.19,26.38
TI00013592,T0004523,P000012,3,42.38,127.14
TI00013593,T0004523,P000002,2,56.39,112.78
TI00013594,T0004524,P000007,4,44.35,177.4
TI00013595,T0004524,P000018,3,32.67,98.01
TI00013596,T0004524,P000008,2,52.62,105.24
TI00013597,T0004524,P000015,1,49.37,49.37
TI00013598,T0004524,P000005,2,49.07,98.14
TI00013599,T0004525,P000010,2,43.23,86.46
TI00013600,T0004525,P000008,3,52.62,157.86
TI00013601,T0004526,P000009,3,33.09,99.27
TI00013602,T0004527,P000002,2,56.39,112.78
TI00013603,T0004527,P000013,4,13.19,52.76
TI00013604,T0004527,P000018,1,32.67,32.67
TI00013605,T0004528,P000013,2,13.19,26.38
TI00013606,T0004528,P000002,3,56.39,169.17
TI00013607,T0004528,P000006,3,9.16,27.48
TI00013608,T0004528,P000008,2,52.62,105.24
TI00013609,T0004529,P000005,1,49.07,49.07
TI00013610,T0004530,P000007,1,44.35,44.35
TI00013611,T0004530,P000020,2,58.91,117.82
TI00013612,T0004530,P000018,4,32.67,130.68
TI00013613,T0004530,P000013,3,13.19,39.57
TI00013614,T0004531,P000014,2,24.75,49.5
TI00013615,T0004532,P000013,2,13.19,26.38
TI00013616,T0004532,P000004,3,39.36,118.08
TI00013617,T0004533,P000011,1,19.19,19.19
TI00013618,T0004533,P000018,2,32.67,65.34
TI00013619,T0004533,P000014,3,24.75,74.25
TI00013620,T0004533,P000013,3,13.19,39.57
TI00013621,T0004534,P000003,4,10.3,41.2
TI00013622,T0004534,P000012,2,42.38,84.76
TI00013623,T0004534,P000006,4,9.16,36.64
TI00013624,T0004535,P000004,2,39.36,78.72
TI00013625,T0004536,P000015,4,49.37,197.48
TI00013626,T0004536,P000014,1,24.75,24.75
TI00013627,T0004536,P000013,3,13.19,39.57
TI00013628,T0004537,P000008,4,52.62,210.48
TI00013629,T0004537,P000009,4,33.09,132.36
TI00013630,T0004537,P000001,2,27.25,54.5
TI00013631,T0004537,P000012,1,42.38,42.38
TI00013632,T0004537,P000014,4,24.75,99.0
TI00013633,T0004538,P000002,4,56.39,225.56
TI00013634,T0004538,P000003,1,10.3,10.3
TI00013635,T0004538,P000016,3,49.09,147.27
TI00013636,T0004538,P000004,2,39.36,78.72
TI00013637,T0004539,P000017,3,43.77,131.31
TI00013638,T0004539,P000004,2,39.36,78.72
TI00013639,T0004539,P000014,4,24.75,99.0
TI00013640,T0004539,P000009,1,33.09,33.09
TI00013641,T0004539,P000019,3,32.28,96.84
TI00013642,T0004540,P000019,4,32.28,129.12
TI00013643,T0004540,P000003,1,10.3,10.3
TI00013644,T0004540,P000011,3,19.19,57.57
TI00013645,T0004541,P000012,3,42.38,127.14
TI00013646,T0004541,P000013,4,13.19,52.76
TI00013647,T0004541,P000016,4,49.09,196.36
TI00013648,T0004541,P000003,1,10.3,10.3
TI00013649,T0004541,P000002,4,56.39,225.56
TI00013650,T0004542,P000016,3,49.09,147.27
TI00013651,T0004542,P000010,3,43.23,129.69
TI00013652,T0004542,P000014,3,24.75,74.25
TI00013653,T0004542,P000007,4,44.35,177.4
TI00013654,T0004542,P000012,1,42.38,42.38
TI00013655,T0004543,P000011,3,19.19,57.57
TI00013656,T0004543,P000013,2,13.19,26.38
TI00013657,T0004543,P000015,3,49.37,148.11
TI00013658,T0004544,P000007,3,44.35,133.05
TI00013659,T0004544,P000017,4,43.77,175.08
TI00013660,T0004544,P000008,2,52.62,105.24
TI00013661,T0004544,P000016,2,49.09,98.18
TI00013662,T0004544,P000018,3,32.67,98.01
TI00013663,T0004545,P000019,1,32.28,32.28
TI00013664,T0004545,P000016,2,49.09,98.18
TI00013665,T0004545,P000006,3,9.16,27.48
TI00013666,T0004546,P000008,3,52.62,157.86
TI00013667,T0004546,P000014,2,24.75,49.5
TI00013668,T0004546,P000016,3,49.09,147.27
TI00013669,T0004547,P000007,1,44.35,44.35
TI00013670,T0004547,P000003,2,10.3,20.6
TI00013671,T0004547,P000010,1,43.23,43.23
TI00013672,T0004547,P000012,4,42.38,169.52
TI00013673,T0004547,P000011,1,19.19,19.19
TI00013674,T0004548,P000017,4,43.77,175.08
TI00013675,T0004549,P000007,2,44.35,88.7
TI00013676,T0004549,P000002,2,56.39,112.78
TI00013677,T0004549,P000016,4,49.09,196.36
TI00013678,T0004549,P000003,2,10.3,20.6
TI00013679,T0004549,P000009,4,33.09,132.36
TI00013680,T0004550,P000016,3,49.09,147.27
TI00013681,T0004550,P000004,3,39.36,118.08
TI00013682,T0004550,P000009,3,33.09,99.27
TI00013683,T0004551,P000012,3,42.38,127.14
TI00013684,T0004551,P000017,3,43.77,131.31
TI00013685,T0004551,P000016,2,49.09,98.18
TI00013686,T0004551,P000005,2,49.07,98.14
TI00013687,T0004551,P000004,3,39.36,118.08
TI00013688,T0004552,P000015,2,49.37,98.74
TI00013689,T0004553,P000008,2,52.62,105.24
TI00013690,T0004553,P000004,2,39.36,78.72
TI00013691,T0004553,P000016,1,49.09,49.09
TI00013692,T0004553,P000007,2,44.35,88.7
TI00013693,T0004553,P000003,4,10.3,41.2
TI00013694,T0004554,P000006,4,9.16,36.64
TI00013695,T0004554,P000002,4,56.39,225.56
TI00013696,T0004554,P000018,4,32.67,130.68
TI00013697,T0004554,P000010,4,43.23,172.92
TI00013698,T0004555,P000006,1,9.16,9.16
TI00013699,T0004556,P000001,1,27.25,27.25
TI00013700,T0004556,P000002,1,56.39,56.39
TI00013701,T0004556,P000014,4,24.75,99.0
TI00013702,T0004556,P000013,4,13.19,52.76
TI00013703,T0004556,P000012,4,42.38,169.52
TI00013704,T0004557,P000008,3,52.62,157.86
TI00013705,T0004558,P000001,4,27.25,109.0
TI00013706,T0004558,P000008,3,52.62,157.86
TI00013707,T0004558,P000005,2,49.07,98.14
TI00013708,T0004559,P000019,3,32.28,96.84
TI00013709,T0004559,P000010,4,43.23,172.92
TI00013710,T0004559,P000009,3,33.09,99.27
TI00013711,T0004560,P000015,3,49.37,148.11
TI00013712,T0004560,P000008,3,52.62,157.86
TI00013713,T0004560,P000003,2,10.3,20.6
TI00013714,T0004560,P000011,2,19.19,38.38
TI00013715,T0004561,P000016,1,49.09,49.09
TI00013716,T0004561,P000017,2,43.77,87.54
TI00013717,T0004562,P000012,1,42.38,42.38
TI00013718,T0004562,P000007,3,44.35,133.05
TI00013719,T0004562,P000006,2,9.16,18.32
TI00013720,T0004562,P000015,4,49.37,197.48
TI00013721,T0004563,P000010,2,43.23,86.46
TI00013722,T0004564,P000003,4,10.3,41.2
TI00013723,T0004564,P000013,1,13.19,13.19
TI00013724,T0004565,P000015,3,49.37,148.11
TI00013725,T0004566,P000019,4,32.28,129.12
TI00013726,T0004566,P000005,3,49.07,147.21
TI00013727,T0004566,P000012,3,42.38,127.14
TI00013728,T0004566,P000001,3,27.25,81.75
TI00013729,T0004566,P000020,2,58.91,117.82
TI00013730,T0004567,P000018,1,32.67,32.67
TI00013731,T0004567,P000001,4,27.25,109.0
TI00013732,T0004567,P000019,3,32.28,96.84
TI00013733,T0004567,P000002,3,56.39,169.17
TI00013734,T0004568,P000007,1,44.35,44.35
TI00013735,T0004568,P000014,3,24.75,74.25
TI00013736,T0004568,P000002,2,56.39,112.78
TI00013737,T0004568,P000019,3,32.28,96.84
TI00013738,T0004569,P000002,2,56.39,112.78
TI00013739,T0004570,P000020,4,58.91,235.64
TI00013740,T0004571,P000015,2,49.37,98.74
TI00013741,T0004571,P000016,3,49.09,147.27
TI00013742,T0004572,P000015,2,49.37,98.74
TI00013743,T0004573,P000015,4,49.37,197.48
TI00013744,T0004574,P000012,3,42.38,127.14
TI00013745,T0004574,P000018,2,32.67,65.34
TI00013746,T0004574,P000017,4,43.77,175.08
TI00013747,T0004574,P000015,4,49.37,197.48
TI00013748,T0004574,P000011,2,19.19,38.38
TI00013749,T0004575,P000017,1,43.77,43.77
TI00013750,T0004576,P000011,1,19.19,19.19
TI00013751,T0004576,P000017,2,43.77,87.54
TI00013752,T0004576,P000001,4,27.25,109.0
TI00013753,T0004576,P000008,1,52.62,52.62
TI00013754,T0004576,P000020,3,58.91,176.73
TI00013755,T0004577,P000014,1,24.75,24.75
TI00013756,T0004578,P000001,2,27.25,54.5
TI00013757,T0004578,P000017,1,43.77,43.77
TI00013758,T0004578,P000018,1,32.67,32.67
TI00013759,T0004579,P000010,3,43.23,129.69
TI00013760,T0004579,P000003,4,10.3,41.2
TI00013761,T0004579,P000019,3,32.28,96.84
TI00013762,T0004579,P000018,3,32.67,98.01
TI00013763,T0004580,P000013,3,13.19,39.57
TI00013764,T0004580,P000011,4,19.19,76.76
TI00013765,T0004580,P000006,3,9.16,27.48
TI00013766,T0004580,P000001,1,27.25,27.25
TI00013767,T0004581,P000004,4,39.36,157.44
TI00013768,T0004581,P000001,1,27.25,27.25
TI00013769,T0004581,P000007,4,44.35,177.4
TI00013770,T0004581,P000010,1,43.23,43.23
TI00013771,T0004582,P000007,4,44.35,177.4
TI00013772,T0004582,P000010,2,43.23,86.46
TI00013773,T0004582,P000011,2,19.19,38.38
TI00013774,T0004583,P000013,3,13.19,39.57
TI00013775,T0004584,P000006,4,9.16,36.64
TI00013776,T0004585,P000013,1,13.19,13.19
TI00013777,T0004586,P000012,2,42.38,84.76
TI00013778,T0004586,P000005,4,49.07,196.28
TI00013779,T0004586,P000017,4,43.77,175.08
TI00013780,T0004586,P000016,3,49.09,147.27
TI00013781,T0004587,P000018,1,32.67,32.67
TI00013782,T0004587,P000008,1,52.62,52.62
TI00013783,T0004587,P000009,1,33.09,33.09
TI00013784,T0004587,P000012,4,42.38,169.52
TI00013785,T0004587,P000007,4,44.35,177.4
TI00013786,T0004588,P000011,1,19.19,19.19
TI00013787,T0004589,P000006,3,9.16,27.48
TI00013788,T0004589,P000014,2,24.75,49.5
TI00013789,T0004589,P000020,1,58.91,58.91
TI00013790,T0004589,P000016,4,49.09,196.36
TI00013791,T0004589,P000008,2,52.62,105.24
TI00013792,T0004590,P000002,1,56.39,56.39
TI00013793,T0004590,P000009,4,33.09,132.36
TI00013794,T0004590,P000020,3,58.91,176.73
TI00013795,T0004591,P000005,4,49.07,196.28
TI00013796,T0004591,P000011,2,19.19,38.38
TI00013797,T0004591,P000008,1,52.62,52.62
TI00013798,T0004592,P000005,1,49.07,49.07
TI00013799,T0004592,P000019,4,32.28,129.12
TI00013800,T0004593,P000017,2,43.77,87.54
TI00013801,T0004593,P000001,3,27.25,81.75
TI00013802,T0004593,P000013,1,13.19,13.19
TI00013803,T0004594,P000017,2,43.77,87.54
TI00013804,T0004594,P000013,2,13.19,26.38
TI00013805,T0004594,P000004,2,39.36,78.72
TI00013806,T0004595,P000020,3,58.91,176.73
TI00013807,T0004596,P000016,4,49.09,196.36
TI00013808,T0004596,P000009,2,33.09,66.18
TI00013809,T0004596,P000012,4,42.38,169.52
TI00013810,T0004596,P000008,2,52.62,105.24
TI00013811,T0004597,P000010,1,43.23,43.23
TI00013812,T0004597,P000012,2,42.38,84.76
TI00013813,T0004597,P000008,1,52.62,52.62
TI00013814,T0004597,P000011,1,19.19,19.19
TI00013815,T0004598,P000004,4,39.36,157.44
TI00013816,T0004598,P000008,4,52.62,210.48
TI00013817,T0004598,P000001,1,27.25,27.25
TI00013818,T0004598,P000016,2,49.09,98.18
TI00013819,T0004599,P000007,2,44.35,88.7
TI00013820,T0004599,P000020,1,58.91,58.91
TI00013821,T0004600,P000009,3,33.09,99.27
TI00013822,T0004600,P000017,3,43.77,131.31
TI00013823,T0004600,P000014,4,24.75,99.0
TI00013824,T0004600,P000002,4,56.39,225.56
TI00013825,T0004601,P000013,2,13.19,26.38
TI00013826,T0004601,P000009,1,33.09,33.09
TI00013827,T0004601,P000010,2,43.23,86.46
TI00013828,T0004601,P000015,4,49.37,197.48
TI00013829,T0004601,P000001,1,27.25,27.25
TI00013830,T0004602,P000007,4,44.35,177.4
TI00013831,T0004602,P000010,2,43.23,86.46
TI00013832,T0004602,P000004,4,39.36,157.44
TI00013833,T0004602,P000001,3,27.25,81.75
TI00013834,T0004603,P000008,4,52.62,210.48
TI00013835,T0004604,P000005,4,49.07,196.28
TI00013836,T0004604,P000001,4,27.25,109.0
TI00013837,T0004604,P000018,4,32.67,130.68
TI00013838,T0004605,P000017,3,43.77,131.31
TI00013839,T0004605,P000005,3,49.07,147.21
TI00013840,T0004605,P000004,3,39.36,118.08
TI00013841,T0004605,P000007,3,44.35,133.05
TI00013842,T0004605,P000019,1,32.28,32.28
TI00013843,T0004606,P000018,1,32.67,32.67
TI00013844,T0004606,P000001,1,27.25,27.25
TI00013845,T0004606,P000002,3,56.39,169.17
TI00013846,T0004606,P000004,4,39.36,157.44
TI00013847,T0004606,P000003,2,10.3,20.6
TI00013848,T0004607,P000010,1,43.23,43.23
TI00013849,T0004607,P000005,3,49.07,147.21
TI00013850,T0004607,P000001,3,27.25,81.75
TI00013851,T0004607,P000018,3,32.67,98.01
TI00013852,T0004607,P000006,2,9.16,18.32
TI00013853,T0004608,P000006,3,9.16,27.48
TI00013854,T0004608,P000007,3,44.35,133.05
TI00013855,T0004608,P000008,1,52.62,52.62
TI00013856,T0004609,P000012,2,42.38,84.76
TI00013857,T0004610,P000008,1,52.62,52.62
TI00013858,T0004610,P000019,3,32.28,96.84
TI00013859,T0004610,P000006,4,9.16,36.64
TI00013860,T0004610,P000004,1,39.36,39.36
TI00013861,T0004610,P000010,1,43.23,43.23
TI00013862,T0004611,P000011,1,19.19,19.19
TI00013863,T0004611,P000001,1,27.25,27.25
TI00013864,T0004611,P000010,4,43.23,172.92
TI00013865,T0004612,P000011,1,19.19,19.19
TI00013866,T0004612,P000005,4,49.07,196.28
TI00013867,T0004612,P000002,2,56.39,112.78
TI00013868,T0004612,P000019,1,32.28,32.28
TI00013869,T0004612,P000009,1,33.09,33.09
TI00013870,T0004613,P000017,1,43.77,43.77
TI00013871,T0004613,P000009,3,33.09,99.27
TI00013872,T0004614,P000007,2,44.35,88.7
TI00013873,T0004614,P000008,3,52.62,157.86
TI00013874,T0004614,P000006,2,9.16,18.32
TI00013875,T0004615,P000014,2,24.75,49.5
TI00013876,T0004616,P000010,4,43.23,172.92
TI00013877,T0004617,P000013,3,13.19,39.57
TI00013878,T0004617,P000012,3,42.38,127.14
TI00013879,T0004617,P000016,2,49.09,98.18
TI00013880,T0004618,P000019,1,32.28,32.28
TI00013881,T0004618,P000006,3,9.16,27.48
TI00013882,T0004618,P000013,1,13.19,13.19
TI00013883,T0004618,P000003,2,10.3,20.6
TI00013884,T0004618,P000016,2,49.09,98.18
TI00013885,T0004619,P000007,1,44.35,44.35
TI00013886,T0004619,P000002,1,56.39,56.39
TI00013887,T0004619,P000018,3,32.67,98.01
TI00013888,T0004619,P000015,2,49.37,98.74
TI00013889,T0004620,P000009,4,33.09,132.36
TI00013890,T0004620,P000011,2,19.19,38.38
TI00013891,T0004620,P000008,1,52.62,52.62
TI00013892,T0004620,P000018,4,32.67,130.68
TI00013893,T0004621,P000013,3,13.19,39.57
TI00013894,T0004621,P000006,1,9.16,9.16
TI00013895,T0004622,P000009,1,33.09,33.09
TI00013896,T0004622,P000020,2,58.91,117.82
TI00013897,T0004622,P000007,1,44.35,44.35
TI00013898,T0004622,P000010,2,43.23,86.46
TI00013899,T0004623,P000003,4,10.3,41.2
TI00013900,T0004623,P000014,3,24.75,74.25
TI00013901,T0004624,P000011,3,19.19,57.57
TI00013902,T0004624,P000005,4,49.07,196.28
TI00013903,T0004625,P000011,4,19.19,76.76
TI00013904,T0004625,P000014,4,24.75,99.0
TI00013905,T0004625,P000006,2,9.16,18.32
TI00013906,T0004625,P000018,2,32.67,65.34
TI00013907,T0004626,P000004,2,39.36,78.72
TI00013908,T0004626,P000012,2,42.38,84.76
TI00013909,T0004626,P000006,2,9.16,18.32
TI00013910,T0004626,P000011,2,19.19,38.38
TI00013911,T0004626,P000016,1,49.09,49.09
TI00013912,T0004627,P000014,1,24.75,24.75
TI00013913,T0004628,P000018,2,32.67,65.34
TI00013914,T0004628,P000019,1,32.28,32.28
TI00013915,T0004628,P000017,1,43.77,43.77
TI00013916,T0004628,P000001,2,27.25,54.5
TI00013917,T0004629,P000008,4,52.62,210.48
TI00013918,T0004630,P000005,2,49.07,98.14
TI00013919,T0004630,P000011,2,19.19,38.38
TI00013920,T0004630,P000003,3,10.3,30.9
TI00013921,T0004630,P000020,1,58.91,58.91
TI00013922,T0004631,P000005,3,49.07,147.21
TI00013923,T0004631,P000006,2,9.16,18.32
TI00013924,T0004631,P000008,4,52.62,210.48
TI00013925,T0004631,P000009,3,33.09,99.27
TI00013926,T0004632,P000002,1,56.39,56.39
TI00013927,T0004632,P000006,1,9.16,9.16
TI00013928,T0004632,P000019,1,32.28,32.28
TI00013929,T0004633,P000019,4,32.28,129.12
TI00013930,T0004633,P000018,4,32.67,130.68
TI00013931,T0004634,P000005,1,49.07,49.07
TI00013932,T0004635,P000005,1,49.07,49.07
TI00013933,T0004635,P000004,2,39.36,78.72
TI00013934,T0004635,P000016,4,49.09,196.36
TI00013935,T0004636,P000005,1,49.07,49.07
TI00013936,T0004636,P000002,3,56.39,169.17
TI00013937,T0004637,P000002,2,56.39,112.78
TI00013938,T0004637,P000016,3,49.09,147.27
TI00013939,T0004637,P000011,1,19.19,19.19
TI00013940,T0004638,P000002,3,56.39,169.17
TI00013941,T0004638,P000017,2,43.77,87.54
TI00013942,T0004638,P000013,4,13.19,52.76
TI00013943,T0004639,P000018,3,32.67,98.01
TI00013944,T0004639,P000019,3,32.28,96.84
TI00013945,T0004640,P000001,1,27.25,27.25
TI00013946,T0004641,P000004,1,39.36,39.36
TI00013947,T0004641,P000012,2,42.38,84.76
TI00013948,T0004641,P000006,1,9.16,9.16
TI00013949,T0004642,P000011,4,19.19,76.76
TI00013950,T0004642,P000017,3,43.77,131.31
TI00013951,T0004642,P000005,1,49.07,49.07
TI00013952,T0004643,P000018,4,32.67,130.68
TI00013953,T0004643,P000015,2,49.37,98.74
TI00013954,T0004643,P000005,2,49.07,98.14
TI00013955,T0004643,P000011,2,19.19,38.38
TI00013956,T0004643,P000003,2,10.3,20.6
TI00013957,T0004644,P000007,4,44.35,177.4
TI00013958,T0004644,P000017,4,43.77,175.08
TI00013959,T0004644,P000020,4,58.91,235.64
TI00013960,T0004644,P000003,4,10.3,41.2
TI00013961,T0004644,P000012,2,42.38,84.76
TI00013962,T0004645,P000001,1,27.25,27.25
TI00013963,T0004645,P000013,2,13.19,26.38
TI00013964,T0004645,P000020,4,58.91,235.64
TI00013965,T0004645,P000008,1,52.62,52.62
TI00013966,T0004645,P000010,1,43.23,43.23
TI00013967,T0004646,P000003,3,10.3,30.9
TI00013968,T0004647,P000002,4,56.39,225.56
TI00013969,T0004647,P000018,1,32.67,32.67
TI00013970,T0004647,P000013,3,13.19,39.57
TI00013971,T0004647,P000005,2,49.07,98.14
TI00013972,T0004648,P000020,2,58.91,117.82
TI00013973,T0004648,P000015,1,49.37,49.37
TI00013974,T0004649,P000011,2,19.19,38.38
TI00013975,T0004650,P000014,1,24.75,24.75
TI00013976,T0004650,P000017,3,43.77,131.31
TI00013977,T0004650,P000020,1,58.91,58.91
TI00013978,T0004650,P000001,4,27.25,109.0
TI00013979,T0004651,P000006,3,9.16,27.48
TI00013980,T0004651,P000010,1,43.23,43.23
TI00013981,T0004651,P000013,4,13.19,52.76
TI00013982,T0004651,P000014,1,24.75,24.75
TI00013983,T0004652,P000012,4,42.38,169.52
TI00013984,T0004652,P000015,3,49.37,148.11
TI00013985,T0004652,P000007,2,44.35,88.7
TI00013986,T0004653,P000018,3,32.67,98.01
TI00013987,T0004653,P000015,3,49.37,148.11
TI00013988,T0004653,P000010,3,43.23,129.69
TI00013989,T0004653,P000005,3,49.07,147.21
TI00013990,T0004654,P000009,3,33.09,99.27
TI00013991,T0004655,P000006,2,9.16,18.32
TI00013992,T0004655,P000003,1,10.3,10.3
TI00013993,T0004655,P000008,3,52.62,157.86
TI00013994,T0004656,P000015,1,49.37,49.37
TI00013995,T0004656,P000018,2,32.67,65.34
TI00013996,T0004656,P000011,1,19.19,19.19
TI00013997,T0004657,P000019,4,32.28,129.12
TI00013998,T0004657,P000017,1,43.77,43.77
TI00013999,T0004658,P000014,3,24.75,74.25
TI00014000,T0004658,P000016,1,49.09,49.09
TI00014001,T0004658,P000018,4,32.67,130.68
TI00014002,T0004658,P000008,4,52.62,210.48
TI00014003,T0004658,P000010,2,43.23,86.46
TI00014004,T0004659,P000011,2,19.19,38.38
TI00014005,T0004660,P000017,1,43.77,43.77
TI00014006,T0004660,P000012,1,42.38,42.38
TI00014007,T0004661,P000004,2,39.36,78.72
TI00014008,T0004661,P000017,4,43.77,175.08
TI00014009,T0004662,P000013,4,13.19,52.76
TI00014010,T0004662,P000002,3,56.39,169.17
TI00014011,T0004662,P000003,3,10.3,30.9
TI00014012,T0004663,P000014,4,24.75,99.0
TI00014013,T0004663,P000017,2,43.77,87.54
TI00014014,T0004663,P000012,4,42.38,169.52
TI00014015,T0004663,P000011,3,19.19,57.57
TI00014016,T0004663,P000013,4,13.19,52.76
TI00014017,T0004664,P000002,4,56.39,225.56
TI00014018,T0004664,P000017,2,43.77,87.54
TI00014019,T0004664,P000010,2,43.23,86.46
TI00014020,T0004664,P000004,4,39.36,157.44
TI00014021,T0004664,P000001,2,27.25,54.5
TI00014022,T0004665,P000003,3,10.3,30.9
TI00014023,T0004665,P000017,2,43.77,87.54
TI00014024,T0004665,P000018,4,32.67,130.68
TI00014025,T0004665,P000011,3,19.19,57.57
TI00014026,T0004665,P000001,1,27.25,27.25
TI00014027,T0004666,P000002,2,56.39,112.78
TI00014028,T0004667,P000017,3,43.77,131.31
TI00014029,T0004667,P000005,4,49.07,196.28
TI00014030,T0004667,P000020,1,58.91,58.91
TI00014031,T0004668,P000010,3,43.23,129.69
TI00014032,T0004668,P000005,4,49.07,196.28
TI00014033,T0004668,P000017,2,43.77,87.54
TI00014034,T0004669,P000011,1,19.19,19.19
TI00014035,T0004670,P000006,2,9.16,18.32
TI00014036,T0004670,P000013,3,13.19,39.57
TI00014037,T0004671,P000015,3,49.37,148.11
TI00014038,T0004671,P000020,3,58.91,176.73
TI00014039,T0004671,P000010,2,43.23,86.46
TI00014040,T0004671,P000018,2,32.67,65.34
TI00014041,T0004672,P000007,1,44.35,44.35
TI00014042,T0004673,P000005,3,49.07,147.21
TI00014043,T0004673,P000019,1,32.28,32.28
TI00014044,T0004673,P000001,1,27.25,27.25
TI00014045,T0004674,P000016,2,49.09,98.18
TI00014046,T0004674,P000015,4,49.37,197.48
TI00014047,T0004675,P000002,2,56.39,112.78
TI00014048,T0004675,P000015,1,49.37,49.37
TI00014049,T0004676,P000008,3,52.62,157.86
TI00014050,T0004676,P000012,2,42.38,84.76
TI00014051,T0004676,P000013,3,13.19,39.57
TI00014052,T0004676,P000009,2,33.09,66.18
TI00014053,T0004676,P000010,4,43.23,172.92
TI00014054,T0004677,P000007,4,44.35,177.4
TI00014055,T0004678,P000005,2,49.07,98.14
TI00014056,T0004678,P000014,2,24.75,49.5
TI00014057,T0004679,P000009,1,33.09,33.09
TI00014058,T0004679,P000012,3,42.38,127.14
TI00014059,T0004679,P000011,3,19.19,57.57
TI00014060,T0004679,P000013,1,13.19,13.19
TI00014061,T0004680,P000013,1,13.19,13.19
TI00014062,T0004680,P000017,3,43.77,131.31
TI00014063,T0004680,P000005,1,49.07,49.07
TI00014064,T0004680,P000001,4,27.25,109.0
TI00014065,T0004681,P000017,3,43.77,131.31
TI00014066,T0004682,P000017,1,43.77,43.77
TI00014067,T0004682,P000011,4,19.19,76.76
TI00014068,T0004682,P000005,2,49.07,98.14
TI00014069,T0004683,P000006,1,9.16,9.16
TI00014070,T0004684,P000005,3,49.07,147.21
TI00014071,T0004684,P000001,3,27.25,81.75
TI00014072,T0004684,P000013,1,13.19,13.19
TI00014073,T0004684,P000014,2,24.75,49.5
TI00014074,T0004684,P000010,3,43.23,129.69
TI00014075,T0004685,P000009,2,33.09,66.18
TI00014076,T0004685,P000004,4,39.36,157.44
TI00014077,T0004685,P000017,3,43.77,131.31
TI00014078,T0004685,P000019,3,32.28,96.84
TI00014079,T0004686,P000008,4,52.62,210.48
TI00014080,T0004687,P000011,1,19.19,19.19
TI00014081,T0004687,P000010,4,43.23,172.92
TI00014082,T0004688,P000016,4,49.09,196.36
TI00014083,T0004689,P000002,3,56.39,169.17
TI00014084,T0004690,P000017,3,43.77,131.31
TI00014085,T0004690,P000006,2,9.16,18.32
TI00014086,T0004691,P000003,2,10.3,20.6
TI00014087,T0004691,P000017,2,43.77,87.54
TI00014088,T0004691,P000010,3,43.23,129.69
TI00014089,T0004691,P000012,3,42.38,127.14
TI00014090,T0004691,P000013,2,13.19,26.38
TI00014091,T0004692,P000002,4,56.39,225.56
TI00014092,T0004692,P000003,1,10.3,10.3
TI00014093,T0004692,P000018,3,32.67,98.01
TI00014094,T0004692,P000010,4,43.23,172.92
TI00014095,T0004693,P000018,2,32.67,65.34
TI00014096,T0004693,P000009,3,33.09,99.27
TI00014097,T0004694,P000019,2,32.28,64.56
TI00014098,T0004694,P000013,4,13.19,52.76
TI00014099,T0004694,P000004,3,39.36,118.08
TI00014100,T0004695,P000011,4,19.19,76.76
TI00014101,T0004695,P000009,2,33.09,66.18
TI00014102,T0004696,P000017,4,43.77,175.08
TI00014103,T0004696,P000005,1,49.07,49.07
TI00014104,T0004696,P000001,3,27.25,81.75
TI00014105,T0004696,P000015,4,49.37,197.48
TI00014106,T0004696,P000020,2,58.91,117.82
TI00014107,T0004697,P000007,3,44.35,133.05
TI00014108,T0004698,P000006,1,9.16,9.16
TI00014109,T0004698,P000007,4,44.35,177.4
TI00014110,T0004698,P000003,2,10.3,20.6
TI00014111,T0004698,P000010,1,43.23,43.23
TI00014112,T0004698,P000013,1,13.19,13.19
TI00014113,T0004699,P000004,1,39.36,39.36
TI00014114,T0004699,P000001,1,27.25,27.25
TI00014115,T0004699,P000003,4,10.3,41.2
TI00014116,T0004700,P000008,1,52.62,52.62
TI00014117,T0004700,P000015,2,49.37,98.74
TI00014118,T0004701,P000012,1,42.38,42.38
TI00014119,T0004701,P000006,3,9.16,27.48
TI00014120,T0004701,P000015,4,49.37,197.48
TI00014121,T0004701,P000016,2,49.09,98.18
TI00014122,T0004701,P000005,2,49.07,98.14
TI00014123,T0004702,P000001,3,27.25,81.75
TI00014124,T0004702,P000007,1,44.35,44.35
TI00014125,T0004702,P000003,1,10.3,10.3
TI00014126,T0004702,P000014,4,24.75,99.0
TI00014127,T0004702,P000010,2,43.23,86.46
TI00014128,T0004703,P000010,4,43.23,172.92
TI00014129,T0004703,P000009,4,33.09,132.36
TI00014130,T0004703,P000005,4,49.07,196.28
TI00014131,T0004703,P000011,3,19.19,57.57
TI00014132,T0004703,P000013,2,13.19,26.38
TI00014133,T0004704,P000008,1,52.62,52.62
TI00014134,T0004704,P000017,1,43.77,43.77
TI00014135,T0004704,P000015,1,49.37,49.37
TI00014136,T0004704,P000006,4,9.16,36.64
TI00014137,T0004705,P000018,2,32.67,65.34
TI00014138,T0004705,P000007,2,44.35,88.7
TI00014139,T0004705,P000002,4,56.39,225.56
TI00014140,T0004706,P000018,4,32.67,130.68
TI00014141,T0004707,P000009,1,33.09,33.09
TI00014142,T0004707,P000005,3,49.07,147.21
TI00014143,T0004707,P000001,3,27.25,81.75
TI00014144,T0004707,P000015,1,49.37,49.37
TI00014145,T0004707,P000008,4,52.62,210.48
TI00014146,T0004708,P000018,3,32.67,98.01
TI00014147,T0004708,P000014,2,24.75,49.5
TI00014148,T0004709,P000005,3,49.07,147.21
TI00014149,T0004710,P000005,4,49.07,196.28
TI00014150,T0004710,P000011,3,19.19,57.57
TI00014151,T0004710,P000015,3,49.37,148.11
TI00014152,T0004711,P000019,4,32.28,129.12
TI00014153,T0004711,P000008,4,52.62,210.48
TI00014154,T0004712,P000020,2,58.91,117.82
TI00014155,T0004712,P000015,1,49.37,49.37
TI00014156,T0004712,P000008,4,52.62,210.48
TI00014157,T0004712,P000017,1,43.77,43.77
TI00014158,T0004713,P000009,4,33.09,132.36
TI00014159,T0004714,P000019,2,32.28,64.56
TI00014160,T0004715,P000009,1,33.09,33.09
TI00014161,T0004715,P000013,3,13.19,39.57
TI00014162,T0004716,P000005,2,49.07,98.14
TI00014163,T0004716,P000013,3,13.19,39.57
TI00014164,T0004716,P000014,4,24.75,99.0
TI00014165,T0004717,P000009,2,33.09,66.18
TI00014166,T0004717,P000018,1,32.67,32.67
TI00014167,T0004717,P000012,4,42.38,169.52
TI00014168,T0004717,P000014,4,24.75,99.0
TI00014169,T0004718,P000010,4,43.23,172.92
TI00014170,T0004719,P000015,2,49.37,98.74
TI00014171,T0004720,P000002,2,56.39,112.78
TI00014172,T0004720,P000012,1,42.38,42.38
TI00014173,T0004720,P000008,2,52.62,105.24
TI00014174,T0004721,P000011,3,19.19,57.57
TI00014175,T0004721,P000016,3,49.09,147.27
TI00014176,T0004721,P000020,4,58.91,235.64
TI00014177,T0004722,P000002,4,56.39,225.56
TI00014178,T0004722,P000015,3,49.37,148.11
TI00014179,T0004723,P000010,1,43.23,43.23
TI00014180,T0004723,P000014,1,24.75,24.75
TI00014181,T0004724,P000005,2,49.07,98.14
TI00014182,T0004724,P000008,3,52.62,157.86
TI00014183,T0004724,P000002,3,56.39,169.17
TI00014184,T0004724,P000001,3,27.25,81.75
TI00014185,T0004724,P000020,4,58.91,235.64
TI00014186,T0004725,P000016,2,49.09,98.18
TI00014187,T0004725,P000008,2,52.62,105.24
TI00014188,T0004726,P000007,1,44.35,44.35
TI00014189,T0004726,P000017,2,43.77,87.54
TI00014190,T0004727,P000003,3,10.3,30.9
TI00014191,T0004728,P000016,3,49.09,147.27
TI00014192,T0004729,P000008,1,52.62,52.62
TI00014193,T0004729,P000019,3,32.28,96.84
TI00014194,T0004729,P000014,3,24.75,74.25
TI00014195,T0004729,P000004,4,39.36,157.44
TI00014196,T0004730,P000003,3,10.3,30.9
TI00014197,T0004731,P000014,1,24.75,24.75
TI00014198,T0004732,P000003,4,10.3,41.2
TI00014199,T0004732,P000010,4,43.23,172.92
TI00014200,T0004732,P000007,4,44.35,177.4
TI00014201,T0004732,P000012,1,42.38,42.38
TI00014202,T0004732,P000006,4,9.16,36.64
TI00014203,T0004733,P000020,2,58.91,117.82
TI00014204,T0004734,P000014,1,24.75,24.75
TI00014205,T0004734,P000008,3,52.62,157.86
TI00014206,T0004734,P000019,3,32.28,96.84
TI00014207,T0004734,P000001,2,27.25,54.5
TI00014208,T0004734,P000012,2,42.38,84.76
TI00014209,T0004735,P000005,3,49.07,147.21
TI00014210,T0004736,P000015,2,49.37,98.74
TI00014211,T0004736,P000010,2,43.23,86.46
TI00014212,T0004736,P000004,2,39.36,78.72
TI00014213,T0004736,P000003,3,10.3,30.9
TI00014214,T0004736,P000008,1,52.62,52.62
TI00014215,T0004737,P000020,1,58.91,58.91
TI00014216,T0004737,P000019,2,32.28,64.56
TI00014217,T0004737,P000003,1,10.3,10.3
TI00014218,T0004737,P000013,3,13.19,39.57
TI00014219,T0004738,P000009,2,33.09,66.18
TI00014220,T0004738,P000014,2,24.75,49.5
TI00014221,T0004739,P000009,1,33.09,33.09
TI00014222,T0004739,P000016,3,49.09,147.27
TI00014223,T0004739,P000003,4,10.3,41.2
TI00014224,T0004739,P000008,2,52.62,105.24
TI00014225,T0004740,P000001,3,27.25,81.75
TI00014226,T0004740,P000007,2,44.35,88.7
TI00014227,T0004741,P000008,1,52.62,52.62
TI00014228,T0004741,P000002,1,56.39,56.39
TI00014229,T0004741,P000006,2,9.16,18.32
TI00014230,T0004742,P000005,4,49.07,196.28
TI00014231,T0004742,P000006,3,9.16,27.48
TI00014232,T0004742,P000011,3,19.19,57.57
TI00014233,T0004742,P000007,4,44.35,177.4
TI00014234,T0004743,P000009,2,33.09,66.18
TI00014235,T0004744,P000009,1,33.09,33.09
TI00014236,T0004745,P000009,3,33.09,99.27
TI00014237,T0004745,P000017,4,43.77,175.08
TI00014238,T0004745,P000011,2,19.19,38.38
TI00014239,T0004746,P000012,2,42.38,84.76
TI00014240,T0004746,P000007,4,44.35,177.4
TI00014241,T0004746,P000006,3,9.16,27.48
TI00014242,T0004746,P000018,1,32.67,32.67
TI00014243,T0004747,P000014,2,24.75,49.5
TI00014244,T0004747,P000015,2,49.37,98.74
TI00014245,T0004747,P000018,3,32.67,98.01
TI00014246,T0004748,P000014,3,24.75,74.25
TI00014247,T0004748,P000007,4,44.35,177.4
TI00014248,T0004749,P000015,3,49.37,148.11
TI00014249,T0004750,P000003,3,10.3,30.9
TI00014250,T0004750,P000020,3,58.91,176.73
TI00014251,T0004750,P000008,1,52.62,52.62
TI00014252,T0004750,P000009,4,33.09,132.36
TI00014253,T0004751,P000010,1,43.23,43.23
TI00014254,T0004752,P000016,4,49.09,196.36
TI00014255,T0004752,P000002,1,56.39,56.39
TI00014256,T0004752,P000008,3,52.62,157.86
TI00014257,T0004752,P000010,2,43.23,86.46
TI00014258,T0004752,P000007,4,44.35,177.4
TI00014259,T0004753,P000002,1,56.39,56.39
TI00014260,T0004753,P000007,3,44.35,133.05
TI00014261,T0004754,P000014,3,24.75,74.25
TI00014262,T0004754,P000015,4,49.37,197.48
TI00014263,T0004754,P000005,2,49.07,98.14
TI00014264,T0004755,P000013,1,13.19,13.19
TI00014265,T0004755,P000010,2,43.23,86.46
TI00014266,T0004755,P000009,3,33.09,99.27
TI00014267,T0004755,P000020,1,58.91,58.91
TI00014268,T0004755,P000001,3,27.25,81.75
TI00014269,T0004756,P000007,3,44.35,133.05
TI00014270,T0004756,P000003,1,10.3,10.3
TI00014271,T0004756,P000020,3,58.91,176.73
TI00014272,T0004756,P000014,1,24.75,24.75
TI00014273,T0004757,P000014,2,24.75,49.5
TI00014274,T0004758,P000002,3,56.39,169.17
TI00014275,T0004759,P000007,4,44.35,177.4
TI00014276,T0004759,P000015,3,49.37,148.11
TI00014277,T0004759,P000008,2,52.62,105.24
TI00014278,T0004759,P000001,3,27.25,81.75
TI00014279,T0004759,P000016,4,49.09,196.36
TI00014280,T0004760,P000018,4,32.67,130.68
TI00014281,T0004761,P000005,1,49.07,49.07
TI00014282,T0004761,P000014,4,24.75,99.0
TI00014283,T0004761,P000006,2,9.16,18.32
TI00014284,T0004761,P000011,3,19.19,57.57
TI00014285,T0004762,P000016,1,49.09,49.09
TI00014286,T0004762,P000008,3,52.62,157.86
TI00014287,T0004762,P000020,3,58.91,176.73
TI00014288,T0004763,P000001,3,27.25,81.75
TI00014289,T0004764,P000001,4,27.25,109.0
TI00014290,T0004764,P000012,2,42.38,84.76
TI00014291,T0004764,P000018,3,32.67,98.01
TI00014292,T0004764,P000002,2,56.39,112.78
TI00014293,T0004765,P000013,3,13.19,39.57
TI00014294,T0004765,P000018,1,32.67,32.67
TI00014295,T0004765,P000008,3,52.62,157.86
TI00014296,T0004765,P000014,2,24.75,49.5
TI00014297,T0004765,P000003,2,10.3,20.6
TI00014298,T0004766,P000020,4,58.91,235.64
TI00014299,T0004766,P000004,2,39.36,78.72
TI00014300,T0004766,P000002,2,56.39,112.78
TI00014301,T0004767,P000003,4,10.3,41.2
TI00014302,T0004767,P000002,1,56.39,56.39
TI00014303,T0004768,P000015,1,49.37,49.37
TI00014304,T0004769,P000017,3,43.77,131.31
TI00014305,T0004770,P000019,3,32.28,96.84
TI00014306,T0004770,P000008,2,52.62,105.24
TI00014307,T0004770,P000017,1,43.77,43.77
TI00014308,T0004771,P000011,4,19.19,76.76
TI00014309,T0004771,P000014,2,24.75,49.5
TI00014310,T0004771,P000005,4,49.07,196.28
TI00014311,T0004771,P000016,2,49.09,98.18
TI00014312,T0004772,P000008,1,52.62,52.62
TI00014313,T0004773,P000015,2,49.37,98.74
TI00014314,T0004773,P000019,4,32.28,129.12
TI00014315,T0004773,P000001,3,27.25,81.75
TI00014316,T0004773,P000006,4,9.16,36.64
TI00014317,T0004773,P000005,4,49.07,196.28
TI00014318,T0004774,P000002,1,56.39,56.39
TI00014319,T0004774,P000013,3,13.19,39.57
TI00014320,T0004775,P000015,4,49.37,197.48
TI00014321,T0004775,P000005,1,49.07,49.07
TI00014322,T0004775,P000006,2,9.16,18.32
TI00014323,T0004776,P000007,2,44.35,88.7
TI00014324,T0004776,P000001,2,27.25,54.5
TI00014325,T0004776,P000017,2,43.77,87.54
TI00014326,T0004776,P000020,1,58.91,58.91
TI00014327,T0004776,P000005,4,49.07,196.28
TI00014328,T0004777,P000010,3,43.23,129.69
TI00014329,T0004777,P000002,3,56.39,169.17
TI00014330,T0004777,P000012,3,42.38,127.14
TI00014331,T0004777,P000019,4,32.28,129.12
TI00014332,T0004777,P000020,2,58.91,117.82
TI00014333,T0004778,P000011,1,19.19,19.19
TI00014334,T0004778,P000002,2,56.39,112.78
TI00014335,T0004778,P000014,4,24.75,99.0
TI00014336,T0004779,P000013,3,13.19,39.57
TI00014337,T0004779,P000018,1,32.67,32.67
TI00014338,T0004780,P000009,2,33.09,66.18
TI00014339,T0004780,P000019,1,32.28,32.28
TI00014340,T0004781,P000006,3,9.16,27.48
TI00014341,T0004781,P000012,2,42.38,84.76
TI00014342,T0004782,P000005,2,49.07,98.14
TI00014343,T0004782,P000018,3,32.67,98.01
TI00014344,T0004782,P000004,4,39.36,157.44
TI00014345,T0004783,P000020,4,58.91,235.64
TI00014346,T0004784,P000010,4,43.23,172.92
TI00014347,T0004784,P000017,1,43.77,43.77
TI00014348,T0004784,P000013,3,13.19,39.57
TI00014349,T0004784,P000001,3,27.25,81.75
TI00014350,T0004784,P000002,3,56.39,169.17
TI00014351,T0004785,P000008,1,52.62,52.62
TI00014352,T0004786,P000008,3,52.62,157.86
TI00014353,T0004786,P000011,4,19.19,76.76
TI00014354,T0004787,P000010,4,43.23,172.92
TI00014355,T0004788,P000002,1,56.39,56.39
TI00014356,T0004789,P000015,4,49.37,197.48
TI00014357,T0004789,P000018,2,32.67,65.34
TI00014358,T0004789,P000012,4,42.38,169.52
TI00014359,T0004789,P000016,2,49.09,98.18
TI00014360,T0004790,P000014,3,24.75,74.25
TI00014361,T0004790,P000016,1,49.09,49.09
TI00014362,T0004790,P000006,1,9.16,9.16
TI00014363,T0004790,P000010,1,43.23,43.23
TI00014364,T0004791,P000006,4,9.16,36.64
TI00014365,T0004791,P000014,2,24.75,49.5
TI00014366,T0004792,P000002,1,56.39,56.39
TI00014367,T0004792,P000007,4,44.35,177.4
TI00014368,T0004793,P000012,4,42.38,169.52
TI00014369,T0004793,P000008,4,52.62,210.48
TI00014370,T0004793,P000011,1,19.19,19.19
TI00014371,T0004793,P000005,4,49.07,196.28
TI00014372,T0004794,P000020,3,58.91,176.73
TI00014373,T0004794,P000004,3,39.36,118.08
TI00014374,T0004795,P000016,4,49.09,196.36
TI00014375,T0004795,P000006,2,9.16,18.32
TI00014376,T0004796,P000017,4,43.77,175.08
TI00014377,T0004796,P000007,3,44.35,133.05
TI00014378,T0004796,P000002,4,56.39,225.56
TI00014379,T0004796,P000008,1,52.62,52.62
TI00014380,T0004797,P000012,2,42.38,84.76
TI00014381,T0004797,P000019,3,32.28,96.84
TI00014382,T0004797,P000015,4,49.37,197.48
TI00014383,T0004798,P000008,4,52.62,210.48
TI00014384,T0004798,P000004,3,39.36,118.08
TI00014385,T0004799,P000001,4,27.25,109.0
TI00014386,T0004799,P000004,1,39.36,39.36
TI00014387,T0004799,P000015,3,49.37,148.11
TI00014388,T0004799,P000003,2,10.3,20.6
TI00014389,T0004799,P000019,2,32.28,64.56
TI00014390,T0004800,P000004,1,39.36,39.36
TI00014391,T0004800,P000010,1,43.23,43.23
TI00014392,T0004800,P000011,4,19.19,76.76
TI00014393,T0004801,P000008,3,52.62,157.86
TI00014394,T0004801,P000012,1,42.38,42.38
TI00014395,T0004802,P000003,2,10.3,20.6
TI00014396,T0004802,P000020,2,58.91,117.82
TI00014397,T0004802,P000014,1,24.75,24.75
TI00014398,T0004803,P000006,4,9.16,36.64
TI00014399,T0004803,P000003,4,10.3,41.2
TI00014400,T0004803,P000005,4,49.07,196.28
TI00014401,T0004803,P000010,4,43.23,172.92
TI00014402,T0004804,P000010,3,43.23,129.69
TI00014403,T0004804,P000013,3,13.19,39.57
TI00014404,T0004804,P000011,3,19.19,57.57
TI00014405,T0004804,P000018,4,32.67,130.68
TI00014406,T0004804,P000007,1,44.35,44.35
TI00014407,T0004805,P000019,4,32.28,129.12
TI00014408,T0004806,P000001,4,27.25,109.0
TI00014409,T0004806,P000003,4,10.3,41.2
TI00014410,T0004806,P000017,4,43.77,175.08
TI00014411,T0004807,P000006,3,9.16,27.48
TI00014412,T0004807,P000018,2,32.67,65.34
TI00014413,T0004808,P000010,3,43.23,129.69
TI00014414,T0004808,P000016,1,49.09,49.09
TI00014415,T0004809,P000013,2,13.19,26.38
TI00014416,T0004809,P000010,2,43.23,86.46
TI00014417,T0004809,P000003,4,10.3,41.2
TI00014418,T0004809,P000008,4,52.62,210.48
TI00014419,T0004810,P000004,4,39.36,157.44
TI00014420,T0004810,P000005,2,49.07,98.14
TI00014421,T0004810,P000019,1,32.28,32.28
TI00014422,T0004810,P000012,3,42.38,127.14
TI00014423,T0004810,P000015,1,49.37,49.37
TI00014424,T0004811,P000003,1,10.3,10.3
TI00014425,T0004812,P000018,4,32.67,130.68
TI00014426,T0004812,P000014,3,24.75,74.25
TI00014427,T0004812,P000005,3,49.07,147.21
TI00014428,T0004812,P000010,1,43.23,43.23
TI00014429,T0004813,P000013,4,13.19,52.76
TI00014430,T0004813,P000004,4,39.36,157.44
TI00014431,T0004813,P000007,4,44.35,177.4
TI00014432,T0004813,P000006,4,9.16,36.64
TI00014433,T0004813,P000011,4,19.19,76.76
TI00014434,T0004814,P000009,1,33.09,33.09
TI00014435,T0004814,P000012,1,42.38,42.38
TI00014436,T0004814,P000010,1,43.23,43.23
TI00014437,T0004814,P000007,3,44.35,133.05
TI00014438,T0004815,P000002,4,56.39,225.56
TI00014439,T0004815,P000018,3,32.67,98.01
TI00014440,T0004815,P000004,3,39.36,118.08
TI00014441,T0004815,P000011,4,19.19,76.76
TI00014442,T0004816,P000005,4,49.07,196.28
TI00014443,T0004816,P000016,4,49.09,196.36
TI00014444,T0004816,P000020,1,58.91,58.91
TI00014445,T0004816,P000018,1,32.67,32.67
TI00014446,T0004816,P000003,4,10.3,41.2
TI00014447,T0004817,P000002,3,56.39,169.17
TI00014448,T0004817,P000010,2,43.23,86.46
TI00014449,T0004818,P000012,2,42.38,84.76
TI00014450,T0004818,P000001,3,27.25,81.75
TI00014451,T0004818,P000002,1,56.39,56.39
TI00014452,T0004818,P000013,1,13.19,13.19
TI00014453,T0004819,P000006,4,9.16,36.64
TI00014454,T0004819,P000010,2,43.23,86.46
TI00014455,T0004819,P000013,1,13.19,13.19
TI00014456,T0004819,P000003,3,10.3,30.9
TI00014457,T0004820,P000008,4,52.62,210.48
TI00014458,T0004821,P000015,4,49.37,197.48
TI00014459,T0004821,P000012,4,42.38,169.52
TI00014460,T0004821,P000020,4,58.91,235.64
TI00014461,T0004821,P000014,1,24.75,24.75
TI00014462,T0004821,P000010,1,43.23,43.23
TI00014463,T0004822,P000005,3,49.07,147.21
TI00014464,T0004822,P000016,3,49.09,147.27
TI00014465,T0004822,P000002,1,56.39,56.39
TI00014466,T0004822,P000009,1,33.09,33.09
TI00014467,T0004823,P000003,4,10.3,41.2
TI00014468,T0004823,P000011,1,19.19,19.19
TI00014469,T0004823,P000016,2,49.09,98.18
TI00014470,T0004823,P000017,1,43.77,43.77
TI00014471,T0004824,P000008,3,52.62,157.86
TI00014472,T0004824,P000010,4,43.23,172.92
TI00014473,T0004825,P000017,3,43.77,131.31
TI00014474,T0004825,P000009,2,33.09,66.18
TI00014475,T0004826,P000015,3,49.37,148.11
TI00014476,T0004826,P000002,3,56.39,169.17
TI00014477,T0004826,P000003,4,10.3,41.2
TI00014478,T0004827,P000019,2,32.28,64.56
TI00014479,T0004827,P000004,3,39.36,118.08
TI00014480,T0004827,P000018,3,32.67,98.01
TI00014481,T0004827,P000008,2,52.62,105.24
TI00014482,T0004827,P000015,2,49.37,98.74
TI00014483,T0004828,P000010,4,43.23,172.92
TI00014484,T0004828,P000018,1,32.67,32.67
TI00014485,T0004828,P000006,1,9.16,9.16
TI00014486,T0004828,P000008,4,52.62,210.48
TI00014487,T0004828,P000014,3,24.75,74.25
TI00014488,T0004829,P000014,2,24.75,49.5
TI00014489,T0004829,P000010,2,43.23,86.46
TI00014490,T0004829,P000018,4,32.67,130.68
TI00014491,T0004829,P000003,4,10.3,41.2
TI00014492,T0004829,P000002,1,56.39,56.39
TI00014493,T0004830,P000005,4,49.07,196.28
TI00014494,T0004830,P000007,4,44.35,177.4
TI00014495,T0004831,P000013,1,13.19,13.19
TI00014496,T0004831,P000012,3,42.38,127.14
TI00014497,T0004831,P000018,3,32.67,98.01
TI00014498,T0004831,P000005,1,49.07,49.07
TI00014499,T0004832,P000006,1,9.16,9.16
TI00014500,T0004832,P000018,2,32.67,65.34
TI00014501,T0004832,P000010,4,43.23,172.92
TI00014502,T0004832,P000012,2,42.38,84.76
TI00014503,T0004832,P000001,1,27.25,27.25
TI00014504,T0004833,P000018,3,32.67,98.01
TI00014505,T0004833,P000015,2,49.37,98.74
TI00014506,T0004833,P000003,2,10.3,20.6
TI00014507,T0004833,P000020,3,58.91,176.73
TI00014508,T0004833,P000012,1,42.38,42.38
TI00014509,T0004834,P000004,2,39.36,78.72
TI00014510,T0004834,P000014,2,24.75,49.5
TI00014511,T0004834,P000016,4,49.09,196.36
TI00014512,T0004834,P000010,3,43.23,129.69
TI00014513,T0004835,P000003,2,10.3,20.6
TI00014514,T0004835,P000014,1,24.75,24.75
TI00014515,T0004836,P000010,2,43.23,86.46
TI00014516,T0004837,P000014,3,24.75,74.25
TI00014517,T0004837,P000012,3,42.38,127.14
TI00014518,T0004837,P000006,4,9.16,36.64
TI00014519,T0004837,P000013,1,13.19,13.19
TI00014520,T0004837,P000009,3,33.09,99.27
TI00014521,T0004838,P000020,3,58.91,176.73
TI00014522,T0004838,P000010,2,43.23,86.46
TI00014523,T0004838,P000012,2,42.38,84.76
TI00014524,T0004839,P000020,3,58.91,176.73
TI00014525,T0004840,P000013,2,13.19,26.38
TI00014526,T0004840,P000019,4,32.28,129.12
TI00014527,T0004840,P000012,1,42.38,42.38
TI00014528,T0004841,P000008,3,52.62,157.86
TI00014529,T0004841,P000015,4,49.37,197.48
TI00014530,T0004842,P000011,4,19.19,76.76
TI00014531,T0004842,P000015,3,49.37,148.11
TI00014532,T0004842,P000013,1,13.19,13.19
TI00014533,T0004843,P000013,3,13.19,39.57
TI00014534,T0004843,P000012,3,42.38,127.14
TI00014535,T0004844,P000001,1,27.25,27.25
TI00014536,T0004844,P000015,1,49.37,49.37
TI00014537,T0004844,P000005,2,49.07,98.14
TI00014538,T0004844,P000009,4,33.09,132.36
TI00014539,T0004845,P000019,2,32.28,64.56
TI00014540,T0004845,P000010,1,43.23,43.23
TI00014541,T0004845,P000017,1,43.77,43.77
TI00014542,T0004845,P000007,2,44.35,88.7
TI00014543,T0004845,P000006,4,9.16,36.64
TI00014544,T0004846,P000013,3,13.19,39.57
TI00014545,T0004847,P000008,2,52.62,105.24
TI00014546,T0004848,P000012,1,42.38,42.38
TI00014547,T0004848,P000014,2,24.75,49.5
TI00014548,T0004849,P000011,4,19.19,76.76
TI00014549,T0004849,P000001,4,27.25,109.0
TI00014550,T0004850,P000018,1,32.67,32.67
TI00014551,T0004850,P000004,4,39.36,157.44
TI00014552,T0004850,P000011,4,19.19,76.76
TI00014553,T0004850,P000016,2,49.09,98.18
TI00014554,T0004851,P000012,3,42.38,127.14
TI00014555,T0004851,P000011,4,19.19,76.76
TI00014556,T0004851,P000009,2,33.09,66.18
TI00014557,T0004851,P000008,4,52.62,210.48
TI00014558,T0004852,P000011,4,19.19,76.76
TI00014559,T0004852,P000008,2,52.62,105.24
TI00014560,T0004852,P000015,4,49.37,197.48
TI00014561,T0004852,P000014,1,24.75,24.75
TI00014562,T0004853,P000014,2,24.75,49.5
TI00014563,T0004854,P000010,2,43.23,86.46
TI00014564,T0004854,P000020,4,58.91,235.64
TI00014565,T0004855,P000018,1,32.67,32.67
TI00014566,T0004855,P000010,4,43.23,172.92
TI00014567,T0004855,P000002,1,56.39,56.39
TI00014568,T0004855,P000007,1,44.35,44.35
TI00014569,T0004856,P000019,2,32.28,64.56
TI00014570,T0004856,P000001,4,27.25,109.0
TI00014571,T0004857,P000003,2,10.3,20.6
TI00014572,T0004857,P000004,3,39.36,118.08
TI00014573,T0004858,P000007,4,44.35,177.4
TI00014574,T0004859,P000015,3,49.37,148.11
TI00014575,T0004859,P000009,4,33.09,132.36
TI00014576,T0004859,P000013,3,13.19,39.57
TI00014577,T0004859,P000016,3,49.09,147.27
TI00014578,T0004859,P000010,3,43.23,129.69
TI00014579,T0004860,P000005,3,49.07,147.21
TI00014580,T0004860,P000006,1,9.16,9.16
TI00014581,T0004860,P000017,4,43.77,175.08
TI00014582,T0004860,P000019,4,32.28,129.12
TI00014583,T0004860,P000003,3,10.3,30.9
TI00014584,T0004861,P000017,3,43.77,131.31
TI00014585,T0004861,P000012,1,42.38,42.38
TI00014586,T0004861,P000015,1,49.37,49.37
TI00014587,T0004862,P000001,4,27.25,109.0
TI00014588,T0004862,P000007,2,44.35,88.7
TI00014589,T0004863,P000007,3,44.35,133.05
TI00014590,T0004863,P000003,1,10.3,10.3
TI00014591,T0004863,P000013,4,13.19,52.76
TI00014592,T0004863,P000014,3,24.75,74.25
TI00014593,T0004864,P000019,4,32.28,129.12
TI00014594,T0004864,P000001,2,27.25,54.5
TI00014595,T0004864,P000009,2,33.09,66.18
TI00014596,T0004865,P000015,3,49.37,148.11
TI00014597,T0004865,P000016,2,49.09,98.18
TI00014598,T0004865,P000017,2,43.77,87.54
TI00014599,T0004866,P000017,4,43.77,175.08
TI00014600,T0004866,P000013,4,13.19,52.76
TI00014601,T0004866,P000008,2,52.62,105.24
TI00014602,T0004866,P000020,3,58.91,176.73
TI00014603,T0004867,P000011,2,19.19,38.38
TI00014604,T0004867,P000014,3,24.75,74.25
TI00014605,T0004868,P000012,1,42.38,42.38
TI00014606,T0004868,P000014,3,24.75,74.25
TI00014607,T0004869,P000011,1,19.19,19.19
TI00014608,T0004870,P000009,3,33.09,99.27
TI00014609,T0004870,P000013,4,13.19,52.76
TI00014610,T0004870,P000020,3,58.91,176.73
TI00014611,T0004871,P000020,2,58.91,117.82
TI00014612,T0004871,P000017,2,43.77,87.54
TI00014613,T0004871,P000018,3,32.67,98.01
TI00014614,T0004872,P000002,2,56.39,112.78
TI00014615,T0004872,P000010,4,43.23,172.92
TI00014616,T0004872,P000016,3,49.09,147.27
TI00014617,T0004872,P000003,2,10.3,20.6
TI00014618,T0004873,P000011,4,19.19,76.76
TI00014619,T0004874,P000019,2,32.28,64.56
TI00014620,T0004874,P000015,4,49.37,197.48
TI00014621,T0004875,P000004,3,39.36,118.08
TI00014622,T0004876,P000008,2,52.62,105.24
TI00014623,T0004877,P000009,3,33.09,99.27
TI00014624,T0004877,P000001,3,27.25,81.75
TI00014625,T0004878,P000008,2,52.62,105.24
TI00014626,T0004878,P000005,3,49.07,147.21
TI00014627,T0004878,P000011,1,19.19,19.19
TI00014628,T0004879,P000015,3,49.37,148.11
TI00014629,T0004879,P000010,2,43.23,86.46
TI00014630,T0004879,P000014,3,24.75,74.25
TI00014631,T0004879,P000017,1,43.77,43.77
TI00014632,T0004879,P000012,2,42.38,84.76
TI00014633,T0004880,P000004,1,39.36,39.36
TI00014634,T0004880,P000019,1,32.28,32.28
TI00014635,T0004880,P000009,1,33.09,33.09
TI00014636,T0004881,P000001,2,27.25,54.5
TI00014637,T0004881,P000003,4,10.3,41.2
TI00014638,T0004881,P000005,1,49.07,49.07
TI00014639,T0004881,P000009,1,33.09,33.09
TI00014640,T0004882,P000014,4,24.75,99.0
TI00014641,T0004882,P000008,1,52.62,52.62
TI00014642,T0004882,P000013,3,13.19,39.57
TI00014643,T0004882,P000016,2,49.09,98.18
TI00014644,T0004883,P000011,3,19.19,57.57
TI00014645,T0004883,P000006,2,9.16,18.32
TI00014646,T0004883,P000001,4,27.25,109.0
TI00014647,T0004884,P000015,2,49.37,98.74
TI00014648,T0004885,P000016,1,49.09,49.09
TI00014649,T0004885,P000006,3,9.16,27.48
TI00014650,T0004886,P000002,4,56.39,225.56
TI00014651,T0004886,P000015,1,49.37,49.37
TI00014652,T0004886,P000010,2,43.23,86.46
TI00014653,T0004887,P000004,3,39.36,118.08
TI00014654,T0004887,P000007,4,44.35,177.4
TI00014655,T0004887,P000011,3,19.19,57.57
TI00014656,T0004887,P000019,4,32.28,129.12
TI00014657,T0004887,P000018,4,32.67,130.68
TI00014658,T0004888,P000014,4,24.75,99.0
TI00014659,T0004888,P000012,4,42.38,169.52
TI00014660,T0004888,P000020,1,58.91,58.91
TI00014661,T0004888,P000015,4,49.37,197.48
TI00014662,T0004889,P000019,4,32.28,129.12
TI00014663,T0004889,P000017,3,43.77,131.31
TI00014664,T0004889,P000004,1,39.36,39.36
TI00014665,T0004889,P000011,1,19.19,19.19
TI00014666,T0004890,P000003,3,10.3,30.9
TI00014667,T0004891,P000001,3,27.25,81.75
TI00014668,T0004892,P000003,3,10.3,30.9
TI00014669,T0004893,P000015,2,49.37,98.74
TI00014670,T0004893,P000010,4,43.23,172.92
TI00014671,T0004893,P000001,2,27.25,54.5
TI00014672,T0004893,P000007,4,44.35,177.4
TI00014673,T0004893,P000006,1,9.16,9.16
TI00014674,T0004894,P000007,2,44.35,88.7
TI00014675,T0004894,P000005,3,49.07,147.21
TI00014676,T0004894,P000019,2,32.28,64.56
TI00014677,T0004894,P000002,3,56.39,169.17
TI00014678,T0004895,P000018,1,32.67,32.67
TI00014679,T0004896,P000013,1,13.19,13.19
TI00014680,T0004896,P000018,2,32.67,65.34
TI00014681,T0004896,P000020,2,58.91,117.82
TI00014682,T0004896,P000014,2,24.75,49.5
TI00014683,T0004897,P000019,2,32.28,64.56
TI00014684,T0004897,P000018,1,32.67,32.67
TI00014685,T0004897,P000008,2,52.62,105.24
TI00014686,T0004898,P000003,2,10.3,20.6
TI00014687,T0004898,P000012,4,42.38,169.52
TI00014688,T0004899,P000018,4,32.67,130.68
TI00014689,T0004900,P000019,3,32.28,96.84
TI00014690,T0004900,P000005,4,49.07,196.28
TI00014691,T0004900,P000001,4,27.25,109.0
TI00014692,T0004901,P000012,3,42.38,127.14
TI00014693,T0004901,P000016,3,49.09,147.27
TI00014694,T0004902,P000007,4,44.35,177.4
TI00014695,T0004902,P000003,1,10.3,10.3
TI00014696,T0004903,P000010,4,43.23,172.92
TI00014697,T0004903,P000005,4,49.07,196.28
TI00014698,T0004903,P000002,2,56.39,112.78
TI00014699,T0004903,P000016,4,49.09,196.36
TI00014700,T0004904,P000005,4,49.07,196.28
TI00014701,T0004904,P000007,3,44.35,133.05
TI00014702,T0004904,P000002,2,56.39,112.78
TI00014703,T0004905,P000001,2,27.25,54.5
TI00014704,T0004905,P000002,1,56.39,56.39
TI00014705,T0004906,P000019,4,32.28,129.12
TI00014706,T0004906,P000005,4,49.07,196.28
TI00014707,T0004906,P000013,3,13.19,39.57
TI00014708,T0004907,P000010,3,43.23,129.69
TI00014709,T0004907,P000018,2,32.67,65.34
TI00014710,T0004908,P000018,1,32.67,32.67
TI00014711,T0004909,P000005,3,49.07,147.21
TI00014712,T0004909,P000008,1,52.62,52.62
TI00014713,T0004910,P000010,1,43.23,43.23
TI00014714,T0004910,P000005,3,49.07,147.21
TI00014715,T0004911,P000001,3,27.25,81.75
TI00014716,T0004911,P000003,2,10.3,20.6
TI00014717,T0004911,P000005,1,49.07,49.07
TI00014718,T0004911,P000010,1,43.23,43.23
TI00014719,T0004911,P000009,3,33.09,99.27
TI00014720,T0004912,P000018,4,32.67,130.68
TI00014721,T0004912,P000008,3,52.62,157.86
TI00014722,T0004912,P000011,3,19.19,57.57
TI00014723,T0004912,P000003,2,10.3,20.6
TI00014724,T0004913,P000003,4,10.3,41.2
TI00014725,T0004914,P000001,3,27.25,81.75
TI00014726,T0004914,P000019,3,32.28,96.84
TI00014727,T0004914,P000010,1,43.23,43.23
TI00014728,T0004915,P000016,1,49.09,49.09
TI00014729,T0004915,P000006,1,9.16,9.16
TI00014730,T0004915,P000008,2,52.62,105.24
TI00014731,T0004916,P000004,2,39.36,78.72
TI00014732,T0004916,P000010,2,43.23,86.46
TI00014733,T0004916,P000009,3,33.09,99.27
TI00014734,T0004916,P000011,4,19.19,76.76
TI00014735,T0004916,P000017,2,43.77,87.54
TI00014736,T0004917,P000006,2,9.16,18.32
TI00014737,T0004917,P000014,4,24.75,99.0
TI00014738,T0004918,P000015,2,49.37,98.74
TI00014739,T0004918,P000011,2,19.19,38.38
TI00014740,T0004918,P000006,1,9.16,9.16
TI00014741,T0004918,P000017,3,43.77,131.31
TI00014742,T0004918,P000018,2,32.67,65.34
TI00014743,T0004919,P000010,3,43.23,129.69
TI00014744,T0004919,P000012,4,42.38,169.52
TI00014745,T0004919,P000006,1,9.16,9.16
TI00014746,T0004919,P000002,4,56.39,225.56
TI00014747,T0004919,P000003,2,10.3,20.6
TI00014748,T0004920,P000017,3,43.77,131.31
TI00014749,T0004920,P000020,1,58.91,58.91
TI00014750,T0004920,P000001,3,27.25,81.75
TI00014751,T0004921,P000004,4,39.36,157.44
TI00014752,T0004921,P000003,1,10.3,10.3
TI00014753,T0004921,P000011,2,19.19,38.38
TI00014754,T0004922,P000018,3,32.67,98.01
TI00014755,T0004922,P000002,4,56.39,225.56
TI00014756,T0004922,P000020,3,58.91,176.73
TI00014757,T0004922,P000010,4,43.23,172.92
TI00014758,T0004922,P000005,3,49.07,147.21
TI00014759,T0004923,P000013,2,13.19,26.38
TI00014760,T0004923,P000002,3,56.39,169.17
TI00014761,T0004923,P000004,4,39.36,157.44
TI00014762,T0004923,P000007,3,44.35,133.05
TI00014763,T0004924,P000013,2,13.19,26.38
TI00014764,T0004924,P000010,4,43.23,172.92
TI00014765,T0004924,P000009,1,33.09,33.09
TI00014766,T0004925,P000019,3,32.28,96.84
TI00014767,T0004925,P000012,1,42.38,42.38
TI00014768,T0004926,P000008,2,52.62,105.24
TI00014769,T0004926,P000016,4,49.09,196.36
TI00014770,T0004926,P000009,1,33.09,33.09
TI00014771,T0004926,P000019,1,32.28,32.28
TI00014772,T0004926,P000012,1,42.38,42.38
TI00014773,T0004927,P000012,1,42.38,42.38
TI00014774,T0004928,P000018,2,32.67,65.34
TI00014775,T0004928,P000015,1,49.37,49.37
TI00014776,T0004929,P000003,4,10.3,41.2
TI00014777,T0004929,P000005,2,49.07,98.14
TI00014778,T0004929,P000004,4,39.36,157.44
TI00014779,T0004929,P000007,3,44.35,133.05
TI00014780,T0004929,P000010,4,43.23,172.92
TI00014781,T0004930,P000009,2,33.09,66.18
TI00014782,T0004930,P000004,1,39.36,39.36
TI00014783,T0004931,P000014,1,24.75,24.75
TI00014784,T0004932,P000009,3,33.09,99.27
TI00014785,T0004932,P000002,4,56.39,225.56
TI00014786,T0004932,P000017,2,43.77,87.54
TI00014787,T0004932,P000006,3,9.16,27.48
TI00014788,T0004932,P000013,1,13.19,13.19
TI00014789,T0004933,P000012,1,42.38,42.38
TI00014790,T0004933,P000005,3,49.07,147.21
TI00014791,T0004933,P000004,2,39.36,78.72
TI00014792,T0004933,P000015,2,49.37,98.74
TI00014793,T0004934,P000003,1,10.3,10.3
TI00014794,T0004934,P000014,3,24.75,74.25
TI00014795,T0004935,P000006,2,9.16,18.32
TI00014796,T0004935,P000018,3,32.67,98.01
TI00014797,T0004936,P000019,1,32.28,32.28
TI00014798,T0004936,P000017,3,43.77,131.31
TI00014799,T0004937,P000015,1,49.37,49.37
TI00014800,T0004937,P000002,4,56.39,225.56
TI00014801,T0004938,P000013,2,13.19,26.38
TI00014802,T0004938,P000015,4,49.37,197.48
TI00014803,T0004938,P000001,3,27.25,81.75
TI00014804,T0004938,P000014,1,24.75,24.75
TI00014805,T0004939,P000018,2,32.67,65.34
TI00014806,T0004939,P000015,4,49.37,197.48
TI00014807,T0004939,P000019,3,32.28,96.84
TI00014808,T0004939,P000013,4,13.19,52.76
TI00014809,T0004939,P000010,1,43.23,43.23
TI00014810,T0004940,P000012,2,42.38,84.76
TI00014811,T0004940,P000019,3,32.28,96.84
TI00014812,T0004940,P000002,3,56.39,169.17
TI00014813,T0004941,P000009,2,33.09,66.18
TI00014814,T0004941,P000013,1,13.19,13.19
TI00014815,T0004942,P000015,2,49.37,98.74
TI00014816,T0004942,P000003,1,10.3,10.3
TI00014817,T0004943,P000003,3,10.3,30.9
TI00014818,T0004943,P000004,1,39.36,39.36
TI00014819,T0004944,P000003,2,10.3,20.6
TI00014820,T0004944,P000016,3,49.09,147.27
TI00014821,T0004945,P000015,1,49.37,49.37
TI00014822,T0004946,P000002,3,56.39,169.17
TI00014823,T0004946,P000003,1,10.3,10.3
TI00014824,T0004947,P000013,4,13.19,52.76
TI00014825,T0004947,P000009,1,33.09,33.09
TI00014826,T0004947,P000011,2,19.19,38.38
TI00014827,T0004947,P000016,1,49.09,49.09
TI00014828,T0004947,P000017,4,43.77,175.08
TI00014829,T0004948,P000004,4,39.36,157.44
TI00014830,T0004948,P000019,1,32.28,32.28
TI00014831,T0004948,P000008,1,52.62,52.62
TI00014832,T0004948,P000007,4,44.35,177.4
TI00014833,T0004948,P000011,1,19.19,19.19
TI00014834,T0004949,P000003,4,10.3,41.2
TI00014835,T0004949,P000018,3,32.67,98.01
TI00014836,T0004949,P000002,4,56.39,225.56
TI00014837,T0004949,P000017,2,43.77,87.54
TI00014838,T0004949,P000013,1,13.19,13.19
TI00014839,T0004950,P000002,4,56.39,225.56
TI00014840,T0004950,P000012,2,42.38,84.76
TI00014841,T0004950,P000017,4,43.77,175.08
TI00014842,T0004950,P000005,1,49.07,49.07
TI00014843,T0004950,P000011,3,19.19,57.57
TI00014844,T0004951,P000006,1,9.16,9.16
TI00014845,T0004952,P000006,1,9.16,9.16
TI00014846,T0004953,P000019,4,32.28,129.12
TI00014847,T0004953,P000020,1,58.91,58.91
TI00014848,T0004953,P000007,1,44.35,44.35
TI00014849,T0004953,P000005,1,49.07,49.07
TI00014850,T0004954,P000006,4,9.16,36.64
TI00014851,T0004954,P000014,2,24.75,49.5
TI00014852,T0004954,P000010,2,43.23,86.46
TI00014853,T0004955,P000002,2,56.39,112.78
TI00014854,T0004955,P000013,4,13.19,52.76
TI00014855,T0004955,P000015,3,49.37,148.11
TI00014856,T0004955,P000012,1,42.38,42.38
TI00014857,T0004956,P000008,1,52.62,52.62
TI00014858,T0004956,P000003,3,10.3,30.9
TI00014859,T0004956,P000007,3,44.35,133.05
TI00014860,T0004957,P000007,3,44.35,133.05
TI00014861,T0004957,P000003,4,10.3,41.2
TI00014862,T0004958,P000006,1,9.16,9.16
TI00014863,T0004958,P000005,1,49.07,49.07
TI00014864,T0004959,P000011,4,19.19,76.76
TI00014865,T0004959,P000014,3,24.75,74.25
TI00014866,T0004959,P000001,3,27.25,81.75
TI00014867,T0004959,P000006,4,9.16,36.64
TI00014868,T0004959,P000016,4,49.09,196.36
TI00014869,T0004960,P000018,1,32.67,32.67
TI00014870,T0004960,P000005,4,49.07,196.28
TI00014871,T0004960,P000003,1,10.3,10.3
TI00014872,T0004960,P000002,2,56.39,112.78
TI00014873,T0004961,P000010,4,43.23,172.92
TI00014874,T0004961,P000002,1,56.39,56.39
TI00014875,T0004961,P000008,4,52.62,210.48
TI00014876,T0004962,P000004,2,39.36,78.72
TI00014877,T0004962,P000014,1,24.75,24.75
TI00014878,T0004962,P000017,4,43.77,175.08
TI00014879,T0004962,P000001,1,27.25,27.25
TI00014880,T0004963,P000014,3,24.75,74.25
TI00014881,T0004963,P000019,3,32.28,96.84
TI00014882,T0004964,P000014,3,24.75,74.25
TI00014883,T0004964,P000010,3,43.23,129.69
TI00014884,T0004964,P000019,2,32.28,64.56
TI00014885,T0004964,P000018,4,32.67,130.68
TI00014886,T0004965,P000001,4,27.25,109.0
TI00014887,T0004965,P000006,1,9.16,9.16
TI00014888,T0004965,P000016,1,49.09,49.09
TI00014889,T0004966,P000012,3,42.38,127.14
TI00014890,T0004966,P000005,3,49.07,147.21
TI00014891,T0004967,P000017,4,43.77,175.08
TI00014892,T0004967,P000003,3,10.3,30.9
TI00014893,T0004967,P000015,3,49.37,148.11
TI00014894,T0004968,P000006,1,9.16,9.16
TI00014895,T0004968,P000014,3,24.75,74.25
TI00014896,T0004969,P000003,3,10.3,30.9
TI00014897,T0004970,P000010,2,43.23,86.46
TI00014898,T0004971,P000016,3,49.09,147.27
TI00014899,T0004971,P000001,2,27.25,54.5
TI00014900,T0004971,P000002,4,56.39,225.56
TI00014901,T0004972,P000017,2,43.77,87.54
TI00014902,T0004973,P000003,4,10.3,41.2
TI00014903,T0004973,P000011,3,19.19,57.57
TI00014904,T0004973,P000001,1,27.25,27.25
TI00014905,T0004973,P000013,4,13.19,52.76
TI00014906,T0004973,P000006,4,9.16,36.64
TI00014907,T0004974,P000009,3,33.09,99.27
TI00014908,T0004975,P000014,4,24.75,99.0
TI00014909,T0004975,P000007,4,44.35,177.4
TI00014910,T0004975,P000006,4,9.16,36.64
TI00014911,T0004976,P000005,2,49.07,98.14
TI00014912,T0004977,P000005,1,49.07,49.07
TI00014913,T0004977,P000009,3,33.09,99.27
TI00014914,T0004978,P000002,3,56.39,169.17
TI00014915,T0004978,P000015,4,49.37,197.48
TI00014916,T0004978,P000019,3,32.28,96.84
TI00014917,T0004978,P000004,2,39.36,78.72
TI00014918,T0004979,P000006,4,9.16,36.64
TI00014919,T0004979,P000019,3,32.28,96.84
TI00014920,T0004979,P000001,1,27.25,27.25
TI00014921,T0004980,P000020,4,58.91,235.64
TI00014922,T0004980,P000001,1,27.25,27.25
TI00014923,T0004980,P000013,1,13.19,13.19
TI00014924,T0004980,P000009,4,33.09,132.36
TI00014925,T0004980,P000008,2,52.62,105.24
TI00014926,T0004981,P000010,1,43.23,43.23
TI00014927,T0004981,P000018,3,32.67,98.01
TI00014928,T0004981,P000006,2,9.16,18.32
TI00014929,T0004982,P000001,4,27.25,109.0
TI00014930,T0004982,P000006,3,9.16,27.48
TI00014931,T0004982,P000007,4,44.35,177.4
TI00014932,T0004983,P000009,2,33.09,66.18
TI00014933,T0004983,P000017,3,43.77,131.31
TI00014934,T0004983,P000015,1,49.37,49.37
TI00014935,T0004983,P000014,1,24.75,24.75
TI00014936,T0004984,P000010,3,43.23,129.69
TI00014937,T0004984,P000020,4,58.91,235.64
TI00014938,T0004985,P000004,3,39.36,118.08
TI00014939,T0004985,P000017,1,43.77,43.77
TI00014940,T0004985,P000002,4,56.39,225.56
TI00014941,T0004985,P000013,2,13.19,26.38
TI00014942,T0004986,P000018,1,32.67,32.67
TI00014943,T0004986,P000009,1,33.09,33.09
TI00014944,T0004986,P000006,4,9.16,36.64
TI00014945,T0004987,P000017,1,43.77,43.77
TI00014946,T0004987,P000008,4,52.62,210.48
TI00014947,T0004987,P000015,1,49.37,49.37
TI00014948,T0004988,P000012,4,42.38,169.52
TI00014949,T0004988,P000003,1,10.3,10.3
TI00014950,T0004988,P000002,3,56.39,169.17
TI00014951,T0004988,P000017,1,43.77,43.77
TI00014952,T0004989,P000005,2,49.07,98.14
TI00014953,T0004990,P000010,1,43.23,43.23
TI00014954,T0004990,P000014,3,24.75,74.25
TI00014955,T0004990,P000003,4,10.3,41.2
TI00014956,T0004991,P000011,2,19.19,38.38
TI00014957,T0004991,P000008,3,52.62,157.86
TI00014958,T0004991,P000005,4,49.07,196.28
TI00014959,T0004991,P000016,4,49.09,196.36
TI00014960,T0004992,P000003,4,10.3,41.2
TI00014961,T0004992,P000006,3,9.16,27.48
TI00014962,T0004993,P000017,2,43.77,87.54
TI00014963,T0004993,P000005,1,49.07,49.07
TI00014964,T0004993,P000011,1,19.19,19.19
TI00014965,T0004993,P000020,1,58.91,58.91
TI00014966,T0004994,P000005,1,49.07,49.07
TI00014967,T0004994,P000012,4,42.38,169.52
TI00014968,T0004994,P000010,3,43.23,129.69
TI00014969,T0004994,P000009,4,33.09,132.36
TI00014970,T0004995,P000011,3,19.19,57.57
TI00014971,T0004995,P000015,3,49.37,148.11
TI00014972,T0004995,P000004,1,39.36,39.36
TI00014973,T0004995,P000010,1,43.23,43.23
TI00014974,T0004996,P000016,4,49.09,196.36
TI00014975,T0004996,P000011,2,19.19,38.38
TI00014976,T0004996,P000009,2,33.09,66.18
TI00014977,T0004996,P000014,3,24.75,74.25
TI00014978,T0004996,P000004,3,39.36,118.08
TI00014979,T0004997,P000007,1,44.35,44.35
TI00014980,T0004997,P000004,4,39.36,157.44
TI00014981,T0004998,P000011,4,19.19,76.76
TI00014982,T0004998,P000002,3,56.39,169.17
TI00014983,T0004998,P000016,3,49.09,147.27
TI00014984,T0004998,P000010,3,43.23,129.69
TI00014985,T0004999,P000008,4,52.62,210.48
TI00014986,T0004999,P000004,4,39.36,157.44
TI00014987,T0005000,P000007,3,44.35,133.05
